date,discharge_m3s
1994-07-16,4.76
1994-07-17,4.76
1994-07-18,4.76
1994-07-19,4.76
1994-07-20,4.76
1994-07-21,4.76
1994-07-22,4.76
1994-07-23,4.76
1994-07-24,4.5
1994-07-25,4.5
1994-07-26,4.5
1994-07-27,4.25
1994-07-28,4.25
1994-07-29,4.25
1994-07-30,4.25
1994-07-31,4.25
1994-08-01,4.25
1994-08-02,4.25
1994-08-03,4.25
1994-08-04,4.25
1994-08-05,4.02
1994-08-06,4.02
1994-08-07,3.8
1994-08-08,3.8
1994-08-09,3.8
1994-08-10,3.59
1994-08-11,3.59
1994-08-12,3.59
1994-08-13,3.4
1994-08-14,3.4
1994-08-15,3.4
1994-08-16,3.21
1994-08-17,3.21
1994-08-18,3.21
1994-08-19,3.4
1994-08-20,3.4
1994-08-21,3.4
1994-08-22,3.59
1994-08-23,3.59
1994-08-24,3.59
1994-08-25,3.59
1994-08-26,3.4
1994-08-27,3.4
1994-08-28,3.4
1994-08-29,3.4
1994-08-30,3.4
1994-08-31,3.4
1994-09-01,3.21
1994-09-02,3.21
1994-09-03,3.21
1994-09-04,3.21
1994-09-05,3.21
1994-09-06,3.21
1994-09-07,3.21
1994-09-08,3.21
1994-09-09,3.04
1994-09-10,3.04
1994-09-11,3.04
1994-09-12,3.04
1994-09-13,3.04
1994-09-14,3.04
1994-09-15,3.04
1994-09-16,3.04
1994-09-17,3.04
1994-09-18,3.04
1994-09-19,3.21
1994-09-20,3.21
1994-09-21,3.21
1994-09-22,3.04
1994-09-23,3.21
1994-09-24,3.4
1994-09-25,3.4
1994-09-26,3.4
1994-09-27,3.4
1994-09-28,3.59
1994-09-29,3.59
1994-09-30,3.59
1994-10-01,3.4
1994-10-02,3.4
1994-10-03,3.4
1994-10-04,3.4
1994-10-05,3.4
1994-10-06,3.59
1994-10-07,3.59
1994-10-08,3.59
1994-10-09,3.8
1994-10-10,3.8
1994-10-11,3.8
1994-10-12,3.59
1994-10-13,3.59
1994-10-14,3.59
1994-10-15,3.59
1994-10-16,3.59
1994-10-17,3.4
1994-10-18,3.4
1994-10-19,3.21
1994-10-20,3.21
1994-10-21,3.21
1994-10-22,3.21
1994-10-23,3.21
1994-10-24,3.21
1994-10-25,3.21
1994-10-26,3.21
1994-10-27,3.21
1994-10-28,3.21
1994-10-29,3.21
1994-10-30,3.4
1994-10-31,3.4
1994-11-01,3.4
1994-11-02,3.4
1994-11-03,3.4
1994-11-04,3.4
1994-11-05,3.4
1994-11-06,3.59
1994-11-07,3.59
1994-11-08,3.8
1994-11-09,4.25
1994-11-10,5.97
1994-11-11,5.97
1994-11-12,5.97
1994-11-13,6.67
1994-11-14,10.45
1994-11-15,14.63
1994-11-16,18.32
1994-11-17,11.05
1994-11-18,9.34
1994-11-19,8.34
1994-11-20,6.67
1994-11-21,5.96
1994-11-22,5.96
1994-11-23,5.32
1994-11-24,5.32
1994-11-25,5.03
1994-11-26,4.76
1994-11-27,4.76
1994-11-28,4.5
1994-11-29,4.25
1994-11-30,3.8
1994-12-01,3.8
1994-12-02,3.8
1994-12-03,3.59
1994-12-04,3.59
1994-12-05,3.4
1994-12-06,3.4
1994-12-07,3.21
1994-12-08,3.21
1994-12-09,3.21
1994-12-10,3.21
1994-12-11,3.8
1994-12-12,3.8
1994-12-13,8.34
1994-12-14,13.08
1994-12-15,11.69
1994-12-16,17.32
1994-12-17,45.0
1994-12-18,50.35
1994-12-19,50.35
1994-12-20,24.26
1994-12-21,18.32
1994-12-22,13.83
1994-12-23,11.69
1994-12-24,10.45
1994-12-25,10.45
1994-12-26,10.45
1994-12-27,10.45
1994-12-28,12.36
1994-12-29,13.83
1994-12-30,13.83
1994-12-31,13.83
1995-01-01,19.07
1995-01-02,16.29
1995-01-03,15.05
1995-01-04,22.34
1995-01-05,13.91
1995-01-06,10.14
1995-01-07,13.91
1995-01-08,22.34
1995-01-09,26.16
1995-01-10,19.07
1995-01-11,13.91
1995-01-12,10.97
1995-01-13,12.85
1995-01-14,20.64
1995-01-15,26.16
1995-01-16,17.62
1995-01-17,24.17
1995-01-18,38.82
1995-01-19,16.29
1995-01-20,17.62
1995-01-21,17.62
1995-01-22,17.62
1995-01-23,35.87
1995-01-24,15.05
1995-01-25,13.91
1995-01-26,10.97
1995-01-27,26.16
1995-01-28,57.62
1995-01-29,38.82
1995-01-30,42.01
1995-01-31,20.64
1995-02-01,14.31
1995-02-02,12.22
1995-02-03,10.43
1995-02-04,9.64
1995-02-05,8.23
1995-02-06,7.03
1995-02-07,7.03
1995-02-08,6.5
1995-02-09,5.55
1995-02-10,4.74
1995-02-11,4.38
1995-02-12,4.38
1995-02-13,3.45
1995-02-14,3.19
1995-02-15,3.74
1995-02-16,5.55
1995-02-17,8.91
1995-02-18,10.43
1995-02-19,16.76
1995-02-20,41.99
1995-02-21,45.93
1995-02-22,34.11
1995-02-23,40.02
1995-02-24,51.84
1995-02-25,59.72
1995-02-26,69.57
1995-02-27,81.39
1995-02-28,83.36
1995-03-01,89.27
1995-03-02,93.21
1995-03-03,93.21
1995-03-04,81.39
1995-03-05,65.63
1995-03-06,51.84
1995-03-07,43.96
1995-03-08,55.78
1995-03-09,61.69
1995-03-10,57.75
1995-03-11,65.63
1995-03-12,73.51
1995-03-13,65.63
1995-03-14,65.63
1995-03-15,69.57
1995-03-16,77.45
1995-03-17,91.24
1995-03-18,87.3
1995-03-19,57.75
1995-03-20,45.93
1995-03-21,43.96
1995-03-22,38.05
1995-03-23,38.05
1995-03-24,38.05
1995-03-25,53.81
1995-03-26,57.75
1995-03-27,69.57
1995-03-28,77.45
1995-03-29,55.78
1995-03-30,53.81
1995-03-31,53.81
1995-04-01,49.87
1995-04-02,41.99
1995-04-03,34.11
1995-04-04,26.23
1995-04-05,20.32
1995-04-06,18.35
1995-04-07,14.41
1995-04-08,14.41
1995-04-09,10.47
1995-04-10,6.53
1995-04-11,6.53
1995-04-12,12.67
1995-04-13,14.3
1995-04-14,15.85
1995-04-15,14.62
1995-04-16,13.99
1995-04-17,13.01
1995-04-18,12.67
1995-04-19,12.67
1995-04-20,12.67
1995-04-21,12.67
1995-04-22,12.67
1995-04-23,12.0
1995-04-24,11.3
1995-04-25,10.59
1995-04-26,10.23
1995-04-27,9.86
1995-04-28,9.86
1995-04-29,9.86
1995-04-30,9.86
1995-05-01,9.86
1995-05-02,9.49
1995-05-03,9.49
1995-05-04,9.49
1995-05-05,9.12
1995-05-06,9.12
1995-05-07,9.12
1995-05-08,8.73
1995-05-09,8.73
1995-05-10,8.35
1995-05-11,7.96
1995-05-12,7.56
1995-05-13,7.56
1995-05-14,7.16
1995-05-15,7.16
1995-05-16,7.16
1995-05-17,7.16
1995-05-18,6.75
1995-05-19,6.75
1995-05-20,6.75
1995-05-21,6.75
1995-05-22,6.75
1995-05-23,6.75
1995-05-24,6.34
1995-05-25,6.34
1995-05-26,6.34
1995-05-27,6.34
1995-05-28,5.92
1995-05-29,5.92
1995-05-30,5.92
1995-05-31,5.92
1995-06-01,4.04
1995-06-02,3.79
1995-06-03,3.79
1995-06-04,3.79
1995-06-05,3.79
1995-06-06,3.79
1995-06-07,3.79
1995-06-08,3.54
1995-06-09,3.54
1995-06-10,3.54
1995-06-11,3.54
1995-06-12,3.54
1995-06-13,3.54
1995-06-14,3.3
1995-06-15,3.3
1995-06-16,3.3
1995-06-17,3.3
1995-06-18,3.3
1995-06-19,3.3
1995-06-20,3.3
1995-06-21,3.3
1995-06-22,3.3
1995-06-23,3.3
1995-06-24,3.3
1995-06-25,3.3
1995-06-26,3.3
1995-06-27,3.3
1995-06-28,3.3
1995-06-29,3.3
1995-06-30,3.05
1995-07-01,3.05
1995-07-02,3.05
1995-07-03,3.05
1995-07-04,3.05
1995-07-05,3.05
1995-07-06,3.05
1995-07-07,3.05
1995-07-08,3.05
1995-07-09,3.05
1995-07-10,3.05
1995-07-11,3.05
1995-07-12,3.05
1995-07-13,3.05
1995-07-14,3.05
1995-07-15,3.05
1995-07-16,3.05
1995-07-17,2.81
1995-07-18,2.81
1995-07-19,2.81
1995-07-20,2.81
1995-07-21,2.81
1995-07-22,2.81
1995-07-23,2.81
1995-07-24,2.81
1995-07-25,2.81
1995-07-26,2.56
1995-07-27,2.56
1995-07-28,2.56
1995-07-29,2.56
1995-07-30,2.31
1995-07-31,2.31
1995-08-01,2.07
1995-08-02,2.07
1995-08-03,2.07
1995-08-04,2.07
1995-08-05,2.07
1995-08-06,2.07
1995-08-07,2.07
1995-08-08,2.07
1995-08-09,1.82
1995-08-10,1.82
1995-08-11,1.82
1995-08-12,1.82
1995-08-13,1.82
1995-08-14,1.82
1995-08-15,1.82
1995-08-16,1.82
1995-08-17,2.07
1995-08-18,2.07
1995-08-19,2.07
1995-08-20,2.07
1995-08-21,2.07
1995-08-22,2.07
1995-08-23,2.07
1995-08-24,2.07
1995-08-25,2.07
1995-08-26,2.07
1995-08-27,2.07
1995-08-28,1.82
1995-08-29,1.82
1995-08-30,1.82
1995-08-31,1.82
1995-09-01,1.82
1995-09-02,1.82
1995-09-03,1.82
1995-09-04,1.58
1995-09-05,1.58
1995-09-06,1.58
1995-09-07,1.58
1995-09-08,1.58
1995-09-09,1.58
1995-09-10,1.58
1995-09-11,1.58
1995-09-12,1.33
1995-09-13,1.33
1995-09-14,1.33
1995-09-15,1.33
1995-09-16,1.33
1995-09-17,1.33
1995-09-18,1.33
1995-09-19,1.33
1995-09-20,1.33
1995-09-21,1.33
1995-09-22,1.33
1995-09-23,1.33
1995-09-24,1.33
1995-09-25,1.33
1995-09-26,1.33
1995-09-27,1.33
1995-09-28,1.33
1995-09-29,1.33
1995-09-30,1.33
1995-10-01,1.09
1995-10-02,1.09
1995-10-03,1.09
1995-10-04,1.09
1995-10-05,1.09
1995-10-06,1.09
1995-10-07,1.09
1995-10-08,1.09
1995-10-09,1.09
1995-10-10,0.84
1995-10-11,0.84
1995-10-12,0.84
1995-10-13,0.84
1995-10-14,0.84
1995-10-15,0.84
1995-10-16,0.84
1995-10-17,0.59
1995-10-18,0.59
1995-10-19,0.59
1995-10-20,0.59
1995-10-21,0.59
1995-10-22,0.59
1995-10-23,0.59
1995-10-24,0.59
1995-10-25,0.59
1995-10-26,0.59
1995-10-27,0.59
1995-10-28,0.59
1995-10-29,0.35
1995-10-30,0.35
1995-10-31,0.35
1995-11-01,0.35
1995-11-02,0.35
1995-11-03,0.35
1995-11-04,0.35
1995-11-05,0.1
1995-11-06,0.1
1995-11-07,0.1
1995-11-08,0.1
1995-11-09,0.1
1995-11-10,0.35
1995-11-11,0.35
1995-11-12,0.35
1995-11-13,0.35
1995-11-14,0.35
1995-11-15,0.35
1995-11-16,0.84
1995-11-17,0.35
1995-11-18,0.35
1995-11-19,0.35
1995-11-20,1.82
1995-11-21,3.3
1995-11-22,3.54
1995-11-23,4.28
1995-11-24,4.04
1995-11-25,3.54
1995-11-26,2.56
1995-11-27,2.56
1995-11-28,2.07
1995-11-29,2.07
1995-11-30,2.07
1995-12-01,2.07
1995-12-02,2.07
1995-12-03,2.31
1995-12-04,2.56
1995-12-05,3.54
1995-12-06,3.54
1995-12-07,4.04
1995-12-08,3.54
1995-12-09,3.79
1995-12-10,4.04
1995-12-11,4.04
1995-12-12,3.79
1995-12-13,3.54
1995-12-14,3.3
1995-12-15,3.05
1995-12-16,2.56
1995-12-17,2.07
1995-12-18,1.82
1995-12-19,1.82
1995-12-20,1.58
1995-12-21,1.58
1995-12-22,1.58
1995-12-23,1.58
1995-12-24,1.58
1995-12-25,1.58
1995-12-26,3.05
1995-12-27,11.31
1995-12-28,22.99
1995-12-29,35.54
1995-12-30,37.21
1995-12-31,24.18
1996-01-01,20.75
1996-01-02,13.1
1996-01-03,12.18
1996-01-04,10.52
1996-01-05,8.37
1996-01-06,6.61
1996-01-07,5.61
1996-01-08,5.16
1996-01-09,4.74
1996-01-10,4.74
1996-01-11,4.35
1996-01-12,2.78
1996-01-13,4.35
1996-01-14,6.61
1996-01-15,9.04
1996-01-16,11.32
1996-01-17,19.86
1996-01-18,52.94
1996-01-19,62.55
1996-01-20,37.21
1996-01-21,30.87
1996-01-22,38.95
1996-01-23,35.54
1996-01-24,32.37
1996-01-25,92.61
1996-01-26,133.02
1996-01-27,107.41
1996-01-28,67.84
1996-01-29,50.73
1996-01-30,76.42
1996-01-31,137.71
1996-02-01,225.21
1996-02-02,192.24
1996-02-03,211.53
1996-02-04,124.0
1996-02-05,107.41
1996-02-06,79.47
1996-02-07,119.67
1996-02-08,79.47
1996-02-09,70.61
1996-02-10,96.15
1996-02-11,65.15
1996-02-12,50.73
1996-02-13,55.22
1996-02-14,85.84
1996-02-15,73.47
1996-02-16,50.73
1996-02-17,46.53
1996-02-18,42.61
1996-02-19,44.53
1996-02-20,44.53
1996-02-21,38.95
1996-02-22,38.95
1996-02-23,38.95
1996-02-24,48.59
1996-02-25,55.22
1996-02-26,99.79
1996-02-27,82.61
1996-02-28,76.42
1996-02-29,52.94
1996-03-01,73.47
1996-03-02,48.59
1996-03-03,38.95
1996-03-04,40.74
1996-03-05,38.95
1996-03-06,30.87
1996-03-07,26.7
1996-03-08,24.18
1996-03-09,21.85
1996-03-10,21.85
1996-03-11,21.22
1996-03-12,18.56
1996-03-13,16.18
1996-03-14,14.07
1996-03-15,12.18
1996-03-16,12.18
1996-03-17,11.32
1996-03-18,10.52
1996-03-19,10.52
1996-03-20,10.52
1996-03-21,10.52
1996-03-22,16.18
1996-03-23,37.21
1996-03-24,38.95
1996-03-25,42.61
1996-03-26,48.59
1996-03-27,40.74
1996-03-28,37.21
1996-03-29,55.22
1996-03-30,52.94
1996-03-31,40.74
1996-04-01,38.95
1996-04-02,35.54
1996-04-03,33.93
1996-04-04,30.87
1996-04-05,37.21
1996-04-06,50.73
1996-04-07,48.59
1996-04-08,38.95
1996-04-09,30.87
1996-04-10,21.22
1996-04-11,28.04
1996-04-12,37.21
1996-04-13,37.21
1996-04-14,35.54
1996-04-15,29.43
1996-04-16,25.42
1996-04-17,24.18
1996-04-18,22.99
1996-04-19,21.85
1996-04-20,21.85
1996-04-21,19.86
1996-04-22,18.56
1996-04-23,14.07
1996-04-24,13.1
1996-04-25,13.1
1996-04-26,12.18
1996-04-27,11.32
1996-04-28,11.32
1996-04-29,11.32
1996-04-30,11.32
1996-05-01,11.32
1996-05-02,11.32
1996-05-03,12.18
1996-05-04,12.18
1996-05-05,12.18
1996-05-06,12.18
1996-05-07,12.18
1996-05-08,12.18
1996-05-09,12.18
1996-05-10,12.18
1996-05-11,12.18
1996-05-12,11.32
1996-05-13,10.52
1996-05-14,9.04
1996-05-15,9.04
1996-05-16,8.37
1996-05-17,8.37
1996-05-18,7.75
1996-05-19,7.75
1996-05-20,7.16
1996-05-21,7.16
1996-05-22,7.16
1996-05-23,7.16
1996-05-24,7.16
1996-05-25,7.16
1996-05-26,7.16
1996-05-27,6.61
1996-05-28,6.61
1996-05-29,6.09
1996-05-30,6.09
1996-05-31,5.61
1996-06-01,5.61
1996-06-02,5.61
1996-06-03,5.16
1996-06-04,5.16
1996-06-05,5.16
1996-06-06,5.16
1996-06-07,4.74
1996-06-08,4.74
1996-06-09,4.74
1996-06-10,4.74
1996-06-11,4.74
1996-06-12,4.35
1996-06-13,4.35
1996-06-14,4.35
1996-06-15,4.35
1996-06-16,4.35
1996-06-17,4.35
1996-06-18,4.35
1996-06-19,4.35
1996-06-20,4.35
1996-06-21,4.35
1996-06-22,3.99
1996-06-23,3.99
1996-06-24,3.99
1996-06-25,3.99
1996-06-26,3.99
1996-06-27,3.99
1996-06-28,3.99
1996-06-29,3.99
1996-06-30,3.99
1996-07-01,3.999234996841441
1996-07-02,4.008469993682881
2005-03-01,33.228
2005-03-02,32.99033333333333
2005-03-03,32.75266666666667
2005-03-04,32.515
2005-03-05,28.23525
2005-03-06,23.9555
2005-03-08,15.396
2005-03-09,16.595
2005-03-10,17.794
2005-03-11,18.993
2005-03-12,18.935285714285712
2005-03-13,18.87757142857143
2005-03-18,18.589
2005-03-19,18.6835
2005-03-20,18.778
2005-03-22,18.967
2005-03-23,19.577666666666666
2005-03-24,20.188333333333333
2005-03-25,20.799
2005-03-26,20.67069375
2005-03-27,20.5423875
2005-09-01,0.27
2005-09-02,0.22
2005-09-03,0.22
2005-09-04,0.22
2005-09-05,0.22
2005-09-06,0.22
2005-09-07,0.22
2005-09-08,0.27
2005-09-09,0.27
2005-09-10,0.27
2005-09-11,0.27
2005-09-12,0.27
2005-09-13,0.27
2005-09-14,0.35
2005-09-15,1.23
2005-09-16,2.09
2005-09-17,2.29
2005-09-18,2.8
2005-09-19,3.25
2005-09-20,2.74
2005-09-21,2.74
2005-09-22,2.51
2005-09-23,2.4
2005-09-24,2.51
2005-09-25,2.51
2005-09-26,2.29
2005-09-27,2.29
2005-09-28,2.29
2005-09-29,2.29
2005-09-30,2.29
2005-10-01,2.09
2005-10-02,2.09
2005-10-03,2.09
2005-10-04,2.09
2005-10-05,1.89
2005-10-06,1.89
2005-10-07,1.71
2005-10-08,1.71
2005-10-09,1.89
2005-10-10,2.29
2005-10-11,2.14
2005-10-12,2.35
2005-10-13,2.29
2005-10-14,2.29
2005-10-15,2.09
2005-10-16,1.89
2005-10-17,1.89
2005-10-18,1.89
2005-10-19,1.89
2005-10-20,1.54
2005-10-21,1.54
2005-10-22,1.71
2005-10-23,1.54
2005-10-24,1.54
2005-10-25,1.54
2005-10-26,1.54
2005-10-27,1.38
2005-10-28,1.38
2005-10-29,1.38
2005-10-30,1.09
2005-10-31,0.74
2005-11-01,0.55
2005-11-02,0.55
2005-11-03,0.55
2005-11-04,0.47
2005-11-05,0.47
2005-11-06,5.48
2005-11-07,0.49
2005-11-08,1.54
2005-11-09,2.99
2005-11-10,4.27
2005-11-11,9.53
2005-11-12,8.63
2005-11-13,8.02
2005-11-14,6.89
2005-11-15,5.76
2005-11-16,4.19
2005-11-17,3.81
2005-11-18,3.81
2005-11-19,2.74
2005-11-20,2.29
2005-11-21,2.99
2005-11-22,2.74
2005-11-23,2.74
2005-11-24,2.24
2005-11-25,2.09
2005-11-26,1.89
2005-11-27,1.71
2005-11-28,1.71
2005-11-29,1.54
2005-11-30,1.54
2005-12-01,1.54
2005-12-02,1.62
2005-12-03,2.09
2005-12-04,1.94
2005-12-05,2.74
2005-12-06,4.12
2005-12-07,2.74
2005-12-08,2.74
2005-12-09,2.63
2005-12-10,2.09
2005-12-11,1.71
2005-12-12,1.71
2005-12-13,1.94
2005-12-14,1.89
2005-12-15,1.89
2005-12-16,1.89
2005-12-17,2.29
2005-12-18,2.4
2005-12-19,3.67
2005-12-20,4.43
2005-12-21,4.6
2005-12-22,4.04
2005-12-23,3.32
2005-12-24,2.51
2005-12-25,4.19
2005-12-26,4.77
2005-12-27,7.33
2005-12-28,11.66
2005-12-29,13.91
2005-12-30,19.4
2005-12-31,36.94
2006-01-01,0.0
2006-01-02,0.0
2006-01-03,0.0
2006-01-04,49.14
2006-01-05,60.56
2006-01-06,46.89
2006-01-07,25.36
2006-01-08,17.18
2006-01-09,12.12
2006-01-10,10.21
2006-01-11,9.8
2006-01-12,9.27
2006-01-13,24.62
2006-01-14,53.05
2006-01-15,51.46
2006-01-16,55.89
2006-01-17,82.26
2006-01-18,95.62
2006-01-19,98.56
2006-01-20,45.07
2006-01-21,49.52
2006-01-22,55.89
2006-01-23,31.23
2006-01-24,33.86
2006-01-25,66.39
2006-01-26,55.89
2006-01-27,82.79
2006-01-28,97.97
2006-01-29,117.47
2006-01-30,91.02
2006-01-31,64.11
2006-02-01,50.68
2006-02-02,46.52
2006-02-03,40.87
2006-02-04,33.26
2006-02-05,26.62
2006-02-06,28.46
2006-02-07,55.89
2006-02-08,50.68
2006-02-09,42.94
2006-02-10,104.63
2006-02-11,143.81
2006-02-12,119.48
2006-02-13,116.81
2006-02-14,60.56
2006-02-15,41.21
2006-02-16,30.38
2006-02-17,25.11
2006-02-18,21.8
2006-02-19,21.57
2006-02-20,18.98
2006-02-21,16.6
2006-02-22,15.67
2006-02-23,14.95
2006-02-24,14.77
2006-02-25,16.23
2006-02-26,16.23
2006-02-27,16.6
2006-02-28,17.37
2006-03-01,17.37
2006-03-02,20.03
2006-03-03,23.18
2006-03-04,28.46
2006-03-05,28.46
2006-03-06,25.36
2006-03-07,21.8
2006-03-08,21.12
2006-03-09,17.77
2006-03-10,15.67
2006-03-11,16.6
2006-03-12,16.04
2006-03-13,15.49
2006-03-14,14.42
2006-03-15,14.42
2006-03-16,14.42
2006-03-17,14.95
2006-03-18,16.41
2006-03-19,18.17
2006-03-20,31.8
2006-03-21,62.76
2006-03-22,63.66
2006-03-23,106.5
2006-03-24,124.95
2006-03-25,106.5
2006-03-26,132.0
2006-03-27,141.55
2006-03-28,86.57
2006-03-29,102.18
2006-03-30,127.74
2006-03-31,163.59
2006-04-01,185.92
2006-04-02,142.3
2006-04-03,196.85
2006-04-04,204.36
2006-04-05,150.75
2006-04-06,129.86
2006-04-07,114.83
2006-04-08,97.97
2006-04-09,84.93
2006-04-10,67.32
2006-04-11,51.85
2006-04-12,48.76
2006-04-13,44.71
2006-04-14,49.14
2006-04-15,44.71
2006-04-16,43.99
2006-04-17,42.94
2006-04-18,47.26
2006-04-19,51.85
2006-04-20,49.14
2006-04-21,48.01
2006-04-22,45.79
2006-04-23,44.35
2006-04-24,36.31
2006-04-25,26.88
2006-04-26,26.37
2006-04-27,26.37
2006-04-28,25.86
2006-04-29,25.36
2006-04-30,25.36
2006-05-01,25.36
2006-05-02,25.36
2006-05-03,25.36
2006-05-04,24.37
2006-05-05,24.37
2006-05-06,23.65
2006-05-07,23.18
2006-05-08,22.25
2006-05-09,20.47
2006-05-10,18.78
2006-05-11,17.18
2006-05-12,16.41
2006-05-13,15.67
2006-05-14,12.6
2006-05-15,9.94
2006-05-16,7.67
2006-05-17,7.22
2006-05-18,6.78
2006-05-19,6.36
2006-05-20,5.96
2006-05-21,5.57
2006-05-22,5.2
2006-05-23,4.85
2006-05-24,4.77
2006-05-25,4.77
2006-05-26,4.77
2006-05-27,4.77
2006-05-28,4.77
2006-05-29,4.77
2006-05-30,4.77
2006-05-31,4.77
2006-06-01,4.77
2006-06-02,4.43
2006-06-03,4.43
2006-06-04,4.43
2006-06-05,4.43
2006-06-06,4.35
2006-06-07,4.12
2006-06-08,4.12
2006-06-09,4.04
2006-06-10,3.81
2006-06-11,3.74
2006-06-12,3.52
2006-06-13,3.32
2006-06-14,3.25
2006-06-15,2.99
2006-06-16,2.87
2006-06-17,3.39
2006-06-18,3.25
2006-06-19,3.25
2006-06-20,3.52
2006-06-21,3.52
2006-06-22,3.52
2006-06-23,3.52
2006-06-24,3.52
2006-06-25,3.52
2006-06-26,3.52
2006-06-27,3.45
2006-06-28,3.25
2006-06-29,3.25
2006-06-30,3.25
2006-07-01,3.25
2006-07-02,3.25
2006-07-03,3.32
2006-07-04,3.52
2006-07-05,3.12
2006-07-06,2.99
2006-07-07,2.99
2006-07-08,2.8
2006-07-09,2.8
2006-07-10,2.8
2006-07-11,2.51
2006-07-12,2.51
2006-07-13,2.57
2006-07-14,2.46
2006-07-15,2.46
2006-07-16,2.46
2006-07-17,2.46
2006-07-18,2.46
2006-07-19,2.46
2006-07-20,2.29
2006-07-21,2.29
2006-07-22,2.29
2006-07-23,2.14
2006-07-24,2.09
2006-07-25,1.94
2006-07-26,1.89
2006-07-27,1.89
2006-07-28,1.89
2006-07-29,1.89
2006-07-30,1.89
2006-07-31,1.89
2006-08-01,1.84
2006-08-02,1.71
2006-08-03,1.75
2006-08-04,1.99
2006-08-05,2.29
2006-08-06,2.74
2006-08-07,3.12
2006-08-08,3.74
2006-08-09,7.44
2006-08-10,9.01
2006-08-11,11.51
2006-08-12,12.44
2006-08-13,13.74
2006-08-14,14.42
2006-08-15,13.74
2006-08-16,12.44
2006-08-17,10.49
2006-08-18,9.4
2006-08-19,8.38
2006-08-20,7.22
2006-08-21,6.36
2006-08-22,5.96
2006-08-23,5.86
2006-08-24,5.86
2006-08-25,5.86
2006-08-26,5.86
2006-08-27,5.86
2006-08-28,5.86
2006-08-29,5.86
2006-08-30,5.86
2006-08-31,5.86
2006-09-01,6.011
2006-09-02,6.35
2006-09-03,5.56
2006-09-04,5.56
2006-09-05,3.953
2006-09-06,4.79
2006-09-07,4.79
2006-09-08,3.619
2006-09-09,4.02
2006-09-10,4.02
2006-09-11,4.02
2006-09-12,3.497
2006-09-13,3.27
2006-09-14,3.27
2006-09-15,3.378
2006-09-16,2.9
2006-09-17,5.37
2006-09-18,5.56
2006-09-19,6.35
2006-09-20,5.242
2006-09-21,7.15
2006-09-22,7.15
2006-09-23,5.226
2006-09-24,6.55
2006-09-25,7.15
2006-09-26,5.801
2006-09-27,8.78
2006-09-28,11.11
2006-09-29,6.666
2006-09-30,9.41
2006-10-01,8.78
2006-10-02,8.16
2006-10-03,7.96
2006-10-04,3.635
2006-10-05,6.55
2006-10-06,6.35
2006-10-07,4.094
2006-10-08,3.83
2006-10-09,3.46
2006-10-10,3.922
2006-10-11,5.17
2006-10-12,7.55
2006-10-13,6.165
2006-10-14,7.15
2006-10-15,7.15
2006-10-16,7.96
2006-10-17,7.96
2006-10-18,5.492
2006-10-19,6.35
2006-10-20,6.75
2006-10-21,6.285
2006-10-22,7.96
2006-10-23,8.58
2006-10-24,7.81
2006-10-25,8.99
2006-10-26,5.37
2006-10-27,3.742
2006-10-28,2.71
2006-10-29,2.53
2006-10-30,2.53
2006-10-31,3.418
2006-11-01,8.78
2006-11-02,7.76
2006-11-03,2.689
2006-11-04,7.35
2006-11-05,6.55
2006-11-06,5.95
2006-11-07,2.439
2006-11-08,5.56
2006-11-09,4.98
2006-11-10,13.505
2006-11-11,4.02
2006-11-12,4.02
2006-11-13,4.21
2006-11-14,9.328
2006-11-15,4.02
2006-11-16,3.27
2006-11-17,3.492
2006-11-18,2.9
2006-11-19,2.9
2006-11-20,2.25
2006-11-21,2.09
2006-11-22,2.845
2006-11-23,2.9
2006-11-24,3.46
2006-11-25,3.969
2006-11-26,5.17
2006-11-27,7.35
2006-11-28,7.61
2006-11-29,8.37
2006-11-30,5.95
2006-12-01,9.62
2006-12-02,6.891
2006-12-03,11.32
2006-12-04,11.32
2006-12-05,9.407
2006-12-06,10.89
2006-12-07,12.63
2006-12-08,11.144
2006-12-09,11.97
2006-12-10,10.25
2006-12-11,9.83
2006-12-12,8.697
2006-12-13,7.96
2006-12-14,8.37
2006-12-15,7.96
2006-12-16,9.41
2006-12-17,13.656
2006-12-18,29.59
2006-12-19,34.3
2006-12-20,37.159
2006-12-21,31.5
2006-12-22,29.32
2006-12-23,28.023
2006-12-24,26.13
2006-12-25,19.33
2006-12-26,15.334
2006-12-27,20.3
2006-12-28,26.91
2006-12-29,21.771
2006-12-30,24.06
2006-12-31,22.54
2007-01-01,19.82
2007-01-02,21.54
2007-01-03,20.8
2007-01-04,25.86
2007-01-05,29.59
2007-01-06,25.86
2007-01-07,42.23
2007-01-08,84.32
2007-01-09,80.05
2007-01-10,118.51
2007-01-11,101.45
2007-01-12,69.22
2007-01-13,58.32
2007-01-14,55.62
2007-01-15,62.8
2007-01-16,91.5
2007-01-17,51.99
2007-01-18,37.18
2007-01-19,28.51
2007-01-20,25.09
2007-01-21,22.04
2007-01-22,20.8
2007-01-23,16.48
2007-01-24,18.37
2007-01-25,14.42
2007-01-26,10.68
2007-01-27,9.62
2007-01-28,8.37
2007-01-29,6.55
2007-01-30,4.02
2007-01-31,3.27
2007-02-01,1.98
2007-02-02,2.09
2007-02-03,4.217
2007-02-04,2.53
2007-02-05,7.15
2007-02-06,7.064
2007-02-07,13.3
2007-02-08,46.23
2007-02-09,40.72
2007-02-10,26.408
2007-02-11,32.89
2007-02-12,36.02
2007-02-13,40.068
2007-02-14,44.99
2007-02-15,34.87
2007-02-16,24.068
2007-02-17,21.29
2007-02-18,17.42
2007-02-19,13.74
2007-02-20,12.088
2007-02-21,11.32
2007-02-22,31.5
2007-02-23,41.02
2007-02-24,30.161
2007-02-25,24.83
2007-02-26,23.29
2007-02-27,20.744
2007-02-28,17.19
2007-03-01,20.06
2007-03-02,46.86
2007-03-03,72.757
2007-03-04,119.87
2007-03-05,149.43
2007-03-06,12.733
2007-03-07,176.4
2007-03-08,191.75
2007-03-09,174.26
2007-03-10,131.88
2007-03-11,77.38
2007-03-12,60.37
2007-03-13,59.059
2007-03-14,103.57
2007-03-15,106.15
2007-03-16,127.673
2007-03-17,110.06
2007-03-18,126.76
2007-03-19,147.44
2007-03-20,136.793
2007-03-21,108.31
2007-03-22,74.0
2007-03-23,56.63
2007-03-24,54.225
2007-03-25,43.14
2007-03-26,40.72
2007-03-27,37.083
2007-03-28,35.73
2007-03-29,46.23
2007-03-30,55.058
2007-03-31,51.66
2007-04-01,55.62
2007-04-02,118.06
2007-04-03,123.52
2007-04-04,80.43
2007-04-05,56.534
2007-04-06,56.63
2007-04-07,46.86
2007-04-08,41.155
2007-04-09,36.6
2007-04-10,33.74
2007-04-11,35.82
2007-04-12,30.95
2007-04-13,31.23
2007-04-14,60.1
2007-04-15,42.23
2007-04-16,39.23
2007-04-17,38.64
2007-04-18,35.056
2007-04-19,34.59
2007-04-20,30.4
2007-04-21,20.283
2007-04-22,19.82
2007-04-23,19.57
2007-04-24,18.85
2007-04-25,16.359
2007-04-26,17.66
2007-04-27,17.66
2007-04-28,17.38
2007-04-29,18.61
2007-04-30,17.66
2007-05-01,17.093
2007-05-02,19.82
2007-05-03,18.85
2007-05-04,14.35
2007-05-05,17.19
2007-05-06,16.02
2007-05-07,16.72
2007-05-08,15.383
2007-05-09,15.79
2007-05-10,14.87
2007-05-11,13.599
2007-05-12,12.19
2007-05-13,10.46
2007-05-14,8.78
2007-05-15,8.78
2007-05-16,11.171
2007-05-17,7.76
2007-05-18,4.79
2007-05-19,5.56
2007-05-20,8.977
2007-05-21,4.79
2007-05-22,4.79
2007-05-23,4.457
2007-05-24,4.02
2007-05-25,3.83
2007-05-26,3.78
2007-05-27,2.09
2007-05-28,2.09
2007-05-29,2.95
2007-05-30,2.09
2007-05-31,2.09
2007-06-01,2.36
2007-06-02,1.99
2007-06-03,1.99
2007-06-04,1.99
2007-06-05,2.411
2007-06-06,1.99
2007-06-07,2.16
2007-06-08,3.264
2007-06-09,2.23
2007-06-10,2.2
2007-06-11,2.25
2007-06-12,2.888
2007-06-13,1.8
2007-06-14,1.96
2007-06-15,2.224
2007-06-16,1.89
2007-06-17,1.84
2007-06-18,1.81
2007-06-19,1.81
2007-06-20,1.969
2007-06-21,1.81
2007-06-22,1.79
2007-06-23,1.886
2007-06-24,1.79
2007-06-25,1.84
2007-06-26,2.56
2007-06-27,1.79
2007-06-28,1.69
2007-06-29,1.45
2007-06-30,1.41
2007-07-01,1.6
2007-07-02,1.6
2007-07-03,1.435
2007-07-04,1.35
2007-07-05,1.33
2007-07-06,0.893
2007-07-07,1.24
2007-07-08,1.24
2007-07-09,1.33
2007-07-10,0.84
2007-07-11,1.24
2007-07-12,1.24
2007-07-13,0.791
2007-07-14,1.18
2007-07-15,1.16
2007-07-16,1.16
2007-07-17,1.16
2007-07-18,0.642
2007-07-19,1.0
2007-07-20,0.92
2007-07-21,0.44
2007-07-22,1.0
2007-07-23,1.0
2007-07-24,0.54
2007-07-25,1.0
2007-07-26,1.02
2007-07-27,0.537
2007-07-28,1.0
2007-07-29,1.02
2007-07-30,0.92
2007-07-31,0.504
2007-08-01,0.96
2007-08-02,0.92
2007-08-03,0.445
2007-08-04,0.92
2007-08-05,0.96
2007-08-06,0.98
2007-08-07,0.937
2007-08-08,2.07
2007-08-09,2.17
2007-08-10,2.909
2007-08-11,2.25
2007-08-12,2.2
2007-08-13,1.8
2007-08-14,2.755
2007-08-15,2.71
2007-08-16,3.27
2007-08-17,2.976
2007-08-18,4.02
2007-08-19,3.27
2007-08-20,2.9
2007-08-21,2.71
2007-08-22,3.318
2007-08-23,2.16
2007-08-24,1.98
2007-08-25,2.777
2007-08-26,2.53
2007-08-27,2.53
2007-08-28,2.496
2007-08-29,1.8
2007-08-30,1.8
2007-08-31,2.58
2007-09-01,3.89
2007-09-02,4.22
2007-09-03,4.33
2007-09-04,2.495
2007-09-05,4.33
2007-09-06,4.33
2007-09-07,2.676
2007-09-08,4.79
2007-09-09,4.33
2007-09-10,4.55
2007-09-11,2.919
2007-09-12,5.91
2007-09-13,5.91
2007-09-14,3.747
2007-09-15,7.16
2007-09-16,7.02
2007-09-17,7.02
2007-09-18,6.73
2007-09-19,4.249
2007-09-20,6.31
2007-09-21,6.73
2007-09-22,4.943
2007-09-23,6.87
2007-09-24,8.07
2007-09-25,5.825
2007-09-26,7.76
2007-09-27,8.07
2007-09-28,5.581
2007-09-29,8.07
2007-09-30,7.92
2007-10-01,7.46
2007-10-02,5.352
2007-10-03,5.91
2007-10-04,6.87
2007-10-05,4.669
2007-10-06,6.31
2007-10-07,6.04
2007-10-08,5.91
2007-10-09,4.858
2007-10-10,6.31
2007-10-11,6.04
2007-10-12,3.767
2007-10-13,3.69
2007-10-14,3.29
2007-10-15,2.92
2007-10-16,2.83
2007-10-17,3.247
2007-10-18,3.89
2007-10-19,3.49
2007-10-20,2.769
2007-10-21,5.15
2007-10-22,5.27
2007-10-23,3.275
2007-10-24,3.89
2007-10-25,3.69
2007-10-26,2.89
2007-10-27,4.79
2007-10-28,4.33
2007-10-29,4.79
2007-10-30,4.248
2007-10-31,7.31
2007-11-01,7.46
2007-11-02,6.45
2007-11-03,4.9
2007-11-04,5.52
2007-11-05,5.02
2007-11-06,3.542
2007-11-07,4.9
2007-11-08,5.02
2007-11-09,4.457
2007-11-10,5.78
2007-11-11,6.31
2007-11-12,4.79
2007-11-13,3.338
2007-11-14,5.02
2007-11-15,5.27
2007-11-16,3.974
2007-11-17,7.16
2007-11-18,6.87
2007-11-19,4.749
2007-11-20,18.56
2007-11-21,17.62
2007-11-22,15.58
2007-11-23,24.042
2007-11-24,23.68
2007-11-25,16.92
2007-11-26,14.5
2007-11-27,15.115
2007-11-28,11.51
2007-11-29,11.32
2007-11-30,13.105
2007-12-01,10.41
2007-12-02,10.59
2007-12-03,17.85
2007-12-04,17.132
2007-12-05,14.29
2007-12-06,12.46
2007-12-07,9.88
2007-12-08,10.52
2007-12-09,10.06
2007-12-10,9.88
2007-12-11,9.829
2007-12-12,10.06
2007-12-13,10.77
2007-12-14,11.109
2007-12-15,10.41
2007-12-16,11.88
2007-12-17,14.29
2007-12-18,20.28
2007-12-19,20.96
2007-12-20,21.05
2007-12-21,21.3
2007-12-22,20.269
2007-12-23,19.29
2007-12-24,20.28
2007-12-25,17.459
2007-12-26,17.38
2007-12-27,15.36
2007-12-28,14.254
2007-12-29,13.06
2007-12-30,13.67
2007-12-31,23.14
2008-01-01,34.601
2008-01-02,35.83
2008-01-03,38.91
2008-01-04,41.989
2008-01-05,39.97
2008-01-06,31.29
2008-01-07,41.76
2008-01-08,43.619
2008-01-09,36.17
2008-01-10,33.52
2008-01-11,55.84
2008-01-12,57.53
2008-01-13,45.106
2008-01-14,49.73
2008-01-15,57.96
2008-01-16,66.182
2008-01-17,44.71
2008-01-18,51.72
2008-01-19,91.952
2008-01-20,65.0
2008-01-21,71.98
2008-01-22,89.11
2008-01-23,99.112
2008-01-24,125.71
2008-01-25,139.31
2008-01-26,158.114
2008-01-27,85.95
2008-01-28,77.81
2008-01-29,107.631
2008-01-30,189.7
2008-01-31,199.92
2008-02-01,108.358
2008-02-02,73.42
2008-02-03,73.42
2008-02-04,77.32
2008-02-05,59.261
2008-02-06,44.71
2008-02-07,38.57
2008-02-08,36.51
2008-02-09,36.114
2008-02-10,31.92
2008-02-11,29.44
2008-02-12,25.272
2008-02-13,27.94
2008-02-14,27.06
2008-02-15,21.804
2008-02-16,19.29
2008-02-17,19.54
2008-02-18,17.62
2008-02-19,17.772
2008-02-20,16.24
2008-02-21,15.14
2008-02-22,21.3
2008-02-23,31.014
2008-02-24,54.18
2008-02-25,59.25
2008-02-26,55.483
2008-02-27,51.32
2008-02-28,49.33
2008-02-29,57.042
2008-03-01,48.54
2008-03-02,41.4
2008-03-03,39.62
2008-03-04,40.884
2008-03-05,41.4
2008-03-06,33.52
2008-03-07,30.05
2008-03-08,37.362
2008-03-09,55.42
2008-03-10,48.94
2008-03-11,78.074
2008-03-12,125.71
2008-03-13,96.7
2008-03-14,70.615
2008-03-15,57.11
2008-03-16,48.15
2008-03-17,41.04
2008-03-18,35.461
2008-03-19,31.29
2008-03-20,29.14
2008-03-21,26.644
2008-03-22,18.56
2008-03-23,22.35
2008-03-24,24.781
2008-03-25,23.41
2008-03-26,21.3
2008-03-27,20.79
2008-03-28,19.114
2008-03-29,19.29
2008-03-30,19.29
2008-03-31,18.33
2008-04-01,19.309
2008-04-02,12.27
2008-04-03,15.58
2008-04-04,19.162
2008-04-05,15.36
2008-04-06,14.71
2008-04-07,14.826
2008-04-08,13.87
2008-04-09,12.27
2008-04-10,12.27
2008-04-11,14.362
2008-04-12,12.46
2008-04-13,12.27
2008-04-14,12.27
2008-04-15,12.27
2008-04-16,13.996
2008-04-17,11.51
2008-04-18,11.51
2008-04-19,12.608
2008-04-20,10.59
2008-04-21,9.37
2008-04-22,12.151
2008-04-23,9.37
2008-04-24,9.37
2008-04-25,10.06
2008-04-26,12.051
2008-04-27,9.88
2008-04-28,9.37
2008-04-29,9.659
2008-04-30,7.46
2008-05-01,7.46
2008-05-02,8.394
2008-05-03,7.16
2008-05-04,7.46
2008-05-05,6.31
2008-05-06,7.179
2008-05-07,4.9
2008-05-08,3.49
2008-05-09,2.777
2008-05-10,2.75
2008-05-11,3.49
2008-05-12,3.49
2008-05-13,3.348
2008-05-14,3.49
2008-05-15,3.49
2008-05-16,3.23
2008-05-17,2.75
2008-05-18,2.42
2008-05-19,2.42
2008-05-20,2.42
2008-05-21,2.273
2008-05-22,2.42
2008-05-23,2.42
2008-05-24,2.229
2008-05-25,2.42
2008-05-26,1.7
2008-05-27,1.361
2008-05-28,1.09
2008-05-29,0.96
2008-05-30,1.337
2008-05-31,0.96
2008-06-01,0.96
2008-06-02,0.96
2008-06-03,1.301
2008-06-04,0.81
2008-06-05,0.85
2008-06-06,2.035
2008-06-07,0.81
2008-06-08,0.68
2008-06-09,0.6
2008-06-10,1.197
2008-06-11,0.47
2008-06-12,0.47
2008-06-13,1.043
2008-06-14,0.44
2008-06-15,0.43
2008-06-16,0.45
2008-06-17,0.43
2008-06-18,0.876
2008-06-19,0.42
2008-06-20,0.42
2008-06-21,0.688
2008-06-22,0.5
2008-06-23,0.42
2008-06-24,0.721
2008-06-25,0.43
2008-06-26,0.45
2008-06-27,0.718
2008-06-28,0.45
2008-06-29,0.46
2008-06-30,0.46
2008-07-01,0.722
2008-07-02,0.46
2008-07-03,0.45
2008-07-04,0.733
2008-07-05,0.44
2008-07-06,0.43
2008-07-07,0.71
2008-07-08,1.578
2008-07-09,0.74
2008-07-10,0.81
2008-07-11,1.582
2008-07-12,0.77
2008-07-13,0.71
2008-07-14,0.68
2008-07-15,0.43
2008-07-16,1.429
2008-07-17,0.68
2008-07-18,0.68
2008-07-19,1.499
2008-07-20,0.68
2008-07-21,0.68
2008-07-22,1.441
2008-07-23,0.68
2008-07-24,0.68
2008-07-25,1.468
2008-07-26,0.52
2008-07-27,0.47
2008-07-28,0.46
2008-07-29,1.009
2008-07-30,0.45
2008-07-31,0.43
2008-08-01,0.724
2008-08-02,0.43
2008-08-03,0.43
2008-08-04,0.46
2008-08-05,0.716
2008-08-06,0.46
2008-08-07,0.46
2008-08-08,0.716
2008-08-09,0.46
2008-08-10,0.42
2008-08-11,0.43
2008-08-12,0.975
2008-08-13,0.42
2008-08-14,0.42
2008-08-15,0.964
2008-08-16,0.42
2008-08-17,0.42
2008-08-18,0.42
2008-08-19,0.42
2008-08-20,0.933
2008-08-21,0.42
2008-08-22,0.42
2008-08-23,0.881
2008-08-24,0.42
2008-08-25,0.51
2008-08-26,0.703
2008-08-27,0.51
2008-08-28,0.44
2008-08-29,0.687
2008-08-30,0.57
2008-08-31,0.55
2008-09-01,0.91
2008-09-02,0.702
2008-09-03,0.91
2008-09-04,0.91
2008-09-05,0.722
2008-09-06,0.91
2008-09-07,0.91
2008-09-08,0.83
2008-09-09,0.651
2008-09-10,0.87
2008-09-11,1.15
2008-09-12,0.812
2008-09-13,1.15
2008-09-14,1.15
2008-09-15,1.15
2008-09-16,1.15
2008-09-17,0.75
2008-09-18,1.31
2008-09-19,1.2
2008-09-20,0.753
2008-09-21,1.15
2008-09-22,1.15
2008-09-23,0.668
2008-09-24,0.61
2008-09-25,0.41
2008-09-26,0.388
2008-09-27,0.28
2008-09-28,0.26
2008-09-29,0.24
2008-09-30,0.326
2008-10-01,0.24
2008-10-02,0.24
2008-10-03,0.326
2008-10-04,0.19
2008-10-05,0.18
2008-10-06,0.41
2008-10-07,0.794
2008-10-08,1.2
2008-10-09,1.8
2008-10-10,1.038
2008-10-11,1.87
2008-10-12,1.67
2008-10-13,1.6
2008-10-14,0.968
2008-10-15,1.6
2008-10-16,1.6
2008-10-17,1.67
2008-10-18,0.733
2008-10-19,1.1
2008-10-20,0.96
2008-10-21,0.532
2008-10-22,0.52
2008-10-23,0.3
2008-10-24,0.309
2008-10-25,0.24
2008-10-26,0.3
2008-10-27,0.28
2008-10-28,0.326
2008-10-29,0.32
2008-10-30,0.24
2008-10-31,1.18
2008-11-01,2.25
2008-11-02,1.67
2008-11-03,1.6
2008-11-04,2.26
2008-11-05,3.25
2008-11-06,2.5
2008-11-07,1.912
2008-11-08,1.87
2008-11-09,1.6
2008-11-10,1.87
2008-11-11,1.627
2008-11-12,1.6
2008-11-13,0.64
2008-11-14,0.62
2008-11-15,0.41
2008-11-16,0.91
2008-11-17,1.36
2008-11-18,0.68
2008-11-19,0.681
2008-11-20,0.43
2008-11-21,0.41
2008-11-22,0.828
2008-11-23,0.91
2008-11-24,0.87
2008-11-25,0.841
2008-11-26,0.68
2008-11-27,0.64
2008-11-28,0.819
2008-11-29,0.64
2008-11-30,0.64
2008-12-01,0.96
2008-12-02,1.87
2008-12-03,1.609
2008-12-04,1.36
2008-12-05,1.31
2008-12-06,1.389
2008-12-07,1.36
2008-12-08,3.8
2008-12-09,7.3
2008-12-10,6.28
2008-12-11,10.81
2008-12-12,10.827
2008-12-13,6.11
2008-12-14,5.65
2008-12-15,8.04
2008-12-16,9.04
2008-12-17,11.98
2008-12-18,9.46
2008-12-19,9.68
2008-12-20,19.401
2008-12-21,31.23
2008-12-22,23.3
2008-12-23,28.113
2008-12-24,54.51
2008-12-25,44.03
2008-12-26,36.748
2008-12-27,31.33
2008-12-28,43.63
2008-12-29,70.5
2008-12-30,51.381
2008-12-31,38.13
2009-01-01,32.21
2009-01-02,29.79
2009-01-03,49.805
2009-01-04,47.81
2009-01-05,36.35
2009-01-06,25.48
2009-01-07,21.37
2009-01-08,18.18
2009-01-09,18.735
2009-01-10,18.51
2009-01-11,16.24
2009-01-12,16.87
2009-01-13,30.352
2009-01-14,27.51
2009-01-15,20.63
2009-01-16,19.2
2009-01-17,20.496
2009-01-18,11.04
2009-01-19,11.78
2009-01-20,12.428
2009-01-21,9.46
2009-01-22,10.35
2009-01-23,12.202
2009-01-24,11.28
2009-01-25,11.04
2009-01-26,10.35
2009-01-27,10.984
2009-01-28,10.35
2009-01-29,9.9
2009-01-30,10.35
2009-01-31,11.608
2009-02-01,9.46
2009-02-02,7.85
2009-02-03,7.48
2009-02-04,8.865
2009-02-05,7.48
2009-02-06,7.12
2009-02-07,7.402
2009-02-08,5.35
2009-02-09,15.63
2009-02-10,71.169
2009-02-11,71.04
2009-02-12,65.77
2009-02-13,117.46
2009-02-14,90.228
2009-02-15,56.38
2009-02-16,36.63
2009-02-17,27.347
2009-02-18,29.33
2009-02-19,33.04
2009-02-20,31.894
2009-02-21,34.1
2009-02-22,27.51
2009-02-23,25.76
2009-02-24,32.71
2009-02-25,32.443
2009-02-26,42.41
2009-02-27,100.95
2009-02-28,86.35
2009-03-01,98.34
2009-03-02,150.68
2009-03-03,208.04
2009-03-04,168.402
2009-03-05,111.8
2009-03-06,85.85
2009-03-07,60.953
2009-03-08,58.29
2009-03-09,48.68
2009-03-10,40.82
2009-03-11,43.865
2009-03-12,32.35
2009-03-13,29.79
2009-03-14,27.446
2009-03-15,40.82
2009-03-16,34.75
2009-03-17,23.163
2009-03-18,21.0
2009-03-19,27.95
2009-03-20,56.156
2009-03-21,85.25
2009-03-22,106.3
2009-03-23,72.12
2009-03-24,58.77
2009-03-25,53.225
2009-03-26,40.82
2009-03-27,35.17
2009-03-28,30.308
2009-03-29,29.79
2009-03-30,25.76
2009-03-31,20.332
2009-04-01,19.55
2009-04-02,17.84
2009-04-03,15.63
2009-04-04,12.54
2009-04-05,12.477
2009-04-06,10.58
2009-04-07,9.46
2009-04-08,10.855
2009-04-09,12.8
2009-04-10,27.51
2009-04-11,41.129
2009-04-12,52.68
2009-04-13,52.22
2009-04-14,38.306
2009-04-15,34.45
2009-04-16,32.7
2009-04-17,30.343
2009-04-18,31.23
2009-04-19,27.51
2009-04-20,26.63
2009-04-21,21.319
2009-04-22,22.51
2009-04-23,22.51
2009-04-24,21.0
2009-04-25,18.237
2009-04-26,19.55
2009-04-27,18.18
2009-04-28,18.996
2009-04-29,16.87
2009-04-30,15.63
2009-05-01,16.392
2009-05-02,14.45
2009-05-03,13.61
2009-05-04,12.28
2009-05-05,12.952
2009-05-06,11.28
2009-05-07,11.04
2009-05-08,11.817
2009-05-09,10.35
2009-05-10,10.35
2009-05-11,10.35
2009-05-12,11.317
2009-05-13,10.35
2009-05-14,10.35
2009-05-15,11.647
2009-05-16,10.35
2009-05-17,9.68
2009-05-18,9.46
2009-05-19,9.46
2009-05-20,10.602
2009-05-21,9.46
2009-05-22,8.63
2009-05-23,9.929
2009-05-24,7.85
2009-05-25,7.85
2009-05-26,7.501
2009-05-27,8.63
2009-05-28,8.63
2009-05-29,7.643
2009-05-30,7.85
2009-05-31,7.85
2009-06-01,7.85
2009-06-02,5.8
2009-06-03,5.442
2009-06-04,4.03
2009-06-05,3.25
2009-06-06,3.258
2009-06-07,2.77
2009-06-08,3.05
2009-06-09,3.548
2009-06-10,3.25
2009-06-11,3.25
2009-06-12,3.47
2009-06-13,2.95
2009-06-14,2.86
2009-06-15,2.86
2009-06-16,3.25
2009-06-17,2.27
2009-06-18,1.6
2009-06-19,1.1
2009-06-20,1.651
2009-06-21,0.96
2009-06-22,0.79
2009-06-23,1.674
2009-06-24,0.79
2009-06-25,0.79
2009-06-26,1.517
2009-06-27,0.79
2009-06-28,0.68
2009-06-29,1.54
2009-06-30,2.756
2009-07-01,2.17
2009-07-02,1.6
2009-07-03,1.36
2009-07-04,1.36
2009-07-05,1.2
2009-07-06,1.15
2009-07-07,1.15
2009-07-08,1.15
2009-07-09,0.96
2009-07-10,0.96
2009-07-11,1.15
2009-07-12,1.15
2009-07-13,1.15
2009-07-14,1.15
2009-07-15,1.15
2009-07-16,1.15
2009-07-17,1.15
2009-07-18,1.15
2009-07-19,1.15
2009-07-20,1.15
2009-07-21,1.15
2009-07-22,1.15
2009-07-23,1.15
2009-07-24,1.15
2009-07-25,0.96
2009-07-26,1.15
2009-07-27,1.36
2009-07-28,1.36
2009-07-29,1.54
2009-07-30,1.6
2009-07-31,1.87
2009-08-01,2.17
2009-08-02,2.33
2009-08-03,2.5
2009-08-04,2.5
2009-08-05,2.86
2009-08-06,2.5
2009-08-07,2.5
2009-08-08,2.09
2009-08-09,0.55
2009-08-10,0.41
2009-08-11,0.41
2009-08-12,0.34
2009-08-13,0.91
2009-08-14,2.95
2009-08-15,3.25
2009-08-16,3.25
2009-08-17,3.25
2009-08-18,3.25
2009-08-19,3.25
2009-08-20,3.25
2009-08-21,3.69
2009-08-22,3.69
2009-08-23,3.69
2009-08-24,3.69
2009-08-25,3.92
2009-08-26,4.15
2009-08-27,4.03
2009-08-28,3.69
2009-08-29,3.69
2009-08-30,3.25
2009-08-31,3.25
2009-09-01,3.38
2009-09-02,3.38
2009-09-03,3.76
2009-09-04,3.76
2009-09-05,3.76
2009-09-06,2.78
2009-09-07,2.7
2009-09-08,2.47
2009-09-09,2.39
2009-09-10,2.39
2009-09-11,2.11
2009-09-12,2.11
2009-09-13,2.11
2009-09-14,1.61
2009-09-15,1.19
2009-09-16,1.19
2009-09-17,1.01
2009-09-18,1.01
2009-09-19,1.01
2009-09-20,1.19
2009-09-21,1.01
2009-09-22,1.01
2009-09-23,1.01
2009-09-24,0.97
2009-09-25,0.85
2009-09-26,0.85
2009-09-27,0.85
2009-09-28,0.85
2009-09-29,0.85
2009-09-30,0.85
2009-10-01,0.85
2009-10-02,0.85
2009-10-03,0.85
2009-10-04,0.85
2009-10-05,1.39
2009-10-06,1.61
2009-10-07,1.61
2009-10-08,1.39
2009-10-09,1.39
2009-10-10,1.39
2009-10-11,1.39
2009-10-12,1.39
2009-10-13,1.39
2009-10-14,1.39
2009-10-15,1.39
2009-10-16,1.39
2009-10-17,1.39
2009-10-18,1.55
2009-10-19,1.67
2009-10-20,1.61
2009-10-21,1.61
2009-10-22,1.61
2009-10-23,1.61
2009-10-24,1.79
2009-10-25,2.32
2009-10-26,2.18
2009-10-27,2.7
2009-10-28,2.7
2009-10-29,2.78
2009-10-30,2.25
2009-10-31,2.39
2009-11-01,2.11
2009-11-02,1.85
2009-11-03,1.61
2009-11-04,1.61
2009-11-05,1.55
2009-11-06,0.46
2009-11-07,0.36
2009-11-08,0.36
2009-11-09,0.28
2009-11-10,0.36
2009-11-11,0.3
2009-11-12,0.49
2009-11-13,1.14
2009-11-14,2.04
2009-11-15,3.38
2009-11-16,3.76
2009-11-17,5.06
2009-11-18,8.93
2009-11-19,10.35
2009-11-20,10.17
2009-11-21,9.8
2009-11-22,11.31
2009-11-23,9.8
2009-11-24,9.1
2009-11-25,9.62
2009-11-26,7.79
2009-11-27,7.19
2009-11-28,7.19
2009-11-29,7.34
2009-11-30,14.97
2009-12-01,32.04
2009-12-02,20.14
2009-12-03,15.44
2009-12-04,14.51
2009-12-05,9.98
2009-12-06,7.34
2009-12-07,5.55
2009-12-08,5.06
2009-12-09,5.55
2009-12-10,9.98
2009-12-11,20.133
2009-12-12,14.05
2009-12-13,10.92
2009-12-14,9.8
2009-12-15,11.3
2009-12-16,6.47
2009-12-17,5.55
2009-12-18,4.007
2009-12-19,16.67
2009-12-20,79.41
2009-12-21,86.32
2009-12-22,40.21
2009-12-23,39.024
2009-12-24,32.8
2009-12-25,41.98
2009-12-26,59.692
2009-12-27,49.58
2009-12-28,43.81
2009-12-29,39.727
2009-12-30,21.59
2009-12-31,18.76
2010-01-01,20.556
2010-01-02,14.05
2010-01-03,14.97
2010-01-04,17.44
2010-01-05,25.317
2010-01-06,21.3
2010-01-07,19.03
2010-01-08,20.484
2010-01-09,15.93
2010-01-10,16.17
2010-01-11,29.45
2010-01-12,101.26
2010-01-13,74.55
2010-01-14,83.51
2010-01-15,149.45
2010-01-16,199.737
2010-01-17,187.0
2010-01-18,216.95
2010-01-19,173.788
2010-01-20,103.63
2010-01-21,84.21
2010-01-22,64.566
2010-01-23,142.53
2010-01-24,146.46
2010-01-25,131.14
2010-01-26,149.45
2010-01-27,95.352
2010-01-28,82.82
2010-01-29,73.49
2010-01-30,64.344
2010-01-31,61.37
2010-02-01,83.51
2010-02-02,102.445
2010-02-03,99.7
2010-02-04,95.11
2010-02-05,123.69
2010-02-06,95.11
2010-02-07,83.51
2010-02-08,73.49
2010-02-09,61.94
2010-02-10,72.238
2010-02-11,50.59
2010-02-12,56.35
2010-02-13,58.866
2010-02-14,45.68
2010-02-15,44.74
2010-02-16,61.208
2010-02-17,105.23
2010-02-18,132.07
2010-02-19,159.938
2010-02-20,119.47
2010-02-21,191.68
2010-02-22,122.99
2010-02-23,178.12
2010-02-24,169.562
2010-02-25,139.63
2010-02-26,188.88
2010-02-27,316.55
2010-02-28,321.76
2010-03-01,389.13
2010-03-02,290.04
2010-03-03,217.89
2010-03-04,208.53
2010-03-05,148.89
2010-03-06,155.55
2010-03-07,121.22
2010-03-08,89.92
2010-03-09,77.4
2010-03-10,85.11
2010-03-11,82.82
2010-03-12,89.19
2010-03-13,124.92
2010-03-14,80.08
2010-03-15,69.09
2010-03-16,68.0
2010-03-17,92.86
2010-03-18,66.05
2010-03-19,64.65
2010-03-20,55.81
2010-03-21,54.74
2010-03-22,48.59
2010-03-23,47.12
2010-03-24,52.41
2010-03-25,44.74
2010-03-26,41.53
2010-03-27,44.48
2010-03-28,45.21
2010-03-29,42.89
2010-03-30,46.93
2010-03-31,38.05
2010-04-01,36.38
2010-04-02,39.37
2010-04-03,31.66
2010-04-04,31.66
2010-04-05,40.21
2010-04-06,52.46
2010-04-07,48.1
2010-04-08,56.35
2010-04-09,58.01
2010-04-10,52.64
2010-04-11,45.21
2010-04-12,35.16
2010-04-13,42.01
2010-04-14,36.38
2010-04-15,34.76
2010-04-16,37.95
2010-04-17,35.16
2010-04-18,39.34
2010-04-19,38.05
2010-04-20,38.48
2010-04-21,38.66
2010-04-22,41.09
2010-04-23,38.91
2010-04-24,21.4
2010-04-25,19.86
2010-04-26,17.96
2010-04-27,13.88
2010-04-28,16.92
2010-04-29,16.67
2010-04-30,16.67
2010-05-01,14.53
2010-05-02,21.0
2010-05-03,17.96
2010-05-04,14.03
2010-05-05,12.95
2010-05-06,11.31
2010-05-07,10.38
2010-05-08,9.8
2010-05-09,9.1
2010-05-10,8.43
2010-05-11,5.33
2010-05-12,7.79
2010-05-13,6.75
2010-05-14,5.17
2010-05-15,6.61
2010-05-16,6.2
2010-05-17,6.61
2010-05-18,6.07
2010-05-19,4.63
2010-05-20,6.07
2010-05-21,6.07
2010-05-22,4.09
2010-05-23,5.18
2010-05-24,5.06
2010-05-25,3.33
2010-05-26,4.17
2010-05-27,4.17
2010-05-28,3.29
2010-05-29,4.38
2010-05-30,4.17
2010-05-31,3.57
2010-06-01,3.51
2010-06-02,4.6
2010-06-03,5.55
2010-06-04,4.6
2010-06-05,4.6
2010-06-06,4.17
2010-06-07,4.17
2010-06-08,3.77
2010-06-09,3.76
2010-06-10,3.38
2010-06-11,3.64
2010-06-12,3.2
2010-06-13,3.03
2010-06-14,3.03
2010-06-15,3.18
2010-06-16,3.03
2010-06-17,2.7
2010-06-18,2.58
2010-06-19,1.39
2010-06-20,1.19
2010-06-21,1.19
2010-06-22,1.51
2010-06-23,1.91
2010-06-24,2.11
2010-06-25,2.13
2010-06-26,2.39
2010-06-27,2.11
2010-06-28,1.85
2010-06-29,1.92
2010-06-30,2.11
2010-07-01,2.11
2010-07-02,2.11
2010-07-03,1.99
2010-07-04,2.11
2010-07-05,2.11
2010-07-06,1.91
2010-07-07,2.39
2010-07-08,2.39
2010-07-09,1.89
2010-07-10,2.11
2010-07-11,2.11
2010-07-12,1.85
2010-07-13,1.54
2010-07-14,1.61
2010-07-15,1.61
2010-07-16,1.51
2010-07-17,1.61
2010-07-18,1.61
2010-07-19,1.61
2010-07-20,1.54
2010-07-21,1.61
2010-07-22,1.61
2010-07-23,1.68
2010-07-24,1.61
2010-07-25,1.85
2010-07-26,1.85
2010-07-27,1.89
2010-07-28,1.85
2010-07-29,2.11
2010-07-30,1.12
2010-07-31,1.85
2010-08-01,2.7
2010-08-02,3.03
2010-08-03,2.57
2010-08-04,2.7
2010-08-05,3.48
2010-08-06,3.58
2010-08-07,2.39
2010-08-08,3.76
2010-08-09,3.03
2010-08-10,2.85
2010-08-11,2.7
2010-08-12,1.85
2010-08-13,2.0
2010-08-14,1.61
2010-08-15,1.61
2010-08-16,1.61
2010-08-17,1.61
2010-08-18,1.93
2010-08-19,1.39
2010-08-20,1.39
2010-08-21,1.87
2010-08-22,1.19
2010-08-23,1.61
2010-08-24,1.96
2010-08-25,1.39
2010-08-26,1.39
2010-08-27,2.09
2010-08-28,1.39
2010-08-29,1.61
2010-08-30,2.39
2010-08-31,2.67
2010-09-01,2.22
2010-09-02,2.22
2010-09-03,2.87
2010-09-04,2.14
2010-09-05,2.01
2010-09-06,1.87
2010-09-07,1.91
2010-09-08,1.87
2010-09-09,1.87
2010-09-10,1.79
2010-09-11,1.48
2010-09-12,1.35
2010-09-13,1.35
2010-09-14,1.24
2010-09-15,1.22
2010-09-16,0.75
2010-09-17,1.62
2010-09-18,1.87
2010-09-19,1.87
2010-09-20,1.74
2010-09-21,1.84
2010-09-22,2.41
2010-09-23,2.42
2010-09-24,2.42
2010-09-25,2.3
2010-09-26,2.42
2010-09-27,2.42
2010-09-28,2.39
2010-09-29,2.42
2010-09-30,2.28
2010-10-01,2.15
2010-10-02,2.28
2010-10-03,2.42
2010-10-04,2.28
2010-10-05,2.4
2010-10-06,2.14
2010-10-07,2.14
2010-10-08,2.18
2010-10-09,2.11
2010-10-10,2.67
2010-10-11,2.36
2010-10-12,3.8
2010-10-13,5.4
2010-10-14,5.05
2010-10-15,5.57
2010-10-16,6.13
2010-10-17,8.51
2010-10-18,7.69
2010-10-19,7.69
2010-10-20,7.29
2010-10-21,8.94
2010-10-22,9.37
2010-10-23,7.79
2010-10-24,7.89
2010-10-25,8.51
2010-10-26,7.0
2010-10-27,6.89
2010-10-28,5.58
2010-10-29,5.76
2010-10-30,5.4
2010-10-31,5.4
2010-11-01,4.87
2010-11-02,6.13
2010-11-03,4.52
2010-11-04,3.4
2010-11-05,3.4
2010-11-06,4.3
2010-11-07,3.4
2010-11-08,3.4
2010-11-09,5.52
2010-11-10,6.13
2010-11-11,7.49
2010-11-12,7.79
2010-11-13,9.37
2010-11-14,8.51
2010-11-15,7.69
2010-11-16,7.69
2010-11-17,6.97
2010-11-18,5.58
2010-11-19,5.4
2010-11-20,5.51
2010-11-21,4.7
2010-11-22,5.4
2010-11-23,5.53
2010-11-24,4.7
2010-11-25,5.4
2010-11-26,5.82
2010-11-27,7.29
2010-11-28,7.69
2010-11-29,7.69
2010-11-30,7.06
2010-12-01,7.69
2010-12-02,6.52
2010-12-03,6.89
2010-12-04,7.69
2010-12-05,6.89
2010-12-06,9.59
2010-12-07,8.96
2010-12-08,11.17
2010-12-09,12.85
2010-12-10,17.34
2010-12-11,15.17
2010-12-12,20.84
2010-12-13,23.02
2010-12-14,22.85
2010-12-15,21.15
2010-12-16,19.64
2010-12-17,13.92
2010-12-18,15.42
2010-12-19,14.11
2010-12-20,15.42
2010-12-21,15.96
2010-12-22,15.04
2010-12-23,17.34
2010-12-24,23.66
2010-12-25,31.86
2010-12-26,35.33
2010-12-27,50.49
2010-12-28,76.62
2010-12-29,76.86
2010-12-30,73.55
2010-12-31,43.69
2011-01-01,29.05
2011-01-02,21.76
2011-01-03,16.51
2011-01-04,14.43
2011-01-05,12.85
2011-01-06,10.25
2011-01-07,7.24
2011-01-08,7.69
2011-01-09,6.89
2011-01-10,5.76
2011-01-11,5.58
2011-01-12,7.36
2011-01-13,10.71
2011-01-14,10.94
2011-01-15,7.89
2011-01-16,10.03
2011-01-17,7.49
2011-01-18,5.96
2011-01-19,4.36
2011-01-20,3.4
2011-01-21,3.7
2011-01-22,3.09
2011-01-23,2.79
2011-01-24,3.55
2011-01-25,4.87
2011-01-26,7.08
2011-01-27,33.05
2011-01-28,39.29
2011-01-29,24.37
2011-01-30,23.66
2011-01-31,20.54
2011-02-01,19.2
2011-02-02,69.24
2011-02-03,60.01
2011-02-04,112.03
2011-02-05,72.46
2011-02-06,94.48
2011-02-07,83.69
2011-02-08,121.4
2011-02-09,242.27
2011-02-10,96.96
2011-02-11,152.39
2011-02-12,210.63
2011-02-13,67.66
2011-02-14,53.73
2011-02-15,107.79
2011-02-16,140.18
2011-02-17,154.73
2011-02-18,305.63
2011-02-19,143.94
2011-02-20,198.18
2011-02-21,137.2
2011-02-22,105.24
2011-02-23,257.21
2011-02-24,156.3
2011-02-25,134.99
2011-02-26,292.0
2011-02-27,132.07
2011-02-28,157.09
2011-03-01,129.05
2011-03-02,100.74
2011-03-03,76.3
2011-03-04,62.39
2011-03-05,101.38
2011-03-06,146.98
2011-03-07,103.3
2011-03-08,89.01
2011-03-09,94.88
2011-03-10,82.54
2011-03-11,59.51
2011-03-12,51.02
2011-03-13,53.73
2011-03-14,77.98
2011-03-15,90.8
2011-03-16,84.86
2011-03-17,60.5
2011-03-18,93.86
2011-03-19,101.97
2011-03-20,118.63
2011-03-21,90.21
2011-03-22,110.9
2011-03-23,103.3
2011-03-24,85.45
2011-03-25,77.78
2011-03-26,73.55
2011-03-27,64.03
2011-03-28,98.84
2011-03-29,70.35
2011-03-30,62.0
2011-03-31,63.52
2011-04-01,68.63
2011-04-02,86.63
2011-04-03,78.54
2011-04-04,60.01
2011-04-05,52.79
2011-04-06,57.07
2011-04-07,92.92
2011-04-08,143.94
2011-04-09,122.1
2011-04-10,105.95
2011-04-11,89.01
2011-04-12,77.42
2011-04-13,69.0
2011-04-14,58.04
2011-04-15,56.59
2011-04-16,54.21
2011-04-17,53.26
2011-04-18,66.61
2011-04-19,57.62
2011-04-20,50.03
2011-04-21,45.15
2011-04-22,45.22
2011-04-23,29.05
2011-04-24,27.65
2011-04-25,38.01
2011-04-26,25.95
2011-04-27,23.34
2011-04-28,22.07
2011-04-29,32.34
2011-04-30,19.94
2011-05-01,35.48
2011-05-02,30.99
2011-05-03,30.48
2011-05-04,30.48
2011-05-05,29.9
2011-05-06,27.51
2011-05-07,28.23
2011-05-08,26.13
2011-05-09,26.13
2011-05-10,26.13
2011-05-11,26.13
2011-05-12,26.13
2011-05-13,26.13
2011-05-14,24.17
2011-05-15,24.17
2011-05-16,22.35
2011-05-17,20.96
2011-05-18,22.35
2011-05-19,22.35
2011-05-20,21.4
2011-05-21,20.65
2011-05-22,20.65
2011-05-23,20.65
2011-05-24,20.65
2011-05-25,20.02
2011-05-26,20.65
2011-05-27,19.07
2011-05-28,17.85
2011-05-29,19.07
2011-05-30,19.07
2011-05-31,17.4
2011-06-01,20.65
2011-06-02,19.07
2011-06-03,19.26
2011-06-04,13.79
2011-06-05,17.6
2011-06-06,19.07
2011-06-07,19.91
2011-06-08,20.65
2011-06-09,19.07
2011-06-10,19.9
2011-06-11,19.07
2011-06-12,6.69
2011-06-13,6.4
2011-06-14,5.42
2011-06-15,5.36
2011-06-16,5.36
2011-06-17,4.29
2011-06-18,4.08
2011-06-19,4.08
2011-06-20,4.08
2011-06-21,3.72
2011-06-22,4.07
2011-06-23,4.08
2011-06-24,4.08
2011-06-25,4.1
2011-06-26,3.72
2011-06-27,3.39
2011-06-28,3.5
2011-06-29,3.39
2011-06-30,3.39
2011-07-01,3.43
2011-07-02,3.39
2011-07-03,3.08
2011-07-04,3.63
2011-07-05,3.42
2011-07-06,3.39
2011-07-07,3.08
2011-07-08,3.44
2011-07-09,3.63
2011-07-10,3.72
2011-07-11,3.72
2011-07-12,4.27
2011-07-13,3.72
2011-07-14,3.72
2011-07-15,4.07
2011-07-16,3.72
2011-07-17,4.08
2011-07-18,4.08
2011-07-19,4.08
2011-07-20,4.1
2011-07-21,3.39
2011-07-22,3.39
2011-07-23,3.67
2011-07-24,3.39
2011-07-25,3.39
2011-07-26,3.44
2011-07-27,3.72
2011-07-28,3.72
2011-07-29,3.56
2011-07-30,3.72
2011-07-31,3.72
2011-08-01,3.72
2011-08-02,3.96
2011-08-03,3.39
2011-08-04,3.39
2011-08-05,3.2
2011-08-06,3.72
2011-08-07,3.39
2011-08-08,3.39
2011-08-09,3.43
2011-08-10,2.8
2011-08-11,3.08
2011-08-12,2.69
2011-08-13,2.8
2011-08-14,2.8
2011-08-15,2.8
2011-08-16,2.55
2011-08-17,2.25
2011-08-18,2.31
2011-08-19,2.31
2011-08-20,2.23
2011-08-21,2.1
2011-08-22,2.1
2011-08-23,2.05
2011-08-24,2.31
2011-08-25,2.1
2011-08-26,2.06
2011-08-27,2.31
2011-08-28,2.15
2011-08-29,2.1
2011-08-30,1.85
2011-08-31,2.1
2011-09-01,1.32
2011-09-02,1.89
2011-09-03,1.32
2011-09-04,1.32
2011-09-05,1.32
2011-09-06,1.91
2011-09-07,1.32
2011-09-08,1.32
2011-09-09,1.9
2011-09-10,1.32
2011-09-11,1.32
2011-09-12,1.47
2011-09-13,1.83
2011-09-14,1.47
2011-09-15,1.47
2011-09-16,2.03
2011-09-17,1.56
2011-09-18,1.47
2011-09-19,1.66
2011-09-20,1.66
2011-09-21,1.84
2011-09-22,1.47
2011-09-23,1.32
2011-09-24,1.92
2011-09-25,2.29
2011-09-26,2.14
2011-09-27,1.92
2011-09-28,2.29
2011-09-29,2.44
2011-09-30,1.93
2011-10-01,2.44
2011-10-02,2.44
2011-10-03,2.14
2011-10-04,1.85
2011-10-05,1.88
2011-10-06,1.88
2011-10-07,1.83
2011-10-08,4.0
2011-10-09,5.0
2011-10-10,5.27
2011-10-11,5.5
2011-10-12,5.55
2011-10-13,6.14
2011-10-14,6.35
2011-10-15,6.45
2011-10-16,6.14
2011-10-17,6.14
2011-10-18,6.14
2011-10-19,6.13
2011-10-20,6.14
2011-10-21,6.14
2011-10-22,5.92
2011-10-23,5.55
2011-10-24,5.55
2011-10-25,5.82
2011-10-26,6.77
2011-10-27,6.77
2011-10-28,5.13
2011-10-29,6.77
2011-10-30,6.77
2011-10-31,6.77
2011-11-01,5.51
2011-11-02,7.44
2011-11-03,8.5
2011-11-04,7.46
2011-11-05,8.14
2011-11-06,7.44
2011-11-07,7.44
2011-11-08,6.14
2011-11-09,6.77
2011-11-10,6.77
2011-11-11,5.99
2011-11-12,6.77
2011-11-13,6.77
2011-11-14,6.14
2011-11-15,5.39
2011-11-16,6.14
2011-11-17,6.14
2011-11-18,5.2
2011-11-19,9.65
2011-11-20,11.31
2011-11-21,11.31
2011-11-22,11.43
2011-11-23,10.46
2011-11-24,8.5
2011-11-25,9.16
2011-11-26,8.88
2011-11-27,8.88
2011-11-28,8.88
2011-11-29,7.83
2011-11-30,8.14
2011-12-01,8.14
2011-12-02,7.83
2011-12-03,8.14
2011-12-04,8.14
2011-12-05,7.44
2011-12-06,6.77
2011-12-07,6.42
2011-12-08,6.77
2011-12-09,6.77
2011-12-10,6.29
2011-12-11,7.44
2011-12-12,8.14
2011-12-13,9.08
2011-12-14,11.31
2011-12-15,11.31
2011-12-16,14.45
2011-12-17,13.84
2011-12-18,12.65
2011-12-19,11.31
2011-12-20,11.31
2011-12-21,14.73
2011-12-22,31.36
2011-12-23,33.64
2011-12-24,38.18
2011-12-25,28.81
2011-12-26,36.81
2011-12-27,28.8
2011-12-28,31.73
2011-12-29,57.87
2011-12-30,100.31
2011-12-31,65.24
2012-01-01,114.29
2012-01-02,103.16
2012-01-03,108.76
2012-01-04,95.33
2012-01-05,76.65
2012-01-06,138.45
2012-01-07,254.43
2012-01-08,210.47
2012-01-09,169.38
2012-01-10,226.36
2012-01-11,121.38
2012-01-12,96.69
2012-01-13,64.2
2012-01-14,65.6
2012-01-15,56.54
2012-01-16,47.97
2012-01-17,33.49
2012-01-18,39.2
2012-01-19,37.12
2012-01-20,21.6
2012-01-21,39.46
2012-01-22,52.62
2012-01-23,93.98
2012-01-24,41.64
2012-01-25,80.7
2012-01-26,104.57
2012-01-27,120.53
2012-01-28,176.84
2012-01-29,157.31
2012-01-30,174.96
2012-01-31,196.39
2012-02-01,121.89
2012-02-02,144.03
2012-02-03,208.33
2012-02-04,263.19
2012-02-05,196.25
2012-02-06,225.22
2012-02-07,167.74
2012-02-08,133.52
2012-02-09,118.31
2012-02-10,73.78
2012-02-11,144.03
2012-02-12,121.89
2012-02-13,147.43
2012-02-14,166.85
2012-02-15,200.26
2012-02-16,208.41
2012-02-17,172.1
2012-02-18,163.89
2012-02-19,161.48
2012-02-20,198.25
2012-02-21,169.47
2012-02-22,145.73
2012-02-23,173.71
2012-02-24,187.32
2012-02-25,184.48
2012-02-26,145.73
2012-02-27,144.59
2012-02-28,146.42
2012-02-29,144.03
2012-03-01,142.9
2012-03-02,144.14
2012-03-03,171.23
2012-03-04,236.8
2012-03-05,272.58
2012-03-06,368.64
2012-03-07,300.09
2012-03-08,276.53
2012-03-09,247.18
2012-03-10,208.72
2012-03-11,176.84
2012-03-12,168.76
2012-03-13,166.82
2012-03-14,140.66
2012-03-15,126.06
2012-03-16,118.58
2012-03-17,114.79
2012-03-18,110.35
2012-03-19,97.14
2012-03-20,104.32
2012-03-21,91.32
2012-03-22,90.45
2012-03-23,91.42
2012-03-24,82.35
2012-03-25,76.26
2012-03-26,74.29
2012-03-27,93.74
2012-03-28,95.78
2012-03-29,93.54
2012-03-30,114.29
2012-03-31,127.73
2012-04-01,99.43
2012-04-02,99.43
2012-04-03,96.23
2012-04-04,105.53
2012-04-05,119.84
2012-04-06,134.97
2012-04-07,127.11
2012-04-08,109.38
2012-04-09,104.1
2012-04-10,113.66
2012-04-11,128.7
2012-04-12,110.84
2012-04-13,156.19
2012-04-14,106.48
2012-04-15,101.28
2012-04-16,108.41
2012-04-17,105.15
2012-04-18,97.14
2012-04-19,100.82
2012-04-20,95.83
2012-04-21,87.84
2012-04-22,100.36
2012-04-23,90.88
2012-04-24,122.75
2012-04-25,94.88
2012-04-26,86.56
2012-04-27,79.52
2012-04-28,77.45
2012-04-29,71.58
2012-04-30,69.3
2012-05-01,69.14
2012-05-02,80.74
2012-05-03,101.53
2012-05-04,90.59
2012-05-05,55.78
2012-05-06,55.66
2012-05-07,51.39
2012-05-08,50.37
2012-05-09,38.69
2012-05-10,37.13
2012-05-11,33.48
2012-05-12,44.43
2012-05-13,32.79
2012-05-14,32.79
2012-05-15,42.62
2012-05-16,28.92
2012-05-17,27.73
2012-05-18,39.22
2012-05-19,25.48
2012-05-20,25.48
2012-05-21,25.48
2012-05-22,38.3
2012-05-23,23.39
2012-05-24,23.39
2012-05-25,23.39
2012-05-26,23.39
2012-05-27,36.19
2012-05-28,21.46
2012-05-29,20.56
2012-05-30,19.99
2012-05-31,9.83
2012-06-01,15.81
2012-06-02,15.45
2012-06-03,16.52
2012-06-04,16.52
2012-06-05,14.65
2012-06-06,15.12
2012-06-07,13.83
2012-06-08,14.69
2012-06-09,13.83
2012-06-10,15.12
2012-06-11,15.12
2012-06-12,12.96
2012-06-13,13.83
2012-06-14,13.83
2012-06-15,12.46
2012-06-16,13.83
2012-06-17,12.64
2012-06-18,12.64
2012-06-19,11.76
2012-06-20,12.64
2012-06-21,11.54
2012-06-22,11.88
2012-06-23,11.54
2012-06-24,11.54
2012-06-25,11.54
2012-06-26,11.15
2012-06-27,11.54
2012-06-28,11.54
2012-06-29,10.87
2012-06-30,11.54
2012-07-01,11.54
2012-07-02,11.54
2012-07-03,10.73
2012-07-04,10.54
2012-07-05,9.61
2012-07-06,10.65
2012-07-07,9.61
2012-07-08,8.76
2012-07-09,8.76
2012-07-10,8.61
2012-07-11,7.98
2012-07-12,7.98
2012-07-13,8.34
2012-07-14,7.98
2012-07-15,8.76
2012-07-16,9.61
2012-07-17,10.02
2012-07-18,10.54
2012-07-19,11.54
2012-07-20,9.41
2012-07-21,10.54
2012-07-22,10.54
2012-07-23,10.54
2012-07-24,9.41
2012-07-25,10.54
2012-07-26,10.54
2012-07-27,9.25
2012-07-28,10.54
2012-07-29,10.54
2012-07-30,10.54
2012-07-31,8.94
2012-08-01,9.61
2012-08-02,9.61
2012-08-03,7.76
2012-08-04,10.54
2012-08-05,9.61
2012-08-06,9.61
2012-08-07,7.68
2012-08-08,8.76
2012-08-09,8.76
2012-08-10,8.76
2012-08-11,7.05
2012-08-12,7.26
2012-08-13,7.98
2012-08-14,7.35
2012-08-15,7.98
2012-08-16,6.92
2012-08-17,6.88
2012-08-18,5.71
2012-08-19,5.44
2012-08-20,5.44
2012-08-21,6.19
2012-08-22,4.94
2012-08-23,4.94
2012-08-24,4.48
2012-08-25,6.09
2012-08-26,6.0
2012-08-27,6.0
2012-08-28,7.42
2012-08-29,6.0
2012-08-30,5.44
2012-08-31,5.28
2012-09-01,6.32
2012-09-02,6.32
2012-09-03,5.9
2012-09-04,8.88
2012-09-05,9.86
2012-09-06,8.41
2012-09-07,9.04
2012-09-08,11.2
2012-09-09,9.72
2012-09-10,9.04
2012-09-11,10.84
2012-09-12,9.04
2012-09-13,9.04
2012-09-14,9.72
2012-09-15,9.72
2012-09-16,9.72
2012-09-17,9.72
2012-09-18,9.04
2012-09-19,6.78
2012-09-20,6.32
2012-09-21,6.32
2012-09-22,5.74
2012-09-23,6.32
2012-09-24,5.9
2012-09-25,5.06
2012-09-26,5.9
2012-09-27,5.9
2012-09-28,5.13
2012-09-29,6.32
2012-09-30,6.78
2012-10-01,6.32
2012-10-02,6.78
2012-10-03,6.78
2012-10-04,6.16
2012-10-05,7.28
2012-10-06,7.28
2012-10-07,7.28
2012-10-08,7.28
2012-10-09,7.25
2012-10-10,7.83
2012-10-11,7.83
2012-10-12,8.12
2012-10-13,7.83
2012-10-14,7.83
2012-10-15,7.83
2012-10-16,8.43
2012-10-17,7.83
2012-10-18,7.83
2012-10-19,7.83
2012-10-20,8.6
2012-10-21,9.04
2012-10-22,9.04
2012-10-23,9.04
2012-10-24,9.04
2012-10-25,11.19
2012-10-26,10.07
2012-10-27,12.84
2012-10-28,14.66
2012-10-29,16.65
2012-10-30,18.45
2012-10-31,17.71
2012-11-01,18.81
2012-11-02,17.84
2012-11-03,17.71
2012-11-04,16.65
2012-11-05,17.71
2012-11-06,17.91
2012-11-07,18.81
2012-11-08,18.81
2012-11-09,17.26
2012-11-10,16.65
2012-11-11,16.65
2012-11-12,16.65
2012-11-13,13.46
2012-11-14,15.63
2012-11-15,14.66
2012-11-16,13.87
2012-11-17,15.63
2012-11-18,15.63
2012-11-19,17.18
2012-11-20,19.67
2012-11-21,18.66
2012-11-22,21.15
2012-11-23,19.96
2012-11-24,17.79
2012-11-25,17.44
2012-11-26,16.65
2012-11-27,14.27
2012-11-28,15.63
2012-11-29,14.66
2012-11-30,13.97
2012-12-01,16.14
2012-12-02,16.14
2012-12-03,17.71
2012-12-04,17.59
2012-12-05,22.07
2012-12-06,22.38
2012-12-07,22.38
2012-12-08,22.5
2012-12-09,22.38
2012-12-10,27.03
2012-12-11,85.78
2012-12-12,96.7
2012-12-13,101.7
2012-12-14,113.44
2012-12-15,124.62
2012-12-16,105.35
2012-12-17,103.89
2012-12-18,100.94
2012-12-19,100.26
2012-12-20,98.83
2012-12-21,67.12
2012-12-22,57.74
2012-12-23,88.44
2012-12-24,84.45
2012-12-25,78.02
2012-12-26,94.52
2012-12-27,131.96
2012-12-28,87.77
2012-12-29,75.69
2012-12-30,60.33
2012-12-31,60.33
2013-01-01,60.18
2013-01-02,59.12
2013-01-03,55.07
2013-01-04,46.77
2013-01-05,54.77
2013-01-06,75.96
2013-01-07,78.82
2013-01-08,68.28
2013-01-09,71.46
2013-01-10,68.71
2013-01-11,71.63
2013-01-12,113.75
2013-01-13,114.42
2013-01-14,90.08
2013-01-15,73.17
2013-01-16,100.67
2013-01-17,131.05
2013-01-18,141.93
2013-01-19,143.09
2013-01-20,218.75
2013-01-21,128.21
2013-01-22,132.46
2013-01-23,105.17
2013-01-24,85.86
2013-01-25,75.22
2013-01-26,75.39
2013-01-27,68.71
2013-01-28,68.71
2013-01-29,120.19
2013-01-30,110.42
2013-01-31,95.0
2013-02-01,122.35
2013-02-02,100.67
2013-02-03,82.31
2013-02-04,91.91
2013-02-05,69.0
2013-02-06,87.66
2013-02-07,106.47
2013-02-08,133.6
2013-02-09,109.1
2013-02-10,88.26
2013-02-11,84.67
2013-02-12,67.57
2013-02-13,57.1
2013-02-14,54.07
2013-02-15,71.33
2013-02-16,87.06
2013-02-17,107.13
2013-02-18,106.47
2013-02-19,114.5
2013-02-20,172.8
2013-02-21,248.3
2013-02-22,229.63
2013-02-23,158.06
2013-02-24,111.75
2013-02-25,91.3
2013-02-26,105.87
2013-02-27,140.46
2013-02-28,181.77
2013-03-01,149.76
2013-03-02,115.77
2013-03-03,97.5
2013-03-04,90.69
2013-03-05,90.89
2013-03-06,77.67
2013-03-07,73.14
2013-03-08,82.23
2013-03-09,105.82
2013-03-10,89.47
2013-03-11,125.4
2013-03-12,106.47
2013-03-13,95.13
2013-03-14,73.7
2013-03-15,70.36
2013-03-16,78.85
2013-03-17,79.4
2013-03-18,87.06
2013-03-19,85.84
2013-03-20,61.75
2013-03-21,55.58
2013-03-22,49.16
2013-03-23,53.94
2013-03-24,40.75
2013-03-25,29.56
2013-03-26,36.36
2013-03-27,25.56
2013-03-28,24.01
2013-03-29,37.22
2013-03-30,25.56
2013-03-31,25.56
2013-04-01,25.56
2013-04-02,25.56
2013-04-03,25.56
2013-04-04,25.56
2013-04-05,31.68
2013-04-06,25.56
2013-04-07,25.56
2013-04-08,25.56
2013-04-09,26.29
2013-04-10,22.48
2013-04-11,20.98
2013-04-12,19.91
2013-04-13,20.98
2013-04-14,20.25
2013-04-15,19.51
2013-04-16,18.43
2013-04-17,18.07
2013-04-18,18.07
2013-04-19,18.07
2013-04-20,15.11
2013-04-21,18.07
2013-04-22,18.07
2013-04-23,16.05
2013-04-24,17.0
2013-04-25,16.65
2013-04-26,14.49
2013-04-27,15.26
2013-04-28,15.26
2013-04-29,15.26
2013-04-30,14.89
2013-05-01,13.77
2013-05-02,13.77
2013-05-03,15.17
2013-05-04,13.77
2013-05-05,13.77
2013-05-06,15.12
2013-05-07,15.43
2013-05-08,15.57
2013-05-09,15.57
2013-05-10,15.35
2013-05-11,15.57
2013-05-12,15.57
2013-05-13,15.57
2013-05-14,14.86
2013-05-15,13.77
2013-05-16,12.42
2013-05-17,14.11
2013-05-18,13.77
2013-05-19,13.77
2013-05-20,13.77
2013-05-21,14.37
2013-05-22,13.77
2013-05-23,13.77
2013-05-24,14.03
2013-05-25,13.77
2013-05-26,13.77
2013-05-27,13.77
2013-05-28,13.17
2013-05-29,11.97
2013-05-30,10.17
2013-05-31,12.57
2013-06-01,11.97
2013-06-02,11.97
2013-06-03,11.97
2013-06-04,12.32
2013-06-05,11.97
2013-06-06,11.97
2013-06-07,12.26
2013-06-08,11.97
2013-06-09,11.97
2013-06-10,11.97
2013-06-11,12.26
2013-06-12,11.97
2013-06-13,11.97
2013-06-14,12.35
2013-06-15,11.97
2013-06-16,11.97
2013-06-17,11.07
2013-06-18,11.48
2013-06-19,10.17
2013-06-20,10.17
2013-06-21,11.39
2013-06-22,11.52
2013-06-23,11.97
2013-06-24,11.97
2013-06-25,10.23
2013-06-26,11.97
2013-06-27,11.97
2013-06-28,11.62
2013-06-29,11.97
2013-06-30,11.97
2013-07-01,11.97
2013-07-02,11.71
2013-07-03,5.67
2013-07-04,6.6
2013-07-05,3.14
2013-07-06,7.98
2013-07-07,4.77
2013-07-08,6.57
2013-07-09,5.36
2013-07-10,4.77
2013-07-11,4.77
2013-07-12,5.04
2013-07-13,4.77
2013-07-14,7.98
2013-07-15,4.77
2013-07-16,5.38
2013-07-17,4.77
2013-07-18,4.77
2013-07-19,5.64
2013-07-20,6.6
2013-07-21,5.44
2013-07-22,4.77
2013-07-23,5.92
2013-07-24,6.57
2013-07-25,6.57
2013-07-26,6.57
2013-07-27,6.43
2013-07-28,6.57
2013-07-29,6.57
2013-07-30,6.37
2013-07-31,6.57
2013-08-01,6.57
2013-08-02,6.57
2013-08-03,6.13
2013-08-04,6.57
2013-08-05,6.57
2013-08-06,5.94
2013-08-07,6.57
2013-08-08,6.57
2013-08-09,8.36
2013-08-10,6.57
2013-08-11,7.92
2013-08-12,8.37
2013-08-13,5.91
2013-08-14,8.36
2013-08-15,6.0
2013-08-16,4.94
2013-08-17,2.38
2013-08-18,4.06
2013-08-19,4.48
2013-08-20,2.18
2013-08-21,3.67
2013-08-22,3.0
2013-08-23,3.0
2013-08-24,2.07
2013-08-25,3.0
2013-08-26,4.26
2013-08-27,2.61
2013-08-28,3.32
2013-08-29,3.32
2013-08-30,2.14
2013-08-31,3.32
2013-09-01,3.42
2013-09-02,3.82
2013-09-03,3.82
2013-09-04,5.16
2013-09-05,3.82
2013-09-06,3.82
2013-09-07,5.06
2013-09-08,3.82
2013-09-09,3.42
2013-09-10,5.61
2013-09-11,5.01
2013-09-12,4.61
2013-09-13,5.05
2013-09-14,5.01
2013-09-15,4.41
2013-09-16,4.21
2013-09-17,3.79
2013-09-18,3.42
2013-09-19,3.42
2013-09-20,3.03
2013-09-21,3.24
2013-09-22,3.03
2013-09-23,2.63
2013-09-24,3.04
2013-09-25,3.42
2013-09-26,3.03
2013-09-27,3.26
2013-09-28,3.03
2013-09-29,3.42
2013-09-30,3.03
2013-10-01,3.03
2013-10-02,2.65
2013-10-03,3.03
2013-10-04,3.03
2013-10-05,3.01
2013-10-06,3.03
2013-10-07,2.63
2013-10-08,3.63
2013-10-09,2.63
2013-10-10,2.63
2013-10-11,3.03
2013-10-12,3.01
2013-10-13,2.63
2013-10-14,3.42
2013-10-15,3.63
2013-10-16,4.61
2013-10-17,4.21
2013-10-18,3.06
2013-10-19,3.42
2013-10-20,3.03
2013-10-21,3.03
2013-10-22,2.37
2013-10-23,2.63
2013-10-24,3.42
2013-10-25,3.82
2013-10-26,4.21
2013-10-27,4.21
2013-10-28,5.4
2013-10-29,7.01
2013-10-30,6.59
2013-10-31,6.19
2013-11-01,6.96
2013-11-02,5.8
2013-11-03,5.4
2013-11-04,5.8
2013-11-05,6.19
2013-11-06,7.76
2013-11-07,6.59
2013-11-08,7.18
2013-11-09,7.38
2013-11-10,6.19
2013-11-11,5.6
2013-11-12,4.67
2013-11-13,4.81
2013-11-14,4.21
2013-11-15,3.74
2013-11-16,4.21
2013-11-17,4.61
2013-11-18,5.01
2013-11-19,3.93
2013-11-20,4.61
2013-11-21,4.61
2013-11-22,4.46
2013-11-23,6.19
2013-11-24,7.18
2013-11-25,6.98
2013-11-26,6.16
2013-11-27,5.8
2013-11-28,5.8
2013-11-29,4.5
2013-11-30,5.4
2013-12-01,5.4
2013-12-02,6.09
2013-12-03,5.01
2013-12-04,4.27
2013-12-05,5.4
2013-12-06,5.4
2013-12-07,4.35
2013-12-08,5.6
2013-12-09,6.98
2013-12-10,14.79
2013-12-11,8.27
2013-12-12,8.57
2013-12-13,34.6
2013-12-14,37.58
2013-12-15,40.62
2013-12-16,63.95
2013-12-17,75.46
2013-12-18,44.68
2013-12-19,38.59
2013-12-20,32.93
2013-12-21,32.51
2013-12-22,51.78
2013-12-23,62.43
2013-12-24,45.7
2013-12-25,45.56
2013-12-26,41.13
2013-12-27,68.01
2013-12-28,71.06
2013-12-29,67.33
2013-12-30,101.49
2013-12-31,92.86
2014-01-01,63.87
2014-01-02,48.23
2014-01-03,40.62
2014-01-04,41.22
2014-01-05,68.52
2014-01-06,61.93
2014-01-07,103.22
2014-01-08,82.21
2014-01-09,85.26
2014-01-10,98.67
2014-01-11,68.01
2014-01-12,54.32
2014-01-13,48.74
2014-01-14,51.43
2014-01-15,40.12
2014-01-16,83.74
2014-01-17,125.67
2014-01-18,124.31
2014-01-19,133.44
2014-01-20,120.25
2014-01-21,122.79
2014-01-22,96.8
2014-01-23,153.73
2014-01-24,108.59
2014-01-25,83.74
2014-01-26,52.7
2014-01-27,48.74
2014-01-28,44.68
2014-01-29,41.83
2014-01-30,40.62
2014-01-31,44.17
2014-02-01,93.65
2014-02-02,128.88
2014-02-03,83.74
2014-02-04,55.84
2014-02-05,49.38
2014-02-06,44.47
2014-02-07,199.34
2014-02-08,67.05
2014-02-09,39.49
2014-02-10,35.88
2014-02-11,34.19
2014-02-12,39.97
2014-02-13,32.57
2014-02-14,32.57
2014-02-15,32.59
2014-02-16,29.55
2014-02-17,32.57
2014-02-18,32.67
2014-02-19,27.46
2014-02-20,26.14
2014-02-21,24.88
2014-02-22,27.29
2014-02-23,24.27
2014-02-24,24.27
2014-02-25,26.84
2014-02-26,24.27
2014-02-27,21.98
2014-02-28,18.05
2014-03-01,20.39
2014-03-02,17.97
2014-03-03,16.23
2014-03-04,15.2
2014-03-05,13.22
2014-03-06,13.92
2014-03-07,17.08
2014-03-08,16.12
2014-03-09,17.97
2014-03-10,17.97
2014-03-11,14.33
2014-03-12,14.65
2014-03-13,14.65
2014-03-14,17.97
2014-03-15,19.16
2014-03-16,20.9
2014-03-17,24.27
2014-03-18,42.02
2014-03-19,124.04
2014-03-20,106.28
2014-03-21,42.41
2014-03-22,36.72
2014-03-23,24.27
2014-03-24,31.03
2014-03-25,28.84
2014-03-26,29.63
2014-03-27,26.14
2014-03-28,29.55
2014-03-29,27.89
2014-03-30,19.88
2014-03-31,17.97
2014-04-01,18.01
2014-04-02,17.08
2014-04-03,26.14
2014-04-04,41.45
2014-04-05,26.79
2014-04-06,24.27
2014-04-07,19.88
2014-04-08,22.42
2014-04-09,28.84
2014-04-10,35.88
2014-04-11,30.28
2014-04-12,31.59
2014-04-13,21.98
2014-04-14,19.88
2014-04-15,19.88
2014-04-16,19.88
2014-04-17,19.88
2014-04-18,23.18
2014-04-19,19.88
2014-04-20,19.88
2014-04-21,19.88
2014-04-22,19.88
2014-04-23,22.35
2014-04-24,19.88
2014-04-25,18.43
2014-04-26,17.97
2014-04-27,17.87
2014-04-28,16.23
2014-04-29,16.23
2014-04-30,13.12
2014-05-01,13.22
2014-05-02,11.91
2014-05-03,9.67
2014-05-04,10.72
2014-05-05,10.72
2014-05-06,9.31
2014-05-07,9.65
2014-05-08,9.65
2014-05-09,9.22
2014-05-10,8.67
2014-05-11,8.67
2014-05-12,8.67
2014-05-13,6.64
2014-05-14,7.79
2014-05-15,7.79
2014-05-16,5.05
2014-05-17,7.79
2014-05-18,7.18
2014-05-19,6.99
2014-05-20,4.98
2014-05-21,9.15
2014-05-22,9.65
2014-05-23,6.37
2014-05-24,9.65
2014-05-25,8.22
2014-05-26,7.79
2014-05-27,4.37
2014-05-28,5.17
2014-05-29,5.03
2014-05-30,4.33
2014-05-31,4.62
2014-06-01,5.62
2014-06-02,6.27
2014-06-03,4.78
2014-06-04,5.62
2014-06-05,5.62
2014-06-06,4.84
2014-06-07,5.62
2014-06-08,5.62
2014-06-09,5.03
2014-06-10,4.34
2014-06-11,4.37
2014-06-12,4.01
2014-06-13,3.58
2014-06-14,3.69
2014-06-15,3.38
2014-06-16,3.19
2014-06-17,3.18
2014-06-18,2.61
2014-06-19,2.53
2014-06-20,2.27
2014-06-21,2.53
2014-06-22,2.53
2014-06-23,2.93
2014-06-24,2.78
2014-06-25,2.85
2014-06-26,2.53
2014-06-27,2.06
2014-06-28,3.38
2014-06-29,4.25
2014-06-30,4.49
2014-07-01,4.09
2014-07-02,5.03
2014-07-03,5.03
2014-07-04,5.03
2014-07-05,3.57
2014-07-06,5.03
2014-07-07,4.25
2014-07-08,2.93
2014-07-09,3.19
2014-07-10,3.19
2014-07-11,3.35
2014-07-12,3.69
2014-07-13,3.58
2014-07-14,3.58
2014-07-15,3.11
2014-07-16,3.58
2014-07-17,3.58
2014-07-18,3.58
2014-07-19,3.26
2014-07-20,3.58
2014-07-21,2.53
2014-07-22,2.53
2014-07-23,2.99
2014-07-24,2.53
2014-07-25,2.53
2014-07-26,1.62
2014-07-27,1.57
2014-07-28,1.57
2014-07-29,2.7
2014-07-30,2.53
2014-07-31,2.53
2014-08-01,2.75
2014-08-02,2.53
2014-08-03,2.53
2014-08-04,3.58
2014-08-05,2.31
2014-08-06,2.53
2014-08-07,2.0
2014-08-08,3.18
2014-08-09,2.0
2014-08-10,2.0
2014-08-11,1.77
2014-08-12,1.44
2014-08-13,1.35
2014-08-14,2.0
2014-08-15,2.04
2014-08-16,1.57
2014-08-17,1.77
2014-08-18,1.77
2014-08-19,2.08
2014-08-20,1.57
2014-08-21,1.57
2014-08-22,2.0
2014-08-23,1.57
2014-08-24,1.39
2014-08-25,0.77
2014-08-26,1.07
2014-08-27,0.57
2014-08-28,0.5
2014-08-29,1.48
2014-08-30,0.96
2014-08-31,1.23
2014-09-01,1.41
2014-09-02,2.19
2014-09-03,1.59
2014-09-04,2.23
2014-09-05,2.39
2014-09-06,1.86
2014-09-07,1.86
2014-09-08,2.04
2014-09-09,2.18
2014-09-10,1.86
2014-09-11,1.86
2014-09-12,1.93
2014-09-13,1.86
2014-09-14,1.86
2014-09-15,1.95
2014-09-16,1.07
2014-09-17,1.23
2014-09-18,1.12
2014-09-19,1.0
2014-09-20,1.55
2014-09-21,1.55
2014-09-22,1.7
2014-09-23,1.84
2014-09-24,1.7
2014-09-25,1.55
2014-09-26,1.78
2014-09-27,1.55
2014-09-28,1.55
2014-09-29,1.55
2014-09-30,1.57
2014-10-01,1.86
2014-10-02,3.17
2014-10-03,3.3
2014-10-04,5.62
2014-10-05,7.18
2014-10-06,5.07
2014-10-07,5.07
2014-10-08,5.25
2014-10-09,15.2
2014-10-10,15.2
2014-10-11,7.27
2014-10-12,8.45
2014-10-13,3.39
2014-10-14,1.7
2014-10-15,3.12
2014-10-16,2.09
2014-10-17,2.44
2014-10-18,1.87
2014-10-19,2.04
2014-10-20,2.55
2014-10-21,3.75
2014-10-22,4.42
2014-10-23,3.75
2014-10-24,5.07
2014-10-25,5.68
2014-10-26,5.07
2014-10-27,5.07
2014-10-28,3.75
2014-10-29,3.13
2014-10-30,3.17
2014-10-31,2.66
2014-11-01,2.54
2014-11-02,2.66
2014-11-03,2.66
2014-11-04,2.6
2014-11-05,2.66
2014-11-06,2.04
2014-11-07,2.04
2014-11-08,1.66
2014-11-09,1.7
2014-11-10,1.7
2014-11-11,1.7
2014-11-12,1.64
2014-11-13,1.41
2014-11-14,1.07
2014-11-15,1.02
2014-11-16,1.91
2014-11-17,3.45
2014-11-18,5.01
2014-11-19,4.23
2014-11-20,3.03
2014-11-21,2.44
2014-11-22,2.25
2014-11-23,2.04
2014-11-24,2.23
2014-11-25,2.15
2014-11-26,1.86
2014-11-27,1.7
2014-11-28,1.13
2014-11-29,1.17
2014-11-30,0.88
2014-12-01,1.41
2014-12-02,1.37
2014-12-03,1.41
2014-12-04,2.33
2014-12-05,2.0
2014-12-06,1.17
2014-12-07,1.17
2014-12-08,1.17
2014-12-09,1.7
2014-12-10,1.69
2014-12-11,1.55
2014-12-12,1.55
2014-12-13,1.23
2014-12-14,1.07
2014-12-15,1.7
2014-12-16,1.7
2014-12-17,2.83
2014-12-18,3.92
2014-12-19,2.96
2014-12-20,4.23
2014-12-21,7.39
2014-12-22,2.54
2014-12-23,3.45
2014-12-24,3.63
2014-12-25,3.75
2014-12-26,7.6
2014-12-27,7.35
2014-12-28,11.4
2014-12-29,14.35
2014-12-30,46.41
2014-12-31,91.96
2015-01-01,66.23
2015-01-02,24.92
2015-01-03,33.33
2015-01-04,98.71
2015-01-05,93.22
2015-01-06,44.94
2015-01-07,86.05
2015-01-08,75.09
2015-01-09,39.3
2015-01-10,35.44
2015-01-11,56.53
2015-01-12,93.22
2015-01-13,50.63
2015-01-14,36.46
2015-01-15,28.69
2015-01-16,20.26
2015-01-17,20.35
2015-01-18,15.2
2015-01-19,15.2
2015-01-20,20.35
2015-01-21,24.05
2015-01-22,25.32
2015-01-23,26.6
2015-01-24,25.32
2015-01-25,23.63
2015-01-26,21.94
2015-01-27,23.33
2015-01-28,28.69
2015-01-29,39.24
2015-01-30,51.05
2015-01-31,60.54
2015-02-01,67.5
2015-02-02,59.48
2015-02-03,41.41
2015-02-04,29.96
2015-02-05,25.32
2015-02-06,23.93
2015-02-07,22.25
2015-02-08,27.57
2015-02-09,34.29
2015-02-10,44.56
2015-02-11,46.95
2015-02-12,70.41
2015-02-13,88.47
2015-02-14,84.19
2015-02-15,99.45
2015-02-16,125.3
2015-02-17,140.07
2015-02-18,92.37
2015-02-19,62.27
2015-02-20,46.5
2015-02-21,36.06
2015-02-22,32.17
2015-02-23,32.17
2015-02-24,37.58
2015-02-25,32.88
2015-02-26,27.21
2015-02-27,25.09
2015-02-28,27.04
2015-03-01,26.5
2015-03-02,26.5
2015-03-03,26.15
2015-03-04,26.5
2015-03-05,33.23
2015-03-06,31.76
2015-03-07,42.79
2015-03-08,48.1
2015-03-09,37.13
2015-03-10,28.99
2015-03-11,27.57
2015-03-12,26.5
2015-03-13,26.14
2015-03-14,26.5
2015-03-15,22.25
2015-03-16,20.84
2015-03-17,16.39
2015-03-18,18.01
2015-03-19,20.84
2015-03-20,17.46
2015-03-21,25.09
2015-03-22,32.52
2015-03-23,30.75
2015-03-24,25.86
2015-03-25,23.67
2015-03-26,24.38
2015-03-27,25.44
2015-03-28,24.98
2015-03-29,21.55
2015-03-30,20.13
2015-03-31,17.19
2015-04-01,17.3
2015-04-02,23.67
2015-04-03,44.67
2015-04-04,44.21
2015-04-05,31.82
2015-04-06,24.73
2015-04-07,25.37
2015-04-08,28.27
2015-04-09,38.9
2015-04-10,49.24
2015-04-11,45.98
2015-04-12,54.12
2015-04-13,43.15
2015-04-14,40.56
2015-04-15,34.29
2015-04-16,34.29
2015-04-17,31.99
2015-04-18,26.86
2015-04-19,24.38
2015-04-20,25.09
2015-04-21,28.36
2015-04-22,27.21
2015-04-23,25.8
2015-04-24,64.39
2015-04-25,65.1
2015-04-26,58.73
2015-04-27,53.77
2015-04-28,53.43
2015-04-29,40.31
2015-04-30,33.94
2015-05-01,30.37
2015-05-02,28.27
2015-05-03,25.09
2015-05-04,23.67
2015-05-05,22.45
2015-05-06,20.84
2015-05-07,19.42
2015-05-08,19.22
2015-05-09,19.42
2015-05-10,18.01
2015-05-11,17.3
2015-05-12,15.71
2015-05-13,16.59
2015-05-14,15.17
2015-05-15,14.89
2015-05-16,15.17
2015-05-17,15.17
2015-05-18,15.17
2015-05-19,13.18
2015-05-20,12.34
2015-05-21,12.34
2015-05-22,12.65
2015-05-23,12.34
2015-05-24,11.28
2015-05-25,9.51
2015-05-26,8.82
2015-05-27,9.51
2015-05-28,8.09
2015-05-29,7.16
2015-05-30,6.67
2015-05-31,6.67
2015-06-01,6.67
2015-06-02,3.98
2015-06-03,3.98
2015-06-04,3.98
2015-06-05,3.77
2015-06-06,3.52
2015-06-07,3.52
2015-06-08,3.52
2015-06-09,3.31
2015-06-10,3.1
2015-06-11,3.1
2015-06-12,3.1
2015-06-13,2.99
2015-06-14,3.1
2015-06-15,2.92
2015-06-16,2.65
2015-06-17,2.74
2015-06-18,2.74
2015-06-19,2.52
2015-06-20,2.34
2015-06-21,2.41
2015-06-22,2.41
2015-06-23,2.6
2015-06-24,2.41
2015-06-25,2.41
2015-06-26,2.62
2015-06-27,2.41
2015-06-28,2.41
2015-06-29,2.41
2015-06-30,2.57
2015-07-01,2.74
2015-07-02,3.1
2015-07-03,2.54
2015-07-04,2.41
2015-07-05,2.41
2015-07-06,2.74
2015-07-07,2.48
2015-07-08,2.41
2015-07-09,2.41
2015-07-10,2.33
2015-07-11,2.41
2015-07-12,2.41
2015-07-13,2.41
2015-07-14,2.06
2015-07-15,2.34
2015-07-16,1.75
2015-07-17,1.93
2015-07-18,2.41
2015-07-19,2.41
2015-07-20,2.12
2015-07-21,1.96
2015-07-22,2.12
2015-07-23,2.12
2015-07-24,1.92
2015-07-25,2.12
2015-07-26,2.12
2015-07-27,2.12
2015-07-28,1.06
2015-07-29,1.44
2015-07-30,1.44
2015-07-31,1.33
2015-08-01,1.44
2015-08-02,1.26
2015-08-03,1.1
2015-08-04,1.99
2015-08-05,2.12
2015-08-06,2.12
2015-08-07,1.98
2015-08-08,2.12
2015-08-09,2.41
2015-08-10,2.19
2015-08-11,2.12
2015-08-12,1.72
2015-08-13,2.05
2015-08-14,2.41
2015-08-15,2.25
2015-08-16,2.74
2015-08-17,2.74
2015-08-18,2.31
2015-08-19,2.41
2015-08-20,2.41
2015-08-21,1.41
2015-08-22,0.99
2015-08-23,1.1
2015-08-24,1.87
2015-08-25,1.94
2015-08-26,2.12
2015-08-27,2.12
2015-08-28,1.9
2015-08-29,2.12
2015-08-30,2.12
2015-08-31,2.12
2015-09-01,1.9
2015-09-02,1.09
2015-09-03,1.24
2015-09-04,1.94
2015-09-05,2.47
2015-09-06,2.6
2015-09-07,2.6
2015-09-08,2.84
2015-09-09,2.86
2015-09-10,2.6
2015-09-11,2.83
2015-09-12,2.29
2015-09-13,1.92
2015-09-14,1.92
2015-09-15,1.33
2015-09-16,1.34
2015-09-17,1.31
2015-09-18,1.51
2015-09-19,1.7
2015-09-20,2.13
2015-09-21,2.13
2015-09-22,2.36
2015-09-23,2.86
2015-09-24,3.15
2015-09-25,2.96
2015-09-26,2.86
2015-09-27,2.6
2015-09-28,2.86
2015-09-29,2.74
2015-09-30,2.6
2015-10-01,2.6
2015-10-02,1.58
2015-10-03,2.13
2015-10-04,2.53
2015-10-05,2.53
2015-10-06,2.08
2015-10-07,2.34
2015-10-08,1.24
2015-10-09,1.18
2015-10-10,1.29
2015-10-11,1.57
2015-10-12,1.57
2015-10-13,1.52
2015-10-14,1.42
2015-10-15,1.06
2015-10-16,0.97
2015-10-17,0.93
2015-10-18,0.95
2015-10-19,1.03
2015-10-20,1.97
2015-10-21,2.13
2015-10-22,2.13
2015-10-23,2.22
2015-10-24,2.13
2015-10-25,2.13
2015-10-26,2.6
2015-10-27,3.31
2015-10-28,3.72
2015-10-29,3.82
2015-10-30,3.82
2015-10-31,3.52
2015-11-01,2.41
2015-11-02,2.86
2015-11-03,2.73
2015-11-04,2.42
2015-11-05,2.35
2015-11-06,2.35
2015-11-07,1.52
2015-11-08,1.74
2015-11-09,1.74
2015-11-10,2.01
2015-11-11,2.66
2015-11-12,3.08
2015-11-13,4.84
2015-11-14,27.11
2015-11-15,20.96
2015-11-16,20.12
2015-11-17,18.45
2015-11-18,12.75
2015-11-19,4.73
2015-11-20,4.41
2015-11-21,4.11
2015-11-22,3.47
2015-11-23,3.15
2015-11-24,3.02
2015-11-25,2.86
2015-11-26,2.6
2015-11-27,3.16
2015-11-28,2.86
2015-11-29,2.86
2015-11-30,2.86
2015-12-01,2.16
2015-12-02,2.6
2015-12-03,2.66
2015-12-04,2.29
2015-12-05,2.73
2015-12-06,2.6
2015-12-07,2.6
2015-12-08,2.64
2015-12-09,3.15
2015-12-10,2.86
2015-12-11,3.3
2015-12-12,2.86
2015-12-13,2.73
2015-12-14,2.29
2015-12-15,1.8
2015-12-16,1.83
2015-12-17,2.02
2015-12-18,1.86
2015-12-19,2.93
2015-12-20,3.73
2015-12-21,4.2
2015-12-22,7.92
2015-12-23,16.77
2015-12-24,18.45
2015-12-25,20.12
2015-12-26,18.49
2015-12-27,22.63
2015-12-28,21.79
2015-12-29,17.55
2015-12-30,16.77
2015-12-31,14.26
2016-01-01,13.42
2016-01-02,4.97
2016-01-03,4.62
2016-01-04,4.2
2016-01-05,3.87
2016-01-06,3.82
2016-01-07,4.2
2016-01-08,4.73
2016-01-09,4.2
2016-01-10,4.62
2016-01-11,4.62
2016-01-12,4.12
2016-01-13,4.62
2016-01-14,5.07
2016-01-15,4.44
2016-01-16,4.2
2016-01-17,3.91
2016-01-18,3.47
2016-01-19,3.59
2016-01-20,16.77
2016-01-21,18.45
2016-01-22,7.74
2016-01-23,5.07
2016-01-24,4.01
2016-01-25,3.47
2016-01-26,2.67
2016-01-27,3.15
2016-01-28,3.15
2016-01-29,3.15
2016-01-30,4.74
2016-01-31,3.47
2016-02-01,2.53
2016-02-02,3.56
2016-02-03,12.45
2016-02-04,5.31
2016-02-05,4.3
2016-02-06,3.59
2016-02-07,4.73
2016-02-08,49.82
2016-02-09,39.7
2016-02-10,35.6
2016-02-11,65.72
2016-02-12,53.68
2016-02-13,37.27
2016-02-14,28.49
2016-02-15,20.54
2016-02-16,17.92
2016-02-17,20.12
2016-02-18,35.18
2016-02-19,60.28
2016-02-20,122.62
2016-02-21,166.73
2016-02-22,134.33
2016-02-23,130.57
2016-02-24,128.06
2016-02-25,180.36
2016-02-26,149.81
2016-02-27,94.72
2016-02-28,91.24
2016-02-29,72.0
2016-03-01,56.32
2016-03-02,34.76
2016-03-03,31.0
2016-03-04,27.85
2016-03-05,21.79
2016-03-06,20.12
2016-03-07,18.45
2016-03-08,23.88
2016-03-09,23.88
2016-03-10,42.29
2016-03-11,47.51
2016-03-12,26.81
2016-03-13,23.47
2016-03-14,28.49
2016-03-15,32.95
2016-03-16,23.05
2016-03-17,19.7
2016-03-18,18.45
2016-03-19,17.14
2016-03-20,17.61
2016-03-21,16.77
2016-03-22,15.68
2016-03-23,16.77
2016-03-24,16.77
2016-03-25,15.1
2016-03-26,9.82
2016-03-27,5.07
2016-03-28,4.62
2016-03-29,5.05
2016-03-30,5.07
2016-03-31,4.62
2016-04-01,3.91
2016-04-02,3.51
2016-04-03,3.91
2016-04-04,4.3
2016-04-05,4.48
2016-04-06,20.54
2016-04-07,22.21
2016-04-08,21.39
2016-04-09,35.18
2016-04-10,28.49
2016-04-11,23.05
2016-04-12,28.01
2016-04-13,22.63
2016-04-14,19.28
2016-04-15,16.77
2016-04-16,12.64
2016-04-17,18.45
2016-04-18,32.25
2016-04-19,31.03
2016-04-20,31.83
2016-04-21,27.23
2016-04-22,22.66
2016-04-23,21.79
2016-04-24,20.12
2016-04-25,18.86
2016-04-26,8.91
2016-04-27,13.42
2016-04-28,13.42
2016-04-29,5.19
2016-04-30,5.07
2016-05-01,4.95
2016-05-02,4.62
2016-05-03,3.92
2016-05-04,3.91
2016-05-05,4.2
2016-05-06,5.33
2016-05-07,4.84
2016-05-08,4.62
2016-05-09,4.62
2016-05-10,3.72
2016-05-11,4.62
2016-05-12,4.62
2016-05-13,4.2
2016-05-14,2.69
2016-05-15,3.47
2016-05-16,2.66
2016-05-17,1.6
2016-05-18,2.86
2016-05-19,2.6
2016-05-20,2.6
2016-05-21,2.7
2016-05-22,2.86
2016-05-23,3.01
2016-05-24,2.48
2016-05-25,2.86
2016-05-26,2.6
2016-05-27,2.29
2016-05-28,2.6
2016-05-29,2.47
2016-05-30,2.35
2016-05-31,2.24
2016-06-01,1.83
2016-06-02,1.61
2016-06-03,1.61
2016-06-04,1.78
2016-06-05,1.38
2016-06-06,1.42
2016-06-07,1.8
2016-06-08,1.74
2016-06-09,1.74
2016-06-10,1.69
2016-06-11,1.74
2016-06-12,1.74
2016-06-13,1.57
2016-06-14,1.59
2016-06-15,0.95
2016-06-16,0.93
2016-06-17,0.86
2016-06-18,1.6
2016-06-19,1.57
2016-06-20,1.57
2016-06-21,1.81
2016-06-22,1.92
2016-06-23,1.92
2016-06-24,1.84
2016-06-25,1.92
2016-06-26,1.83
2016-06-27,1.57
2016-06-28,1.25
2016-06-29,1.28
2016-06-30,1.15
2016-07-01,0.64
2016-07-02,0.75
2016-07-03,1.92
2016-07-04,1.92
2016-07-05,1.03
2016-07-06,1.15
2016-07-07,1.28
2016-07-08,1.15
2016-07-09,1.28
2016-07-10,1.28
2016-07-11,1.28
2016-07-12,1.04
2016-07-13,1.18
2016-07-14,1.15
2016-07-15,0.81
2016-07-16,0.47
2016-07-17,0.6
2016-07-18,0.6
2016-07-19,0.46
2016-07-20,0.55
2016-07-21,1.01
2016-07-22,1.03
2016-07-23,1.15
2016-07-24,1.15
2016-07-25,1.15
2016-07-26,1.37
2016-07-27,1.28
2016-07-28,1.28
2016-07-29,1.03
2016-07-30,0.83
2016-07-31,0.83
2016-08-01,0.6
2016-08-02,0.45
2016-08-03,0.46
2016-08-04,0.43
2016-08-05,0.38
2016-08-06,0.41
2016-08-07,0.55
2016-08-08,0.75
2016-08-09,0.8
2016-08-10,0.75
2016-08-11,0.83
2016-08-12,0.84
2016-08-13,0.71
2016-08-14,0.67
2016-08-15,0.54
2016-08-16,0.4
2016-08-17,0.38
2016-08-18,0.38
2016-08-19,0.38
2016-08-20,0.37
2016-08-21,0.3
2016-08-22,0.34
2016-08-23,0.39
2016-08-24,0.3
2016-08-25,0.3
2016-08-26,0.39
2016-08-27,0.3
2016-08-28,0.43
2016-08-29,0.54
2016-08-30,0.66
2016-08-31,0.6
2016-09-01,0.74
2016-09-02,0.75
2016-09-03,0.45
2016-09-04,0.35
2016-09-05,0.35
2016-09-06,0.44
2016-09-07,0.35
2016-09-08,0.31
2016-09-09,0.42
2016-09-10,0.55
2016-09-11,0.74
2016-09-12,0.83
2016-09-13,0.81
2016-09-14,0.83
2016-09-15,0.5
2016-09-16,0.4
2016-09-17,0.49
2016-09-18,0.35
2016-09-19,0.35
2016-09-20,0.41
2016-09-21,0.35
2016-09-22,0.35
2016-09-23,0.4
2016-09-24,0.35
2016-09-25,0.51
2016-09-26,0.74
2016-09-27,0.8
2016-09-28,0.74
2016-09-29,0.83
2016-09-30,0.87
2016-10-01,0.56
2016-10-02,0.51
2016-10-03,0.45
2016-10-04,0.45
2016-10-05,0.43
2016-10-06,0.4
2016-10-07,0.43
2016-10-08,0.4
2016-10-09,0.4
2016-10-10,0.47
2016-10-11,1.33
2016-10-12,2.22
2016-10-13,1.84
2016-10-14,1.12
2016-10-15,0.72
2016-10-16,0.62
2016-10-17,0.58
2016-10-18,0.56
2016-10-19,0.51
2016-10-20,0.51
2016-10-21,0.83
2016-10-22,0.93
2016-10-23,0.93
2016-10-24,0.93
2016-10-25,1.73
2016-10-26,2.55
2016-10-27,1.74
2016-10-28,1.56
2016-10-29,3.15
2016-10-30,4.77
2016-10-31,6.72
2016-11-01,2.88
2016-11-02,1.64
2016-11-03,1.17
2016-11-04,0.91
2016-11-05,0.93
2016-11-06,0.93
2016-11-07,0.93
2016-11-08,0.68
2016-11-09,0.83
2016-11-10,0.83
2016-11-11,0.67
2016-11-12,0.83
2016-11-13,0.93
2016-11-14,0.93
2016-11-15,0.64
2016-11-16,0.58
2016-11-17,0.53
2016-11-18,0.51
2016-11-19,0.42
2016-11-20,0.62
2016-11-21,0.58
2016-11-22,0.44
2016-11-23,0.51
2016-11-24,0.51
2016-11-25,0.63
2016-11-26,0.83
2016-11-27,1.05
2016-11-28,2.41
2016-11-29,3.41
2016-11-30,4.3
2016-12-01,4.3
2016-12-02,4.5
2016-12-03,4.77
2016-12-04,4.77
2016-12-05,4.77
2016-12-06,5.5
2016-12-07,6.26
2016-12-08,7.19
2016-12-09,7.42
2016-12-10,7.19
2016-12-11,7.19
2016-12-12,6.03
2016-12-13,7.86
2016-12-14,7.19
2016-12-15,7.19
2016-12-16,7.19
2016-12-17,6.67
2016-12-18,7.19
2016-12-19,7.19
2016-12-20,7.88
2016-12-21,6.72
2016-12-22,6.26
2016-12-23,5.07
2016-12-24,5.33
2016-12-25,5.33
2016-12-26,5.33
2016-12-27,6.18
2016-12-28,7.19
2016-12-29,7.19
2016-12-30,8.1
2016-12-31,7.19
2017-01-01,9.42
2017-01-02,11.2
2017-01-03,13.27
2017-01-04,11.2
2017-01-05,9.42
2017-01-06,11.2
2017-01-07,26.09
2017-01-08,23.73
2017-01-09,27.9
2017-01-10,29.98
2017-01-11,35.42
2017-01-12,24.98
2017-01-13,25.89
2017-01-14,25.81
2017-01-15,26.23
2017-01-16,18.67
2017-01-17,16.92
2017-01-18,15.11
2017-01-19,11.2
2017-01-20,13.65
2017-01-21,9.42
2017-01-22,7.92
2017-01-23,7.58
2017-01-24,8.38
2017-01-25,10.73
2017-01-26,36.26
2017-01-27,40.02
2017-01-28,34.11
2017-01-29,45.03
2017-01-30,36.67
2017-01-31,25.4
2017-02-01,16.45
2017-02-02,13.3
2017-02-03,9.42
2017-02-04,7.92
2017-02-05,5.56
2017-02-06,4.65
2017-02-07,4.65
2017-02-08,5.56
2017-02-09,5.56
2017-02-10,4.45
2017-02-11,6.08
2017-02-12,6.64
2017-02-13,6.64
2017-02-14,6.64
2017-02-15,6.64
2017-02-16,6.64
2017-02-17,7.92
2017-02-18,49.62
2017-02-19,85.55
2017-02-20,102.25
2017-02-21,98.91
2017-02-22,102.25
2017-02-23,87.22
2017-02-24,76.36
2017-02-25,70.51
2017-02-26,134.0
2017-02-27,115.62
2017-02-28,140.68
2017-03-01,105.18
2017-03-02,105.18
2017-03-03,83.46
2017-03-04,112.7
2017-03-05,106.01
2017-03-06,133.16
2017-03-07,103.92
2017-03-08,150.71
2017-03-09,128.57
2017-03-10,146.95
2017-03-11,111.02
2017-03-12,90.98
2017-03-13,71.34
2017-03-14,56.31
2017-03-15,78.03
2017-03-16,122.3
2017-03-17,107.27
2017-03-18,78.03
2017-03-19,58.81
2017-03-20,46.28
2017-03-21,38.76
2017-03-22,35.42
2017-03-23,66.75
2017-03-24,172.43
2017-03-25,117.71
2017-03-26,93.48
2017-03-27,74.27
2017-03-28,138.18
2017-03-29,146.53
2017-03-30,110.61
2017-03-31,128.15
2017-04-01,116.04
2017-04-02,147.78
2017-04-03,110.61
2017-04-04,96.82
2017-04-05,69.67
2017-04-06,52.55
2017-04-07,50.88
2017-04-08,40.43
2017-04-09,35.42
2017-04-10,30.41
2017-04-11,27.48
2017-04-12,27.07
2017-04-13,28.74
2017-04-14,26.23
2017-04-15,23.73
2017-04-16,18.67
2017-04-17,15.77
2017-04-18,15.77
2017-04-19,15.77
2017-04-20,13.88
2017-04-21,13.3
2017-04-22,12.74
2017-04-23,12.21
2017-04-24,11.69
2017-04-25,13.3
2017-04-26,13.3
2017-04-27,13.3
2017-04-28,15.77
2017-04-29,15.77
2017-04-30,23.73
2017-05-01,23.73
2017-05-02,20.3
2017-05-03,21.26
2017-05-04,18.67
2017-05-05,18.67
2017-05-06,20.32
2017-05-07,18.67
2017-05-08,18.67
2017-05-09,17.32
2017-05-10,18.67
2017-05-11,18.67
2017-05-12,17.05
2017-05-13,18.67
2017-05-14,18.67
2017-05-15,18.67
2017-05-16,18.67
2017-05-17,15.12
2017-05-18,18.67
2017-05-19,18.67
2017-05-20,8.75
2017-05-21,18.67
2017-05-22,18.67
2017-05-23,8.7
2017-05-24,18.67
2017-05-25,21.17
2017-05-26,11.53
2017-05-27,23.73
2017-05-28,18.67
2017-05-29,18.67
2017-05-30,11.29
2017-05-31,18.67
2017-06-01,18.67
2017-06-02,11.2
2017-06-03,18.67
2017-06-04,18.67
2017-06-05,18.67
2017-06-06,9.05
2017-06-07,13.3
2017-06-08,11.69
2017-06-09,8.61
2017-06-10,11.2
2017-06-11,11.2
2017-06-12,11.2
2017-06-13,8.66
2017-06-14,9.42
2017-06-15,9.42
2017-06-16,9.42
2017-06-17,7.96
2017-06-18,9.42
2017-06-19,9.42
2017-06-20,7.96
2017-06-21,9.42
2017-06-22,9.42
2017-06-23,7.95
2017-06-24,8.64
2017-06-25,7.92
2017-06-26,7.92
2017-06-27,7.05
2017-06-28,7.92
2017-06-29,7.92
2017-06-30,7.06
2017-07-01,6.94
2017-07-02,6.64
2017-07-03,6.64
2017-07-04,6.76
2017-07-05,6.64
2017-07-06,6.64
2017-07-07,5.23
2017-07-08,5.56
2017-07-09,5.56
2017-07-10,5.09
2017-07-11,4.98
2017-07-12,4.65
2017-07-13,4.65
2017-07-14,4.65
2017-07-15,5.28
2017-07-16,4.65
2017-07-17,3.72
2017-07-18,3.38
2017-07-19,2.83
2017-07-20,3.24
2017-07-21,3.94
2017-07-22,3.89
2017-07-23,3.89
2017-07-24,3.89
2017-07-25,3.95
2017-07-26,5.09
2017-07-27,3.89
2017-07-28,4.19
2017-07-29,3.89
2017-07-30,3.89
2017-07-31,3.89
2017-08-01,3.31
2017-08-02,3.39
2017-08-03,3.89
2017-08-04,3.47
2017-08-05,3.89
2017-08-06,3.39
2017-08-07,4.45
2017-08-08,4.57
2017-08-09,5.56
2017-08-10,5.56
2017-08-11,4.71
2017-08-12,5.56
2017-08-13,5.09
2017-08-14,4.65
2017-08-15,3.42
2017-08-16,3.24
2017-08-17,2.96
2017-08-18,3.24
2017-08-19,2.87
2017-08-20,3.89
2017-08-21,5.09
2017-08-22,4.14
2017-08-23,3.89
2017-08-24,4.65
2017-08-25,4.51
2017-08-26,3.89
2017-08-27,3.89
2017-08-28,3.89
2017-08-29,4.44
2017-08-30,3.89
2017-08-31,3.89
2017-09-01,4.3
2017-09-02,4.33
2017-09-03,3.73
2017-09-04,3.73
2017-09-05,4.08
2017-09-06,3.21
2017-09-07,3.73
2017-09-08,3.27
2017-09-09,3.33
2017-09-10,3.21
2017-09-11,3.21
2017-09-12,4.29
2017-09-13,4.33
2017-09-14,4.84
2017-09-15,5.41
2017-09-16,5.48
2017-09-17,7.78
2017-09-18,6.73
2017-09-19,5.73
2017-09-20,5.82
2017-09-21,5.82
2017-09-22,4.93
2017-09-23,4.66
2017-09-24,5.02
2017-09-25,5.02
2017-09-26,4.78
2017-09-27,5.02
2017-09-28,4.84
2017-09-29,4.48
2017-09-30,4.33
2017-10-01,3.73
2017-10-02,3.73
2017-10-03,2.88
2017-10-04,2.37
2017-10-05,2.11
2017-10-06,2.75
2017-10-07,2.37
2017-10-08,2.97
2017-10-09,2.86
2017-10-10,3.74
2017-10-11,3.21
2017-10-12,3.33
2017-10-13,4.53
2017-10-14,4.84
2017-10-15,7.24
2017-10-16,8.98
2017-10-17,9.52
2017-10-18,12.78
2017-10-19,11.92
2017-10-20,10.35
2017-10-21,8.63
2017-10-22,8.06
2017-10-23,7.78
2017-10-24,6.82
2017-10-25,6.73
2017-10-26,5.02
2017-10-27,5.01
2017-10-28,4.33
2017-10-29,4.33
2017-10-30,4.33
2017-10-31,4.33
2017-11-01,4.23
2017-11-02,3.73
2017-11-03,2.37
2017-11-04,2.06
2017-11-05,2.46
2017-11-06,2.19
2017-11-07,4.21
2017-11-08,3.09
2017-11-09,4.33
2017-11-10,4.13
2017-11-11,4.33
2017-11-12,5.41
2017-11-13,6.26
2017-11-14,5.68
2017-11-15,6.73
2017-11-16,4.66
2017-11-17,8.06
2017-11-18,6.85
2017-11-19,7.78
2017-11-20,6.98
2017-11-21,5.18
2017-11-22,4.33
2017-11-23,4.33
2017-11-24,3.61
2017-11-25,3.73
2017-11-26,3.73
2017-11-27,3.73
2017-11-28,3.78
2017-11-29,6.26
2017-11-30,5.82
2017-12-01,6.44
2017-12-02,7.78
2017-12-03,6.73
2017-12-04,5.61
2017-12-05,4.66
2017-12-06,5.41
2017-12-07,5.21
2017-12-08,4.89
2017-12-09,4.49
2017-12-10,5.82
2017-12-11,5.82
2017-12-12,5.41
2017-12-13,4.49
2017-12-14,3.73
2017-12-15,3.73
2017-12-16,2.77
2017-12-17,3.73
2017-12-18,3.46
2017-12-19,4.75
2017-12-20,5.61
2017-12-21,18.09
2017-12-22,48.6
2017-12-23,45.17
2017-12-24,25.68
2017-12-25,14.2
2017-12-26,19.05
2017-12-27,10.35
2017-12-28,23.95
2017-12-29,23.11
2017-12-30,36.92
2017-12-31,62.43
2018-01-01,31.73
2018-01-02,41.34
2018-01-03,32.6
2018-01-04,30.0
2018-01-05,26.52
2018-01-06,21.46
2018-01-07,28.7
2018-01-08,45.57
2018-01-09,57.49
2018-01-10,113.46
2018-01-11,100.48
2018-01-12,58.05
2018-01-13,87.94
2018-01-14,59.41
2018-01-15,53.35
2018-01-16,36.33
2018-01-17,64.16
2018-01-18,42.54
2018-01-19,31.05
2018-01-20,42.11
2018-01-21,106.54
2018-01-22,126.43
2018-01-23,74.55
2018-01-24,81.46
2018-01-25,75.84
2018-01-26,35.91
2018-01-27,37.35
2018-01-28,29.14
2018-01-29,23.76
2018-01-30,23.96
2018-01-31,15.76
2018-02-01,13.71
2018-02-02,13.71
2018-02-03,27.2
2018-02-04,30.87
2018-02-05,31.3
2018-02-06,27.13
2018-02-07,42.11
2018-02-08,30.43
2018-02-09,53.32
2018-02-10,94.43
2018-02-11,105.67
2018-02-12,110.43
2018-02-13,146.64
2018-02-14,190.85
2018-02-15,160.15
2018-02-16,183.94
2018-02-17,287.08
2018-02-18,165.34
2018-02-19,108.27
2018-02-20,84.48
2018-02-21,74.31
2018-02-22,92.7
2018-02-23,78.0
2018-02-24,67.27
2018-02-25,67.62
2018-02-26,58.97
2018-02-27,55.55
2018-02-28,62.04
2018-03-01,95.93
2018-03-02,151.98
2018-03-03,144.29
2018-03-04,132.99
2018-03-05,132.99
2018-03-06,145.19
2018-03-07,170.05
2018-03-08,258.28
2018-03-09,223.424
2018-03-10,188.568
2018-03-13,84.0
2018-03-14,90.16
2018-03-15,96.32
2018-03-17,108.64
2018-03-18,109.49
2018-03-19,110.345
2018-03-20,111.2
2018-03-21,105.68666666666668
2018-03-22,100.17333333333332
2018-03-23,94.66
2018-03-24,84.2
2018-03-25,73.74
2018-03-27,52.82
2018-03-28,48.8
2018-03-29,44.78
2018-03-30,40.76
2018-03-31,37.8225
2018-04-01,34.885
2018-04-03,29.01
2018-04-04,27.5
2018-04-05,25.99
2018-04-06,24.48
2018-04-07,23.765
2018-04-08,23.05
2018-04-10,21.62
2018-04-11,20.82
2018-04-12,20.02
2018-04-13,19.22
2018-04-14,18.22
2018-04-15,17.22
2018-04-17,15.22
2018-04-18,14.79
2018-04-19,14.36
2018-04-22,13.07
2018-04-23,14.483333333333333
2018-04-24,15.896666666666668
2018-04-25,17.31
2018-04-26,17.933333333333334
2018-04-27,18.556666666666665
2018-04-28,19.18
2018-04-29,18.28
2018-04-30,17.38
2018-05-01,16.48
2018-05-02,15.99
2018-05-03,15.5
2018-05-04,15.01
2018-05-05,14.5125
2018-05-06,14.015
2018-05-08,13.02
2018-05-09,12.716666666666669
2018-05-10,12.413333333333332
2018-05-11,12.11
2018-05-12,11.9125
2018-05-13,11.715
2018-05-15,11.32
2018-05-16,10.7225
2018-05-17,10.125
2018-05-19,8.93
2018-05-20,8.966666666666667
2018-05-21,9.003333333333332
2018-05-22,9.04
2018-05-23,9.01
2018-05-24,8.979999999999999
2018-05-25,8.95
2018-05-26,8.695
2018-05-27,8.44
2018-05-29,7.93
2018-05-30,7.91
2018-05-31,7.89
2018-06-01,7.87
2018-06-02,8.166
2018-06-03,8.462
2018-06-06,9.35
2018-06-07,8.666666666666666
2018-06-08,7.983333333333333
2018-06-09,7.3
2018-06-10,7.42
2018-06-11,7.54
2018-06-13,7.78
2018-06-14,7.323333333333333
2018-06-15,6.866666666666667
2018-06-16,6.41
2018-06-17,6.75
2018-06-18,7.09
2018-06-20,7.77
2018-06-21,7.746666666666666
2018-06-22,7.723333333333334
2018-06-23,7.7
2018-06-24,7.5075
2018-06-25,7.314999999999999
2018-06-27,6.93
2018-06-28,6.806666666666667
2018-06-29,6.683333333333333
2018-06-30,6.56
2018-07-01,6.085
2018-07-02,5.609999999999999
2018-07-04,4.66
2018-07-05,4.886666666666667
2018-07-06,5.113333333333333
2018-07-07,5.34
2018-07-08,5.16
2018-07-09,4.98
2018-07-11,4.62
2018-07-12,4.826666666666667
2018-07-13,5.033333333333333
2018-07-14,5.24
2018-07-15,5.23
2018-07-16,5.220000000000001
2018-07-18,5.2
2018-07-19,5.5600000000000005
2018-07-20,5.92
2018-07-21,6.28
2018-07-22,7.0575
2018-07-23,7.835000000000001
2018-07-25,9.39
2018-07-26,8.71
2018-07-27,8.03
2018-07-28,7.35
2018-07-29,6.9825
2018-07-30,6.615
2018-08-01,5.88
2018-08-02,5.906666666666666
2018-08-03,5.933333333333334
2018-08-04,5.96
2018-08-05,5.8675
2018-08-06,5.775
2018-08-08,5.59
2018-08-09,5.3966666666666665
2018-08-10,5.203333333333333
2018-08-11,5.01
2018-08-12,4.609999999999999
2018-08-13,4.21
2018-08-15,3.41
2018-08-16,3.381428571428572
2018-08-17,3.3528571428571428
2018-08-22,3.21
2018-08-23,3.374285714285714
2018-08-24,3.5385714285714287
2018-08-29,4.36
2018-08-30,4.372492401215806
2018-08-31,4.384984802431611
2021-05-12,16.69
2021-05-13,14.92
2021-05-14,14.67
2021-05-15,14.67
2021-05-16,14.67
2021-05-17,9.82
2021-05-18,9.16
2021-05-19,7.69
2021-05-20,6.42
2021-05-21,6.3
2021-05-22,5.96
2021-05-23,5.53
2021-05-24,5.53
2021-05-25,5.23
2021-05-26,6.42
2021-05-27,5.96
2021-05-28,5.96
2021-05-29,5.96
2021-05-30,5.53
2021-05-31,5.53
2021-06-01,5.53
2021-06-02,5.53
2021-06-03,5.13
2021-06-04,5.13
2021-06-05,5.53
2021-06-06,5.53
2021-06-07,5.53
2021-06-08,5.53
2021-06-09,5.53
2021-06-10,5.13
2021-06-11,5.74
2021-06-12,5.96
2021-06-13,5.96
2021-06-14,5.53
2021-06-15,5.53
2021-06-16,4.41
2021-06-17,3.77
2021-06-18,3.41
2021-06-19,3.48
2021-06-20,3.21
2021-06-21,2.96
2021-06-22,3.21
2021-06-23,2.73
2021-06-24,2.51
2021-06-25,2.31
2021-06-26,2.46
2021-06-27,3.15
2021-06-28,5.13
2021-06-29,5.13
2021-06-30,5.53
2021-07-01,5.53
2021-07-02,5.85
2021-07-03,5.96
2021-07-04,5.53
2021-07-05,5.96
2021-07-06,5.53
2021-07-07,5.96
2021-07-08,5.96
2021-07-09,5.96
2021-07-10,5.96
2021-07-11,5.53
2021-07-12,5.53
2021-07-13,5.53
2021-07-14,5.85
2021-07-15,5.53
2021-07-16,5.53
2021-07-17,5.53
2021-07-18,5.96
2021-07-19,5.96
2021-07-20,5.96
2021-07-21,5.96
2021-07-22,5.96
2021-07-23,5.96
2021-07-24,5.96
2021-07-25,5.96
2021-07-26,5.53
2021-07-27,5.64
2021-07-28,5.53
2021-07-29,5.53
2021-07-30,5.33
2021-07-31,5.96
2021-08-01,5.13
2021-08-02,5.13
2021-08-03,2.79
2021-08-04,4.32
2021-08-05,5.13
2021-08-06,4.94
2021-08-07,4.76
2021-08-08,5.33
2021-08-09,5.13
2021-08-10,4.76
2021-08-11,5.53
2021-08-12,5.53
2021-08-13,5.33
2021-08-14,5.53
2021-08-15,5.53
2021-08-16,5.13
2021-08-17,4.58
2021-08-18,5.13
2021-08-19,4.76
2021-08-20,3.84
2021-08-21,4.76
2021-08-22,5.53
2021-08-23,5.53
2021-08-24,5.53
2021-08-25,5.53
2021-08-26,5.53
2021-08-27,5.53
2021-08-28,5.53
2021-08-29,5.53
2021-08-30,5.53
2021-08-31,5.33
2021-09-01,4.68
2021-09-02,4.68
2021-09-03,5.2
2021-09-04,5.08
2021-09-05,4.62
2021-09-06,5.27
2021-09-07,4.62
2021-09-08,5.27
2021-09-09,4.96
2021-09-10,5.33
2021-09-11,5.27
2021-09-12,5.45
2021-09-13,5.52
2021-09-14,5.39
2021-09-15,5.52
2021-09-16,6.05
2021-09-17,5.33
2021-09-18,5.39
2021-09-19,6.05
2021-09-20,5.78
2021-09-21,6.84
2021-09-22,7.22
2021-09-23,7.38
2021-09-24,7.71
2021-09-25,7.87
2021-09-26,7.96
2021-09-27,7.87
2021-09-28,7.54
2021-09-29,7.22
2021-09-30,7.22
2021-10-01,6.84
2021-10-02,7.3
2021-10-03,7.71
2021-10-04,7.87
2021-10-05,7.54
2021-10-06,9.6
2021-10-07,11.71
2021-10-08,12.18
2021-10-09,11.83
2021-10-10,11.83
2021-10-11,10.51
2021-10-12,9.7
2021-10-13,9.31
2021-10-14,8.22
2021-10-15,8.04
2021-10-16,7.54
2021-10-17,6.84
2021-10-18,6.33
2021-10-19,6.05
2021-10-20,6.05
2021-10-21,5.78
2021-10-22,5.52
2021-10-23,5.52
2021-10-24,5.27
2021-10-25,4.35
2021-10-26,4.24
2021-10-27,5.78
2021-10-28,6.05
2021-10-29,6.33
2021-10-30,6.12
2021-10-31,6.61
2021-11-01,6.61
2021-11-02,6.33
2021-11-03,6.33
2021-11-04,6.33
2021-11-05,5.84
2021-11-06,6.05
2021-11-07,5.71
2021-11-08,6.05
2021-11-09,6.05
2021-11-10,6.05
2021-11-11,6.33
2021-11-12,6.33
2021-11-13,6.33
2021-11-14,6.61
2021-11-15,6.91
2021-11-16,6.61
2021-11-17,6.61
2021-11-18,6.61
2021-11-19,6.4
2021-11-20,6.33
2021-11-21,6.91
2021-11-22,7.54
2021-11-23,7.07
2021-11-24,7.22
2021-11-25,7.54
2021-11-26,9.6
2021-11-27,11.38
2021-11-28,18.25
2021-11-29,26.85
2021-11-30,24.68
2021-12-01,16.4
2021-12-02,14.44
2021-12-03,15.97
2021-12-04,17.78
2021-12-05,18.41
2021-12-06,24.68
2021-12-07,24.68
2021-12-08,31.21
2021-12-09,57.31
2021-12-10,94.3
2021-12-11,84.51
2021-12-12,52.96
2021-12-13,34.47
2021-12-14,17.46
2021-12-15,16.55
2021-12-16,15.54
2021-12-17,16.55
2021-12-18,17.46
2021-12-19,16.7
2021-12-20,30.12
2021-12-21,66.02
2021-12-22,42.08
2021-12-23,55.14
2021-12-24,26.13
2021-12-25,50.79
2021-12-26,66.02
2021-12-27,50.79
2021-12-28,48.61
2021-12-29,37.73
2021-12-30,25.77
2021-12-31,17.78
2022-01-01,15.97
2022-01-02,13.78
2022-01-03,11.38
2022-01-04,10.51
2022-01-05,9.31
2022-01-06,8.57
2022-01-07,8.57
2022-01-08,25.77
2022-01-09,26.85
2022-01-10,24.68
2022-01-11,62.75
2022-01-12,94.3
2022-01-13,94.3
2022-01-14,100.82
2022-01-15,117.14
2022-01-16,113.88
2022-01-17,160.49
2022-01-18,170.03
2022-01-19,94.3
2022-01-20,133.46
2022-01-21,146.71
2022-01-22,179.57
2022-01-23,165.26
2022-01-24,180.1
2022-01-25,166.32
2022-01-26,200.77
2022-01-27,181.16
2022-01-28,167.38
2022-01-29,116.05
2022-01-30,117.14
2022-01-31,179.04
2022-02-01,200.24
2022-02-02,238.4
2022-02-03,233.63
2022-02-04,207.66
2022-02-05,132.37
2022-02-06,88.86
2022-02-07,87.77
2022-02-08,100.82
2022-02-09,82.33
2022-02-10,79.07
2022-02-11,61.66
2022-02-12,45.35
2022-02-13,38.82
2022-02-14,58.4
2022-02-15,72.54
2022-02-16,69.28
2022-02-17,72.54
2022-02-18,62.75
2022-02-19,50.79
2022-02-20,39.91
2022-02-21,37.73
2022-02-22,74.72
2022-02-23,70.37
2022-02-24,68.19
2022-02-25,58.4
2022-02-26,72.54
2022-02-27,76.89
2022-02-28,59.49
2022-03-01,45.35
2022-03-02,38.82
2022-03-03,38.82
2022-03-04,67.1
2022-03-05,72.54
2022-03-06,51.87
2022-03-07,42.08
2022-03-08,35.56
2022-03-09,33.38
2022-03-10,27.94
2022-03-11,35.56
2022-03-12,37.73
2022-03-13,66.02
2022-03-14,50.79
2022-03-15,52.96
2022-03-16,75.81
2022-03-17,61.66
2022-03-18,37.73
2022-03-19,48.61
2022-03-20,57.31
2022-03-21,60.58
2022-03-22,64.93
2022-03-23,59.49
2022-03-24,72.54
2022-03-25,50.79
2022-03-26,47.52
2022-03-27,39.91
2022-03-28,37.73
2022-03-29,64.93
2022-03-30,52.96
2022-03-31,32.29
2022-04-01,29.03
2022-04-02,35.56
2022-04-03,42.08
2022-04-04,55.14
2022-04-05,101.91
2022-04-06,52.96
2022-04-07,57.31
2022-04-08,73.63
2022-04-09,76.89
2022-04-10,88.86
2022-04-11,66.02
2022-04-12,57.31
2022-04-13,55.14
2022-04-14,48.61
2022-04-15,46.43
2022-04-16,46.43
2022-04-17,46.43
2022-04-18,41.0
2022-04-19,37.73
2022-04-20,29.03
2022-04-21,29.03
2022-04-22,29.03
2022-04-23,24.68
2022-04-24,24.68
2022-04-25,24.68
2022-04-26,24.68
2022-04-27,22.5
2022-04-28,18.41
2022-04-29,17.78
2022-04-30,11.38
2022-05-01,15.97
2022-05-02,15.97
2022-05-03,15.97
2022-05-04,15.97
2022-05-05,15.4
2022-05-06,14.44
2022-05-07,12.77
2022-05-08,13.78
2022-05-09,12.77
2022-05-10,13.08
2022-05-11,13.08
2022-05-12,12.16
2022-05-13,12.16
2022-05-14,9.94
2022-05-15,10.5
2022-05-16,10.5
2022-05-17,9.94
2022-05-18,9.75
2022-05-19,9.05
2022-05-20,9.05
2022-05-21,9.75
2022-05-22,9.05
2022-05-23,9.05
2022-05-24,9.05
2022-05-25,9.05
2022-05-26,8.08
2022-05-27,9.05
2022-05-28,9.05
2022-05-29,9.05
2022-05-30,9.05
2022-05-31,9.05
2022-06-01,9.069488372093025
2022-06-02,9.088976744186049
2023-01-01,13.24
2023-01-02,13.7
2023-01-03,13.7
2023-01-04,14.72
2023-01-05,14.72
2023-01-06,15.25
2023-01-07,13.96
2023-01-08,12.99
2023-01-09,12.75
2023-01-10,12.08
2023-01-11,11.23
2023-01-12,10.24
2023-01-13,8.84
2023-01-14,8.17
2023-01-15,8.17
2023-01-16,8.17
2023-01-17,8.17
2023-01-18,8.17
2023-01-19,8.81
2023-01-20,8.81
2023-01-21,8.81
2023-01-22,8.17
2023-01-23,8.17
2023-01-24,7.57
2023-01-25,7.14
2023-01-26,7.57
2023-01-27,7.57
2023-01-28,8.81
2023-01-29,11.86
2023-01-30,13.23
2023-01-31,13.7
2023-02-01,15.25
2023-02-02,18.48
2023-02-03,18.81
2023-02-04,16.94
2023-02-05,23.45
2023-02-06,49.3
2023-02-07,68.19
2023-02-08,65.94
2023-02-09,63.14
2023-02-10,85.6
2023-02-11,88.86
2023-02-12,68.19
2023-02-13,50.32
2023-02-14,46.34
2023-02-15,40.26
2023-02-16,38.04
2023-02-17,31.07
2023-02-18,25.99
2023-02-19,26.78
2023-02-20,21.64
2023-02-21,17.93
2023-02-22,17.37
2023-02-23,15.27
2023-02-24,14.78
2023-02-25,13.62
2023-02-26,12.13
2023-02-27,11.33
2023-02-28,10.22
2023-03-01,8.0
2023-03-02,6.2
2023-03-03,4.6
2023-03-04,4.59
2023-03-05,4.25
2023-03-06,3.7
2023-03-07,3.36
2023-03-08,3.22
2023-03-09,3.09
2023-03-10,6.93
2023-03-11,7.45
2023-03-12,7.18
2023-03-13,7.18
2023-03-14,5.55
2023-03-15,5.34
2023-03-16,6.01
2023-03-17,9.56
2023-03-18,14.33
2023-03-19,51.09
2023-03-20,61.06
2023-03-21,54.8
2023-03-22,75.81
2023-03-23,76.89
2023-03-24,53.21
2023-03-25,79.07
2023-03-26,67.59
2023-03-27,131.62
2023-03-28,139.92
2023-03-29,137.91
2023-03-30,131.49
2023-03-31,93.21
2023-04-01,62.18
2023-04-02,53.88
2023-04-03,46.34
2023-04-04,39.15
2023-04-05,34.41
2023-04-06,27.19
2023-04-07,24.47
2023-04-08,23.02
2023-04-09,33.06
2023-04-10,46.85
2023-04-11,29.29
2023-04-12,23.76
2023-04-13,19.11
2023-04-14,17.11
2023-04-15,14.78
2023-04-16,12.53
2023-04-17,12.34
2023-04-18,9.22
2023-04-19,8.0
2023-04-20,5.45
2023-04-21,4.95
2023-04-22,4.68
2023-04-23,4.59
2023-04-24,4.86
2023-04-25,5.15
2023-04-26,4.25
2023-04-27,4.0
2023-04-28,3.92
2023-04-29,4.25
2023-04-30,4.0
2023-05-01,3.92
2023-05-02,3.92
2023-05-03,3.92
2023-05-04,3.92
2023-05-05,3.5
2023-05-06,4.08
2023-05-07,4.59
2023-05-08,4.25
2023-05-09,4.25
2023-05-10,1.85
2023-05-11,1.85
2023-05-12,1.85
2023-05-13,1.85
2023-05-14,1.85
2023-05-15,1.85
2023-05-16,1.94
2023-05-17,1.9
2023-05-18,1.45
2023-05-19,1.13
2023-05-20,1.22
2023-05-21,1.18
2023-05-22,1.15
2023-05-23,1.05
2023-05-24,1.0
2023-05-25,0.95
2023-05-26,0.95
2023-05-27,0.95
2023-05-28,0.95
2023-05-29,1.05
2023-05-30,1.05
2023-05-31,1.05
2023-06-01,1.05
2023-06-02,0.95
2023-06-03,0.95
2023-06-04,0.95
2023-06-05,0.95
2023-06-06,0.86
2023-06-07,0.86
2023-06-08,0.95
2023-06-09,0.86
2023-06-10,0.86
2023-06-11,0.86
2023-06-12,0.86
2023-06-13,0.95
2023-06-14,0.95
2023-06-15,0.95
2023-06-16,0.86
2023-06-17,0.86
2023-06-18,0.86
2023-06-19,0.95
2023-06-20,0.95
2023-06-21,0.95
2023-06-22,0.95
2023-06-23,0.77
2023-06-24,0.82
2023-06-25,0.82
2023-06-26,0.77
2023-06-27,0.77
2023-06-28,0.7
2023-06-29,0.6
2023-06-30,0.63
2023-07-01,0.7
2023-07-02,0.66
2023-07-03,0.7
2023-07-04,0.77
2023-07-05,0.77
2023-07-06,0.77
2023-07-07,0.77
2023-07-08,0.77
2023-07-09,0.7
2023-07-10,0.7
2023-07-11,0.7
2023-07-12,0.7
2023-07-13,0.77
2023-07-14,1.47
2023-07-15,1.34
2023-07-16,1.34
2023-07-17,1.61
2023-07-18,1.47
2023-07-19,1.47
2023-07-20,1.47
2023-07-21,1.29
2023-07-22,1.34
2023-07-23,1.77
2023-07-24,1.77
2023-07-25,2.03
2023-07-26,1.94
2023-07-27,1.94
2023-07-28,1.66
2023-07-29,1.65
2023-07-30,2.69
2023-07-31,2.75
2023-08-01,3.05
2023-08-02,2.64
2023-08-03,2.99
2023-08-04,2.87
2023-08-05,2.12
2023-08-06,1.47
2023-08-07,1.89
2023-08-08,1.77
2023-08-09,1.37
2023-08-10,1.22
2023-08-11,1.11
2023-08-12,1.01
2023-08-13,1.01
2023-08-14,1.01
2023-08-15,0.91
2023-08-16,1.01
2023-08-17,1.01
2023-08-18,1.01
2023-08-19,1.01
2023-08-20,1.11
2023-08-21,1.11
2023-08-22,1.22
2023-08-23,1.35
2023-08-24,1.47
2023-08-25,1.47
2023-08-26,1.47
2023-08-27,1.34
2023-08-28,1.34
2023-08-29,1.22
2023-08-30,1.22
2023-08-31,1.22
2023-09-01,1.22
2023-09-02,1.11
2023-09-03,1.11
2023-09-04,1.11
2023-09-05,1.11
2023-09-06,1.11
2023-09-07,1.11
2023-09-08,1.11
2023-09-09,1.01
2023-09-10,1.01
2023-09-11,1.01
2023-09-12,0.98
2023-09-13,1.01
2023-09-14,0.93
2023-09-15,0.91
2023-09-16,0.91
2023-09-17,0.91
2023-09-18,0.82
2023-09-19,0.87
2023-09-20,0.91
2023-09-21,0.91
2023-09-22,0.91
2023-09-23,0.91
2023-09-24,1.01
2023-09-25,1.01
2023-09-26,1.22
2023-09-27,1.22
2023-09-28,1.34
2023-09-29,1.34
2023-09-30,1.22
2023-10-01,1.11
2023-10-02,1.22
2023-10-03,1.22
2023-10-04,1.34
2023-10-05,1.34
2023-10-06,1.34
2023-10-07,1.61
2023-10-08,1.58
2023-10-09,1.61
2023-10-10,0.91
2023-10-11,1.06
2023-10-12,0.91
2023-10-13,0.91
2023-10-14,1.17
2023-10-15,0.91
2023-10-16,0.91
2023-10-17,0.89
2023-10-18,1.47
2023-10-19,1.61
2023-10-20,1.69
2023-10-21,2.69
2023-10-22,4.16
2023-10-23,5.27
2023-10-24,5.7
2023-10-25,9.98
2023-10-26,12.1
2023-10-27,9.79
2023-10-28,7.04
2023-10-29,5.97
2023-10-30,4.98
2023-10-31,3.81
2023-11-01,2.94
2023-11-02,2.3
2023-11-03,1.96
2023-11-04,1.87
2023-11-05,1.7
2023-11-06,1.56
2023-11-07,1.67
2023-11-08,1.87
2023-11-09,1.75
2023-11-10,1.56
2023-11-11,1.87
2023-11-12,3.07
2023-11-13,3.97
2023-11-14,4.88
2023-11-15,2.35
2023-11-16,2.25
2023-11-17,2.25
2023-11-18,4.13
2023-11-19,3.8
2023-11-20,3.57
2023-11-21,2.95
2023-11-22,2.69
2023-11-23,1.79
2023-11-24,1.79
2023-11-25,4.9
2023-11-26,3.97
2023-11-27,4.69
2023-11-28,6.21
2023-11-29,6.59
2023-11-30,7.7
2023-12-01,11.44
2023-12-02,14.69
2023-12-03,13.45
2023-12-04,10.81
2023-12-05,9.14
2023-12-06,6.86
2023-12-07,5.74
2023-12-08,5.74
2023-12-09,5.62
2023-12-10,6.21
2023-12-11,6.47
2023-12-12,7.56
2023-12-13,16.44
2023-12-14,29.2
2023-12-15,20.56
2023-12-16,17.79
2023-12-17,19.9
2023-12-18,23.44
2023-12-19,38.66
2023-12-20,25.8
2023-12-21,7.87
2023-12-22,6.47
2023-12-23,9.14
2023-12-24,6.99
2023-12-25,5.51
2023-12-26,3.48
2023-12-27,3.14
2023-12-28,3.2
2023-12-29,34.03
2023-12-30,46.94
2023-12-31,45.76
2024-01-01,69.42
2024-01-02,72.97
2024-01-03,99.0
2024-01-04,123.23
2024-01-05,125.49
2024-01-06,104.91
2024-01-07,65.87
2024-01-08,39.84
2024-01-09,19.9
2024-01-10,14.97
2024-01-11,10.81
2024-01-12,8.01
2024-01-13,6.86
2024-01-14,6.21
2024-01-15,5.29
2024-01-16,5.74
2024-01-17,5.85
2024-01-18,5.29
2024-01-19,4.22
2024-01-20,3.0
2024-01-21,3.2
2024-01-22,2.94
2024-01-23,1.95
2024-01-24,4.32
2024-01-25,8.32
2024-01-26,23.08
2024-01-27,15.24
2024-01-28,14.75
2024-01-29,16.31
2024-01-30,29.4
2024-01-31,51.84
2024-02-01,67.42
2024-02-02,37.45
2024-02-03,33.75
2024-02-04,29.53
2024-02-05,25.1
2024-02-06,26.61
2024-02-07,22.83
2024-02-08,22.28
2024-02-09,20.72
2024-02-10,18.78
2024-02-11,15.72
2024-02-12,15.52
2024-02-13,21.76
2024-02-14,30.98
2024-02-15,48.66
2024-02-16,55.49
2024-02-17,32.69
2024-02-18,34.51
2024-02-19,74.38
2024-02-20,89.29
2024-02-21,85.31
2024-02-22,61.46
2024-02-23,34.91
2024-02-24,31.58
2024-02-25,30.19
2024-02-26,32.29
2024-02-27,81.34
2024-02-28,90.28
2024-02-29,124.63
2024-03-01,152.86
2024-03-02,95.25
2024-03-03,102.21
2024-03-04,70.4
2024-03-05,115.11
2024-03-06,120.66
2024-03-07,126.61
2024-03-08,140.4
2024-03-09,135.47
2024-03-10,120.08
2024-03-11,99.23
2024-03-12,110.15
2024-03-13,73.38
2024-03-14,145.32
2024-03-15,106.18
2024-03-16,110.16
2024-03-17,98.23
2024-03-18,140.68
2024-03-19,136.92
2024-03-20,138.07
2024-03-21,89.29
2024-03-22,92.27
2024-03-23,72.39
2024-03-24,64.44
2024-03-25,36.36
2024-03-26,33.4
2024-03-27,50.52
2024-03-28,69.41
2024-03-29,34.53
2024-03-30,35.28
2024-03-31,50.35
2024-04-01,52.51
2024-04-02,52.51
2024-04-03,36.85
2024-04-04,48.6
2024-04-05,66.43
2024-04-06,57.48
2024-04-07,35.67
2024-04-08,36.06
2024-04-09,47.16
2024-04-10,36.85
2024-04-11,30.87
2024-04-12,68.47
2024-04-13,77.36
2024-04-14,33.75
2024-04-15,28.28
2024-04-16,23.95
2024-04-17,21.24
2024-04-18,19.24
2024-04-19,16.55
2024-04-20,15.72
2024-04-21,15.72
2024-04-22,15.72
2024-04-23,14.16
2024-04-24,12.22
2024-04-25,11.41
2024-04-26,10.21
2024-04-27,10.21
2024-04-28,10.21
2024-04-29,10.21
2024-04-30,9.65
2024-05-01,10.21
2024-05-02,11.41
2024-05-03,16.55
2024-05-04,19.26
2024-05-05,16.13
2024-05-06,15.12
2024-05-07,14.16
2024-05-08,13.43
2024-05-09,12.73
2024-05-10,12.06
2024-05-11,12.06
2024-05-12,11.41
2024-05-13,10.8
2024-05-14,10.36
2024-05-15,9.11
2024-05-16,9.65
2024-05-17,9.11
2024-05-18,9.65
2024-05-19,9.93
2024-05-20,10.21
2024-05-21,10.21
2024-05-22,9.65
2024-05-23,9.11
2024-05-24,9.11
2024-05-25,8.6
2024-05-26,8.23
2024-05-27,7.19
2024-05-28,6.36
2024-05-29,5.89
2024-05-30,4.93
2024-05-31,5.44
2024-06-01,5.61
2024-06-02,5.44
2024-06-03,4.93
2024-06-04,4.93
2024-06-05,3.66
2024-06-06,4.32
2024-06-07,5.8
2024-06-08,5.98
2024-06-09,6.36
2024-06-10,5.35
2024-06-11,3.28
2024-06-12,2.58
2024-06-13,2.84
2024-06-14,2.84
2024-06-15,2.64
2024-06-16,2.45
2024-06-17,2.45
2024-06-18,2.45
2024-06-19,2.28
2024-06-20,2.45
2024-06-21,2.45
2024-06-22,2.45
2024-06-23,2.45
2024-06-24,2.45
2024-06-25,2.41
2024-06-26,2.19
2024-06-27,2.07
2024-06-28,2.27
2024-06-29,2.27
2024-06-30,2.27
2024-07-01,2.27
2024-07-02,1.84
2024-07-03,1.5
2024-07-04,1.41
2024-07-05,1.66
2024-07-06,1.8
2024-07-07,1.8
2024-07-08,1.8
2024-07-09,1.53
2024-07-10,1.63
2024-07-11,1.66
2024-07-12,1.8
2024-07-13,1.8
2024-07-14,1.66
2024-07-15,1.66
2024-07-16,1.66
2024-07-17,1.53
2024-07-18,0.99
2024-07-19,0.79
2024-07-20,0.68
2024-07-21,1.53
2024-07-22,1.8
2024-07-23,2.27
2024-07-24,2.45
2024-07-25,1.73
2024-07-26,1.53
2024-07-27,1.95
2024-07-28,1.95
2024-07-29,1.8
2024-07-30,1.8
2024-07-31,1.8
2024-08-01,1.21
2024-08-02,1.27
2024-08-03,1.8
2024-08-04,1.8
2024-08-05,1.8
2024-08-06,1.8
2024-08-07,1.8
2024-08-08,1.41
2024-08-09,1.73
2024-08-10,1.8
2024-08-11,1.29
2024-08-12,1.29
2024-08-13,1.29
2024-08-14,0.62
2024-08-15,0.62
2024-08-16,0.62
2024-08-17,0.62
2024-08-18,0.62
2024-08-19,0.62
2024-08-20,0.62
2024-08-21,0.62
2024-08-22,1.03
2024-08-23,1.01
2024-08-24,1.03
2024-08-25,1.03
2024-08-26,1.03
2024-08-27,0.96
2024-08-28,0.94
2024-08-29,0.94
2024-08-30,0.94
2024-08-31,1.14
2024-09-01,1.03
2024-09-02,0.76
2024-09-03,0.67
2024-09-04,0.62
2024-09-05,0.73
2024-09-06,0.74
2024-09-07,0.76
2024-09-08,0.94
2024-09-09,0.76
2024-09-10,0.74
2024-09-11,0.76
2024-09-12,0.69
2024-09-13,0.69
2024-09-14,0.69
2024-09-15,0.72
2024-09-16,0.94
2024-09-17,0.96
2024-09-18,0.94
2024-09-19,1.03
2024-09-20,0.94
2024-09-21,0.94
2024-09-22,0.85
2024-09-23,0.85
2024-09-24,0.94
2024-09-25,0.94
2024-09-26,0.94
2024-09-27,1.14
2024-09-28,0.94
2024-09-29,0.94
2024-09-30,0.62
2024-10-01,0.55
2024-10-02,0.49
2024-10-03,0.49
2024-10-04,0.49
2024-10-05,0.49
2024-10-06,0.49
2024-10-07,0.49
2024-10-08,0.54
2024-10-09,0.51
2024-10-10,0.49
2024-10-11,0.49
2024-10-12,0.49
2024-10-13,0.49
2024-10-14,0.49
2024-10-15,1.14
2024-10-16,1.14
2024-10-17,1.14
2024-10-18,1.35
2024-10-19,1.52
2024-10-20,1.39
2024-10-21,1.14
2024-10-22,1.14
2024-10-23,1.14
2024-10-24,1.14
2024-10-25,1.12
2024-10-26,1.26
2024-10-27,0.76
2024-10-28,0.62
2024-10-29,1.14
2024-10-30,1.53
2024-10-31,1.26
2024-11-01,1.67
2024-11-02,2.0
2024-11-03,1.83
2024-11-04,1.67
2024-11-05,0.94
2024-11-06,0.71
2024-11-07,0.93
2024-11-08,0.78
2024-11-09,0.69
2024-11-10,0.62
2024-11-11,0.62
2024-11-12,0.62
2024-11-13,0.65
2024-11-14,0.74
2024-11-15,0.76
2024-11-16,1.22
2024-11-17,5.56
2024-11-18,6.21
2024-11-19,7.88
2024-11-20,6.69
2024-11-21,5.77
2024-11-22,5.77
2024-11-23,13.77
2024-11-24,28.84
2024-11-25,19.11
2024-11-26,17.38
2024-11-27,15.3
2024-11-28,11.17
2024-11-29,11.75
2024-11-30,11.75
2024-12-01,24.77
2024-12-02,23.71
2024-12-03,21.34
2024-12-04,19.7
2024-12-05,15.8
2024-12-06,13.89
2024-12-07,10.62
2024-12-08,8.92
2024-12-09,45.35
2024-12-10,40.58
2024-12-11,23.73
2024-12-12,19.11
2024-12-13,21.06
2024-12-14,28.88
2024-12-15,22.28
2024-12-16,17.38
2024-12-17,16.31
2024-12-18,15.3
2024-12-19,12.78
2024-12-20,15.4
2024-12-21,18.54
2024-12-22,17.38
2024-12-23,15.3
2024-12-24,15.3
2024-12-25,14.34
2024-12-26,11.75
2024-12-27,8.92
2024-12-28,8.31
2024-12-29,7.74
2024-12-30,7.74
2024-12-31,7.74
