date,q,ssi30
1994-07-16,4.76,
1994-07-17,4.76,
1994-07-18,4.76,
1994-07-19,4.76,
1994-07-20,4.76,
1994-07-21,4.76,
1994-07-22,4.76,
1994-07-23,4.76,
1994-07-24,4.5,
1994-07-25,4.5,
1994-07-26,4.5,
1994-07-27,4.25,
1994-07-28,4.25,
1994-07-29,4.25,
1994-07-30,4.25,0.24798222934188938
1994-07-31,4.25,0.2411952224373779
1994-08-01,4.25,0.6066405612414113
1994-08-02,4.25,0.5993897395191289
1994-08-03,4.25,0.5929021621886655
1994-08-04,4.25,0.5870633425912486
1994-08-05,4.02,0.5767494186311853
1994-08-06,4.02,0.5673731241220372
1994-08-07,3.8,0.5544181968521928
1994-08-08,3.8,0.542542846854836
1994-08-09,3.8,0.5316175248572675
1994-08-10,3.59,0.5178223255434278
1994-08-11,3.59,0.5050489928454279
1994-08-12,3.59,0.49318804105442754
1994-08-13,3.4,0.4791354280894974
1994-08-14,3.4,0.4660196559888956
1994-08-15,3.4,0.4451949357132219
1994-08-16,3.21,0.4214608795166825
1994-08-17,3.21,0.39772682332014275
1994-08-18,3.21,0.37399276712360296
1994-08-19,3.4,0.3531680468479294
1994-08-20,3.4,0.3323433265722557
1994-08-21,3.4,0.3115186062965821
1994-08-22,3.59,0.29360322194177463
1994-08-23,3.59,0.2796690341102579
1994-08-24,3.59,0.2657348462787409
1994-08-25,3.59,0.25180065844722394
1994-08-26,3.4,0.23878520827492813
1994-08-27,3.4,0.22576975810263195
1994-08-28,3.4,0.21275430793033617
1994-08-29,3.4,0.19973885775804018
1994-08-30,3.4,0.186723407585744
1994-08-31,3.4,0.17370795741344822
1994-09-01,3.21,0.09369402837363269
1994-09-02,3.21,0.08122281793134453
1994-09-03,3.21,0.0687516074890562
1994-09-04,3.21,0.059038453202273945
1994-09-05,3.21,0.04932529891549169
1994-09-06,3.21,0.04225028529919352
1994-09-07,3.21,0.03517527168289551
1994-09-08,3.21,0.028100258066597345
1994-09-09,3.04,0.021504906390387133
1994-09-10,3.04,0.01490955471417692
1994-09-11,3.04,0.008314203037967028
1994-09-12,3.04,0.003997245577174772
1994-09-13,3.04,-0.0003197118836173226
1994-09-14,3.04,-0.0046366693444092584
1994-09-15,3.04,-0.006675232589783556
1994-09-16,3.04,-0.008713795835157375
1994-09-17,3.04,-0.010752359080531513
1994-09-18,3.04,-0.015069316541323608
1994-09-19,3.21,-0.017347710756741724
1994-09-20,3.21,-0.01962610497215968
1994-09-21,3.21,-0.024182893402995755
1994-09-22,3.04,-0.030778245079205967
1994-09-23,3.21,-0.03533503351004204
1994-09-24,3.4,-0.037613427725459996
1994-09-25,3.4,-0.037613427725460155
1994-09-26,3.4,-0.037613427725459996
1994-09-27,3.4,-0.037613427725459996
1994-09-28,3.59,-0.035335033510042205
1994-09-29,3.59,-0.03305663929462393
1994-09-30,3.59,-0.030778245079205967
1994-10-01,3.4,-0.01815336700197858
1994-10-02,3.4,-0.015370970300529162
1994-10-03,3.4,-0.01258857359907955
1994-10-04,3.4,-0.009806176897630131
1994-10-05,3.4,-0.007023780196180519
1994-10-06,3.59,-0.0014589867932812942
1994-10-07,3.59,0.004105806609617541
1994-10-08,3.59,0.009670600012516767
1994-10-09,3.8,0.020800186818314633
1994-10-10,3.8,0.03192977362411289
1994-10-11,3.8,0.043059360429911146
1994-10-12,3.59,0.05111366667094895
1994-10-13,3.59,0.05916797291198715
1994-10-14,3.59,0.06722227915302535
1994-10-15,3.59,0.07527658539406355
1994-10-16,3.59,0.08333089163510135
1994-10-17,3.4,0.08860280117469013
1994-10-18,3.4,0.09387471071427872
1994-10-19,3.21,0.09387471071427872
1994-10-20,3.21,0.09387471071427853
1994-10-21,3.21,0.09387471071427872
1994-10-22,3.21,0.0963642235524177
1994-10-23,3.21,0.09636422355241789
1994-10-24,3.21,0.09358182685096808
1994-10-25,3.21,0.09079943014951886
1994-10-26,3.21,0.08801703344806924
1994-10-27,3.21,0.08523463674661944
1994-10-28,3.21,0.0796698433437206
1994-10-29,3.21,0.07410504994082139
1994-10-30,3.4,0.07132265323937197
1994-10-31,3.4,0.07132265323937216
1994-11-01,3.4,-0.3341455995357359
1994-11-02,3.4,-0.3341455995357359
1994-11-03,3.4,-0.3341455995357359
1994-11-04,3.4,-0.3341455995357359
1994-11-05,3.4,-0.3361430215806397
1994-11-06,3.59,-0.3361430215806397
1994-11-07,3.59,-0.3361430215806397
1994-11-08,3.8,-0.3361430215806397
1994-11-09,4.25,-0.3314122851584989
1994-11-10,5.97,-0.3085996228561761
1994-11-11,5.97,-0.283579283556854
1994-11-12,5.97,-0.2585589442575321
1994-11-13,6.67,-0.22617968163488006
1994-11-14,10.45,-0.15406223306624617
1994-11-15,14.63,-0.038001499509727095
1994-11-16,18.32,0.11884869475324926
1994-11-17,11.05,0.19927121392964164
1994-11-18,9.34,0.26371435674680266
1994-11-19,8.34,0.3176447519592069
1994-11-20,6.67,0.3540188586716665
1994-11-21,5.96,0.3829289145847487
1994-11-22,5.96,0.41183897049783086
1994-11-23,5.32,0.43402086794386835
1994-11-24,5.32,0.4562027653899062
1994-11-25,5.03,0.475335966030564
1994-11-26,4.76,0.49163072481793757
1994-11-27,4.76,0.5079254836053109
1994-11-28,4.5,0.5214869280154477
1994-11-29,4.25,0.5304227634794915
1994-11-30,3.8,0.5346278625213945
1994-12-01,3.8,-0.4376095971252796
1994-12-02,3.8,-0.43632718930539455
1994-12-03,3.59,-0.43571804559094907
1994-12-04,3.59,-0.43510890187650353
1994-12-05,3.4,-0.43510890187650353
1994-12-06,3.4,-0.43571804559094907
1994-12-07,3.21,-0.43693633301984
1994-12-08,3.21,-0.4388278845541706
1994-12-09,3.21,-0.44216214488587197
1994-12-10,3.21,-0.4510107588430795
1994-12-11,3.8,-0.4579678212659564
1994-12-12,3.8,-0.4649248836888333
1994-12-13,8.34,-0.4595708310408128
1994-12-14,13.08,-0.4511389996250679
1994-12-15,11.69,-0.46056469710122383
1994-12-16,17.32,-0.46377071665093667
1994-12-17,45.0,-0.35492635293818486
1994-12-18,50.35,-0.2234474912044599
1994-12-19,50.35,-0.0887626099210224
1994-12-20,24.26,-0.032368726041573155
1994-12-21,18.32,0.007257675592877975
1994-12-22,13.83,0.03248904944911799
1994-12-23,11.69,0.05291139398078897
1994-12-24,10.45,0.06935827427081627
1994-12-25,10.45,0.08673490023026006
1994-12-26,10.45,0.10497715146812603
1994-12-27,10.45,0.12321940270599234
1994-12-28,12.36,0.1484187163667355
1994-12-29,13.83,0.17913238365298476
1994-12-30,13.83,0.211288759736605
1994-12-31,13.83,0.24344513582022506
1995-01-01,19.07,-0.8576422347844657
1995-01-02,16.29,-0.8406186194263676
1995-01-03,15.05,-0.8252571523394541
1995-01-04,22.34,-0.799869177939267
1995-01-05,13.91,-0.7857811308988255
1995-01-06,10.14,-0.7764918667703515
1995-01-07,13.91,-0.7621491357206155
1995-01-08,22.34,-0.7365064773111341
1995-01-09,26.16,-0.7057433298726814
1995-01-10,19.07,-0.6852747781783385
1995-01-11,13.91,-0.6717229079995694
1995-01-12,10.97,-0.6681975451340735
1995-01-13,12.85,-0.668505846829535
1995-01-14,20.64,-0.6565088895496156
1995-01-15,26.16,-0.6446593809066561
1995-01-16,17.62,-0.6813606870881302
1995-01-17,24.17,-0.7164534626845871
1995-01-18,38.82,-0.7319087607222934
1995-01-19,16.29,-0.7425920846911155
1995-01-20,17.62,-0.7435303941990422
1995-01-21,17.62,-0.7384501184346963
1995-01-22,17.62,-0.7305012964604034
1995-01-23,35.87,-0.696427256901124
1995-01-24,15.05,-0.6902612229918916
1995-01-25,13.91,-0.6856232931384255
1995-01-26,10.97,-0.6849262632182516
1995-01-27,26.16,-0.6664281614905546
1995-01-28,57.62,-0.607730199558971
1995-01-29,38.82,-0.5742325501259896
1995-01-30,42.01,-0.5364588902211705
1995-01-31,20.64,-0.5343543960391066
1995-02-01,14.31,-0.9688631938923226
1995-02-02,12.22,-0.9712783821365862
1995-02-03,10.43,-0.9814426549242828
1995-02-04,9.64,-0.9850867728758753
1995-02-05,8.23,-0.9867168115849013
1995-02-06,7.03,-0.9925883646310266
1995-02-07,7.03,-1.0056542770054713
1995-02-08,6.5,-1.0224325812041375
1995-02-09,5.55,-1.0339708656785003
1995-02-10,4.74,-1.0417967583286412
1995-02-11,4.38,-1.047420818586485
1995-02-12,4.38,-1.0546493148511191
1995-02-13,3.45,-1.0693196632323536
1995-02-14,3.19,-1.0889227989110601
1995-02-15,3.74,-1.1007683158122548
1995-02-16,5.55,-1.1166590596667394
1995-02-17,8.91,-1.1421849537960431
1995-02-18,10.43,-1.1471860149661441
1995-02-19,16.76,-1.1479199590969098
1995-02-20,41.99,-1.1271220306471896
1995-02-21,45.93,-1.1029616139704732
1995-02-22,34.11,-1.1044636391683194
1995-02-23,40.02,-1.0831536566738786
1995-02-24,51.84,-1.0507833068134813
1995-02-25,59.72,-1.0091789156799622
1995-02-26,69.57,-0.9721318055444534
1995-02-27,81.39,-0.9518459311394535
1995-02-28,83.36,-0.9138344525530547
1995-03-01,89.27,-1.0437170592713898
1995-03-02,93.21,-0.9882150966593292
1995-03-03,93.21,-0.9278719128355508
1995-03-04,81.39,-0.8749702902108266
1995-03-05,65.63,-0.832753005710541
1995-03-06,51.84,-0.8004781976324236
1995-03-07,43.96,-0.7731516835890321
1995-03-08,55.78,-0.7358673970058991
1995-03-09,61.69,-0.6940631076800728
1995-03-10,57.75,-0.6548668064003689
1995-03-11,65.63,-0.6089172692123765
1995-03-12,73.51,-0.5563215689391037
1995-03-13,65.63,-0.5094772088731159
1995-03-14,65.63,-0.46263284880712857
1995-03-15,69.57,-0.41206388411222106
1995-03-16,77.45,-0.3552693995652782
1995-03-17,91.24,-0.28834888518529606
1995-03-18,87.3,-0.225826004607427
1995-03-19,57.75,-0.18847288549521765
1995-03-20,45.93,-0.1613222768039105
1995-03-21,43.96,-0.14051955690521892
1995-03-22,38.05,-0.14353289206701464
1995-03-23,38.05,-0.14955956239060636
1995-03-24,38.05,-0.14654622722881067
1995-03-25,53.81,-0.1359995541625252
1995-03-26,57.75,-0.1314795514198315
1995-03-27,69.57,-0.12394621351534207
1995-03-28,77.45,-0.11791954319175067
1995-03-29,55.78,-0.13750622174342322
1995-03-30,53.81,-0.16010623545689148
1995-03-31,53.81,-0.18722625191305345
1995-04-01,49.87,0.3514264155002533
1995-04-02,41.99,0.2903088022648835
1995-04-03,34.11,0.2338925438937731
1995-04-04,26.23,0.18687899525118115
1995-04-05,20.32,0.14926815633710738
1995-04-06,18.35,0.11870934971942275
1995-04-07,14.41,0.069345123644701
1995-04-08,14.41,0.012928865273590846
1995-04-09,10.47,-0.043487393097519554
1995-04-10,6.53,-0.11400771606140775
1995-04-11,6.53,-0.19393074875381414
1995-04-12,12.67,-0.2571245948480189
1995-04-13,14.3,-0.31837346418365964
1995-04-14,15.85,-0.38247417060701094
1995-04-15,14.62,-0.45744526860736756
1995-04-16,13.99,-0.549622848116003
1995-04-17,13.01,-0.6382684452900678
1995-04-18,12.67,-0.6920595816557543
1995-04-19,12.67,-0.7317466534286632
1995-04-20,12.67,-0.7690830477694425
1995-04-21,12.67,-0.799367409813833
1995-04-22,12.67,-0.8296517718582234
1995-04-23,12.0,-0.860735602876993
1995-04-24,11.3,-0.9114601194454341
1995-04-25,10.59,-0.9677331893435214
1995-04-26,10.23,-1.0385398892534556
1995-04-27,9.86,-1.1191907966837296
1995-04-28,9.86,-1.173984252360578
1995-04-29,9.86,-1.2264270306052967
1995-04-30,9.86,-1.2788698088500157
1995-05-01,9.86,-0.3666039584281003
1995-05-02,9.49,-0.43134422893115126
1995-05-03,9.49,-0.4803874738476163
1995-05-04,9.49,-0.5137336931774954
1995-05-05,9.12,-0.5360441863970083
1995-05-06,9.12,-0.5544304232198749
1995-05-07,9.12,-0.5649681472494484
1995-05-08,8.73,-0.5762827545250585
1995-05-09,8.73,-0.5797488490073758
1995-05-10,8.35,-0.5761233938592049
1995-05-11,7.96,-0.5732748219570707
1995-05-12,7.56,-0.5834539844884735
1995-05-13,7.56,-0.5968801205866445
1995-05-14,7.16,-0.6141906729149988
1995-05-15,7.16,-0.6290510550058529
1995-05-16,7.16,-0.6426564718531097
1995-05-17,7.16,-0.6543097205436588
1995-05-18,6.75,-0.6661024098168299
1995-05-19,6.75,-0.677895099090001
1995-05-20,6.75,-0.689687788363172
1995-05-21,6.75,-0.7014804776363432
1995-05-22,6.75,-0.7132731669095144
1995-05-23,6.75,-0.723731210606161
1995-05-24,6.34,-0.7336115718890881
1995-05-25,6.34,-0.7420776072625641
1995-05-26,6.34,-0.7498265196396985
1995-05-27,6.34,-0.7568383889372597
1995-05-28,5.92,-0.7646869017305526
1995-05-29,5.92,-0.7725354145238456
1995-05-30,5.92,-0.7803839273171386
1995-05-31,5.92,-0.7882324401104315
1995-06-01,4.04,-0.05737741326832558
1995-06-02,3.79,-0.09010119174067018
1995-06-03,3.79,-0.12282497021301475
1995-06-04,3.79,-0.15342457359154063
1995-06-05,3.79,-0.1840241769700665
1995-06-06,3.79,-0.21462378034859225
1995-06-07,3.79,-0.24298438835795771
1995-06-08,3.54,-0.27278024980909277
1995-06-09,3.54,-0.3003945260287378
1995-06-10,3.54,-0.3257698068792226
1995-06-11,3.54,-0.34884868222287624
1995-06-12,3.54,-0.3719275575665299
1995-06-13,3.54,-0.39271002740335215
1995-06-14,3.3,-0.4148703405442733
1995-06-15,3.3,-0.4370306536851946
1995-06-16,3.3,-0.4591909668261157
1995-06-17,3.3,-0.4789974643225349
1995-06-18,3.3,-0.4988039618189539
1995-06-19,3.3,-0.5186104593153731
1995-06-20,3.3,-0.5384169568117922
1995-06-21,3.3,-0.5582234543082113
1995-06-22,3.3,-0.5780299518046305
1995-06-23,3.3,-0.5954826336565477
1995-06-24,3.3,-0.6129353155084648
1995-06-25,3.3,-0.6303879973603821
1995-06-26,3.3,-0.647840679212299
1995-06-27,3.3,-0.6628821352820435
1995-06-28,3.3,-0.6779235913517879
1995-06-29,3.3,-0.6929650474215323
1995-06-30,3.05,-0.7094417569330462
1995-07-01,3.05,-0.13737362438341347
1995-07-02,3.05,-0.145692274668032
1995-07-03,3.05,-0.15401092495265054
1995-07-04,3.05,-0.16232957523726907
1995-07-05,3.05,-0.17064822552188774
1995-07-06,3.05,-0.17896687580650614
1995-07-07,3.05,-0.18728552609112467
1995-07-08,3.05,-0.19279382154985858
1995-07-09,3.05,-0.19830211700859263
1995-07-10,3.05,-0.20381041246732667
1995-07-11,3.05,-0.20931870792606042
1995-07-12,3.05,-0.21482700338479432
1995-07-13,3.05,-0.22033529884352823
1995-07-14,3.05,-0.22314565366941286
1995-07-15,3.05,-0.22595600849529765
1995-07-16,3.05,-0.22876636332118228
1995-07-17,2.81,-0.23427465877991605
1995-07-18,2.81,-0.23978295423864993
1995-07-19,2.81,-0.24529124969738383
1995-07-20,2.81,-0.2507995451561179
1995-07-21,2.81,-0.2563078406148516
1995-07-22,2.81,-0.26181613607358556
1995-07-23,2.81,-0.2673244315323196
1995-07-24,2.81,-0.2728327269910533
1995-07-25,2.81,-0.27834102244978726
1995-07-26,2.56,-0.2866596727344059
1995-07-27,2.56,-0.2949783230190243
1995-07-28,2.56,-0.30329697330364286
1995-07-29,2.56,-0.3116156235882615
1995-07-30,2.31,-0.3199342738728801
1995-07-31,2.31,-0.32825292415749874
1995-08-01,2.07,-0.17587172192010175
1995-08-02,2.07,-0.190877770354043
1995-08-03,2.07,-0.20588381878798423
1995-08-04,2.07,-0.22088986722192547
1995-08-05,2.07,-0.2358959156558669
1995-08-06,2.07,-0.25090196408980814
1995-08-07,2.07,-0.2659080125237494
1995-08-08,2.07,-0.2809140609576906
1995-08-09,1.82,-0.2997481829717189
1995-08-10,1.82,-0.31858230498574697
1995-08-11,1.82,-0.33741642699977564
1995-08-12,1.82,-0.3562505490138037
1995-08-13,1.82,-0.3750846710278322
1995-08-14,1.82,-0.3939187930418603
1995-08-15,1.82,-0.4127529150558888
1995-08-16,1.82,-0.4279120864330333
1995-08-17,2.07,-0.4392431842300911
1995-08-18,2.07,-0.4505742820271488
1995-08-19,2.07,-0.46190537982420665
1995-08-20,2.07,-0.4732364776212643
1995-08-21,2.07,-0.4845675754183218
1995-08-22,2.07,-0.49589867321537967
1995-08-23,2.07,-0.5072297710124373
1995-08-24,2.07,-0.5185608688094949
1995-08-25,2.07,-0.5260638930264656
1995-08-26,2.07,-0.5335669172434362
1995-08-27,2.07,-0.5410699414604069
1995-08-28,1.82,-0.5524010392574645
1995-08-29,1.82,-0.5599040634744352
1995-08-30,1.82,-0.5674070876914058
1995-08-31,1.82,-0.5712351612714929
1995-09-01,1.82,-0.48022148294167144
1995-09-02,1.82,-0.4832193700672215
1995-09-03,1.82,-0.48621725719277153
1995-09-04,1.58,-0.49209311595884964
1995-09-05,1.58,-0.49796897472492785
1995-09-06,1.58,-0.503844833491006
1995-09-07,1.58,-0.509720692257084
1995-09-08,1.58,-0.5125986638976121
1995-09-09,1.58,-0.5154766355381402
1995-09-10,1.58,-0.5183546071786682
1995-09-11,1.58,-0.5212325788191964
1995-09-12,1.33,-0.5271084375852745
1995-09-13,1.33,-0.5329842963513525
1995-09-14,1.33,-0.5388601551174307
1995-09-15,1.33,-0.5447360138835087
1995-09-16,1.33,-0.5536097597751369
1995-09-17,1.33,-0.5624835056667651
1995-09-18,1.33,-0.5713572515583933
1995-09-19,1.33,-0.5802309974500215
1995-09-20,1.33,-0.5891047433416498
1995-09-21,1.33,-0.5979784892332779
1995-09-22,1.33,-0.6068522351249062
1995-09-23,1.33,-0.6157259810165342
1995-09-24,1.33,-0.6245997269081625
1995-09-25,1.33,-0.6334734727997906
1995-09-26,1.33,-0.6423472186914189
1995-09-27,1.33,-0.648223077457497
1995-09-28,1.33,-0.6540989362235752
1995-09-29,1.33,-0.6599747949896533
1995-09-30,1.33,-0.6658506537557314
1995-10-01,1.09,-0.8071824947604029
1995-10-02,1.09,-0.8178727557712354
1995-10-03,1.09,-0.8285630167820677
1995-10-04,1.09,-0.8357386714331745
1995-10-05,1.09,-0.8429143260842811
1995-10-06,1.09,-0.8500899807353877
1995-10-07,1.09,-0.8572656353864945
1995-10-08,1.09,-0.8644412900376011
1995-10-09,1.09,-0.8716169446887078
1995-10-10,0.84,-0.8824536476311953
1995-10-11,0.84,-0.8932903505736832
1995-10-12,0.84,-0.9004660052247897
1995-10-13,0.84,-0.9076416598758964
1995-10-14,0.84,-0.9148173145270031
1995-10-15,0.84,-0.9219929691781099
1995-10-16,0.84,-0.9291686238292164
1995-10-17,0.59,-0.940005326771704
1995-10-18,0.59,-0.9508420297141916
1995-10-19,0.59,-0.9616787326566792
1995-10-20,0.59,-0.9725154355991671
1995-10-21,0.59,-0.9833521385416547
1995-10-22,0.59,-0.9941888414841423
1995-10-23,0.59,-1.0050255444266298
1995-10-24,0.59,-1.0158622473691175
1995-10-25,0.59,-1.026698950311605
1995-10-26,0.59,-1.037535653254093
1995-10-27,0.59,-1.0483723561965805
1995-10-28,0.59,-1.0592090591390682
1995-10-29,0.35,-1.0735603684412816
1995-10-30,0.35,-1.087911677743495
1995-10-31,0.35,-1.0987483806859826
1995-11-01,0.35,-1.1818935663833516
1995-11-02,0.35,-1.189672999610872
1995-11-03,0.35,-1.1974524328383924
1995-11-04,0.35,-1.2052318660659127
1995-11-05,0.1,-1.2156394861946223
1995-11-06,0.1,-1.2260471063233316
1995-11-07,0.1,-1.2364547264520411
1995-11-08,0.1,-1.2468623465807507
1995-11-09,0.1,-1.254641779808271
1995-11-10,0.35,-1.2597930261346022
1995-11-11,0.35,-1.264944272460933
1995-11-12,0.35,-1.2700955187872642
1995-11-13,0.35,-1.275246765113595
1995-11-14,0.35,-1.280398011439926
1995-11-15,0.35,-1.285549257766257
1995-11-16,0.84,-1.2829210708650678
1995-11-17,0.35,-1.2854441302902095
1995-11-18,0.35,-1.2879671897153513
1995-11-19,0.35,-1.290490249140493
1995-11-20,1.82,-1.2775595695866415
1995-11-21,3.3,-1.2490700235777499
1995-11-22,3.54,-1.2180574181437163
1995-11-23,4.28,-1.1792653794821624
1995-11-24,4.04,-1.1429964002457502
1995-11-25,3.54,-1.1119837948117166
1995-11-26,2.56,-1.0912736820303452
1995-11-27,2.56,-1.0705635692489737
1995-11-28,2.07,-1.0524816433687911
1995-11-29,2.07,-1.034399717488609
1995-11-30,2.07,-1.0163177916084267
1995-12-01,2.07,-0.9063617154887982
1995-12-02,2.07,-0.900847361863292
1995-12-03,2.31,-0.8945635635458548
1995-12-04,2.56,-0.8874782603409893
1995-12-05,3.54,-0.8764495530899771
1995-12-06,3.54,-0.8654208458389648
1995-12-07,4.04,-0.8527891288130961
1995-12-08,3.54,-0.8417604215620839
1995-12-09,3.79,-0.8299302094236434
1995-12-10,4.04,-0.8180999972852028
1995-12-11,4.04,-0.8062697851467624
1995-12-12,3.79,-0.7952410778957502
1995-12-13,3.54,-0.7850138755321661
1995-12-14,3.3,-0.7755561178605132
1995-12-15,3.05,-0.7668998650762884
1995-12-16,2.56,-0.7613855114507823
1995-12-17,2.07,-0.755871157825276
1995-12-18,1.82,-0.7511583090871982
1995-12-19,1.82,-0.7464454603491203
1995-12-20,1.58,-0.7472149050410514
1995-12-21,1.58,-0.7527292586665575
1995-12-22,1.58,-0.7590130569839947
1995-12-23,1.58,-0.7676693097682195
1995-12-24,1.58,-0.7755561178605132
1995-12-25,1.58,-0.7818399161779503
1995-12-26,3.05,-0.780268966598591
1995-12-27,11.31,-0.7522162955386034
1995-12-28,22.99,-0.6851463665586103
1995-12-29,35.54,-0.5778408922297206
1995-12-30,37.21,-0.46518136525281034
1995-12-31,24.18,-0.39429627300865894
1996-01-01,20.75,-1.119712080348381
1996-01-02,13.1,-1.105248709504769
1996-01-03,12.18,-1.092353655981548
1996-01-04,10.52,-1.0829973697453652
1996-01-05,8.37,-1.0765230341406713
1996-01-06,6.61,-1.0730780978044263
1996-01-07,5.61,-1.0703033825452717
1996-01-08,5.16,-1.068466976794044
1996-01-09,4.74,-1.0675286672861173
1996-01-10,4.74,-1.0665903577781906
1996-01-11,4.35,-1.0658397101718493
1996-01-12,2.78,-1.0668584462090267
1996-01-13,4.35,-1.0654509819471367
1996-01-14,6.61,-1.0606790078782526
1996-01-15,9.04,-1.05199294271916
1996-01-16,11.32,-1.0395938527929864
1996-01-17,19.86,-1.0154122763315623
1996-01-18,52.94,-0.9468888734098326
1996-01-19,62.55,-0.8651621152694208
1996-01-20,37.21,-0.8174021613159539
1996-01-21,30.87,-0.7781406106199941
1996-01-22,38.95,-0.7280482873182524
1996-01-23,35.54,-0.6825268717622677
1996-01-24,32.37,-0.6412546578350364
1996-01-25,92.61,-0.5212046585065915
1996-01-26,133.02,-0.3580594439212292
1996-01-27,107.41,-0.2448993172652744
1996-01-28,67.84,-0.20160303568522997
1996-01-29,50.73,-0.18348025776070354
1996-01-30,76.42,-0.1134555596262915
1996-01-31,137.71,0.0433225547267114
1996-02-01,225.21,-0.41836242464767737
1996-02-02,192.24,-0.26469500582713523
1996-02-03,211.53,-0.09314836661177818
1996-02-04,124.0,0.005532982039889502
1996-02-05,107.41,0.091558061552889
1996-02-06,79.47,0.1545919144579497
1996-02-07,119.67,0.25231742889280656
1996-02-08,79.47,0.31609376016271135
1996-02-09,70.61,0.3723087600389148
1996-02-10,96.15,0.45065302888111064
1996-02-11,65.15,0.5038810468297784
1996-02-12,50.73,0.5434628244866527
1996-02-13,55.22,0.5849477363430704
1996-02-14,85.84,0.65049065406726
1996-02-15,73.47,0.7035309188661981
1996-02-16,50.73,0.7298760994670541
1996-02-17,46.53,0.7244056554226262
1996-02-18,42.61,0.7073883926697568
1996-02-19,44.53,0.7136354520153441
1996-02-20,44.53,0.7252932157668079
1996-02-21,38.95,0.7252932157668083
1996-02-22,38.95,0.7282033895876348
1996-02-23,38.95,0.7338189156113998
1996-02-24,48.59,0.696251217197092
1996-02-25,55.22,0.6298548760650354
1996-02-26,99.79,0.6233517896970879
1996-02-27,82.61,0.6359568534312844
1996-02-28,76.42,0.6578813007793892
1996-02-29,52.94,0.6378429191626707
1996-03-01,73.47,0.2615618376660731
1996-03-02,48.59,0.12648182338273053
1996-03-03,38.95,0.009244730247788322
1996-03-04,40.74,-0.12137646576315088
1996-03-05,38.95,-0.18642320574049356
1996-03-06,30.87,-0.24496144769070882
1996-03-07,26.7,-0.28532025390592797
1996-03-08,24.18,-0.35835156725615064
1996-03-09,21.85,-0.40241968198271705
1996-03-10,21.85,-0.43971161662463637
1996-03-11,21.22,-0.4970185211102598
1996-03-12,18.56,-0.5326508269955555
1996-03-13,16.18,-0.5590748701021657
1996-03-14,14.07,-0.5905466320077232
1996-03-15,12.18,-0.6468822330274886
1996-03-16,12.18,-0.6937571853286214
1996-03-17,11.32,-0.7238981850053652
1996-03-18,10.52,-0.7514388446947726
1996-03-19,10.52,-0.775981465339957
1996-03-20,10.52,-0.8019925132721077
1996-03-21,10.52,-0.8280035612042587
1996-03-22,16.18,-0.8454181910606265
1996-03-23,37.21,-0.8467489532894399
1996-03-24,38.95,-0.8467489532894399
1996-03-25,42.61,-0.8513224924436377
1996-03-26,48.59,-0.8563931554189436
1996-03-27,40.74,-0.9015549425519488
1996-03-28,37.21,-0.9362771294416767
1996-03-29,55.22,-0.952491014068598
1996-03-30,52.94,-0.952491014068598
1996-03-31,40.74,-0.9775231104761045
1996-04-01,38.95,-0.8413693619006156
1996-04-02,35.54,-0.8454383010090227
1996-04-03,33.93,-0.853564246853085
1996-04-04,30.87,-0.8632056040366417
1996-04-05,37.21,-0.8556404797119203
1996-04-06,50.73,-0.8269669879890399
1996-04-07,48.59,-0.7978400661015863
1996-04-08,38.95,-0.7774357086957913
1996-04-09,30.87,-0.7666727084735532
1996-04-10,21.22,-0.7666727084735533
1996-04-11,28.04,-0.7553608191047265
1996-04-12,37.21,-0.7302670392074242
1996-04-13,37.21,-0.7026555286594655
1996-04-14,35.54,-0.6747815059109642
1996-04-15,29.43,-0.6541981629138902
1996-04-16,25.42,-0.6373735173336733
1996-04-17,24.18,-0.6210738961545413
1996-04-18,22.99,-0.6061942273328885
1996-04-19,21.85,-0.5926748490049549
1996-04-20,21.85,-0.5791554706770219
1996-04-21,19.86,-0.574764357504313
1996-04-22,18.56,-0.5970182326866565
1996-04-23,14.07,-0.6267059760934506
1996-04-24,13.1,-0.6619184080843871
1996-04-25,13.1,-0.7042663989809755
1996-04-26,12.18,-0.7383452555604787
1996-04-27,11.32,-0.7692381686152174
1996-04-28,11.32,-0.8216212849961766
1996-04-29,11.32,-0.8712838203896963
1996-04-30,11.32,-0.9063888610258652
1996-05-01,11.32,0.2798824227737507
1996-05-02,11.32,0.23163598118655382
1996-05-03,12.18,0.18830980015758908
1996-05-04,12.18,0.1510791645975268
1996-05-05,12.18,0.10121919626856192
1996-05-06,12.18,0.02442727541032742
1996-05-07,12.18,-0.048101747636321246
1996-05-08,12.18,-0.10142781044760373
1996-05-09,12.18,-0.13865844600766603
1996-05-10,12.18,-0.15666620124912975
1996-05-11,12.18,-0.1882594532546186
1996-05-12,11.32,-0.23983254874151075
1996-05-13,10.52,-0.29299925088693923
1996-05-14,9.04,-0.3457874714509654
1996-05-15,9.04,-0.386404521160418
1996-05-16,8.37,-0.42036826307048014
1996-05-17,8.37,-0.4518619146598105
1996-05-18,7.75,-0.48222012150493343
1996-05-19,7.75,-0.5103074388616416
1996-05-20,7.16,-0.5395700411290206
1996-05-21,7.16,-0.5648685468332899
1996-05-22,7.16,-0.587577441717437
1996-05-23,7.16,-0.6013422192305472
1996-05-24,7.16,-0.6131747486701817
1996-05-25,7.16,-0.6250072781098163
1996-05-26,7.16,-0.6350071598921337
1996-05-27,6.61,-0.6443895190942681
1996-05-28,6.61,-0.6537718782964025
1996-05-29,6.09,-0.6641900818265859
1996-05-30,6.09,-0.6746082853567692
1996-05-31,5.61,-0.6859826528820745
1996-06-01,5.61,0.2358161598163486
1996-06-02,5.61,0.19809769936664584
1996-06-03,5.16,0.1577957827217585
1996-06-04,5.16,0.11749386607687086
1996-06-05,5.16,0.07719194943198321
1996-06-06,5.16,0.036890032787095406
1996-06-07,4.74,-0.005823109639964893
1996-06-08,4.74,-0.0485362520670255
1996-06-09,4.74,-0.0912493944940858
1996-06-10,4.74,-0.1339625369211461
1996-06-11,4.74,-0.17173840750851954
1996-06-12,4.35,-0.2071604624513909
1996-06-13,4.35,-0.23408581701898662
1996-06-14,4.35,-0.26101117158658266
1996-06-15,4.35,-0.2840900469302362
1996-06-16,4.35,-0.30716892227388987
1996-06-17,4.35,-0.3266883690819551
1996-06-18,4.35,-0.3462078158900203
1996-06-19,4.35,-0.36234006457550955
1996-06-20,4.35,-0.3784723132609987
1996-06-21,4.35,-0.3946045619464879
1996-06-22,3.99,-0.4128035755881253
1996-06-23,3.99,-0.43100258922976264
1996-06-24,3.99,-0.4492016028714
1996-06-25,3.99,-0.4674006165130372
1996-06-26,3.99,-0.48244207258278166
1996-06-27,3.99,-0.49748352865252604
1996-06-28,3.99,-0.5095396575633898
1996-06-29,3.99,-0.5215957864742536
1996-06-30,3.99,-0.5308962287769201
1996-07-01,3.999234996841441,0.20525623626716882
1996-07-02,4.008469993682881,0.18725276593895931
2005-03-01,33.228,-1.5060302016331613
2005-03-02,32.99033333333333,-1.484745399095641
2005-03-03,32.75266666666667,-1.4636423654219413
2005-03-04,32.515,-1.4427211006120624
2005-03-05,28.23525,-1.424751795292219
2005-03-06,23.9555,-1.4100556679314356
2005-03-08,15.396,-1.4019058964887718
2005-03-09,16.595,-1.3928391227976324
2005-03-10,17.794,-1.3828553468580178
2005-03-11,18.993,-1.3716562943772626
2005-03-12,18.935285714285712,-1.3605013821215026
2005-03-13,18.87757142857143,-1.3493906100907376
2005-03-18,18.589,-1.3385005391849483
2005-03-19,18.6835,-1.3275381941236286
2005-03-20,18.778,-1.3165035749067786
2005-03-22,18.967,-1.3053244073788677
2005-03-23,19.577666666666666,-1.2936781983944077
2005-03-24,20.188333333333333,-1.2815649479533988
2005-03-25,20.799,-1.2689846560558407
2005-03-26,20.67069375,-1.2562271634162412
2005-03-27,20.5423875,-1.2435678001509065
2005-09-01,0.27,4.801226936932537
2005-09-02,0.22,4.756018799079241
2005-09-03,0.22,4.710810661225946
2005-09-04,0.22,4.665602523372652
2005-09-05,0.22,4.620394385519357
2005-09-06,0.22,4.575186247666061
2005-09-07,0.22,4.529978109812766
2005-09-08,0.27,4.485258807472039
2005-09-09,0.27,4.440428763218772
2005-09-10,0.27,4.045211307683255
2005-09-11,0.27,3.6528438435084287
2005-09-12,0.27,3.2633263706942923
2005-09-13,0.27,2.876658889240845
2005-09-14,0.35,2.5422715613698657
2005-09-15,1.23,2.2697576258831136
2005-09-16,2.09,2.110198081512837
2005-09-17,2.29,1.9386589801888623
2005-09-18,2.8,1.7588577019468716
2005-09-19,3.25,1.5700747538767326
2005-09-20,2.74,1.3758681997268851
2005-09-21,2.74,1.1823537292334494
2005-09-22,2.51,0.9895416208665715
2005-09-23,2.4,0.7942772408309939
2005-09-24,2.51,0.5991987297972003
2005-09-25,2.51,0.4018538160964906
2005-09-26,2.29,0.1945479227732869
2005-09-27,2.29,-0.0200808095019275
2005-09-28,2.29,-0.24203238072915192
2005-09-29,2.29,-0.4624453613363661
2005-09-30,2.29,-0.6813197513235696
2005-10-01,2.09,-0.7887308113718429
2005-10-02,2.09,-0.7613461701523133
2005-10-03,2.09,-0.7339615289327837
2005-10-04,2.09,-0.7065768877132542
2005-10-05,1.89,-0.6821210851268293
2005-10-06,1.89,-0.6576652825404046
2005-10-07,1.71,-0.6358454347237741
2005-10-08,1.71,-0.6147577965654198
2005-10-09,1.89,-0.5910342036372711
2005-10-10,2.29,-0.561452933442913
2005-10-11,2.14,-0.5340682922233833
2005-10-12,2.35,-0.5036083704390938
2005-10-13,2.29,-0.47402710024473554
2005-10-14,2.29,-0.4456173655036195
2005-10-15,2.09,-0.43302335938126885
2005-10-16,1.89,-0.4359521980143737
2005-10-17,1.89,-0.44180987528058335
2005-10-18,1.89,-0.45513609106120995
2005-10-19,1.89,-0.4750521937663225
2005-10-20,1.54,-0.4926252255649509
2005-10-21,1.54,-0.5101982573635795
2005-10-22,1.71,-0.5219136118959985
2005-10-23,1.54,-0.5345076180183491
2005-10-24,1.54,-0.5487124853889073
2005-10-25,1.54,-0.5629173527594653
2005-10-26,1.54,-0.5739004976336082
2005-10-27,1.38,-0.5872267134142348
2005-10-28,1.38,-0.6005529291948616
2005-10-29,1.38,-0.6138791449754883
2005-10-30,1.09,-0.631452176774117
2005-10-31,0.74,-0.651221837547574
2005-11-01,0.55,-0.8690341976657792
2005-11-02,0.55,-0.8852238289771052
2005-11-03,0.55,-0.9014134602884312
2005-11-04,0.47,-0.9163415618871863
2005-11-05,0.47,-0.9312696634859414
2005-11-06,5.48,-0.8916366050160071
2005-11-07,0.49,-0.9044621570938107
2005-11-08,1.54,-0.9081416187554757
2005-11-09,2.99,-0.9007826954321457
2005-11-10,4.27,-0.8783905430340131
2005-11-11,9.53,-0.8029090152318568
2005-11-12,8.63,-0.7362581954176965
2005-11-13,8.02,-0.676020151642438
2005-11-14,6.89,-0.6255589631396038
2005-11-15,5.76,-0.5848746299091937
2005-11-16,4.19,-0.5606953104182523
2005-11-17,3.81,-0.5405108350171185
2005-11-18,3.81,-0.5203263596159848
2005-11-19,2.74,-0.5077110624902762
2005-11-20,2.29,-0.4998265017867084
2005-11-21,2.99,-0.48637018485261924
2005-11-22,2.74,-0.47375488772691077
2005-11-23,2.74,-0.4611395906012021
2005-11-24,2.24,-0.45378066727787214
2005-11-25,2.09,-0.4479986560952555
2005-11-26,1.89,-0.4426371548168296
2005-11-27,1.71,-0.4391679481072597
2005-11-28,1.71,-0.4356987413976896
2005-11-29,1.54,-0.43096800497554916
2005-11-30,1.54,-0.4225578068917434
2005-12-01,1.54,-0.7276261255923058
2005-12-02,1.62,-0.724195684674113
2005-12-03,2.09,-0.7192584145675551
2005-12-04,1.94,-0.7145455658294773
2005-12-05,2.74,-0.707267901451629
2005-12-06,4.12,-0.7116280880392385
2005-12-07,2.74,-0.7044145440523846
2005-12-08,2.74,-0.7005673205927291
2005-12-09,2.63,-0.7017214876306258
2005-12-10,2.09,-0.7087106102489998
2005-12-11,1.71,-0.7337816831277544
2005-12-12,1.71,-0.7559673384117676
2005-12-13,1.94,-0.7754599372740216
2005-12-14,1.89,-0.7914900350225861
2005-12-15,1.89,-0.8038973306799749
2005-12-16,1.89,-0.8112711756443144
2005-12-17,2.29,-0.8161443253598781
2005-12-18,2.4,-0.8206648129249732
2005-12-19,3.67,-0.8176832147437402
2005-12-20,4.43,-0.8108223329073546
2005-12-21,4.6,-0.8056606414323169
2005-12-22,4.04,-0.8014928160176902
2005-12-23,3.32,-0.7996333246788568
2005-12-24,2.51,-0.7987676994004344
2005-12-25,4.19,-0.7920350583460373
2005-12-26,4.77,-0.7828017220428642
2005-12-27,7.33,-0.7647838921734779
2005-12-28,11.66,-0.7328839976538348
2005-12-29,13.91,-0.6932255358238867
2005-12-30,19.4,-0.6359660266660148
2005-12-31,36.94,-0.5224729346061793
2006-01-01,0.0,-1.2005139334024082
2006-01-02,0.0,-1.2033154575046465
2006-01-03,0.0,-1.2059159152837575
2006-01-04,49.14,-1.1437193993297619
2006-01-05,60.56,-1.0680648441477896
2006-01-06,46.89,-1.008884323040701
2006-01-07,25.36,-0.9785635215131283
2006-01-08,17.18,-0.9590600881697956
2006-01-09,12.12,-0.9456154533633608
2006-01-10,10.21,-0.9342216950528227
2006-01-11,9.8,-0.923377518025499
2006-01-12,9.27,-0.9135520770353527
2006-01-13,24.62,-0.8830838268708198
2006-01-14,53.05,-0.8145068062629229
2006-01-15,51.46,-0.7480610886801737
2006-01-16,55.89,-0.6762133892160754
2006-01-17,82.26,-0.5691656787831855
2006-01-18,95.62,-0.44591202270624797
2006-01-19,98.56,-0.3197362027331963
2006-01-20,45.07,-0.26548850875349367
2006-01-21,49.52,-0.20452519958134444
2006-01-22,55.89,-0.1340581555360523
2006-01-23,31.23,-0.09556065686797595
2006-01-24,33.86,-0.055789738153427276
2006-01-25,66.39,0.026808307387202322
2006-01-26,55.89,0.09190017839422888
2006-01-27,82.79,0.18724582882111895
2006-01-28,97.97,0.2999233963015687
2006-01-29,117.47,0.43138055836209377
2006-01-30,91.02,0.503871670060199
2006-01-31,64.11,0.5898074165647388
2006-02-01,50.68,-0.208198376226336
2006-02-02,46.52,-0.16849711929236055
2006-02-03,40.87,-0.1755549308754213
2006-02-04,33.26,-0.19885338991019186
2006-02-05,26.62,-0.21615228238765685
2006-02-06,28.46,-0.2135066698232692
2006-02-07,55.89,-0.18047064970473553
2006-02-08,50.68,-0.14756264309738162
2006-02-09,42.94,-0.11963009495789284
2006-02-10,104.63,-0.03869995318985999
2006-02-11,143.81,0.0761196321045739
2006-02-12,119.48,0.1570753765748427
2006-02-13,116.81,0.21148965306044654
2006-02-14,60.56,0.2192558060720366
2006-02-15,41.21,0.20672755044454852
2006-02-16,30.38,0.16245194404440536
2006-02-17,25.11,0.10227705955569923
2006-02-18,21.8,0.03676827876782393
2006-02-19,21.57,0.01671282868294815
2006-02-20,18.98,-0.009350722193311786
2006-02-21,16.6,-0.042881727888408584
2006-02-22,15.67,-0.056160996114820026
2006-02-23,14.95,-0.07229923275758587
2006-02-24,14.77,-0.11635294907168352
2006-02-25,16.23,-0.15019972142769106
2006-02-26,16.23,-0.2070035834553223
2006-02-27,16.6,-0.2764466461534647
2006-02-28,17.37,-0.3618743292809569
2006-03-01,17.37,-0.6415438879946628
2006-03-02,20.03,-0.6752565311246012
2006-03-03,23.18,-0.6962886927868812
2006-03-04,28.46,-0.7101010869549095
2006-03-05,28.46,-0.7195923279086874
2006-03-06,25.36,-0.7256342943498516
2006-03-07,21.8,-0.7293206586848404
2006-03-08,21.12,-0.7349343338339727
2006-03-09,17.77,-0.7640887339272858
2006-03-10,15.67,-0.790864587738065
2006-03-11,16.6,-0.8110095745811364
2006-03-12,16.04,-0.8787637273688234
2006-03-13,15.49,-0.9769036177144157
2006-03-14,14.42,-1.0572541233231119
2006-03-15,14.42,-1.1355625972358703
2006-03-16,14.42,-1.1708507404757835
2006-03-17,14.95,-1.1909345428485643
2006-03-18,16.41,-1.2016188809730026
2006-03-19,18.17,-1.2069266337706832
2006-03-20,31.8,-1.1992785749843997
2006-03-21,62.76,-1.1677762208436973
2006-03-22,63.66,-1.133604694186582
2006-03-23,106.5,-1.0648486456978916
2006-03-24,124.95,-0.9812706592813836
2006-03-25,106.5,-0.9112526810929565
2006-03-26,132.0,-0.8215944879413529
2006-03-27,141.55,-0.7257490152316459
2006-03-28,86.57,-0.6719525697289265
2006-03-29,102.18,-0.6065004826359108
2006-03-30,127.74,-0.5220888578116979
2006-03-31,163.59,-0.4102589422386577
2006-04-01,185.92,0.25311559639712733
2006-04-02,142.3,0.3952540206180805
2006-04-03,196.85,0.5961832453877776
2006-04-04,204.36,0.8060736820941716
2006-04-05,150.75,0.9556937040305828
2006-04-06,129.86,1.0846349239879056
2006-04-07,114.83,1.1964531890462125
2006-04-08,97.97,1.2921508185166661
2006-04-09,84.93,1.374794432196512
2006-04-10,67.32,1.4353154267942845
2006-04-11,51.85,1.4780452536189352
2006-04-12,48.76,1.5177442577645959
2006-04-13,44.71,1.5538874148301822
2006-04-14,49.14,1.5953166130248722
2006-04-15,44.71,1.6314597700904592
2006-04-16,43.99,1.6661113805620549
2006-04-17,42.94,1.6977679654729174
2006-04-18,47.26,1.7324792378082723
2006-04-19,51.85,1.7564036451758853
2006-04-20,49.14,1.7401517534877617
2006-04-21,48.01,1.7214775901309958
2006-04-22,45.79,1.6490361551540473
2006-04-23,44.35,1.5528612307735166
2006-04-24,36.31,1.469107906427742
2006-04-25,26.88,1.3436748040594861
2006-04-26,26.37,1.2062377347027924
2006-04-27,26.37,1.1344048507361926
2006-04-28,25.86,1.0433369818934861
2006-04-29,25.36,0.9211733496592586
2006-04-30,25.36,0.7562321611093732
2006-05-01,25.36,2.790689393631152
2006-05-02,25.36,2.557743940319559
2006-05-03,25.36,2.2161344329789987
2006-05-04,24.37,1.8575928548914864
2006-05-05,24.37,1.6058428430091611
2006-05-06,23.65,1.3942716390051906
2006-05-07,23.18,1.2117040761865867
2006-05-08,22.25,1.0608692059560938
2006-05-09,20.47,0.932464349444504
2006-05-10,18.78,0.8357722654377937
2006-05-11,17.18,0.766709336873462
2006-05-12,16.41,0.7022678676188867
2006-05-13,15.67,0.6444199459140068
2006-05-14,12.6,0.5716319617853457
2006-05-15,9.94,0.5023698323886974
2006-05-16,7.67,0.43002009009113384
2006-05-17,7.22,0.3588655527874728
2006-05-18,6.78,0.2782290558655188
2006-05-19,6.36,0.18761259724447932
2006-05-20,5.96,0.10159767784996399
2006-05-21,5.57,0.017056844614595373
2006-05-22,5.2,-0.06379877322290721
2006-05-23,4.85,-0.14248310198815395
2006-05-24,4.77,-0.20531104450096085
2006-05-25,4.77,-0.24935434852626712
2006-05-26,4.77,-0.2923817283067564
2006-05-27,4.77,-0.33540910808724567
2006-05-28,4.77,-0.3774205636229177
2006-05-29,4.77,-0.41843601499700445
2006-05-30,4.77,-0.4594514663710912
2006-05-31,4.77,-0.500466917745178
2006-06-01,4.77,0.6850504870902032
2006-06-02,4.43,0.5648910689452604
2006-06-03,4.43,0.45041525442972447
2006-06-04,4.43,0.3359394399141891
2006-06-05,4.43,0.2255971553109498
2006-06-06,4.35,0.11749386607687086
2006-06-07,4.12,0.013409286479746244
2006-06-08,4.12,-0.08045628861197925
2006-06-09,4.04,-0.16507883153870903
2006-06-10,3.81,-0.2418361856045421
2006-06-11,3.74,-0.3145748300334207
2006-06-12,3.52,-0.3843281473034184
2006-06-13,3.32,-0.43760475506190233
2006-06-14,3.25,-0.4760121371636542
2006-06-15,2.99,-0.5028800815935794
2006-06-16,2.87,-0.5278534914803686
2006-06-17,3.39,-0.5473155281507632
2006-06-18,3.25,-0.5651700809663758
2006-06-19,3.25,-0.5807282282751572
2006-06-20,3.52,-0.5924973064976672
2006-06-21,3.52,-0.6021422096263581
2006-06-22,3.52,-0.6097777579365719
2006-06-23,3.52,-0.6169540251454195
2006-06-24,3.52,-0.624130292354267
2006-06-25,3.52,-0.6313065595631144
2006-06-26,3.52,-0.638482826771962
2006-06-27,3.45,-0.6460609649445049
2006-06-28,3.25,-0.6547873058704635
2006-06-29,3.25,-0.6635136467964221
2006-06-30,3.25,-0.6722399877223807
2006-07-01,3.25,-0.07048717952735875
2006-07-02,3.25,-0.08375205430553431
2006-07-03,3.32,-0.09623002973246227
2006-07-04,3.52,-0.10645972129868216
2006-07-05,3.12,-0.12118598058631788
2006-07-06,2.99,-0.13647431083913017
2006-07-07,2.99,-0.14917711465212888
2006-07-08,2.8,-0.16401578813279982
2006-07-09,2.8,-0.17795514806918777
2006-07-10,2.8,-0.18930898156576156
2006-07-11,2.51,-0.20313592730911414
2006-07-12,2.51,-0.2144897608056882
2006-07-13,2.57,-0.22292082528334212
2006-07-14,2.46,-0.23180154653313753
2006-07-15,2.46,-0.23775949876401292
2006-07-16,2.46,-0.24236848067846367
2006-07-17,2.46,-0.25282300063075464
2006-07-18,2.46,-0.2617037218805502
2006-07-19,2.46,-0.2705844431303456
2006-07-20,2.29,-0.28441138887369816
2006-07-21,2.29,-0.29823833461705057
2006-07-22,2.29,-0.31206528036040304
2006-07-23,2.14,-0.32757843899928624
2006-07-24,2.09,-0.3436536686033464
2006-07-25,1.94,-0.3614151111029375
2006-07-26,1.89,-0.37973862456770535
2006-07-27,1.89,-0.39727523868122555
2006-07-28,1.89,-0.41256356893403817
2006-07-29,1.89,-0.42785189918685057
2006-07-30,1.89,-0.443140229439663
2006-07-31,1.89,-0.4584285596924755
2006-08-01,1.84,-0.3597723767074841
2006-08-02,1.71,-0.3844251705632446
2006-08-03,1.75,-0.41152793151026107
2006-08-04,1.99,-0.42883082409225426
2006-08-05,2.29,-0.4395494301164983
2006-08-06,2.74,-0.44337750369658513
2006-08-07,3.12,-0.4384775695140738
2006-08-08,3.74,-0.4240840128529462
2006-08-09,7.44,-0.35303496720653077
2006-08-10,9.01,-0.25350505412426727
2006-08-11,11.51,-0.11569440524113334
2006-08-12,12.44,0.0354379397007037
2006-08-13,13.74,0.2081606196342316
2006-08-14,14.42,0.3912956597055964
2006-08-15,13.74,0.5640183396391241
2006-08-16,12.44,0.7168350369561992
2006-08-17,10.49,0.839792760348596
2006-08-18,9.4,0.9460600829318123
2006-08-19,8.38,1.0393119553427332
2006-08-20,7.22,1.1148015663420499
2006-08-21,6.36,1.1771226042258671
2006-08-22,5.96,1.2356155685295973
2006-08-23,5.86,1.2933429181173102
2006-08-24,5.86,1.3533671118530755
2006-08-25,5.86,1.4141569203048576
2006-08-26,5.86,1.4749467287566405
2006-08-27,5.86,1.5357365372084226
2006-08-28,5.86,1.5965263456602055
2006-08-29,5.86,1.6573161541119872
2006-08-30,5.86,1.71810596256377
2006-08-31,5.86,1.7796613857315695
2006-09-01,6.011,1.4154144958346466
2006-09-02,6.35,1.4705756189447683
2006-09-03,5.56,1.5133854470976231
2006-09-04,5.56,1.5525978106998173
2006-09-05,3.953,1.5671435590329865
2006-09-06,4.79,1.5871694450316611
2006-09-07,4.79,1.5997605709589715
2006-09-08,3.619,1.5539408641320642
2006-09-09,4.02,1.4941030371060846
2006-09-10,4.02,1.404286338824605
2006-09-11,4.02,1.3033175004360789
2006-09-12,3.497,1.1804880691280417
2006-09-13,3.27,1.0467823033285089
2006-09-14,3.27,0.9212307905104724
2006-09-15,3.378,0.8125633779835337
2006-09-16,2.9,0.7215475248518338
2006-09-17,5.37,0.6732215843879668
2006-09-18,5.56,0.639405417611762
2006-09-19,6.35,0.6289727704148478
2006-09-20,5.242,0.6155662191893876
2006-09-21,7.15,0.6298361619070061
2006-09-22,7.15,0.6453052594748445
2006-09-23,5.226,0.6377026177244492
2006-09-24,6.55,0.6459767861909677
2006-09-25,7.15,0.6614458837588056
2006-09-26,5.801,0.6607383823971763
2006-09-27,8.78,0.6957537040236007
2006-09-28,11.11,0.7587093336601524
2006-09-29,6.666,0.7683745217529255
2006-09-30,9.41,0.8109445189357363
2006-10-01,8.78,1.0475338580395221
2006-10-02,8.16,1.07403984766912
2006-10-03,7.96,1.1091859112663771
2006-10-04,3.635,1.0809958394227441
2006-10-05,6.55,1.1190268090736095
2006-10-06,6.35,1.1418717504118263
2006-10-07,4.094,1.1316793919686217
2006-10-08,3.83,1.1347693167265476
2006-10-09,3.46,1.1265685685538542
2006-10-10,3.922,1.1251334376236328
2006-10-11,5.17,1.1419742597639853
2006-10-12,7.55,1.2013271746638534
2006-10-13,6.165,1.243722113878045
2006-10-14,7.15,1.300541583360277
2006-10-15,7.15,1.3557794799806335
2006-10-16,7.96,1.4298790973981836
2006-10-17,7.96,1.4678075576968903
2006-10-18,5.492,1.4668117525616349
2006-10-19,6.35,1.4668117525616349
2006-10-20,6.75,1.4888951958552452
2006-10-21,6.285,1.4762279687670667
2006-10-22,7.96,1.4880897652311411
2006-10-23,8.58,1.5372063891083079
2006-10-24,7.81,1.5556580724968683
2006-10-25,8.99,1.5826033879214323
2006-10-26,5.37,1.576291740667091
2006-10-27,3.742,1.5025142954991821
2006-10-28,2.71,1.3795030729087823
2006-10-29,2.53,1.3189346899761756
2006-10-30,2.53,1.2181826409973715
2006-10-31,3.418,1.1396604772438326
2006-11-01,8.78,0.43930877998906137
2006-11-02,7.76,0.4372062304681099
2006-11-03,2.689,0.42726117123400975
2006-11-04,7.35,0.4356713693178154
2006-11-05,6.55,0.4377739188387669
2006-11-06,5.95,0.4572855783931962
2006-11-07,2.439,0.44266234647497876
2006-11-08,5.56,0.46473911644496857
2006-11-09,4.98,0.4758616034108019
2006-11-10,13.505,0.5634853546964528
2006-11-11,4.02,0.5263753556516598
2006-11-12,4.02,0.5038255120394559
2006-11-13,4.21,0.47291803408147
2006-11-14,9.328,0.4958147983646309
2006-11-15,4.02,0.45439457280188783
2006-11-16,3.27,0.4050897865355768
2006-11-17,3.492,0.38406429132606235
2006-11-18,2.9,0.34779531208965014
2006-11-19,2.9,0.30732123381133525
2006-11-20,2.25,0.26490229722614017
2006-11-21,2.09,0.20319246878621597
2006-11-22,2.845,0.14290186127293375
2006-11-23,2.9,0.09128427053357613
2006-11-24,3.46,0.03314877627926896
2006-11-25,3.969,0.01842041688500408
2006-11-26,5.17,0.033432620464597586
2006-11-27,7.35,0.08221176935067066
2006-11-28,7.61,0.13561652718283695
2006-11-29,8.37,0.19701097319461833
2006-11-30,5.95,0.22362925012986384
2006-12-01,9.62,-0.5310426248625617
2006-12-02,6.891,-0.5338286558512624
2006-12-03,11.32,-0.5061575011176905
2006-12-04,11.32,-0.4934296035053305
2006-12-05,9.407,-0.4842700056518008
2006-12-06,10.89,-0.46843226907621915
2006-12-07,12.63,-0.43575972384509526
2006-12-08,11.144,-0.4178573106794986
2006-12-09,11.97,-0.39544723402700577
2006-12-10,10.25,-0.4058828276613211
2006-12-11,9.83,-0.3872558540774893
2006-12-12,8.697,-0.3722613006434823
2006-12-13,7.96,-0.360238727332059
2006-12-14,8.37,-0.36331009406068393
2006-12-15,7.96,-0.35067837703481525
2006-12-16,9.41,-0.3309934169995782
2006-12-17,13.656,-0.2984074342962966
2006-12-18,29.59,-0.21283877251446015
2006-12-19,34.3,-0.11216975865347623
2006-12-20,37.159,-0.00025082219254971797
2006-12-21,31.5,0.09403821276450598
2006-12-22,29.32,0.17891758034315403
2006-12-23,28.023,0.2594624094905904
2006-12-24,26.13,0.33214287268258097
2006-12-25,19.33,0.3813905389857203
2006-12-26,15.334,0.4139765216890021
2006-12-27,20.3,0.45549447485778377
2006-12-28,26.91,0.5173706521672421
2006-12-29,21.771,0.5603345201529442
2006-12-30,24.06,0.6183955341982444
2006-12-31,22.54,0.6598173067805344
2007-01-01,19.82,-0.686694306419616
2007-01-02,21.54,-0.672994987603887
2007-01-03,20.8,-0.6602875959822517
2007-01-04,25.86,-0.6382333012195126
2007-01-05,29.59,-0.613167032936329
2007-01-06,25.86,-0.5954329832365152
2007-01-07,42.23,-0.5537639984316465
2007-01-08,84.32,-0.4567830085766555
2007-01-09,80.05,-0.36322014621482585
2007-01-10,118.51,-0.2175408928984414
2007-01-11,101.45,-0.09321086177169675
2007-01-12,69.22,-0.011095375406572308
2007-01-13,58.32,0.055859710194765606
2007-01-14,55.62,0.11974518326302956
2007-01-15,62.8,0.19131138987474983
2007-01-16,91.5,0.2956567689248109
2007-01-17,51.99,0.3256826731784638
2007-01-18,37.18,0.32954314658250505
2007-01-19,28.51,0.3179496623909941
2007-01-20,25.09,0.30935742818269424
2007-01-21,22.04,0.2995990093002568
2007-01-22,20.8,0.28991699562060785
2007-01-23,16.48,0.27698172883276156
2007-01-24,18.37,0.2756949043647483
2007-01-25,14.42,0.27446974023582654
2007-01-26,10.68,0.26157468671260614
2007-01-27,9.62,0.23839844186681808
2007-01-28,8.37,0.22043517655863873
2007-01-29,6.55,0.19696403443893049
2007-01-30,4.02,0.17213904574349945
2007-01-31,3.27,0.14995472809180535
2007-02-01,1.98,-0.5481851934524142
2007-02-02,2.09,-0.5641527454136068
2007-02-03,4.217,-0.5826233882300736
2007-02-04,2.53,-0.6057170256469561
2007-02-05,7.15,-0.6216845776081489
2007-02-06,7.064,-0.6516960651692016
2007-02-07,13.3,-0.71230619559592
2007-02-08,46.23,-0.7411689752499838
2007-02-09,40.72,-0.8075567821479622
2007-02-10,26.408,-0.8715993815211218
2007-02-11,32.89,-0.9026042539289321
2007-02-12,36.02,-0.9216355959243674
2007-02-13,40.068,-0.9349080367635159
2007-02-14,44.99,-0.9501075076576281
2007-02-15,34.87,-0.9984368752451396
2007-02-16,24.068,-1.0222661636396035
2007-02-17,21.29,-1.035827061590611
2007-02-18,17.42,-1.045291527183857
2007-02-19,13.74,-1.054977882863148
2007-02-20,12.088,-1.0634711526182408
2007-02-21,11.32,-1.0715616065248206
2007-02-22,31.5,-1.0587431869386574
2007-02-23,41.02,-1.0394131467504686
2007-02-24,30.161,-1.0259794088872334
2007-02-25,24.83,-1.0139034676659142
2007-02-26,23.29,-1.0022371696803716
2007-02-27,20.744,-0.9916769084314245
2007-02-28,17.19,-0.9825964833717192
2007-03-01,20.06,-1.1292162380550121
2007-03-02,46.86,-1.095878349805602
2007-03-03,72.757,-1.0417476841339217
2007-03-04,119.87,-0.9516688477490726
2007-03-05,149.43,-0.8406090916958115
2007-03-06,12.733,-0.8328057773161663
2007-03-07,176.4,-0.703362382358315
2007-03-08,191.75,-0.5621134438579563
2007-03-09,174.26,-0.439010289633934
2007-03-10,131.88,-0.37350466612941424
2007-03-11,77.38,-0.3454668826188984
2007-03-12,60.37,-0.3194925453689218
2007-03-13,59.059,-0.29947834033109594
2007-03-14,103.57,-0.24781570322974975
2007-03-15,106.15,-0.19727580115822993
2007-03-16,127.673,-0.13403935669560052
2007-03-17,110.06,-0.07653360268153361
2007-03-18,126.76,0.0020058426065704925
2007-03-19,147.44,0.09848610419553905
2007-03-20,136.793,0.18978327634504324
2007-03-21,108.31,0.26211096828692826
2007-03-22,74.0,0.3094616298445674
2007-03-23,56.63,0.3441149842052188
2007-03-24,54.225,0.3614951977970483
2007-03-25,43.14,0.36311658625974047
2007-03-26,40.72,0.37119217153217776
2007-03-27,37.083,0.3805633379630109
2007-03-28,35.73,0.39007752309314797
2007-03-29,46.23,0.4095693657158707
2007-03-30,55.058,0.43853103472776966
2007-03-31,51.66,0.46269890049242623
2007-04-01,55.62,1.4275963748610636
2007-04-02,118.06,1.4816536031391176
2007-04-03,123.52,1.4860089191935713
2007-04-04,80.43,1.4036755472052758
2007-04-05,56.534,1.455940533095991
2007-04-06,56.63,1.313026504646162
2007-04-07,46.86,1.1401383558434937
2007-04-08,41.155,0.9813125083289703
2007-04-09,36.6,0.8676208607486112
2007-04-10,33.74,0.8155479860592018
2007-04-11,35.82,0.7862540109532213
2007-04-12,30.95,0.7527133043848296
2007-04-13,31.23,0.6663945198973911
2007-04-14,60.1,0.6114459433747673
2007-04-15,42.23,0.5094921708704782
2007-04-16,39.23,0.42497517466858004
2007-04-17,38.64,0.31982710597860015
2007-04-18,35.056,0.1857263280433449
2007-04-19,34.59,0.06377389880682655
2007-04-20,30.4,-0.02919121730343598
2007-04-21,20.283,-0.09328834401496185
2007-04-22,19.82,-0.13721140811480464
2007-04-23,19.57,-0.1785630458866073
2007-04-24,18.85,-0.20754677930103793
2007-04-25,16.359,-0.23661523256200676
2007-04-26,17.66,-0.25979148015807485
2007-04-27,17.66,-0.28135327772080626
2007-04-28,17.38,-0.31577817311011536
2007-04-29,18.61,-0.35926928531633856
2007-04-30,17.66,-0.39983935267289
2007-05-01,17.093,1.1038169054036566
2007-05-02,19.82,0.9081220077353572
2007-05-03,18.85,0.6996184965490695
2007-05-04,14.35,0.5679865865539432
2007-05-05,17.19,0.4896130110871112
2007-05-06,16.02,0.4087175530831454
2007-05-07,16.72,0.3486784222227774
2007-05-08,15.383,0.2973403837180195
2007-05-09,15.79,0.2558866905128351
2007-05-10,14.87,0.21829749345460225
2007-05-11,13.599,0.1740330765054239
2007-05-12,12.19,0.1366630003627397
2007-05-13,10.46,0.09528898749048219
2007-05-14,8.78,-0.006940879654643286
2007-05-15,8.78,-0.0735735580647064
2007-05-16,11.171,-0.1294673196045557
2007-05-17,7.76,-0.19098053662407022
2007-05-18,4.79,-0.25127066053315733
2007-05-19,5.56,-0.3090986621548057
2007-05-20,8.977,-0.35177345646209374
2007-05-21,4.79,-0.38263564141297896
2007-05-22,4.79,-0.4125755265102359
2007-05-23,4.457,-0.4426807482983162
2007-05-24,4.02,-0.47222223173093925
2007-05-25,3.83,-0.4971801040119462
2007-05-26,3.78,-0.5248291795375568
2007-05-27,2.09,-0.5558447491293261
2007-05-28,2.09,-0.5863025563906076
2007-05-29,2.95,-0.6174974067314624
2007-05-30,2.09,-0.6485129763232318
2007-05-31,2.09,-0.6783990771957631
2007-06-01,2.36,0.19021528746444794
2007-06-02,1.99,0.09342179535151277
2007-06-03,1.99,0.022462865190428227
2007-06-04,1.99,-0.06480054406915743
2007-06-05,2.411,-0.1429300004253221
2007-06-06,1.99,-0.2274951332143812
2007-06-07,2.16,-0.30340855825645374
2007-06-08,3.264,-0.37532049670287293
2007-06-09,2.23,-0.4478869107187391
2007-06-10,2.2,-0.5133287266496613
2007-06-11,2.25,-0.5703944034944167
2007-06-12,2.888,-0.6138653597387316
2007-06-13,1.8,-0.6539376358329361
2007-06-14,1.96,-0.693091349724408
2007-06-15,2.224,-0.7444561998984551
2007-06-16,1.89,-0.7781559507112029
2007-06-17,1.84,-0.7950919413240832
2007-06-18,1.81,-0.8166207429506258
2007-06-19,1.81,-0.8577665886192738
2007-06-20,1.969,-0.8739619884562009
2007-06-21,1.81,-0.8910702094820934
2007-06-22,1.79,-0.9063814931988904
2007-06-23,1.886,-0.9186328165778348
2007-06-24,1.79,-0.930344484662674
2007-06-25,1.84,-0.9414820513708054
2007-06-26,2.56,-0.9387837749002786
2007-06-27,1.79,-0.940506079030402
2007-06-28,1.69,-0.9477397563769202
2007-06-29,1.45,-0.9514140051878504
2007-06-30,1.41,-0.9553178945494634
2007-07-01,1.6,-0.61623560387555
2007-07-02,1.6,-0.62061975740393
2007-07-03,1.435,-0.6268587451173941
2007-07-04,1.35,-0.6340532534716588
2007-07-05,1.33,-0.646205227738784
2007-07-06,0.893,-0.6585370647147658
2007-07-07,1.24,-0.6688791704740213
2007-07-08,1.24,-0.6916318031443834
2007-07-09,1.33,-0.7017490805175682
2007-07-10,0.84,-0.7170374107703805
2007-07-11,1.24,-0.7283912442669547
2007-07-12,1.24,-0.7469171032791861
2007-07-13,0.791,-0.7582596953564568
2007-07-14,1.18,-0.7670280024132168
2007-07-15,1.16,-0.7789888725521817
2007-07-16,1.16,-0.787195108643765
2007-07-17,1.16,-0.7948392737701712
2007-07-18,0.642,-0.8079692515167042
2007-07-19,1.0,-0.8170748011525705
2007-07-20,0.92,-0.8288670500019824
2007-07-21,0.44,-0.8442677944478304
2007-07-22,1.0,-0.8531485156976257
2007-07-23,1.0,-0.8631084132005609
2007-07-24,0.54,-0.8771601873299842
2007-07-25,1.0,-0.8866029795449566
2007-07-26,1.02,-0.9039147652724061
2007-07-27,0.537,-0.91800026365974
2007-07-28,1.0,-0.9257568429791815
2007-07-29,1.02,-0.9305906532797031
2007-07-30,0.92,-0.936098948738437
2007-07-31,0.504,-0.9484195442951153
2007-08-01,0.96,-1.0154141949161541
2007-08-02,0.92,-1.0233000264911334
2007-08-03,0.445,-1.0371576528510487
2007-08-04,0.92,-1.0434356935223912
2007-08-05,0.96,-1.042409769802928
2007-08-06,0.98,-1.0463909663262185
2007-08-07,0.937,-1.0510305915052842
2007-08-08,2.07,-1.0396994937082262
2007-08-09,2.17,-1.0193341422621633
2007-08-10,2.909,-0.993777923041502
2007-08-11,2.25,-0.9783125057779501
2007-08-12,2.2,-0.9567374830805798
2007-08-13,1.8,-0.9472438606019637
2007-08-14,2.755,-0.9228207511610083
2007-08-15,2.71,-0.8990866949644687
2007-08-16,3.27,-0.8667777539485338
2007-08-17,2.976,-0.8310388590048411
2007-08-18,4.02,-0.7847957301573896
2007-08-19,3.27,-0.7488118385045712
2007-08-20,2.9,-0.7111435944765145
2007-08-21,2.71,-0.6849595711887191
2007-08-22,3.318,-0.6494656729541519
2007-08-23,2.16,-0.6246597561551879
2007-08-24,1.98,-0.6096537077212465
2007-08-25,2.777,-0.5827500066003947
2007-08-26,2.53,-0.5522326040199408
2007-08-27,2.53,-0.5288047937098079
2007-08-28,2.496,-0.506203847292974
2007-08-29,1.8,-0.4927290282910674
2007-08-30,1.8,-0.47288429485189626
2007-08-31,2.58,-0.448078378052932
2007-09-01,3.89,-0.34516067216138996
2007-09-02,4.22,-0.29989257656558416
2007-09-03,4.33,-0.25900139617308116
2007-09-04,2.495,-0.24059436922220379
2007-09-05,4.33,-0.20042268173983305
2007-09-06,4.33,-0.1597353576718675
2007-09-07,2.676,-0.152468479279534
2007-09-08,4.79,-0.12105062220376928
2007-09-09,4.33,-0.10401063178214293
2007-09-10,4.55,-0.07643007022708234
2007-09-11,2.919,-0.06780814685400027
2007-09-12,5.91,-0.01852288250995738
2007-09-13,5.91,0.019310453014484648
2007-09-14,3.747,0.0317456888112663
2007-09-15,7.16,0.0783928124848251
2007-09-16,7.02,0.126886634627723
2007-09-17,7.02,0.16286128013432366
2007-09-18,6.73,0.20435203795193677
2007-09-19,4.249,0.22052863688140464
2007-09-20,6.31,0.26369821148932576
2007-09-21,6.73,0.30461337497883295
2007-09-22,4.943,0.33798585446045637
2007-09-23,6.87,0.39662452663621567
2007-09-24,8.07,0.46009579285836144
2007-09-25,5.825,0.4996079451731113
2007-09-26,7.76,0.5623237438396186
2007-09-27,8.07,0.629164635190883
2007-09-28,5.581,0.674504680077702
2007-09-29,8.07,0.7496916891864978
2007-09-30,7.92,0.8137265581882468
2007-10-01,7.46,1.0626613095795079
2007-10-02,5.352,1.079238536242881
2007-10-03,5.91,1.1023763614444089
2007-10-04,6.87,1.166444706543576
2007-10-05,4.669,1.1714090880266879
2007-10-06,6.31,1.2004045904944254
2007-10-07,6.04,1.2496676563032476
2007-10-08,5.91,1.2660691526486343
2007-10-09,4.858,1.2738012866400308
2007-10-10,6.31,1.2995750666113528
2007-10-11,6.04,1.3452795934809527
2007-10-12,3.767,1.3138970875272349
2007-10-13,3.69,1.281386978699772
2007-10-14,3.29,1.274694582423128
2007-10-15,2.92,1.212603203401307
2007-10-16,2.83,1.1512440340377617
2007-10-17,3.247,1.0959914932242403
2007-10-18,3.89,1.0544019846341526
2007-10-19,3.49,1.0432870420215201
2007-10-20,2.769,0.9914319540224004
2007-10-21,5.15,0.9682941288208721
2007-10-22,5.27,0.9730827799859989
2007-10-23,3.275,0.9204369055559408
2007-10-24,3.89,0.8592241781240508
2007-10-25,3.69,0.8279588257156572
2007-10-26,2.89,0.7566416049995567
2007-10-27,4.79,0.7086086514166383
2007-10-28,4.33,0.6902887657665678
2007-10-29,4.79,0.6422558121836498
2007-10-30,4.248,0.5884823348798464
2007-10-31,7.31,0.5862857059050174
2007-11-01,7.46,0.05769604193637691
2007-11-02,6.45,0.06337292564294571
2007-11-03,4.9,0.04266281286157431
2007-11-04,5.52,0.051609161073222706
2007-11-05,5.02,0.03804771666308623
2007-11-06,3.542,0.011786873146402282
2007-11-07,4.9,0.0011689980655977593
2007-11-08,5.02,0.002872063177568649
2007-11-09,4.457,-0.016608058134046217
2007-11-10,5.78,-0.019341372511283053
2007-11-11,6.31,0.007392544647614141
2007-11-12,4.79,0.018956567012847123
2007-11-13,3.338,0.01946117889787513
2007-11-14,5.02,0.04153794886786549
2007-11-15,5.27,0.06718905302347261
2007-11-16,3.974,0.07483182053213126
2007-11-17,7.16,0.10920850519968711
2007-11-18,6.87,0.14474159210376653
2007-11-19,4.749,0.16555683236118535
2007-11-20,18.56,0.30653277774097865
2007-11-21,17.62,0.43636521065972916
2007-11-22,15.58,0.5657245699362659
2007-11-23,24.042,0.7775774596673317
2007-11-24,23.68,0.9877272842864272
2007-11-25,16.92,1.1352211331811697
2007-11-26,14.5,1.2372999124233615
2007-11-27,15.115,1.3506798953406673
2007-11-28,11.51,1.4213255592446354
2007-11-29,11.32,1.4956717103054782
2007-11-30,13.105,1.5565930826750451
2007-12-01,10.41,-0.11777067480682449
2007-12-02,10.59,-0.10449775387101322
2007-12-03,17.85,-0.06297980070223158
2007-12-04,17.132,-0.02575150169096567
2007-12-05,14.29,0.00396829953487255
2007-12-06,12.46,0.032559581879211964
2007-12-07,9.88,0.04852555923678208
2007-12-08,10.52,0.06615866676020271
2007-12-09,10.06,0.08412199429724379
2007-12-10,9.88,0.09726667445106672
2007-12-11,9.829,0.10854865724650632
2007-12-12,10.06,0.1254443802734931
2007-12-13,10.77,0.14927151756695925
2007-12-14,11.109,0.16879297060516074
2007-12-15,10.41,0.18527191109068505
2007-12-16,11.88,0.21061870165071497
2007-12-17,14.29,0.23347762104016764
2007-12-18,20.28,0.2764703432018173
2007-12-19,20.96,0.3284431261222125
2007-12-20,21.05,0.3364261148009977
2007-12-21,21.3,0.34822426674394097
2007-12-22,20.269,0.3632572924125446
2007-12-23,19.29,0.348022287512309
2007-12-24,20.28,0.33712182104328525
2007-12-25,17.459,0.33884986558058044
2007-12-26,17.38,0.3480832018837535
2007-12-27,15.36,0.3488686766734333
2007-12-28,14.254,0.3576659943178453
2007-12-29,13.06,0.36324446833434565
2007-12-30,13.67,0.3650558693799336
2007-12-31,23.14,0.4058684982477782
2008-01-01,34.601,-0.7780159494996552
2008-01-02,35.83,-0.7539147995674819
2008-01-03,38.91,-0.7247226503337295
2008-01-04,41.989,-0.6875937431050715
2008-01-05,39.97,-0.650718179443554
2008-01-06,31.29,-0.6220193129225401
2008-01-07,41.76,-0.5801439000259274
2008-01-08,43.619,-0.5351600017737692
2008-01-09,36.17,-0.4999197775403522
2008-01-10,33.52,-0.46816336246565177
2008-01-11,55.84,-0.4067979206472482
2008-01-12,57.53,-0.3441188455177475
2008-01-13,45.106,-0.2985478336020581
2008-01-14,49.73,-0.24584164809966344
2008-01-15,57.96,-0.18407407363500566
2008-01-16,66.182,-0.11451584937024839
2008-01-17,44.71,-0.08176884754360815
2008-01-18,51.72,-0.040536846881002335
2008-01-19,91.952,0.05450318273473461
2008-01-20,65.0,0.11308050487244156
2008-01-21,71.98,0.18239610910729218
2008-01-22,89.11,0.2759857803122055
2008-01-23,99.112,0.38165551621059757
2008-01-24,125.71,0.5267597198428383
2008-01-25,139.31,0.69019983170212
2008-01-26,158.114,0.881553310980066
2008-01-27,85.95,0.9776576516662228
2008-01-28,77.81,1.0644512811494387
2008-01-29,107.631,1.190400566398434
2008-01-30,189.7,1.4136646115988112
2008-01-31,199.92,1.6352651680858499
2008-02-01,108.358,0.47606200400353627
2008-02-02,73.42,0.5055136458090285
2008-02-03,73.42,0.5323375969416981
2008-02-04,77.32,0.5642129612255321
2008-02-05,59.261,0.5880840673669815
2008-02-06,44.71,0.5906016664201896
2008-02-07,38.57,0.5862927316338691
2008-02-08,36.51,0.5865828955925434
2008-02-09,36.114,0.5887966759125509
2008-02-10,31.92,0.568382787996371
2008-02-11,29.44,0.5444101244693853
2008-02-12,25.272,0.5274833245977499
2008-02-13,27.94,0.5088872285403273
2008-02-14,27.06,0.4825164452372348
2008-02-15,21.804,0.4446432212429107
2008-02-16,19.29,0.42294919821493
2008-02-17,19.54,0.3954860329497682
2008-02-18,17.62,0.3320493641961938
2008-02-19,17.772,0.29174388348944824
2008-02-20,16.24,0.24417406273493875
2008-02-21,15.14,0.18104633325501263
2008-02-22,21.3,0.11463975104206159
2008-02-23,31.014,0.033823968010682534
2008-02-24,54.18,-0.03882796670104011
2008-02-25,59.25,-0.12320081849640853
2008-02-26,55.483,-0.14920206946389428
2008-02-27,51.32,-0.17180925553829268
2008-02-28,49.33,-0.22156469364034986
2008-02-29,57.042,-0.3347781360811779
2008-03-01,48.54,-0.6767096622939949
2008-03-02,41.4,-0.7279195343151933
2008-03-03,39.62,-0.753769973012832
2008-03-04,40.884,-0.7786536970798846
2008-03-05,41.4,-0.8061255242402154
2008-03-06,33.52,-0.8258123923619884
2008-03-07,30.05,-0.8370244465426804
2008-03-08,37.362,-0.8379483320440633
2008-03-09,55.42,-0.8234858528792008
2008-03-10,48.94,-0.8136764526799134
2008-03-11,78.074,-0.7783776021576999
2008-03-12,125.71,-0.7047497402221466
2008-03-13,96.7,-0.6501211859234799
2008-03-14,70.615,-0.6174830950530141
2008-03-15,57.11,-0.5945006784002319
2008-03-16,48.15,-0.5743511027218887
2008-03-17,41.04,-0.5577165748617217
2008-03-18,35.461,-0.5455401004680795
2008-03-19,31.29,-0.5350852041072298
2008-03-20,29.14,-0.5263908908789823
2008-03-21,26.644,-0.5184338505177328
2008-03-22,18.56,-0.5158182144128239
2008-03-23,22.35,-0.5150151682402642
2008-03-24,24.781,-0.5197822032817547
2008-03-25,23.41,-0.5433152801671496
2008-03-26,21.3,-0.5723396632610962
2008-03-27,20.79,-0.5988730736083501
2008-03-28,19.114,-0.6235044117354555
2008-03-29,19.29,-0.6464791803294516
2008-03-30,19.29,-0.6753521318594294
2008-03-31,18.33,-0.6984569174527927
2008-04-01,19.309,-0.4208319760553552
2008-04-02,12.27,-0.45346701553187535
2008-04-03,15.58,-0.4836606915433511
2008-04-04,19.162,-0.5101959020690862
2008-04-05,15.36,-0.5318650909865852
2008-04-06,14.71,-0.5501693507880411
2008-04-07,14.826,-0.5770601460217835
2008-04-08,13.87,-0.6266391548060399
2008-04-09,12.27,-0.670395165687356
2008-04-10,12.27,-0.7489149513441357
2008-04-11,14.362,-0.8817795354622912
2008-04-12,12.46,-0.9822978435245237
2008-04-13,12.27,-1.0519172723456411
2008-04-14,12.27,-1.1054220317652812
2008-04-15,12.27,-1.1482353851991949
2008-04-16,13.996,-1.1805052940695062
2008-04-17,11.51,-1.2090845200476463
2008-04-18,11.51,-1.2326867533509576
2008-04-19,12.608,-1.252413351984443
2008-04-20,10.59,-1.2715695832003866
2008-04-21,9.37,-1.2825354337594075
2008-04-22,12.151,-1.2947052607290976
2008-04-23,9.37,-1.3130942403770922
2008-04-24,9.37,-1.3298472917207975
2008-04-25,10.06,-1.3432592786939634
2008-04-26,12.051,-1.3536869792418724
2008-04-27,9.88,-1.3647053322410017
2008-04-28,9.37,-1.3765422460109131
2008-04-29,9.659,-1.3880343142082938
2008-04-30,7.46,-1.4010048033896383
2008-05-01,7.46,-0.5144010159657576
2008-05-02,8.394,-0.5221220402263678
2008-05-03,7.16,-0.5388947503074657
2008-05-04,7.46,-0.5622052317052105
2008-05-05,6.31,-0.5802329070299063
2008-05-06,7.179,-0.5952347217117056
2008-05-07,4.9,-0.6150073963274989
2008-05-08,3.49,-0.6356844427220117
2008-05-09,2.777,-0.6545945777338721
2008-05-10,2.75,-0.6735584969704582
2008-05-11,3.49,-0.695215611459971
2008-05-12,3.49,-0.7130839261188131
2008-05-13,3.348,-0.7308566243781429
2008-05-14,3.49,-0.7483464574555826
2008-05-15,3.49,-0.7658362905330223
2008-05-16,3.23,-0.7872822521402791
2008-05-17,2.75,-0.8047322450512552
2008-05-18,2.42,-0.8228396007088778
2008-05-19,2.42,-0.8431341815053418
2008-05-20,2.42,-0.8594088895056473
2008-05-21,2.273,-0.8735461725751905
2008-05-22,2.42,-0.8929304055679655
2008-05-23,2.42,-0.9067748634140026
2008-05-24,2.229,-0.9209997948497652
2008-05-25,2.42,-0.9362187384387901
2008-05-26,1.7,-0.956838016591931
2008-05-27,1.361,-0.9738079354970229
2008-05-28,1.09,-0.9903017644128773
2008-05-29,0.96,-1.00763024481614
2008-05-30,1.337,-1.0198273117789147
2008-05-31,0.96,-1.0327753658795251
2008-06-01,0.96,-0.7735459166562392
2008-06-02,0.96,-0.8091402020121231
2008-06-03,1.301,-0.8444991058035565
2008-06-04,0.81,-0.8760746815224856
2008-06-05,0.85,-0.9124095576543223
2008-06-06,2.035,-0.9288575620970008
2008-06-07,0.81,-0.94424347899277
2008-06-08,0.68,-0.9562823848623325
2008-06-09,0.6,-0.9686255644615501
2008-06-10,1.197,-0.98178970902946
2008-06-11,0.47,-0.9991275706060356
2008-06-12,0.47,-1.0156502082276861
2008-06-13,1.043,-1.029698468915726
2008-06-14,0.44,-1.0472085609053141
2008-06-15,0.43,-1.0632833994531323
2008-06-16,0.45,-1.076487731117412
2008-06-17,0.43,-1.0879123485138973
2008-06-18,0.876,-1.0967764737702657
2008-06-19,0.42,-1.1082585013044215
2008-06-20,0.42,-1.1188965998148173
2008-06-21,0.688,-1.1288400356593964
2008-06-22,0.5,-1.139862782092186
2008-06-23,0.42,-1.1502482759968302
2008-06-24,0.721,-1.1600022583870957
2008-06-25,0.43,-1.1672933458712849
2008-06-26,0.45,-1.172523409413093
2008-06-27,0.718,-1.1746590665344459
2008-06-28,0.45,-1.1775869835556556
2008-06-29,0.46,-1.182621852629383
2008-06-30,0.46,-1.185492359512922
2008-07-01,0.722,-1.0610698071358755
2008-07-02,0.46,-1.0666905167876448
2008-07-03,0.45,-1.0762569646149562
2008-07-04,0.733,-1.0771225539013285
2008-07-05,0.44,-1.0817315358157795
2008-07-06,0.43,-1.0997740137979588
2008-07-07,0.71,-1.1008981557283126
2008-07-08,1.578,-1.0908033611937349
2008-07-09,0.74,-1.0892295624912398
2008-07-10,0.81,-1.093579991761709
2008-07-11,1.582,-1.0810795334961742
2008-07-12,0.77,-1.0777071077051126
2008-07-13,0.71,-1.081450500333191
2008-07-14,0.68,-1.0787525597003418
2008-07-15,0.43,-1.0787525597003418
2008-07-16,1.429,-1.0677472102021774
2008-07-17,0.68,-1.0649368553762928
2008-07-18,0.68,-1.0671401735597863
2008-07-19,1.499,-1.0550106821312681
2008-07-20,0.68,-1.0520879131123482
2008-07-21,0.68,-1.0521778444667764
2008-07-22,1.441,-1.0415996689021467
2008-07-23,0.68,-1.0386768998832265
2008-07-24,0.68,-1.0391377980746717
2008-07-25,1.468,-1.0274692048375986
2008-07-26,0.52,-1.026682305486351
2008-07-27,0.47,-1.0294701774736286
2008-07-28,0.46,-1.029357763280593
2008-07-29,1.009,-1.0231862240829503
2008-07-30,0.45,-1.0232986382759859
2008-07-31,0.43,-1.026581132712619
2008-08-01,0.724,-1.1080382632599406
2008-08-02,0.43,-1.1083445091463475
2008-08-03,0.43,-1.112984134325413
2008-08-04,0.46,-1.112677888439006
2008-08-05,0.716,-1.1082985722633862
2008-08-06,0.46,-1.1121266458434733
2008-08-07,0.46,-1.1292457908936229
2008-08-08,0.716,-1.1296132859573111
2008-08-09,0.46,-1.134972588969433
2008-08-10,0.42,-1.1527654749696776
2008-08-11,0.43,-1.157971655038596
2008-08-12,0.975,-1.153913897043704
2008-08-13,0.42,-1.1578950935669943
2008-08-14,0.42,-1.1580482165101977
2008-08-15,0.964,-1.1651684333691597
2008-08-16,0.42,-1.1691496298924502
2008-08-17,0.42,-1.1731308264157407
2008-08-18,0.42,-1.1896527919873965
2008-08-19,0.42,-1.193633988510687
2008-08-20,0.933,-1.1897599780476389
2008-08-21,0.42,-1.2053938305487144
2008-08-22,0.42,-1.2093750270720052
2008-08-23,0.881,-1.2062972559136151
2008-08-24,0.42,-1.22234454036134
2008-08-25,0.51,-1.2224976633045435
2008-08-26,0.703,-1.2189298987279025
2008-08-27,0.51,-1.218164284011885
2008-08-28,0.44,-1.226876979480163
2008-08-29,0.687,-1.2232479657262405
2008-08-30,0.57,-1.2211042445213918
2008-08-31,0.55,-1.2237685837331322
2008-09-01,0.91,-0.982487491956329
2008-09-02,0.702,-0.9792257907637306
2008-09-03,0.91,-0.9738295939377404
2008-09-04,0.91,-0.9715032335283137
2008-09-05,0.722,-0.9683614478207372
2008-09-06,0.91,-0.9629652509947471
2008-09-07,0.91,-0.9606388905853201
2008-09-08,0.83,-0.9562020176395061
2008-09-09,0.651,-0.9534319699354977
2008-09-10,0.87,-0.9481556885945297
2008-09-11,1.15,-0.9460571676066447
2008-09-12,0.812,-0.9413564805937822
2008-09-13,1.15,-0.932602650187176
2008-09-14,1.15,-0.9303722221657666
2008-09-15,1.15,-0.9216183917591605
2008-09-16,1.15,-0.9128645613525543
2008-09-17,0.75,-0.9089073503468282
2008-09-18,1.31,-0.8982348721798701
2008-09-19,1.2,-0.8950331287297826
2008-09-20,0.753,-0.8910399430785498
2008-09-21,1.15,-0.8822861126719437
2008-09-22,1.15,-0.8790603861248518
2008-09-23,0.668,-0.8760864820963061
2008-09-24,0.61,-0.8748873272460862
2008-09-25,0.41,-0.878400850957231
2008-09-26,0.388,-0.8798638198744994
2008-09-27,0.28,-0.8817824676348514
2008-09-28,0.26,-0.8869028588452909
2008-09-29,0.24,-0.8908600698510168
2008-09-30,0.326,-0.8935461767155097
2008-10-01,0.24,-1.084367782997438
2008-10-02,0.24,-1.0911334002399102
2008-10-03,0.326,-1.0996856090485758
2008-10-04,0.19,-1.1102294281277532
2008-10-05,0.18,-1.118166580823467
2008-10-06,0.41,-1.125488677406229
2008-10-07,0.794,-1.1271874038134297
2008-10-08,1.2,-1.121769052342186
2008-10-09,1.8,-1.1049428743949992
2008-10-10,1.038,-1.1024826499431912
2008-10-11,1.87,-1.0919388308640139
2008-10-12,1.67,-1.0793741131279946
2008-10-13,1.6,-1.0727842262035088
2008-10-14,0.968,-1.075449469359634
2008-10-15,1.6,-1.0688595824351483
2008-10-16,1.6,-1.0622696955106625
2008-10-17,1.67,-1.0487970377983806
2008-10-18,0.733,-1.057246737254888
2008-10-19,1.1,-1.0587111565714402
2008-10-20,0.96,-1.055679808586177
2008-10-21,0.532,-1.0647299199624705
2008-10-22,0.52,-1.0739557616567506
2008-10-23,0.3,-1.0793448247416635
2008-10-24,0.309,-1.0837527268844862
2008-10-25,0.24,-1.0862422397226252
2008-10-26,0.3,-1.0875309287211912
2008-10-27,0.28,-1.0875309287211914
2008-10-28,0.326,-1.0865644119722666
2008-10-29,0.32,-1.0853928765190246
2008-10-30,0.24,-1.0866522771312597
2008-10-31,1.18,-1.0728867355556673
2008-11-01,2.25,-1.1344179982002685
2008-11-02,1.67,-1.120288865419475
2008-11-03,1.6,-1.1054658912967672
2008-11-04,2.26,-1.0835993762788725
2008-11-05,3.25,-1.0537431730813622
2008-11-06,2.5,-1.0358084256676463
2008-11-07,1.912,-1.0283233493730592
2008-11-08,1.87,-1.0275874570407264
2008-11-09,1.6,-1.0216792928868528
2008-11-10,1.87,-1.0216792928868528
2008-11-11,1.627,-1.0221313410338575
2008-11-12,1.6,-1.0221313410338575
2008-11-13,0.64,-1.0255795222482176
2008-11-14,0.62,-1.0358820149008796
2008-11-15,0.41,-1.0483921845505408
2008-11-16,0.91,-1.0563818727301562
2008-11-17,1.36,-1.0497903799819734
2008-11-18,0.68,-1.0542057339759714
2008-11-19,0.681,-1.0571387905576985
2008-11-20,0.43,-1.058211090813384
2008-11-21,0.41,-1.059367493049907
2008-11-22,0.828,-1.0538167623145955
2008-11-23,0.91,-1.0474986010041365
2008-11-24,0.87,-1.0408755700131394
2008-11-25,0.841,-1.0351881735589659
2008-11-26,0.68,-1.030983074517063
2008-11-27,0.64,-1.027682071769169
2008-11-28,0.819,-1.0224362107143954
2008-11-29,0.64,-1.0182311116724925
2008-11-30,0.64,-1.0239079953790613
2008-12-01,0.96,-0.9183265804483265
2008-12-02,1.87,-0.917685376538384
2008-12-03,1.609,-0.9176565223624366
2008-12-04,1.36,-0.9205419399571781
2008-12-05,1.31,-0.9267616178836211
2008-12-06,1.389,-0.9303235056033521
2008-12-07,1.36,-0.9320932283947936
2008-12-08,3.8,-0.9259056106638477
2008-12-09,7.3,-0.9076312992304844
2008-12-10,6.28,-0.8934927530162506
2008-12-11,10.81,-0.8640518754912374
2008-12-12,10.827,-0.8344699331060367
2008-12-13,6.11,-0.8169330061691074
2008-12-14,5.65,-0.8008067278340517
2008-12-15,8.04,-0.7763447986697424
2008-12-16,9.04,-0.7502798597305769
2008-12-17,11.98,-0.7162319321126263
2008-12-18,9.46,-0.6880830804661473
2008-12-19,9.68,-0.6592321105382812
2008-12-20,19.401,-0.5984107136606782
2008-12-21,31.23,-0.4996011911385277
2008-12-22,23.3,-0.4275555198173801
2008-12-23,28.113,-0.34034217000654093
2008-12-24,54.51,-0.16837128135994264
2008-12-25,44.03,-0.029906503027393772
2008-12-26,36.748,0.08572821009165012
2008-12-27,31.33,0.18412095007233803
2008-12-28,43.63,0.3213738530150955
2008-12-29,70.5,0.5453463787580365
2008-12-30,51.381,0.7080230167300172
2008-12-31,38.13,0.8271907633928446
2009-01-01,32.21,-0.5933767449720017
2009-01-02,29.79,-0.5556017446250285
2009-01-03,49.805,-0.4906640244657329
2009-01-04,47.81,-0.4283334642963193
2009-01-05,36.35,-0.3814702661439994
2009-01-06,25.48,-0.34913880138515524
2009-01-07,21.37,-0.32558723273619605
2009-01-08,18.18,-0.3110032220987073
2009-01-09,18.735,-0.2943080150683838
2009-01-10,18.51,-0.2839866104811905
2009-01-11,16.24,-0.2767307971006091
2009-01-12,16.87,-0.2623076395216221
2009-01-13,30.352,-0.22919603742904457
2009-01-14,27.51,-0.20309762868714176
2009-01-15,20.63,-0.1875619041201847
2009-01-16,19.2,-0.1778839117669982
2009-01-17,20.496,-0.1630907921534573
2009-01-18,11.04,-0.1612677908237714
2009-01-19,11.78,-0.1714833004807843
2009-01-20,12.428,-0.19668629386369438
2009-01-21,9.46,-0.2152380132775584
2009-01-22,10.35,-0.2390482872622745
2009-01-23,12.202,-0.29575971392136163
2009-01-24,11.28,-0.3396591944707875
2009-01-25,11.04,-0.3741192813704711
2009-01-26,10.35,-0.4022417577651872
2009-01-27,10.984,-0.44600183233057805
2009-01-28,10.35,-0.5266294279045618
2009-01-29,9.9,-0.5822323089021414
2009-01-30,10.35,-0.6194697919452878
2009-01-31,11.608,-0.6470855812057236
2009-02-01,9.46,-1.0562964220283024
2009-02-02,7.85,-1.0921018011053647
2009-02-03,7.48,-1.126520367144643
2009-02-04,8.865,-1.1499767095098692
2009-02-05,7.48,-1.1653383308514764
2009-02-06,7.12,-1.1774996144135819
2009-02-07,7.402,-1.186697811903573
2009-02-08,5.35,-1.1981208842178737
2009-02-09,15.63,-1.2005787436325306
2009-02-10,71.169,-1.153701049261801
2009-02-11,71.04,-1.1074711032576425
2009-02-12,65.77,-1.0772445529978072
2009-02-13,117.46,-1.0004791174601653
2009-02-14,90.228,-0.9410825551194342
2009-02-15,56.38,-0.909352272814937
2009-02-16,36.63,-0.8955831395524098
2009-02-17,27.347,-0.8816663640403217
2009-02-18,29.33,-0.8666887832322547
2009-02-19,33.04,-0.8490980199492991
2009-02-20,31.894,-0.8299523192172095
2009-02-21,34.1,-0.809683513280367
2009-02-22,27.51,-0.7966193077527381
2009-02-23,25.76,-0.7842617368068231
2009-02-24,32.71,-0.7657680515583438
2009-02-25,32.443,-0.7469133682083371
2009-02-26,42.41,-0.7200936841927069
2009-02-27,100.95,-0.6427735234399515
2009-02-28,86.35,-0.5775293039085151
2009-03-01,98.34,-0.7111825224672901
2009-03-02,150.68,-0.6048194393146856
2009-03-03,208.04,-0.4529442879366643
2009-03-04,168.402,-0.3301531745111227
2009-03-05,111.8,-0.2503686252526112
2009-03-06,85.85,-0.19149004468640646
2009-03-07,60.953,-0.15059357993851166
2009-03-08,58.29,-0.11145846312909828
2009-03-09,48.68,-0.07988880607107646
2009-03-10,40.82,-0.05276114155612828
2009-03-11,43.865,-0.03116684757305613
2009-03-12,32.35,-0.06085584697553097
2009-03-13,29.79,-0.09240408946895114
2009-03-14,27.446,-0.12171450996150475
2009-03-15,40.82,-0.18032923249958277
2009-03-16,34.75,-0.22275913303412748
2009-03-17,23.163,-0.2481636899045258
2009-03-18,21.0,-0.2601176057874874
2009-03-19,27.95,-0.25965642784267434
2009-03-20,56.156,-0.23913974534258978
2009-03-21,85.25,-0.19920923041940256
2009-03-22,106.3,-0.14230308421418014
2009-03-23,72.12,-0.11322516470872977
2009-03-24,58.77,-0.08931733294280696
2009-03-25,53.225,-0.06831193948627896
2009-03-26,40.82,-0.06210936381060274
2009-03-27,35.17,-0.0600237381795834
2009-03-28,30.308,-0.06927941892274368
2009-03-29,29.79,-0.12370300524593833
2009-03-30,25.76,-0.17004259343203112
2009-03-31,20.332,-0.2297035704120729
2009-04-01,19.55,0.1803997168468847
2009-04-02,17.84,-0.04655401289476483
2009-04-03,15.63,-0.2288472579005024
2009-04-04,12.54,-0.3472879898361288
2009-04-05,12.477,-0.43483938842884223
2009-04-06,10.58,-0.49494632969212354
2009-04-07,9.46,-0.5532121058397824
2009-04-08,10.855,-0.5983463057739461
2009-04-09,12.8,-0.6317808142248452
2009-04-10,27.51,-0.6512962098606216
2009-04-11,41.129,-0.6408207798217049
2009-04-12,52.68,-0.6135075785925443
2009-04-13,52.22,-0.5839463183369207
2009-04-14,38.306,-0.5869461168467549
2009-04-15,34.45,-0.5873040880293129
2009-04-16,32.7,-0.5759241841358004
2009-04-17,30.343,-0.5647757682736748
2009-04-18,31.23,-0.5608619500110429
2009-04-19,27.51,-0.5950434249962128
2009-04-20,26.63,-0.6649909940680082
2009-04-21,21.319,-0.7663934909511582
2009-04-22,22.51,-0.8255899921734674
2009-04-23,22.51,-0.8688567757719543
2009-04-24,21.0,-0.9073088469650388
2009-04-25,18.237,-0.9342557243507154
2009-04-26,19.55,-0.9528940905892253
2009-04-27,18.18,-0.967365672262762
2009-04-28,18.996,-0.980245475411192
2009-04-29,16.87,-0.9908533547876551
2009-04-30,15.63,-0.9964639564556113
2009-05-01,16.392,0.17825812615886932
2009-05-02,14.45,0.1715052179433201
2009-05-03,13.61,0.16748136113051507
2009-05-04,12.28,0.16696343896649066
2009-05-05,12.952,0.167909642919997
2009-05-06,11.28,0.16930404874621635
2009-05-07,11.04,0.17245142189682625
2009-05-08,11.817,0.1743677339037169
2009-05-09,10.35,0.1694873135119482
2009-05-10,10.35,0.13530445068633715
2009-05-11,10.35,0.07399242650746321
2009-05-12,11.317,-0.008403013763850359
2009-05-13,10.35,-0.09180840225501172
2009-05-14,10.35,-0.14749698693757463
2009-05-15,11.647,-0.19292075273083842
2009-05-16,10.35,-0.23744213875370584
2009-05-17,9.68,-0.2786030067353839
2009-05-18,9.46,-0.3219690279308122
2009-05-19,9.46,-0.357924778164045
2009-05-20,10.602,-0.3898526875678266
2009-05-21,9.46,-0.41347591427230923
2009-05-22,8.63,-0.44112498979791975
2009-05-23,9.929,-0.4661864465117317
2009-05-24,7.85,-0.4923813559614276
2009-05-25,7.85,-0.5130723464142027
2009-05-26,7.501,-0.5370740547000877
2009-05-27,8.63,-0.5560977341863689
2009-05-28,8.63,-0.5767468924643574
2009-05-29,7.643,-0.5951271532622543
2009-05-30,7.85,-0.6106249780165232
2009-05-31,7.85,-0.6276407131130481
2009-06-01,7.85,0.39884946877383004
2009-06-02,5.8,0.3540121512529507
2009-06-03,5.442,0.3147550991136714
2009-06-04,4.03,0.26353377428380137
2009-06-05,3.25,0.2174334337341646
2009-06-06,3.258,0.1727568645987636
2009-06-07,2.77,0.12081791304800893
2009-06-08,3.05,0.0789085125483393
2009-06-09,3.548,0.039858136904674754
2009-06-10,3.25,-0.0009030608415790806
2009-06-11,3.25,-0.04721581890059747
2009-06-12,3.47,-0.08671399361809413
2009-06-13,2.95,-0.12919749549447135
2009-06-14,2.86,-0.17964378346578605
2009-06-15,2.86,-0.2226439765812003
2009-06-16,3.25,-0.2595586951035119
2009-06-17,2.27,-0.30083658408880276
2009-06-18,1.6,-0.3459609522980359
2009-06-19,1.1,-0.4005120651128112
2009-06-20,1.651,-0.44534364161992357
2009-06-21,0.96,-0.4893772172134119
2009-06-22,0.79,-0.5418443420307378
2009-06-23,1.674,-0.5773008430562115
2009-06-24,0.79,-0.6178324002517824
2009-06-25,0.79,-0.656360343642643
2009-06-26,1.517,-0.6971961745678689
2009-06-27,0.79,-0.7422057225017604
2009-06-28,0.68,-0.7821804013619247
2009-06-29,1.54,-0.818406198232187
2009-06-30,2.756,-0.8476509223616824
2009-07-01,2.17,-0.46072180923039724
2009-07-02,1.6,-0.5079357703052592
2009-07-03,1.36,-0.5538232439023039
2009-07-04,1.36,-0.5838378334427519
2009-07-05,1.2,-0.606882743015006
2009-07-06,1.15,-0.6305796549068653
2009-07-07,1.15,-0.6487907541785979
2009-07-08,1.15,-0.6701494508553211
2009-07-09,0.96,-0.699242244012879
2009-07-10,0.96,-0.7249850942179824
2009-07-11,1.15,-0.7485920747554135
2009-07-12,1.15,-0.7746721675396229
2009-07-13,1.15,-0.7949067222859924
2009-07-14,1.15,-0.8141295492950434
2009-07-15,1.15,-0.8333523763040943
2009-07-16,1.15,-0.8569593568415255
2009-07-17,1.15,-0.8695497464614884
2009-07-18,1.15,-0.874608385148081
2009-07-19,1.15,-0.874046314182904
2009-07-20,1.15,-0.8796782652539769
2009-07-21,1.15,-0.8775423955863046
2009-07-22,1.15,-0.8734954846370306
2009-07-23,1.15,-0.8793859883520849
2009-07-24,1.15,-0.875339077402811
2009-07-25,0.96,-0.8734280361212096
2009-07-26,1.15,-0.877553637005608
2009-07-27,1.36,-0.8711460280025912
2009-07-28,1.36,-0.8635018628761849
2009-07-29,1.54,-0.8635018628761849
2009-07-30,1.6,-0.8764969435910756
2009-07-31,1.87,-0.879869369382137
2009-08-01,2.17,-0.9035119480230493
2009-08-02,2.33,-0.8886590225323114
2009-08-03,2.5,-0.8712030070071145
2009-08-04,2.5,-0.8512970243906618
2009-08-05,2.86,-0.8251130011028663
2009-08-06,2.5,-0.8044414037703962
2009-08-07,2.5,-0.7837698064379263
2009-08-08,2.09,-0.7664669138559326
2009-08-09,0.55,-0.7727449545272755
2009-08-10,0.41,-0.7840760523243332
2009-08-11,0.41,-0.795407150121391
2009-08-12,0.34,-0.807810108520873
2009-08-13,0.91,-0.8114850591577565
2009-08-14,2.95,-0.7839229293811296
2009-08-15,3.25,-0.7517671113083984
2009-08-16,3.25,-0.7196112932356672
2009-08-17,3.25,-0.6874554751629359
2009-08-18,3.25,-0.6552996570902047
2009-08-19,3.25,-0.6231438390174734
2009-08-20,3.25,-0.590988020944742
2009-08-21,3.69,-0.5520947933710577
2009-08-22,3.69,-0.5132015657973731
2009-08-23,3.69,-0.47430833822368856
2009-08-24,3.69,-0.43250577472913787
2009-08-25,3.92,-0.39009071946177326
2009-08-26,4.15,-0.34736941830800194
2009-08-27,4.03,-0.306485592472672
2009-08-28,3.69,-0.27356415968392345
2009-08-29,3.69,-0.24156146455439573
2009-08-30,3.25,-0.22043049839231527
2009-08-31,3.25,-0.20389322052633918
2009-09-01,3.38,-0.17695522132102695
2009-09-02,3.38,-0.16640265863909076
2009-09-03,3.76,-0.1512933075263185
2009-09-04,3.76,-0.14050091387433836
2009-09-05,3.76,-0.12539156276156593
2009-09-06,2.78,-0.12203392918094991
2009-09-07,2.7,-0.11471908459460776
2009-09-08,2.47,-0.09169531147038326
2009-09-09,2.39,-0.06795204543602665
2009-09-10,2.39,-0.04420877940167005
2009-09-11,2.11,-0.022983738552775704
2009-09-12,2.11,-0.008593880350135386
2009-09-13,2.11,-0.01866678109198361
2009-09-14,1.61,-0.03833292063559209
2009-09-15,1.19,-0.06303551055012462
2009-09-16,1.19,-0.08773810046465713
2009-09-17,1.01,-0.11459916910958562
2009-09-18,1.01,-0.14146023775451427
2009-09-19,1.01,-0.1683213063994429
2009-09-20,1.19,-0.19830017765494343
2009-09-21,1.01,-0.23043752764084008
2009-09-22,1.01,-0.26257487762673676
2009-09-23,1.01,-0.29471222761263355
2009-09-24,0.97,-0.3300872956941244
2009-09-25,0.85,-0.36965940575138506
2009-09-26,0.85,-0.40779252998838195
2009-09-27,0.85,-0.4418485277346306
2009-09-28,0.85,-0.4759045254808794
2009-09-29,0.85,-0.50468424188616
2009-09-30,0.85,-0.5334639582914406
2009-10-01,0.85,-0.6718701499109626
2009-10-02,0.85,-0.708919958619738
2009-10-03,0.85,-0.7515345607314124
2009-10-04,0.85,-0.7941491628430868
2009-10-05,1.39,-0.8288559006453783
2009-10-06,1.61,-0.8459896066490412
2009-10-07,1.61,-0.861951777199462
2009-10-08,1.39,-0.8777675058182278
2009-10-09,1.39,-0.8924116989837515
2009-10-10,1.39,-0.9070558921492755
2009-10-11,1.39,-0.9175997112284525
2009-10-12,1.39,-0.9281435303076296
2009-10-13,1.39,-0.9386873493868069
2009-10-14,1.39,-0.9419090718832221
2009-10-15,1.39,-0.9389802332501175
2009-10-16,1.39,-0.9360513946170126
2009-10-17,1.39,-0.9304866012141136
2009-10-18,1.55,-0.9225787369047308
2009-10-19,1.67,-0.912913569415485
2009-10-20,1.61,-0.9067630082859649
2009-10-21,1.61,-0.8979764923866508
2009-10-22,1.61,-0.8891899764873364
2009-10-23,1.61,-0.8804034605880221
2009-10-24,1.79,-0.8683952221922925
2009-10-25,2.32,-0.8468682582389725
2009-10-26,2.18,-0.8273914813288258
2009-10-27,2.7,-0.8002997239726067
2009-10-28,2.7,-0.7732079666163877
2009-10-29,2.78,-0.7449446738069266
2009-10-30,2.25,-0.7244428033751933
2009-10-31,2.39,-0.7018907459002866
2009-11-01,2.11,-0.875972611084919
2009-11-02,1.85,-0.8654598634801617
2009-11-03,1.61,-0.8574701753005463
2009-11-04,1.61,-0.8551573708274998
2009-11-05,1.55,-0.8557881356837851
2009-11-06,0.46,-0.867877795429256
2009-11-07,0.36,-0.8787059254621558
2009-11-08,0.36,-0.8895340554950556
2009-11-09,0.28,-0.9012032053363359
2009-11-10,0.36,-0.9120313353692359
2009-11-11,0.3,-0.9234902302584211
2009-11-12,0.49,-0.9329517031027027
2009-11-13,1.14,-0.9355798900038919
2009-11-14,2.04,-0.9287466040607997
2009-11-15,3.38,-0.9078262363273331
2009-11-16,3.76,-0.8829110245040586
2009-11-17,5.06,-0.846011280411361
2009-11-18,8.93,-0.7696887328008242
2009-11-19,10.35,-0.6778073187352468
2009-11-20,10.17,-0.5878181992385256
2009-11-21,9.8,-0.5017187963555648
2009-11-22,11.31,-0.3997451445894204
2009-11-23,9.8,-0.31553803627531585
2009-11-24,9.1,-0.24426160751506218
2009-11-25,9.62,-0.16604676533566926
2009-11-26,7.79,-0.11253688002745528
2009-11-27,7.19,-0.06533464328209601
2009-11-28,7.19,-0.018973426345116666
2009-11-29,7.34,0.03453645896309703
2009-11-30,14.97,0.1667868238309416
2009-12-01,32.04,-0.4551144638667119
2009-12-02,20.14,-0.3964763663024636
2009-12-03,15.44,-0.35213711592993463
2009-12-04,14.51,-0.3107794637386386
2009-12-05,9.98,-0.2837527189345591
2009-12-06,7.34,-0.2616953044325347
2009-12-07,5.55,-0.2450560629695249
2009-12-08,5.06,-0.22998777108587445
2009-12-09,5.55,-0.21309204805888748
2009-12-10,9.98,-0.18225013999064976
2009-12-11,20.133,-0.11866515426119434
2009-12-12,14.05,-0.07519152916708803
2009-12-13,10.92,-0.04383665797089612
2009-12-14,9.8,-0.018957946265124273
2009-12-15,11.3,0.006433728568601751
2009-12-16,6.47,0.01512204154832348
2009-12-17,5.55,0.016692991127682827
2009-12-18,4.007,0.0009097568844464261
2009-12-19,16.67,0.021171800438631913
2009-12-20,79.41,0.2431565940607507
2009-12-21,86.32,0.4884812100047794
2009-12-22,40.21,0.5811351749914813
2009-12-23,39.024,0.6748278903122902
2009-12-24,32.8,0.7508105536404851
2009-12-25,41.98,0.8545573462691936
2009-12-26,59.692,1.0209561729383907
2009-12-27,49.58,1.1568593416507191
2009-12-28,43.81,1.2742637775612045
2009-12-29,39.727,1.378097132717755
2009-12-30,21.59,1.3993209821368544
2009-12-31,18.76,1.3567450425166674
2010-01-01,20.556,-0.41208060317687534
2010-01-02,14.05,-0.41394381777118683
2010-01-03,14.97,-0.41332721438026354
2010-01-04,17.44,-0.4033275159100738
2010-01-05,25.317,-0.37923038730436315
2010-01-06,21.3,-0.35811842337601313
2010-01-07,19.03,-0.33939244648210554
2010-01-08,20.484,-0.3193742833515673
2010-01-09,15.93,-0.3113986525341908
2010-01-10,16.17,-0.31671082479120993
2010-01-11,29.45,-0.2960680156168234
2010-01-12,101.26,-0.1749724714081174
2010-01-13,74.55,-0.08817884192490161
2010-01-14,83.51,0.008614486028504205
2010-01-15,149.45,0.20027090523329494
2010-01-16,199.737,0.4605673458272295
2010-01-17,187.0,0.705858876947262
2010-01-18,216.95,0.9743226315866205
2010-01-19,173.788,1.1008308812139094
2010-01-20,103.63,1.1240339349027815
2010-01-21,84.21,1.183013389686743
2010-01-22,64.566,1.2172509631888324
2010-01-23,142.53,1.3643376807671066
2010-01-24,146.46,1.5043870770359313
2010-01-25,131.14,1.6001589880678515
2010-01-26,149.45,1.7340289460059017
2010-01-27,95.352,1.803118015516696
2010-01-28,82.82,1.860881689266815
2010-01-29,73.49,1.930450637068806
2010-01-30,64.344,1.9915533522249895
2010-01-31,61.37,2.0462621583057303
2010-02-01,83.51,0.7351144123445421
2010-02-02,102.445,0.809767624947713
2010-02-03,99.7,0.8799702344788568
2010-02-04,95.11,0.9395332143841222
2010-02-05,123.69,1.0269152371156305
2010-02-06,95.11,1.0918436899861557
2010-02-07,83.51,1.1456315536903852
2010-02-08,73.49,1.1947546050472129
2010-02-09,61.94,1.233815794425288
2010-02-10,72.238,1.270332075201104
2010-02-11,50.59,1.22708911112448
2010-02-12,56.35,1.211556805101299
2010-02-13,58.866,1.190525038637824
2010-02-14,45.68,1.1019652916034597
2010-02-15,44.74,0.9696872236542889
2010-02-16,61.208,0.8623333863318765
2010-02-17,105.23,0.7669889232049685
2010-02-18,132.07,0.7313858054755709
2010-02-19,159.938,0.7794403707257492
2010-02-20,119.47,0.8095320800871415
2010-02-21,191.68,0.9180141431547545
2010-02-22,122.99,0.9013382497650324
2010-02-23,178.12,0.9283576348581035
2010-02-24,169.562,0.9611478690351711
2010-02-25,139.63,0.9527672511699168
2010-02-26,188.88,1.0325862356609072
2010-02-27,316.55,1.2320568887816739
2010-02-28,321.76,1.4439363182528284
2010-03-01,389.13,1.2814817188108694
2010-03-02,290.04,1.4563698790768183
2010-03-03,217.89,1.559144493046898
2010-03-04,208.53,1.6402789246811886
2010-03-05,148.89,1.6778997258509176
2010-03-06,155.55,1.724124593155217
2010-03-07,121.22,1.7222355226350046
2010-03-08,89.92,1.7182661801249233
2010-03-09,77.4,1.7135932162065035
2010-03-10,85.11,1.722480260516166
2010-03-11,82.82,1.7384494072619256
2010-03-12,89.19,1.7514143965164337
2010-03-13,124.92,1.8082624174748803
2010-03-14,80.08,1.8264112609747314
2010-03-15,69.09,1.8342306362778278
2010-03-16,68.0,1.8513011034888136
2010-03-17,92.86,1.8881035623684104
2010-03-18,66.05,1.8918067524327287
2010-03-19,64.65,1.8607709298779895
2010-03-20,55.81,1.8024468335737902
2010-03-21,54.74,1.7219907847538434
2010-03-22,48.59,1.667781344076665
2010-03-23,47.12,1.5572210062621485
2010-03-24,52.41,1.5032410073485578
2010-03-25,44.74,1.401231199257106
2010-03-26,41.53,1.3033115730045588
2010-03-27,44.48,1.2305402936530696
2010-03-28,45.21,1.120660633070532
2010-03-29,42.89,0.9113638563250932
2010-03-30,46.93,0.7011722567016585
2010-03-31,38.05,0.4326642088328113
2010-04-01,36.38,1.0676074280709054
2010-04-02,39.37,0.8545907097035069
2010-04-03,31.66,0.6435428328401752
2010-04-04,31.66,0.5036596270693365
2010-04-05,40.21,0.3660316397486116
2010-04-06,52.46,0.28398464470636214
2010-04-07,48.1,0.23408346185780418
2010-04-08,56.35,0.20896581721499774
2010-04-09,58.01,0.17662908705727576
2010-04-10,52.64,0.14061718609196036
2010-04-11,45.21,0.08813861072898581
2010-04-12,35.16,-0.018966367092309696
2010-04-13,42.01,-0.06439291015889534
2010-04-14,36.38,-0.10342370143044824
2010-04-15,34.76,-0.1430869084578534
2010-04-16,37.95,-0.2086075672386841
2010-04-17,35.16,-0.24546666666938619
2010-04-18,39.34,-0.27566750210451335
2010-04-19,38.05,-0.2968593961119352
2010-04-20,38.48,-0.31626143420656866
2010-04-21,38.66,-0.3281102803492322
2010-04-22,41.09,-0.3353055011186439
2010-04-23,38.91,-0.35141420433374526
2010-04-24,21.4,-0.3792643623367426
2010-04-25,19.86,-0.4051218140901681
2010-04-26,17.96,-0.4367664666282783
2010-04-27,13.88,-0.4741505904600656
2010-04-28,16.92,-0.5051389624968196
2010-04-29,16.67,-0.5412463224441503
2010-04-30,16.67,-0.5667577353877699
2010-05-01,14.53,0.8583815599057821
2010-05-02,21.0,0.821788367009135
2010-05-03,17.96,0.7944978529816944
2010-05-04,14.03,0.7593787462441934
2010-05-05,12.95,0.7050765993545574
2010-05-06,11.31,0.6231054568560792
2010-05-07,10.38,0.5479669029060766
2010-05-08,9.8,0.45523891546247597
2010-05-09,9.1,0.35780978837619226
2010-05-10,8.43,0.2697431004088113
2010-05-11,5.33,0.19030180848075978
2010-05-12,7.79,0.13578054067557505
2010-05-13,6.75,0.06554232720057263
2010-05-14,5.17,0.003371747434412036
2010-05-15,6.61,-0.052703286862845894
2010-05-16,6.2,-0.11594955112351876
2010-05-17,6.61,-0.17282138875004494
2010-05-18,6.07,-0.2390955056619375
2010-05-19,4.63,-0.3056684238223055
2010-05-20,6.07,-0.37022941357627115
2010-05-21,6.07,-0.43514896482840737
2010-05-22,4.09,-0.5088532727857271
2010-05-23,5.18,-0.5760437135262779
2010-05-24,5.06,-0.6085931295268889
2010-05-25,3.33,-0.6415210271089021
2010-05-26,4.17,-0.6689908218854276
2010-05-27,4.17,-0.688333222703416
2010-05-28,3.29,-0.715484296148234
2010-05-29,4.38,-0.7399660784400031
2010-05-30,4.17,-0.764866182479638
2010-05-31,3.57,-0.7866985937015899
2010-06-01,3.51,-0.12207863842329478
2010-06-02,4.6,-0.19877858235145698
2010-06-03,5.55,-0.24746237909627852
2010-06-04,4.6,-0.2953998440513801
2010-06-05,4.6,-0.33392204642847334
2010-06-06,4.17,-0.36957374192202797
2010-06-07,4.17,-0.401895649430677
2010-06-08,3.77,-0.4324952528092029
2010-06-09,3.76,-0.45930578710145725
2010-06-10,3.38,-0.4705007639472595
2010-06-11,3.64,-0.49432597108063314
2010-06-12,3.2,-0.5147065699537601
2010-06-13,3.03,-0.5269923394153072
2010-06-14,3.03,-0.5475451687014463
2010-06-15,3.18,-0.5648830302780219
2010-06-16,3.03,-0.5854358595641611
2010-06-17,2.7,-0.604783075959214
2010-06-18,2.58,-0.6165521541817239
2010-06-19,1.39,-0.6434200986116491
2010-06-20,1.19,-0.6714362457949898
2010-06-21,1.19,-0.688085185719516
2010-06-22,1.51,-0.7091547062446922
2010-06-23,1.91,-0.7272388996109881
2010-06-24,2.11,-0.7342429364068233
2010-06-25,2.13,-0.7459546044916625
2010-06-26,2.39,-0.7561736089970613
2010-06-27,2.11,-0.7629480052422134
2010-06-28,1.85,-0.7774727700729207
2010-06-29,1.92,-0.7903900510488463
2010-06-30,2.11,-0.79877193114878
2010-07-01,2.11,-0.3168990906609247
2010-07-02,2.11,-0.3448902247267357
2010-07-03,1.99,-0.3849096774473331
2010-07-04,2.11,-0.4129008115131443
2010-07-05,2.11,-0.4408919455789553
2010-07-06,1.91,-0.46629755320495253
2010-07-07,2.39,-0.48630727956525127
2010-07-08,2.39,-0.5018204382041345
2010-07-09,1.89,-0.5228418923017517
2010-07-10,2.11,-0.5371184948172456
2010-07-11,2.11,-0.5543178663516597
2010-07-12,1.85,-0.5694937824114367
2010-07-13,1.54,-0.586243497173709
2010-07-14,1.61,-0.6022063125847339
2010-07-15,1.61,-0.6198553408912896
2010-07-16,1.51,-0.6369422982326682
2010-07-17,1.61,-0.6491954452735254
2010-07-18,1.61,-0.6600996219979578
2010-07-19,1.61,-0.6576265097511792
2010-07-20,1.54,-0.6536920129949406
2010-07-21,1.61,-0.6489706168874544
2010-07-22,1.61,-0.6478464749571006
2010-07-23,1.68,-0.6504320013969145
2010-07-24,1.61,-0.6560527110486838
2010-07-25,1.85,-0.6592003084536745
2010-07-26,1.85,-0.6652706748775854
2010-07-27,1.89,-0.667743787124364
2010-07-28,1.85,-0.667743787124364
2010-07-29,2.11,-0.6656079174566916
2010-07-30,1.12,-0.6767369225671946
2010-07-31,1.85,-0.679659691586115
2010-08-01,2.7,-0.6304937402912404
2010-08-02,3.03,-0.6145689541980782
2010-08-03,2.57,-0.607525298810718
2010-08-04,2.7,-0.5984910451617127
2010-08-05,3.48,-0.574450743078766
2010-08-06,3.58,-0.5562291128375515
2010-08-07,2.39,-0.5562291128375515
2010-08-08,3.76,-0.5275951224585005
2010-08-09,3.03,-0.51350781168378
2010-08-10,2.85,-0.5021767138867224
2010-08-11,2.7,-0.48916126371442636
2010-08-12,1.85,-0.4844144524751185
2010-08-13,2.0,-0.47844265769018274
2010-08-14,1.61,-0.47844265769018274
2010-08-15,1.61,-0.4769114282581477
2010-08-16,1.61,-0.4769114282581477
2010-08-17,1.61,-0.4769114282581477
2010-08-18,1.93,-0.4720114940756364
2010-08-19,1.39,-0.4743083382236888
2010-08-20,1.39,-0.47767704297416524
2010-08-21,1.87,-0.4736958464508747
2010-08-22,1.19,-0.48119887066784534
2010-08-23,1.61,-0.48119887066784534
2010-08-24,1.96,-0.479514518292607
2010-08-25,1.39,-0.486558173679967
2010-08-26,1.39,-0.4942143208401411
2010-08-27,2.09,-0.4905393702032578
2010-08-28,1.39,-0.5015642221139085
2010-08-29,1.61,-0.49406119789693786
2010-08-30,2.39,-0.4857925589639497
2010-08-31,2.67,-0.4862519277935601
2010-09-01,2.22,-0.42038365591569227
2010-09-02,2.22,-0.42458069789146224
2010-09-03,2.87,-0.4225421346460881
2010-09-04,2.14,-0.4386108096390366
2010-09-05,2.01,-0.457437540787491
2010-09-06,1.87,-0.4636731460086351
2010-09-07,1.91,-0.4858575107377055
2010-09-08,1.87,-0.49976770700025785
2010-09-09,1.87,-0.5115194245324141
2010-09-10,1.79,-0.5224317336694163
2010-09-11,1.48,-0.5268686066152304
2010-09-12,1.35,-0.5346631131416606
2010-09-13,1.35,-0.5377809157522326
2010-09-14,1.24,-0.5422177886980468
2010-09-15,1.22,-0.5468944926139049
2010-09-16,0.75,-0.5572072243257971
2010-09-17,1.62,-0.5609246043614792
2010-09-18,1.87,-0.555168661080423
2010-09-19,1.87,-0.549412717799367
2010-09-20,1.74,-0.5509716191046529
2010-09-21,1.84,-0.5431771125782228
2010-09-22,2.41,-0.5335838737764625
2010-09-23,2.42,-0.5280677614654504
2010-09-24,2.42,-0.5157164665081841
2010-09-25,2.3,-0.5048041573711819
2010-09-26,2.42,-0.5008469463654559
2010-09-27,2.42,-0.48849565140818957
2010-09-28,2.39,-0.47914224357647345
2010-09-29,2.42,-0.4787824971214074
2010-09-30,2.28,-0.4834592010372655
2010-10-01,2.15,-0.5747791492235396
2010-10-02,2.28,-0.5739004976336082
2010-10-03,2.42,-0.5804903845580939
2010-10-04,2.28,-0.5784401975149206
2010-10-05,2.4,-0.5727289621803664
2010-10-06,2.14,-0.568775030025675
2010-10-07,2.14,-0.5654068655976043
2010-10-08,2.18,-0.560867165716292
2010-10-09,2.11,-0.5573525593565664
2010-10-10,2.67,-0.5444656693709052
2010-10-11,2.36,-0.5315787793852443
2010-10-12,3.8,-0.4957005061297108
2010-10-13,5.4,-0.43639152380933954
2010-10-14,5.05,-0.3805971478486934
2010-10-15,5.57,-0.31689490757866473
2010-10-16,6.13,-0.23810914834814656
2010-10-17,8.51,-0.13721065743768732
2010-10-18,7.69,-0.05198145321433882
2010-10-19,7.69,0.03324775100901008
2010-10-20,7.29,0.1145230230776674
2010-10-21,8.94,0.2184967945528865
2010-10-22,9.37,0.3204203789849325
2010-10-23,7.79,0.3990596962837954
2010-10-24,7.89,0.47916343289921076
2010-10-25,8.51,0.5701038724571137
2010-10-26,7.0,0.6371742771552129
2010-10-27,6.89,0.7026338206051048
2010-10-28,5.58,0.7493487968031253
2010-10-29,5.76,0.7982604019759754
2010-10-30,5.4,0.8439502846524097
2010-10-31,5.4,0.8915439124403618
2010-11-01,4.87,0.2819014101030326
2010-11-02,6.13,0.32090370371668164
2010-11-03,4.52,0.3444522583513376
2010-11-04,3.4,0.3549650059560947
2010-11-05,3.4,0.3682110679380886
2010-11-06,4.3,0.3909186027643641
2010-11-07,3.4,0.40374415484216775
2010-11-08,3.4,0.4173055992523048
2010-11-09,5.52,0.4472669299258623
2010-11-10,6.13,0.48689998839579696
2010-11-11,7.49,0.5256920270573506
2010-11-12,7.79,0.5508174938327204
2010-11-13,9.37,0.596232563485271
2010-11-14,8.51,0.627140041443257
2010-11-15,7.69,0.6435399277066782
2010-11-16,7.69,0.6349194746707775
2010-11-17,6.97,0.6273502963953523
2010-11-18,5.58,0.6051683989493145
2010-11-19,5.4,0.5852993059763236
2010-11-20,5.51,0.5492405816920065
2010-11-21,4.7,0.5001460503777909
2010-11-22,5.4,0.47502058360242116
2010-11-23,5.53,0.4502104992551945
2010-11-24,4.7,0.4101569308810699
2010-11-25,5.4,0.39333653471345836
2010-11-26,5.82,0.3820878947763679
2010-11-27,7.29,0.40006469318050275
2010-11-28,7.69,0.4203542960576842
2010-11-29,7.69,0.44442848807257807
2010-11-30,7.06,0.4618796490964752
2010-12-01,7.69,-0.45203668509898753
2010-12-02,6.52,-0.4507863374745995
2010-12-03,6.89,-0.44318807114178005
2010-12-04,7.69,-0.42943424727351187
2010-12-05,6.89,-0.41824523904501404
2010-12-06,9.59,-0.4012853956270329
2010-12-07,8.96,-0.38345992693062936
2010-12-08,11.17,-0.3585491550293604
2010-12-09,12.85,-0.3350490317299649
2010-12-10,17.34,-0.29910955257768373
2010-12-11,15.17,-0.27448732243588886
2010-12-12,20.84,-0.23264876731213596
2010-12-13,23.02,-0.18888660045855532
2010-12-14,22.85,-0.14291228011567297
2010-12-15,21.15,-0.09975925697653766
2010-12-16,19.64,-0.06144732335746887
2010-12-17,13.92,-0.0391654874869642
2010-12-18,15.42,-0.007618255117789975
2010-12-19,14.11,0.020306175160209234
2010-12-20,15.42,0.05207782889786398
2010-12-21,15.96,0.08817760902763074
2010-12-22,15.04,0.1190836374868628
2010-12-23,17.34,0.15694672836897175
2010-12-24,23.66,0.2177328590315277
2010-12-25,31.86,0.30256413631693035
2010-12-26,35.33,0.397173773228957
2010-12-27,50.49,0.5356738177765529
2010-12-28,76.62,0.7566647453382607
2010-12-29,76.86,0.9784251175919002
2010-12-30,73.55,1.1915933574523083
2010-12-31,43.69,1.3070100612419717
2011-01-01,29.05,-0.4032323445171271
2011-01-02,21.76,-0.38329996968445645
2011-01-03,16.51,-0.3714772698845804
2011-01-04,14.43,-0.36137033604205615
2011-01-05,12.85,-0.3570004946194264
2011-01-06,10.25,-0.35527132424053304
2011-01-07,7.24,-0.36053926190646396
2011-01-08,7.69,-0.3674559434220378
2011-01-09,6.89,-0.3814635639332286
2011-01-10,5.76,-0.39407712460407124
2011-01-11,5.58,-0.41453227187687236
2011-01-12,7.36,-0.4355235960113458
2011-01-13,10.71,-0.45179656376310245
2011-01-14,10.94,-0.4654824781572899
2011-01-15,7.89,-0.48123267346891585
2011-01-16,10.03,-0.4864469934486797
2011-01-17,7.49,-0.49707669973133467
2011-01-18,5.96,-0.5080013032879094
2011-01-19,4.36,-0.5228265935131504
2011-01-20,3.4,-0.5396625469696632
2011-01-21,3.7,-0.5548631609980749
2011-01-22,3.09,-0.5739644616951534
2011-01-23,2.79,-0.6019394894529094
2011-01-24,3.55,-0.639887406837772
2011-01-25,4.87,-0.6807172748541233
2011-01-26,7.08,-0.738905868767118
2011-01-27,33.05,-0.7973089334247815
2011-01-28,39.29,-0.8476693451573594
2011-01-29,24.37,-0.913592290299978
2011-01-30,23.66,-0.9404413466482223
2011-01-31,20.54,-0.9518485093803022
2011-02-01,19.2,-1.2351654340831588
2011-02-02,69.24,-1.190164417786329
2011-02-03,60.01,-1.1512653788557485
2011-02-04,112.03,-1.0666228452634938
2011-02-05,72.46,-1.013531375060084
2011-02-06,94.48,-0.9390787169577622
2011-02-07,83.69,-0.8742185379598658
2011-02-08,121.4,-0.7764930235250092
2011-02-09,242.27,-0.5746498533303716
2011-02-10,96.96,-0.49666402231948015
2011-02-11,152.39,-0.37289202547652067
2011-02-12,210.63,-0.20227561777573885
2011-02-13,67.66,-0.15386944208151934
2011-02-14,53.73,-0.11474851306489331
2011-02-15,107.79,-0.03131784071180975
2011-02-16,140.18,0.08192291127806989
2011-02-17,154.73,0.2088867116664518
2011-02-18,305.63,0.46599758175455996
2011-02-19,143.94,0.5859377074961963
2011-02-20,198.18,0.7519114918581813
2011-02-21,137.2,0.8663641050872326
2011-02-22,105.24,0.9537973332232124
2011-02-23,257.21,1.1702767148627702
2011-02-24,156.3,1.2995106215160783
2011-02-25,134.99,1.4086720096163536
2011-02-26,292.0,1.6296660010835282
2011-02-27,132.07,1.7088466248654337
2011-02-28,157.09,1.8221129795575488
2011-03-01,129.05,1.4525940324540298
2011-03-02,100.74,1.5139314639200252
2011-03-03,76.3,1.557601879589705
2011-03-04,62.39,1.552362959321101
2011-03-05,101.38,1.5840029785199563
2011-03-06,146.98,1.6107329439780176
2011-03-07,103.3,1.6343195572749163
2011-03-08,89.01,1.6301360691188198
2011-03-09,94.88,1.6386942469006702
2011-03-10,82.54,1.6089738904571727
2011-03-11,59.51,1.469197968079052
2011-03-12,51.02,1.434062786014865
2011-03-13,53.73,1.35860703802939
2011-03-14,77.98,1.2571555382293373
2011-03-15,90.8,1.274853146260797
2011-03-16,84.86,1.2986615532624985
2011-03-17,60.5,1.2624938832621628
2011-03-18,93.86,1.2270680749640972
2011-03-19,101.97,1.1867169168076641
2011-03-20,118.63,1.0436982175041594
2011-03-21,90.21,1.0026051976454573
2011-03-22,110.9,0.9358529405587735
2011-03-23,103.3,0.9099260212732714
2011-03-24,85.45,0.8947905129352159
2011-03-25,77.78,0.7575613941329281
2011-03-26,73.55,0.6942737076764308
2011-03-27,64.03,0.6400030825289618
2011-03-28,98.84,0.4922731790131063
2011-03-29,70.35,0.44506936018416343
2011-03-30,62.0,0.3723439691853922
2011-03-31,63.52,0.32222623995887506
2011-04-01,68.63,1.1596656838520216
2011-04-02,86.63,1.1719918249047623
2011-04-03,78.54,1.1912626068991246
2011-04-04,60.01,1.141898380824402
2011-04-05,52.79,1.0295073618740032
2011-04-06,57.07,0.9743440026418446
2011-04-07,92.92,0.9790095603878488
2011-04-08,143.94,1.0375497811088017
2011-04-09,122.1,1.0847542477154248
2011-04-10,105.95,1.1401681867753728
2011-04-11,89.01,1.1854992708599432
2011-04-12,77.42,1.2137670619092584
2011-04-13,69.0,1.2030517911780279
2011-04-14,58.04,1.1639613380427154
2011-04-15,56.59,1.130228520273018
2011-04-16,54.21,1.1227230578120555
2011-04-17,53.26,1.0742776244392327
2011-04-18,66.61,1.0320847543884195
2011-04-19,57.62,0.9592853482289131
2011-04-20,50.03,0.9113410745116705
2011-04-21,45.15,0.8328857236677512
2011-04-22,45.22,0.7635825027245605
2011-04-23,29.05,0.6962839204036925
2011-04-24,27.65,0.6364669357982827
2011-04-25,38.01,0.5940592830379348
2011-04-26,25.95,0.5486208075985971
2011-04-27,23.34,0.458531393321549
2011-04-28,22.07,0.4009218976752457
2011-04-29,32.34,0.3655304800930308
2011-04-30,19.94,0.3135291996401334
2011-05-01,35.48,2.305436166106745
2011-05-02,30.99,2.1946008230055223
2011-05-03,30.48,2.0988649029939337
2011-05-04,30.48,2.0400408972106994
2011-05-05,29.9,1.9944438266933204
2011-05-06,27.51,1.935560060660391
2011-05-07,28.23,1.8066970422344726
2011-05-08,26.13,1.572018541681721
2011-05-09,26.13,1.380845502907019
2011-05-10,26.13,1.2218433985515256
2011-05-11,26.13,1.096585915190546
2011-05-12,26.13,0.9944158082951159
2011-05-13,26.13,0.9090184114807841
2011-05-14,24.17,0.8415490895749889
2011-05-15,24.17,0.7769681797377916
2011-05-16,22.35,0.7135027945615702
2011-05-17,20.96,0.6491609257231533
2011-05-18,22.35,0.5609946373396139
2011-05-19,22.35,0.4907365037813797
2011-05-20,21.4,0.4337053054889999
2011-05-21,20.65,0.38490110157131513
2011-05-22,20.65,0.33595745707100866
2011-05-23,20.65,0.31922458715637386
2011-05-24,20.65,0.30528052889417845
2011-05-25,20.02,0.26944429916033574
2011-05-26,20.65,0.25888665504753033
2011-05-27,19.07,0.25038077950759124
2011-05-28,17.85,0.24197450438381016
2011-05-29,19.07,0.21554055393533386
2011-05-30,19.07,0.21380750669417548
2011-05-31,17.4,0.17779199621124736
2011-06-01,20.65,2.6986536557551455
2011-06-02,19.07,2.633148688672785
2011-06-03,19.26,2.5687345142061697
2011-06-04,13.79,2.476246782418543
2011-06-05,17.6,2.4193533359868002
2011-06-06,19.07,2.3667656498803646
2011-06-07,19.91,2.33105654424914
2011-06-08,20.65,2.2995957888055525
2011-06-09,19.07,2.2590642316099814
2011-06-10,19.9,2.223297715841086
2011-06-11,19.07,2.182766158645515
2011-06-12,6.69,2.071160851013519
2011-06-13,6.4,1.9691430363725422
2011-06-14,5.42,1.861499028239829
2011-06-15,5.36,1.7639592043371741
2011-06-16,5.36,1.6743993895707572
2011-06-17,4.29,1.5707166809373276
2011-06-18,4.08,1.4658283594128128
2011-06-19,4.08,1.3663940009670215
2011-06-20,4.08,1.271265402846539
2011-06-21,3.72,1.1740700397699082
2011-06-22,4.07,1.0788840315117547
2011-06-23,4.08,0.983755433391272
2011-06-24,4.08,0.8922436739440486
2011-06-25,4.1,0.7972298960989074
2011-06-26,3.72,0.7091053347742602
2011-06-27,3.39,0.6260902757023119
2011-06-28,3.5,0.5367026913489072
2011-06-29,3.39,0.44668359548112413
2011-06-30,3.39,0.36625199260436103
2011-07-01,3.43,1.7864828752241797
2011-07-02,3.39,1.6102174205446955
2011-07-03,3.08,1.4283312562134411
2011-07-04,3.63,1.3141184360894889
2011-07-05,3.42,1.1547151103653117
2011-07-06,3.39,0.9784496556858269
2011-07-07,3.08,0.7892565688072725
2011-07-08,3.44,0.5957917425933733
2011-07-09,3.63,0.42222422854673747
2011-07-10,3.72,0.2403380642154831
2011-07-11,3.72,0.06778227790616606
2011-07-12,4.27,0.04057804319160239
2011-07-13,3.72,0.010451039458118998
2011-07-14,3.72,-0.008659373357896441
2011-07-15,4.07,-0.02316080425946127
2011-07-16,3.72,-0.041596731917264616
2011-07-17,4.08,-0.04395742997100776
2011-07-18,4.08,-0.04395742997100776
2011-07-19,4.08,-0.04395742997100776
2011-07-20,4.1,-0.04373260158493686
2011-07-21,3.39,-0.047442269955104636
2011-07-22,3.39,-0.05508643508151093
2011-07-23,3.67,-0.059695416995961696
2011-07-24,3.39,-0.06745199631540322
2011-07-25,3.39,-0.07543340402091578
2011-07-26,3.44,-0.07858100142590653
2011-07-27,3.72,-0.07487133305573891
2011-07-28,3.72,-0.0723982208089604
2011-07-29,3.56,-0.07048717952735875
2011-07-30,3.72,-0.06677751115719112
2011-07-31,3.72,-0.06351749955916484
2011-08-01,3.72,0.20479191488375514
2011-08-02,3.96,0.21826673388566173
2011-08-03,3.39,0.21459178324877817
2011-08-04,3.39,0.21413241441916755
2011-08-05,3.2,0.21122307849830133
2011-08-06,3.72,0.22102294686332433
2011-08-07,3.39,0.22025733214730658
2011-08-08,3.39,0.21658238151042322
2011-08-09,3.43,0.2121418161575223
2011-08-10,2.8,0.19805450538280187
2011-08-11,3.08,0.17983287514158744
2011-08-12,2.69,0.16406121199162887
2011-08-13,2.8,0.14997390121690865
2011-08-14,2.8,0.1305272874300663
2011-08-15,2.8,0.11643997665534585
2011-08-16,2.55,0.093012166345213
2011-08-17,2.25,0.06499066773897579
2011-08-18,2.31,0.03788790679195935
2011-08-19,2.31,0.010478899958536195
2011-08-20,2.23,-0.0072833614530680305
2011-08-21,2.1,-0.027036221126317102
2011-08-22,2.1,-0.05107652320926381
2011-08-23,2.05,-0.07159499759853041
2011-08-24,2.31,-0.08813227546450651
2011-08-25,2.1,-0.10865074985377311
2011-08-26,2.06,-0.134069158425551
2011-08-27,2.31,-0.15565949341724208
2011-08-28,2.15,-0.17724982840893314
2011-08-29,2.1,-0.2020557452078974
2011-08-30,1.85,-0.23068973558694827
2011-08-31,2.1,-0.2554956523859125
2011-09-01,1.32,-0.2616155537465608
2011-09-02,1.89,-0.27960287649986115
2011-09-03,1.32,-0.30442538189941565
2011-09-04,1.32,-0.32696949308355205
2011-09-05,1.32,-0.3557492094888327
2011-09-06,1.91,-0.37349670127208917
2011-09-07,1.32,-0.39831920667164367
2011-09-08,1.32,-0.42362137401128613
2011-09-09,1.9,-0.43441376766326645
2011-09-10,1.32,-0.4555188930271388
2011-09-11,1.32,-0.47194731447515326
2011-09-12,1.47,-0.48789607398307955
2011-09-13,1.83,-0.49952787603021376
2011-09-14,1.47,-0.5154766355381402
2011-09-15,1.47,-0.5284275079205165
2011-09-16,2.03,-0.5310656485910005
2011-09-17,1.56,-0.5400593099676507
2011-09-18,1.47,-0.5501322107094989
2011-09-19,1.66,-0.556967393355753
2011-09-20,1.66,-0.5622436746967212
2011-09-21,1.84,-0.5653614773072932
2011-09-22,1.47,-0.5723165754385694
2011-09-23,1.32,-0.5841882084557476
2011-09-24,1.92,-0.5863466871861437
2011-09-25,2.29,-0.5835886310306376
2011-09-26,2.14,-0.5856271942760116
2011-09-27,1.92,-0.5883852504315177
2011-09-28,2.29,-0.5861068562160997
2011-09-29,2.44,-0.5790318425998014
2011-09-30,1.93,-0.5810704058451754
2011-10-01,2.44,-0.6765562917239303
2011-10-02,2.44,-0.6685019854828922
2011-10-03,2.14,-0.6564937470871627
2011-10-04,1.85,-0.648732324709435
2011-10-05,1.88,-0.6405315765367415
2011-10-06,1.88,-0.6409709023317074
2011-10-07,1.83,-0.6335023638172902
2011-10-08,4.0,-0.5942559261336864
2011-10-09,5.0,-0.5488589273205625
2011-10-10,5.27,-0.49101436431674345
2011-10-11,5.5,-0.42980163688485373
2011-10-12,5.55,-0.37005332876951647
2011-10-13,6.14,-0.3069368562261086
2011-10-14,6.35,-0.23547319357835217
2011-10-15,6.45,-0.1625451116140437
2011-10-16,6.14,-0.10235747770374073
2011-10-17,6.14,-0.03528707300564153
2011-10-18,6.14,0.03310130907735486
2011-10-19,6.13,0.09856085252724622
2011-10-20,6.14,0.164166837908793
2011-10-21,6.14,0.2271368685205456
2011-10-22,5.92,0.29230352810712673
2011-10-23,5.55,0.35424846519729236
2011-10-24,5.55,0.40740688638814404
2011-10-25,5.82,0.45910088826244355
2011-10-26,6.77,0.5269035026188187
2011-10-27,6.77,0.5979278394716087
2011-10-28,5.13,0.6395173480616965
2011-10-29,6.77,0.7029267044684149
2011-10-30,6.77,0.7738045993895503
2011-10-31,6.77,0.8372139557962683
2011-11-01,5.51,0.247945235339667
2011-11-02,7.44,0.3036627976448799
2011-11-03,8.5,0.3735725692165149
2011-11-04,7.46,0.43223370085105944
2011-11-05,8.14,0.49804350085683946
2011-11-06,7.44,0.5570200149195271
2011-11-07,7.44,0.5931838666798916
2011-11-08,6.14,0.6051683989493148
2011-11-09,6.77,0.6209375203564502
2011-11-10,6.77,0.6342887098144918
2011-11-11,5.99,0.638914318760585
2011-11-12,6.77,0.645537349751582
2011-11-13,6.77,0.6499527037455801
2011-11-14,6.14,0.6466937519881053
2011-11-15,5.39,0.6388091912845376
2011-11-16,6.14,0.6388091912845373
2011-11-17,6.14,0.6388091912845376
2011-11-18,5.2,0.6290323360121133
2011-11-19,9.65,0.6659320801048109
2011-11-20,11.31,0.7202829852214055
2011-11-21,11.31,0.7769466948110464
2011-11-22,11.43,0.8387616507270186
2011-11-23,10.46,0.8903792414663758
2011-11-24,8.5,0.918553405047125
2011-11-25,9.16,0.9436788718224944
2011-11-26,8.88,0.9658607692685325
2011-11-27,8.88,1.0052835727863718
2011-11-28,8.88,1.027465470232409
2011-11-29,7.83,1.0386089826934517
2011-11-30,8.14,1.053011446911969
2011-12-01,8.14,-0.27237134953307846
2011-12-02,7.83,-0.27112100190869043
2011-12-03,8.14,-0.27227516894658704
2011-12-04,8.14,-0.27009507565278223
2011-12-05,7.44,-0.27233928933758134
2011-12-06,6.77,-0.27448732243588886
2011-12-07,6.42,-0.27775746237659604
2011-12-08,6.77,-0.27573767006027694
2011-12-09,6.77,-0.2757376700602769
2011-12-10,6.29,-0.27727655944413915
2011-12-11,7.44,-0.2726278310970555
2011-12-12,8.14,-0.26823558431394884
2011-12-13,9.08,-0.2608296791541122
2011-12-14,11.31,-0.24425455808209656
2011-12-15,11.31,-0.22527492234779642
2011-12-16,14.45,-0.19863289988968238
2011-12-17,13.84,-0.17394654935689338
2011-12-18,12.65,-0.15006170371153252
2011-12-19,11.31,-0.14473971125900897
2011-12-20,11.31,-0.14473971125900897
2011-12-21,14.73,-0.1337751243989909
2011-12-22,31.36,-0.0698791547732136
2011-12-23,33.64,0.004436378389130449
2011-12-24,38.18,0.0995910386246085
2011-12-25,28.81,0.16258932277646646
2011-12-26,36.81,0.2521334487999468
2011-12-27,28.8,0.3159973582302273
2011-12-28,31.73,0.3892549049411663
2011-12-29,57.87,0.5496841232087981
2011-12-30,100.31,0.8451829451058331
2011-12-31,65.24,1.0282466613944379
2012-01-01,114.29,-0.40728047982275345
2012-01-02,103.16,-0.2799116663324805
2012-01-03,108.76,-0.14503637677879433
2012-01-04,95.33,-0.02722491584783154
2012-01-05,76.65,0.06644518188633244
2012-01-06,138.45,0.2434237595028421
2012-01-07,254.43,0.5753976634072934
2012-01-08,210.47,0.8484457302139511
2012-01-09,169.38,1.0670584411393207
2012-01-10,226.36,1.360508037532612
2012-01-11,121.38,1.5122997070720618
2012-01-12,96.69,1.629735844199854
2012-01-13,64.2,1.700631829734484
2012-01-14,65.6,1.773404434284967
2012-01-15,56.54,1.8298236445544425
2012-01-16,47.97,1.8755729352766382
2012-01-17,33.49,1.9035077497697688
2012-01-18,39.2,1.9408926814498757
2012-01-19,37.12,1.975489493449285
2012-01-20,21.6,1.984698331048508
2012-01-21,39.46,1.995555912497374
2012-01-22,52.62,2.0209975045837276
2012-01-23,93.98,2.0957941767870247
2012-01-24,41.64,2.112992049625167
2012-01-25,80.7,2.1718240557721677
2012-01-26,104.57,2.273389357794458
2012-01-27,120.53,2.392420621085725
2012-01-28,176.84,2.5518930241686313
2012-01-29,157.31,2.628298226956945
2012-01-30,174.96,2.775371540113677
2012-01-31,196.39,2.885421840971933
2012-02-01,121.89,1.2260906057372756
2012-02-02,144.03,1.2561908493327467
2012-02-03,208.33,1.3526276944217237
2012-02-04,263.19,1.511825296925245
2012-02-05,196.25,1.5611531698999608
2012-02-06,225.22,1.5362246721561639
2012-02-07,167.74,1.4997578899380044
2012-02-08,133.52,1.4691541265318921
2012-02-09,118.31,1.3769417273118563
2012-02-10,73.78,1.3363187730973847
2012-02-11,144.03,1.376719837225811
2012-02-12,121.89,1.4259538336256619
2012-02-13,147.43,1.495789471091423
2012-02-14,166.85,1.5899306072132382
2012-02-15,200.26,1.7198984579973122
2012-02-16,208.41,1.8691792805014171
2012-02-17,172.1,1.9825992514069493
2012-02-18,163.89,2.0907877368222563
2012-02-19,161.48,2.2101646031146998
2012-02-20,198.25,2.3456797060499097
2012-02-21,169.47,2.4454022312591754
2012-02-22,145.73,2.4895668926162955
2012-02-23,173.71,2.6022785220932976
2012-02-24,187.32,2.6932705258400835
2012-02-25,184.48,2.76146759036274
2012-02-26,145.73,2.78297386024099
2012-02-27,144.59,2.755450955337277
2012-02-28,146.42,2.746157174425605
2012-02-29,144.03,2.719760788420277
2012-03-01,142.9,2.1355197937164445
2012-03-02,144.14,2.152536724515926
2012-03-03,171.23,2.1733394444146175
2012-03-04,236.8,2.1951134677791666
2012-03-05,272.58,2.2022949949794874
2012-03-06,368.64,2.3341398803962314
2012-03-07,300.09,2.3914008965291367
2012-03-08,276.53,2.474604128065118
2012-03-09,247.18,2.561531964230017
2012-03-10,208.72,2.6306780637168083
2012-03-11,176.84,2.709498957568248
2012-03-12,168.76,2.7284126069467276
2012-03-13,166.82,2.7627753350735005
2012-03-14,140.66,2.757597599275186
2012-03-15,126.06,2.726401167485935
2012-03-16,118.58,2.6639318233195706
2012-03-17,114.79,2.5923306969623825
2012-03-18,110.35,2.5451039339570802
2012-03-19,97.14,2.494053141558637
2012-03-20,104.32,2.4503368375362395
2012-03-21,91.32,2.3685561449345083
2012-03-22,90.45,2.3081211844052945
2012-03-23,91.42,2.266584577136989
2012-03-24,82.35,2.1967119120655
2012-03-25,76.26,2.1117725711850333
2012-03-26,74.29,2.027498611418974
2012-03-27,93.74,1.9877363537890844
2012-03-28,95.78,1.9504061788532348
2012-03-29,93.54,1.909963243991367
2012-03-30,114.29,1.8872179171609587
2012-03-31,127.73,1.875615811982166
2012-04-01,99.43,3.5682031914557144
2012-04-02,99.43,3.4825287550968795
2012-04-03,96.23,3.3147953913230426
2012-04-04,105.53,3.115465104502104
2012-04-05,119.84,2.8185876704341637
2012-04-06,134.97,2.6215603315543463
2012-04-07,127.11,2.443266817895054
2012-04-08,109.38,2.278838721373501
2012-04-09,104.1,2.1540022376428425
2012-04-10,113.66,2.078613506596168
2012-04-11,128.7,2.030812421351949
2012-04-12,110.84,1.964014998686662
2012-04-13,156.19,1.9825459735704047
2012-04-14,106.48,1.959182387722132
2012-04-15,101.28,1.9385393828612985
2012-04-16,108.41,1.9309265290455686
2012-04-17,105.15,1.9247216952145663
2012-04-18,97.14,1.9247216952145667
2012-04-19,100.82,1.920545364751392
2012-04-20,95.83,1.9259268648625116
2012-04-21,87.84,1.9228125155742581
2012-04-22,100.36,1.9334800568144808
2012-04-23,90.88,1.9436583707718746
2012-04-24,122.75,1.9991319716955833
2012-04-25,94.88,2.0237007271918004
2012-04-26,86.56,2.0151332835559166
2012-04-27,79.52,1.995731245461284
2012-04-28,77.45,1.9765320577034338
2012-04-29,71.58,1.925568893679953
2012-04-30,69.3,1.8558480396904444
2012-05-01,69.14,4.8859036680254295
2012-05-02,80.74,4.848673032465367
2012-05-03,101.53,4.859230676578173
2012-05-04,90.59,4.82947007223
2012-05-05,55.78,4.701862019047679
2012-05-06,55.66,4.543875838937003
2012-05-07,51.39,4.393040968706511
2012-05-08,50.37,4.275492557556202
2012-05-09,38.69,4.1451952931376
2012-05-10,37.13,3.9927468961653383
2012-05-11,33.48,3.8030678636330153
2012-05-12,44.43,3.6707785908912425
2012-05-13,32.79,3.4249647638119654
2012-05-14,32.79,3.2781736704775093
2012-05-15,42.62,3.1613224622403107
2012-05-16,28.92,3.0029777206314634
2012-05-17,27.73,2.8487564362515805
2012-05-18,39.22,2.733379314173528
2012-05-19,25.48,2.5833014071058393
2012-05-20,25.48,2.443163621570774
2012-05-21,25.48,2.3189419825378432
2012-05-22,38.3,2.1953179460018633
2012-05-23,23.39,2.0608773042710666
2012-05-24,23.39,1.8629513572808158
2012-05-25,23.39,1.7205426822573353
2012-05-26,23.39,1.594707516482636
2012-05-27,36.19,1.5083937958396454
2012-05-28,21.46,1.3968612498253123
2012-05-29,20.56,1.2952289851771384
2012-05-30,19.99,1.1970030547615857
2012-05-31,9.83,1.0788570411143263
2012-06-01,15.81,4.982141881610424
2012-06-02,15.45,4.487955416540349
2012-06-03,16.52,4.062718526812882
2012-06-04,16.52,3.8373263263173985
2012-06-05,14.65,3.601887351729529
2012-06-06,15.12,3.393660782397609
2012-06-07,13.83,3.1838841393485784
2012-06-08,14.69,3.0460998089387066
2012-06-09,13.83,2.9123341881657887
2012-06-10,15.12,2.806929175402237
2012-06-11,15.12,2.6386600618891802
2012-06-12,12.96,2.5248157588880225
2012-06-13,13.83,2.4159661378642237
2012-06-14,13.83,2.250682351510048
2012-06-15,12.46,2.1561852649039435
2012-06-16,13.83,2.0763851735415595
2012-06-17,12.64,1.9237890276126255
2012-06-18,12.64,1.8500744108433438
2012-06-19,11.76,1.771307701959033
2012-06-20,12.64,1.697593085189752
2012-06-21,11.54,1.543963556782745
2012-06-22,11.88,1.4778844883236766
2012-06-23,11.54,1.409853475183802
2012-06-24,11.54,1.3418224620439279
2012-06-25,11.54,1.2737914489040527
2012-06-26,11.15,1.1300364641764198
2012-06-27,11.54,1.073085607607006
2012-06-28,11.54,1.0213016634279621
2012-06-29,10.87,0.9689436178722107
2012-06-30,11.54,0.9787607514139142
2012-07-01,11.54,3.131406280699536
2012-07-02,11.54,3.087452331222701
2012-07-03,10.73,3.0223645134552126
2012-07-04,10.54,2.955140826020051
2012-07-05,9.61,2.898484072730217
2012-07-06,10.65,2.848234928443399
2012-07-07,9.61,2.800796138982467
2012-07-08,8.76,2.7341345225124827
2012-07-09,8.76,2.6771405266435417
2012-07-10,8.61,2.603958886977506
2012-07-11,7.98,2.523695153150241
2012-07-12,7.98,2.4677128850186185
2012-07-13,8.34,2.4059974930421917
2012-07-14,7.98,2.3402351901164913
2012-07-15,8.76,2.298641938693398
2012-07-16,9.61,2.2512031492324653
2012-07-17,10.02,2.221750630657194
2012-07-18,10.54,2.1981436501197638
2012-07-19,11.54,2.195670537872984
2012-07-20,9.41,2.159360753522555
2012-07-21,10.54,2.148119334219016
2012-07-22,10.54,2.1330558323522744
2012-07-23,10.54,2.121814413048736
2012-07-24,9.41,2.0978701899321988
2012-07-25,10.54,2.08662877062866
2012-07-26,10.54,2.0797715048535017
2012-07-27,9.25,2.054028654648398
2012-07-28,10.54,2.04278723534486
2012-07-29,10.54,2.0390775669746923
2012-07-30,10.54,2.0278361476711533
2012-07-31,8.94,1.9986084574819534
2012-08-01,9.61,2.9790733998444456
2012-08-02,9.61,2.961923630205656
2012-08-03,7.76,2.919355451995088
2012-08-04,10.54,2.933595885713012
2012-08-05,9.61,2.9176710996198496
2012-08-06,9.61,2.9176710996198496
2012-08-07,7.68,2.9011338217538736
2012-08-08,8.76,2.9011338217538736
2012-08-09,8.76,2.9034306659019253
2012-08-10,8.76,2.915374255471797
2012-08-11,7.05,2.9011338217538727
2012-08-12,7.26,2.8845965438878967
2012-08-13,7.98,2.8845965438878967
2012-08-14,7.35,2.8630062088962065
2012-08-15,7.98,2.8380471691540374
2012-08-16,6.92,2.7905790567609587
2012-08-17,6.88,2.734536059548484
2012-08-18,5.71,2.6452653836608553
2012-08-19,5.44,2.5844755752090722
2012-08-20,5.44,2.506382874175296
2012-08-21,6.19,2.4397743938817817
2012-08-22,4.94,2.3540255456878314
2012-08-23,4.94,2.285579590075875
2012-08-24,4.48,2.1927870864945644
2012-08-25,6.09,2.124647376769015
2012-08-26,6.0,2.0748824202278833
2012-08-27,6.0,2.0053646040135025
2012-08-28,7.42,1.957590245734016
2012-08-29,6.0,1.888072429519635
2012-08-30,5.44,1.8344793993984159
2012-08-31,5.28,1.7681771649913087
2012-09-01,6.32,1.3153929897777947
2012-09-02,6.32,1.2981251599346264
2012-09-03,5.9,1.2424843748844172
2012-09-04,8.88,1.2337305444778108
2012-09-05,9.86,1.236728431603361
2012-09-06,8.41,1.245482262009967
2012-09-07,9.04,1.2488398955905835
2012-09-08,11.2,1.2780992739359516
2012-09-09,9.72,1.289611160498064
2012-09-10,9.04,1.3134743420174422
2012-09-11,10.84,1.3564040856553192
2012-09-12,9.04,1.3691151270676516
2012-09-13,9.04,1.3893808440363702
2012-09-14,9.72,1.4102461384301985
2012-09-15,9.72,1.4438224742363597
2012-09-16,9.72,1.4778784719826084
2012-09-17,9.72,1.5259645814764309
2012-09-18,9.04,1.5691341560843521
2012-09-19,6.78,1.5852028310773003
2012-09-20,6.32,1.5867617323825862
2012-09-21,6.32,1.603310069315623
2012-09-22,5.74,1.6129033081173827
2012-09-23,6.32,1.6349677573614314
2012-09-24,5.9,1.632689363146013
2012-09-25,5.06,1.621417307553945
2012-09-26,5.9,1.620218152703725
2012-09-27,5.9,1.6019909989803807
2012-09-28,5.13,1.5915583517834664
2012-09-29,6.32,1.6021109144654029
2012-09-30,6.78,1.6200982372187027
2012-10-01,6.32,1.9951303093942385
2012-10-02,6.78,2.0018666382503794
2012-10-03,6.78,2.0147535282360405
2012-10-04,6.16,1.974921322825816
2012-10-05,7.28,1.9371393044587644
2012-10-06,7.28,1.9205913661817224
2012-10-07,7.28,1.8948175862104002
2012-10-08,7.28,1.8374123490015468
2012-10-09,7.25,1.8012411918827032
2012-10-10,7.83,1.7835217181524188
2012-10-11,7.83,1.7394426967241927
2012-10-12,8.12,1.7259700390119102
2012-10-13,7.83,1.7082505652816267
2012-10-14,7.83,1.6805730401987866
2012-10-15,7.83,1.6528955151159463
2012-10-16,8.43,1.6340045059324206
2012-10-17,7.83,1.6063269808495806
2012-10-18,7.83,1.5886075071192969
2012-10-19,7.83,1.603983909943097
2012-10-20,8.6,1.6373726703604916
2012-10-21,9.04,1.6772048757707159
2012-10-22,9.04,1.7255307132169448
2012-10-23,9.04,1.7653629186271698
2012-10-24,9.04,1.8113456851669145
2012-10-25,11.19,1.9011145892715753
2012-10-26,10.07,1.9621808747718095
2012-10-27,12.84,2.063811575340545
2012-10-28,14.66,2.2033707362079866
2012-10-29,16.65,2.354645251607849
2012-10-30,18.45,2.5255429858495115
2012-10-31,17.71,2.6923403460048285
2012-11-01,18.81,1.6738943204489256
2012-11-02,17.84,1.7901653089575396
2012-11-03,17.71,1.9115875437924843
2012-11-04,16.65,2.010091988849059
2012-11-05,17.71,2.1197399463666753
2012-11-06,17.91,2.231490453405245
2012-11-07,18.81,2.352702433288094
2012-11-08,18.81,2.474229795599087
2012-11-09,17.26,2.5733650055119464
2012-11-10,16.65,2.666087439385904
2012-11-11,16.65,2.755761176454483
2012-11-12,16.65,2.8484836103284406
2012-11-13,13.46,2.9076703793432235
2012-11-14,15.63,2.9896698106603297
2012-11-15,14.66,3.055164228237966
2012-11-16,13.87,3.118661223770699
2012-11-17,15.63,3.2006606550878045
2012-11-18,15.63,3.2826600864049107
2012-11-19,17.18,3.3728594608537272
2012-11-20,19.67,3.4846099678922955
2012-11-21,18.66,3.585742599850059
2012-11-22,21.15,3.7130519733436684
2012-11-23,19.96,3.8278511771876156
2012-11-24,17.79,3.8972353113790135
2012-11-25,17.44,3.9747142612260733
2012-11-26,16.65,4.014767829600197
2012-11-27,14.27,4.010667858034343
2012-11-28,15.63,3.999944855477491
2012-11-29,14.66,3.960101542055461
2012-11-30,13.97,3.9207838660136693
2012-12-01,16.14,0.5852068198196168
2012-12-02,16.14,0.5797565865851048
2012-12-03,17.71,0.5797565865851048
2012-12-04,17.59,0.5827702449618347
2012-12-05,22.07,0.5967484901985832
2012-12-06,22.38,0.6110793975857994
2012-12-07,22.38,0.6225248873782747
2012-12-08,22.5,0.634355099516715
2012-12-09,22.38,0.6507699196112448
2012-12-10,27.03,0.6840484025372643
2012-12-11,85.78,0.9056805340089151
2012-12-12,96.7,1.16232239896343
2012-12-13,101.7,1.4452215640300936
2012-12-14,113.44,1.758802336187509
2012-12-15,124.62,2.1113362458739364
2012-12-16,105.35,2.4046229142816697
2012-12-17,103.89,2.6875861997393273
2012-12-18,100.94,2.961091727525332
2012-12-19,100.26,3.2274478317154767
2012-12-20,98.83,3.481236339270748
2012-12-21,67.12,3.6366000466498334
2012-12-22,57.74,3.753908301973828
2012-12-23,88.44,3.9734565207381642
2012-12-24,84.45,4.187169783922024
2012-12-25,78.02,4.38139044824363
2012-12-26,94.52,4.631043190579771
2012-12-27,131.96,5.008359631385478
2012-12-28,87.77,5.239641881701764
2012-12-29,75.69,5.435305254820741
2012-12-30,60.33,5.583936321145429
2012-12-31,60.33,5.72561032504724
2013-01-01,60.18,1.47302475195456
2013-01-02,59.12,1.5285324615591924
2013-01-03,55.07,1.5787722334978944
2013-01-04,46.77,1.6118811547061638
2013-01-05,54.77,1.6552980760800844
2013-01-06,75.96,1.7271189667010987
2013-01-07,78.82,1.8026126688245694
2013-01-08,68.28,1.864138963701474
2013-01-09,71.46,1.9236948086117336
2013-01-10,68.71,1.9008134610398648
2013-01-11,71.63,1.8672085762345492
2013-01-12,113.75,1.8833609041924297
2013-01-13,114.42,1.8846745375035272
2013-01-14,90.08,1.8383756654981167
2013-01-15,73.17,1.7952402369765748
2013-01-16,100.67,1.7909240132401123
2013-01-17,131.05,1.8312847265024996
2013-01-18,141.93,1.8871409510672197
2013-01-19,143.09,1.9464689208112678
2013-01-20,218.75,2.1497201646497235
2013-01-21,128.21,2.2441811232548554
2013-01-22,132.46,2.3031873868819
2013-01-23,105.17,2.330961348316529
2013-01-24,85.86,2.3414704148053076
2013-01-25,75.22,2.315599881229615
2013-01-26,75.39,2.2397710685675993
2013-01-27,68.71,2.2142222411089105
2013-01-28,68.71,2.204865954872728
2013-01-29,120.19,2.285104822221999
2013-01-30,110.42,2.3522475697249225
2013-01-31,95.0,2.398921765533503
2013-02-01,122.35,0.95432645573609
2013-02-02,100.67,0.9932425631348277
2013-02-03,82.31,1.023573231050423
2013-02-04,91.91,1.0552693764186054
2013-02-05,69.0,1.049329549499851
2013-02-06,87.66,1.0568738124253958
2013-02-07,106.47,1.0894660523718385
2013-02-08,133.6,1.1424977829366973
2013-02-09,109.1,1.1769675543804476
2013-02-10,88.26,1.1911599856532769
2013-02-11,84.67,1.1663424329525032
2013-02-12,67.57,1.126359546293931
2013-02-13,57.1,1.098213642302476
2013-02-14,54.07,1.0819132552122146
2013-02-15,71.33,1.0568738124253954
2013-02-16,87.06,1.0193317167133238
2013-02-17,107.13,0.9896325821195503
2013-02-18,106.47,0.9583802169234589
2013-02-19,114.5,0.8694108266533179
2013-02-20,172.8,0.9074649764101097
2013-02-21,248.3,1.00632554397743
2013-02-22,229.63,1.1125426213205636
2013-02-23,158.06,1.174159791368565
2013-02-24,111.75,1.2053353484579488
2013-02-25,91.3,1.2189133148771136
2013-02-26,105.87,1.2506265287134537
2013-02-27,140.46,1.311859658227915
2013-02-28,181.77,1.3644134716843683
2013-03-01,149.76,0.9919055634034463
2013-03-02,115.77,1.0077905815025576
2013-03-03,97.5,0.9887851554186426
2013-03-04,90.69,0.9811523927499315
2013-03-05,90.89,0.987714427188563
2013-03-06,77.67,0.976823591476895
2013-03-07,73.14,0.9799898878144165
2013-03-08,82.23,0.975836991893464
2013-03-09,105.82,0.975339868072356
2013-03-10,89.47,0.9415889846484864
2013-03-11,125.4,0.9540553204701285
2013-03-12,106.47,0.967982435519951
2013-03-13,95.13,0.975982305010404
2013-03-14,73.7,0.9806705650463959
2013-03-15,70.36,0.990811890997008
2013-03-16,78.85,1.009763780669419
2013-03-17,79.4,1.01593576410995
2013-03-18,87.06,1.0159357641099493
2013-03-19,85.84,0.9996530469539516
2013-03-20,61.75,0.9654509280616909
2013-03-21,55.58,0.9203885656929078
2013-03-22,49.16,0.8258279668592963
2013-03-23,53.94,0.6771802962890867
2013-03-24,40.75,0.5327237619337608
2013-03-25,29.56,0.43444620653001526
2013-03-26,36.36,0.3767874913402228
2013-03-27,25.56,0.32650915287919424
2013-03-28,24.01,0.26390214365467535
2013-03-29,37.22,0.18494358474508302
2013-03-30,25.56,0.06547325844454552
2013-03-31,25.56,-0.029515631681097446
2013-04-01,25.56,0.5415568429294564
2013-04-02,25.56,0.4557153533520944
2013-04-03,25.56,0.37799980961879454
2013-04-04,25.56,0.3000456184304558
2013-04-05,31.68,0.2451686361443442
2013-04-06,25.56,0.1883944065906758
2013-04-07,25.56,0.12077365020550596
2013-04-08,25.56,0.025004426498540875
2013-04-09,26.29,-0.05038430454813359
2013-04-10,22.48,-0.17319228491096528
2013-04-11,20.98,-0.27520213956718825
2013-04-12,19.91,-0.3649574474071822
2013-04-13,20.98,-0.42786491655534087
2013-04-14,20.25,-0.4876580364152465
2013-04-15,19.51,-0.5584647363251808
2013-04-16,18.43,-0.6312164129936791
2013-04-17,18.07,-0.7135378526092228
2013-04-18,18.07,-0.7944035427490315
2013-04-19,18.07,-0.8465241469294481
2013-04-20,15.11,-0.8948144594564963
2013-04-21,18.07,-0.9319122063422371
2013-04-22,18.07,-0.9747136274033986
2013-04-23,16.05,-1.0041865881006582
2013-04-24,17.0,-1.0191736482770786
2013-04-25,16.65,-1.0426923549711262
2013-04-26,14.49,-1.0559014916075093
2013-04-27,15.26,-1.0663423177654452
2013-04-28,15.26,-1.0925458083286768
2013-04-29,15.26,-1.1048361522631613
2013-04-30,14.89,-1.1175679939894676
2013-05-01,13.77,-0.041109798421991695
2013-05-02,13.77,-0.06459557655217565
2013-05-03,15.17,-0.08529254302992029
2013-05-04,13.77,-0.10877832116010383
2013-05-05,13.77,-0.1444551902280927
2013-05-06,15.12,-0.165251757121996
2013-05-07,15.43,-0.1854308014357162
2013-05-08,15.57,-0.2053309645841924
2013-05-09,15.57,-0.22668529380858332
2013-05-10,15.35,-0.24088831315279108
2013-05-11,15.57,-0.2516650781811453
2013-05-12,15.57,-0.2603103943037065
2013-05-13,15.57,-0.27108715933206035
2013-05-14,14.86,-0.2818240841939511
2013-05-15,13.77,-0.29325821196895147
2013-05-16,12.42,-0.30523018199120794
2013-05-17,14.11,-0.31311853495096437
2013-05-18,13.77,-0.3216841707405989
2013-05-19,13.77,-0.33024980653023317
2013-05-20,13.77,-0.3329190976832821
2013-05-21,14.37,-0.34028952847901406
2013-05-22,13.77,-0.34885516426864854
2013-05-23,13.77,-0.3533969432454779
2013-05-24,14.03,-0.3593132079652952
2013-05-25,13.77,-0.3650501919360271
2013-05-26,13.77,-0.36648443792871
2013-05-27,13.77,-0.3694525303302345
2013-05-28,13.17,-0.3736158277256615
2013-05-29,11.97,-0.38016953510889345
2013-05-30,10.17,-0.38957181439425964
2013-05-31,12.57,-0.3919622243820646
2013-06-01,11.97,1.1056371556663385
2013-06-02,11.97,1.0872659116116885
2013-06-03,11.97,1.0769320868309484
2013-06-04,12.32,1.068607616868685
2013-06-05,11.97,1.0505234235023895
2013-06-06,11.97,1.0306595158682994
2013-06-07,12.26,1.011656760299271
2013-06-08,11.97,0.9909891107377903
2013-06-09,11.97,0.9715844842050667
2013-06-10,11.97,0.950916834643586
2013-06-11,12.26,0.9319140790745578
2013-06-12,11.97,0.9112464295130766
2013-06-13,11.97,0.8946548997262216
2013-06-14,12.35,0.8865026601769703
2013-06-15,11.97,0.8839192039817855
2013-06-16,11.97,0.8716334345202384
2013-06-17,11.07,0.8561326973491281
2013-06-18,11.48,0.842985775822519
2013-06-19,10.17,0.8223181262610383
2013-06-20,10.17,0.7982058684393109
2013-06-21,11.39,0.7845422556736651
2013-06-22,11.52,0.7716249746977393
2013-06-23,11.97,0.7597984863375589
2013-06-24,11.97,0.7494646615568183
2013-06-25,10.23,0.7291414728213621
2013-06-26,11.97,0.7188076480406219
2013-06-27,11.97,0.7119184315201281
2013-06-28,11.62,0.7099090767016512
2013-06-29,11.97,0.7202429014823913
2013-06-30,11.97,0.7167982932221446
2013-07-01,11.97,2.666461178305181
2013-07-02,11.71,2.663538409286261
2013-07-03,5.67,2.5927174676739675
2013-07-04,6.6,2.528416549257727
2013-07-05,3.14,2.429154816807482
2013-07-06,7.98,2.384301553786362
2013-07-07,4.77,2.3001033232028587
2013-07-08,6.57,2.23939965896375
2013-07-09,5.36,2.1650938773673594
2013-07-10,4.77,2.0841556583818823
2013-07-11,4.77,1.9999574277983778
2013-07-12,5.04,1.922054392024856
2013-07-13,4.77,1.8411161730393775
2013-07-14,7.98,1.7919911706829144
2013-07-15,4.77,1.7110529516974364
2013-07-16,5.38,1.6369719984871172
2013-07-17,4.77,1.5661510568748243
2013-07-18,4.77,1.4907211333480799
2013-07-19,5.64,1.4397975039030502
2013-07-20,6.6,1.3996656369894174
2013-07-21,5.44,1.332779192133363
2013-07-22,4.77,1.2568996118344773
2013-07-23,5.92,1.1888890250480688
2013-07-24,6.57,1.128185360808961
2013-07-25,6.57,1.0870417661580096
2013-07-26,6.57,1.026338101918901
2013-07-27,6.43,0.9640606389772975
2013-07-28,6.57,0.9072914714944275
2013-07-29,6.57,0.8465878072553189
2013-07-30,6.37,0.7836358591555029
2013-07-31,6.57,0.7229321949163946
2013-08-01,6.57,1.192281775603012
2013-08-02,6.57,1.2060628404913256
2013-08-03,6.13,1.1988660621607616
2013-08-04,6.57,1.2513872316795562
2013-08-05,6.57,1.229796896687865
2013-08-06,5.94,1.2477122810426726
2013-08-07,6.57,1.2477122810426726
2013-08-08,6.57,1.2662401571702937
2013-08-09,8.36,1.3212112937803442
2013-08-10,6.57,1.3487734235569708
2013-08-11,7.92,1.3928728311995737
2013-08-12,8.37,1.4479970907528272
2013-08-13,5.91,1.4163006415097066
2013-08-14,8.36,1.4712717781197564
2013-08-15,6.0,1.4807654005983726
2013-08-16,4.94,1.4833684906328317
2013-08-17,2.38,1.4467721072071995
2013-08-18,4.06,1.422578682181049
2013-08-19,4.48,1.390116618221911
2013-08-20,2.18,1.3401985387375759
2013-08-21,3.67,1.3233550149851927
2013-08-22,3.0,1.278643115569776
2013-08-23,3.0,1.2239782248461324
2013-08-24,2.07,1.1550729004045657
2013-08-25,3.0,1.1004080096809226
2013-08-26,4.26,1.0671803310057668
2013-08-27,2.61,1.0065436454971883
2013-08-28,3.32,0.9567786889560566
2013-08-29,3.32,0.9100761912789941
2013-08-30,2.14,0.8422427274398518
2013-08-31,3.32,0.7924777708987196
2013-09-01,3.42,0.5529703360079025
2013-09-02,3.82,0.5252698589678196
2013-09-03,3.82,0.4922931005867695
2013-09-04,5.16,0.4753850171986666
2013-09-05,3.82,0.449962934374002
2013-09-06,3.82,0.41698617599295157
2013-09-07,5.06,0.39887893775462907
2013-09-08,3.82,0.3444373075546402
2013-09-09,3.42,0.30666392977270923
2013-09-10,5.61,0.2789634527326267
2013-09-11,5.01,0.23867184976523378
2013-09-12,4.61,0.22308283671237325
2013-09-13,5.05,0.18339081117009062
2013-09-14,5.01,0.17151917815291223
2013-09-15,4.41,0.16516365744674602
2013-09-16,4.21,0.18710819120577277
2013-09-17,3.79,0.18387047311017857
2013-09-18,3.42,0.17115943169784628
2013-09-19,3.42,0.18602895184057472
2013-09-20,3.03,0.17835436079916644
2013-09-21,3.24,0.1812323324396945
2013-09-22,3.03,0.18159207889476045
2013-09-23,2.63,0.18830734605599284
2013-09-24,3.04,0.18878700799608078
2013-09-25,3.42,0.17871410725423256
2013-09-26,3.03,0.1837505576251566
2013-09-27,3.26,0.1830310647150245
2013-09-28,3.03,0.17955351564938665
2013-09-29,3.42,0.19490269773220273
2013-09-30,3.03,0.1914251486665647
2013-10-01,3.03,0.24470990031917422
2013-10-02,2.65,0.22757619431551127
2013-10-03,3.03,0.21600728171474753
2013-10-04,3.03,0.18481515027218168
2013-10-05,3.01,0.1729533538081073
2013-10-06,3.03,0.16138444120734358
2013-10-07,2.63,0.1257990518151207
2013-10-08,3.63,0.12301665511367108
2013-10-09,2.63,0.11144774251290715
2013-10-10,2.63,0.06780804687964605
2013-10-11,3.03,0.038812544411909115
2013-10-12,3.01,0.01538183534707102
2013-10-13,2.63,-0.02005711211349686
2013-10-14,3.42,-0.04334137924667973
2013-10-15,3.63,-0.05476384991578823
2013-10-16,4.61,-0.048906172649578764
2013-10-17,4.21,-0.04275561152005865
2013-10-18,3.06,-0.048027521059647235
2013-10-19,3.42,-0.048027521059647235
2013-10-20,3.03,-0.048027521059647235
2013-10-21,3.03,-0.05110280162440729
2013-10-22,2.37,-0.06076796911365293
2013-10-23,2.63,-0.06076796911365313
2013-10-24,3.42,-0.0552031757107539
2013-10-25,3.82,-0.04934549844454443
2013-10-26,4.21,-0.03206535050922625
2013-10-27,4.21,-0.01815336700197858
2013-10-28,5.4,0.01655337080031299
2013-10-29,7.01,0.06912602426454344
2013-10-30,6.59,0.1212593519338084
2013-10-31,6.19,0.1675350023368637
2013-11-01,6.96,-0.21976690559597822
2013-11-02,5.8,-0.19064659473080092
2013-11-03,5.4,-0.16573138290752656
2013-11-04,5.8,-0.13640081709025403
2013-11-05,6.19,-0.10318053465922147
2013-11-06,7.76,-0.049250139446817255
2013-11-07,6.59,-0.018132406536736187
2013-11-08,7.18,0.029700595064908998
2013-11-09,7.38,0.07963614618750538
2013-11-10,6.19,0.11285642861853792
2013-11-11,5.6,0.14008444491485886
2013-11-12,4.67,0.1615304500285633
2013-11-13,4.81,0.17614316919917566
2013-11-14,4.21,0.18224056280993498
2013-11-15,3.74,0.17309447239379602
2013-11-16,4.21,0.17309447239379658
2013-11-17,4.61,0.18938923118116988
2013-11-18,5.01,0.20610449987273344
2013-11-19,3.93,0.21556597271701494
2013-11-20,4.61,0.23217611393253135
2013-11-21,4.61,0.255724668567187
2013-11-22,4.46,0.27496299668389285
2013-11-23,6.19,0.30408330754907015
2013-11-24,7.18,0.3394061395010544
2013-11-25,6.98,0.36852645036623144
2013-11-26,6.16,0.3890263081955077
2013-11-27,5.8,0.3932314072374107
2013-11-28,5.8,0.3805109826356547
2013-11-29,4.5,0.3585393401417123
2013-11-30,5.4,0.3502342695339538
2013-12-01,5.4,-0.5001269783446807
2013-12-02,6.09,-0.4991972326752639
2013-12-03,5.01,-0.5004475802996519
2013-12-04,4.27,-0.5053527902107126
2013-12-05,5.4,-0.5078855456549858
2013-12-06,5.4,-0.5154517517923081
2013-12-07,4.35,-0.5226332355836649
2013-12-08,5.6,-0.5276987464722113
2013-12-09,6.98,-0.5289811542920965
2013-12-10,14.79,-0.5014093861645658
2013-12-11,8.27,-0.4928493139668324
2013-12-12,8.57,-0.4803458377229523
2013-12-13,34.6,-0.38483851533700575
2013-12-14,37.58,-0.27785364296308745
2013-12-15,40.62,-0.15961564196967692
2013-12-16,63.95,0.031911965930169824
2013-12-17,75.46,0.25905845102732666
2013-12-18,44.68,0.3862412465644361
2013-12-19,38.59,0.4973618841574841
2013-12-20,32.93,0.5881563578053525
2013-12-21,32.51,0.6776043032423414
2013-12-22,51.78,0.8293131483347542
2013-12-23,62.43,1.0096196878106063
2013-12-24,45.7,1.1331155608655459
2013-12-25,45.56,1.2568037950934685
2013-12-26,41.13,1.3689182987469275
2013-12-27,68.01,1.5683647749345648
2013-12-28,71.06,1.7775896107488267
2013-12-29,67.33,1.9790238190572862
2013-12-30,101.49,2.287090237589196
2013-12-31,92.86,2.567488707407083
2014-01-01,63.87,0.17102647875552948
2014-01-02,48.23,0.22896038865922963
2014-01-03,40.62,0.2776854609637068
2014-01-04,41.22,0.3257000989264682
2014-01-05,68.52,0.410308807698369
2014-01-06,61.93,0.4874914669361079
2014-01-07,103.22,0.6183454300272508
2014-01-08,82.21,0.7191868932862833
2014-01-09,85.26,0.813647851891414
2014-01-10,98.67,0.9348238226293707
2014-01-11,68.01,1.0144997042738864
2014-01-12,54.32,1.0409332235543343
2014-01-13,48.74,1.0558925579949934
2014-01-14,51.43,1.0703827376816892
2014-01-15,40.12,1.0384400011475576
2014-01-16,83.74,1.0495388621841757
2014-01-17,125.67,1.1581012722512902
2014-01-18,124.31,1.2730039737076806
2014-01-19,133.44,1.4077318146244064
2014-01-20,120.25,1.5253422092322422
2014-01-21,122.79,1.6205270066006303
2014-01-22,96.8,1.66659800343983
2014-01-23,153.73,1.8114059693559963
2014-01-24,108.59,1.8958940383340215
2014-01-25,83.74,1.9530102785236707
2014-01-26,52.7,1.9324881091431612
2014-01-27,48.74,1.9025694402618425
2014-01-28,44.68,1.8722084254696438
2014-01-29,41.83,1.7922376465512087
2014-01-30,40.62,1.722212948416797
2014-01-31,44.17,1.6958062379794325
2014-02-01,93.65,0.49147227047939174
2014-02-02,128.88,0.5667954204577383
2014-02-03,83.74,0.6030829837602456
2014-02-04,55.84,0.5922615749484909
2014-02-05,49.38,0.5815511111797596
2014-02-06,44.47,0.5314124859675701
2014-02-07,199.34,0.6313739697310387
2014-02-08,67.05,0.6158331294737792
2014-02-09,39.49,0.5653275321962067
2014-02-10,35.88,0.5379070381014386
2014-02-11,34.19,0.5207276249010746
2014-02-12,39.97,0.5132431016140805
2014-02-13,32.57,0.4971475361417076
2014-02-14,32.57,0.49070418941231136
2014-02-15,32.59,0.44705158209991147
2014-02-16,29.55,0.3650205241357301
2014-02-17,32.57,0.28672746069800653
2014-02-18,32.67,0.20072798388724297
2014-02-19,27.46,0.12153882587125868
2014-02-20,26.14,0.03905545350090753
2014-02-21,24.88,-0.022322757992891074
2014-02-22,27.29,-0.13022961368360172
2014-02-23,24.27,-0.20219027543495202
2014-02-24,24.27,-0.2529433655008058
2014-02-25,26.84,-0.27501289482824814
2014-02-26,24.27,-0.295896165618755
2014-02-27,21.98,-0.3152688769773372
2014-02-28,18.05,-0.33556328561641585
2014-03-01,20.39,-0.5771089927202225
2014-03-02,17.97,-0.5971469067402858
2014-03-03,16.23,-0.6563581778636942
2014-03-04,15.2,-0.7433013101461668
2014-03-05,13.22,-0.7972354207070393
2014-03-06,13.92,-0.8292960831391406
2014-03-07,17.08,-0.8539993130188369
2014-03-08,16.12,-0.8756815596779511
2014-03-09,17.97,-1.0143944018847781
2014-03-10,17.97,-1.0519310744078585
2014-03-11,14.33,-1.0711735903141482
2014-03-12,14.65,-1.0874104191174285
2014-03-13,14.65,-1.1023547259858266
2014-03-14,17.97,-1.1191804553156508
2014-03-15,19.16,-1.1294365021480572
2014-03-16,20.9,-1.1383617867516502
2014-03-17,24.27,-1.1447249716618384
2014-03-18,42.02,-1.1351878423553423
2014-03-19,124.04,-1.0652310486372059
2014-03-20,106.28,-1.0089336879113715
2014-03-21,42.41,-0.9974998400258775
2014-03-22,36.72,-0.9894081938299893
2014-03-23,24.27,-0.9898747254159527
2014-03-24,31.03,-0.9870143514298827
2014-03-25,28.84,-0.9835191885645509
2014-03-26,29.63,-0.9794198290551029
2014-03-27,26.14,-0.9799551931701428
2014-03-28,29.55,-0.975917018130985
2014-03-29,27.89,-0.9713970153882913
2014-03-30,19.88,-0.9699974206304015
2014-03-31,17.97,-0.9718482508566821
2014-04-01,18.01,-0.8209650044948208
2014-04-02,17.08,-0.8199507528109069
2014-04-03,26.14,-0.8068967370202987
2014-04-04,41.45,-0.7732116487416092
2014-04-05,26.79,-0.7578546850098792
2014-04-06,24.27,-0.7492753090012438
2014-04-07,19.88,-0.7447887368465193
2014-04-08,22.42,-0.7394788309719118
2014-04-09,28.84,-0.7265083417905673
2014-04-10,35.88,-0.7007940785101648
2014-04-11,30.28,-0.6821437798989031
2014-04-12,31.59,-0.6619303404571392
2014-04-13,21.98,-0.6571454589836163
2014-04-14,19.88,-0.6562863281454775
2014-04-15,19.88,-0.6575034301661741
2014-04-16,19.88,-0.6627417418042699
2014-04-17,19.88,-0.6891600150770361
2014-04-18,23.18,-0.8095099266529707
2014-04-19,19.88,-0.9126056272296194
2014-04-20,19.88,-0.9394892630397105
2014-04-21,19.88,-0.9595833787539554
2014-04-22,19.88,-0.9648216903920513
2014-04-23,22.35,-0.9751789899407238
2014-04-24,19.88,-0.9858703959264503
2014-04-25,18.43,-0.9992346534086085
2014-04-26,17.97,-1.0089834019469328
2014-04-27,17.87,-1.0229204133211833
2014-04-28,16.23,-1.0368335599499303
2014-04-29,16.23,-1.0411888760043835
2014-04-30,13.12,-1.046976076789068
2014-05-01,13.22,0.09068147223898826
2014-05-02,11.91,0.08038278920819517
2014-05-03,9.67,0.047574412125572146
2014-05-04,10.72,-0.013640003645466567
2014-05-05,10.72,-0.04565157739882114
2014-05-06,9.31,-0.0754520219134564
2014-05-07,9.65,-0.09583026705949374
2014-05-08,9.65,-0.12126821334638492
2014-05-09,9.22,-0.1603514166469958
2014-05-10,8.67,-0.2145539631204732
2014-05-11,8.67,-0.2576012629841941
2014-05-12,8.67,-0.3032580937512689
2014-05-13,6.64,-0.333815501428709
2014-05-14,7.79,-0.35789888205584397
2014-05-15,7.79,-0.38198226268297886
2014-05-16,5.05,-0.41152374611560183
2014-05-17,7.79,-0.4356071267427367
2014-05-18,7.18,-0.46747925991346956
2014-05-19,6.99,-0.49315624719914114
2014-05-20,4.98,-0.522837171214386
2014-05-21,9.15,-0.5442114205220088
2014-05-22,9.65,-0.5645896656680459
2014-05-23,6.37,-0.5964219586723153
2014-05-24,9.65,-0.6168002038183527
2014-05-25,8.22,-0.6371386087979264
2014-05-26,7.79,-0.6574172535278052
2014-05-27,4.37,-0.6843093658906109
2014-05-28,5.17,-0.70634097794488
2014-05-29,5.03,-0.728651471164393
2014-05-30,4.33,-0.7461612243250644
2014-05-31,4.62,-0.7632924959043331
2014-06-01,5.62,0.009677627531145564
2014-06-02,6.27,-0.009841819276919518
2014-06-03,4.78,-0.04394344105336283
2014-06-04,5.62,-0.07322261126546069
2014-06-05,5.62,-0.09440695206597874
2014-06-06,4.84,-0.12202122828562392
2014-06-07,5.62,-0.14515751376694844
2014-06-08,5.62,-0.16582516332842914
2014-06-09,5.03,-0.1867224534405931
2014-06-10,4.34,-0.211581043052041
2014-06-11,4.37,-0.23626740225047635
2014-06-12,4.01,-0.2513662684578916
2014-06-13,3.58,-0.2755359364172901
2014-06-14,3.69,-0.29907409286230974
2014-06-15,3.38,-0.30866158585333014
2014-06-16,3.19,-0.335070249181889
2014-06-17,3.18,-0.35803430425020094
2014-06-18,2.61,-0.3831799445500028
2014-06-19,2.53,-0.39724542827934384
2014-06-20,2.27,-0.4367436029968406
2014-06-21,2.53,-0.477619621018436
2014-06-22,2.53,-0.49966511388401547
2014-06-23,2.93,-0.5382447263987798
2014-06-24,2.78,-0.5694758412916842
2014-06-25,2.85,-0.5978364493010497
2014-06-26,2.53,-0.6083999146324731
2014-06-27,2.06,-0.6262544674480859
2014-06-28,3.38,-0.6357271401637646
2014-06-29,4.25,-0.6361864212651308
2014-06-30,4.49,-0.636932753054851
2014-07-01,4.09,-0.0014648650036319386
2014-07-02,5.03,-0.015404224940019749
2014-07-03,5.03,-0.012593870114134962
2014-07-04,5.03,-0.019226307503222895
2014-07-05,3.57,-0.042271217075476854
2014-07-06,5.03,-0.04013534740780461
2014-07-07,4.25,-0.055536091853652575
2014-07-08,2.93,-0.08577550978017134
2014-07-09,3.19,-0.10645972129868231
2014-07-10,3.19,-0.11938735349775176
2014-07-11,3.35,-0.1308536011873609
2014-07-12,3.69,-0.1344508553644933
2014-07-13,3.58,-0.1344508553644933
2014-07-14,3.58,-0.13568741148788255
2014-07-15,3.11,-0.13872259469983794
2014-07-16,3.58,-0.13433844117145807
2014-07-17,3.58,-0.12984187345004253
2014-07-18,3.58,-0.11893769672560996
2014-07-19,3.26,-0.11073146063402695
2014-07-20,3.58,-0.09600520134639137
2014-07-21,2.53,-0.09600520134639137
2014-07-22,2.53,-0.09600520134639137
2014-07-23,2.99,-0.09533071618817898
2014-07-24,2.53,-0.09814107101406377
2014-07-25,2.53,-0.10173832519119617
2014-07-26,1.62,-0.1119680167574162
2014-07-27,1.57,-0.11747631221615025
2014-07-28,1.57,-0.13782328115555495
2014-07-29,2.7,-0.15524748107603964
2014-07-30,2.53,-0.17728066291097525
2014-07-31,2.53,-0.19481727702449544
2014-08-01,2.75,-0.014020770954020914
2014-08-02,2.53,-0.052301506754891536
2014-08-03,2.53,-0.09058224255576217
2014-08-04,3.58,-0.0904291196125587
2014-08-05,2.31,-0.13207856016390596
2014-08-06,2.53,-0.15841570639490465
2014-08-07,2.0,-0.1726561401128288
2014-08-08,3.18,-0.17280926305603203
2014-08-09,2.0,-0.19103089329724646
2014-08-10,2.0,-0.21170249062971652
2014-08-11,1.77,-0.24110209572478514
2014-08-12,1.44,-0.2738704055703304
2014-08-13,1.35,-0.30801682190470686
2014-08-14,2.0,-0.32501346860029334
2014-08-15,2.04,-0.34859440185362967
2014-08-16,1.57,-0.37937211343752947
2014-08-17,1.77,-0.40708736615735996
2014-08-18,1.77,-0.42990268469467874
2014-08-19,2.08,-0.4528711261752012
2014-08-20,1.57,-0.4675709287227353
2014-08-21,1.57,-0.4822707312702698
2014-08-22,2.0,-0.4974299026474143
2014-08-23,1.57,-0.5121297051949486
2014-08-24,1.39,-0.5295857207201456
2014-08-25,0.77,-0.5426011708924416
2014-08-26,1.07,-0.5502573180526158
2014-08-27,0.57,-0.565569612372964
2014-08-28,0.5,-0.5992566598777301
2014-08-29,1.48,-0.6153345689140958
2014-08-30,0.96,-0.6393748709970425
2014-08-31,1.23,-0.6626495583639717
2014-09-01,1.41,-0.5622436746967212
2014-09-02,2.19,-0.5663208011874692
2014-09-03,1.59,-0.5901839827068478
2014-09-04,2.23,-0.5911433065870237
2014-09-05,2.39,-0.5928221233773318
2014-09-06,1.86,-0.5945009401676399
2014-09-07,1.86,-0.6103297841905442
2014-09-08,2.04,-0.6098501222504562
2014-09-09,2.18,-0.6076916435200601
2014-09-10,1.86,-0.6066124041548621
2014-09-11,1.86,-0.601575953783938
2014-09-12,1.93,-0.5946208556526618
2014-09-13,1.86,-0.5962996724429699
2014-09-14,1.86,-0.598458151173366
2014-09-15,1.95,-0.5939013627425298
2014-09-16,1.07,-0.60229544669407
2014-09-17,1.23,-0.6087708828852582
2014-09-18,1.12,-0.6202827694473704
2014-09-19,1.0,-0.6271179520936245
2014-09-20,1.55,-0.6273577830636685
2014-09-21,1.55,-0.6327539798896586
2014-09-22,1.7,-0.6311950785843726
2014-09-23,1.84,-0.6257988817583825
2014-09-24,1.7,-0.6146467416513363
2014-09-25,1.55,-0.6088907983702802
2014-09-26,1.78,-0.5943810246826179
2014-09-27,1.55,-0.5817898987553076
2014-09-28,1.55,-0.5809504903601534
2014-09-29,1.55,-0.5738754767438553
2014-09-30,1.57,-0.5697983502531073
2014-10-01,1.86,-0.6726023595692388
2014-10-02,3.17,-0.6582510502670255
2014-10-03,3.3,-0.6332094799539797
2014-10-04,5.62,-0.583565665122854
2014-10-05,7.18,-0.5134199798599948
2014-10-06,5.07,-0.4664121197986632
2014-10-07,5.07,-0.4194042597373316
2014-10-08,5.25,-0.372396399676
2014-10-09,15.2,-0.18172900466087996
2014-10-10,15.2,0.013624532167208157
2014-10-11,7.27,0.09284961719269197
2014-10-12,8.45,0.1883297566319074
2014-10-13,3.39,0.21073537217515875
2014-10-14,1.7,0.208392301268675
2014-10-15,3.12,0.22552600727233815
2014-10-16,2.09,0.2404630843011722
2014-10-17,2.44,0.258182558031456
2014-10-18,1.87,0.26916570290559905
2014-10-19,2.04,0.28439566379774395
2014-10-20,2.55,0.2990398569632675
2014-10-21,3.75,0.3312570819274199
2014-10-22,4.42,0.37108928733764507
2014-10-23,3.75,0.3990596962837954
2014-10-24,5.07,0.44841062725161057
2014-10-25,5.68,0.5088911450252241
2014-10-26,5.07,0.557070540539798
2014-10-27,5.07,0.6086181004824417
2014-10-28,3.75,0.640835325446594
2014-10-29,3.13,0.6639731506481216
2014-10-30,3.17,0.6874038597129598
2014-10-31,2.66,0.6991192142453787
2014-11-01,2.54,0.10991285928920569
2014-11-02,2.66,0.10318470082216102
2014-11-03,2.66,0.07206696791207995
2014-11-04,2.6,0.02391858388229223
2014-11-05,2.66,-0.0014171378451726328
2014-11-06,2.04,-0.03327076308758648
2014-11-07,2.04,-0.06701668289885697
2014-11-08,1.66,-0.20935928546726854
2014-11-09,1.7,-0.35128137813148996
2014-11-10,1.7,-0.40983738228998723
2014-11-11,1.7,-0.4807984286220978
2014-11-12,1.64,-0.4991957369304229
2014-11-13,1.41,-0.5022444337358025
2014-11-14,1.07,-0.5237955663255549
2014-11-15,1.02,-0.5350442062626447
2014-11-16,1.91,-0.540615962493166
2014-11-17,3.45,-0.5240058212776497
2014-11-18,5.01,-0.4927829608915212
2014-11-19,4.23,-0.4751215449155292
2014-11-20,3.03,-0.4826907231909542
2014-11-21,2.44,-0.5035059634483734
2014-11-22,2.25,-0.5192750848555091
2014-11-23,2.04,-0.5511287100979232
2014-11-24,2.23,-0.5873976893343354
2014-11-25,2.15,-0.6180949123402263
2014-11-26,1.86,-0.6518408321514967
2014-11-27,1.7,-0.6733919647412487
2014-11-28,1.13,-0.6944174599507631
2014-11-29,1.17,-0.7154429551602773
2014-11-30,0.88,-0.7341556458967451
2014-12-01,1.41,-0.8294493064911864
2014-12-02,1.37,-0.8335850717103159
2014-12-03,1.41,-0.8375925961474572
2014-12-04,2.33,-0.8384582214258797
2014-12-05,2.0,-0.8405741943286902
2014-12-06,1.17,-0.8433634313369404
2014-12-07,1.17,-0.8461526683451905
2014-12-08,1.17,-0.8477236179245499
2014-12-09,1.7,-0.8477236179245496
2014-12-10,1.69,-0.8477556781200468
2014-12-11,1.55,-0.8482365810525039
2014-12-12,1.55,-0.848525122811978
2014-12-13,1.23,-0.8491022063309264
2014-12-14,1.07,-0.8491022063309264
2014-12-15,1.7,-0.8469221130371215
2014-12-16,1.7,-0.8475953771425612
2014-12-17,2.83,-0.8495831092633832
2014-12-18,3.92,-0.8530776705725702
2014-12-19,2.96,-0.8571493154007056
2014-12-20,4.23,-0.8533020919410502
2014-12-21,7.39,-0.8374322951699714
2014-12-22,2.54,-0.8365025495005548
2014-12-23,3.45,-0.8319820619354595
2014-12-24,3.63,-0.8274936345658616
2014-12-25,3.75,-0.822364003286321
2014-12-26,7.6,-0.8039614510709691
2014-12-27,7.35,-0.7858474406150914
2014-12-28,11.4,-0.7529216198395403
2014-12-29,14.35,-0.7106662821743247
2014-12-30,46.41,-0.5646962120758978
2014-12-31,91.96,-0.2743911418493976
2015-01-01,66.23,-1.007677925101938
2015-01-02,24.92,-0.9761641300571443
2015-01-03,33.33,-0.9346104232775351
2015-01-04,98.71,-0.8049762625466965
2015-01-05,93.22,-0.6815885622543411
2015-01-06,44.94,-0.6229174091658413
2015-01-07,86.05,-0.5091406791189631
2015-01-08,75.09,-0.4107656294236239
2015-01-09,39.3,-0.36035160000487887
2015-01-10,35.44,-0.3149240153996867
2015-01-11,56.53,-0.24122650576281857
2015-01-12,93.22,-0.11791923199971392
2015-01-13,50.63,-0.05148691883850649
2015-01-14,36.46,-0.004893149559177219
2015-01-15,28.69,0.03128538418216642
2015-01-16,20.26,0.05464929092954033
2015-01-17,20.35,0.07667275552273337
2015-01-18,15.2,0.09307976748990784
2015-01-19,15.2,0.10778441792127258
2015-01-20,20.35,0.12515654823945793
2015-01-21,24.05,0.15398945897588961
2015-01-22,25.32,0.18330492888782704
2015-01-23,26.6,0.21409488516936298
2015-01-24,25.32,0.2430082224350459
2015-01-25,23.63,0.26449551016656647
2015-01-26,21.94,0.28405256119606614
2015-01-27,23.33,0.30004403609544505
2015-01-28,28.69,0.3192659765863995
2015-01-29,39.24,0.30965500634092225
2015-01-30,51.05,0.25481751781338
2015-01-31,60.54,0.2471904019560904
2015-02-01,67.5,-0.43324612888087904
2015-02-02,59.48,-0.4109291067651554
2015-02-03,41.41,-0.45983026803593785
2015-02-04,29.96,-0.5138178328176078
2015-02-05,25.32,-0.5305620000799594
2015-02-06,23.93,-0.5835766621766609
2015-02-07,22.25,-0.6286715550483563
2015-02-08,27.57,-0.6386822116226368
2015-02-09,34.29,-0.6396636485416841
2015-02-10,44.56,-0.6498791267338528
2015-02-11,46.95,-0.6893670278158615
2015-02-12,70.41,-0.672486312808251
2015-02-13,88.47,-0.6280997613650855
2015-02-14,84.19,-0.5807347622284635
2015-02-15,99.45,-0.5131521625594716
2015-02-16,125.3,-0.42358537590382395
2015-02-17,140.07,-0.31701839496346434
2015-02-18,92.37,-0.2511597105783637
2015-02-19,62.27,-0.21538420132057684
2015-02-20,46.5,-0.19622484581396138
2015-02-21,36.06,-0.18705907841346908
2015-02-22,32.17,-0.1823055100316495
2015-02-23,32.17,-0.1764595596877604
2015-02-24,37.58,-0.16455430314801486
2015-02-25,32.88,-0.15521785106594913
2015-02-26,27.21,-0.1519065682434249
2015-02-27,25.09,-0.15497889251174643
2015-02-28,27.04,-0.1653906580877245
2015-03-01,26.5,-0.4279106619174007
2015-03-02,26.5,-0.45394465402591033
2015-03-03,26.15,-0.4855693771071933
2015-03-04,26.5,-0.5107926749843569
2015-03-05,33.23,-0.5170487870715369
2015-03-06,31.76,-0.5156721364900058
2015-03-07,42.79,-0.5023109777903683
2015-03-08,48.1,-0.48382561970392074
2015-03-09,37.13,-0.4724453082299306
2015-03-10,28.99,-0.4713592838822781
2015-03-11,27.57,-0.4764987793866608
2015-03-12,26.5,-0.49031117355468906
2015-03-13,26.14,-0.5062267838889454
2015-03-14,26.5,-0.539809410019517
2015-03-15,22.25,-0.5904548553022877
2015-03-16,20.84,-0.6389053077133948
2015-03-17,16.39,-0.7024300839922668
2015-03-18,18.01,-0.7844861067103045
2015-03-19,20.84,-0.8756739116191647
2015-03-20,17.46,-0.9329655199872158
2015-03-21,25.09,-0.9614010025546186
2015-03-22,32.52,-0.9720929887378431
2015-03-23,30.75,-0.9761541079533598
2015-03-24,25.86,-0.9809800330475049
2015-03-25,23.67,-0.9874808830158459
2015-03-26,24.38,-0.9975763206137404
2015-03-27,25.44,-1.0032664763507355
2015-03-28,24.98,-1.0049719934600767
2015-03-29,21.55,-1.007679406270421
2015-03-30,20.13,-1.012964214891743
2015-03-31,17.19,-1.0200845576217732
2015-04-01,17.3,-0.907247991864004
2015-04-02,23.67,-0.910207220306482
2015-04-03,44.67,-0.8885260990162308
2015-04-04,44.21,-0.8754243537346149
2015-04-05,31.82,-0.8753527594981034
2015-04-06,24.73,-0.8969026246880835
2015-04-07,25.37,-0.9240249079532133
2015-04-08,28.27,-0.9345969902114206
2015-04-09,38.9,-0.922772008814261
2015-04-10,49.24,-0.8969145570608353
2015-04-11,45.98,-0.8736702949400819
2015-04-12,54.12,-0.8402835159801902
2015-04-13,43.15,-0.8204161153482321
2015-04-14,40.56,-0.7985679408394538
2015-04-15,34.29,-0.7825188994881123
2015-04-16,34.29,-0.7611599522621629
2015-04-17,31.99,-0.7444784951549691
2015-04-18,26.86,-0.7372952067583093
2015-04-19,24.38,-0.7290380048139758
2015-04-20,25.09,-0.7290380048139757
2015-04-21,28.36,-0.7340018718787774
2015-04-22,27.21,-0.7382259318329594
2015-04-23,25.8,-0.738297526069471
2015-04-24,64.39,-0.6897089042236249
2015-04-25,65.1,-0.6411202823777784
2015-04-26,58.73,-0.6013974134866139
2015-04-27,53.77,-0.5670441123338165
2015-04-28,53.43,-0.5290037080006733
2015-04-29,40.31,-0.5049241797872849
2015-04-30,33.94,-0.4849374554278074
2015-05-01,30.37,1.064534501270728
2015-05-02,28.27,1.0736977395573142
2015-05-03,25.09,1.0346942165896293
2015-05-04,23.67,0.9937783656317014
2015-05-05,22.45,0.9751132476435913
2015-05-06,20.84,0.9673643352664566
2015-05-07,19.42,0.9555118857435905
2015-05-08,19.22,0.9374842104188946
2015-05-09,19.42,0.8986798882835275
2015-05-10,18.01,0.8364694683509033
2015-05-11,17.3,0.779338669642365
2015-05-12,15.71,0.7028256299493748
2015-05-13,16.59,0.649917888885958
2015-05-14,15.17,0.5993407975606516
2015-05-15,14.89,0.5606958360911383
2015-05-16,15.17,0.5226086369521123
2015-05-17,15.17,0.48910305695637957
2015-05-18,15.17,0.46581647965851314
2015-05-19,13.18,0.4435059864390001
2015-05-20,12.34,0.4181078803185724
2015-05-21,12.34,0.38619590698137624
2015-05-22,12.65,0.3571922657960092
2015-05-23,12.34,0.3303798337661304
2015-05-24,11.28,0.2245842717225293
2015-05-25,9.51,0.11384852903746451
2015-05-26,8.82,0.014427393628010104
2015-05-27,9.51,-0.07373889475552933
2015-05-28,8.09,-0.16405655212809353
2015-05-29,7.16,-0.23009162804120553
2015-05-30,6.67,-0.28441369501407315
2015-05-31,6.67,-0.3316242922732211
2015-06-01,6.67,1.1658603900829867
2015-06-02,3.98,1.0446675894599695
2015-06-03,3.98,0.9316270283862039
2015-06-04,3.98,0.8255905041082728
2015-06-05,3.77,0.7275913991042513
2015-06-06,3.52,0.6363092802077107
2015-06-07,3.52,0.5461753640645862
2015-06-08,3.52,0.4548932451680456
2015-06-09,3.31,0.3705003427919988
2015-06-10,3.1,0.2889779472994908
2015-06-11,3.1,0.2165837636966373
2015-06-12,3.1,0.1391374879787548
2015-06-13,2.99,0.06921194029574465
2015-06-14,3.1,0.001525387981894919
2015-06-15,2.92,-0.06880203066481072
2015-06-16,2.65,-0.14067952302862746
2015-06-17,2.74,-0.21204032415340718
2015-06-18,2.74,-0.27197650788170163
2015-06-19,2.52,-0.32835326307440776
2015-06-20,2.34,-0.38576340074518783
2015-06-21,2.41,-0.4445513817200668
2015-06-22,2.41,-0.5015596484271515
2015-06-23,2.6,-0.5513916479253885
2015-06-24,2.41,-0.5921528456716424
2015-06-25,2.41,-0.6289527439186124
2015-06-26,2.62,-0.66850832877378
2015-06-27,2.41,-0.701117286970783
2015-06-28,2.41,-0.7283871023644037
2015-06-29,2.41,-0.7528438210121561
2015-06-30,2.57,-0.7763819774571757
2015-07-01,2.74,-0.3014983462150767
2015-07-02,3.1,-0.31139079520219065
2015-07-03,2.54,-0.32757843899928635
2015-07-04,2.41,-0.3452274673058418
2015-07-05,2.41,-0.36051579755865437
2015-07-06,2.74,-0.36928410461541444
2015-07-07,2.48,-0.3809751806910945
2015-07-08,2.41,-0.3934531561180223
2015-07-09,2.41,-0.4035704334912071
2015-07-10,2.33,-0.4122263263549319
2015-07-11,2.41,-0.4199829056743734
2015-07-12,2.41,-0.4277394849938149
2015-07-13,2.41,-0.43425950818986747
2015-07-14,2.06,-0.4459505842655475
2015-07-15,2.34,-0.45247060746159995
2015-07-16,1.75,-0.4625878848347846
2015-07-17,1.93,-0.4716934344706509
2015-07-18,2.41,-0.47540310284081866
2015-07-19,2.41,-0.4766396589642079
2015-07-20,2.12,-0.47911277121098644
2015-07-21,1.96,-0.4841714098975787
2015-07-22,2.12,-0.4874314214956048
2015-07-23,2.12,-0.4928273027613035
2015-07-24,1.92,-0.4983355982200374
2015-07-25,2.12,-0.5015956098180635
2015-07-26,2.12,-0.5072163194698329
2015-07-27,2.12,-0.5104763310678591
2015-07-28,1.06,-0.5256522471276361
2015-07-29,1.44,-0.5365564238520686
2015-07-30,1.44,-0.5492592276650673
2015-07-31,1.33,-0.5651096288830566
2015-08-01,1.44,-0.5089141233876756
2015-08-02,1.26,-0.5285138601177213
2015-08-03,1.1,-0.5485729656773775
2015-08-04,1.99,-0.5550041292919236
2015-08-05,2.12,-0.5644977517705396
2015-08-06,2.12,-0.5700101777258649
2015-08-07,1.98,-0.5765944642836147
2015-08-08,2.12,-0.5810350296365155
2015-08-09,2.41,-0.5798100460908878
2015-08-10,2.19,-0.5831787508413645
2015-08-11,2.12,-0.5876193161942654
2015-08-12,1.72,-0.5981847992753057
2015-08-13,2.05,-0.5983379222185092
2015-08-14,2.41,-0.5972660616160848
2015-08-15,2.25,-0.5896099144559106
2015-08-16,2.74,-0.5772069560564286
2015-08-17,2.74,-0.5721538989307138
2015-08-18,2.31,-0.5736851283627487
2015-08-19,2.41,-0.5692445630098475
2015-08-20,2.41,-0.5623540305656909
2015-08-21,1.41,-0.573225759533138
2015-08-22,0.99,-0.5905286521151315
2015-08-23,1.1,-0.6030847334578171
2015-08-24,1.87,-0.6069128070379043
2015-08-25,1.94,-0.6096690200155669
2015-08-26,2.12,-0.6096690200155669
2015-08-27,2.12,-0.5934379880359977
2015-08-28,1.9,-0.5863943326486375
2015-08-29,2.12,-0.5759819725108009
2015-08-30,2.12,-0.5638852599977258
2015-08-31,2.12,-0.5534728998598888
2015-09-01,1.9,-0.455638808512161
2015-09-02,1.09,-0.4557587239971828
2015-09-03,1.24,-0.4647523853738331
2015-09-04,1.94,-0.466910864104229
2015-09-05,2.47,-0.46271382212845896
2015-09-06,2.6,-0.45527906205709484
2015-09-07,2.6,-0.4495231187760389
2015-09-08,2.84,-0.4443667529200927
2015-09-09,2.86,-0.43633241542361845
2015-09-10,2.6,-0.43057647214256234
2015-09-11,2.83,-0.4172658533051202
2015-09-12,2.29,-0.414387881664592
2015-09-13,1.92,-0.4202637404306701
2015-09-14,1.92,-0.42422095143639627
2015-09-15,1.33,-0.44112903482449867
2015-09-16,1.34,-0.4579172027275789
2015-09-17,1.31,-0.4699087512297792
2015-09-18,1.51,-0.48070114488175947
2015-09-19,1.7,-0.4892151443183216
2015-09-20,2.13,-0.4805812293967374
2015-09-21,2.13,-0.46691086410422916
2015-09-22,2.36,-0.4518015129914568
2015-09-23,2.86,-0.4399298799742786
2015-09-24,3.15,-0.4254201062866163
2015-09-25,2.96,-0.41534720554476795
2015-09-26,2.86,-0.4064734596531399
2015-09-27,2.6,-0.3980793757015997
2015-09-28,2.86,-0.38920562980997153
2015-09-29,2.74,-0.38177086973860724
2015-09-30,2.6,-0.37601492645755114
2015-10-01,2.6,-0.4322911497229927
2015-10-02,1.58,-0.42511549507188623
2015-10-03,2.13,-0.4120821631545697
2015-10-04,2.53,-0.4034420891869106
2015-10-05,2.53,-0.4025634375969791
2015-10-06,2.08,-0.4101784180430516
2015-10-07,2.34,-0.4139859082660878
2015-10-08,1.24,-0.43741661733092607
2015-10-09,1.18,-0.46201886184900615
2015-10-10,1.29,-0.4812027548958424
2015-10-11,1.57,-0.49965443828440237
2015-10-12,1.57,-0.5101982573635795
2015-10-13,1.52,-0.516055934629789
2015-10-14,1.42,-0.5233780312125511
2015-10-15,1.06,-0.5273319633672425
2015-10-16,0.97,-0.5327503148384861
2015-10-17,0.93,-0.5383151082413853
2015-10-18,0.95,-0.5465158564140785
2015-10-19,1.03,-0.5563274658349796
2015-10-20,1.97,-0.5586705367414635
2015-10-21,2.13,-0.5586705367414635
2015-10-22,2.13,-0.5620387011695339
2015-10-23,2.22,-0.5714109847954691
2015-10-24,2.13,-0.5863480618243034
2015-10-25,2.13,-0.5985027421516882
2015-10-26,2.6,-0.6023102323747244
2015-10-27,3.31,-0.5919128552272024
2015-10-28,3.72,-0.579318849104852
2015-10-29,3.82,-0.5635031204860863
2015-10-30,3.82,-0.5456372048241472
2015-10-31,3.52,-0.5321645471118654
2015-11-01,2.41,-0.7586503478158292
2015-11-02,2.86,-0.7509760420643565
2015-11-03,2.73,-0.7488734925434051
2015-11-04,2.42,-0.7500298947799284
2015-11-05,2.35,-0.747191452926644
2015-11-06,2.35,-0.7470863254505963
2015-11-07,1.52,-0.7441427561212643
2015-11-08,1.74,-0.7382556174626005
2015-11-09,1.74,-0.7335248810404597
2015-11-10,2.01,-0.7288992720943664
2015-11-11,2.66,-0.7174403772051812
2015-11-12,3.08,-0.70104049094176
2015-11-13,4.84,-0.6650868941334905
2015-11-14,27.11,-0.3912298190295672
2015-11-15,20.96,-0.18107999441047185
2015-11-16,20.12,0.020659632124817733
2015-11-17,18.45,0.2046327152080676
2015-11-18,12.75,0.3278421171358212
2015-11-19,4.73,0.35685730052495107
2015-11-20,4.41,0.38082636506379747
2015-11-21,4.11,0.40164160532121657
2015-11-22,3.47,0.4147825398271625
2015-11-23,3.15,0.42550554238401506
2015-11-24,3.02,0.4348618877522491
2015-11-25,2.86,0.43759520212948566
2015-11-26,2.6,0.4301311513301082
2015-11-27,3.16,0.4242440126714443
2015-11-28,2.86,0.41415177497087746
2015-11-29,2.86,0.40405953727031085
2015-11-30,2.86,0.3971211238511708
2015-12-01,2.16,-0.48162824554283734
2015-12-02,2.6,-0.48246181062576277
2015-12-03,2.66,-0.4826862319942426
2015-12-04,2.29,-0.4831030145357053
2015-12-05,2.73,-0.4818847271068144
2015-12-06,2.6,-0.4810832222193862
2015-12-07,2.6,-0.4776207211056963
2015-12-08,2.64,-0.47473530351095466
2015-12-09,3.15,-0.47021481594585957
2015-12-10,2.86,-0.4674896993286036
2015-12-11,3.3,-0.46543784681678735
2015-12-12,2.86,-0.46614317111772413
2015-12-13,2.73,-0.47290787236761833
2015-12-14,2.29,-0.5524812775914918
2015-12-15,1.8,-0.6139086121639903
2015-12-16,1.83,-0.6725467097282386
2015-12-17,2.02,-0.7252216109300211
2015-12-18,1.86,-0.7601351638263942
2015-12-19,2.93,-0.7659059990158773
2015-12-20,3.73,-0.7680860923096821
2015-12-21,4.2,-0.7677975505502079
2015-12-22,7.92,-0.7535307635539856
2015-12-23,16.77,-0.7098647772868965
2015-12-24,18.45,-0.6603958956348269
2015-12-25,20.12,-0.6050599982067828
2015-12-26,18.49,-0.5541163475618454
2015-12-27,22.63,-0.49169514692893573
2015-12-28,21.79,-0.4310051968528712
2015-12-29,17.55,-0.3839087696675891
2015-12-30,16.77,-0.3393130377310832
2015-12-31,14.26,-0.30052020117955747
2016-01-01,13.42,-1.0910400226704509
2016-01-02,4.97,-1.087943601294293
2016-01-03,4.62,-1.0848203710750515
2016-01-04,4.2,-1.0828499211084055
2016-01-05,3.87,-1.0811475595725955
2016-01-06,3.82,-1.0795122201444949
2016-01-07,4.2,-1.0774211303839725
2016-01-08,4.73,-1.0753032317803666
2016-01-09,4.2,-1.0735070392937642
2016-01-10,4.62,-1.0717376556502454
2016-01-11,4.62,-1.069378477458887
2016-01-12,4.12,-1.0675152628645752
2016-01-13,4.62,-1.0643920326453338
2016-01-14,5.07,-1.060008786801162
2016-01-15,4.44,-1.05651023277875
2016-01-16,4.2,-1.0535880688826356
2016-01-17,3.91,-1.0508401624665644
2016-01-18,3.47,-1.0501163237033069
2016-01-19,3.59,-1.0503039856048921
2016-01-20,16.77,-1.0334546277268377
2016-01-21,18.45,-1.0193397718433124
2016-01-22,7.74,-1.0314439644955662
2016-01-23,5.07,-1.0493790805185073
2016-01-24,4.01,-1.0709736036223623
2016-01-25,3.47,-1.09110704477816
2016-01-26,2.67,-1.1178622701756116
2016-01-27,3.15,-1.1428481119295442
2016-01-28,3.15,-1.1621504789497497
2016-01-29,3.15,-1.1804073010896943
2016-01-30,4.74,-1.1931683103974968
2016-01-31,3.47,-1.206505709831597
2016-02-01,2.53,-1.3971964023007983
2016-02-02,3.56,-1.3981010311131374
2016-02-03,12.45,-1.3910602879982341
2016-02-04,5.31,-1.3898313582909056
2016-02-05,4.3,-1.3894217150551293
2016-02-06,3.59,-1.3899423033339282
2016-02-07,4.73,-1.3899423033339282
2016-02-08,49.82,-1.3510091274670333
2016-02-09,39.7,-1.3210710343190568
2016-02-10,35.6,-1.2946319771433354
2016-02-11,65.72,-1.2420610952187245
2016-02-12,53.68,-1.200192142828767
2016-02-13,37.27,-1.1727119090954476
2016-02-14,28.49,-1.152187076136245
2016-02-15,20.54,-1.1382421376516973
2016-02-16,17.92,-1.1262856757074797
2016-02-17,20.12,-1.1120761759664932
2016-02-18,35.18,-1.085116530511973
2016-02-19,60.28,-1.0479840780356773
2016-02-20,122.62,-0.9590829616381659
2016-02-21,166.73,-0.8233971740213826
2016-02-22,134.33,-0.713083664320487
2016-02-23,130.57,-0.6050743978208322
2016-02-24,128.06,-0.49874637543467554
2016-02-25,180.36,-0.34710157009077836
2016-02-26,149.81,-0.2219384930929955
2016-02-27,94.72,-0.14379051163460937
2016-02-28,91.24,-0.06861244363560023
2016-02-29,72.0,-0.01121118522246206
2016-03-01,56.32,-0.230544856878564
2016-03-02,34.76,-0.20589516341037165
2016-03-03,31.0,-0.18490889010080935
2016-03-04,27.85,-0.17313087956993245
2016-03-05,21.79,-0.16052687869013701
2016-03-06,20.12,-0.1484276496902363
2016-03-07,18.45,-0.1370626343338187
2016-03-08,23.88,-0.12241660175808543
2016-03-09,23.88,-0.14225566624970523
2016-03-10,42.29,-0.14027481902405756
2016-03-11,47.51,-0.1311659810095939
2016-03-12,26.81,-0.16092457774702376
2016-03-13,23.47,-0.18402936334038672
2016-03-14,28.49,-0.19074435895474368
2016-03-15,32.95,-0.18733332473606124
2016-03-16,23.05,-0.1854136619807039
2016-03-17,19.7,-0.1840523075167455
2016-03-18,18.45,-0.18532953333405505
2016-03-19,17.14,-0.19912663138451056
2016-03-20,17.61,-0.23176089822558335
2016-03-21,16.77,-0.31271560047839597
2016-03-22,15.68,-0.42823952844521085
2016-03-23,16.77,-0.5181501075367617
2016-03-24,16.77,-0.60518501652467
2016-03-25,15.1,-0.6915774885745305
2016-03-26,9.82,-0.8220074831158123
2016-03-27,5.07,-0.9327054859884821
2016-03-28,4.62,-1.0016144956528983
2016-03-29,5.05,-1.0675331143318771
2016-03-30,5.07,-1.1187215717884738
2016-03-31,4.62,-1.1582620357135605
2016-04-01,3.91,-1.1486637573809888
2016-04-02,3.51,-1.1814658500760362
2016-04-03,3.91,-1.2100319504441492
2016-04-04,4.3,-1.2309016703872693
2016-04-05,4.48,-1.249563901371283
2016-04-06,20.54,-1.2470700354661304
2016-04-07,22.21,-1.249062741715702
2016-04-08,21.39,-1.252033902530932
2016-04-09,35.18,-1.2605178195575517
2016-04-10,28.49,-1.2832131925317167
2016-04-11,23.05,-1.2876997646864414
2016-04-12,28.01,-1.2822824674570665
2016-04-13,22.63,-1.2892748378896957
2016-04-14,19.28,-1.3055863914415797
2016-04-15,16.77,-1.3130799215297897
2016-04-16,12.64,-1.3215041766926503
2016-04-17,18.45,-1.3215041766926503
2016-04-18,32.25,-1.3034743614644886
2016-04-19,31.03,-1.2874611172314028
2016-04-20,31.83,-1.269490963867001
2016-04-21,27.23,-1.2557090733385252
2016-04-22,22.66,-1.2486809057876405
2016-04-23,21.79,-1.2426908546661732
2016-04-24,20.12,-1.2367008035447058
2016-04-25,18.86,-1.2259139385769637
2016-04-26,8.91,-1.221331907440224
2016-04-27,13.42,-1.2108314194185283
2016-04-28,13.42,-1.2008440234251652
2016-04-29,5.19,-1.2007008349521424
2016-04-30,5.07,-1.2001638781783055
2016-05-01,4.95,-0.15343914776559336
2016-05-02,4.62,-0.15122801852687362
2016-05-03,3.92,-0.15120809844364166
2016-05-04,3.91,-0.1519849816896784
2016-05-05,4.2,-0.15254274402016627
2016-05-06,5.33,-0.18284119061559417
2016-05-07,4.84,-0.217442375189071
2016-05-08,4.62,-0.25084835476864514
2016-05-09,4.62,-0.31172412912474473
2016-05-10,3.72,-0.3610661752896855
2016-05-11,4.62,-0.3977788886857233
2016-05-12,4.62,-0.4443719633646883
2016-05-13,4.2,-0.4810846767607261
2016-05-14,2.69,-0.5141320948421296
2016-05-15,3.47,-0.5406258055403012
2016-05-16,2.66,-0.5605060486055459
2016-05-17,1.6,-0.5940713888509738
2016-05-18,2.86,-0.6526165134689635
2016-05-19,2.6,-0.7092493100967093
2016-05-20,2.6,-0.7674757133829917
2016-05-21,2.7,-0.8163396775503714
2016-05-22,2.86,-0.8557814423491532
2016-05-23,3.01,-0.8931913586583009
2016-05-24,2.48,-0.9283303854790338
2016-05-25,2.86,-0.9602025186497666
2016-05-26,2.6,-0.9727720911689743
2016-05-27,2.29,-0.9949431438058652
2016-05-28,2.6,-1.0164966738625734
2016-05-29,2.47,-1.0219149365015978
2016-05-30,2.35,-1.0273331991406225
2016-05-31,2.24,-1.0327315416964151
2016-06-01,1.83,-0.7467583464190533
2016-06-02,1.61,-0.7600200882210035
2016-06-03,1.61,-0.7732244198852829
2016-06-04,1.78,-0.7871176732016117
2016-06-05,1.38,-0.8097946775815699
2016-06-06,1.42,-0.8294289446649767
2016-06-07,1.8,-0.8456186034881367
2016-06-08,1.74,-0.8621527231373214
2016-06-09,1.74,-0.8735199303961357
2016-06-10,1.69,-0.8903411007336745
2016-06-11,1.74,-0.9068752203828591
2016-06-12,1.74,-0.920998114249871
2016-06-13,1.57,-0.9274280496689984
2016-06-14,1.59,-0.938221155551105
2016-06-15,0.95,-0.9480382890928084
2016-06-16,0.93,-0.9518847683167506
2016-06-17,0.86,-0.9633667958509068
2016-06-18,1.6,-0.9691078096179848
2016-06-19,1.57,-0.975021053798075
2016-06-20,1.57,-0.9815083993548733
2016-06-21,1.81,-0.9875364638103051
2016-06-22,1.92,-0.9937941688164201
2016-06-23,1.92,-0.9970091365259839
2016-06-24,1.84,-1.0028649705684034
2016-06-25,1.92,-1.0067688599300166
2016-06-26,1.83,-1.0094097262628725
2016-06-27,1.57,-1.0153229704429627
2016-06-28,1.25,-1.0223270072387978
2016-06-29,1.28,-1.0284698919695714
2016-06-30,1.15,-1.0347275969756864
2016-07-01,0.64,-0.7765607259826174
2016-07-02,0.75,-0.7862283465836607
2016-07-03,1.92,-0.7827435065995636
2016-07-04,1.92,-0.7811697078970681
2016-07-05,1.03,-0.7851042046533068
2016-07-06,1.15,-0.7881393878652622
2016-07-07,1.28,-0.7939849259031022
2016-07-08,1.15,-0.8006173632921899
2016-07-09,1.28,-0.8057884161718177
2016-07-10,1.28,-0.8103973980862685
2016-07-11,1.28,-0.8155684509658963
2016-07-12,1.04,-0.8234374444783733
2016-07-13,1.18,-0.8278215980067534
2016-07-14,1.15,-0.8327678225003103
2016-07-15,0.81,-0.8343416212028059
2016-07-16,0.47,-0.8395126740824337
2016-07-17,0.6,-0.8424354431013537
2016-07-18,0.6,-0.853676862404892
2016-07-19,0.46,-0.8661548378318199
2016-07-20,0.55,-0.8776210855214294
2016-07-21,1.01,-0.8866142209642601
2016-07-22,1.03,-0.8966190841444095
2016-07-23,1.15,-0.9052749770081342
2016-07-24,1.15,-0.9130315563275757
2016-07-25,1.15,-0.9216874491913005
2016-07-26,1.37,-0.9268585020709283
2016-07-27,1.28,-0.9301185136689546
2016-07-28,1.28,-0.9297812710898483
2016-07-29,1.03,-0.9325916259157331
2016-07-30,0.83,-0.9361888800928654
2016-07-31,0.83,-0.9340530104251931
2016-08-01,0.6,-0.9883420585577783
2016-08-02,0.45,-1.0108511312086903
2016-08-03,0.46,-1.0332070809163987
2016-08-04,0.43,-1.0423944575086077
2016-08-05,0.38,-1.0541849241352756
2016-08-06,0.41,-1.0675066201939787
2016-08-07,0.55,-1.0766939967861877
2016-08-08,0.75,-1.0848095127759723
2016-08-09,0.8,-1.0921594140497395
2016-08-10,0.75,-1.100274930039524
2016-08-11,0.83,-1.103490511846797
2016-08-12,0.84,-1.1086966919157155
2016-08-13,0.71,-1.1154341014166687
2016-08-14,0.67,-1.1175778226215174
2016-08-15,0.54,-1.1165059620190931
2016-08-16,0.4,-1.1195684208831627
2016-08-17,0.38,-1.1229371256336393
2016-08-18,0.38,-1.124162109179267
2016-08-19,0.38,-1.1267651992137262
2016-08-20,0.37,-1.1365650675787493
2016-08-21,0.3,-1.1477430424326034
2016-08-22,0.34,-1.1601460008320854
2016-08-23,0.39,-1.17178334451555
2016-08-24,0.3,-1.1847987946878462
2016-08-25,0.3,-1.2011829496106188
2016-08-26,0.39,-1.2148108915557287
2016-08-27,0.3,-1.22981693998967
2016-08-28,0.43,-1.239004316581879
2016-08-29,0.54,-1.2434448819347796
2016-08-30,0.66,-1.246047971969239
2016-08-31,0.6,-1.246047971969239
2016-09-01,0.74,-1.0022135892424484
2016-09-02,0.75,-0.9987360401768104
2016-09-03,0.45,-0.9984962092067664
2016-09-04,0.35,-0.9988559556618324
2016-09-05,0.35,-0.9995754485719643
2016-09-06,0.44,-1.0008945189072063
2016-09-07,0.35,-1.0056911383080867
2016-09-08,0.31,-1.0115669970741648
2016-09-09,0.42,-1.0155242080798907
2016-09-10,0.55,-1.0188818416605068
2016-09-11,0.74,-1.020080996510727
2016-09-12,0.83,-1.0186420106904628
2016-09-13,0.81,-1.0169631939001549
2016-09-14,0.83,-1.0134856448345166
2016-09-15,0.5,-1.0122864899842967
2016-09-16,0.4,-1.0120466590142527
2016-09-17,0.49,-1.0107275886790106
2016-09-18,0.35,-1.0110873351340766
2016-09-19,0.35,-1.0113271661041208
2016-09-20,0.41,-1.0100080957688786
2016-09-21,0.35,-1.0098881802838566
2016-09-22,0.35,-1.0103678422239446
2016-09-23,0.4,-1.0091686873737247
2016-09-24,0.35,-1.0085691099486147
2016-09-25,0.51,-1.0071301241283506
2016-09-26,0.74,-1.0018538427873824
2016-09-27,0.8,-0.9974169698415684
2016-09-28,0.74,-0.9950186601411284
2016-09-29,0.83,-0.9929800968957543
2016-09-30,0.87,-0.9897423788001602
2016-10-01,0.56,-1.1946678459201636
2016-10-02,0.51,-1.1981824522798894
2016-10-03,0.45,-1.1981824522798894
2016-10-04,0.45,-1.196718032963337
2016-10-05,0.43,-1.1955464975100951
2016-10-06,0.4,-1.196132265236716
2016-10-07,0.43,-1.1949607297834741
2016-10-08,0.4,-1.193642752398577
2016-10-09,0.4,-1.1939356362618874
2016-10-10,0.47,-1.1951071717151291
2016-10-11,1.33,-1.18646709774747
2016-10-12,2.22,-1.166111669247392
2016-10-13,1.84,-1.1510281502869024
2016-10-14,1.12,-1.1467813342689006
2016-10-15,0.72,-1.1435596117724853
2016-10-16,0.62,-1.1403378892760703
2016-10-17,0.58,-1.139019911891173
2016-10-18,0.56,-1.135944631326413
2016-10-19,0.51,-1.1336015604199292
2016-10-20,0.51,-1.132137141103377
2016-10-21,0.83,-1.1251079283839254
2016-10-22,0.93,-1.1166142963479215
2016-10-23,0.93,-1.1088528739701937
2016-10-24,0.93,-1.10035924193419
2016-10-25,1.73,-1.0824933262722511
2016-10-26,2.55,-1.0559873366426529
2016-10-27,1.74,-1.0422217950670605
2016-10-28,1.56,-1.030213556671331
2016-10-29,3.15,-0.9962390285273156
2016-10-30,4.77,-0.9391266751817727
2016-10-31,6.72,-0.8489184452821458
2016-11-01,2.88,-0.9698514471954003
2016-11-02,1.64,-0.9573412775457391
2016-11-03,1.17,-0.9497720992703139
2016-11-04,0.91,-0.9447259804200306
2016-11-05,0.93,-0.9391542241895094
2016-11-06,0.93,-0.9338978503871308
2016-11-07,0.93,-0.9283260941566095
2016-11-08,0.68,-0.9253825248272776
2016-11-09,0.83,-0.9215979356895648
2016-11-10,0.83,-0.9268543094919434
2016-11-11,0.67,-0.943149068279317
2016-11-12,0.83,-0.9537669433601218
2016-11-13,0.93,-0.9557643654050255
2016-11-14,0.93,-0.9535566884080267
2016-11-15,0.64,-0.9533464334559315
2016-11-16,0.58,-0.9533464334559315
2016-11-17,0.53,-0.9536618158840742
2016-11-18,0.51,-0.9536618158840742
2016-11-19,0.42,-0.9546079631685023
2016-11-20,0.62,-0.9568156401655014
2016-11-21,0.58,-0.9604951018271662
2016-11-22,0.44,-0.9656463481534973
2016-11-23,0.51,-0.9700617021474953
2016-11-24,0.51,-0.9828872542252991
2016-11-25,0.63,-1.0030717296264329
2016-11-26,0.83,-1.0126383299467616
2016-11-27,1.05,-1.017999831225188
2016-11-28,2.41,-1.0257792644527082
2016-11-29,3.41,-1.0400766011951779
2016-11-30,4.3,-1.06551745039869
2016-12-01,4.3,-0.9223276928463683
2016-12-02,4.5,-0.9131584769341894
2016-12-03,4.77,-0.9016168065552231
2016-12-04,4.77,-0.8892415710933314
2016-12-05,4.77,-0.8769304560224339
2016-12-06,5.5,-0.8622789466802462
2016-12-07,6.26,-0.8451908624802766
2016-12-08,7.19,-0.8243196752116458
2016-12-09,7.42,-0.8031920063790381
2016-12-10,7.19,-0.7828017220428642
2016-12-11,7.19,-0.7618984745787363
2016-12-12,6.03,-0.7452271729202292
2016-12-13,7.86,-0.7230094574407192
2016-12-14,7.19,-0.7029397750595167
2016-12-15,7.19,-0.6819403470088973
2016-12-16,7.19,-0.6607485577852953
2016-12-17,6.67,-0.6410635977500584
2016-12-18,7.19,-0.6196473871579763
2016-12-19,7.19,-0.5979426348064202
2016-12-20,7.88,-0.5746669328755047
2016-12-21,6.72,-0.5549819728402677
2016-12-22,6.26,-0.5363229390609389
2016-12-23,5.07,-0.5217034899142482
2016-12-24,5.33,-0.5062504756846322
2016-12-25,5.33,-0.49118218380098166
2016-12-26,5.33,-0.47675509582727377
2016-12-27,6.18,-0.46030821553724677
2016-12-28,7.19,-0.4449834420896192
2016-12-29,7.19,-0.43286468819170465
2016-12-30,8.1,-0.4206818139027958
2016-12-31,7.19,-0.41141641740412555
2017-01-01,9.42,-1.145314525493237
2017-01-02,11.2,-1.1366954824418538
2017-01-03,13.27,-1.1253017241313157
2017-01-04,11.2,-1.1166826810799322
2017-01-05,9.42,-1.111428147835543
2017-01-06,11.2,-1.1048063635938892
2017-01-07,26.09,-1.0794720068798693
2017-01-08,23.73,-1.0576093953451782
2017-01-09,27.9,-1.029848838332091
2017-01-10,29.98,-0.9993001616383074
2017-01-11,35.42,-0.9599045667269297
2017-01-12,24.98,-0.9369561970473518
2017-01-13,25.89,-0.9118899287641683
2017-01-14,25.81,-0.8869308958533191
2017-01-15,26.23,-0.8614088772377141
2017-01-16,18.67,-0.8453235713875429
2017-01-17,16.92,-0.8322810692273622
2017-01-18,15.11,-0.821664767366249
2017-01-19,11.2,-0.8172144994143683
2017-01-20,13.65,-0.8079252352858947
2017-01-21,9.42,-0.8036894380786829
2017-01-22,7.92,-0.799869177939267
2017-01-23,7.58,-0.79685318309236
2017-01-24,8.38,-0.7927648345221081
2017-01-25,10.73,-0.7855264468895311
2017-01-26,36.26,-0.7452059468917684
2017-01-27,40.02,-0.701199230970008
2017-01-28,34.11,-0.6651145281794573
2017-01-29,45.03,-0.615611999425555
2017-01-30,36.67,-0.5760957647203011
2017-01-31,25.4,-0.5546754990964896
2017-02-01,16.45,-0.9756308415167083
2017-02-02,13.3,-0.9756052388144724
2017-02-03,9.42,-0.9771243324804756
2017-02-04,7.92,-0.9784044675922763
2017-02-05,5.56,-0.9832177756126463
2017-02-06,4.65,-1.0015151734773162
2017-02-07,4.65,-1.0177984920994194
2017-02-08,5.56,-1.0368639710311696
2017-02-09,5.56,-1.057704570651283
2017-02-10,4.45,-1.084135093592926
2017-02-11,6.08,-1.1002647960016132
2017-02-12,6.64,-1.1166931966030542
2017-02-13,6.64,-1.1330533233318656
2017-02-14,6.64,-1.1497718878919814
2017-02-15,6.64,-1.1600385714886219
2017-02-16,6.64,-1.1688117641214952
2017-02-17,7.92,-1.1749478784240595
2017-02-18,49.62,-1.142159351093807
2017-02-19,85.55,-1.0807982080681657
2017-02-20,102.25,-1.0015749131158667
2017-02-21,98.91,-0.9239219172340432
2017-02-22,102.25,-0.843128323211269
2017-02-23,87.22,-0.7758444217350302
2017-02-24,76.36,-0.7198342434767153
2017-02-25,70.51,-0.6906044917572687
2017-02-26,134.0,-0.6103997598859227
2017-02-27,115.62,-0.540837217910679
2017-02-28,140.68,-0.4592072689481948
2017-03-01,105.18,-0.6200451947464193
2017-03-02,105.18,-0.559028981749448
2017-03-03,83.46,-0.5077793398225612
2017-03-04,112.7,-0.4317576354869012
2017-03-05,106.01,-0.3578850356701873
2017-03-06,133.16,-0.26210074743077055
2017-03-07,103.92,-0.1868744412088843
2017-03-08,150.71,-0.075166894576425
2017-03-09,128.57,0.01960784990320241
2017-03-10,146.95,0.12774375308246752
2017-03-11,111.02,0.20840018104261512
2017-03-12,90.98,0.2745788337203277
2017-03-13,71.34,0.32449006535961483
2017-03-14,56.31,0.36247797335108606
2017-03-15,78.03,0.4170774650263652
2017-03-16,122.3,0.5055349129485223
2017-03-17,107.27,0.5824973285148948
2017-03-18,78.03,0.6370968201901743
2017-03-19,58.81,0.6760177913535718
2017-03-20,46.28,0.6734633397189527
2017-03-21,38.76,0.6376780726579315
2017-03-22,35.42,0.5865660957891978
2017-03-23,66.75,0.5619699387325094
2017-03-24,172.43,0.6156440152946482
2017-03-25,117.71,0.6389629465340275
2017-03-26,93.48,0.6520564231761449
2017-03-27,74.27,0.6549320932797874
2017-03-28,138.18,0.6581289818524538
2017-03-29,146.53,0.681769131560857
2017-03-30,110.61,0.6587714187905022
2017-03-31,128.15,0.6763390098225953
2017-04-01,116.04,1.7634198803540189
2017-04-02,147.78,1.840168901894413
2017-04-03,110.61,1.8376750359892602
2017-04-04,96.82,1.826709185430239
2017-04-05,69.67,1.7509505508282555
2017-04-06,52.55,1.689653952001607
2017-04-07,50.88,1.5705330748191209
2017-04-08,40.43,1.4653611413836367
2017-04-09,35.42,1.3322793880813961
2017-04-10,30.41,1.2360925313281135
2017-04-11,27.48,1.1603219643533775
2017-04-12,27.07,1.1074973501805976
2017-04-13,28.74,1.0745997985035347
2017-04-14,26.23,1.0127901076485535
2017-04-15,23.73,0.8951727094328099
2017-04-16,18.67,0.7894518868507376
2017-04-17,15.77,0.7151609340972408
2017-04-18,15.77,0.6638040017729472
2017-04-19,15.77,0.6273983325068183
2017-04-20,13.88,0.5977105891000241
2017-04-21,13.3,0.571316180572762
2017-04-22,12.74,0.506869435339605
2017-04-23,12.21,0.31568895910823214
2017-04-24,11.69,0.18918194319230291
2017-04-25,13.3,0.09350817846735311
2017-04-26,13.3,0.02075650179885479
2017-04-27,13.3,-0.12825496912720807
2017-04-28,15.77,-0.28428267523140466
2017-04-29,15.77,-0.39744929841067905
2017-04-30,23.73,-0.5220471346862999
2017-05-01,23.73,0.7926652053243776
2017-05-02,20.3,0.5387239842865641
2017-05-03,21.26,0.3607380406112533
2017-05-04,18.67,0.20506259015545558
2017-05-05,18.67,0.1034701656737447
2017-05-06,20.32,0.039267737417949956
2017-05-07,18.67,-0.024894850671381533
2017-05-08,18.67,-0.06824095178357822
2017-05-09,17.32,-0.10429630243296957
2017-05-10,18.67,-0.12768248014699465
2017-05-11,18.67,-0.14523207347412942
2017-05-12,17.05,-0.165191996872301
2017-05-13,18.67,-0.18525152068663084
2017-05-14,18.67,-0.2003111036098022
2017-05-15,18.67,-0.21039066572504625
2017-05-16,18.67,-0.21039066572504625
2017-05-17,15.12,-0.21168547113510713
2017-05-18,18.67,-0.20590864699791198
2017-05-19,18.67,-0.20013182286071662
2017-05-20,8.75,-0.21035082555858278
2017-05-21,18.67,-0.19965374086315568
2017-05-22,18.67,-0.18784113150675263
2017-05-23,8.7,-0.1948330807210824
2017-05-24,18.67,-0.18092886262535002
2017-05-25,21.17,-0.165251757121996
2017-05-26,11.53,-0.16877761185400836
2017-05-27,23.73,-0.1480009650433368
2017-05-28,18.67,-0.14222414090614163
2017-05-29,18.67,-0.13644731676894628
2017-05-30,11.29,-0.16122790030919093
2017-05-31,18.67,-0.17130746242443495
2017-06-01,18.67,1.7425452229859733
2017-06-02,11.2,1.6847906244891682
2017-06-03,18.67,1.6847906244891682
2017-06-04,18.67,1.6847906244891688
2017-06-05,18.67,1.6753179517734902
2017-06-06,9.05,1.6200893993341996
2017-06-07,13.3,1.5892601554049903
2017-06-08,11.69,1.5569382478963414
2017-06-09,8.61,1.4991836493995363
2017-06-10,11.2,1.4562982765594632
2017-06-11,11.2,1.4227133460220573
2017-06-12,11.2,1.3798279731819842
2017-06-13,8.66,1.3223604253735335
2017-06-14,9.42,1.2692560480280615
2017-06-15,9.42,1.2161516706825901
2017-06-16,9.42,1.1834278922102455
2017-06-17,7.96,1.1219416347648399
2017-06-18,9.42,1.068837257419368
2017-06-19,9.42,1.0726837366433104
2017-06-20,7.96,1.0111974791979048
2017-06-21,9.42,0.9580931018524335
2017-06-22,9.42,0.9622266317647294
2017-06-23,7.95,0.9006829641816535
2017-06-24,8.64,0.8287480616801659
2017-06-25,7.92,0.8080230019810144
2017-06-26,7.92,0.7172575743235108
2017-06-27,7.05,0.6505469943500641
2017-06-28,7.92,0.5888310963539757
2017-06-29,7.92,0.5694838799589229
2017-06-30,7.06,0.5028307101231472
2017-07-01,6.94,2.1156316324317905
2017-07-02,6.64,2.064370760407654
2017-07-03,6.64,1.9291364861860845
2017-07-04,6.76,1.7952511822809403
2017-07-05,6.64,1.6600169080593705
2017-07-06,6.64,1.632925087537843
2017-07-07,5.23,1.5422068337582866
2017-07-08,5.56,1.4732969334275954
2017-07-09,5.56,1.4390106045518027
2017-07-10,5.09,1.3703255326071817
2017-07-11,4.98,1.3004039045391718
2017-07-12,4.65,1.2267726081009942
2017-07-13,4.65,1.1816945166938042
2017-07-14,4.65,1.1280729466159254
2017-07-15,5.28,1.0815334706992756
2017-07-16,4.65,1.0279119006213964
2017-07-17,3.72,0.9802482827743931
2017-07-18,3.38,0.9123501101810197
2017-07-19,2.83,0.8382691569707007
2017-07-20,3.24,0.7852096578579987
2017-07-21,3.94,0.7236066800746072
2017-07-22,3.89,0.6614416313260386
2017-07-23,3.89,0.6158014689536722
2017-07-24,3.89,0.5624047272618636
2017-07-25,3.95,0.5177762926268153
2017-07-26,5.09,0.485963075997801
2017-07-27,3.89,0.4504401909986193
2017-07-28,4.19,0.40850969699642037
2017-07-29,3.89,0.3632067772031599
2017-07-30,3.89,0.3275714780109428
2017-07-31,3.89,0.29328514913514986
2017-08-01,3.31,0.6347611393991328
2017-08-02,3.39,0.5849961828580015
2017-08-03,3.89,0.5410498981586022
2017-08-04,3.47,0.49250992516309816
2017-08-05,3.89,0.45040111578214054
2017-08-06,3.39,0.42222649423269965
2017-08-07,4.45,0.40522984753711355
2017-08-08,4.57,0.39007067615996865
2017-08-09,5.56,0.3972674544905325
2017-08-10,5.56,0.40614858519633396
2017-08-11,4.71,0.40706732285555514
2017-08-12,5.56,0.4210015106870719
2017-08-13,5.09,0.4277389201880252
2017-08-14,4.65,0.41809217476620586
2017-08-15,3.42,0.3992580527521774
2017-08-16,3.24,0.39190815147841024
2017-08-17,2.96,0.38547698786386386
2017-08-18,3.24,0.39175502853520694
2017-08-19,2.87,0.3860894796366781
2017-08-20,3.89,0.3853238649206606
2017-08-21,5.09,0.4036986181050785
2017-08-22,4.14,0.4075266916851653
2017-08-23,3.89,0.4075266916851653
2017-08-24,4.65,0.4182452977094091
2017-08-25,4.51,0.40936416700360734
2017-08-26,3.89,0.40936416700360734
2017-08-27,3.89,0.40477047870750293
2017-08-28,3.89,0.40477047870750293
2017-08-29,4.44,0.4131922405836946
2017-08-30,3.89,0.4131922405836946
2017-08-31,3.89,0.42207337128949635
2017-09-01,4.3,0.3115804646586116
2017-09-02,4.33,0.31685674599957947
2017-09-03,3.73,0.3199745486101515
2017-09-04,3.73,0.31805590084979934
2017-09-05,4.08,0.3263300693163177
2017-09-06,3.21,0.31146054917358945
2017-09-07,3.73,0.30138764843174104
2017-09-08,3.27,0.2739270023617025
2017-09-09,3.33,0.24718584920179598
2017-09-10,3.21,0.22919852644849567
2017-09-11,3.21,0.20101838746832498
2017-09-12,4.29,0.19142514866656501
2017-09-13,4.33,0.18758785314586074
2017-09-14,4.84,0.20461585201898497
2017-09-15,5.41,0.2306375122687597
2017-09-16,5.48,0.2608562144943042
2017-09-17,7.78,0.31529784469429345
2017-09-18,6.73,0.3615852219127864
2017-09-19,5.73,0.3836496711568347
2017-09-20,5.82,0.392403501563441
2017-09-21,5.82,0.4125493030471375
2017-09-22,4.93,0.42502051348942566
2017-09-23,4.66,0.4251404289744478
2017-09-24,5.02,0.43125611871056974
2017-09-25,5.02,0.4448065685180563
2017-09-26,4.78,0.45547904668501443
2017-09-27,5.02,0.469029496492501
2017-09-28,4.84,0.4738261158933812
2017-09-29,4.48,0.48090112950967906
2017-09-30,4.33,0.4861774108506469
2017-10-01,3.73,0.6020282135579561
2017-10-02,3.73,0.5932416976586415
2017-10-03,2.88,0.5807941334679463
2017-10-04,2.37,0.5608780307628337
2017-10-05,2.11,0.532028970226752
2017-10-06,2.75,0.525292641370611
2017-10-07,2.37,0.5053765386654988
2017-10-08,2.97,0.5009832807158414
2017-10-09,2.86,0.4941005099280454
2017-10-10,3.74,0.5018619323057727
2017-10-11,3.21,0.5018619323057727
2017-10-12,3.33,0.48780350686686985
2017-10-13,4.53,0.4907323454999747
2017-10-14,4.84,0.4907323454999747
2017-10-15,7.24,0.5175312189928832
2017-10-16,8.98,0.5687858950722169
2017-10-17,9.52,0.5942667911802283
2017-10-18,12.78,0.6828641598316473
2017-10-19,11.92,0.7735117155262399
2017-10-20,10.35,0.8398499105660632
2017-10-21,8.63,0.881000093361185
2017-10-22,8.06,0.9268364179692749
2017-10-23,7.78,0.9725263006457093
2017-10-24,6.82,0.9988858483436517
2017-10-25,6.73,1.0239274186566971
2017-10-26,5.02,1.0274420250164233
2017-10-27,5.01,1.0272955830847679
2017-10-28,4.33,1.019827044570351
2017-10-29,4.33,1.0176304155955225
2017-10-30,4.33,1.0176304155955225
2017-10-31,4.33,1.026416931494837
2017-11-01,4.23,0.35675217304890333
2017-11-02,3.73,0.3656880085129469
2017-11-03,2.37,0.3656880085129469
2017-11-04,2.06,0.3651623711327093
2017-11-05,2.46,0.3621136743273296
2017-11-06,2.19,0.36022137975847324
2017-11-07,4.21,0.37325718678837233
2017-11-08,3.09,0.37567511873746606
2017-11-09,4.33,0.3818776398242731
2017-11-10,4.13,0.39154936762064946
2017-11-11,4.33,0.4020621152254068
2017-11-12,5.41,0.41131333311759294
2017-11-13,6.26,0.4262414347163481
2017-11-14,5.68,0.4098415484529271
2017-11-15,6.73,0.38618786634222346
2017-11-16,4.66,0.33509591298310376
2017-11-17,8.06,0.2854757442886499
2017-11-18,6.85,0.23217611393253135
2017-11-19,7.78,0.20515835258830553
2017-11-20,6.98,0.18781231904045606
2017-11-21,5.18,0.15753560593875576
2017-11-22,4.33,0.12126662670234327
2017-11-23,4.33,0.09508988516649822
2017-11-24,3.61,0.062290112639655906
2017-11-25,3.73,0.04872866822951943
2017-11-26,3.73,0.03527235129543009
2017-11-27,3.73,0.02896470273257566
2017-11-28,3.78,0.023182691549959448
2017-11-29,6.26,0.04347229442714088
2017-11-30,5.82,0.05913628835822883
2017-12-01,6.44,-0.5768149659738124
2017-12-02,7.78,-0.5638305867974752
2017-12-03,6.73,-0.5498523415607272
2017-12-04,5.61,-0.5384709721592464
2017-12-05,4.66,-0.5314177291498782
2017-12-06,5.41,-0.5210943461998028
2017-12-07,5.21,-0.5178883266500899
2017-12-08,4.89,-0.5121174914606067
2017-12-09,4.49,-0.5116045283326526
2017-12-10,5.82,-0.5061863552936379
2017-12-11,5.82,-0.5014093861645658
2017-12-12,5.41,-0.5014093861645658
2017-12-13,4.49,-0.5070840407675575
2017-12-14,3.73,-0.5133357788894976
2017-12-15,3.73,-0.5229538375386362
2017-12-16,2.77,-0.5290132144875934
2017-12-17,3.73,-0.5428952791378502
2017-12-18,3.46,-0.5537636854113769
2017-12-19,4.75,-0.5634779246470069
2017-12-20,5.61,-0.5678701714301135
2017-12-21,18.09,-0.5264804590433204
2017-12-22,48.6,-0.3845499735775316
2017-12-23,45.17,-0.2536161351672581
2017-12-24,25.68,-0.1828592837050951
2017-12-25,14.2,-0.14929225901960136
2017-12-26,19.05,-0.1001760395180005
2017-12-27,10.35,-0.07895219009890099
2017-12-28,23.95,-0.01428677578119269
2017-12-29,23.11,0.03973465363146921
2017-12-30,36.92,0.13944186162753963
2017-12-31,62.43,0.31894689621596295
2018-01-01,31.73,-0.814439784155214
2018-01-02,41.34,-0.7680470811990115
2018-01-03,32.6,-0.731868547457668
2018-01-04,30.0,-0.697901743270723
2018-01-05,26.52,-0.6696050093959635
2018-01-06,21.46,-0.647822824390523
2018-01-07,28.7,-0.615906896699475
2018-01-08,45.57,-0.5608415330057217
2018-01-09,57.49,-0.49158088689919266
2018-01-10,113.46,-0.34729569342315625
2018-01-11,100.48,-0.2198598578251744
2018-01-12,58.05,-0.14806577604724325
2018-01-13,87.94,-0.03518714224366634
2018-01-14,59.41,0.03944867690112875
2018-01-15,53.35,0.1072482410596004
2018-01-16,36.33,0.150946655285899
2018-01-17,64.16,0.23231149404468207
2018-01-18,42.54,0.2829668030511798
2018-01-19,31.05,0.31706765145354293
2018-01-20,42.11,0.34926507199696905
2018-01-21,106.54,0.42693029041021274
2018-01-22,126.43,0.5358546198589559
2018-01-23,74.55,0.6013620279337784
2018-01-24,81.46,0.6915201672239888
2018-01-25,75.84,0.7676438771599239
2018-01-26,35.91,0.8019055786207892
2018-01-27,37.35,0.8198675034868134
2018-01-28,29.14,0.8279503696765248
2018-01-29,23.76,0.8103101509275035
2018-01-30,23.96,0.7587433412561627
2018-01-31,15.76,0.7373364800538931
2018-02-01,13.71,-0.1811021830265572
2018-02-02,13.71,-0.1972233512011657
2018-02-03,27.2,-0.19961293674319347
2018-02-04,30.87,-0.1959005449189717
2018-02-05,31.3,-0.18750285858555996
2018-02-06,27.13,-0.1888427333359113
2018-02-07,42.11,-0.19179557832713112
2018-02-08,30.43,-0.2148892157440139
2018-02-09,53.32,-0.26621409949313846
2018-02-10,94.43,-0.2713773111107344
2018-02-11,105.67,-0.23073728842810512
2018-02-12,110.43,-0.21154379598517495
2018-02-13,146.64,-0.13709967211693147
2018-02-14,190.85,-0.01975395353521128
2018-02-15,160.15,0.08591693282688787
2018-02-16,183.94,0.18813998862120368
2018-02-17,287.08,0.3968361487810136
2018-02-18,165.34,0.5114423782234809
2018-02-19,108.27,0.5679048708879656
2018-02-20,84.48,0.5490783505104181
2018-02-21,74.31,0.5045979224923869
2018-02-22,92.7,0.5200875573451741
2018-02-23,78.0,0.5171347123539539
2018-02-24,67.27,0.5098208737485335
2018-02-25,67.62,0.5368829300119979
2018-02-26,58.97,0.5553339440900835
2018-02-27,55.55,0.5778728562918527
2018-02-28,62.04,0.6105419043450039
2018-03-01,95.93,0.3412699063367214
2018-03-02,151.98,0.4454517631234776
2018-03-03,144.29,0.5453201147547698
2018-03-04,132.99,0.6365461599575615
2018-03-05,132.99,0.7174549738576567
2018-03-06,145.19,0.8048875819024516
2018-03-07,170.05,0.9110043975621376
2018-03-08,258.28,1.0877892764070844
2018-03-09,223.424,1.2264592894847088
2018-03-10,188.568,1.3474041615192414
2018-03-13,84.0,1.37086840587556
2018-03-14,90.16,1.3676026847738167
2018-03-15,96.32,1.3604517498086415
2018-03-17,108.64,1.3590827472858964
2018-03-18,109.49,1.3306702088948528
2018-03-19,110.345,1.2690995116358763
2018-03-20,111.2,1.2316622638770174
2018-03-21,105.68666666666668,1.1718136545214188
2018-03-22,100.17333333333332,1.0288663370999194
2018-03-23,94.66,0.9748098575984662
2018-03-24,84.2,0.9564009800998816
2018-03-25,73.74,0.9481869649634128
2018-03-27,52.82,0.9317512866316895
2018-03-28,48.8,0.8981763085599043
2018-03-29,44.78,0.8727694572718697
2018-03-30,40.76,0.8524944534294316
2018-03-31,37.8225,0.8297051502610028
2018-04-01,34.885,1.961001477948163
2018-04-03,29.01,1.9293329606645488
2018-04-04,27.5,1.888118545179393
2018-04-05,25.99,1.8046635301524168
2018-04-06,24.48,1.6525257775653488
2018-04-07,23.765,1.50871085497275
2018-04-08,23.05,1.3775263489380647
2018-04-10,21.62,1.244635513599856
2018-04-11,20.82,1.0962325936841404
2018-04-12,20.02,0.9172112052869809
2018-04-13,19.22,0.631955902279417
2018-04-14,18.22,0.38709884046077625
2018-04-15,17.22,0.1826400198310588
2018-04-17,15.22,0.10056916004330575
2018-04-18,14.79,0.010634866612033052
2018-04-19,14.36,-0.08716286046276005
2018-04-22,13.07,-0.20120054685292554
2018-04-23,14.483333333333333,-0.3145660429113989
2018-04-24,15.896666666666668,-0.4272653148245565
2018-04-25,17.31,-0.5392983625923984
2018-04-26,17.933333333333334,-0.6440089109481407
2018-04-27,18.556666666666665,-0.7413969598917841
2018-04-28,19.18,-0.8314625094233284
2018-04-29,18.28,-0.9101207106040303
2018-04-30,17.38,-0.9773715634338903
2018-05-01,16.48,0.1440324351543099
2018-05-02,15.99,0.07867464207107619
2018-05-03,15.5,0.020348638368635267
2018-05-04,15.01,-0.030945575953012852
2018-05-05,14.5125,-0.07737928996612423
2018-05-06,14.015,-0.11895250367069886
2018-05-08,13.02,-0.1508047167582
2018-05-09,12.716666666666669,-0.18025323980240812
2018-05-10,12.413333333333332,-0.20729807280332346
2018-05-11,12.11,-0.23193921576094642
2018-05-12,11.9125,-0.25554949441132824
2018-05-13,11.715,-0.2781289087544692
2018-05-15,11.32,-0.29864659448312847
2018-05-16,10.7225,-0.3187608985263456
2018-05-17,10.125,-0.33847182088412064
2018-05-19,8.93,-0.3589695865295483
2018-05-20,8.966666666666667,-0.3774023035466219
2018-05-21,9.003333333333332,-0.39376997193534197
2018-05-22,9.04,-0.4060805833725376
2018-05-23,9.01,-0.4175943914804649
2018-05-24,8.979999999999999,-0.4283113962591237
2018-05-25,8.95,-0.43651847055058746
2018-05-26,8.695,-0.4480488787278744
2018-05-27,8.44,-0.46290262079098465
2018-05-29,7.93,-0.48158765886232674
2018-05-30,7.91,-0.501554222288242
2018-05-31,7.89,-0.5228023110687307
2018-06-01,7.87,0.6739559779853247
2018-06-02,8.166,0.6158913647450979
2018-06-03,8.462,0.5646930039702961
2018-06-06,9.35,0.5237595758110297
2018-06-07,8.666666666666666,0.4817162183234617
2018-06-08,7.983333333333333,0.4385629315075919
2018-06-09,7.3,0.39429971536342046
2018-06-10,7.42,0.35358157522041994
2018-06-11,7.54,0.31640851107858964
2018-06-13,7.78,0.2863255989391008
2018-06-14,7.323333333333333,0.2553623980219934
2018-06-15,6.866666666666667,0.2235189083272674
2018-06-16,6.41,0.1907951298549228
2018-06-17,6.75,0.1611571462823826
2018-06-18,7.09,0.13460495760964677
2018-06-20,7.77,0.11422435873651969
2018-06-21,7.746666666666666,0.09714005860132335
2018-06-22,7.723333333333334,0.08335205720405774
2018-06-23,7.7,0.07629061027055171
2018-06-24,7.5075,0.06791351434875716
2018-06-25,7.314999999999999,0.05822076943867376
2018-06-27,6.93,0.04610723039013919
2018-06-28,6.806666666666667,0.03345786339001068
2018-06-29,6.683333333333333,0.020272668438288073
2018-06-30,6.56,0.006551645534971682
2018-07-01,6.085,1.2463945054953205
2018-07-02,5.609999999999999,1.2145812888663063
2018-07-04,4.66,1.1778218477437354
2018-07-05,4.886666666666667,1.14383529004937
2018-07-06,5.113333333333333,1.1126216157832116
2018-07-07,5.34,1.0841808249452591
2018-07-08,5.16,1.050389118518822
2018-07-09,4.98,1.0112464965039005
2018-07-11,4.62,0.9580745831981629
2018-07-12,4.826666666666667,0.9149075330725747
2018-07-13,5.033333333333333,0.881745346127136
2018-07-14,5.24,0.8585880223618464
2018-07-15,5.23,0.8339693140870973
2018-07-16,5.220000000000001,0.8078892213028874
2018-07-18,5.2,0.7788863594997577
2018-07-19,5.5600000000000005,0.7590639901278515
2018-07-20,5.92,0.7484221131871681
2018-07-21,6.28,0.746960728677708
2018-07-22,7.0575,0.7504174651135466
2018-07-23,7.835000000000001,0.7587923224946828
2018-07-25,9.39,0.7770034217664151
2018-07-26,8.71,0.7878326556954909
2018-07-27,8.03,0.7912800242819095
2018-07-28,7.35,0.7873455275256707
2018-07-29,6.9825,0.7814437823913132
2018-07-30,6.615,0.7735747888788358
2018-08-01,5.88,1.3238909452864052
2018-08-02,5.906666666666666,1.3101098803980915
2018-08-03,5.933333333333334,1.2986256596578303
2018-08-04,5.96,1.2894382830656215
2018-08-05,5.8675,1.2861078590509458
2018-08-06,5.775,1.2886343876138031
2018-08-08,5.59,1.3028748213317272
2018-08-09,5.3966666666666665,1.3106840914351046
2018-08-10,5.203333333333333,1.312062197923936
2018-08-11,5.01,1.307009140798221
2018-08-12,4.609999999999999,1.2985873789220297
2018-08-13,4.21,1.2867969122953615
2018-08-15,3.41,1.2682690361677398
2018-08-16,3.381428571428572,1.2461391250904752
2018-08-17,3.3528571428571428,1.220407179063566
2018-08-22,3.21,1.1893232215932592
2018-08-23,3.374285714285714,1.1609079782759268
2018-08-24,3.5385714285714287,1.13516144911157
2018-08-29,4.36,1.1222991218824776
2018-08-30,4.372492401215806,1.104115656022244
2018-08-31,4.384984802431611,1.0806110515308698
2021-05-12,16.69,-0.8788944757608105
2021-05-13,14.92,-0.8632323103198801
2021-05-14,14.67,-0.8496169334310076
2021-05-15,14.67,-0.8390991294846659
2021-05-16,14.67,-0.8272267598785679
2021-05-17,9.82,-0.8236610649800923
2021-05-18,9.16,-0.8200555299151531
2021-05-19,7.69,-0.8186461840265098
2021-05-20,6.42,-0.819034625649528
2021-05-21,6.3,-0.8181979821537964
2021-05-22,5.96,-0.8180917417098938
2021-05-23,5.53,-0.8188951850669061
2021-05-24,5.53,-0.8197517486458695
2021-05-25,5.23,-0.821021653951891
2021-05-26,6.42,-0.8197368085834458
2021-05-27,5.96,-0.8189997655038727
2021-05-28,5.96,-0.8178776008151529
2021-05-29,5.96,-0.8163703145172871
2021-05-30,5.53,-0.8153344701892382
2021-05-31,5.53,-0.813501822531921
2021-06-01,5.53,-0.09133769093682557
2021-06-02,5.53,-0.07916674175062015
2021-06-03,5.13,-0.06912816910647239
2021-06-04,5.13,-0.05892556749755088
2021-06-05,5.53,-0.045606415557929984
2021-06-06,5.53,-0.03323043016575741
2021-06-07,5.53,-0.021797611321033476
2021-06-08,5.53,-0.015080625213552254
2021-06-09,5.53,-0.008435358153434647
2021-06-10,5.13,-0.004158215647512376
2021-06-11,5.74,-0.06702231639701665
2021-06-12,5.96,-0.11846179975003564
2021-06-13,5.96,-0.16846602966128504
2021-06-14,5.53,-0.22093889549237813
2021-06-15,5.53,-0.27341176132347106
2021-06-16,4.41,-0.30447064580336325
2021-06-17,3.77,-0.3354147100079136
2021-06-18,3.41,-0.35998624893100756
2021-06-19,3.48,-0.3768648294062169
2021-06-20,3.21,-0.3946045619464879
2021-06-21,2.96,-0.41182760324772205
2021-06-22,3.21,-0.42514675518734313
2021-06-23,2.73,-0.44122159373516145
2021-06-24,2.51,-0.4568371511816136
2021-06-25,2.31,-0.4804327177643042
2021-06-26,2.46,-0.5005262659490773
2021-06-27,3.15,-0.5166585146345667
2021-06-28,5.13,-0.5214235560612412
2021-06-29,5.13,-0.5237199615680725
2021-06-30,5.53,-0.5237199615680725
2021-07-01,5.53,0.23741529519656307
2021-07-02,5.85,0.24101254937369532
2021-07-03,5.96,0.25034292739563235
2021-07-04,5.53,0.2548394951170479
2021-07-05,5.96,0.25967330541756944
2021-07-06,5.53,0.25967330541756944
2021-07-07,5.96,0.26450711571809093
2021-07-08,5.96,0.26934092601861276
2021-07-09,5.96,0.27417473631913397
2021-07-10,5.96,0.2835051143410713
2021-07-11,5.53,0.281144416287328
2021-07-12,5.53,0.2763106059868068
2021-07-13,5.53,0.27147679568628497
2021-07-14,5.85,0.2750740498634172
2021-07-15,5.53,0.2750740498634172
2021-07-16,5.53,0.28766443948338055
2021-07-17,5.53,0.3074493374576084
2021-07-18,5.96,0.33611495668163177
2021-07-19,5.96,0.3639936765544077
2021-07-20,5.96,0.39490757963913853
2021-07-21,5.96,0.4286318375497542
2021-07-22,5.96,0.45954574063448567
2021-07-23,5.96,0.49585552498491503
2021-07-24,5.96,0.5346384215821233
2021-07-25,5.96,0.5756696020400391
2021-07-26,5.53,0.6101807593019026
2021-07-27,5.64,0.6381718933677137
2021-07-28,5.53,0.642668461089129
2021-07-29,5.53,0.6471650288105445
2021-07-30,5.33,0.6449167449498368
2021-07-31,5.96,0.6497505552503583
2021-08-01,5.13,1.1602790804734842
2021-08-02,5.13,1.1475698761875952
2021-08-03,2.79,1.1056141897498408
2021-08-04,4.32,1.08050202706447
2021-08-05,5.13,1.0743771093363306
2021-08-06,4.94,1.0587585691295756
2021-08-07,4.76,1.0403838159451577
2021-08-08,5.33,1.0307370705233383
2021-08-09,5.13,1.0180278662374493
2021-08-10,4.76,1.006237399610781
2021-08-11,5.53,1.006237399610781
2021-08-12,5.53,1.006237399610781
2021-08-13,5.33,0.9982750065642
2021-08-14,5.53,0.9982750065642
2021-08-15,5.53,0.9982750065642
2021-08-16,5.13,0.9921500888360609
2021-08-17,4.58,0.9710191226739798
2021-08-18,5.13,0.9583099183880908
2021-08-19,4.76,0.9399351652036734
2021-08-20,3.84,0.9074731012445346
2021-08-21,4.76,0.8890983480601171
2021-08-22,5.53,0.8825140615023676
2021-08-23,5.53,0.8759297749446179
2021-08-24,5.53,0.8693454883868679
2021-08-25,5.53,0.8693454883868679
2021-08-26,5.53,0.86766113601163
2021-08-27,5.53,0.86766113601163
2021-08-28,5.53,0.86766113601163
2021-08-29,5.53,0.8707235948756988
2021-08-30,5.53,0.8641393083179496
2021-08-31,5.33,0.8672017671820189
2021-09-01,4.68,0.6438662736545803
2021-09-02,4.68,0.666530300323739
2021-09-03,5.2,0.6770828630056753
2021-09-04,5.08,0.6764832855805653
2021-09-05,4.62,0.6726459900598606
2021-09-06,5.27,0.6787616797959832
2021-09-07,4.62,0.6702476803594212
2021-09-08,5.27,0.6719264971497286
2021-09-09,4.96,0.6743248068501692
2021-09-10,5.33,0.671926497149729
2021-09-11,5.27,0.6688086945391566
2021-09-12,5.45,0.6702476803594212
2021-09-13,5.52,0.670127764874399
2021-09-14,5.39,0.6684489480840912
2021-09-15,5.52,0.6731256519999486
2021-09-16,6.05,0.6907532282981834
2021-09-17,5.33,0.6931515379986235
2021-09-18,5.39,0.7007062135550093
2021-09-19,6.05,0.7272075357448723
2021-09-20,5.78,0.7394389152171165
2021-09-21,6.84,0.7551478437549989
2021-09-22,7.22,0.7754135607237171
2021-09-23,7.38,0.7975979254527875
2021-09-24,7.71,0.8237395011875838
2021-09-25,7.87,0.8517997246827325
2021-09-26,7.96,0.8809391875430792
2021-09-27,7.87,0.9089994110382279
2021-09-28,7.54,0.9331024235276505
2021-09-29,7.22,0.9533681404963691
2021-09-30,7.22,0.9760321671655272
2021-10-01,6.84,1.2402221517114844
2021-10-02,7.3,1.2785899378051568
2021-10-03,7.71,1.3153468626506217
2021-10-04,7.87,1.3562041615824336
2021-10-05,7.54,1.3989652056257633
2021-10-06,9.6,1.4623745620324813
2021-10-07,11.71,1.566201891576045
2021-10-08,12.18,1.667393266349815
2021-10-09,11.83,1.767998873396964
2021-10-10,11.83,1.8631861289728684
2021-10-11,10.51,1.9399217011602141
2021-10-12,9.7,2.00215952211369
2021-10-13,9.31,2.057661014211025
2021-10-14,8.22,2.099104080869458
2021-10-15,8.04,2.1360074476465774
2021-10-16,7.54,2.1578272954632083
2021-10-17,6.84,2.179940027143149
2021-10-18,6.33,2.193705568718742
2021-10-19,6.05,2.193705568718742
2021-10-20,6.05,2.1976595008734328
2021-10-21,5.78,2.182136656117977
2021-10-22,5.52,2.1572415277365873
2021-10-23,5.52,2.1300033284487125
2021-10-24,5.27,2.094271497124835
2021-10-25,4.35,2.0427239371821906
2021-10-26,4.24,1.9882475386064424
2021-10-27,5.78,1.9576411748904978
2021-10-28,6.05,1.9358213270738671
2021-10-29,6.33,1.9227879951565505
2021-10-30,6.12,1.906679382674475
2021-10-31,6.61,1.9033112182464036
2021-11-01,6.61,0.9737453299721
2021-11-02,6.33,0.9592377382775352
2021-11-03,6.33,0.9430481069662093
2021-11-04,6.33,0.9303276823644531
2021-11-05,5.84,0.8907997513705658
2021-11-06,6.05,0.8312975999276409
2021-11-07,5.71,0.7632801229248621
2021-11-08,6.05,0.7025164417693656
2021-11-09,6.05,0.6417527606138695
2021-11-10,6.05,0.5948659062966526
2021-11-11,6.33,0.5594379468686211
2021-11-12,6.33,0.5281099590064449
2021-11-13,6.33,0.5082408660334538
2021-11-14,6.61,0.4932076369586511
2021-11-15,6.91,0.4865846059676539
2021-11-16,6.61,0.48416667401855984
2021-11-17,6.61,0.4871102433478921
2021-11-18,6.61,0.492997382006556
2021-11-19,6.4,0.496676843668221
2021-11-20,6.33,0.5024588548508375
2021-11-21,6.91,0.5170715740214499
2021-11-22,7.54,0.5383073241830592
2021-11-23,7.07,0.5572302698716222
2021-11-24,7.22,0.5874018554972754
2021-11-25,7.54,0.6220939225929738
2021-11-26,9.6,0.6622526184431459
2021-11-27,11.38,0.7182855631765015
2021-11-28,18.25,0.8435975146252066
2021-11-29,26.85,1.061526772471822
2021-11-30,24.68,1.2514921216897834
2021-12-01,16.4,-0.18888660045855532
2021-12-02,14.44,-0.16288578191038394
2021-12-03,15.97,-0.1319797534511519
2021-12-04,17.78,-0.09527082960693962
2021-12-05,18.41,-0.05497116386704865
2021-12-06,24.68,0.004756980344101786
2021-12-07,24.68,0.06557517120215507
2021-12-08,31.21,0.14623862307293084
2021-12-09,57.31,0.3105791851912124
2021-12-10,94.3,0.5935104104533729
2021-12-11,84.51,0.8441570188499252
2021-12-12,52.96,0.9936537104530361
2021-12-13,34.47,1.0838711005819561
2021-12-14,17.46,1.118656412696341
2021-12-15,16.55,1.1495624411555727
2021-12-16,15.54,1.1781921957345092
2021-12-17,16.55,1.2100600300586548
2021-12-18,17.46,1.2448453421730394
2021-12-19,16.7,1.2778673435350818
2021-12-20,30.12,1.3541385486227508
2021-12-21,66.02,1.5436463642062788
2021-12-22,42.08,1.6543822794533607
2021-12-23,55.14,1.8084956392080582
2021-12-24,26.13,1.8691214688931286
2021-12-25,50.79,2.0077818144182107
2021-12-26,66.02,2.188665437413011
2021-12-27,50.79,2.3150146678671946
2021-12-28,48.61,2.412349421396477
2021-12-29,37.73,2.4472309140973536
2021-12-30,25.77,2.4507254754065406
2021-12-31,17.78,2.4551497823851447
2022-01-01,15.97,0.048657514500351204
2022-01-02,13.78,0.0457219461826955
2022-01-03,11.38,0.037143116395937
2022-01-04,10.51,0.026553623377907776
2022-01-05,9.31,0.005951027468146552
2022-01-06,8.57,-0.015643495635708066
2022-01-07,8.57,-0.045991106006364774
2022-01-08,25.77,-0.08826865154923158
2022-01-09,26.85,-0.1786814748487359
2022-01-10,24.68,-0.2588801289333817
2022-01-11,62.75,-0.24575720024395023
2022-01-12,94.3,-0.16555854615930446
2022-01-13,94.3,-0.06255897103204115
2022-01-14,100.82,0.05040008930078656
2022-01-15,117.14,0.1865890121655705
2022-01-16,113.88,0.31705424703200097
2022-01-17,160.49,0.508777688344501
2022-01-18,170.03,0.7143076838450644
2022-01-19,94.3,0.8003372613003971
2022-01-20,133.46,0.8907366801783596
2022-01-21,146.71,1.0309871427703114
2022-01-22,179.57,1.1977783600150458
2022-01-23,165.26,1.3842740769262396
2022-01-24,180.1,1.557606651883377
2022-01-25,166.32,1.6920529999477258
2022-01-26,200.77,1.893092514231783
2022-01-27,181.16,2.070768121768466
2022-01-28,167.38,2.244556447058025
2022-01-29,116.05,2.365571564737481
2022-01-30,117.14,2.4987578971768984
2022-01-31,179.04,2.717343799259185
2022-02-01,200.24,1.2622245528263667
2022-02-02,238.4,1.455968734880346
2022-02-03,233.63,1.6463845656436433
2022-02-04,207.66,1.8156610985940744
2022-02-05,132.37,1.9213149164880161
2022-02-06,88.86,1.9898362819056619
2022-02-07,87.77,2.042748533193419
2022-02-08,100.82,2.1058762626733456
2022-02-09,82.33,2.1550761221368817
2022-02-10,79.07,2.1690039921532716
2022-02-11,61.66,2.141148252120492
2022-02-12,45.35,2.099373176305398
2022-02-13,38.82,2.0464609250176413
2022-02-14,58.4,1.9963308340395305
2022-02-15,72.54,1.961050310358306
2022-02-16,69.28,1.8832095613267517
2022-02-17,72.54,1.8000093132937927
2022-02-18,62.75,1.7730838047755866
2022-02-19,50.79,1.7025312916472173
2022-02-20,39.91,1.6113856716870159
2022-02-21,37.73,1.4903360955151523
2022-02-22,74.72,1.4130671401668689
2022-02-23,70.37,1.3194209896216171
2022-02-24,68.19,1.2356745506076228
2022-02-25,58.4,1.1141726600295896
2022-02-26,72.54,1.02147380946707
2022-02-27,76.89,0.9442475252891802
2022-02-28,59.49,0.895977897340219
2022-03-01,45.35,0.4871183873911508
2022-03-02,38.82,0.37987730708988127
2022-03-03,38.82,0.2564223421616901
2022-03-04,67.1,0.12541109515265084
2022-03-05,72.54,0.0022085161644072172
2022-03-06,51.87,-0.11694059166710646
2022-03-07,42.08,-0.18599491444846167
2022-03-08,35.56,-0.2267590677793536
2022-03-09,33.38,-0.2683568595179504
2022-03-10,27.94,-0.32409591195238596
2022-03-11,35.56,-0.35986588289583465
2022-03-12,37.73,-0.39148295791833154
2022-03-13,66.02,-0.38814840428751174
2022-03-14,50.79,-0.3839878603077734
2022-03-15,52.96,-0.3731735051839684
2022-03-16,75.81,-0.3598582348370485
2022-03-17,61.66,-0.36817932279652515
2022-03-18,37.73,-0.3923089482672501
2022-03-19,48.61,-0.41061075294282684
2022-03-20,57.31,-0.4147712969225652
2022-03-21,60.58,-0.40728384737079354
2022-03-22,64.93,-0.38814840428751174
2022-03-23,59.49,-0.37150622836855846
2022-03-24,72.54,-0.3731735051839684
2022-03-25,50.79,-0.38814840428751174
2022-03-26,47.52,-0.40395694179876024
2022-03-27,39.91,-0.41809820249459867
2022-03-28,37.73,-0.4447210951296522
2022-03-29,64.93,-0.45386817343804725
2022-03-30,52.96,-0.4588623558254906
2022-03-31,32.29,-0.4688507206003771
2022-04-01,29.03,-0.047926235761236446
2022-04-02,35.56,-0.05181618927836454
2022-04-03,42.08,-0.08167098590368575
2022-04-04,55.14,-0.1024333144920385
2022-04-05,101.91,-0.04272372124139606
2022-04-06,52.96,-0.02974129968730001
2022-04-07,57.31,-0.003788388951858697
2022-04-08,73.63,0.044239411374647146
2022-04-09,76.89,0.10264837599532936
2022-04-10,88.86,0.16624792276309963
2022-04-11,66.02,0.20000460527830075
2022-04-12,57.31,0.18961150861137205
2022-04-13,55.14,0.19480209075846036
2022-04-14,48.61,0.1896115086113723
2022-04-15,46.43,0.15455419746621096
2022-04-16,46.43,0.1363811937650266
2022-04-17,46.43,0.14676235805920296
2022-04-18,41.0,0.13768182239498655
2022-04-19,37.73,0.11431823654671337
2022-04-20,29.03,0.07667160051438442
2022-04-21,29.03,0.03383438233496689
2022-04-22,29.03,-0.0025116250674026117
2022-04-23,24.68,-0.0596199610581246
2022-04-24,24.68,-0.09077538631340604
2022-04-25,24.68,-0.11802892567880681
2022-04-26,24.68,-0.13620192937999143
2022-04-27,22.5,-0.1543749330811763
2022-04-28,18.41,-0.20988433112314045
2022-04-29,17.78,-0.2518624184644187
2022-04-30,11.38,-0.27681300988869845
2022-05-01,15.97,1.359929415513726
2022-05-02,15.97,1.32090597246281
2022-05-03,15.97,1.2688946351448205
2022-05-04,15.97,1.1908676691262203
2022-05-05,15.4,1.0185390290887146
2022-05-06,14.44,0.9418068684801756
2022-05-07,12.77,0.8530828177661477
2022-05-08,13.78,0.7338611196243755
2022-05-09,12.77,0.6061335459426641
2022-05-10,13.08,0.455179155212781
2022-05-11,13.08,0.34972223458411894
2022-05-12,12.16,0.2597830587929572
2022-05-13,12.16,0.17416654106307633
2022-05-14,9.94,0.09713557920606168
2022-05-15,10.5,0.02556272015453489
2022-05-16,10.5,-0.0460101388969919
2022-05-17,9.94,-0.11869852260949443
2022-05-18,9.75,-0.18094878270858195
2022-05-19,9.05,-0.23807958141712043
2022-05-20,9.05,-0.277879907714073
2022-05-21,9.75,-0.3162858281848059
2022-05-22,9.05,-0.35608615448175845
2022-05-23,9.05,-0.387221244572918
2022-05-24,9.05,-0.4183563346640775
2022-05-25,9.05,-0.44949142475523723
2022-05-26,8.08,-0.4825587629198725
2022-05-27,9.05,-0.5093512748665197
2022-05-28,9.05,-0.5279964727713985
2022-05-29,9.05,-0.5453867054326795
2022-05-30,9.05,-0.5500280848256673
2022-05-31,9.05,-0.5638127824220093
2022-06-01,9.069488372093025,0.5810777905055627
2022-06-02,9.088976744186049,0.5415737412623507
2023-01-01,13.24,-0.9840747961896532
2023-01-02,13.7,-0.9863535478517608
2023-01-03,13.7,-0.9873454750458548
2023-01-04,14.72,-0.9847316128452018
2023-01-05,14.72,-0.9834715972202717
2023-01-06,15.25,-0.980147300677903
2023-01-07,13.96,-0.9789677115822237
2023-01-08,12.99,-0.9790883513761001
2023-01-09,12.75,-0.9782974905051334
2023-01-10,12.08,-0.9784047258774679
2023-01-11,11.23,-0.9766755554985744
2023-01-12,10.24,-0.9770240704586615
2023-01-13,8.84,-0.9792492044346018
2023-01-14,8.17,-0.9816217870475021
2023-01-15,8.17,-0.983739685651108
2023-01-16,8.17,-0.9849192747467871
2023-01-17,8.17,-0.9860988638424664
2023-01-18,8.17,-0.9882167624460722
2023-01-19,8.81,-0.9885384685630757
2023-01-20,8.81,-0.9888601746800791
2023-01-21,8.81,-0.9891818807970826
2023-01-22,8.17,-0.9903614698927616
2023-01-23,8.17,-0.9902408300988855
2023-01-24,7.57,-0.9922246844870733
2023-01-25,7.14,-0.9947849290015589
2023-01-26,7.57,-0.9967687833897467
2023-01-27,7.57,-0.9987526377779343
2023-01-28,8.81,-0.9990743438949379
2023-01-29,11.86,-0.9953338244771595
2023-01-30,13.23,-0.9897830223436226
2023-01-31,13.7,-0.9891664189526995
2023-02-01,15.25,-1.255417171551844
2023-02-02,18.48,-1.2513378076622397
2023-02-03,18.81,-1.2478473059240633
2023-02-04,16.94,-1.2459527059585984
2023-02-05,23.45,-1.2389546340140887
2023-02-06,49.3,-1.2087946507800669
2023-02-07,68.19,-1.1616856786658054
2023-02-08,65.94,-1.1162920876013567
2023-02-09,63.14,-1.0727162883956645
2023-02-10,85.6,-1.0092471895525916
2023-02-11,88.86,-0.9421510412260835
2023-02-12,68.19,-0.8915003619691739
2023-02-13,50.32,-0.8555285653275775
2023-02-14,46.34,-0.8229533938492919
2023-02-15,40.26,-0.7955670366908381
2023-02-16,38.04,-0.7700752794978489
2023-02-17,31.07,-0.7505318834576934
2023-02-18,25.99,-0.7358700693105373
2023-02-19,26.78,-0.7205340506711663
2023-02-20,21.64,-0.709584628348232
2023-02-21,17.93,-0.7012552158874494
2023-02-22,17.37,-0.6934037205350726
2023-02-23,15.27,-0.6868323602944962
2023-02-24,14.78,-0.680312205458392
2023-02-25,13.62,-0.6751489938407964
2023-02-26,12.13,-0.6712573831009224
2023-02-27,11.33,-0.6691067561130976
2023-02-28,10.22,-0.6705063705019993
2023-03-01,8.0,-0.8658002677260727
2023-03-02,6.2,-0.8715363118157854
2023-03-03,4.6,-0.8796814944231774
2023-03-04,4.59,-0.8903046480773255
2023-03-05,4.25,-0.9014402216701546
2023-03-06,3.7,-0.9115662515031941
2023-03-07,3.36,-0.926931201604838
2023-03-08,3.22,-0.9621734564920332
2023-03-09,3.09,-1.0119623191907399
2023-03-10,6.93,-1.0570935140886
2023-03-11,7.45,-1.0996855534694137
2023-03-12,7.18,-1.1596616304714504
2023-03-13,7.18,-1.2221309746378153
2023-03-14,5.55,-1.2700384148750963
2023-03-15,5.34,-1.3044393832958003
2023-03-16,6.01,-1.3352840043808825
2023-03-17,9.56,-1.3587635448547732
2023-03-18,14.33,-1.3768970922370518
2023-03-19,51.09,-1.361585678546912
2023-03-20,61.06,-1.3347639363834152
2023-03-21,54.8,-1.3133340756642482
2023-03-22,75.81,-1.2719045412189496
2023-03-23,76.89,-1.226811586615021
2023-03-24,53.21,-1.1994009439249804
2023-03-25,79.07,-1.1506063288684907
2023-03-26,67.59,-1.1102169304181264
2023-03-27,131.62,-1.019969836739979
2023-03-28,139.92,-0.9222352935100598
2023-03-29,137.91,-0.8254261653932811
2023-03-30,131.49,-0.732678156492019
2023-03-31,93.21,-0.6675090475740957
2023-04-01,62.18,-0.27939040240311475
2023-04-02,53.88,-0.2205876694816186
2023-04-03,46.34,-0.17077001324232383
2023-04-04,39.15,-0.1291260323380989
2023-04-05,34.41,-0.09248171561693126
2023-04-06,27.19,-0.06404687134908993
2023-04-07,24.47,-0.03869057925124519
2023-04-08,23.02,-0.014909360356654678
2023-04-09,33.06,0.016269929644130137
2023-04-10,46.85,0.06328347828672234
2023-04-11,29.29,0.08966595444123279
2023-04-12,23.76,0.10944982846392735
2023-04-13,19.11,0.12563012591554043
2023-04-14,17.11,0.13967452864455837
2023-04-15,14.78,0.15013921954799797
2023-04-16,12.53,0.15368313425532037
2023-04-17,12.34,0.1513085920776872
2023-04-18,9.22,0.10134774736536914
2023-04-19,8.0,0.03803457754364469
2023-04-20,5.45,-0.020851681987114415
2023-04-21,4.95,-0.10540447530726824
2023-04-22,4.68,-0.19156813894893251
2023-04-23,4.59,-0.2495833352688013
2023-04-24,4.86,-0.33813347346085054
2023-04-25,5.15,-0.4126392089238821
2023-04-26,4.25,-0.5646218406651753
2023-04-27,4.0,-0.7268066511093655
2023-04-28,3.92,-0.886688513612434
2023-04-29,4.25,-1.0385160245079519
2023-04-30,4.0,-1.1449647218278918
2023-05-01,3.92,-0.17941493629974048
2023-05-02,3.92,-0.2789356721253534
2023-05-03,3.92,-0.36343666519425866
2023-05-04,3.92,-0.433615118419566
2023-05-05,3.5,-0.49518809568877536
2023-05-06,4.08,-0.5412234080372524
2023-05-07,4.59,-0.580824533501888
2023-05-08,4.25,-0.6182145297278038
2023-05-09,4.25,-0.6756042895183546
2023-05-10,1.85,-0.7652446640610404
2023-05-11,1.85,-0.8199053724488472
2023-05-12,1.85,-0.8635502748095193
2023-05-13,1.85,-0.8979323384674472
2023-05-14,1.85,-0.9283303854790338
2023-05-15,1.85,-0.9540870530976321
2023-05-16,1.94,-0.975182421240011
2023-05-17,1.9,-0.9959789881339141
2023-05-18,1.45,-1.0114568928049512
2023-05-19,1.13,-1.0251419899851346
2023-05-20,1.22,-1.0335681851921472
2023-05-21,1.18,-1.041078056570501
2023-05-22,1.15,-1.0481098459512939
2023-05-23,1.05,-1.0551615554153184
2023-05-24,1.0,-1.0628507075427578
2023-05-25,0.95,-1.0712171425000752
2023-05-26,0.95,-1.0777907699665388
2023-05-27,0.95,-1.0838663953522096
2023-05-28,0.95,-1.0897826600720268
2023-05-29,1.05,-1.0961570867061734
2023-05-30,1.05,-1.1020335112595274
2023-05-31,1.05,-1.1077505751470276
2023-06-01,1.05,-0.9634242059885775
2023-06-02,0.95,-0.9804750168767993
2023-06-03,0.95,-0.997525827765021
2023-06-04,0.95,-1.01216541287107
2023-06-05,0.95,-1.030134785962024
2023-06-06,0.86,-1.051548767313225
2023-06-07,0.86,-1.0710108039836195
2023-06-08,0.95,-1.089956149414977
2023-06-09,0.86,-1.0956397530443842
2023-06-10,0.86,-1.1013233566737912
2023-06-11,0.86,-1.1070069603031987
2023-06-12,0.86,-1.112690563932606
2023-06-13,0.95,-1.117857476322976
2023-06-14,0.95,-1.1230243887133462
2023-06-15,0.95,-1.1287079923427534
2023-06-16,0.86,-1.1346786466605145
2023-06-17,0.86,-1.1380658447830907
2023-06-18,0.86,-1.1396159185002017
2023-06-19,0.95,-1.1411659922173127
2023-06-20,0.95,-1.1424864253837406
2023-06-21,0.95,-1.1436346281371563
2023-06-22,0.95,-1.144208729513864
2023-06-23,0.77,-1.1455291626802921
2023-06-24,0.82,-1.1462754944700122
2023-06-25,0.82,-1.1470218262597323
2023-06-26,0.77,-1.1480552087378064
2023-06-27,0.77,-1.1490885912158806
2023-06-28,0.7,-1.1510979460343578
2023-06-29,0.6,-1.1536814022295427
2023-06-30,0.63,-1.1560926280117156
2023-07-01,0.7,-1.0047615378444508
2023-07-02,0.66,-1.008021549442477
2023-07-03,0.7,-1.0108319042683616
2023-07-04,0.77,-1.0128553597429986
2023-07-05,0.77,-1.0148788152176356
2023-07-06,0.77,-1.015890542954954
2023-07-07,0.77,-1.0169022706922726
2023-07-08,0.77,-1.0189257261669094
2023-07-09,0.7,-1.0207243532554755
2023-07-10,0.7,-1.0225229803440419
2023-07-11,0.7,-1.0243216074326078
2023-07-12,0.7,-1.026120234521174
2023-07-13,0.77,-1.028143689995811
2023-07-14,1.47,-1.0222981519579708
2023-07-15,1.34,-1.0179139984295908
2023-07-16,1.34,-1.0125181171638924
2023-07-17,1.61,-1.0040870526862384
2023-07-18,1.47,-0.9972297869110799
2023-07-19,1.47,-0.9913842488732398
2023-07-20,1.47,-0.9855387108353997
2023-07-21,1.29,-0.9817166282721965
2023-07-22,1.34,-0.9773324747438166
2023-07-23,1.77,-0.966091055440278
2023-07-24,1.77,-0.9554117071019164
2023-07-25,2.03,-0.9418095897446346
2023-07-26,1.94,-0.9286571291594946
2023-07-27,1.94,-0.9155046685743542
2023-07-28,1.66,-0.9047129060429573
2023-07-29,1.65,-0.8929094157742419
2023-07-30,2.69,-0.8697520920089523
2023-07-31,2.75,-0.8467071824366982
2023-08-01,3.05,-0.8304723041149883
2023-08-02,2.64,-0.8007664531335127
2023-08-03,2.99,-0.7667731597423395
2023-08-04,2.87,-0.7346173416696083
2023-08-05,2.12,-0.7139457443371384
2023-08-06,1.47,-0.7032271383128945
2023-08-07,1.89,-0.6860773686741046
2023-08-08,1.77,-0.669693213751332
2023-08-09,1.37,-0.6594339765566987
2023-08-10,1.22,-0.6514715835101175
2023-08-11,1.11,-0.6451935428387747
2023-08-12,1.01,-0.6415185922018912
2023-08-13,1.01,-0.6485622475892514
2023-08-14,1.01,-0.6536153047149662
2023-08-15,0.91,-0.660199591272716
2023-08-16,1.01,-0.669386967864925
2023-08-17,1.01,-0.6764306232522851
2023-08-18,1.01,-0.6834742786396453
2023-08-19,1.01,-0.6905179340270055
2023-08-20,1.11,-0.6932741470046683
2023-08-21,1.11,-0.6967959746983483
2023-08-22,1.22,-0.7052177365745399
2023-08-23,1.35,-0.7116489001890861
2023-08-24,1.47,-0.720223785008481
2023-08-25,1.47,-0.7274205633390447
2023-08-26,1.47,-0.7346173416696083
2023-08-27,1.34,-0.7395172758521199
2023-08-28,1.34,-0.7442640870914277
2023-08-29,1.22,-0.7667731597423396
2023-08-30,1.22,-0.7902009700524725
2023-08-31,1.22,-0.8182224686587097
2023-09-01,1.22,-0.6876752720297358
2023-09-02,1.11,-0.7102193832138722
2023-09-03,1.11,-0.7313245085777447
2023-09-04,1.11,-0.743435972564967
2023-09-05,1.11,-0.7477529300257592
2023-09-06,1.11,-0.7571063378574753
2023-09-07,1.11,-0.7650207598689274
2023-09-08,1.11,-0.7681385624794994
2023-09-09,1.01,-0.7706567876649616
2023-09-10,1.01,-0.7718559425151815
2023-09-11,1.01,-0.7718559425151815
2023-09-12,0.98,-0.7722156889702476
2023-09-13,1.01,-0.7722156889702476
2023-09-14,0.93,-0.7719758580002036
2023-09-15,0.91,-0.7731750128504236
2023-09-16,0.91,-0.7743741677006437
2023-09-17,0.91,-0.7755733225508636
2023-09-18,0.82,-0.7778517167662816
2023-09-19,0.87,-0.7807296884068097
2023-09-20,0.91,-0.7831279981072498
2023-09-21,0.91,-0.786845378142932
2023-09-22,0.91,-0.7921216594839001
2023-09-23,0.91,-0.7988369266451322
2023-09-24,1.01,-0.8043530389561443
2023-09-25,1.01,-0.8098691512671564
2023-09-26,1.22,-0.8113081370874204
2023-09-27,1.22,-0.8127471229076845
2023-09-28,1.34,-0.8113081370874203
2023-09-29,1.34,-0.8098691512671564
2023-09-30,1.22,-0.8098691512671564
2023-10-01,1.11,-0.9739798549157195
2023-10-02,1.22,-0.9723689936675118
2023-10-03,1.22,-0.9707581324193042
2023-10-04,1.34,-0.9673899679912337
2023-10-05,1.34,-0.9640218035631631
2023-10-06,1.34,-0.9606536391350927
2023-10-07,1.61,-0.9533315425523305
2023-10-08,1.58,-0.9464487717645346
2023-10-09,1.61,-0.9376622558652202
2023-10-10,0.91,-0.9391266751817727
2023-10-11,1.06,-0.9383944655234964
2023-10-12,0.91,-0.9394195590450831
2023-10-13,0.91,-0.9408839783616355
2023-10-14,1.17,-0.9373693720019098
2023-10-15,0.91,-0.9373693720019098
2023-10-16,0.91,-0.9373693720019098
2023-10-17,0.89,-0.9376622558652202
2023-10-18,1.47,-0.9281435303076296
2023-10-19,1.61,-0.917306827365142
2023-10-20,1.69,-0.9058843566960335
2023-10-21,2.69,-0.879817692861401
2023-10-22,4.16,-0.8322240650734486
2023-10-23,5.27,-0.7683753828717647
2023-10-24,5.7,-0.699694116925458
2023-10-25,9.98,-0.5683357042307091
2023-10-26,12.1,-0.40900688258980983
2023-10-27,9.79,-0.2835061471612703
2023-10-28,7.04,-0.2000342461177847
2023-10-29,5.97,-0.1322316317614094
2023-10-30,4.98,-0.07716946545903977
2023-10-31,3.81,-0.03763014391212528
2023-11-01,2.94,-0.3942785158349467
2023-11-02,2.3,-0.382924748421809
2023-11-03,1.96,-0.3764068449068596
2023-11-04,1.87,-0.3708350886763382
2023-11-05,1.7,-0.3670504995386256
2023-11-06,1.56,-0.3675761369188636
2023-11-07,1.67,-0.3666299896344354
2023-11-08,1.87,-0.36389667525719843
2023-11-09,1.75,-0.35506596726920253
2023-11-10,1.56,-0.34980959346682416
2023-11-11,1.87,-0.33971735576625717
2023-11-12,3.07,-0.3170098209399817
2023-11-13,3.97,-0.28757412764666174
2023-11-14,4.88,-0.24583851965577586
2023-11-15,2.35,-0.23070016310492555
2023-11-16,2.25,-0.21640282636245586
2023-11-17,2.25,-0.20820288323074537
2023-11-18,4.13,-0.1817107592667572
2023-11-19,3.8,-0.15952886182071985
2023-11-20,3.57,-0.1502776439285336
2023-11-21,2.95,-0.16299806853028959
2023-11-22,2.69,-0.19012095735056297
2023-11-23,1.79,-0.2312258004851635
2023-11-24,1.79,-0.31732520336812453
2023-11-25,4.9,-0.39301698612237584
2023-11-26,3.97,-0.4542011771820624
2023-11-27,4.69,-0.4789061340532416
2023-11-28,6.21,-0.4763830746280999
2023-11-29,6.59,-0.45945755098444097
2023-11-30,7.7,-0.4185629628019357
2023-12-01,11.44,-0.7023306313450712
2023-12-02,14.69,-0.6626080491241287
2023-12-03,13.45,-0.625770884497928
2023-12-04,10.81,-0.5971090697234949
2023-12-05,9.14,-0.5732562842736312
2023-12-06,6.86,-0.5562643806601529
2023-12-07,5.74,-0.5432158810928216
2023-12-08,5.74,-0.5308085854354327
2023-12-09,5.62,-0.5184012897780439
2023-12-10,6.21,-0.5034932988718791
2023-12-11,6.47,-0.48874560894319996
2023-12-12,7.56,-0.47435058116498907
2023-12-13,16.44,-0.4343715173800696
2023-12-14,29.2,-0.3564011219310527
2023-12-15,20.56,-0.29801950593078136
2023-12-16,17.79,-0.2481979621282434
2023-12-17,19.9,-0.19161171707581134
2023-12-18,23.44,-0.1297034795708557
2023-12-19,38.66,-0.017941638067865213
2023-12-20,25.8,0.053328176522251816
2023-12-21,7.87,0.06910179270683926
2023-12-22,6.47,0.08122054660475386
2023-12-23,9.14,0.10478479029514354
2023-12-24,6.99,0.12145609195365015
2023-12-25,5.51,0.123411763878975
2023-12-26,3.48,0.12184081429961566
2023-12-27,3.14,0.11687148399756078
2023-12-28,3.2,0.10722136515292521
2023-12-29,34.03,0.19519454159704638
2023-12-30,46.94,0.3209987487277791
2023-12-31,45.76,0.43102933967392476
2024-01-01,69.42,-0.726319116939359
2024-01-02,72.97,-0.6465359999225094
2024-01-03,99.0,-0.5283224063452922
2024-01-04,123.23,-0.3753913609747888
2024-01-05,125.49,-0.216374708224304
2024-01-06,104.91,-0.08344305979418001
2024-01-07,65.87,-0.002842273063280303
2024-01-08,39.84,0.043027657452791516
2024-01-09,19.9,0.06137831054352858
2024-01-10,14.97,0.07277206885406678
2024-01-11,10.81,0.07712850585515431
2024-01-12,8.01,0.0658285784954096
2024-01-13,6.86,0.03588310077100709
2024-01-14,6.21,0.016647755858510953
2024-01-15,5.29,-0.0001077710687512724
2024-01-16,5.74,-0.01908843197195315
2024-01-17,5.85,-0.04266680946399598
2024-01-18,5.29,-0.0873973641490139
2024-01-19,4.22,-0.1163241058362385
2024-01-20,3.0,-0.12285205912709951
2024-01-21,3.2,-0.12723530497127142
2024-01-22,2.94,-0.13554604632719325
2024-01-23,1.95,-0.1423018747842653
2024-01-24,4.32,-0.1438970009477404
2024-01-25,8.32,-0.13740926092150474
2024-01-26,23.08,-0.11068084436713685
2024-01-27,15.24,-0.09454192083079832
2024-01-28,14.75,-0.12038564556340672
2024-01-29,16.31,-0.16144338874596909
2024-01-30,29.4,-0.1833730223883692
2024-01-31,51.84,-0.2069379954588702
2024-02-01,67.42,-0.7634527138528007
2024-02-02,37.45,-0.815980924607018
2024-02-03,33.75,-0.8923452511429621
2024-02-04,29.53,-0.974239761361885
2024-02-05,25.1,-1.0423514835437548
2024-02-06,26.61,-1.0758568865366154
2024-02-07,22.83,-1.090373618704434
2024-02-08,22.28,-1.0883424709937104
2024-02-09,20.72,-1.0834352863984746
2024-02-10,18.78,-1.0766335018377744
2024-02-11,15.72,-1.0700536073631193
2024-02-12,15.52,-1.0626629606509908
2024-02-13,21.76,-1.0493922266586582
2024-02-14,30.98,-1.0274677793105533
2024-02-15,48.66,-0.9908388466448993
2024-02-16,55.49,-0.9484749086783785
2024-02-17,32.69,-0.9250911073028213
2024-02-18,34.51,-0.8992409122785279
2024-02-19,74.38,-0.8383235494249776
2024-02-20,89.29,-0.7648523282417026
2024-02-21,85.31,-0.6945558421356931
2024-02-22,61.46,-0.6437686151335245
2024-02-23,34.91,-0.6176623930868712
2024-02-24,31.58,-0.5978117646198836
2024-02-25,30.19,-0.5917439241899488
2024-02-26,32.29,-0.5771930550858154
2024-02-27,81.34,-0.5203635903559483
2024-02-28,90.28,-0.45723586087602175
2024-02-29,124.63,-0.3759643497448422
2024-03-01,152.86,-0.5205821902307999
2024-03-02,95.25,-0.49929764262857235
2024-03-03,102.21,-0.4497688139285995
2024-03-04,70.4,-0.42173867847686974
2024-03-05,115.11,-0.3562865913838541
2024-03-06,120.66,-0.28320174162212713
2024-03-07,126.61,-0.20672115375929048
2024-03-08,140.4,-0.11680292660895336
2024-03-09,135.47,-0.030234549207008177
2024-03-10,120.08,0.04575656289350606
2024-03-11,99.23,0.10728519582915837
2024-03-12,110.15,0.1795058149480351
2024-03-13,73.38,0.22375748308547258
2024-03-14,145.32,0.31825689744879376
2024-03-15,106.18,0.3757702995216472
2024-03-16,110.16,0.4228058610572918
2024-03-17,98.23,0.4554936643098679
2024-03-18,140.68,0.5380850511429452
2024-03-19,136.92,0.6164088211732768
2024-03-20,138.07,0.6651193075831173
2024-03-21,89.29,0.6651193075831173
2024-03-22,92.27,0.6704423564983708
2024-03-23,72.39,0.6788016847517788
2024-03-24,64.44,0.7013864023476747
2024-03-25,36.36,0.705042174447518
2024-03-26,33.4,0.707497201317915
2024-03-27,50.52,0.7214396124853104
2024-03-28,69.41,0.712315478353274
2024-03-29,34.53,0.6696775506197421
2024-03-30,35.28,0.6013421453642976
2024-03-31,50.35,0.522941894746104
2024-04-01,52.51,1.4601347621182932
2024-04-02,52.51,1.400830869541216
2024-04-03,36.85,1.360797758958501
2024-04-04,48.6,1.2814355477854358
2024-04-05,66.43,1.2167262903517364
2024-04-06,57.48,1.1342377975176652
2024-04-07,35.67,1.0092700576867348
2024-04-08,36.06,0.8906503401598296
2024-04-09,47.16,0.8036394780527786
2024-04-10,36.85,0.7292053368262584
2024-04-11,30.87,0.6346054856489823
2024-04-12,68.47,0.6287466906277865
2024-04-13,77.36,0.5476542854056909
2024-04-14,33.75,0.4612281095634845
2024-04-15,28.28,0.36352584147070693
2024-04-16,23.95,0.2748921766693939
2024-04-17,21.24,0.13237191652037936
2024-04-18,19.24,-0.008048246024296593
2024-04-19,16.55,-0.15305043970571222
2024-04-20,15.72,-0.2408369060416385
2024-04-21,15.72,-0.3321792194576393
2024-04-22,15.72,-0.39979997584280885
2024-04-23,14.16,-0.45979594603949714
2024-04-24,12.22,-0.4886006938626485
2024-04-25,11.41,-0.5148399815441359
2024-04-26,10.21,-0.5629393761071534
2024-04-27,10.21,-0.6335790227985605
2024-04-28,10.21,-0.6625985533312468
2024-04-29,10.21,-0.6925130118203277
2024-04-30,9.65,-0.7410777689206701
2024-05-01,10.21,0.5266324937649176
2024-05-02,11.41,0.4447609516825977
2024-05-03,16.55,0.40432318272223033
2024-05-04,19.26,0.34587765852039926
2024-05-05,16.13,0.24567963986490812
2024-05-06,15.12,0.16129816729539295
2024-05-07,14.16,0.11845006826398916
2024-05-08,13.43,0.07337091991063388
2024-05-09,12.73,0.004786073343863333
2024-05-10,12.06,-0.0445958129875406
2024-05-11,12.06,-0.08206548954638347
2024-05-12,11.41,-0.1957294844665091
2024-05-13,10.8,-0.3283175584567576
2024-05-14,10.36,-0.3749106331357226
2024-05-15,9.11,-0.41309743269090665
2024-05-16,9.65,-0.4415831517122491
2024-05-17,9.11,-0.46574621267231087
2024-05-18,9.65,-0.48484957249151894
2024-05-19,9.93,-0.4980366675909096
2024-05-20,10.21,-0.5090126334515805
2024-05-21,10.21,-0.5199885993122517
2024-05-22,9.65,-0.5320800898338985
2024-05-23,9.11,-0.542139731865911
2024-05-24,9.11,-0.5483348777509722
2024-05-25,8.6,-0.5539324211390821
2024-05-26,8.23,-0.5578765976189602
2024-05-27,7.19,-0.5638924627549362
2024-05-28,6.36,-0.5715616947991438
2024-05-29,5.89,-0.5801671707552417
2024-05-30,4.93,-0.5895694500406078
2024-05-31,5.44,-0.5990713297421324
2024-06-01,5.61,0.4857798992349251
2024-06-02,5.44,0.4219972362826885
2024-06-03,4.93,0.33972850900046064
2024-06-04,4.93,0.27542915480918695
2024-06-05,3.66,0.20963713703847267
2024-06-06,4.32,0.15314556157042514
2024-06-07,5.8,0.1093416265276199
2024-06-08,5.98,0.07058978359984337
2024-06-09,6.36,0.03786600512749864
2024-06-10,5.35,-0.0006561972495946385
2024-06-11,3.28,-0.04733063917593887
2024-06-12,2.58,-0.09452177234132028
2024-06-13,2.84,-0.13769419586974693
2024-06-14,2.84,-0.17369035218932616
2024-06-15,2.64,-0.21393485869654297
2024-06-16,2.45,-0.2521700103852824
2024-06-17,2.45,-0.29350530950824416
2024-06-18,2.45,-0.3364480924859877
2024-06-19,2.28,-0.3819743316589165
2024-06-20,2.45,-0.4265245984914417
2024-06-21,2.45,-0.46785989761440355
2024-06-22,2.45,-0.5060950493031429
2024-06-23,2.45,-0.5443302009918826
2024-06-24,2.45,-0.5796374356594123
2024-06-25,2.41,-0.6130501357838063
2024-06-26,2.19,-0.6417552046191964
2024-06-27,2.07,-0.6663841536799611
2024-06-28,2.27,-0.6871666235167835
2024-06-29,2.27,-0.7024377201372111
2024-06-30,2.27,-0.7206367337788482
2024-07-01,2.27,-0.1857117273886293
2024-07-02,1.84,-0.22618083688136825
2024-07-03,1.5,-0.2647389050925054
2024-07-04,1.41,-0.30430870104096136
2024-07-05,1.66,-0.3267915396480386
2024-07-06,1.8,-0.35511991629295586
2024-07-07,1.8,-0.40008559350711004
2024-07-08,1.8,-0.4470747261959014
2024-07-09,1.53,-0.5013707814319928
2024-07-10,1.63,-0.5431888612411564
2024-07-11,1.66,-0.561399960512889
2024-07-12,1.8,-0.5701682675696489
2024-07-13,1.8,-0.5818593436453291
2024-07-14,1.66,-0.5951242184235046
2024-07-15,1.66,-0.6061408093409724
2024-07-16,1.66,-0.6150215305907679
2024-07-17,1.53,-0.6253636363500235
2024-07-18,0.99,-0.6417761085331898
2024-07-19,0.79,-0.6585258232954623
2024-07-20,0.68,-0.6784231354627257
2024-07-21,1.53,-0.688765241221981
2024-07-22,1.8,-0.6960721637692813
2024-07-23,2.27,-0.698095619243918
2024-07-24,2.45,-0.698095619243918
2024-07-25,1.73,-0.7057397843703243
2024-07-26,1.53,-0.7131591211106598
2024-07-27,1.95,-0.7145080914270844
2024-07-28,1.95,-0.7181053456042167
2024-07-29,1.8,-0.7233888126768798
2024-07-30,1.8,-0.7286722797495432
2024-07-31,1.8,-0.7339557468222061
2024-08-01,1.21,-0.7231331209293472
2024-08-02,1.27,-0.7266549486230274
2024-08-03,1.8,-0.7206831538380915
2024-08-04,1.8,-0.7185394326332427
2024-08-05,1.8,-0.7185394326332427
2024-08-06,1.8,-0.7185394326332426
2024-08-07,1.8,-0.7185394326332427
2024-08-08,1.41,-0.7203769079516845
2024-08-09,1.73,-0.7188456785196496
2024-08-10,1.8,-0.716701957314801
2024-08-11,1.29,-0.7245112274181785
2024-08-12,1.29,-0.732320497521556
2024-08-13,1.29,-0.737986046420085
2024-08-14,0.62,-0.7539108325132471
2024-08-15,0.62,-0.7698356186064093
2024-08-16,0.62,-0.7837698064379263
2024-08-17,0.62,-0.7894353553364549
2024-08-18,0.62,-0.7920384453709142
2024-08-19,0.62,-0.7929571830301352
2024-08-20,0.62,-0.806891370861652
2024-08-21,0.62,-0.8249598781596629
2024-08-22,1.03,-0.8439471231168946
2024-08-23,1.01,-0.8659968269381961
2024-08-24,1.03,-0.8767154329624399
2024-08-25,1.03,-0.8843715801226139
2024-08-26,1.03,-0.8984588908973343
2024-08-27,0.96,-0.9136180622744792
2024-08-28,0.94,-0.9267866353899785
2024-08-29,0.94,-0.939955208505478
2024-08-30,0.94,-0.9531237816209776
2024-08-31,1.14,-0.954195642223402
2024-09-01,1.03,-0.7800101954966777
2024-09-02,0.76,-0.7924814059389661
2024-09-03,0.67,-0.8060318557464523
2024-09-04,0.62,-0.8201818829790486
2024-09-05,0.73,-0.833012839876403
2024-09-06,0.74,-0.8457238812887352
2024-09-07,0.76,-0.8535183878151653
2024-09-08,0.94,-0.8629917111319036
2024-09-09,0.76,-0.8754629215741918
2024-09-10,0.74,-0.882058273250402
2024-09-11,0.76,-0.888413793956568
2024-09-12,0.69,-0.8956087230578882
2024-09-13,0.69,-0.8947693146627341
2024-09-14,0.69,-0.8939299062675801
2024-09-15,0.72,-0.8927307514173601
2024-09-16,0.94,-0.888893455896656
2024-09-17,0.96,-0.8848163294059079
2024-09-18,0.94,-0.8809790338852039
2024-09-19,1.03,-0.8760624989993019
2024-09-20,0.94,-0.8722252034785978
2024-09-21,0.94,-0.8733044428437957
2024-09-22,0.85,-0.8752230906041478
2024-09-23,0.85,-0.8773815693345439
2024-09-24,0.94,-0.8784608086997419
2024-09-25,0.94,-0.8795400480649399
2024-09-26,0.94,-0.8797798790349839
2024-09-27,1.14,-0.8773815693345438
2024-09-28,0.94,-0.8773815693345438
2024-09-29,0.94,-0.8773815693345439
2024-09-30,0.62,-0.883617174555688
2024-10-01,0.55,-1.069459994354935
2024-10-02,0.49,-1.0734139265096263
2024-10-03,0.49,-1.0760498812794206
2024-10-04,0.49,-1.0779536263909386
2024-10-05,0.49,-1.0814682327506644
2024-10-06,0.49,-1.0851292810420454
2024-10-07,0.49,-1.0890832131967367
2024-10-08,0.54,-1.0949408904629463
2024-10-09,0.51,-1.0986019387543273
2024-10-10,0.49,-1.1022629870457081
2024-10-11,0.49,-1.1062169192003999
2024-10-12,0.49,-1.1091457578335044
2024-10-13,0.49,-1.112074596466609
2024-10-14,0.49,-1.115003435099714
2024-10-15,1.14,-1.108852873970194
2024-10-16,1.14,-1.1059240353370892
2024-10-17,1.14,-1.1032880805672949
2024-10-18,1.35,-1.0972839613694303
2024-10-19,1.52,-1.0901083067183235
2024-10-20,1.39,-1.083518419793838
2024-10-21,1.14,-1.080589581160733
2024-10-22,1.14,-1.0763427651427309
2024-10-23,1.14,-1.072095949124729
2024-10-24,1.14,-1.0691671104916245
2024-10-25,1.12,-1.06653115572183
2024-10-26,1.26,-1.0618450139088624
2024-10-27,0.76,-1.0674098073117615
2024-10-28,0.62,-1.072095949124729
2024-10-29,1.14,-1.0691671104916245
2024-10-30,1.53,-1.0558408947109976
2024-10-31,1.26,-1.0454435175634758
2024-11-01,1.67,-1.123442689700902
2024-11-02,2.0,-1.1075684408177187
2024-11-03,1.83,-1.0934813590273442
2024-11-04,1.67,-1.0810763168537307
2024-11-05,0.94,-1.07634558043159
2024-11-06,0.71,-1.0740327759585433
2024-11-07,0.93,-1.0699328043926881
2024-11-08,0.78,-1.0670943625394036
2024-11-09,0.69,-1.0649918130184524
2024-11-10,0.62,-1.063625155829834
2024-11-11,0.62,-1.0622584986412154
2024-11-12,0.62,-1.060891841452597
2024-11-13,0.65,-1.0592098018358358
2024-11-14,0.74,-1.0634149008777387
2024-11-15,0.76,-1.0674097449675464
2024-11-16,1.22,-1.066568725159166
2024-11-17,5.56,-1.0223100577431383
2024-11-18,6.21,-0.9730052714768274
2024-11-19,7.88,-0.9047775395219534
2024-11-20,6.69,-0.8464317903155513
2024-11-21,5.77,-0.7977577689055257
2024-11-22,5.77,-0.7490837474955002
2024-11-23,13.77,-0.6163077452474176
2024-11-24,28.84,-0.32489438164354967
2024-11-25,19.11,-0.1372418368986345
2024-11-26,17.38,0.03748002829242899
2024-11-27,15.3,0.1918071631302639
2024-11-28,11.17,0.297250021605978
2024-11-29,11.75,0.40469030212659596
2024-11-30,11.75,0.5149690245004981
2024-12-01,24.77,-0.37082820990476056
2024-12-02,23.71,-0.3012255254804943
2024-12-03,21.34,-0.23867608406559634
2024-12-04,19.7,-0.18087155158427326
2024-12-05,15.8,-0.1332301010755399
2024-12-06,13.89,-0.09097476341032425
2024-12-07,10.62,-0.05990843397360652
2024-12-08,8.92,-0.033811434838943825
2024-12-09,45.35,0.10936939825123274
2024-12-10,40.58,0.23748193945775903
2024-12-11,23.73,0.3115730512516232
2024-12-12,19.11,0.3708523527258142
2024-12-13,21.06,0.436287211735454
2024-12-14,28.88,0.5265046018643742
2024-12-15,22.28,0.595498142574195
2024-12-16,17.38,0.647307418497555
2024-12-17,16.31,0.6817721286569681
2024-12-18,15.3,0.7109148463638585
2024-12-19,12.78,0.7266243421574516
2024-12-20,15.4,0.7545487724354504
2024-12-21,18.54,0.7954896420852835
2024-12-22,17.38,0.8327115290574499
2024-12-23,15.3,0.8376167389685112
2024-12-24,15.3,0.7942072342653985
2024-12-25,14.34,0.7789145210132682
2024-12-26,11.75,0.7608646309483849
2024-12-27,8.92,0.7404102262212168
2024-12-28,8.31,0.7312410103090377
2024-12-29,7.74,0.7183848719146895
2024-12-30,7.74,0.7055287335203408
2024-12-31,7.74,0.6509302205887306
