date,y_true,persistence,climatology,Ridge,RandomForest,GradientBoosting,MLP,XGBoost
2021-09-24,7.87,7.71,3.1155164835164832,9.799246820882983,7.205797975143721,7.341312497083312,5.520901070399735,8.226366
2021-09-25,7.96,7.87,3.1411538461538457,6.6264411451678455,7.095595974322562,6.5726008918011445,6.021248673019772,7.0482364
2021-09-26,7.87,7.96,3.199989010989011,5.789617709848933,7.17637726027192,6.5726008918011445,6.4722656488765224,6.7380033
2021-09-27,7.54,7.87,3.208868131868132,5.109568441058009,7.2033406214141795,6.5726008918011445,6.239388930811025,6.7380033
2021-09-28,7.22,7.54,3.20367032967033,4.832805875590708,7.238113975426728,6.5726008918011445,6.2203279788442645,6.7380033
2021-09-29,7.22,7.22,3.2279450549450552,3.846455926834924,7.113291652378251,6.5726008918011445,6.574228595219394,6.7380033
2021-09-30,6.84,7.22,3.201494505494505,6.153711979477304,6.905776529658711,6.773415930770105,4.955021160244125,7.026272
2021-10-01,7.3,6.84,3.1936703296703297,5.043722559866431,6.893289015805578,6.5368018382088575,5.970184606775815,6.791102
2021-10-02,7.71,7.3,3.212835164835165,2.417634523050303,6.5554039085299936,5.474268366060637,6.919119365508705,6.0521007
2021-10-03,7.87,7.71,3.1740879120879124,2.3404399503181708,6.809098988796925,6.5726008918011445,6.856317782948838,6.4718003
2021-10-04,7.54,7.87,3.1635164835164837,7.455957637181836,7.134294322493542,6.680443908867701,4.36570374437751,6.9179597
2021-10-05,9.6,7.54,3.2895164835164836,18.27788903750209,8.371012586311933,7.786916831757517,5.63733678662771,7.6889367
2021-10-06,11.71,9.6,3.4359120879120875,31.927959069331955,9.588680352858063,11.596163847845782,4.6795479429863285,8.734795
2021-10-07,12.18,11.71,3.5197252747252747,18.678514646415447,15.260425683214558,10.055512144548786,6.356822973687061,10.807639
2021-10-08,11.83,12.18,3.6211318681318683,12.732958168169562,11.66431278060944,10.899635720268215,8.509133847567115,11.513004
2021-10-09,11.83,11.83,3.668769230769231,11.577753647630045,11.588623903144649,10.513255496550878,8.274568711960448,11.196712
2021-10-10,10.51,11.83,3.7356483516483516,11.364805152654956,10.96015566412201,10.348285185707168,8.68446497560508,10.909523
2021-10-11,9.7,10.51,3.7874505494505497,11.135677397457732,10.946983909960487,10.348285185707168,8.339818802586018,10.778683
2021-10-12,9.31,9.7,3.7520879120879123,11.775998654665534,10.36955417586798,9.663995474690356,8.31240142611143,9.480698
2021-10-13,8.22,9.31,3.7089560439560434,6.492193804890512,9.527162469408914,8.553576142799171,6.35668274149636,8.678206
2021-10-14,8.04,8.22,3.687461538461539,5.832630414560818,8.970397907733936,8.71452284278059,7.381899216098755,8.980963
2021-10-15,7.54,8.04,3.6270879120879123,3.9876423843179403,7.54032380739353,6.733547591782561,6.93015581963212,6.9795146
2021-10-16,6.84,7.54,3.6220769230769227,3.589705112029691,7.446705609252716,7.019967185944663,7.1039032361718935,7.139176
2021-10-17,6.33,6.84,3.6881758241758242,3.0786196770908205,7.205132557764562,6.733547591782561,6.872632308762817,6.945226
2021-10-18,6.05,6.33,3.7708571428571425,2.475346137119331,6.539423693957075,5.510067419652924,6.455585752117675,6.0521007
2021-10-19,6.05,6.05,3.7976153846153844,6.606787278348378,6.105165795627656,6.0667128960370915,3.8379373499452027,6.20043
2021-10-20,5.78,6.05,3.814021978021978,4.387288140436667,6.119685691584466,5.704245756355231,6.453973553047911,6.467432
2021-10-21,5.52,5.78,3.9198131868131867,1.077409488542859,5.75584733476127,5.503476391919235,6.990645688585699,5.8049345
2021-10-22,5.52,5.52,3.994395604395604,0.7771967075392574,5.606179230979291,5.503476391919235,6.930012852080041,5.79188
2021-10-23,5.27,5.52,4.067505494505495,1.1335893895212088,5.502419565207515,5.503476391919235,6.403563818335226,5.635738
2021-10-24,4.35,5.27,4.064043956043956,1.0414758200276246,5.502419565207515,5.503476391919235,6.388341258858084,5.3648868
2021-10-25,4.24,4.35,4.090241758241758,0.8313122917883078,5.462175482828662,5.503476391919235,6.168799118180668,5.3648868
2021-10-26,5.78,4.24,4.159285714285714,0.9535438298637047,4.390685788806536,4.780285547731735,5.025116509787787,4.981424
2021-10-27,6.05,5.78,4.2538791208791205,1.2512821210081455,4.134438036323626,4.386531333656212,4.675283219286277,4.6516194
2021-10-28,6.33,6.05,4.34378021978022,1.2824805424102905,5.444918741317183,4.966730418731723,5.841734139750379,5.055283
2021-10-29,6.12,6.33,4.491582417582419,1.0784647727589913,5.616388854004006,5.216475237811213,6.34405533374869,5.340964
2021-10-30,6.61,6.12,4.533197802197802,8.860779571592095,6.377131028073937,7.200425763838382,3.688182342206771,6.646118
2021-10-31,6.61,6.61,4.621879120879121,16.021692556948327,7.081809038753781,8.627323145004784,6.152213915390498,7.596031
2021-11-01,6.33,6.61,4.646318681318681,9.973023387863664,7.2692034043173495,8.23489838263492,7.742241549510949,7.5766315
2021-11-02,6.33,6.33,4.727461538461539,3.7595915948899297,6.749884648850669,5.322070919183858,5.4067931786276775,6.503015
2021-11-03,6.33,6.33,4.644395604395604,2.2149753747039433,6.2444710954670954,4.947268927551106,6.968213457549235,5.7089024
2021-11-04,5.84,6.33,4.57178021978022,4.345806056192949,6.035908134664736,5.503476391919235,5.353865908071618,5.87207
2021-11-05,6.05,5.84,4.511747252747253,3.8859470779649534,6.400048261985662,5.503476391919235,6.243236476764675,5.7757316
2021-11-06,5.71,6.05,4.677417582417583,1.502546030421751,5.708646132508805,5.65675250170267,7.825575696772466,5.8579197
2021-11-07,6.05,5.71,4.773571428571429,0.24864478104740684,5.676754050865351,5.65675250170267,7.496603469997328,5.7017775
2021-11-08,6.05,6.05,4.858593406593407,0.8918773897644421,5.636505371044357,5.65675250170267,6.5253316954255185,5.6424
2021-11-09,6.05,6.05,4.915802197802198,1.6847689461081714,5.688175905596449,5.65675250170267,6.195569672148756,5.8335543
2021-11-10,6.33,6.05,5.37667032967033,10.029903437735308,6.343587119229555,7.581384438436265,4.469942998684501,6.7170577
2021-11-11,6.33,6.33,5.719945054945055,20.228796171375354,6.9319965668388415,9.057354399491226,7.2375152644763805,8.093448
2021-11-12,6.33,6.33,6.034747252747252,33.449487298095676,11.120772226224892,12.059606470607447,10.452453324083546,9.3231125
2021-11-13,6.61,6.33,6.182296703296703,19.80037171153907,8.190422835737017,9.845570216352792,9.205326140567061,6.795189
2021-11-14,6.91,6.61,6.33943956043956,6.060254722612168,7.499588303801164,5.555478836979,9.498106774523675,6.7704577
2021-11-15,6.61,6.91,6.418582417582418,10.489521433616536,7.82099677034063,7.940372631559603,12.096815117815007,8.052208
2021-11-16,6.61,6.61,6.630813186813187,13.24737731742783,7.620308150026032,8.735826227564838,9.767359638848033,10.028534
2021-11-17,6.61,6.61,6.5628131868131865,7.1560506491887,7.013664766620012,5.883263668992829,9.124085106208916,6.848492
2021-11-18,6.4,6.61,6.558362637362637,3.4245412086667635,6.439310372477528,5.503476391919235,6.113607197429407,5.580502
2021-11-19,6.33,6.4,6.656560439560441,2.8696182320841217,6.365069631056486,5.503476391919235,6.842501528236104,6.364974
2021-11-20,6.91,6.33,6.755659340659341,8.966287931151275,6.970144181931604,6.0667128960370915,4.691285983539086,6.497176
2021-11-21,7.54,6.91,6.795648351648351,6.461985278910827,6.848230372353508,5.41782616219313,7.1406704061933,6.284622
2021-11-22,7.07,7.54,6.868087912087913,3.4229497603876027,6.577446630183019,5.510067419652924,7.813932658203303,6.8302794
2021-11-23,7.22,7.07,6.806043956043956,9.454660091861053,7.595867597755956,7.879888853659922,5.882878636110544,7.7098618
2021-11-24,7.54,7.22,6.661318681318682,32.87153727365279,9.247180028085664,10.976150135748147,11.335326155053037,8.691656
2021-11-25,9.6,7.54,6.522131868131868,31.81954011755793,9.21192658904248,10.872459296375904,17.420088178313204,8.65133
2021-11-26,11.38,9.6,6.331417582417584,36.37065698989841,15.46076501100132,20.4756592680878,24.29497276187917,15.74468
2021-11-27,18.25,11.38,6.3814175824175825,43.490798287510415,35.63131996378349,23.359125200940397,27.89355149582101,20.012077
2021-11-28,26.85,18.25,6.384076923076924,31.327880566393134,36.787905540865765,23.36569989355566,26.021520506544935,22.136118
2021-11-29,24.68,26.85,6.542857142857143,22.881414188193958,32.61447995087233,24.514085085428754,24.70409893054664,28.395933
2021-11-30,16.4,24.68,6.677428571428572,24.083590319412885,21.40386687910652,22.8692428629987,20.33236440724949,25.702251
2021-12-01,14.44,16.4,6.797285714285714,30.37298284890253,31.245898382240025,33.02511245937231,30.188210278662847,25.188423
2021-12-02,15.97,14.44,6.965098901098901,26.17856932577918,27.949729155349065,24.863053003730652,25.602817023058297,30.147861
2021-12-03,17.78,15.97,7.011736263736263,16.79409838063699,16.360593177016835,17.31998082339076,21.628804640436567,19.31458
2021-12-04,18.41,17.78,6.884417582417583,21.171368161635197,23.28882831217335,19.33998603187552,22.637287416266393,20.679382
2021-12-05,24.68,18.41,6.976054945054946,31.83706951183092,24.647594828576253,24.379078717560773,22.740402753095136,26.589546
2021-12-06,24.68,24.68,7.1670439560439565,28.987142153147982,29.438159311122032,26.345833495595468,27.438355779665468,33.751667
2021-12-07,31.21,24.68,7.422989010989011,23.894140490116495,27.733712237792272,29.275424842150365,23.370027631912354,33.437855
2021-12-08,57.31,31.21,8.454747252747254,29.423631740828608,32.64296468044264,33.8701914903283,30.873169635395097,34.123642
2021-12-09,94.3,57.31,9.894274725274727,45.29900581464798,58.219471865112816,56.93858752745173,40.78796745044302,61.765606
2021-12-10,84.51,94.3,11.48921978021978,62.61447207446328,73.5613292310572,77.76840877513388,70.73332920918688,81.71836
2021-12-11,52.96,84.51,13.188846153846153,69.01463841168805,49.69242804072333,64.8099280561694,52.90720511523894,55.075127
2021-12-12,34.47,52.96,15.263571428571428,56.548569857169866,43.262250193476554,47.500147699195686,33.22599967667764,40.411133
2021-12-13,17.46,34.47,17.386824175824177,41.950666353685605,52.079555038366856,45.395717873062644,33.134360901295025,44.72028
2021-12-14,16.55,17.46,19.413912087912085,36.062121220671756,44.40132350979729,42.29218571257774,40.7458353555667,43.674488
2021-12-15,15.54,16.55,20.814054945054945,24.55544734764877,26.812291014031327,24.757625050713248,26.43314710056273,26.723898
2021-12-16,16.55,15.54,22.17440659340659,40.39441775384179,29.2932477875256,33.034026990712064,31.655090556095903,38.74085
2021-12-17,17.46,16.55,23.56102197802198,37.45739965122835,35.557440262157776,33.334135065552275,27.84947726213711,36.520527
2021-12-18,16.7,17.46,24.377164835164837,23.511980792858044,28.111292152664767,32.94535412199296,26.483965684246815,31.33067
2021-12-19,30.12,16.7,24.749,24.41939179235399,34.047108249871016,28.56453184359271,26.445643461434948,34.544106
2021-12-20,66.02,30.12,25.129296703296706,31.07100666144794,30.764855099589102,40.00562037163871,25.358197170488875,45.441147
2021-12-21,42.08,66.02,25.801846153846153,36.757712619157694,49.69145945786371,52.155616162179356,37.68569158213996,59.911972
2021-12-22,55.14,42.08,26.505318681318677,52.32198703082989,47.47186620073152,59.957805357872296,45.811439198656785,60.862267
2021-12-23,26.13,55.14,27.356186813186813,34.17052673863741,30.947630513251138,30.864506086090227,28.927599574383688,27.765734
2021-12-24,50.79,26.13,29.01808791208791,64.09280200898395,75.7320910196494,73.38189046747402,84.90684036760847,79.31405
2021-12-25,66.02,50.79,31.072582417582417,59.002153422960035,59.97724289482884,62.92987923244143,68.76406527261949,84.29594
2021-12-26,50.79,66.02,34.335032967032966,52.43129359239961,65.46903816271586,67.55898362723651,66.19568744753956,64.04403
2021-12-27,48.61,50.79,36.74369230769231,59.18823183545923,79.8463508714304,77.79426364976061,55.13104844565425,76.464966
2021-12-28,37.73,48.61,38.238945054945056,52.76850152934662,60.5146861191267,64.15482181551957,53.2173278549926,65.0542
2021-12-29,25.77,37.73,40.74937362637363,43.954178503488365,44.3488892598521,42.13342598807752,42.491231126378764,46.911926
2021-12-30,17.78,25.77,40.418406593406594,39.555712183135775,38.38104601995639,35.461816827386,42.60560246216123,35.712273
2021-12-31,15.97,17.78,39.34973626373626,25.457158134061967,23.69102935576814,24.447717687047934,23.545201075406002,20.356928
2022-01-01,13.78,15.97,38.49290109890109,21.35700219234527,18.181266445716947,20.375193549160528,18.689045530004467,16.078619
2022-01-02,11.38,13.78,37.875417582417576,17.13287218837495,17.874906567286605,18.7595794924308,12.821893051105116,17.66334
2022-01-03,10.51,11.38,40.10742857142857,11.648562570238997,11.970486695156325,14.1764663815474,9.246077010705987,14.298866
2022-01-04,9.31,10.51,40.75817582417583,11.583786489883812,11.559788760364079,13.093166824618063,9.763894635749141,13.791989
2022-01-05,8.57,9.31,42.71020879120879,13.93576596532457,10.946719013104644,11.889188404808717,8.69158720738488,11.429221
2022-01-06,8.57,8.57,45.45378021978022,18.153556921992546,15.068861838093277,13.483463769247601,13.122661766334884,12.550099
2022-01-07,25.77,8.57,45.92664835164835,21.892958637050643,15.80554939943879,15.793939261145283,14.32494622587682,14.687009
2022-01-08,26.85,25.77,47.17294505494505,29.144244927145436,21.997027809666914,18.370249147807897,20.06056345154286,17.542068
2022-01-09,24.68,26.85,47.618527472527475,41.15899335367337,43.94740930643847,44.61176701211833,34.315305149349086,44.770813
2022-01-10,62.75,24.68,46.003362637362635,49.6109311043123,46.201367113713204,57.330973833625386,47.95728760927226,76.491806
2022-01-11,94.3,62.75,45.218714285714285,41.66235321351863,47.198286511527286,53.834782534375734,45.68095527263245,51.8305
2022-01-12,94.3,94.3,46.954142857142855,53.562725300566186,74.5916205900911,71.64466550274595,59.292852733028624,73.02486
2022-01-13,100.82,94.3,47.966846153846156,93.17725312381462,119.75863594769584,105.42052745025494,114.45895927764045,124.43302
2022-01-14,117.14,100.82,50.99486813186813,87.69098346296434,82.79338509909522,90.59899578125861,102.98929636037161,90.60029
2022-01-15,113.88,117.14,53.00442857142857,74.56637900228074,65.64466144041877,58.545017260367416,61.559913392174124,56.96855
2022-01-16,160.49,113.88,54.80332967032967,106.63886556676553,116.2545423029104,119.91824617089368,126.88724590970833,93.61046
2022-01-17,170.03,160.49,55.52981318681318,115.69122030387794,135.87306314007364,136.460662746031,146.8100896284824,146.11522
2022-01-18,94.3,170.03,55.82614285714285,126.18458163453087,94.75666225709116,118.79328713045199,117.23983334113456,101.82678
2022-01-19,133.46,94.3,56.177626373626374,142.5254108923403,182.51827292069723,135.73042069310634,144.50687425740125,126.71032
2022-01-20,146.71,133.46,55.07459340659341,93.17932814236649,100.20132175001773,102.670459627032,99.51259565170761,102.31397
2022-01-21,179.57,146.71,54.04283516483516,109.53715535416869,112.36947769993085,104.07565234298193,119.25161698357233,107.957504
2022-01-22,165.26,179.57,53.74167032967033,134.21581067475924,150.65832803251442,149.43502356194188,142.12918513046273,145.61234
2022-01-23,180.1,165.26,53.83626373626374,152.63632153078458,175.76760872396122,149.96282612148224,153.79821067770746,160.96863
2022-01-24,166.32,180.1,55.394285714285715,149.2570874409767,185.92145901755651,160.99546220118836,160.75876485781873,184.79272
2022-01-25,200.77,166.32,57.32137362637362,160.92508676355044,194.16611955064187,188.24912922007326,189.5569990710278,202.4022
2022-01-26,181.16,200.77,58.67313186813187,151.91610672083203,168.1388358390288,169.68207985042957,163.72222045913696,178.05074
2022-01-27,167.38,181.16,61.60354945054945,163.03599675429427,133.6128279768842,141.98171878401655,148.0426443458656,116.779015
2022-01-28,116.05,167.38,63.58352747252747,165.32504302701346,192.18472750813234,160.5328226371719,171.02462325151575,165.78949
2022-01-29,117.14,116.05,65.22991208791208,167.2034278749323,199.82380513821062,191.7148865738528,206.3276964647125,192.57959
2022-01-30,179.04,117.14,67.64882417582417,143.93009491808976,133.2051242102008,196.31857436136542,201.99761159556763,167.9929
2022-01-31,200.24,179.04,69.2403076923077,134.81509602444385,142.53067405771193,165.1383327280032,176.57141866911903,149.8514
2022-02-01,238.4,200.24,68.86525274725274,175.9031480069221,197.0518350296617,188.17857843601257,204.99131628341146,186.79886
2022-02-02,233.63,238.4,67.38173626373627,181.6988345158993,169.90456111270677,185.8493687337347,174.83691118876743,180.7212
2022-02-03,207.66,233.63,67.28123076923077,202.12364922064546,193.8806222776243,206.05256685710145,201.4676409171924,191.37355
2022-02-04,132.37,207.66,66.29839560439561,202.13521320752545,193.33614234349938,207.52488228472464,195.24287884993907,204.04012
2022-02-05,88.86,132.37,65.35354945054947,173.83387429989307,131.239508436324,140.10812445351613,147.8663461597341,125.33118
2022-02-06,87.77,88.86,63.665615384615386,123.25520264909177,83.82984944474411,91.93352907515711,102.20435067926164,82.61772
2022-02-07,100.82,87.77,63.84457142857143,97.47061185557902,93.64603602223384,92.23446931963035,96.24871540835406,81.068344
2022-02-08,82.33,100.82,65.66436263736264,99.59429332786341,101.03476848562113,104.37239475893259,97.81416589066848,98.27875
2022-02-09,79.07,82.33,66.78524175824175,109.93613172657047,111.5856793077228,111.89273539028181,108.07581622772051,106.86727
2022-02-10,61.66,79.07,65.3331098901099,86.38582412053157,72.96582878934503,74.79780524855872,75.20979476417705,68.93156
2022-02-11,45.35,61.66,65.08018681318681,75.57277685274346,73.59279085559085,80.86992937244365,67.44688702637625,72.35654
2022-02-12,38.82,45.35,64.85614285714284,78.72413812613907,93.62023576547512,92.43396503009457,84.6173025453553,88.26295
2022-02-13,58.4,38.82,65.93726373626373,70.63206549578786,68.72402100264526,73.93221664585448,74.94530870276918,66.87658
2022-02-14,72.54,58.4,66.841,55.089514510824785,47.51073912293042,55.91330461929652,53.41004768879484,46.08946
2022-02-15,69.28,72.54,66.34790109890109,64.17249584887006,79.74973976040609,68.50941948266393,59.0000230349647,63.131496
2022-02-16,72.54,69.28,68.53875824175825,72.8463337697122,78.55452333953825,79.27584025421818,62.652191205395184,73.1316
2022-02-17,62.75,72.54,72.48284615384615,67.5617956390519,76.30494933080662,77.29357751285346,60.80286841486965,77.22585
2022-02-18,50.79,62.75,74.22181318681318,73.21083481139763,90.20578024025919,86.7016032153123,74.50546688617318,88.51675
2022-02-19,39.91,50.79,77.62343956043956,66.77793568716329,72.24801343029237,76.6068521363877,70.07813589736482,75.67484
2022-02-20,37.73,39.91,79.45218681318681,58.14261027447545,73.33526682930703,78.40180664952582,68.55829889498548,67.77894
2022-02-21,74.72,37.73,79.78936263736264,54.25551240582115,57.302145007667875,61.44227570567497,59.44828699564171,64.35665
2022-02-22,70.37,74.72,83.78126373626375,44.12139871921691,45.25065973764744,40.97564855453785,46.686188555927956,43.34626
2022-02-23,68.19,70.37,85.75260439560441,65.5758318509424,80.61363979221677,70.34721868561789,71.22507724053646,84.504616
2022-02-24,58.4,68.19,87.25842857142857,74.68080859467031,93.59509104595894,85.58895781518521,82.22463728655703,87.98734
2022-02-25,72.54,58.4,90.54921978021979,70.89130380083876,94.51304626552489,93.21648773641324,81.38956072834353,93.6573
2022-02-26,76.89,72.54,90.36611800104659,55.40630476539153,51.36755206039414,58.50822929695141,66.06826530829242,58.449783
2022-02-27,59.49,76.89,90.41980219780221,56.67188087437993,59.48483393373794,69.74515124792613,60.204068922603696,74.48516
2022-02-28,45.35,59.49,90.38627708006278,76.5522560284651,100.65702795784031,113.62703093486296,89.04457323547564,96.18313
2022-03-01,38.82,45.35,88.15637774725276,62.87683883912981,54.01680291215528,56.71654431322893,71.42995427656658,50.80724
2022-03-02,38.82,38.82,84.85760576923076,43.063091123422794,46.88476981309689,41.79002663518276,52.88939355964084,39.424908
2022-03-03,67.1,38.82,82.38664580062793,48.71450417628205,44.07022421262654,43.988261678896315,48.51705525418903,39.531418
2022-03-04,72.54,67.1,79.76827217425432,72.9992589349988,65.80738209367034,74.22202970861424,64.00762814574757,85.93831
2022-03-05,51.87,72.54,77.70834020146519,81.55585097846246,89.29165608422798,76.01073100475324,74.86807062928153,71.92935
2022-03-06,42.08,51.87,75.49838441915229,70.13888334507759,67.39111701533352,72.87133535890477,70.8720159725642,64.90749
2022-03-07,35.56,42.08,72.83665992935634,48.83995165168437,45.96548783230865,38.45936627459818,51.431638663085906,43.07147
2022-03-08,33.38,35.56,69.7268643754205,44.390514082801296,34.94650558267379,41.72852623216976,51.09487107929458,38.83064
2022-03-09,27.94,33.38,68.12398755326306,52.796545298208585,45.14630497092011,44.64547198756651,62.77600909060814,44.544266
2022-03-10,35.56,27.94,64.85731408387531,58.5866323468481,57.81252467486481,56.81248971421336,64.00857568101615,57.588223
2022-03-11,37.73,35.56,61.87758880915003,54.53899365532679,52.75489921713493,52.266716515890145,56.77603254434521,58.33084
2022-03-12,66.02,37.73,59.83731486880466,62.61485402835976,71.61272731617606,67.99026019847003,69.2001133132499,79.80236
2022-03-13,50.79,66.02,58.34193810271362,56.550580011103,57.49713357432768,55.97986747193033,62.11682782350631,65.77348
2022-03-14,52.96,50.79,57.8190228750841,71.19736954168314,95.78148852038973,89.91570600602132,86.28149831821119,98.77601
2022-03-15,75.81,52.96,58.11938220453016,75.77786077307005,85.42255429055861,92.70690932691915,97.1856568716199,98.33319
2022-03-16,61.66,75.81,57.733876373626366,59.773410456158864,47.86058304341491,64.80108799850375,69.76216180388717,67.04102
2022-03-17,37.73,61.66,57.11971310832025,62.78952128676136,51.618752402712495,58.719960117022644,53.73201056120181,54.38295
2022-03-18,48.61,37.73,56.555965855573,65.6931325904463,76.17055745929098,75.11757530676633,73.67227201788566,75.76322
2022-03-19,57.31,48.61,55.320532312925174,44.23155284989491,38.510800768549444,45.939033430347564,43.82505045758593,49.203182
2022-03-20,60.58,57.31,54.60273901098901,53.59787694582167,50.17230824604135,49.39860314105321,63.42296967617174,60.288887
2022-03-21,64.93,60.58,52.99317464678179,59.20562325880923,49.196815812172524,48.94312730721949,57.15276924041544,49.441433
2022-03-22,59.49,64.93,51.08170723606751,55.72434905508165,55.98126583082197,56.91958324841726,50.1572627085137,57.95821
2022-03-23,72.54,59.49,49.429547924843014,68.07824216476403,84.21763275085033,80.70129354515012,81.2872782432317,75.21496
2022-03-24,50.79,72.54,48.04578261872057,61.87805867075798,50.91112665488995,53.026038308159904,71.42057194119161,54.287186
2022-03-25,47.52,50.79,46.786991409929364,71.6714962945887,88.07453428541427,92.34420556765332,87.94970718769892,87.734924
2022-03-26,39.91,47.52,46.417205172357406,56.68621525070803,44.46355017552139,51.38329016430598,61.98167995911495,51.347008
2022-03-27,37.73,39.91,46.349053419348515,53.887261493689564,54.44174003397866,54.0489317151426,66.05539653795677,52.34836
2022-03-28,64.93,37.73,47.111804596742545,48.648027249807306,39.580154088197006,41.74367277898893,51.51313180149633,41.850723
2022-03-29,52.96,64.93,47.83794822409733,39.990417745556265,30.008375985109858,31.405261553534267,39.87198356568379,30.52626
2022-03-30,32.29,52.96,49.2646907378336,53.294032225455005,53.117090380701285,48.897800988401976,39.90504586283432,49.278053
2022-03-31,29.03,32.29,50.436626373626375,55.3769279665188,55.08441000364794,47.25706709298462,57.27099028303959,48.879147
2022-04-01,35.56,29.03,50.35562637362638,47.513969570435876,45.906511586758704,49.93837490680542,57.324906956527855,54.902584
2022-04-02,42.08,35.56,49.98674725274725,42.34818399877489,40.76253623620213,45.180359660505694,47.27126979152039,50.01255
2022-04-03,55.14,42.08,50.03449084249085,42.86696408815858,41.85539646100116,42.82655795049837,42.187713494793535,46.896294
2022-04-04,101.91,55.14,50.2083076923077,45.15501443169528,40.119872092621556,41.90840647389143,42.40927991374737,42.5277
2022-04-05,52.96,101.91,49.71895970695971,49.76557010891503,49.479297705249365,39.54527511368558,41.79535187310631,39.10215
2022-04-06,57.31,52.96,48.255342490842494,83.80924087825794,97.38315781821152,80.93674077722088,81.11836793232342,90.04676
2022-04-07,73.63,57.31,46.943993589743584,60.46255573937661,59.963789039462306,53.87991066553982,66.68993334619162,60.24364
2022-04-08,76.89,73.63,46.89629212454212,51.72339697038265,70.31375635435396,61.430979553783594,54.90254632122156,63.730545
2022-04-09,88.86,76.89,46.51567857142857,96.78009517621904,103.76621286883609,100.80665093855372,114.66069881902229,120.573044
2022-04-10,66.02,88.86,45.87729761904762,84.76067903324353,52.81658499096023,68.8065963925093,93.1205650339696,65.19694
2022-04-11,57.31,66.02,43.78055952380952,71.18727388457451,56.99456958100864,50.986607205377005,49.94821395298109,48.914318
2022-04-12,55.14,57.31,42.07234523809524,59.0928032601686,51.10946229866909,48.11580119013762,43.93172815039766,48.994415
2022-04-13,48.61,55.14,40.67459523809523,52.532634451042455,44.098067003790554,41.369542629739314,43.78999353835873,38.725044
2022-04-14,46.43,48.61,39.807654761904764,52.531827900982705,43.56021238716058,41.63937025723894,44.72841807307873,37.3645
2022-04-15,46.43,46.43,38.401678571428576,48.18093563556092,38.34594123880618,34.2904337294544,42.19054978844494,35.330624
2022-04-16,46.43,46.43,37.24236904761904,40.547046739530785,35.832008747403705,33.070737809361894,31.54436765431883,31.713142
2022-04-17,41.0,46.43,35.29589285714285,41.247375789523346,35.97179302767517,33.06425622867541,34.91164556829722,31.47982
2022-04-18,37.73,41.0,34.272083333333335,41.23518053174314,37.098896515272095,33.06425622867541,37.21632318751181,33.653393
2022-04-19,29.03,37.73,33.36745238095238,37.282385052242674,32.348835366995246,29.494552653242028,35.02717524094598,30.46841
2022-04-20,29.03,29.03,32.42675,34.15115525963422,32.00066591637834,28.833646322068642,33.172549669500334,28.989819
2022-04-21,29.03,29.03,31.643654761904763,27.986377553440416,27.62643762333048,25.979917200117875,28.599556772390418,26.304995
2022-04-22,24.68,29.03,30.58044047619048,26.35368897046593,27.808884957475964,25.979917200117875,25.98177971032376,26.864878
2022-04-23,24.68,24.68,29.440833333333334,26.58709611496928,26.435571336884166,25.979917200117875,25.03751379229549,26.595152
2022-04-24,24.68,24.68,28.44147619047619,23.0204092458049,24.66950437053399,24.63193206306599,22.871231867704346,22.966187
2022-04-25,24.68,24.68,27.49290476190476,21.979540164163705,24.45966730185448,22.646477804928505,21.775526868437197,21.545485
2022-04-26,22.5,24.68,26.278238095238095,21.974485421119006,24.34284359137596,21.93670509342825,21.186436089923678,21.44945
2022-04-27,18.41,22.5,25.23127380952381,21.732925456640103,24.61454890193982,21.93670509342825,21.047998878094074,21.219967
2022-04-28,17.78,18.41,23.893702380952384,20.29740591752802,21.512656815477847,20.27814848254544,20.612561805886546,20.621145
2022-04-29,11.38,17.78,23.169702380952383,16.895737819433688,16.440537658640075,16.234013908605498,17.3213452622474,16.813473
2022-04-30,15.97,11.38,22.777428571428572,15.61620578665099,16.36270322779137,16.234013908605498,15.264526373235732,16.772419
2022-05-01,15.97,15.97,22.383690476190477,12.022032577098665,11.825569401851189,11.682880614807866,12.500009169632792,12.867025
2022-05-02,15.97,15.97,21.535833333333336,13.487608012834832,14.845661173183931,15.91514023878192,12.891784193028345,15.954039
2022-05-03,15.97,15.97,21.0425,13.924630027282205,14.854794811343346,15.91514023878192,14.166208568500407,15.697178
2022-05-04,15.4,15.97,20.362321428571427,13.119832524701861,14.915707463479439,15.722432426515017,14.777023833923733,14.72614
2022-05-05,14.44,15.4,19.622321428571432,12.981127814109492,14.91165538222038,15.981891236576558,14.484713657390648,14.952367
2022-05-06,12.77,14.44,18.627714285714287,12.552557490905789,14.318840904901341,13.348504141049544,14.435984186917505,13.642592
2022-05-07,13.78,12.77,17.43865476190476,11.660979038645081,13.159863155703226,13.348504141049544,14.33104872323197,13.302333
2022-05-08,12.77,13.78,16.329666666666665,10.420134785163546,11.953854989608518,13.348504141049544,12.206235201577458,13.2320795
2022-05-09,13.08,12.77,15.812166666666668,10.661566608499783,13.074916138023669,13.348504141049544,12.945708335958852,13.2320795
2022-05-10,13.08,13.08,15.032630952380954,10.236525498205864,11.983908993206528,13.546684146633163,12.44354661382758,12.875947
2022-05-11,12.16,13.08,14.354738095238096,10.309152140715518,12.071475674382835,13.051756960461525,13.54864526094614,12.680226
2022-05-12,12.16,12.16,13.781773809523811,10.438326602747459,12.174050332887203,13.051756960461525,14.243989200803322,12.516482
2022-05-13,9.94,12.16,13.238833333333332,9.770945287837252,11.344630476944419,11.19342562195294,13.852625339139491,11.015704
2022-05-14,10.5,9.94,12.72717857142857,9.632233980346742,11.141093875687865,11.19342562195294,13.210327183107326,11.015704
2022-05-15,10.5,10.5,12.34554761904762,8.198848913375327,10.020285674429998,9.398716579044944,11.978433888445961,8.992621
2022-05-16,9.94,10.5,11.768630952380951,8.162220937673325,10.105507086965979,10.227841204682733,11.636990241104916,9.556666
2022-05-17,9.75,9.94,11.429369047619048,8.414647685644049,10.128710465272713,10.227841204682733,11.865220883226955,9.641504
2022-05-18,9.05,9.75,11.08432142857143,7.976702857283602,9.872058149876835,9.318236911760513,11.430936777601685,9.077459
2022-05-19,9.05,9.05,10.840095238095236,7.761989111720219,9.63405743256382,9.318236911760513,11.140825457068788,9.077459
2022-05-20,9.75,9.05,10.597714285714286,7.323594969091992,8.78327165740576,8.179443298185356,10.418084447546109,8.092966
2022-05-21,9.05,9.75,10.350678571428572,7.193628805777539,8.738092673242535,8.018496598203937,10.166308862990581,7.8676014
2022-05-22,9.05,9.05,10.018785714285714,7.679200307893396,9.334214784822741,9.157290211779094,10.590049335024565,8.852097
2022-05-23,9.05,9.05,9.762488095238094,7.30637292784607,8.78752189558469,8.018496598203937,10.142381348404252,7.8676014
2022-05-24,9.05,9.05,9.630714285714285,7.108951812568311,8.756371368881508,8.018496598203937,9.990822997236636,7.8676014
2022-05-25,8.08,9.05,9.356428571428571,7.168887468442339,8.738717665177806,8.018496598203937,10.083546832732834,7.8676014
2022-05-26,9.05,8.08,8.885880952380951,7.175143992371552,8.7525447167986,8.018496598203937,10.089556735744633,7.8676014
2022-05-27,9.05,9.05,8.60322619047619,6.56285825064969,7.617969610544621,7.176314960781067,9.560954022872357,6.9960017
2022-05-28,9.05,9.05,8.286809523809524,7.065366979447909,8.62377826755183,8.018496598203937,9.474397477336902,7.8676014
2022-05-29,9.05,9.05,7.973940476190476,7.2742196434958935,8.770084972468926,8.018496598203937,9.696215598629466,7.8676014
2022-05-30,9.05,9.05,7.714916666666666,7.161633208858987,8.792988485692225,8.018496598203937,9.124464136998137,7.8676014
2022-05-31,9.069488372093025,9.05,7.290988095238096,7.1590043133915415,8.825968215962213,8.018496598203937,9.556865250031274,7.8676014
2022-06-01,9.088976744186049,9.069488372093025,7.07525,7.1555711922470415,8.825968215962213,8.018496598203937,9.58341351665038,7.8676014
2022-06-02,13.24,9.088976744186049,6.89629761904762,7.168785513884206,8.837061530356152,8.018496598203937,9.53266031735357,7.8676014
2023-01-01,13.7,13.24,38.49290109890109,7.706355905809431,9.557459045635165,8.444954682198885,9.010249619855225,11.143369
2023-01-02,13.7,13.7,37.875417582417576,15.97109322167428,18.02488127998878,14.57094416489489,16.315561034924784,15.485749
2023-01-03,14.72,13.7,40.10742857142857,13.556007029094944,17.24654577794896,17.130557917365298,17.514717998113287,17.259409
2023-01-04,14.72,14.72,40.75817582417583,14.409208918813732,17.4445765836394,16.20790817835374,16.814108513892577,16.668615
2023-01-05,15.25,14.72,42.71020879120879,22.94324918379427,19.15706854103963,18.79051882775066,21.74008850583618,20.125423
2023-01-06,13.96,15.25,45.45378021978022,18.93416011180975,18.63630266186944,17.84460607788525,23.163877388140204,19.19657
2023-01-07,12.99,13.96,45.92664835164835,17.352983448170193,17.106377776863432,14.29926285264079,21.02519061204418,15.441993
2023-01-08,12.75,12.99,47.17294505494505,16.53860481584477,16.422140211560137,14.830235886465653,19.445759861875157,15.835519
2023-01-09,12.08,12.75,47.618527472527475,20.154871204468005,18.585235094772596,16.36024088623983,21.199141896599617,17.758436
2023-01-10,11.23,12.08,46.003362637362635,14.18152437925686,15.744910140860663,16.94296118831644,17.231347065862266,16.404676
2023-01-11,10.24,11.23,45.218714285714285,7.86843616503198,11.289260077250898,11.11294595466851,12.349819645499739,11.854726
2023-01-12,8.84,10.24,46.954142857142855,6.176310571932209,10.77797150328795,11.11294595466851,8.13577589411552,10.828615
2023-01-13,8.17,8.84,47.966846153846156,6.67967258040979,10.33264168433385,9.856701472243277,8.696691700679212,9.641504
2023-01-14,8.17,8.17,50.99486813186813,4.732007694682633,8.61175484200817,7.792082862904502,7.133213407416162,7.827336
2023-01-15,8.17,8.17,53.00442857142857,3.755025719867774,7.650873993258747,7.173243295728097,6.1787496227042045,7.139176
2023-01-16,8.17,8.17,54.80332967032967,2.4315523737723446,7.4473333131046475,7.019967185944663,5.757810557964407,7.139176
2023-01-17,8.17,8.17,55.52981318681318,11.210391184265582,8.936712427207356,9.089484800041145,8.478239152673618,8.581252
2023-01-18,8.81,8.17,55.82614285714285,13.056438809149203,8.807045653183804,10.263678793915167,13.175538949052997,9.596524
2023-01-19,8.81,8.81,56.177626373626374,9.745658451520244,7.8280105364495105,8.49545854563753,12.272246277554357,8.551235
2023-01-20,8.81,8.81,55.07459340659341,7.190257475308041,8.104929040971376,7.313841688105265,9.935094900971949,8.200345
2023-01-21,8.17,8.81,54.04283516483516,10.75935843753706,8.434626395625086,7.877078192223119,11.338106120186131,7.820024
2023-01-22,8.17,8.17,53.74167032967033,8.014888567763244,8.364601551519202,7.723669793194942,9.589449855485686,8.305349
2023-01-23,7.57,8.17,53.83626373626374,8.763168471712962,7.628264148060325,8.085630440547856,10.346454370990665,7.7124724
2023-01-24,7.14,7.57,55.394285714285715,12.603939961238051,8.13343263799904,7.713107752619479,11.238859102616507,8.191519
2023-01-25,7.57,7.14,57.32137362637362,12.668766726545817,8.03064527968132,8.798251220976653,13.264476501422509,9.189796
2023-01-26,7.57,7.57,58.67313186813187,10.530541045423732,7.416672593952044,8.49545854563753,11.681388787671034,8.7835245
2023-01-27,8.81,7.57,61.60354945054945,15.156055728784244,8.813108450108993,9.299595768762828,14.61959625453275,9.151406
2023-01-28,11.86,8.81,63.58352747252747,20.03606506014485,9.852648354240786,11.242439541906888,16.901376115240833,11.230945
2023-01-29,13.23,11.86,65.22991208791208,21.937649652949577,17.17488799957895,13.278226306577961,21.352222840466343,13.044149
2023-01-30,13.7,13.23,67.64882417582417,30.04487250178122,21.25971396147461,18.43370471051362,28.232616405380195,20.887285
2023-01-31,15.25,13.7,69.2403076923077,36.087657781760704,32.636622483450466,24.466789742405076,33.79441222727036,27.81996
2023-02-01,18.48,15.25,68.86525274725274,29.78409345870788,34.39688118559089,25.2515747133631,31.655444405532762,28.493437
2023-02-02,18.81,18.48,67.38173626373627,28.95755742049084,35.361031217531114,27.393309814200943,34.179559576537144,31.555267
2023-02-03,16.94,18.81,67.28123076923077,31.630727728386326,35.78318949226085,29.606381453809313,37.19061321397625,34.480507
2023-02-04,23.45,16.94,66.29839560439561,43.30656060268463,38.75027731346746,32.20773528497607,43.25511975241437,40.659657
2023-02-05,49.3,23.45,65.35354945054947,54.69100506045348,42.5631593155309,33.66285058159001,49.50562151982988,39.638687
2023-02-06,68.19,49.3,63.665615384615386,50.30226042141493,48.371622113116516,40.38427109564238,54.75989547634023,45.44797
2023-02-07,65.94,68.19,63.84457142857143,52.59549986662296,55.93002658537953,60.557089288100215,57.91405785603102,62.775745
2023-02-08,63.14,65.94,65.66436263736264,72.96158745102576,87.16081298047519,93.89554717477456,89.73873464077882,88.75769
2023-02-09,85.6,63.14,66.78524175824175,73.98808705917611,90.16089458302135,88.15690049036807,96.08326726297028,89.664604
2023-02-10,88.86,85.6,65.3331098901099,68.02096290386987,94.14444809462888,101.60854487937631,91.56740604926546,99.47067
2023-02-11,68.19,88.86,65.08018681318681,76.79715045904351,88.86114964588302,100.65847197360952,87.26122508828115,94.17301
2023-02-12,50.32,68.19,64.85614285714284,74.11592918173213,55.643187567114836,83.06883386763556,66.29064579225141,70.80836
2023-02-13,46.34,50.32,65.93726373626373,72.80348540368566,84.97697377070759,99.60118946757136,93.87186307734268,90.402176
2023-02-14,40.26,46.34,66.841,68.4304778989715,77.2228879402306,90.59909700154147,88.76020048243753,95.10416
2023-02-15,38.04,40.26,66.34790109890109,50.57840858535157,51.55336761489822,52.43244332256214,56.195004905455875,63.508106
2023-02-16,31.07,38.04,68.53875824175825,38.17740127270504,32.9299489283678,35.47475849504375,32.88900195219063,32.010983
2023-02-17,25.99,31.07,72.48284615384615,37.560901687836804,30.239419585767333,34.23356817585722,31.57454415248849,27.093199
2023-02-18,26.78,25.99,74.22181318681318,36.07385746243092,29.70907646471886,34.95800373780508,37.50612420611021,28.086967
2023-02-19,21.64,26.78,77.62343956043956,26.663028782056205,23.141431016329413,25.733733744496888,24.58267150421452,22.973536
2023-02-20,17.93,21.64,79.45218681318681,26.337497858742378,24.862819649342143,28.335353428920094,24.544174043853022,27.315374
2023-02-21,17.37,17.93,79.78936263736264,21.18742363030599,22.192382340984658,20.686556881593066,21.220470257656007,19.026428
2023-02-22,15.27,17.37,83.78126373626375,22.837002160068355,21.232904199832333,26.975279295718043,23.225001539639784,25.028463
2023-02-23,14.78,15.27,85.75260439560441,19.129214037690122,21.664067892821965,25.31479856986147,19.343994777649673,21.782461
2023-02-24,13.62,14.78,87.25842857142857,12.786193275000139,14.330600236039508,14.440123304892962,12.612205316374196,17.391726
2023-02-25,12.13,13.62,90.54921978021979,14.327011495255784,14.177253940487695,16.40826881498232,16.976845457466563,17.305895
2023-02-26,11.33,12.13,90.36611800104659,13.331020362975098,13.241157786061075,14.121249635069393,11.62033542660769,15.179822
2023-02-27,10.22,11.33,90.41980219780221,9.624957355735114,11.595171850249853,12.64730195426148,8.198976666875563,13.771824
2023-02-28,8.0,10.22,90.38627708006278,9.086824420579715,11.230478654408067,13.444385039278922,7.224969871575251,14.6092415
2023-03-01,6.2,8.0,88.15637774725276,7.053095193403134,10.53293640365276,12.188140556853693,6.38258686790348,10.480184
2023-03-02,4.6,6.2,84.85760576923076,5.512518956408453,7.843559541204615,8.496764558860558,3.8650239622794165,6.9942193
2023-03-03,4.59,4.6,82.38664580062793,5.710957957159252,6.815243601602778,6.887233848071726,3.2077498688664665,6.522359
2023-03-04,4.25,4.59,79.76827217425432,4.569375466056343,5.91170380110257,5.8706009431108,2.4126107759951663,6.1674595
2023-03-05,3.7,4.25,77.70834020146519,4.777525075108368,5.676736637987817,5.763847883143296,1.9686202008462583,5.5036354
2023-03-06,3.36,3.7,75.49838441915229,2.6342073852752677,5.537074250746345,5.31590002905386,1.1626739510945625,4.9860225
2023-03-07,3.22,3.36,72.83665992935634,13.307276841204112,5.406099660144605,7.373898735995299,1.034633053774217,6.151893
2023-03-08,3.09,3.22,69.7268643754205,11.162470686984932,4.6077262572217945,7.785060631654482,0.4735334824139516,6.1008606
2023-03-09,6.93,3.09,68.12398755326306,8.17469487763339,4.379757030076234,6.624138022658866,1.7070173863454259,7.22468
2023-03-10,7.45,6.93,64.85731408387531,6.7562692523870105,4.11234666137491,5.543324325679572,0.7595513401395277,5.908678
2023-03-11,7.18,7.45,61.87758880915003,6.3414669987729795,7.576219242985235,6.367287894230022,1.6315626628014797,7.9144745
2023-03-12,7.18,7.18,59.83731486880466,7.022782075451875,7.717655873824176,7.687797847265601,3.878577208486982,9.886689
2023-03-13,5.55,7.18,58.34193810271362,7.216705152164479,7.166598317517876,8.226026149627293,2.802988554765003,8.132858
2023-03-14,5.34,5.55,57.8190228750841,11.866354582068098,8.448286793645734,10.666131734210994,4.219925174619607,9.741071
2023-03-15,6.01,5.34,58.11938220453016,13.89336592606699,8.497963082520197,10.579263324700591,4.636883836428208,10.893639
2023-03-16,9.56,6.01,57.733876373626366,16.563343544860913,8.120106113221645,11.618158931138485,7.740239136113025,11.669452
2023-03-17,14.33,9.56,57.11971310832025,11.118443306461938,13.318156657572272,8.517232165390464,5.416990864251454,8.570166
2023-03-18,51.09,14.33,56.555965855573,19.871505297425024,14.405913947515483,13.335522411019035,12.307604738042299,13.311217
2023-03-19,61.06,51.09,55.320532312925174,34.65155496236172,29.810163958889785,22.500284454389025,20.26339450923857,26.941149
2023-03-20,54.8,61.06,54.60273901098901,53.869664396925785,64.78451587780674,60.54308458400314,55.16047923747958,59.26846
2023-03-21,75.81,54.8,52.99317464678179,58.133849959375326,82.30635032039163,70.91204012014377,66.3147581549562,69.92329
2023-03-22,76.89,75.81,51.08170723606751,59.69433853054678,72.52937064684679,68.54126522642858,77.33989448552916,64.85742
2023-03-23,53.21,76.89,49.429547924843014,67.94361619458266,95.9810312104179,85.43727721164937,84.24029134638515,83.29909
2023-03-24,79.07,53.21,48.04578261872057,76.24558022996237,117.27510453569289,100.46412177419619,98.87976629267052,91.60687
2023-03-25,67.59,79.07,46.786991409929364,58.089210948968784,66.87528995169593,74.45856328534667,71.97328869144192,64.76226
2023-03-26,131.62,67.59,46.417205172357406,77.50578589101107,115.16189703323037,103.2068727285043,95.15521975320151,97.73959
2023-03-27,139.92,131.62,46.349053419348515,69.37710742218705,58.895396846365465,63.773937507427156,73.64376099177474,64.73827
2023-03-28,137.91,139.92,47.111804596742545,108.57813155118376,124.0420744691104,118.41848147974936,121.70204487497159,112.5284
2023-03-29,131.49,137.91,47.83794822409733,142.33433645901246,183.0728711202224,158.7273022587597,178.248556883917,162.22017
2023-03-30,93.21,131.49,49.2646907378336,120.62003924563437,111.77176521655636,118.66804902686306,138.93702767644425,113.52266
2023-03-31,62.18,93.21,50.436626373626375,100.48421683116173,82.07500644790852,77.0903334302206,83.88433539209359,83.93118
2023-04-01,53.88,62.18,50.35562637362638,77.36616211515133,57.873010655811534,63.573064829626986,60.97319742927063,77.54177
2023-04-02,46.34,53.88,49.98674725274725,53.96474379555402,47.926694486836546,52.73591873365093,39.918600607183336,60.61125
2023-04-03,39.15,46.34,50.03449084249085,55.36926936094254,61.68476495804535,60.48210686370407,52.74131715615343,73.85293
2023-04-04,34.41,39.15,50.2083076923077,52.23374912570268,43.64298777814555,57.058574650676555,49.20606765137826,57.64853
2023-04-05,27.19,34.41,49.71895970695971,35.64432675140879,31.089237641752664,34.86503280870201,32.23064908610483,28.411161
2023-04-06,24.47,27.19,48.255342490842494,27.575144439685538,28.083106505269598,32.141759132077375,21.703304013060563,29.312347
2023-04-07,23.02,24.47,46.943993589743584,24.05609976528519,24.853740562688078,26.998688401801655,23.636070813882444,29.664034
2023-04-08,33.06,23.02,46.89629212454212,27.379611242013567,26.837039282116567,26.938937919482225,27.111019618221324,30.572922
2023-04-09,46.85,33.06,46.51567857142857,38.737979428719086,34.21833286067278,30.77738335162978,35.78059646129235,40.591255
2023-04-10,29.29,46.85,45.87729761904762,33.83657387674095,33.620405797274614,36.18255272077215,30.07987381715983,39.228954
2023-04-11,23.76,29.29,43.78055952380952,33.65988162111101,34.954970884343716,32.98131212080917,27.78290465436952,35.01345
2023-04-12,19.11,23.76,42.07234523809524,24.37138879035544,28.08805208494674,25.93450219114328,24.38078986439687,23.12964
2023-04-13,17.11,19.11,40.67459523809523,20.07658450101294,25.844196977037864,23.343843592476485,23.026995942362515,19.333433
2023-04-14,14.78,17.11,39.807654761904764,18.20511480702935,17.072479655602933,17.31425476039906,19.189735425800965,16.31382
2023-04-15,12.53,14.78,38.401678571428576,19.339655609360346,17.746585099095935,17.791647150845534,19.95740883878007,16.795315
2023-04-16,12.34,12.53,37.24236904761904,14.493842319860045,14.00954195603332,14.835394896067719,13.895041438278476,15.887337
2023-04-17,9.22,12.34,35.29589285714285,10.881517914126027,11.739492762867846,13.130339667342575,10.4647128203843,13.69013
2023-04-18,8.0,9.22,34.272083333333335,10.216606513738736,11.579177289236581,12.811465997519006,13.21674168792667,12.719479
2023-04-19,5.45,8.0,33.36745238095238,8.271905880990264,8.21482122461672,9.657367734755733,10.151789133243074,9.715658
2023-04-20,4.95,5.45,32.42675,6.943624248308289,7.477356644448068,8.62247828506595,8.06487927311672,7.6393394
2023-04-21,4.68,4.95,31.643654761904763,4.59438542272617,6.042574735514477,7.068717126091181,4.4512393989933665,6.671127
2023-04-22,4.59,4.68,30.58044047619048,2.516522617845876,5.861255424245736,6.56470886545778,4.218361587448951,6.298798
2023-04-23,4.86,4.59,29.440833333333334,1.9632300288723954,5.729009302935989,6.431481034203079,3.422227862666371,5.3307667
2023-04-24,5.15,4.86,28.44147619047619,1.5086436700218009,5.57465453072747,7.665658223835881,2.579881315351153,6.496104
2023-04-25,4.25,5.15,27.49290476190476,1.2897473902940213,5.579248646192266,7.531186295141661,2.084653730226348,5.9789553
2023-04-26,4.0,4.25,26.278238095238095,1.269277754629229,5.657383937445352,7.475723366800789,1.1799565548412567,6.567143
2023-04-27,3.92,4.0,25.23127380952381,0.5642346690868116,5.614621461814254,7.19266307094543,1.1385447644392728,6.8970695
2023-04-28,4.25,3.92,23.893702380952384,0.3294474345388636,5.950213308780294,7.085910010977926,1.0149450276201164,6.6505694
2023-04-29,4.0,4.25,23.169702380952383,0.6993092235767442,5.3345335918472205,4.626418798945279,1.127339980080412,6.3852153
2023-04-30,3.92,4.0,22.777428571428572,1.5072487471008138,5.1935904946787845,5.0437642858200045,1.2809006145293513,6.82254
2023-05-01,3.92,3.92,22.383690476190477,1.6841170294367984,5.6778716488503385,4.784305475758463,2.0114160776658943,5.895913
2023-05-02,3.92,3.92,21.535833333333336,1.6139644454045232,5.048632105621376,4.14273978805466,2.3824469913929307,4.99267
2023-05-03,3.92,3.92,21.0425,2.218581905519141,4.962411104580513,4.14273978805466,2.477070250357495,4.99267
2023-05-04,3.5,3.92,20.362321428571427,2.558381445678851,5.242012421687674,4.14273978805466,2.8548312863720544,4.418998
2023-05-05,4.08,3.5,19.622321428571432,14.851809931377993,5.378531370210052,6.448092446682596,0.4298919684740174,5.636041
2023-05-06,4.59,4.08,18.627714285714287,11.867126492084447,4.264393311770268,6.8586743666138945,0.9662392627982097,5.5065894
2023-05-07,4.25,4.59,17.43865476190476,3.370540750030994,4.885258549828581,4.602900003023086,1.5462238815571703,4.7191997
2023-05-08,4.25,4.25,16.329666666666665,8.072832361572038,5.215191203110016,5.575224544690768,4.9439658764134675,5.383182
2023-05-09,1.85,4.25,15.812166666666668,7.010815032683457,5.133633471607221,5.262744037884446,2.2961077895483446,5.1421657
2023-05-10,1.85,1.85,15.032630952380954,3.4555985392560515,4.708495167794797,4.6202871107240755,3.1919401698211867,5.702987
2023-05-11,1.85,1.85,14.354738095238096,2.8597706519799644,2.6572319625718803,2.896426206687206,1.6916927933504309,2.4446864
2023-05-12,1.85,1.85,13.781773809523811,10.608232120854883,2.3963029743577096,5.322827722273438,-1.563630965338239,3.9698462
2023-05-13,1.85,1.85,13.238833333333332,24.156562415852527,2.746638831040727,8.512219631329515,-2.2026568336438817,5.882044
2023-05-14,1.85,1.85,12.72717857142857,11.421204320179633,2.402345995285479,5.433821994755338,0.23733289241641747,4.258805
2023-05-15,1.94,1.85,12.34554761904762,0.4652966683183166,2.094895876649139,2.6087821677995726,-0.32680632315844177,2.7137084
2023-05-16,1.9,1.94,11.768630952380951,1.5056993749943146,2.0243230687759652,2.1535005088823924,3.5597320388479363,2.0232666
2023-05-17,1.45,1.9,11.429369047619048,3.63317087835469,2.057955462096023,2.7097079732505205,1.7413774787077898,2.5904334
2023-05-18,1.13,1.45,11.08432142857143,3.5371072742558205,1.9981126072414124,2.5564318634670857,1.448357619827782,2.5082452
2023-05-19,1.22,1.13,10.840095238095236,1.9698889382390874,1.4675681292205214,2.5564318634670857,2.0632440224702746,2.2814317
2023-05-20,1.18,1.22,10.597714285714286,-0.5205057238874744,1.389618273722989,2.2700122693049862,1.9146300473106024,2.1184924
2023-05-21,1.15,1.18,10.350678571428572,0.20077517694526037,1.330640362602466,2.2342132157126993,1.7047744977904062,2.1353474
2023-05-22,1.05,1.15,10.018785714285714,0.11228959260400728,1.331547139664123,2.2342132157126993,1.5150451892183212,2.1353474
2023-05-23,1.0,1.05,9.762488095238094,0.08014017866069878,1.3320994484720763,2.2342132157126993,1.5104825031580522,2.1353474
2023-05-24,0.95,1.0,9.630714285714285,0.008120785431700028,1.248729212201232,2.0458448457253464,1.1673428310485856,1.8182251
2023-05-25,0.95,0.95,9.356428571428571,0.10105646307921035,1.1723454959875172,2.0816438993176334,0.9621734180470933,1.4967632
2023-05-26,0.95,0.95,8.885880952380951,0.7293218534743815,1.168040332003865,2.0458448457253464,0.4805793311388275,1.4967632
2023-05-27,0.95,0.95,8.60322619047619,0.3371480981937047,1.1478134279537537,2.0458448457253464,0.9487065591903714,1.4967632
2023-05-28,1.05,0.95,8.286809523809524,4.963419535879556,1.1695543194175577,2.2073772823177795,-0.7818229635782896,1.5813875
2023-05-29,1.05,1.05,7.973940476190476,2.9141438363285843,1.15542588792866,2.3214097026857505,0.817231987448332,1.7054329
2023-05-30,1.05,1.05,7.714916666666666,0.006496434532646589,1.1490377471489068,2.0458448457253464,0.7193394970038827,1.5098172
2023-05-31,1.05,1.05,7.290988095238096,-0.04199000115530893,1.1439978306834362,2.0458448457253464,0.6013905340645875,1.4967632
2023-06-01,0.95,1.05,7.07525,0.6093002582143043,1.1308585193882386,2.0458448457253464,0.41264280397724423,1.4967632
2023-06-02,0.95,0.95,6.89629761904762,0.5100474782545596,1.1298206330940987,2.0458448457253464,0.3644673279277017,1.4967632
2023-06-03,0.95,0.95,6.750559523809524,0.4758194997303491,1.1126222121341234,2.0458448457253464,0.3614341656046744,1.4967632
2023-06-04,0.95,0.95,6.6915595238095245,-0.34212694295990076,1.10311254180206,2.0458448457253464,0.72396105592061,1.4967632
2023-06-05,0.86,0.95,6.6002261904761905,-0.1458634557434344,1.0931311575709464,2.0458448457253464,0.7259450813689079,1.4967632
2023-06-06,0.86,0.86,6.4984166666666665,-0.14395084907907219,1.0928203999951884,2.0458448457253464,0.6915548429733067,1.4967632
2023-06-07,0.95,0.86,6.483488095238095,-0.22093266572208847,1.0414353514765111,2.0458448457253464,0.7477502894865702,1.4967632
2023-06-08,0.86,0.95,6.278571428571429,-0.22177318213645236,0.9643836562092113,2.0458448457253464,0.7144809794824245,1.4967632
2023-06-09,0.86,0.86,6.037404761904763,-0.13037806877519387,0.9950909932256677,2.0458448457253464,0.7722509419103702,1.4967632
2023-06-10,0.86,0.86,5.770119047619048,-0.18241803880800944,0.9837719248104145,2.0458448457253464,0.7352668995831375,1.4967632
2023-06-11,0.86,0.86,5.507261904761904,-0.25013550972906984,0.9008758929512349,2.0458448457253464,0.8468343942348651,1.4967632
2023-06-12,0.95,0.86,5.247047619047619,-0.3248161838105723,0.8887752242974224,2.0458448457253464,1.1179001439555782,1.4967632
2023-06-13,0.95,0.95,4.994071428571429,-0.32781746746237417,0.8839585204858823,2.0458448457253464,1.080712881099799,1.4967632
2023-06-14,0.95,0.95,4.691607142857143,-0.2756961434750842,0.9550294136857407,2.0458448457253464,1.0855861304742542,1.4967632
2023-06-15,0.86,0.95,4.516583333333334,-0.2633486686377253,1.0427287715793774,2.0458448457253464,1.0634671660048354,1.4967632
2023-06-16,0.86,0.86,4.393488095238095,-0.2709791675940174,1.0251848626019917,2.0458448457253464,1.0538666302403272,1.4967632
2023-06-17,0.86,0.86,4.2751190476190475,-0.3209143162587793,0.9642305502728808,2.0458448457253464,1.0344357534881579,1.4967632
2023-06-18,0.95,0.86,4.170523809523809,-0.33328581807760216,0.8821465798653213,2.0458448457253464,1.0276388504254048,1.4967632
2023-06-19,0.95,0.95,4.116833333333333,-0.32857010876205806,0.8821465798653213,2.0458448457253464,1.0269073041533265,1.4967632
2023-06-20,0.95,0.95,4.060761904761905,-0.27655591356033327,0.9334362037284134,2.0458448457253464,1.056633122077824,1.4967632
2023-06-21,0.95,0.95,4.019702380952381,-0.27172863290905624,1.0240525662840547,2.0458448457253464,1.0791933521798236,1.4967632
2023-06-22,0.77,0.95,4.044357142857143,-0.2879836721826372,1.024445563072502,2.0458448457253464,1.095448794964943,1.4967632
2023-06-23,0.82,0.77,4.042452380952381,-0.29517736797420113,1.024445563072502,2.0458448457253464,1.094675277574718,1.4967632
2023-06-24,0.82,0.82,4.038738095238095,-0.41890670655272544,0.9502246937524051,2.0458448457253464,1.036511998762185,1.4967632
2023-06-25,0.77,0.82,4.055904761904762,-0.42424073089467385,0.7645111997852208,2.0458448457253464,1.0391437634738323,1.4967632
2023-06-26,0.77,0.77,4.056809523809524,-0.4105876287138024,0.8465010295710218,2.0458448457253464,1.0402459633958885,1.4967632
2023-06-27,0.7,0.77,4.077047619047619,-0.4873650896923145,0.8500889562309073,2.0458448457253464,1.1222273184621723,1.4967632
2023-06-28,0.6,0.7,4.120859940438589,-0.5101148926177146,0.7668210255180924,2.0458448457253464,1.121976502589212,1.4967632
2023-06-29,0.63,0.6,4.042246487982433,-0.5672417715023315,0.7537091211155051,2.0458448457253464,1.1043797843937413,1.4967632
2023-06-30,0.7,0.63,4.359008392744338,-0.6614442322228307,0.7421084232123352,2.0458448457253464,1.057328602607456,1.4967632
2023-07-01,0.66,0.7,4.23808631482226,-0.668144707377774,0.6800692496176368,2.0458448457253464,1.0601216241973135,1.4967632
2023-07-02,0.7,0.66,4.158146920882865,-0.6292559743529331,0.6936685432784274,2.0458448457253464,1.0984791472165658,1.4967632
2023-07-03,0.77,0.7,4.0329131546490995,-0.6680932541004978,0.7226003238313524,2.0458448457253464,1.110504584368504,1.4967632
2023-07-04,0.77,0.77,3.9043417260776705,-0.6734602818445516,0.6958522190438766,2.0458448457253464,1.123894567131185,1.4967632
2023-07-05,0.77,0.77,3.7499936904009865,-0.6384079241849143,0.7480534546554265,2.0458448457253464,1.167445662666076,1.4967632
2023-07-06,0.77,0.77,3.6644112554112556,-0.6503191939679667,0.7506596503281401,2.0458448457253464,1.1949673755696453,1.4967632
2023-07-07,0.77,0.77,3.227844155844156,-0.6684092165486248,0.7562179453472971,2.0458448457253464,1.2012390719163055,1.4967632
2023-07-08,0.7,0.77,3.229779220779221,-0.6804873179186934,0.7625949837001198,2.0458448457253464,1.2273702588674449,1.4967632
2023-07-09,0.7,0.7,3.1407922077922072,-0.6964764404451316,0.7762002541822955,2.0458448457253464,1.2512322374749716,1.4967632
2023-07-10,0.7,0.7,3.1324805194805196,-0.7549554650885604,0.758954494524971,2.0458448457253464,1.250950789794603,1.4967632
2023-07-11,0.7,0.7,3.0815714285714284,-0.7827419261440447,0.7563482988522574,2.0458448457253464,1.2619728860917485,1.4967632
2023-07-12,0.77,0.7,3.0554935064935065,-0.7977431084171798,0.7447209030189242,2.0458448457253464,1.278076332768312,1.4967632
2023-07-13,1.47,0.77,3.072623376623376,-0.8205881720165635,0.7427430283700819,2.0458448457253464,1.291267064609022,1.4967632
2023-07-14,1.34,1.47,3.0788831168831163,-0.7995687614989215,0.7633055398366867,2.0458448457253464,1.3311604361700415,1.4967632
2023-07-15,1.34,1.34,3.090155844155844,-0.41201536933542116,0.9874850378349466,2.0458448457253464,1.5473637716994797,1.4967632
2023-07-16,1.61,1.34,3.1657142857142864,-0.43293238619483887,1.2127966072272305,2.0458448457253464,1.6132325433551027,1.4967632
2023-07-17,1.47,1.61,3.1120779220779227,-0.3881997391101777,1.250428937896387,2.0458448457253464,1.5753308443371825,1.4967632
2023-07-18,1.47,1.47,3.118701298701299,-0.2752464946316131,1.3774486803822996,2.0458448457253464,1.7264381299693423,1.4967632
2023-07-19,1.47,1.47,3.1513116883116887,-0.41341593136248633,1.3352686538675338,2.0458448457253464,1.7601224222225849,1.4967632
2023-07-20,1.29,1.47,3.141454545454546,-0.45290114584119934,1.3367471733385727,2.0458448457253464,1.7742249582755885,1.4967632
2023-07-21,1.34,1.29,3.1290909090909094,-0.4008391770895088,1.3363269820715324,2.0458448457253464,1.8195860389073295,1.4967632
2023-07-22,1.77,1.34,3.110753246753247,-0.5403411857967058,1.2314848309406385,2.0458448457253464,1.8102717913851838,1.4967632
2023-07-23,1.77,1.77,3.0456623376623377,-0.5558705054096365,1.2664732226914857,2.0458448457253464,1.8373671046601183,1.4967632
2023-07-24,2.03,1.77,3.040337662337662,-0.31430611873192404,1.8836658140440183,2.0458448457253464,2.004077515819666,1.6031302
2023-07-25,1.94,2.03,3.059818181818182,-0.29063588144656904,1.892075434539944,2.0458448457253464,2.0926973404993428,1.6031302
2023-07-26,1.94,1.94,3.0336883116883118,-0.20389500900918733,1.9836686635811278,2.0458448457253464,2.207008716846779,1.7983668
2023-07-27,1.66,1.94,3.030233766233766,-0.2425064478504133,1.9736192876343084,2.0458448457253464,2.258389713840646,1.8007007
2023-07-28,1.65,1.66,3.0345194805194806,-0.2943174180284984,1.966235135861505,2.0458448457253464,2.323992928348432,1.8007007
2023-07-29,2.69,1.65,3.040831168831169,1.4256788127303928,1.5242628458936383,2.0458448457253464,1.7690297363272678,1.5738869
2023-07-30,2.75,2.69,3.032883116883117,5.981004188209123,1.5913876178543647,2.2073772823177795,1.7308729954814772,1.5813875
2023-07-31,3.05,2.75,3.0666493506493504,3.439461199525109,2.8239916744566975,2.619657843608828,2.9926907924964654,2.4503067
2023-08-01,2.64,3.05,3.0987272727272726,0.2608049500003169,2.608641319661084,2.418888479172831,2.579819067143512,2.5501852
2023-08-02,2.99,2.64,3.138428571428571,0.4170326801820572,2.8804050745079732,2.586018511993367,2.801339756677157,2.6735024
2023-08-03,2.87,2.99,3.1574285714285715,0.9122236995944561,2.7258711456360687,2.418888479172831,2.446906742320233,2.3646834
2023-08-04,2.12,2.87,3.2034025974025977,1.3525427731381257,2.7067572374736604,2.586018511993367,2.4318555679144334,2.538857
2023-08-05,1.47,2.12,3.280961038961039,0.9954870111850411,2.6954941385776996,2.418888479172831,2.736305907713108,2.3646834
2023-08-06,1.89,1.47,3.375168831168831,-0.3881252376850348,2.130075558230117,2.0458448457253464,3.3567072212532953,1.8754905
2023-08-07,1.77,1.89,3.4902337662337657,-0.6125987664204331,1.4901194793887325,2.0458448457253464,2.3476159383160344,1.5738869
2023-08-08,1.37,1.77,3.5355584415584422,-0.4217545757969887,1.9172269747720807,2.0458448457253464,2.4820173942878605,1.723577
2023-08-09,1.22,1.37,3.5889220779220783,-0.5217776333895294,1.8966275428614736,2.0458448457253464,2.510821113180986,1.6802539
2023-08-10,1.11,1.22,3.7512337662337667,-0.8952129428039513,1.461846844628609,2.0458448457253464,2.364933805418859,1.4967632
2023-08-11,1.01,1.11,3.8403246753246756,0.7703162262639403,1.390580530831983,2.0458448457253464,1.7597637864156073,1.4967632
2023-08-12,1.01,1.01,3.8636493506493506,3.2512641865609027,1.3711397585804435,2.2073772823177795,1.551716592109805,1.5261564
2023-08-13,1.01,1.01,3.8242532467532473,1.225211825417155,1.3316518837424585,2.0458448457253464,2.3921083248206245,1.568002
2023-08-14,0.91,1.01,3.7645238095238094,1.9181197601343811,1.2908981919318985,2.2073772823177795,1.6006951912431167,1.5261564
2023-08-15,1.01,0.91,3.706807359307359,0.5086721117806334,1.2809377950992495,2.0458448457253464,2.31455454223919,1.5465505
2023-08-16,1.01,1.01,3.5898160173160174,-1.0007130038330772,1.1825360507649263,2.0458448457253464,2.030247273708285,1.4967632
2023-08-17,1.01,1.01,3.3919296536796537,-0.9565906835076063,1.135166928864173,2.0458448457253464,1.8397172757345297,1.5229732
2023-08-18,1.01,1.01,3.2315595238095236,-0.8440170138285907,1.1869136416868138,2.0458448457253464,1.9056755149967426,1.5229732
2023-08-19,1.11,1.01,3.061511904761905,-1.3107348291198235,1.1402288079415661,2.0458448457253464,2.1707273506204245,1.4967632
2023-08-20,1.11,1.11,2.972523809523809,-1.3051185859790593,1.1131401665933716,2.0458448457253464,1.9148418847876547,1.4967632
2023-08-21,1.22,1.11,2.8616547619047616,-1.7104732337109922,1.1347115098567175,2.0458448457253464,2.2845437424668535,1.4967632
2023-08-22,1.35,1.22,2.8180833333333335,-1.6163821693738676,1.1368079802433348,2.0458448457253464,2.0599833574697515,1.4967632
2023-08-23,1.47,1.35,2.815857142857143,-1.5925915840053158,1.145379064281242,2.0458448457253464,2.0682731931908216,1.4967632
2023-08-24,1.47,1.47,2.7898214285714285,-1.5373138299327067,1.2819543182919708,2.0458448457253464,2.110846967499029,1.4967632
2023-08-25,1.47,1.47,2.7962738095238096,-1.4954381971512873,1.4255241546478978,2.0458448457253464,2.1532425663928514,1.4967632
2023-08-26,1.34,1.47,2.7988571428571425,-1.5241738633352142,1.4410164968928676,2.0458448457253464,2.161132896510704,1.4967632
2023-08-27,1.34,1.34,2.8196785714285717,-1.5623730562158222,1.4457056347632553,2.0458448457253464,2.1574973276499296,1.4967632
2023-08-28,1.22,1.34,2.844607142857143,-1.6789270123733573,1.3087051665640244,2.0458448457253464,2.1442294485109796,1.4967632
2023-08-29,1.22,1.22,2.8354954212454215,-1.7449820220963694,1.298625646593535,2.0458448457253464,2.2021617396919178,1.4967632
2023-08-30,1.22,1.22,2.8312234432234433,-1.5534770455854634,1.2530201908518315,2.0458448457253464,2.0433904390620747,1.4967632
2023-08-31,1.22,1.22,2.838212454212454,-0.1358742797889363,1.2602122460988379,2.0458448457253464,1.5868136748553607,1.4967632
2023-09-01,1.11,1.22,2.847787545787546,-0.8415164742706409,1.2540810666332045,2.0458448457253464,2.1471431071283176,1.4967632
2023-09-02,1.11,1.11,2.8981749084249087,-1.9096919057478523,1.2544689834906189,2.0458448457253464,2.316392072145994,1.4967632
2023-09-03,1.11,1.11,2.898423992673993,-2.0852830209052726,1.2133897332257924,2.0458448457253464,2.168203956702406,1.4967632
2023-09-04,1.11,1.11,2.9039230769230775,-1.9211354118380726,1.154015528168809,2.0458448457253464,2.0535585675164763,1.4967632
2023-09-05,1.11,1.11,2.9286483516483517,-1.931300495604468,1.1206541954096711,2.0458448457253464,2.05576918550826,1.4967632
2023-09-06,1.11,1.11,2.9576483516483516,0.5888857544572481,1.128542882704363,2.2073772823177795,1.3068601262238926,1.5261564
2023-09-07,1.11,1.11,2.9568131868131866,-0.7313372627990269,1.1214212013662002,2.0458448457253464,2.2064203037064996,1.4967632
2023-09-08,1.01,1.11,2.967186813186813,-2.3062635064112484,1.1254387585754708,2.0458448457253464,2.537195689263569,1.4967632
2023-09-09,1.01,1.01,2.947846153846154,-2.3704386746597628,1.1049881606015475,2.0458448457253464,2.2018682693560208,1.4967632
2023-09-10,1.01,1.01,2.9235714285714285,-2.137117815254136,1.084705687404264,2.0458448457253464,2.030494858359587,1.4967632
2023-09-11,0.98,1.01,2.9323516483516485,-2.208958518899319,1.0621499105820642,2.0458448457253464,2.058708711902527,1.4967632
2023-09-12,1.01,0.98,2.909824175824176,-2.2437034488859844,1.0606368951905352,2.0458448457253464,2.0674744084942636,1.4967632
2023-09-13,0.93,1.01,2.9212417582417585,-2.705303922798148,1.0615182556538416,2.0458448457253464,2.4761198623775034,1.4967632
2023-09-14,0.91,0.93,2.964989010989011,-2.6316167649982205,1.0585439694658973,2.0458448457253464,2.298332981743468,1.4967632
2023-09-15,0.91,0.91,2.960615384615384,-2.7178868643423506,1.0224774644481127,2.0458448457253464,2.2896410440549633,1.4967632
2023-09-16,0.91,0.91,2.9641318681318682,-2.7878216398871487,0.9723844060236216,2.0458448457253464,2.2742700749620726,1.4967632
2023-09-17,0.82,0.91,3.016945054945055,-2.825784286578635,0.921766172862114,2.0458448457253464,2.2824178662260906,1.4967632
2023-09-18,0.87,0.82,3.0152417582417583,-2.722570196219138,0.921766172862114,2.0458448457253464,2.141309077642201,1.4967632
2023-09-19,0.91,0.87,3.017065934065934,-2.304800808413251,0.9002252119903154,2.0458448457253464,1.7317048460266298,1.4967632
2023-09-20,0.91,0.91,3.0347362637362636,2.853051730005024,0.8678039923386709,2.2073772823177795,1.6006857571633644,1.5813875
2023-09-21,0.91,0.91,3.032153846153846,0.5599613157400007,0.970159727370853,2.3214097026857505,2.6066002751649955,1.8909001
2023-09-22,0.91,0.91,3.0292087912087915,-2.6241692894308315,0.9688308692452982,2.0458448457253464,2.0971989448644384,1.7389811
2023-09-23,1.01,0.91,3.080263736263736,-2.948706859136866,0.9594995971961942,2.0458448457253464,2.4916983293619688,1.4967632
2023-09-24,1.01,1.01,3.1155164835164832,-2.283129770001107,0.94997062264421,2.0458448457253464,1.6755210763119917,1.4967632
2023-09-25,1.22,1.01,3.1411538461538457,-2.30596502979456,0.9916872320426795,2.0458448457253464,1.7680945713826297,1.4967632
2023-09-26,1.22,1.22,3.199989010989011,-2.4549440722879403,1.052105290939236,2.0458448457253464,1.883691589891951,1.4967632
2023-09-27,1.34,1.22,3.208868131868132,0.01996069463188732,1.12100186071001,2.2073772823177795,1.2089917374878492,1.5511642
2023-09-28,1.34,1.34,3.20367032967033,-1.0871492688414754,1.1893563889353136,2.0458448457253464,2.391176664707871,1.4967632
2023-09-29,1.22,1.34,3.2279450549450552,-2.738144868824879,1.2654144913522154,2.0458448457253464,2.6511734172129935,1.4967632
2023-09-30,1.11,1.22,3.201494505494505,-1.887849443611195,1.2745155969186506,2.0458448457253464,2.1441644134930566,1.4967632
2023-10-01,1.22,1.11,3.1936703296703297,8.977965865926896,1.3239148726065415,3.4504988628354702,2.647729913136556,2.1765425
2023-10-02,1.22,1.22,3.212835164835165,5.332963220328466,1.2734322227203654,3.5455955291212478,3.229506875955482,2.3959532
2023-10-03,1.34,1.22,3.1740879120879124,-1.9862806984029255,1.1816872044775582,2.0458448457253464,1.6815697176723865,1.7747736
2023-10-04,1.34,1.34,3.1635164835164837,-3.4276815208450166,1.2336769881534528,2.0458448457253464,3.4174936179158144,1.4299343
2023-10-05,1.34,1.34,3.2895164835164836,-1.3653356445676224,1.2831207360845953,2.0458448457253464,1.7215200003414264,1.4967632
2023-10-06,1.61,1.34,3.4359120879120875,-1.4051784596995986,1.288055890563683,2.0458448457253464,1.8877964676872923,1.4967632
2023-10-07,1.58,1.61,3.5197252747252747,4.373878543355559,1.347247779834394,2.2073772823177795,1.3545906976722528,1.79706
2023-10-08,1.61,1.58,3.6211318681318683,0.3670691819767953,1.7521286448231124,2.3214097026857505,3.5096642462702476,1.9958607
2023-10-09,0.91,1.61,3.668769230769231,-2.280246696155359,1.539030445267727,2.0458448457253464,2.372890326313607,1.7141765
2023-10-10,1.06,0.91,3.7356483516483516,-2.3940471910931826,1.5116429151327855,2.0458448457253464,2.8727388978859794,1.4967632
2023-10-11,0.91,1.06,3.7874505494505497,-2.667590137452347,1.1232999923547178,2.0458448457253464,2.236259493024103,1.4967632
2023-10-12,0.91,0.91,3.7520879120879123,-2.377010713516377,1.073944199341136,2.0458448457253464,1.857270435875423,1.4967632
2023-10-13,1.17,0.91,3.7089560439560434,-2.09509868408718,1.0431210107005287,2.0458448457253464,1.84224749041891,1.4967632
2023-10-14,0.91,1.17,3.687461538461539,-3.151791568122647,0.9413322924333021,2.0458448457253464,2.473765449651265,1.4967632
2023-10-15,0.91,0.91,3.6270879120879123,-2.4984764052279793,1.0433847105505312,2.0458448457253464,2.0684163352822553,1.4967632
2023-10-16,0.89,0.91,3.6220769230769227,-2.704560683936961,1.054613081377907,2.0458448457253464,2.094785097592248,1.4967632
2023-10-17,1.47,0.89,3.6881758241758242,-2.4133143217293203,0.9348667951068763,2.0458448457253464,1.8448095379151819,1.4967632
2023-10-18,1.61,1.47,3.7708571428571425,-0.5230850018781581,0.9324304446414415,2.2073772823177795,1.205944722731029,1.5261564
2023-10-19,1.69,1.61,3.7976153846153844,8.989494546346673,1.6251008947402759,3.4504988628354702,2.387862135519796,2.1765425
2023-10-20,2.69,1.69,3.814021978021978,22.558351974045905,2.3724971470076612,5.4864788593107985,1.346669952857075,3.0876994
2023-10-21,4.16,2.69,3.9198131868131867,18.170978054616775,2.2986327168015324,4.851508728332398,3.934855706168286,3.5578372
2023-10-22,5.27,4.16,3.994395604395604,5.398350709746733,3.3202196624977733,3.8438436700443246,5.681627596785943,3.4264174
2023-10-23,5.7,5.27,4.067505494505495,20.53693454867271,6.914521842806641,8.516787695685768,5.91361771729646,6.3457084
2023-10-24,9.98,5.7,4.064043956043956,16.30435463896166,7.768465185171563,6.503347768812292,5.6897622042070095,7.498388
2023-10-25,12.1,9.98,4.090241758241758,6.915219392273862,7.297310044840655,5.412573857386125,6.919260150779363,6.7151523
2023-10-26,9.79,12.1,4.159285714285714,7.028003724479007,8.928809610168239,8.422194842185105,6.164517825206977,8.146003
2023-10-27,7.04,9.79,4.2538791208791205,7.253529690755791,9.755244913022223,10.12411776212753,6.499119678313728,10.097498
2023-10-28,5.97,7.04,4.34378021978022,4.570668942847082,8.99443393209606,8.329408719219533,5.883546100658028,8.293214
2023-10-29,4.98,5.97,4.491582417582419,2.8706911802299473,6.222896387239538,5.285899996073284,4.617592113883348,6.4637175
2023-10-30,3.81,4.98,4.533197802197802,-0.42843429785074605,5.51846701608231,4.992889374177493,3.4251718907571322,5.5865693
2023-10-31,2.94,3.81,4.621879120879121,-0.4256994679700732,5.125979223713904,4.631872872656079,4.132758443221124,5.1214027
2023-11-01,2.3,2.94,4.646318681318681,-1.338015909947675,4.047808913527486,3.5213797823186908,3.467633914905113,4.1707993
2023-11-02,1.96,2.3,4.727461538461539,-2.293432412572063,3.33218914837642,2.795482458022901,3.00114631001258,3.1613598
2023-11-03,1.87,1.96,4.644395604395604,-2.787943066331355,2.6762831496696067,2.4202525715659036,2.527578973506138,2.5097382
2023-11-04,1.7,1.87,4.57178021978022,5.200910739533416,2.3197388284478992,3.556737428987726,0.5540717501868229,2.9771805
2023-11-05,1.56,1.7,4.511747252747253,3.01734327762043,2.3109814217556566,3.762287810296186,2.59734569713904,2.907232
2023-11-06,1.67,1.56,4.677417582417583,-0.9796119462176911,1.875612311566954,2.2342132157126993,1.4255708182655726,2.1685748
2023-11-07,1.87,1.67,4.773571428571429,-2.440443587043603,1.6409189953921135,2.2342132157126993,2.6089742844289696,1.8404806
2023-11-08,1.75,1.87,4.858593406593407,-1.356752070510872,1.587331797502192,2.2342132157126993,1.7446758286945996,1.8713667
2023-11-09,1.56,1.75,4.915802197802198,7.999427150845479,2.086940209000113,3.605377066219661,1.8440577734371884,2.8024576
2023-11-10,1.87,1.56,5.37667032967033,25.98396269575929,2.740586139792747,6.5892816545834085,2.493998218950369,11.733852
2023-11-11,3.07,1.87,5.719945054945055,25.89492703891763,2.5283508452290646,8.18365519781864,6.13072473273787,16.511833
2023-11-12,3.97,3.07,6.034747252747252,23.625876912153178,4.147577637972041,9.196720089446696,9.381691625415332,7.297606
2023-11-13,4.88,3.97,6.182296703296703,8.324102734252723,11.00910474223889,5.046257010882774,6.80398921647533,6.0130615
2023-11-14,2.35,4.88,6.33943956043956,1.6789111542510113,9.295019854160946,4.438376380059514,5.571681181031409,5.6930866
2023-11-15,2.25,2.35,6.418582417582418,6.1953031323444385,7.192046979768055,5.498070775478144,7.172330363976297,5.9986744
2023-11-16,2.25,2.25,6.630813186813187,5.042524757728543,3.0454602688474095,3.458180801979621,3.6224587981770715,3.2847686
2023-11-17,4.13,2.25,6.5628131868131865,6.546924308049661,2.7278755326962822,2.8803492583530805,5.362140493051746,2.5054352
2023-11-18,3.8,4.13,6.558362637362637,3.6186181360814587,2.4689460202154243,2.6158407978866416,3.8957945683263113,2.5460753
2023-11-19,3.57,3.8,6.656560439560441,-1.236565384487978,4.036445776375233,3.8759443159144715,4.389527831987112,3.7721462
2023-11-20,2.95,3.57,6.755659340659341,-0.5390857342269797,4.046981521730797,3.2343786282106706,2.6525542546929914,3.4059224
2023-11-21,2.69,2.95,6.795648351648351,-0.5923731271587727,3.6495926605406996,2.8214589735397206,2.09696513361707,2.8553164
2023-11-22,1.79,2.69,6.868087912087913,-1.9107510715854126,2.930079556605588,2.564096245481514,2.849411044023191,2.4231474
2023-11-23,1.79,1.79,6.806043956043956,-0.3149609250434473,2.6859422773359904,2.7411071269272176,1.1929298739593954,2.5586338
2023-11-24,4.9,1.79,6.661318681318682,2.3257038983966503,2.047281816601066,3.129706418226088,0.4508960897142455,2.2260187
2023-11-25,3.97,4.9,6.522131868131868,12.683119302131207,2.344077662205821,4.600510563558226,3.2841362436539208,3.2312376
2023-11-26,4.69,3.97,6.331417582417584,24.29616334599445,7.539118995358861,8.732850705654705,6.663980685837968,6.730448
2023-11-27,6.21,4.69,6.3814175824175825,14.850889402524551,5.974718091864181,6.646278549781528,7.939462123091684,5.627061
2023-11-28,6.59,6.21,6.384076923076924,5.651039439898842,5.372909416175165,6.060746504149221,10.005358933072927,5.1131115
2023-11-29,7.7,6.59,6.542857142857143,20.772149979837184,8.63542738855529,8.671848398636387,10.321328404411432,8.088225
2023-11-30,11.44,7.7,6.677428571428572,30.7379378753122,14.544580062917618,12.646833245534939,12.649255921619147,9.96267
2023-12-01,14.69,11.44,6.797285714285714,26.475309152535626,20.564292018974438,16.866389038730457,19.819399987441084,15.537779
2023-12-02,13.45,14.69,6.965098901098901,13.576408433074615,16.581290214824772,13.369143891937966,13.407898173191024,15.82112
2023-12-03,10.81,13.45,7.011736263736263,13.570646486871846,14.535809610455681,15.007937746387311,14.607015364105182,13.784586
2023-12-04,9.14,10.81,6.884417582417583,22.83530999580525,22.853316357179732,16.75364798588357,15.227863675833772,18.015072
2023-12-05,6.86,9.14,6.976054945054946,17.95261545968632,18.16908498410375,13.249161440523695,16.718295458481467,15.206711
2023-12-06,5.74,6.86,7.1670439560439565,8.14471160014237,9.14555506277347,7.946738185031955,10.16769854167734,9.045193
2023-12-07,5.74,5.74,7.422989010989011,5.194831286345721,6.36416126659306,5.484117061004044,5.308206476024474,5.8858433
2023-12-08,5.62,5.74,8.454747252747254,14.398415481656512,7.20197875339524,7.021717555541799,6.261989912196778,6.917037
2023-12-09,6.21,5.62,9.894274725274727,11.051521414818087,10.401578927371418,7.95695852125828,9.189915566276232,8.007469
2023-12-10,6.47,6.21,11.48921978021978,7.473940661819551,7.117150573511143,6.2561784542155445,7.848221782519766,7.2250338
2023-12-11,7.56,6.47,13.188846153846153,26.031549978217882,13.038791185438148,10.039884313551223,8.30094019721732,6.947419
2023-12-12,16.44,7.56,15.263571428571428,25.579269933388545,11.700599878668555,11.207090905513871,14.326272961792604,10.88349
2023-12-13,29.2,16.44,17.386824175824177,30.655093966793288,16.369622877591144,15.808728996805389,23.59005983609786,23.100418
2023-12-14,20.56,29.2,19.413912087912085,37.20357997243158,36.523357046776134,28.09404043952786,30.67235661435827,41.64707
2023-12-15,17.79,20.56,20.814054945054945,32.88485353742276,37.507798997755486,36.66299878089532,38.22595306072359,37.188053
2023-12-16,19.9,17.79,22.17440659340659,29.229421466484364,31.716502266649623,25.489900268125965,35.16305067122583,26.450909
2023-12-17,23.44,19.9,23.56102197802198,31.20082805905687,38.50262644018583,28.629101812997533,32.39669103585325,38.302288
2023-12-18,38.66,23.44,24.377164835164837,27.943514448397195,28.87906973528012,29.72445101943591,34.198777771109334,36.196995
2023-12-19,25.8,38.66,24.749,34.68044250282098,33.90257581257665,34.22102920641593,38.53337750766245,39.754818
2023-12-20,7.87,25.8,25.129296703296706,33.29621059546989,39.92296602226021,33.92123210554719,34.27768209804865,40.398006
2023-12-21,6.47,7.87,25.801846153846153,19.4705114321873,18.20900797354991,21.520353826878903,17.648407276154515,18.432688
2023-12-22,9.14,6.47,26.505318681318677,5.501820874051106,7.338111199462529,8.005677187117051,6.042165032796469,7.2659483
2023-12-23,6.99,9.14,27.356186813186813,3.5138924160319114,6.246837045491352,6.331259423249474,1.653714840306185,6.257191
2023-12-24,5.51,6.99,29.01808791208791,5.328575885524749,8.475171158677618,8.52898515471636,1.8397764071255862,8.851004
2023-12-25,3.48,5.51,31.072582417582417,3.3927354560508043,6.688949726789979,6.6242700451452645,1.4906691004255253,6.335667
2023-12-26,3.14,3.48,34.335032967032966,-0.2839478911945754,6.050896291532292,5.939908250221512,-0.1421149229561816,7.1556773
2023-12-27,3.2,3.14,36.74369230769231,10.720699899324604,9.405805837037066,6.699347166985047,1.9506896066503403,6.349723
2023-12-28,34.03,3.2,38.238945054945056,16.43703527932466,9.864438257475229,10.110967113989727,8.002637359374223,7.967155
2023-12-29,46.94,34.03,40.74937362637363,17.270425814527428,10.073681512470634,10.685997515428898,12.017544417728596,9.905149
2023-12-30,45.76,46.94,40.418406593406594,35.73433905528858,38.168727368109906,43.12180691002821,36.795724655725195,38.389572
2023-12-31,69.42,45.76,39.34973626373626,47.423107894368435,47.07294193507178,50.72381617677348,56.21432138070304,46.67231
2024-01-01,72.97,69.42,38.49290109890109,41.498600903391534,44.93159002541085,47.116121639299315,48.04807221764804,47.127197
2024-01-02,99.0,72.97,37.875417582417576,62.48346958370272,88.5272552565175,86.8720763572251,80.16897932588809,79.03598
2024-01-03,123.23,99.0,40.10742857142857,66.36186290411399,79.03769701124085,78.81811606252597,73.3148199873396,77.333725
2024-01-04,125.49,123.23,40.75817582417583,86.65010676400848,109.11934976278563,105.10057728334503,103.87463827440695,111.103935
2024-01-05,104.91,125.49,42.71020879120879,101.89764005984573,87.77776496290993,96.7177036324602,103.48970838284856,93.357956
2024-01-06,65.87,104.91,45.45378021978022,95.09713312210305,78.28993740531033,77.42703228089115,78.55272583232168,70.51389
2024-01-07,39.84,65.87,45.92664835164835,76.30237054319915,64.4603270819925,64.44906249271375,52.29312813529056,50.478504
2024-01-08,19.9,39.84,47.17294505494505,52.19806839341355,42.67588597253716,47.32585860238244,38.93670835441479,38.967216
2024-01-09,14.97,19.9,47.618527472527475,32.04760492303682,28.205379818203962,30.606035969515744,21.789787364346232,27.362488
2024-01-10,10.81,14.97,46.003362637362635,18.533542888111562,16.69472843192815,17.79044390581907,14.8373865708178,15.3919735
2024-01-11,8.01,10.81,45.218714285714285,11.262701630322926,12.061871345308095,31.34164069296453,8.759816195141278,9.208212
2024-01-12,6.86,8.01,46.954142857142855,6.841169048384199,9.987626492581638,29.49517132326511,8.94767419785647,6.5230174
2024-01-13,6.21,6.86,47.966846153846156,3.3511119658306754,7.513475983862937,9.893317882105865,7.549249399421222,4.4988713
2024-01-14,5.29,6.21,50.99486813186813,8.548712851480117,8.181691557453311,11.417492945631592,5.304760314052019,6.270366
2024-01-15,5.74,5.29,53.00442857142857,15.308838112535325,8.96697349887158,13.764290486596614,7.5881233870158455,7.099049
2024-01-16,5.85,5.74,54.80332967032967,5.7604724821290745,13.660400473908094,13.83236272279181,7.1164893851706825,9.981106
2024-01-17,5.29,5.85,55.52981318681318,-1.076111114494278,6.177449257290016,10.464887422608907,5.355373652879675,6.781741
2024-01-18,4.22,5.29,55.82614285714285,-0.5457968657440979,6.024018675815119,5.607923116161975,5.004776554612024,1.9079238
2024-01-19,3.0,4.22,56.177626373626374,6.427914722810126,6.212189235605839,7.245900412000784,2.6789292145364345,3.57091
2024-01-20,3.2,3.0,55.07459340659341,6.901313831302826,4.983609936368968,7.400229585545927,3.2295712089667856,5.756951
2024-01-21,2.94,3.2,54.04283516483516,-0.31245205205235393,4.225778210148682,3.846571427296671,1.7097262786897351,3.558865
2024-01-22,1.95,2.94,53.74167032967033,-1.9904494312514522,3.6069082579816345,5.888818906408517,4.442153236119903,3.5657506
2024-01-23,4.32,1.95,53.83626373626374,6.624285377031665,3.3592105368271468,7.747971456497239,-2.962637562071571,4.3085613
2024-01-24,8.32,4.32,55.394285714285715,21.94144825079269,3.1865010030990257,10.800565389970632,2.906113725123786,4.0781155
2024-01-25,23.08,8.32,57.32137362637362,33.86680861844699,21.084753102867573,15.399755379503251,15.056311130447536,11.079897
2024-01-26,15.24,23.08,58.67313186813187,27.997535830352227,24.164221882731244,16.407357640188998,19.800157603396514,14.679051
2024-01-27,14.75,15.24,61.60354945054945,25.201507201418956,35.829149172660074,32.93938715083484,30.099624843370524,31.364367
2024-01-28,16.31,14.75,63.58352747252747,21.18536057496658,35.423605006048014,25.912265631750838,24.30876313129694,28.158192
2024-01-29,29.4,16.31,65.22991208791208,20.55928765986061,34.77119160446759,25.912265631750838,19.34976568908988,29.703112
2024-01-30,51.84,29.4,67.64882417582417,31.487420202400003,37.62130845471629,28.249114889390693,22.48492081064978,31.185587
2024-01-31,67.42,51.84,69.2403076923077,34.54275375745553,33.011156765001004,41.490389482255694,29.933650541292646,41.32196
2024-02-01,37.45,67.42,68.86525274725274,38.91286757931939,40.505370920231336,39.70265887192512,39.6805304718099,44.418404
2024-02-02,33.75,37.45,67.38173626373627,48.44321136153517,47.606967507109296,53.16056883692581,44.248216596116585,57.581123
2024-02-03,29.53,33.75,67.28123076923077,35.11353390687634,34.52363529801669,36.385679267534,38.1529010396634,29.575338
2024-02-04,25.1,29.53,66.29839560439561,27.282858299659264,32.684892598223705,34.518393886899524,31.21565003226922,38.485146
2024-02-05,26.61,25.1,65.35354945054947,28.060244940837904,25.49555248741097,27.224602495103838,29.54643959058684,28.947336
2024-02-06,22.83,26.61,63.665615384615386,37.03645318780092,33.40589595272759,32.644449670470486,33.24121032983424,27.755121
2024-02-07,22.28,22.83,63.84457142857143,46.5579446331607,44.37737446042483,43.79912270025577,41.317269229335544,46.289215
2024-02-08,20.72,22.28,65.66436263736264,36.15126096286328,38.89508891878408,35.68377590025774,34.88287774193181,40.6209
2024-02-09,18.78,20.72,66.78524175824175,27.141260572885262,32.98151097864294,27.856849645719482,30.90090605289298,34.72327
2024-02-10,15.72,18.78,65.3331098901099,27.296614542412275,33.47127930465779,28.52466285198602,31.88968332600035,33.506397
2024-02-11,15.52,15.72,65.08018681318681,28.14704272141773,29.59081619542147,29.031147834775236,30.788571651323384,34.108334
2024-02-12,21.76,15.52,64.85614285714284,22.49807915891261,23.04017705473442,25.126379135292275,26.17700143425161,28.13208
2024-02-13,30.98,21.76,65.93726373626373,31.168915175415332,24.172524240616326,19.97743966405021,30.973024494383207,24.89256
2024-02-14,48.66,30.98,66.841,43.715238978293904,37.41077254763345,31.227475241781082,44.151188352795124,41.03314
2024-02-15,55.49,48.66,66.34790109890109,37.03453535500339,40.49496254104397,41.28089756395386,45.1754937939282,49.57045
2024-02-16,32.69,55.49,68.53875824175825,42.68114055818488,46.261578173692946,47.54597617500194,47.10186924589193,55.727688
2024-02-17,34.51,32.69,72.48284615384615,59.70521349876911,69.73081966224383,66.23470476434989,77.65883395772066,59.520344
2024-02-18,74.38,34.51,74.22181318681318,48.57840675305843,58.8285930738274,62.06142649716503,66.5624268913831,61.943066
2024-02-19,89.29,74.38,77.62343956043956,70.48953201574055,65.18193924673822,66.54255598235635,79.89803799744092,66.746
2024-02-20,85.31,89.29,79.45218681318681,89.1409821136616,111.59825776371525,100.97171521098254,113.75909861011866,110.41075
2024-02-21,61.46,85.31,79.78936263736264,77.67621682223465,58.31351883213055,71.22859118734817,71.6371620426093,59.564842
2024-02-22,34.91,61.46,83.78126373626375,64.89108712302203,47.10426407902324,51.2392778816902,52.43138140022843,39.132973
2024-02-23,31.58,34.91,85.75260439560441,54.269724022763626,45.68992389978768,50.588905932004444,50.91398694852836,45.052124
2024-02-24,30.19,31.58,87.25842857142857,54.354901077253025,48.19382784845361,58.980464096761914,72.14403133694714,47.40385
2024-02-25,32.29,30.19,90.54921978021979,65.8693273965527,65.30995381734532,78.82840751641021,73.28470013154276,84.73562
2024-02-26,81.34,32.29,90.36611800104659,50.11847820042014,51.73523175218373,52.47425969846885,54.34200497481372,49.203472
2024-02-27,90.28,81.34,90.41980219780221,37.24286378247422,39.86793257021929,46.013639371505136,39.8973883086035,45.04663
2024-02-28,124.63,90.28,90.38627708006278,73.23388203546193,110.81673202989683,96.89364930600695,83.95966203254818,105.28532
2024-02-29,152.86,124.63,88.15637774725276,100.52394021241524,130.17989806760164,123.90786643175103,128.35389045889326,129.99318
2024-03-01,95.25,152.86,84.85760576923076,105.15197038780602,83.01059159411719,97.04452723846943,116.57171945317114,92.4736
2024-03-02,102.21,95.25,82.38664580062793,118.32915191470492,126.44809351491239,128.80883188061458,112.50287451146713,106.16298
2024-03-03,70.4,102.21,79.76827217425432,79.17173508357078,62.67011233692772,64.94756543912318,66.77880745295161,64.67559
2024-03-04,115.11,70.4,77.70834020146519,79.88443926603753,94.66160322816997,84.29454277249098,74.91866304042992,88.73791
2024-03-05,120.66,115.11,75.49838441915229,81.6280952072562,100.76286703416537,99.5468287187506,102.162593060071,105.462555
2024-03-06,126.61,120.66,72.83665992935634,111.46475114979856,128.98320477480286,131.69425572150854,135.9314723231202,134.2947
2024-03-07,140.4,126.61,69.7268643754205,111.66232956868926,95.25640197940265,94.47536524885226,105.99085275688171,96.667404
2024-03-08,135.47,140.4,68.12398755326306,123.24144845015607,126.80154656652029,129.69384531700717,156.21658443049114,134.1619
2024-03-09,120.08,135.47,64.85731408387531,124.17443024275084,111.81057671762612,115.31201119325888,129.1027135068657,100.19342
2024-03-10,99.23,120.08,61.87758880915003,128.65978287088663,144.0685529087706,125.61936495314198,155.52139877978357,126.934456
2024-03-11,110.15,99.23,59.83731486880466,114.53658342342953,113.2783241168093,110.80257661516191,124.15657225099318,113.56166
2024-03-12,73.38,110.15,58.34193810271362,92.48242370246356,73.97288150941647,71.3476499524886,80.05143689536247,71.950745
2024-03-13,145.32,73.38,57.8190228750841,108.65423670769678,112.59520981405106,119.67797942999347,120.37102444784514,104.91251
2024-03-14,106.18,145.32,58.11938220453016,83.60583016336989,64.83599117690697,73.712514804466,80.57428952414325,65.00871
2024-03-15,110.16,106.18,57.733876373626366,114.57032302749764,111.85221080958533,104.99610215676822,89.97069545772746,83.81118
2024-03-16,98.23,110.16,57.11971310832025,108.45860697373425,99.58587971386065,93.7093382385596,106.21618985142175,100.66988
2024-03-17,140.68,98.23,56.555965855573,102.34223867481329,102.71702151823006,101.66080234639014,110.98299548788447,110.15634
2024-03-18,136.92,140.68,55.320532312925174,104.89420032982262,118.04392341716877,115.11601075277643,125.12945580643336,125.35379
2024-03-19,138.07,136.92,54.60273901098901,127.86681936227401,171.51861661937144,150.0392588766601,133.35204148571464,151.28769
2024-03-20,89.29,138.07,52.99317464678179,119.23775197229654,82.97017330511848,86.05202891031222,95.9255477888839,79.5595
2024-03-21,92.27,89.29,51.08170723606751,114.14730243607076,112.88828774419257,114.92744069722448,93.3044458987071,103.21483
2024-03-22,72.39,92.27,49.429547924843014,95.7447105513629,97.7944475832192,95.55141961300326,107.23142852886362,96.085754
2024-03-23,64.44,72.39,48.04578261872057,88.75303920796063,75.09321145691273,75.12246321138713,83.30996828451397,74.46419
2024-03-24,36.36,64.44,46.786991409929364,72.30519019361405,64.76330531563544,68.99487301763402,54.18722992201471,63.942028
2024-03-25,33.4,36.36,46.417205172357406,66.10888825971443,67.24186911515758,71.80923632604804,53.88329241513967,71.78983
2024-03-26,50.52,33.4,46.349053419348515,54.810486957033824,42.19957347514224,54.911206738319336,57.060635523024374,43.13307
2024-03-27,69.41,50.52,47.111804596742545,47.206607124022966,42.585801492152406,50.676705171644116,48.827886427179095,47.78849
2024-03-28,34.53,69.41,47.83794822409733,51.31796627510819,51.75811086227609,43.89767693760029,40.973943196661324,46.391235
2024-03-29,35.28,34.53,49.2646907378336,60.30311891762872,67.19488946965268,60.55296004019809,46.364471560275966,64.14789
2024-03-30,50.35,35.28,50.436626373626375,41.77621008219985,39.25730422666059,41.71824808470486,39.90752319977572,41.644657
2024-03-31,52.51,50.35,50.35562637362638,42.996016984185275,38.79834950557904,46.488629474046895,42.483393232251416,47.6056
2024-04-01,52.51,52.51,49.98674725274725,61.06690351048654,64.58852147622939,62.6841475493773,57.83342070775133,66.42337
2024-04-02,36.85,52.51,50.03449084249085,61.065603342524135,72.48570383757685,59.65263663891243,56.2102391417806,62.909687
2024-04-03,48.6,36.85,50.2083076923077,52.75873544266521,53.32578721174468,50.52682122739371,45.805917206254705,52.37903
2024-04-04,66.43,48.6,49.71895970695971,48.589194778934996,43.4741615219319,45.437278863607375,48.99702625754604,40.170692
2024-04-05,57.48,66.43,48.255342490842494,55.44543663462227,50.669241437228344,51.21645838354057,56.764388393678914,57.768917
2024-04-06,35.67,57.48,46.943993589743584,62.36285469735316,58.375822154655594,50.18134918572091,60.447233460407425,56.227886
2024-04-07,36.06,35.67,46.89629212454212,53.590389241944564,48.23393666015003,40.49379921953952,52.519230594721286,40.938198
2024-04-08,47.16,36.06,46.51567857142857,36.322719186114064,33.04456268345458,32.221584320751454,37.696422405471395,30.724163
2024-04-09,36.85,47.16,45.87729761904762,34.731426426153234,32.41884552256689,29.511917803341074,35.28016994847975,28.22781
2024-04-10,30.87,36.85,43.78055952380952,56.01481566364788,46.099885835929676,50.287787756007404,54.258199413403204,43.77523
2024-04-11,68.47,30.87,42.07234523809524,71.47008800798253,55.77567826667678,72.40709411286359,66.6069209957427,78.69407
2024-04-12,77.36,68.47,40.67459523809523,46.25521744919108,35.68075311141321,34.7648701794774,43.4632961253138,35.190197
2024-04-13,33.75,77.36,39.807654761904764,52.671208112633096,56.733976483138264,50.69547374255908,48.78085537048469,50.95731
2024-04-14,28.28,33.75,38.401678571428576,62.41765059248611,50.50636316144389,59.60015664587536,47.91661360751718,55.529182
2024-04-15,23.95,28.28,37.24236904761904,35.70665312257092,30.48479174786724,31.72753649242277,37.542842251196795,30.957754
2024-04-16,21.24,23.95,35.29589285714285,25.911937501405657,27.812349685426206,27.461403638112596,26.364580378648757,25.228521
2024-04-17,19.24,21.24,34.272083333333335,24.528836282866525,24.091173714390823,23.677650069353923,16.428689522872222,21.315075
2024-04-18,16.55,19.24,33.36745238095238,18.61751178668662,19.28862342927182,20.49535110539613,10.763142519946305,19.573364
2024-04-19,15.72,16.55,32.42675,18.23472577321015,16.499275900904006,17.427465630996373,14.245879834177892,18.729725
2024-04-20,15.72,15.72,31.643654761904763,16.035609239426755,14.752278662116224,17.203245430167296,13.454064183660208,16.710348
2024-04-21,15.72,15.72,30.58044047619048,16.050462403826273,14.768275182401597,17.203245430167296,15.362530913080487,17.240864
2024-04-22,14.16,15.72,29.440833333333334,15.183140601322451,14.499927839755461,16.624912950282184,13.208859031130986,16.064417
2024-04-23,12.22,14.16,28.44147619047619,14.85076604182245,14.469745268813325,16.624912950282184,12.553849134985649,15.943995
2024-04-24,11.41,12.22,27.49290476190476,13.010951155221756,13.077795706929793,14.250984664816706,11.240809719661138,13.532412
2024-04-25,10.21,11.41,26.278238095238095,10.856680486901967,11.767682566579458,11.490172802540963,9.528985035728399,11.363235
2024-04-26,10.21,10.21,25.23127380952381,9.842998067136433,11.19903848577411,11.682880614807866,7.36927426035242,11.724502
2024-04-27,10.21,10.21,23.893702380952384,8.896675203137294,10.097823105303336,10.426636132382633,6.7339081486612,10.265464
2024-04-28,10.21,10.21,23.169702380952383,8.563406803203888,9.984452146881933,10.426636132382633,8.446638427093335,10.280002
2024-04-29,9.65,10.21,22.777428571428572,13.49737624732614,10.431159447578041,10.49226516392857,8.141918825811072,10.438683
2024-04-30,10.21,9.65,22.383690476190477,11.665843440109972,10.68091248058161,10.579638066688078,7.681676962461288,9.970743
2024-05-01,11.41,10.21,21.535833333333336,9.969162098187189,9.508204268218202,9.398716579044944,7.7445283842447425,9.57428
2024-05-02,16.55,11.41,21.0425,14.121816333997627,10.725065864185682,10.719947728743017,7.281351537179658,10.143808
2024-05-03,19.26,16.55,20.362321428571427,16.94166522861661,11.364383862438055,12.265412298161227,9.990049037780194,11.732128
2024-05-04,16.13,19.26,19.622321428571432,16.362793201169417,16.010656531633387,15.264738545945576,12.324326345098545,14.577835
2024-05-05,15.12,16.13,18.627714285714287,16.236400356357066,16.124550562582595,15.264738545945576,15.268801433465525,14.048575
2024-05-06,14.16,15.12,17.43865476190476,13.058819555762648,14.518115345558114,15.264738545945576,12.108738206374953,13.906243
2024-05-07,13.43,14.16,16.329666666666665,12.61108036669232,13.814231132687109,12.890810260480105,12.693258060830944,12.683999
2024-05-08,12.73,13.43,15.812166666666668,11.850114250398965,12.94237472171543,12.890810260480105,11.088868714285699,12.402793
2024-05-09,12.06,12.73,15.032630952380954,10.544583332407706,12.268671280653757,13.051756960461525,10.585398617635423,12.516482
2024-05-10,12.06,12.06,14.354738095238096,9.638292402976168,11.64404006391639,13.051756960461525,9.94509674538028,12.516482
2024-05-11,11.41,12.06,13.781773809523811,8.946086932618586,11.10269317569641,11.19342562195294,10.079992125817485,11.015704
2024-05-12,10.8,11.41,13.238833333333332,8.713273384118223,11.038499969699739,11.19342562195294,10.15360806189424,11.015704
2024-05-13,10.36,10.8,12.72717857142857,8.971220715969926,10.925750033713655,11.19342562195294,10.091243415819438,11.107879
2024-05-14,9.11,10.36,12.34554761904762,14.137658046507426,10.863596224451545,10.863404896368026,8.52195082183752,10.033822
2024-05-15,9.65,9.11,11.768630952380951,12.535198714143178,10.53030331323588,10.499158399403647,10.201669592428496,9.876498
2024-05-16,9.11,9.65,11.429369047619048,15.956692853557731,9.829836431401764,11.06928052468699,8.367383638035118,11.020954
2024-05-17,9.65,9.11,11.08432142857143,20.59074843295737,13.539793017058287,14.075900219907636,6.967291305707165,12.184879
2024-05-18,9.93,9.65,10.840095238095236,12.996113950432253,10.325235050957964,10.639906427421542,8.130212490461485,11.634963
2024-05-19,10.21,9.93,10.597714285714286,8.22436687069255,9.223153972988703,9.318236911760513,7.1553260968256955,9.735517
2024-05-20,10.21,10.21,10.350678571428572,9.38423536639704,9.47950437992285,9.157290211779094,9.382758577943461,8.852097
2024-05-21,9.65,10.21,10.018785714285714,9.874477995846828,9.80953392559232,9.695754772261857,9.892198551016468,9.4161415
2024-05-22,9.11,9.65,9.762488095238094,9.93131137465098,9.869645563265546,9.695754772261857,9.58579788589555,9.4161415
2024-05-23,9.11,9.11,9.630714285714285,8.472153460805878,9.216515169307153,9.157290211779094,8.957558783357316,8.852097
2024-05-24,8.6,9.11,9.356428571428571,7.139213177663851,8.619860788582248,8.018496598203937,7.764154510179003,8.852097
2024-05-25,8.23,8.6,8.885880952380951,7.455546312440909,8.662546219135036,8.018496598203937,8.528924121379566,8.852097
2024-05-26,7.19,8.23,8.60322619047619,7.152856264590504,7.9353797909569606,7.6311361629230845,8.256922250302399,7.601974
2024-05-27,6.36,7.19,8.286809523809524,6.8010195374855265,7.47297033915527,7.176314960781067,8.00603627209358,6.9960017
2024-05-28,5.89,6.36,7.973940476190476,6.056463666401704,6.993433338947486,7.176314960781067,7.553634569374841,6.9960017
2024-05-29,4.93,5.89,7.714916666666666,5.291731213572849,5.991642701036155,5.820770866737057,7.094671330820599,6.1221323
2024-05-30,5.44,4.93,7.290988095238096,4.859645933760593,5.518543032805377,5.667494756953622,6.671785479615815,5.79188
2024-05-31,5.61,5.44,7.07525,4.116221457476016,5.0261240953964705,5.459754365215643,6.027524519087643,5.6536875
2024-06-01,5.44,5.61,6.89629761904762,4.206356130243112,5.129584683925706,5.4070076826231785,6.075654879591918,5.2167244
2024-06-02,4.93,5.44,6.750559523809524,4.355136533130636,5.312807567051501,5.226759588482661,6.2640874916176665,5.400119
2024-06-03,4.93,4.93,6.6915595238095245,4.142058130919541,5.292704397411182,5.65675250170267,6.234526499854136,5.4862566
2024-06-04,3.66,4.93,6.6002261904761905,3.7462726336440824,4.946530827055114,5.152744241069268,5.903326348473424,5.226694
2024-06-05,4.32,3.66,6.4984166666666665,3.6575436721286394,4.752355600035036,5.045991181101765,5.6647634614149265,4.980194
2024-06-06,5.8,4.32,6.483488095238095,2.8152966981598944,3.943293812449022,3.8982417557358455,4.88295444877886,4.3921614
2024-06-07,5.98,5.8,6.278571428571429,3.013604052472715,4.090098621103076,4.5398074434396465,4.816003439141029,4.5743647
2024-06-08,6.36,5.98,6.037404761904763,4.109880433924847,5.199058128267094,5.120006528515158,5.524369329492963,5.137471
2024-06-09,5.35,6.36,5.770119047619048,4.307710289043111,5.446974822449033,5.369751347594648,5.805180877313093,5.423152
2024-06-10,3.28,5.35,5.507261904761904,4.399273483597188,5.949721998281347,5.65675250170267,5.867758356922812,5.6424
2024-06-11,2.58,3.28,5.247047619047619,3.8217765536914285,5.383068047525881,5.65675250170267,5.323531200477902,5.8579197
2024-06-12,2.84,2.58,4.994071428571429,2.3088487068253656,3.811926469380731,3.87907631514042,3.995195115339475,4.211462
2024-06-13,2.84,2.84,4.691607142857143,1.6370981339285997,3.286682920981674,3.4759913269582814,3.1547900528669492,3.4406247
2024-06-14,2.64,2.84,4.516583333333334,1.8295512977509887,2.8880641467633295,3.035714063066826,3.0776019478702814,3.2953322
2024-06-15,2.45,2.64,4.393488095238095,1.7676851715262316,2.949987173171512,3.035714063066826,3.1581607026642042,3.2953322
2024-06-16,2.45,2.45,4.2751190476190475,1.4547900571216914,2.8000670909269005,3.035714063066826,3.1183276025807167,2.994276
2024-06-17,2.45,2.45,4.170523809523809,1.2200206356926273,2.335310420162031,2.930839589307643,2.9228846397409054,2.5471005
2024-06-18,2.28,2.45,4.116833333333333,1.1799584899146218,2.3021678872698197,2.9778771329388216,2.9170963288484053,2.6292887
2024-06-19,2.45,2.28,4.060761904761905,3.0437033732092758,2.310183443554515,2.9778771329388216,1.7318861878152494,2.6123087
2024-06-20,2.45,2.45,4.019702380952381,2.7157325793537623,2.214808892925062,2.9778771329388216,2.2632063173223416,2.5130246
2024-06-21,2.45,2.45,4.044357142857143,2.1169455071834697,2.299199866334843,2.824601023155387,2.2426723720582555,2.520505
2024-06-22,2.45,2.45,4.042452380952381,1.4663735591209814,2.3028248106311073,2.824601023155387,2.7184048976751667,2.520505
2024-06-23,2.45,2.45,4.038738095238095,1.237033636681911,2.295319879726974,2.824601023155387,2.6655647380513874,2.520505
2024-06-24,2.41,2.45,4.055904761904762,1.2996693320612671,2.297624360835591,2.824601023155387,2.4694345743751707,2.520505
2024-06-25,2.19,2.41,4.056809523809524,1.395157018219983,2.28870363909692,2.7299977008462304,2.3143860450631024,2.3302946
2024-06-26,2.07,2.19,4.077047619047619,1.0811424487810228,2.262554432561087,2.636232653168034,2.3589704244984504,2.2805073
2024-06-27,2.27,2.07,4.120859940438589,0.9053808865516366,2.1632783554708976,2.368063493479733,2.264054809096916,2.217049
2024-06-28,2.27,2.27,4.042246487982433,0.6867027070487381,2.0689991840193214,2.368063493479733,2.206785747004714,2.0956514
2024-06-29,2.27,2.27,4.359008392744338,0.8182541241977042,2.145011094794259,2.0458448457253464,2.224545073462013,1.9968885
2024-06-30,2.27,2.27,4.23808631482226,0.8273496317128917,2.1466303759297904,2.0816438993176334,2.251323435841591,2.031177
2024-07-01,1.84,2.27,4.158146920882865,0.7794174234589626,2.142617160675994,2.368063493479733,2.2518240829093914,2.1908388
2024-07-02,1.5,1.84,4.0329131546490995,0.7560820141866103,2.1345324439393534,2.0816438993176334,2.2548989683506213,2.031177
2024-07-03,1.41,1.5,3.9043417260776705,0.44953466559428534,1.9223770851196527,2.0458448457253464,2.0597736282928536,1.8007007
2024-07-04,1.66,1.41,3.7499936904009865,0.1305218705605249,1.5009633904108592,2.0458448457253464,1.8569219457716661,1.5738869
2024-07-05,1.8,1.66,3.6644112554112556,0.024495968853582184,1.4489295174765966,2.0458448457253464,1.742948896951337,1.4967632
2024-07-06,1.8,1.8,3.227844155844156,0.1572322606070955,1.5526447010881599,2.0458448457253464,1.8277913438126112,1.4967632
2024-07-07,1.8,1.8,3.229779220779221,0.24534199478523888,1.9069669502967457,2.368063493479733,1.937866791901277,1.917528
2024-07-08,1.53,1.8,3.1407922077922072,0.21020626407887022,1.912163353745804,2.368063493479733,1.9709668352154144,1.9946519
2024-07-09,1.63,1.53,3.1324805194805196,0.1842347767252157,1.9161217110082058,2.368063493479733,1.99898566303284,1.9946519
2024-07-10,1.66,1.63,3.0815714285714284,0.019449446179827135,1.5065205275972482,2.0816438993176334,1.9099022733984783,1.5738869
2024-07-11,1.8,1.66,3.0554935064935065,0.057703521197293384,1.5490162153065512,2.0458448457253464,1.9110895142766924,1.4967632
2024-07-12,1.8,1.8,3.072623376623376,0.10703991782157374,1.5566382072903198,2.0458448457253464,1.9561571766745636,1.4967632
2024-07-13,1.66,1.8,3.0788831168831163,0.16323635753461474,1.9113710834807796,2.0458448457253464,2.0113677909520695,1.723577
2024-07-14,1.66,1.66,3.090155844155844,0.15292458888333726,1.9094334385532434,2.0458448457253464,2.0330608740861074,1.8007007
2024-07-15,1.66,1.66,3.1657142857142864,0.026044618296833022,1.5487083409287874,2.0458448457253464,1.9723654585435888,1.5738869
2024-07-16,1.53,1.66,3.1120779220779227,-0.016501609975527742,1.5487083409287874,2.0458448457253464,1.9275089921182027,1.4967632
2024-07-17,0.99,1.53,3.118701298701299,-0.019630198958576983,1.5379035207255987,2.0458448457253464,1.9135954406892566,1.4967632
2024-07-18,0.79,0.99,3.1513116883116887,-0.13021723722722456,1.49334114406283,2.0458448457253464,1.8785269930574047,1.4967632
2024-07-19,0.68,0.79,3.141454545454546,-0.5554028791530357,1.3149949998454402,2.0458448457253464,1.774175803143479,1.4967632
2024-07-20,1.53,0.68,3.1290909090909094,-0.8076025835028133,1.1774643787730399,2.0458448457253464,1.695234805994628,1.4967632
2024-07-21,1.8,1.53,3.110753246753247,-0.9196901880895254,0.994614956272558,2.0458448457253464,1.673169185660734,1.4967632
2024-07-22,2.27,1.8,3.0456623376623377,-0.4322968018704927,1.2877911286197943,2.0458448457253464,1.9215234755986033,1.4967632
2024-07-23,2.45,2.27,3.040337662337662,-0.1878273724566384,1.9291690869633842,2.0458448457253464,2.125272835591197,1.723577
2024-07-24,1.73,2.45,3.059818181818182,0.004597414383255227,2.0883682652086017,2.0458448457253464,2.351396458969329,1.9968885
2024-07-25,1.53,1.73,3.0336883116883118,0.11881443740230324,2.2351898524935248,2.3140140054136475,2.5192680457051195,2.086557
2024-07-26,1.95,1.53,3.030233766233766,-0.34546573766537847,1.8951605786857344,2.0458448457253464,2.359863211954308,1.6802539
2024-07-27,1.95,1.95,3.0345194805194806,-0.5625389115732311,1.5196118160106897,2.0458448457253464,2.2450080491221502,1.4967632
2024-07-28,1.8,1.95,3.040831168831169,-0.21825265798907978,1.9586455097911328,2.0458448457253464,2.378633193841803,1.723577
2024-07-29,1.8,1.8,3.032883116883117,0.7086882882382284,1.9767418395752545,2.0458448457253464,2.1596738212867,1.8007007
2024-07-30,1.8,1.8,3.0666493506493504,0.19071013262815484,1.9203874087892117,2.0458448457253464,2.46680968218659,1.8007007
2024-07-31,1.21,1.8,3.0987272727272726,-0.24695984831715023,1.9203874087892117,2.0458448457253464,2.41000297572513,1.8007007
2024-08-01,1.27,1.21,3.138428571428571,-0.3317731686483931,1.9139947977765446,2.0458448457253464,2.3794801612050063,1.8007007
2024-08-02,1.8,1.27,3.1574285714285715,-0.7191464580890923,1.3426846857660555,2.0458448457253464,2.2340337541194506,1.5738869
2024-08-03,1.8,1.8,3.2034025974025977,-0.7965532284206738,1.3698230302334522,2.0458448457253464,2.175964358138263,1.4967632
2024-08-04,1.8,1.8,3.280961038961039,-0.4194250241829103,1.91713887968778,2.0458448457253464,2.415032440272326,1.723577
2024-08-05,1.8,1.8,3.375168831168831,-0.5289811846244064,1.917848931961895,2.0458448457253464,2.5816546269582292,1.8007007
2024-08-06,1.8,1.8,3.4902337662337657,-0.5879645548806032,1.9230453354109533,2.0458448457253464,2.595838715054607,1.8007007
2024-08-07,1.41,1.8,3.5355584415584422,-0.642481827545879,1.9230453354109533,2.0458448457253464,2.6325308776145513,1.8007007
2024-08-08,1.73,1.41,3.5889220779220783,-0.6683056864663364,1.9266540900926012,2.0458448457253464,2.6047634731572766,1.8007007
2024-08-09,1.8,1.73,3.7512337662337667,-0.9243927593226537,1.4463965713504716,2.0458448457253464,2.4928899653726937,1.5738869
2024-08-10,1.29,1.8,3.8403246753246756,-0.7882281912650129,1.8790384895327332,2.0458448457253464,2.5748614300517465,1.6031302
2024-08-11,1.29,1.29,3.8636493506493506,-0.7007787616677064,1.9087983943274862,2.0458448457253464,2.654197473835929,1.723577
2024-08-12,1.29,1.29,3.8242532467532473,-1.0948578538374676,1.3556667574427297,2.0458448457253464,2.499714195661658,1.5738869
2024-08-13,0.62,1.29,3.7645238095238094,-1.2175914553631024,1.3544347528785052,2.0458448457253464,2.4364203118411876,1.4967632
2024-08-14,0.62,0.62,3.706807359307359,-1.214563584416176,1.327819297844383,2.0458448457253464,2.4381899154367854,1.4967632
2024-08-15,0.62,0.62,3.5898160173160174,-1.7138097628205458,0.98564216986802,2.0458448457253464,2.198893283252726,1.4967632
2024-08-16,0.62,0.62,3.3919296536796537,-1.8704994820885332,0.8176911293768462,2.0458448457253464,2.103952004614389,1.4967632
2024-08-17,0.62,0.62,3.2315595238095236,-1.8761555640104248,0.949209795734627,2.0458448457253464,2.1139702255648682,1.4967632
2024-08-18,0.62,0.62,3.061511904761905,-1.9421563246504405,0.926347233886405,2.0458448457253464,2.101793874649497,1.4967632
2024-08-19,0.62,0.62,2.972523809523809,-1.8539831632996808,0.9212084314549966,2.0458448457253464,2.0302253234891223,1.4967632
2024-08-20,0.62,0.62,2.8616547619047616,-1.6721534181369435,0.8835508359313373,2.0458448457253464,1.97087544575735,1.4967632
2024-08-21,1.03,0.62,2.8180833333333335,-1.912948643365592,0.8936737403009049,2.0458448457253464,2.0913282785209697,1.4967632
2024-08-22,1.01,1.03,2.815857142857143,-2.1337962561191226,0.7606644530182499,2.0458448457253464,2.0474859512410717,1.4967632
2024-08-23,1.03,1.01,2.7898214285714285,-1.9191519018174077,0.9409844431334871,2.0458448457253464,2.1511816278471305,1.4967632
2024-08-24,1.03,1.03,2.7962738095238096,-1.877934700106124,1.105288717511678,2.0458448457253464,2.19963282089013,1.4967632
2024-08-25,1.03,1.03,2.7988571428571425,-1.9428264257278443,1.115879966755347,2.0458448457253464,2.168244531024435,1.4967632
2024-08-26,0.96,1.03,2.8196785714285717,-1.98745219394225,1.0945085129704288,2.0458448457253464,2.179793941411718,1.4967632
2024-08-27,0.94,0.96,2.844607142857143,-2.05244029205069,1.0953913832875655,2.0458448457253464,2.1921708081648283,1.4967632
2024-08-28,0.94,0.94,2.8354954212454215,-2.1104404087591995,1.0654467362114215,2.0458448457253464,2.131009409055814,1.4967632
2024-08-29,0.94,0.94,2.8312234432234433,-2.0035613608643494,1.0486517290506467,2.0458448457253464,2.04717112190536,1.4967632
2024-08-30,1.14,0.94,2.838212454212454,-1.9564599435481078,1.0415688301203823,2.0458448457253464,2.042884972645875,1.4967632
2024-08-31,1.03,1.14,2.847787545787546,2.057179457527951,1.0440417932098442,2.2073772823177795,1.5304387417119307,1.5261564
2024-09-01,0.76,1.03,2.8981749084249087,0.3467246935471806,1.1211815191933474,2.0458448457253464,2.375989522005664,1.568002
2024-09-02,0.67,0.76,2.898423992673993,-2.112190085706697,1.0910602266379148,2.0458448457253464,2.410884540716597,1.4967632
2024-09-03,0.62,0.67,2.9039230769230775,-2.1615599165233377,0.9989984590842503,2.0458448457253464,1.9774397361689062,1.4967632
2024-09-04,0.73,0.62,2.9286483516483517,-1.4955511026816808,0.7596023128356452,2.0458448457253464,1.5700846813590625,1.4967632
2024-09-05,0.74,0.73,2.9576483516483516,-1.9360560069263322,0.6986480117547506,2.0458448457253464,1.8045939418398094,1.4967632
2024-09-06,0.76,0.74,2.9568131868131866,-1.1616613781748626,0.7055679189890884,2.0458448457253464,1.3668603861514632,1.4967632
2024-09-07,0.94,0.76,2.967186813186813,-1.8849128035127087,0.7345475470815929,2.0458448457253464,2.0112777169665104,1.4967632
2024-09-08,0.76,0.94,2.947846153846154,-2.437123991725148,0.7644233443883431,2.0458448457253464,2.070412211310262,1.4967632
2024-09-09,0.74,0.76,2.9235714285714285,-2.5735274186104142,0.7700435787496394,2.0458448457253464,2.07322059130557,1.4967632
2024-09-10,0.76,0.74,2.9323516483516485,-2.6034843172904125,0.9415171205576509,2.0458448457253464,1.973311753865393,1.4967632
2024-09-11,0.69,0.76,2.909824175824176,-0.09954417635183077,0.7499447541398848,2.2073772823177795,1.1279233932772716,1.5261564
2024-09-12,0.69,0.69,2.9212417582417585,0.30709058978261794,0.7642058931897213,2.0458448457253464,1.624333717069986,1.4967632
2024-09-13,0.69,0.69,2.964989010989011,-2.0845173187210086,0.7426971731288343,2.0458448457253464,2.2157009328291073,1.4967632
2024-09-14,0.72,0.69,2.960615384615384,-3.0460849769159424,0.7507504848475787,2.0458448457253464,2.1258795622698003,1.4967632
2024-09-15,0.94,0.72,2.9641318681318682,-2.7352033617468905,0.7341431516711167,2.0458448457253464,1.8203712659605427,1.4967632
2024-09-16,0.96,0.94,3.016945054945055,-1.9814205878569382,0.7181424429291471,2.0458448457253464,1.3998217949937457,1.4967632
2024-09-17,0.94,0.96,3.0152417582417583,-1.6860229187917248,0.7733061871333883,2.0458448457253464,1.521014388433839,1.4967632
2024-09-18,1.03,0.94,3.017065934065934,9.715026018094058,1.1305795122019238,3.4504988628354702,2.2919417163879863,2.2015502
2024-09-19,0.94,1.03,3.0347362637362636,8.044763762454403,1.111731340496689,3.7071279657136786,2.3227265940223765,2.2648869
2024-09-20,0.94,0.94,3.032153846153846,-0.7723684749243098,1.1254564014072534,2.0458448457253464,1.933075090176391,1.8460125
2024-09-21,0.85,0.94,3.0292087912087915,-3.204521974499535,1.054208610337354,2.0458448457253464,3.61014820067019,1.4299343
2024-09-22,0.85,0.85,3.080263736263736,-1.6444635542244903,1.0112212896972432,2.0458448457253464,1.8216304102355445,1.4967632
2024-09-23,0.94,0.85,3.1155164835164832,-1.1531830669770642,0.9588565905179283,2.0458448457253464,1.1533219400618822,1.4967632
2024-09-24,0.94,0.94,3.1411538461538457,-0.7270278848134275,0.893147567881856,2.0458448457253464,1.1113045313160694,1.4967632
2024-09-25,0.94,0.94,3.199989010989011,-2.389699501092757,0.9445581345512115,2.0458448457253464,3.497517269678576,1.4967632
2024-09-26,1.14,0.94,3.208868131868132,9.582177060208787,1.0978907359452434,3.4504988628354702,2.232408079794405,2.2015502
2024-09-27,0.94,1.14,3.20367032967033,4.906390609328955,1.0433899622170288,3.5455955291212478,2.69412316102031,2.3959532
2024-09-28,0.94,0.94,3.2279450549450552,6.189480853947462,1.1644178275763155,3.4504988628354702,3.989658685448022,3.1122851
2024-09-29,0.62,0.94,3.201494505494505,3.2803082000407677,1.143129811893045,3.467680874156577,3.1724485327347614,2.229271
2024-09-30,0.55,0.62,3.1936703296703297,1.4977179325652195,1.0994584433344905,2.2073772823177795,1.7205440169474584,1.9420162
2024-10-01,0.49,0.55,3.212835164835165,-0.677892622766997,0.9040199300002444,2.0458448457253464,3.182647197950372,1.4967632
2024-10-02,0.49,0.49,3.1740879120879124,-1.242909719512209,0.8718355120602518,2.0458448457253464,1.0735094292904965,1.4967632
2024-10-03,0.49,0.49,3.1635164835164837,-2.575377464807314,0.7096852705873957,2.0458448457253464,2.4208946282662773,1.4967632
2024-10-04,0.49,0.49,3.2895164835164836,-1.4719044298588138,0.6767661919835039,2.0458448457253464,0.7765497499177587,1.4967632
2024-10-05,0.49,0.49,3.4359120879120875,-3.3165979154487033,0.6789534876854734,2.0458448457253464,3.156454030625637,1.4967632
2024-10-06,0.49,0.49,3.5197252747252747,-3.4217232032139755,0.6703388656144227,2.0458448457253464,1.3695302002967389,1.4967632
2024-10-07,0.54,0.49,3.6211318681318683,-3.368450164864967,0.6637514038765583,2.0458448457253464,1.2667778953217552,1.4967632
2024-10-08,0.51,0.54,3.668769230769231,13.748051236917401,0.7278192388773175,3.9867281759148976,1.966225066149255,1.8743355
2024-10-09,0.49,0.51,3.7356483516483516,6.785461410721272,0.6602148952062955,3.446854711222276,2.4710815139143603,2.9359634
2024-10-10,0.49,0.49,3.7874505494505497,-3.8486738828217923,0.7194314546578546,2.0458448457253464,1.3184446409407573,1.7747736
2024-10-11,0.49,0.49,3.7520879120879123,-4.308034989118376,0.7137094965010845,2.0458448457253464,4.111819501777485,1.2244627
2024-10-12,0.49,0.49,3.7089560439560434,-1.5808933648086239,0.6933291619156271,2.0458448457253464,0.6061589439245165,1.4967632
2024-10-13,0.49,0.49,3.687461538461539,-0.4682633578115549,0.6933291619156271,2.0458448457253464,0.47887252447897793,1.4967632
2024-10-14,1.14,0.49,3.6270879120879123,5.168723718415762,1.0423537507678982,2.2073772823177795,0.8999400306071847,1.79706
2024-10-15,1.14,1.14,3.6220769230769227,3.8112074450008997,0.6965919405623776,2.570534028411639,3.781855910341405,2.066765
2024-10-16,1.14,1.14,3.6881758241758242,11.902049493350965,1.2801741647864018,3.4504988628354702,3.393015791580081,3.2607346
2024-10-17,1.35,1.14,3.7708571428571425,4.181925821253863,1.3135372544137074,3.5455955291212478,2.503636646288178,2.3959532
2024-10-18,1.52,1.35,3.7976153846153844,-2.9945984074197547,1.2269862997280798,2.0458448457253464,1.007076505799127,1.7747736
2024-10-19,1.39,1.52,3.814021978021978,-2.580479816666198,1.2169199657252718,2.0458448457253464,4.007407360544806,1.4299343
2024-10-20,1.14,1.39,3.9198131868131867,-0.9071288620731366,1.3447221995992646,2.0458448457253464,1.1868991489923535,1.4967632
2024-10-21,1.14,1.14,3.994395604395604,-1.8774313790659,1.313776931793381,2.0458448457253464,2.0396337074956454,1.4967632
2024-10-22,1.14,1.14,4.067505494505495,17.51198061972874,1.3951616845891968,3.9867281759148976,0.9354323934859385,1.8345912
2024-10-23,1.14,1.14,4.064043956043956,8.231964881420947,1.231708478835842,3.968982761721128,2.721647794182976,2.7162118
2024-10-24,1.12,1.14,4.090241758241758,-3.6061476636542906,1.1144846760143658,2.0458448457253464,2.489694073730283,1.9445413
2024-10-25,1.26,1.12,4.159285714285714,2.30174255740895,1.2081350126145312,2.2073772823177795,4.8101163437057775,1.5247589
2024-10-26,0.76,1.26,4.2538791208791205,4.407469431689496,1.2216865279219087,2.409001591819206,2.127212533394943,2.109387
2024-10-27,0.62,0.76,4.34378021978022,2.614426957526163,1.1970923707481735,2.2073772823177795,1.9356202756293928,1.9420162
2024-10-28,1.14,0.62,4.491582417582419,3.731942078499575,1.0791408551034267,2.2073772823177795,2.276887325287155,1.5261564
2024-10-29,1.53,1.14,4.533197802197802,4.252223035491081,0.7223803723883784,2.2073772823177795,4.575916764412862,1.8900287
2024-10-30,1.26,1.53,4.621879120879121,10.392789969457928,1.1486440211361006,3.726063719795874,3.528880844606459,2.675639
2024-10-31,1.67,1.26,4.646318681318681,3.288399204278427,1.7045881682143065,3.5455955291212478,3.4307865046991637,2.6133657
2024-11-01,2.0,1.67,4.727461538461539,-3.3516644041336896,1.3220395435786874,2.0458448457253464,0.6944794642071304,1.767375
2024-11-02,1.83,2.0,4.644395604395604,-2.54459300160104,1.4808692569890305,2.0458448457253464,3.0106494711445637,1.4517496
2024-11-03,1.67,1.83,4.57178021978022,-0.4403791326521578,1.9707269384233206,2.0458448457253464,1.0489930489766226,1.7983668
2024-11-04,0.94,1.67,4.511747252747253,-1.228738171164398,1.9438323926055843,2.0458448457253464,1.7507792023660165,1.8007007
2024-11-05,0.71,0.94,4.677417582417583,0.6384097527322936,1.5191505042138238,2.2073772823177795,0.8108036909035259,1.6282878
2024-11-06,0.93,0.71,4.773571428571429,0.9897954401386535,1.2543355883804044,2.2073772823177795,1.6057575639139956,1.622403
2024-11-07,0.78,0.93,4.858593406593407,-2.273230182147852,0.9145679750269865,2.0458448457253464,1.7109858272016516,1.568002
2024-11-08,0.69,0.78,4.915802197802198,-3.3719028594056155,0.8755289735075896,2.0458448457253464,1.6265743645053425,1.4967632
2024-11-09,0.62,0.69,5.37667032967033,-2.9713314148007903,0.9396046667472555,2.0458448457253464,1.3540965501453122,1.4967632
2024-11-10,0.62,0.62,5.719945054945055,-3.4780673554873935,0.786474925214642,2.0458448457253464,1.2211008720864513,1.4967632
2024-11-11,0.62,0.62,6.034747252747252,-2.9479993404437366,0.7893578475252828,2.0458448457253464,0.631654257786781,1.4967632
2024-11-12,0.65,0.62,6.182296703296703,4.6999183367874835,0.7779129153881384,3.4504988628354702,0.10295776104939719,2.2015502
2024-11-13,0.74,0.65,6.33943956043956,15.176623565344993,0.9112894205965233,4.9438494073571215,2.86183227432962,3.1472108
2024-11-14,0.76,0.74,6.418582417582418,11.029202015631357,1.031228609267253,4.739607680382663,5.371969521489204,4.991676
2024-11-15,1.22,0.76,6.630813186813187,14.854042145214358,1.0509937474838502,4.567256940271444,6.3791947147790875,3.770719
2024-11-16,5.56,1.22,6.5628131868131865,17.639366608111985,1.2496839627260043,6.6822344062381855,4.803554923831304,5.270426
2024-11-17,6.21,5.56,6.558362637362637,34.9222534772634,5.352496337457022,11.57500783058015,9.91528944599976,11.323108
2024-11-18,7.88,6.21,6.656560439560441,34.126886916633396,16.84078404003404,15.527639111933064,16.180115194739376,12.11635
2024-11-19,6.69,7.88,6.755659340659341,20.4307431109878,18.336997715872098,15.372028775307623,19.869354261635,15.989341
2024-11-20,5.77,6.69,6.795648351648351,14.696754587851895,19.9169119968861,15.356169359697764,13.354983311359353,18.298935
2024-11-21,5.77,5.77,6.868087912087913,30.16762189431179,21.827790458712748,16.242064637732675,13.05713042157492,22.415567
2024-11-22,13.77,5.77,6.806043956043956,28.987623441333195,23.053615521636015,16.175101389304757,15.050225139268901,20.803171
2024-11-23,28.84,13.77,6.661318681318682,35.59045141623285,24.00343397928948,18.172235855413344,21.24495070862524,16.82452
2024-11-24,19.11,28.84,6.522131868131868,33.0102894257481,48.67202426647971,24.76204820539257,25.636844351641056,32.062775
2024-11-25,17.38,19.11,6.331417582417584,26.59487297280106,33.19568454686887,29.91051352607277,25.40607634529778,28.351166
2024-11-26,15.3,17.38,6.3814175824175825,14.99506605272927,13.536937528088403,16.10583307546682,12.300920861602512,11.5952635
2024-11-27,11.17,15.3,6.384076923076924,26.02375068299676,26.127199400911582,20.994955729962122,18.54390394046263,22.471075
2024-11-28,11.75,11.17,6.542857142857143,22.702030794632975,20.056426712792426,17.87507297083797,21.31400056530997,18.12819
2024-11-29,11.75,11.75,6.677428571428572,27.065216856760316,20.817196263269143,15.37913662834404,19.571635504488288,15.986657
2024-11-30,24.77,11.75,6.797285714285714,27.116777220955083,29.51110537155274,16.91488793305517,19.684541784623182,20.11387
2024-12-01,23.71,24.77,6.965098901098901,31.8775298430656,26.67979113350083,20.21042799245854,23.46062709316418,27.310675
2024-12-02,21.34,23.71,7.011736263736263,31.64158513761442,35.73294017611626,35.146746407212746,29.9905373955979,36.733543
2024-12-03,19.7,21.34,6.884417582417583,21.213342402662324,23.707622158871754,24.457551625162484,20.125609123161667,26.989126
2024-12-04,15.8,19.7,6.976054945054946,14.44651358781975,15.034347481829474,18.52902722053352,13.960715921727989,17.376514
2024-12-05,13.89,15.8,7.1670439560439565,24.02889591076777,20.163577106185812,23.640908267769966,20.426290538510084,22.254206
2024-12-06,10.62,13.89,7.422989010989011,25.1126162459281,27.112276655248042,30.682370876724633,24.42342935892582,32.29343
2024-12-07,8.92,10.62,8.454747252747254,29.060915880941963,26.039992683489345,31.729364924521306,26.062157953062783,32.76235
2024-12-08,45.35,8.92,9.894274725274727,33.059742038573944,28.232635738394027,28.712081850565188,26.73954762657191,28.774937
2024-12-09,40.58,45.35,11.48921978021978,24.1872937153812,27.19996202748399,22.519586639425956,24.04819274729777,23.555914
2024-12-10,23.73,40.58,13.188846153846153,34.53555646448525,47.801156561825316,41.86592757132469,32.621713958676814,49.024147
2024-12-11,19.11,23.73,15.263571428571428,32.30704593729906,25.280760065529,26.969981971214416,28.203323146106893,27.448715
2024-12-12,21.06,19.11,17.386824175824177,19.88219097114334,18.671848924325698,22.667600047125156,20.012007887216594,22.782347
2024-12-13,28.88,21.06,19.413912087912085,18.083657448042704,14.972106703330585,17.72098749312751,18.519210453645254,15.947787
2024-12-14,22.28,28.88,20.814054945054945,18.88205342310862,16.054684073188312,17.711008201763715,16.54325378601055,17.499048
2024-12-15,17.38,22.28,22.17440659340659,21.48498363688397,20.76186225888451,23.009415253933234,16.173374561924824,21.704733
2024-12-16,16.31,17.38,23.56102197802198,16.445363181291608,15.934341989785063,18.32926731224968,9.773722772922028,17.80711
2024-12-17,15.3,16.31,24.377164835164837,15.50642934090691,18.03118167710779,16.303361522319317,13.266647346922086,15.982398
2024-12-18,12.78,15.3,24.749,25.246426134202487,21.545808172572357,19.814004717942858,22.885096007138802,21.002066
2024-12-19,15.4,12.78,25.129296703296706,27.640993188645346,24.546067427467737,21.412131583793457,25.375534351174203,24.108477
2024-12-20,18.54,15.4,25.801846153846153,19.149909628727833,20.15744750996554,20.97597039412664,21.87958836607276,21.09202
2024-12-21,17.38,18.54,26.505318681318677,15.89084807275362,17.859526257214636,15.566661538858419,16.92117458231226,16.612673
2024-12-22,15.3,17.38,27.356186813186813,24.164589843704857,20.753959682506395,20.192102750525887,23.6742928911731,21.166351
2024-12-23,15.3,15.3,29.01808791208791,20.415193409572268,20.145365747496097,21.79124125832211,21.080370638124133,19.05715
2024-12-24,14.34,15.3,31.072582417582417,12.228016327057286,14.261933843920849,13.658949350962777,13.131712199325143,13.772027
2024-12-25,11.75,14.34,34.335032967032966,10.482851873608714,13.592366244928476,13.466241538695874,10.370104891645541,12.9128685
2024-12-26,8.92,11.75,36.74369230769231,10.113219388605069,12.768351890721947,13.466241538695874,9.035517469675712,12.647194
2024-12-27,8.31,8.92,38.238945054945056,9.753183239446285,11.025240499315322,11.607910200187293,8.918324536481252,11.47787
2024-12-28,7.74,8.31,40.74937362637363,16.014187179467392,11.084978578963748,10.923819932260127,11.483549944185532,9.847871
2024-12-29,7.74,7.74,40.418406593406594,15.659586393285927,12.107681527869271,13.009886530482254,14.07852838563265,12.8638115
2024-12-30,7.74,7.74,39.34973626373626,14.574542208764347,10.30425251406594,13.26862050203402,14.405493379196667,15.130412
