date,y_true,persistence,climatology,Ridge,RandomForest,GradientBoosting,MLP,XGBoost
2021-09-19,7.96,6.05,3.141153846153846,2.958336058233069,7.853058417225772,4.774351369237831,5.364877958259408,4.7754993
2021-09-20,7.87,5.78,3.199989010989011,5.227635224683919,7.945784016018129,5.484212805710545,5.3762278819562646,4.8904886
2021-09-21,7.54,6.84,3.208868131868132,5.9403401673436065,7.950439694516791,5.638037933741013,5.028748421531242,5.045222
2021-09-22,7.22,7.22,3.2036703296703295,11.660145660501023,8.275233277902158,6.7854531622617555,4.804519133091361,6.826969
2021-09-23,7.22,7.38,3.2279450549450552,12.837847323119341,8.206892250671988,8.087518295359395,3.623793640710867,9.509614
2021-09-24,6.84,7.71,3.2014945054945056,8.567769127432127,8.008120886849978,7.398515790626072,3.6422601106387877,8.136325
2021-09-25,7.3,7.87,3.1936703296703297,6.558896252603752,7.23801138029523,7.2398506761581425,3.9835276806121285,7.377153
2021-09-26,7.71,7.96,3.2128351648351647,5.42525728779923,7.0193753357668545,7.005382255777616,4.635037550747759,6.9294243
2021-09-27,7.87,7.87,3.174087912087912,5.200102036149698,7.0373520085505925,7.005382255777616,5.412619365401288,6.928347
2021-09-28,7.54,7.54,3.1635164835164837,4.956266356522573,7.010147572691666,7.005382255777616,5.391380738037819,6.908558
2021-09-29,9.6,7.22,3.2895164835164836,5.136978316537096,7.452174461158569,7.005382255777616,5.116094460243054,6.7573576
2021-09-30,11.71,7.22,3.435912087912088,7.427212859198651,6.763517218663263,6.723328591194605,5.801694739196026,6.6357813
2021-10-01,12.18,6.84,3.5197252747252747,5.106494273293428,6.714646105911134,5.96729460614907,5.3511933434056065,5.911314
2021-10-02,11.83,7.3,3.6211318681318683,3.852191625290068,6.721515822783577,5.153212285753705,5.517294301356216,4.9944067
2021-10-03,11.83,7.71,3.668769230769231,3.451144786489415,6.779574615665013,5.96729460614907,6.457164255938421,6.432317
2021-10-04,10.51,7.87,3.7356483516483516,8.005377262343359,7.489523364522829,7.607591112792675,6.841830027346766,9.213434
2021-10-05,9.7,7.54,3.7874505494505493,17.3581424907823,7.8796268688604725,8.329972876224733,6.474930167758245,10.382912
2021-10-06,9.31,9.6,3.752087912087912,29.34195747566484,8.476670902007827,11.224241043652054,3.806016284546652,10.69303
2021-10-07,8.22,11.71,3.708956043956044,16.354720553833783,10.011414106711088,8.326180500404142,3.757681671677155,9.168992
2021-10-08,8.04,12.18,3.6874615384615383,15.11917967133945,11.468166143174965,10.273052727490319,5.696139253847562,11.841294
2021-10-09,7.54,11.83,3.627087912087912,10.695325037215927,10.090048728390968,8.242946193748526,4.841599801865572,9.329699
2021-10-10,6.84,11.83,3.6220769230769227,11.759452728452082,9.358728586188358,8.28911874232135,4.932242291443865,8.71801
2021-10-11,6.33,10.51,3.6881758241758242,11.68965070441305,9.290427051982906,8.28911874232135,6.09763565344665,8.205847
2021-10-12,6.05,9.7,3.770857142857143,13.959518379855306,9.165597706604895,9.034186838462992,6.496448310584668,9.580795
2021-10-13,6.05,9.31,3.7976153846153844,10.662200017857279,7.909509709124114,7.570018192557656,6.499601436873301,7.066911
2021-10-14,5.78,8.22,3.8140219780219775,8.39707292926632,7.77005191914847,7.511200873445124,7.082921567423607,7.701066
2021-10-15,5.52,8.04,3.9198131868131867,7.077094944155078,6.224532275529312,7.1936781275853185,6.459749103680298,7.620889
2021-10-16,5.52,7.54,3.994395604395604,6.509603447470656,6.170984495014143,7.1936781275853185,6.240906654742522,8.455084
2021-10-17,5.27,6.84,4.067505494505494,6.194529375821475,6.686087754872079,7.307174318961478,6.175022245278052,8.505493
2021-10-18,4.35,6.33,4.064043956043956,5.991358947845626,6.073488064524482,5.7038372858859745,5.745078622517379,6.4155564
2021-10-19,4.24,6.05,4.090241758241758,10.541718963258615,6.121863789328819,6.555583463582256,6.907560414097507,7.021251
2021-10-20,5.78,6.05,4.159285714285715,7.12727468836594,6.01606242998719,5.3376211399098095,5.036924163281313,6.196549
2021-10-21,6.05,5.78,4.253879120879121,6.137725560714138,6.009687028555172,5.3376211399098095,5.650787376782517,5.587303
2021-10-22,6.33,5.52,4.3437802197802196,5.277485170828918,5.9298853647209375,5.149325268102103,7.060689676211862,5.3467946
2021-10-23,6.12,5.52,4.491582417582418,5.614369313475635,5.899618111241538,5.149325268102103,5.866555466873603,5.3467946
2021-10-24,6.61,5.27,4.533197802197803,5.636351634044161,5.899618111241538,5.149325268102103,6.101404685859875,5.3467946
2021-10-25,6.61,4.35,4.621879120879121,5.54953012517182,5.918516315200628,5.149325268102103,6.27579689756376,5.3467946
2021-10-26,6.33,4.24,4.646318681318681,6.824160554373201,5.179518060913223,5.195497816674927,6.162531315752904,5.4902673
2021-10-27,6.33,5.78,4.727461538461538,6.161014284513435,5.139008346890211,5.149325268102103,6.021805204303276,5.5748806
2021-10-28,6.33,6.05,4.644395604395605,6.172762326098336,5.762134657312652,5.149325268102103,6.00425717761394,5.367661
2021-10-29,5.84,6.33,4.57178021978022,6.0073154229598735,5.9151493804021555,5.149325268102103,6.76043396798958,5.3467946
2021-10-30,6.05,6.12,4.511747252747253,13.359096010397137,6.006019930340071,7.864958657656859,9.724268054666622,7.3841286
2021-10-31,5.71,6.61,4.677417582417582,18.56973293860152,6.069368141926842,8.117903055981163,11.083271713481167,8.914356
2021-11-01,6.05,6.61,4.773571428571429,13.439786774244627,6.073640040123097,6.89040880975276,8.222907236079282,7.292155
2021-11-02,6.05,6.33,4.858593406593406,10.076162677429656,6.064100011822457,5.504268688770068,7.219184312216826,6.0866995
2021-11-03,6.05,6.33,4.915802197802198,7.949712418332695,6.023074481731453,6.187094178752771,7.0423255046774695,5.7225075
2021-11-04,6.33,6.33,5.37667032967033,9.792341076926053,6.083420942982619,6.233266727325595,8.294108146585192,5.86598
2021-11-05,6.33,5.84,5.719945054945055,8.850122598147768,6.137043790330207,6.713817503319649,9.233344003437699,6.242002
2021-11-06,6.33,6.05,6.034747252747253,8.800543654987868,6.0455433032337655,6.713817503319649,8.408740960619046,6.5975294
2021-11-07,6.61,5.71,6.182296703296704,8.117529002849105,6.055823384623787,6.713817503319649,8.96112021885784,6.7009273
2021-11-08,6.91,6.05,6.33943956043956,7.692622410341315,6.1048678432608074,8.812555531562356,9.469287203253874,8.499464
2021-11-09,6.61,6.05,6.418582417582416,8.2804670289968,6.210322737333192,6.880827217256683,10.199875797472705,5.632867
2021-11-10,6.61,6.05,6.630813186813187,15.994048574200985,6.576642360147338,9.8828113342679,14.921407141997905,10.394163
2021-11-11,6.61,6.33,6.562813186813187,24.398288625245026,7.923814932282778,13.372787738147172,17.02245909077138,11.40864
2021-11-12,6.4,6.33,6.558362637362637,36.45242101762321,8.880599796761038,16.659796967027624,13.303376814295216,16.931808
2021-11-13,6.33,6.33,6.656560439560439,22.70398964537818,7.602685971706792,9.967128573858524,10.135450381337861,10.530782
2021-11-14,6.91,6.61,6.75565934065934,15.296528384834502,9.211457103951783,7.319178436502823,11.192500485655277,9.094621
2021-11-15,7.54,6.91,6.795648351648351,17.65016778091937,9.610065964452508,9.564076362296804,12.32288037381749,8.106921
2021-11-16,7.07,6.61,6.868087912087913,18.345856574399864,9.524279198498279,8.45407333806423,10.153861822908665,8.406555
2021-11-17,7.22,6.61,6.806043956043957,15.314699212751382,9.056921544837852,7.273005887929999,9.887684645472598,6.3816886
2021-11-18,7.54,6.61,6.661318681318682,13.3836489446191,9.182675993367264,7.041792881820972,10.256081724120758,6.331784
2021-11-19,9.6,6.4,6.522131868131869,14.192787771194965,9.123125252626524,7.087965430393796,9.421323700296345,6.1916313
2021-11-20,11.38,6.33,6.331417582417582,16.815080267217166,9.287310741225115,8.260707798778848,12.541391322027053,7.969936
2021-11-21,18.25,6.91,6.3814175824175825,13.439065525115435,9.080098713948633,7.041792881820972,9.743646692139354,7.296493
2021-11-22,26.85,7.54,6.384076923076923,13.070711322699946,9.489800374338442,7.512998895482494,10.151493645316354,6.85368
2021-11-23,24.68,7.07,6.542857142857143,17.481355234184697,13.413812445346244,12.76524145129237,15.445357452122593,10.366019
2021-11-24,16.4,7.22,6.677428571428572,37.8912393965935,16.114757168394906,16.20704315802091,21.052146431999073,15.869678
2021-11-25,14.44,7.54,6.797285714285715,33.75736286263281,16.294711697464553,15.41398002236907,20.138575901943245,14.771156
2021-11-26,15.97,9.6,6.965098901098902,43.69371889636694,20.187724624138294,23.453291823305985,16.65532598872541,22.095236
2021-11-27,17.78,11.38,7.011736263736263,46.79851431626422,21.4739713722258,30.549764972667443,18.862376255099026,32.69019
2021-11-28,18.41,18.25,6.884417582417583,35.52390688254728,20.395460495791617,31.45871982082352,19.83817042395117,33.124954
2021-11-29,24.68,26.85,6.976054945054946,29.29337484668157,29.645652005368284,37.34154814461518,19.99389426891692,46.986496
2021-11-30,24.68,24.68,7.1670439560439565,27.117973776158962,20.398745344628384,24.891480236729432,14.729908160165664,37.08776
2021-12-01,31.21,16.4,7.422989010989012,36.57812158167583,30.339545480907603,25.930946113181914,32.63364852742801,30.181736
2021-12-02,57.31,14.44,8.454747252747252,30.90392467358785,50.56845572775354,27.83137553907219,23.100596892054828,35.382046
2021-12-03,94.3,15.97,9.894274725274727,27.267052021295427,20.766208951866375,20.166884496345453,21.045254555519982,22.93622
2021-12-04,84.51,17.78,11.489219780219782,30.815447734744566,36.4826635322365,33.85829858783742,25.363300598676997,31.285606
2021-12-05,52.96,18.41,13.188846153846155,36.053395569264445,35.68723365244056,37.042280815843355,29.023348391973332,38.182518
2021-12-06,34.47,24.68,15.263571428571428,33.00429285663678,36.83229703026819,47.41373136247097,30.77920635928251,47.79344
2021-12-07,17.46,24.68,17.386824175824177,28.239517016528062,29.894326079946342,38.66294941126248,26.103034721324928,28.750546
2021-12-08,16.55,31.21,19.413912087912088,35.245370630874135,47.44340518547442,54.359080313624396,32.04297281081359,54.521927
2021-12-09,15.54,57.31,20.814054945054945,45.74302691556887,66.31370283945228,65.43007497005739,42.09019065240984,78.347755
2021-12-10,16.55,94.3,22.174406593406594,54.32158020695874,74.18764142121236,76.54761701029082,55.62041880534822,92.16851
2021-12-11,17.46,84.51,23.561021978021977,52.17009075621984,82.17883736074978,68.55953145198467,56.668214673038634,80.62687
2021-12-12,16.7,52.96,24.377164835164837,45.61699631825317,57.04240698760412,54.68155399640632,55.95693550302208,42.145557
2021-12-13,30.12,34.47,24.748999999999995,39.951056355225354,47.078385318467376,58.7908449134018,47.49551659816464,46.404377
2021-12-14,66.02,17.46,25.1292967032967,36.9645572012709,50.13239180446253,55.991258664514326,45.6142308263353,51.729618
2021-12-15,42.08,16.55,25.801846153846153,30.527672862214363,62.413449022314445,49.1146531995057,37.16325237333359,43.25342
2021-12-16,55.14,15.54,26.50531868131868,47.20006385921958,78.1383822746627,70.9574879765026,60.00914850756169,72.03883
2021-12-17,26.13,16.55,27.35618681318681,39.68567215455427,65.52343499546569,64.68508015053945,53.82050468205625,62.331882
2021-12-18,50.79,17.46,29.01808791208791,30.56739166564053,76.42989427507965,57.92595301650003,44.60481769651014,61.743782
2021-12-19,66.02,16.7,31.072582417582417,31.19908696053085,80.17754568771869,63.587602294547345,29.901973002988758,61.528187
2021-12-20,50.79,30.12,34.33503296703297,36.92561912449488,76.24915523773049,62.32012394703559,41.21245684441227,57.793816
2021-12-21,48.61,66.02,36.74369230769231,39.4035033182972,67.35646787034801,57.598381637206536,46.42529359031437,51.435432
2021-12-22,37.73,42.08,38.238945054945056,46.18309181940163,53.167273186716265,67.07909533719264,46.6420863717334,55.8034
2021-12-23,25.77,55.14,38.50437362637363,38.35966946937887,58.08765827715387,53.478193539704236,40.73392174593742,34.298344
2021-12-24,17.78,26.13,38.19428571428572,65.80163608250687,73.01560093957859,74.76989569857224,81.85789675591606,74.757576
2021-12-25,15.97,50.79,38.39406593406594,57.45988344163372,65.93617580381067,64.502766237812,82.95731862403493,72.98217
2021-12-26,13.78,66.02,38.6600989010989,53.437244683310766,64.37827932961345,65.9224135497388,68.58963888179815,59.887707
2021-12-27,11.38,50.79,37.32075824175825,53.54890992492071,68.42019901517419,70.39718463463427,55.223787865030424,75.92069
2021-12-28,10.51,48.61,38.91821978021978,50.146466697469364,77.37411571052736,64.69201843369387,54.611297777108256,69.00036
2021-12-29,9.31,37.73,40.578857142857146,43.693125979317145,73.43066325998886,55.27102458109133,52.75802068038986,64.62921
2021-12-30,8.57,25.77,43.474604395604395,42.32061807246441,62.62173960479921,54.837442193734965,53.13071381972188,65.10298
2021-12-31,8.57,17.78,45.40575824175824,35.202593012787254,36.616301453809086,32.50597584362411,44.65880260966654,38.763256
2022-01-01,25.77,15.97,47.22574725274725,33.13741179840848,48.61337744909647,55.59560337752544,38.46717903308924,54.77074
2022-01-02,26.85,13.78,48.81651648351648,26.896758688021414,19.874318426436517,36.760553234600025,27.736918202153536,47.108566
2022-01-03,24.68,11.38,47.04715384615384,23.77731457804611,13.915150413639251,27.107639011012612,21.98796382572314,21.496239
2022-01-04,62.75,10.51,46.003362637362635,25.385523632670715,15.008001143629917,31.974875547235417,29.137750484101524,22.555357
2022-01-05,94.3,9.31,45.21871428571428,25.17796510076438,13.743493156065714,33.741940054742734,33.1287997590799,22.562815
2022-01-06,94.3,8.57,46.954142857142855,30.50882833560883,13.479246905474348,35.38228755767439,45.81051049932472,24.500553
2022-01-07,100.82,8.57,47.96684615384614,31.773402395153337,12.62544079996958,35.87027037037666,46.90859562318958,29.231316
2022-01-08,117.14,25.77,50.99486813186814,41.38875776809399,18.37052332816426,42.53602546182617,60.2382928245473,34.677956
2022-01-09,113.88,26.85,53.00442857142857,48.69357597202375,51.50175617116867,59.56222196338132,67.07942940643328,47.308853
2022-01-10,160.49,24.68,54.803329670329674,56.1610758431725,70.7758277825095,70.70242597217262,75.28402615817124,76.2451
2022-01-11,170.03,62.75,55.52981318681319,48.27516176391677,85.1692566760002,67.67940856784958,62.22063527063175,90.24887
2022-01-12,94.3,94.3,55.82614285714286,51.76144005172557,73.10166708877722,77.03475264003505,52.140331115374195,80.7087
2022-01-13,133.46,94.3,56.177626373626374,77.8786228439292,79.65021669633367,80.78466292343728,77.11780072024699,73.58636
2022-01-14,146.71,100.82,55.07459340659341,67.94765599854186,79.23313383818224,77.49921343322622,77.27129426472031,66.25569
2022-01-15,179.57,117.14,54.042835164835175,63.28999852997613,87.06680236649937,73.42109160844191,77.67235024457952,80.19166
2022-01-16,165.26,113.88,53.741670329670335,86.20129448191283,122.61075712987272,95.08861507205535,97.95449963623578,105.72787
2022-01-17,180.1,160.49,53.83626373626373,89.59162614713001,123.79757407586386,92.848847231673,100.9836266837289,101.840355
2022-01-18,166.32,170.03,55.394285714285715,91.55775494190127,130.31478118167212,95.4911504821786,92.02443769292232,115.1368
2022-01-19,200.77,94.3,57.32137362637362,102.98900751238571,114.1352075280397,102.09994262090387,103.39238277702107,128.4025
2022-01-20,181.16,133.46,58.67313186813187,78.71456445050684,94.99689972829393,90.13336029124108,75.58699922340108,99.23893
2022-01-21,167.38,146.71,61.603549450549444,88.30359394699657,110.52046023640456,90.70754358091405,81.79030779224298,96.50241
2022-01-22,116.05,179.57,63.58352747252747,99.53322448691341,96.46440076345607,89.09242506224206,101.93554905897025,76.24687
2022-01-23,117.14,165.26,65.22991208791208,113.76153767038572,79.44288977045933,89.27825797727519,90.5095209056746,80.71886
2022-01-24,179.04,180.1,67.64882417582417,113.64010456322428,93.60742418300191,90.92978597644876,106.04398055500835,96.13531
2022-01-25,200.24,166.32,69.2403076923077,125.17000657555826,86.57046515554862,106.76625758875024,135.62364340673435,120.01888
2022-01-26,238.4,200.77,68.86525274725275,118.86601313484269,76.34261114857453,94.97907618541572,116.77508731987417,92.970535
2022-01-27,233.63,181.16,67.38173626373626,123.26423053260352,83.76453616821885,87.8252901932262,118.82516541881127,92.12757
2022-01-28,207.66,167.38,67.28123076923077,127.62576777382455,117.03753666134645,124.04786649040484,136.0162664827335,127.33135
2022-01-29,132.37,116.05,66.29839560439561,133.63767578881823,146.27653638994443,141.38719243469268,148.06944327980224,126.65693
2022-01-30,88.86,117.14,65.35354945054945,123.73515335171008,126.91877791280159,132.14233350010795,138.45919360548112,123.66722
2022-01-31,87.77,179.04,63.665615384615386,119.27140830433135,116.44159874193437,110.3967195763723,129.7937760763849,103.28276
2022-02-01,100.82,200.24,63.844571428571435,142.5313313508933,138.82243511595507,85.66384576737715,143.86710932882755,102.38341
2022-02-02,82.33,238.4,65.66436263736264,135.66443168738493,146.02382175099655,95.73694515741698,123.94324770719633,111.74285
2022-02-03,79.07,233.63,66.78524175824177,154.13008097065398,164.0563536507354,119.63214102608107,150.27093547717976,127.5631
2022-02-04,61.66,207.66,65.3331098901099,152.87390365589295,162.33878776765673,109.64445756366715,135.31280606494488,131.28835
2022-02-05,45.35,132.37,65.08018681318681,140.21744527962906,154.55762193816562,97.00381579490747,121.92885736311806,116.73576
2022-02-06,38.82,88.86,64.85614285714286,112.74563369716292,148.74201050199835,98.98847030705083,104.14511439289076,109.50915
2022-02-07,58.4,87.77,65.93726373626374,100.58387663951122,89.51120434698188,99.57552780294998,99.00510953669756,104.63136
2022-02-08,72.54,100.82,66.841,99.00159264623575,86.93826881822906,86.96356553048541,87.7859915235129,78.53371
2022-02-09,69.28,82.33,66.34790109890109,102.73300831432546,100.48245534243682,109.45074342280927,102.24020109879396,85.107315
2022-02-10,72.54,79.07,68.53875824175825,88.60767956609878,87.86474281612557,88.38584660982933,88.27099174270766,90.0895
2022-02-11,62.75,61.66,72.48284615384615,83.949183307409,106.99301617516139,97.17156374335367,92.05586448496273,107.02847
2022-02-12,50.79,45.35,74.2218131868132,84.60415403081073,113.59068580150453,103.25767791088364,98.38570776212872,112.17972
2022-02-13,39.91,38.82,77.62343956043956,79.1486905683279,116.32458389806608,88.60281329068161,97.58326031126226,108.97478
2022-02-14,37.73,58.4,79.45218681318681,70.36621404161441,90.28161770782557,79.95746753339192,86.85195766032506,101.394516
2022-02-15,74.72,72.54,79.78936263736264,74.43790469085505,122.29745965567385,105.26803767776912,81.33571030753494,128.79741
2022-02-16,70.37,69.28,83.78126373626375,78.51805518457522,115.95239455700481,128.29164943804707,87.41724773997693,126.110985
2022-02-17,68.19,72.54,85.7526043956044,74.25032892250677,107.87523668818125,130.44899291249004,92.3461803380503,127.089935
2022-02-18,58.4,62.75,87.25842857142858,75.12195250752954,103.31655762361372,111.29750241474655,92.67565844440877,128.78877
2022-02-19,72.54,50.79,90.54921978021979,70.23300672944588,117.8424338699301,126.60349431592624,98.94822050838356,152.8296
2022-02-20,76.89,39.91,90.95807692307692,65.91338853367894,104.08404333290338,123.45968826794547,91.87151573225425,127.35838
2022-02-21,59.49,37.73,91.54108791208792,63.10399318789088,90.59012917735912,115.30461713884638,84.37073934754952,130.57542
2022-02-22,45.35,74.72,92.02525274725276,53.59431148110556,77.04484051350536,85.53812966091604,72.8112909603631,108.689026
2022-02-23,38.82,70.37,90.36218681318681,65.48601657815824,96.89196221679133,132.0239148879058,76.98695296352709,130.4656
2022-02-24,38.82,68.19,87.58536263736264,69.93444192041521,95.77351236827788,130.98611881583457,88.5412413680174,129.23581
2022-02-25,67.1,58.4,85.83154945054945,71.3969159540407,92.18814593649691,125.0850578455989,93.2834917613255,117.30062
2022-02-26,72.54,72.54,82.57591130298273,57.674750417638634,90.37292869503332,120.51041853623379,69.19606716406942,113.26233
2022-02-27,51.87,76.89,79.93625510204082,57.444451082189346,78.28660190546444,121.85222092370822,62.02243190883517,93.626045
2022-02-28,42.08,59.49,77.20920722135007,70.50944316313709,70.11767104622665,95.38660629888638,84.38461633700446,88.33091
2022-03-01,35.56,45.35,74.02920385736711,58.25710608060149,60.87247396847989,73.60077908724675,85.92381580521638,71.641266
2022-03-02,33.38,38.82,70.35198598340435,52.037246037718845,62.70101543686754,71.75816471221843,66.95256569156523,67.88487
2022-03-03,27.94,38.82,68.22421675263512,58.51041949236988,57.41482903336245,64.9257390793435,67.35539435611976,63.555134
2022-03-04,35.56,67.1,64.67117279659116,79.65924479289237,62.7800038028466,97.71663550666236,96.43265407584305,77.49715
2022-03-05,37.73,72.54,61.92559626597892,77.9275849810217,52.486038071295596,67.63718595103717,87.1966179945047,55.209003
2022-03-06,66.02,51.87,59.47125953128505,71.21659560995754,50.85112391304738,61.722988684791524,65.74829890706415,46.074104
2022-03-07,50.79,42.08,57.596126878223814,57.72897097647113,49.35671651372157,50.40286074983339,55.82657230331857,48.024307
2022-03-08,52.96,35.56,56.68854913283995,53.912119180930404,45.15382852909467,51.11497552714007,58.48193737375175,43.95403
2022-03-09,75.81,33.38,57.00485282574568,60.73315706132561,57.59837869859758,50.3721631831128,63.03589544070702,50.317497
2022-03-10,61.66,27.94,56.64291405023548,66.49766915525849,59.097550383535925,53.98072563345237,70.5436391330153,54.61473
2022-03-11,37.73,35.56,55.97735361067504,66.06957932657484,64.34524764497527,60.26449202949217,68.03877277224873,55.113396
2022-03-12,48.61,37.73,55.81672213500785,69.66501852381367,68.66522799486744,62.74750893847725,63.914407542928316,62.18695
2022-03-13,57.31,66.02,55.31203375196232,60.0545939084727,64.99392061206744,57.627026057265574,56.758172211470665,57.824955
2022-03-14,60.58,50.79,55.28891758241758,68.70639803277102,53.787447748770795,59.48292919567551,56.197873049963924,48.829666
2022-03-15,64.93,52.96,54.063295409798535,71.92011934879007,56.43296192999528,60.666706002341854,62.65558646169074,54.272827
2022-03-16,59.49,75.81,52.1351633094584,60.46498987691514,52.494862352014984,54.88948456882877,52.535823259754046,53.187183
2022-03-17,72.54,61.66,50.255520452315544,61.9887677382998,48.42911702739726,47.39335791161209,41.94309915883459,40.460743
2022-03-18,50.79,37.73,48.970773199568285,65.74144061254803,49.464077514708386,56.88023394505894,55.464587326996565,50.73234
2022-03-19,47.52,48.61,47.25064447115385,52.007112199448095,45.70201876057923,35.07636097527838,44.609294970220674,38.060547
2022-03-20,39.91,57.31,46.0754042827708,58.382475014770606,51.34026499617308,56.737460358740435,50.696426899712336,51.090267
2022-03-21,37.73,60.58,45.17741841149921,56.03683043440195,44.64283068984476,56.568298418532926,49.52969069570085,50.545986
2022-03-22,64.93,64.93,45.41918684262166,55.290307109944905,41.33383218357569,51.32395249774541,43.1176251734266,53.007076
2022-03-23,52.96,59.49,45.61976452119309,62.94462706726327,52.66440702207454,56.969422910332824,62.67502874802655,53.90242
2022-03-24,32.29,72.54,46.684631868131866,57.70357543529889,44.67155082259015,53.56615670550739,63.77912637831403,57.602364
2022-03-25,29.03,50.79,47.37817032967033,69.33284220244562,44.3168114291184,56.88023394505894,59.83621896374106,51.721264
2022-03-26,35.56,47.52,47.758507849293565,54.42612750451586,34.39109275421625,44.58637924490428,55.10801312222322,40.261192
2022-03-27,42.08,39.91,47.86616562009419,60.06222634020918,38.90529339357697,52.21657889751976,55.8999584776399,46.889923
2022-03-28,55.14,37.73,48.09486577708007,51.03360069329685,40.22955394247762,50.92096793835594,44.30011252331313,39.883705
2022-03-29,101.91,64.93,48.456784144427004,46.54082591585285,31.56925555948033,36.56744626875015,33.410540989520854,35.6496
2022-03-30,52.96,52.96,48.49431135531136,53.202054337087326,37.648891770442965,44.292174877904216,36.38513350756385,34.546448
2022-03-31,57.31,32.29,47.5994304029304,53.16557159594399,37.98656281826233,46.03340219667371,53.10350229281342,42.99065
2022-04-01,73.63,29.03,46.288081501831506,52.95355789345891,41.98204652627565,49.56214801111604,47.69731334930144,43.056583
2022-04-02,76.89,35.56,46.240380036630036,46.33621353566343,39.94791007011691,43.525951856459386,41.97186344897635,33.611862
2022-04-03,88.86,42.08,45.85976648351648,49.28664933224303,36.54988001540815,40.3641688822413,32.15175213932034,32.276012
2022-04-04,66.02,55.14,45.54310714285714,47.249653739912546,30.55702172216471,40.87930712629529,30.726520049650524,36.027725
2022-04-05,57.31,101.91,43.78055952380952,48.04907178895354,33.27874054208496,39.74480714330669,31.382854260206635,34.68769
2022-04-06,55.14,52.96,42.07234523809524,67.49086406355755,74.00248639385333,66.3400161291284,53.783512324800114,59.371506
2022-04-07,48.61,57.31,40.67459523809524,54.09422043653791,27.240278253448345,45.028196668435534,45.854118306544194,38.72866
2022-04-08,46.43,73.63,39.80765476190476,52.95725160772538,30.178543922222794,46.968943634590815,33.020534127651864,39.34756
2022-04-09,46.43,76.89,38.401678571428576,84.67811370713468,44.22535414230703,83.38053919533606,70.54763979307252,67.95899
2022-04-10,46.43,88.86,37.24236904761904,66.40805190360086,32.850289321668974,47.74771358206364,51.270173027819155,39.47303
2022-04-11,41.0,66.02,35.29589285714285,61.69907547970344,42.123100771319976,51.77375558234623,43.802095781386896,38.578175
2022-04-12,37.73,57.31,34.272083333333335,53.461405781528086,35.71867129488196,47.473115824167465,36.14525543589502,40.59623
2022-04-13,29.03,55.14,33.36745238095238,50.349937708468914,29.292130708996503,44.56612186671758,24.866833240251996,36.22149
2022-04-14,29.03,48.61,32.42675,48.38695680639296,30.70644412710886,35.096292966264464,24.761819808066125,28.511114
2022-04-15,29.03,46.43,31.643654761904763,46.74777297157013,30.840346031581195,30.70463962939795,26.844904222849728,25.286102
2022-04-16,24.68,46.43,30.58044047619048,44.93819953334159,29.714803982375866,41.072916986567314,32.78056926375584,34.372616
2022-04-17,24.68,46.43,29.440833333333334,39.56697974745889,28.76986968537158,28.523765601776567,24.2289711512384,22.889994
2022-04-18,24.68,41.0,28.44147619047619,40.22632209426084,29.157876774013058,28.523765601776567,26.87655554056852,25.685726
2022-04-19,24.68,37.73,27.49290476190476,39.388547077140736,27.543380550270097,28.523765601776567,29.139884728741908,26.079481
2022-04-20,22.5,29.03,26.278238095238095,35.95475842606741,25.400397756392795,22.480169598803023,25.800250491455717,21.92217
2022-04-21,18.41,29.03,25.23127380952381,32.01833180862425,23.897147407657037,20.87371688031801,21.486197698408276,20.39991
2022-04-22,17.78,29.03,23.893702380952384,30.569798695185934,22.12326623221298,19.465882242451002,17.839693769720213,19.707859
2022-04-23,11.38,24.68,23.169702380952383,30.4221712501156,22.017227387828523,19.444666802830906,18.55258138768837,19.112028
2022-04-24,15.97,24.68,22.777428571428572,27.07525895162132,21.241557938366018,16.123084406721915,14.620324315921515,19.919958
2022-04-25,15.97,24.68,22.383690476190477,25.193458655545967,19.903629497204523,13.46140951503416,13.596449847753735,18.500835
2022-04-26,15.97,24.68,21.535833333333336,23.83285226903447,19.26441129777769,13.46140951503416,12.245168738681413,16.7192
2022-04-27,15.97,22.5,21.0425,23.050351679512662,18.266625072387782,13.46140951503416,12.170694843018289,21.222137
2022-04-28,15.4,18.41,20.362321428571427,22.969829881514134,16.893840828905077,13.46140951503416,15.291255768103124,20.710253
2022-04-29,14.44,17.78,19.622321428571432,19.876971000857893,15.203974224431931,12.949400530415076,10.618068540667744,15.216477
2022-04-30,12.77,11.38,18.627714285714287,17.55497358736821,14.31288246409286,12.842465930958028,8.271982064790494,14.056414
2022-05-01,13.78,15.97,17.43865476190476,14.825834243169199,18.939979427869524,10.069851151494483,7.2662273019747445,12.712209
2022-05-02,12.77,15.97,16.329666666666665,15.119160707385168,12.941860570383037,12.82789268646895,7.026351932614148,13.963062
2022-05-03,13.08,15.97,15.812166666666668,14.90409513684673,12.698081385994346,12.716198937900584,7.590421813219711,13.805737
2022-05-04,13.08,15.97,15.032630952380954,14.508311163402265,12.974788649698523,13.219393956109071,6.569714953568958,13.633582
2022-05-05,12.16,15.4,14.354738095238096,16.276591751038417,12.502180874564086,13.565381868685554,7.476547334810094,13.680382
2022-05-06,12.16,14.44,13.781773809523811,13.782860817149496,12.576748553119044,13.930237290147092,7.466609797741814,14.270103
2022-05-07,9.94,12.77,13.238833333333332,12.943481878051145,12.419332198023712,12.225740214048779,7.7144613142932394,13.442967
2022-05-08,10.5,13.78,12.72717857142857,12.755085812954329,13.648098024705583,11.087471806270244,5.552231634872632,13.572358
2022-05-09,10.5,12.77,12.34554761904762,12.571183459288187,10.33511877528785,9.368401485682854,8.403298789990618,12.773931
2022-05-10,9.94,13.08,11.768630952380951,12.783710178990788,9.392725069812604,9.368401485682854,9.341730295138582,12.641973
2022-05-11,9.75,13.08,11.429369047619048,12.08442702755253,9.277034721584489,9.438552190096157,12.86915325236004,12.492812
2022-05-12,9.05,12.16,11.08432142857143,11.619412844111885,9.515973569287532,9.438552190096157,13.912938192547749,12.030824
2022-05-13,9.05,12.16,10.840095238095236,11.08449200318077,9.345553182629732,9.250256318288452,13.973131046211291,11.7169075
2022-05-14,9.75,9.94,10.597714285714286,10.487820929372054,10.431596943525987,9.250256318288452,15.001706895142192,7.757182
2022-05-15,9.05,10.5,10.350678571428572,9.591392165890174,8.59741634384082,9.027291011372325,13.716999094121094,7.3581443
2022-05-16,9.05,10.5,10.018785714285714,9.486119579691142,8.862813683435778,9.438552190096157,13.593558290426122,7.757182
2022-05-17,9.05,9.94,9.762488095238094,9.4890312469284,8.78821357195851,9.438552190096157,13.323219841261558,7.830463
2022-05-18,9.05,9.75,9.630714285714285,9.032671421483277,8.27286396989241,9.027291011372325,13.083556676586474,7.431425
2022-05-19,8.08,9.05,9.356428571428571,8.725288897862091,7.662979010669108,8.671600210123826,12.10573437251115,7.431425
2022-05-20,9.05,9.05,8.885880952380951,7.987200896708089,7.518348187920323,8.671600210123826,10.194516911816315,7.431425
2022-05-21,9.05,9.75,8.60322619047619,7.712511875888918,7.384103321274676,8.48330433831612,9.586366461097409,7.431425
2022-05-22,9.05,9.05,8.286809523809524,7.880219198513238,7.3895795299466345,8.48330433831612,9.523958780074388,7.431425
2022-05-23,9.05,9.05,7.973940476190476,7.347498472463162,7.347302479903084,8.48330433831612,8.663993757276632,7.431425
2022-05-24,9.05,9.05,7.714916666666666,7.153016765025168,7.370215771671501,8.48330433831612,8.50511236655528,7.431425
2022-05-25,9.069488372093025,9.05,7.290988095238096,7.051285013772354,7.3544678072840375,8.48330433831612,8.229580318753577,7.1163654
2022-05-26,9.088976744186049,8.08,7.07525,6.947361586699802,7.328806215535268,8.48330433831612,8.117768592202044,7.1163654
2022-05-27,13.24,9.05,6.89629761904762,6.438471204673011,6.142755739742782,8.106964273343781,7.596994792334477,7.1163654
2022-05-28,13.7,9.05,6.750559523809524,6.420964219871575,7.1247097988860695,8.027017735861572,7.744599472464302,6.8910446
2022-05-29,13.7,9.05,6.6915595238095245,6.366941091467037,7.215742883607328,8.027017735861572,7.501833208897751,6.8910446
2022-05-30,14.72,9.05,6.6002261904761905,5.938844507413812,7.520106689799123,8.027017735861572,7.357596825442501,6.8910446
2022-05-31,14.72,9.05,6.4984166666666665,6.002765214637204,7.885844906333509,8.027017735861572,7.54797335994734,6.8910446
2022-06-01,15.25,9.069488372093025,6.483488095238095,5.884837354380217,7.885844906333509,8.027017735861572,7.507267695538923,6.8910446
2022-06-02,13.96,9.088976744186049,6.278571428571429,5.76270739779255,7.885844906333509,8.027017735861572,7.427594021342284,6.8910446
2023-01-01,12.99,13.24,47.22574725274725,19.028321571026467,22.85530534427749,22.0929186422866,38.596600167556275,24.23328
2023-01-02,12.75,13.7,48.81651648351648,24.827285628671397,29.9121693149962,26.798640386311504,45.312316813794595,32.697903
2023-01-03,12.08,13.7,47.04715384615384,22.268571247832142,28.958851052348795,22.19716258558193,40.81951313134124,26.14202
2023-01-04,11.23,14.72,46.003362637362635,24.828327710156962,29.417326084254444,26.41229672044489,45.50846726198971,30.511171
2023-01-05,10.24,14.72,45.21871428571428,31.115419130201772,43.21232158990912,34.53524755089331,54.99529572183302,40.80236
2023-01-06,8.84,15.25,46.954142857142855,26.645538775299844,34.25035115311888,24.279568841880167,46.649785550339644,29.002895
2023-01-07,8.17,13.96,47.96684615384614,27.444310679280115,39.88738837334751,34.25326856548169,45.89765313161674,39.004765
2023-01-08,8.17,12.99,50.99486813186814,26.198602735099623,27.462626089780667,24.34078221469034,46.643508264644396,29.485653
2023-01-09,8.17,12.75,53.00442857142857,30.988769839177028,27.679430620997405,28.529263020994236,49.892328532257366,32.892796
2023-01-10,8.17,12.08,54.803329670329674,23.469440780394148,25.682340599280515,21.344123952155016,41.2022771198085,24.412483
2023-01-11,8.17,11.23,55.52981318681319,20.840521827118117,25.865174900477637,19.42880232367714,35.59052800308814,21.743246
2023-01-12,8.81,10.24,55.82614285714286,19.391570240143164,26.53461579710983,19.42880232367714,33.107193940601825,21.377195
2023-01-13,8.81,8.84,56.177626373626374,18.677614298471006,27.284337408472467,18.597222484844828,31.016345047024718,20.235626
2023-01-14,8.81,8.17,55.07459340659341,17.724970487289887,28.26497373020004,18.193166997125314,27.541388862251157,20.235626
2023-01-15,8.17,8.17,54.042835164835175,16.931176148931424,27.939132015202834,18.193166997125314,27.225564143507736,19.803888
2023-01-16,8.17,8.17,53.741670329670335,16.47402809308825,27.331749878463818,18.193166997125314,23.175289869434575,19.652687
2023-01-17,7.57,8.17,53.83626373626373,23.314788463772896,28.047585314524447,25.243393133690585,38.34613545535932,27.959284
2023-01-18,7.14,8.17,55.394285714285715,23.276474770044494,27.062715923980978,23.242484589792472,37.626073987604784,27.513449
2023-01-19,7.57,8.81,57.32137362637362,21.950670241680957,23.802262706384436,20.520286988898096,34.90624859737144,24.761036
2023-01-20,7.57,8.81,58.67313186813187,19.407498481694645,20.858451686506807,18.398714705705522,32.154431762269866,21.48558
2023-01-21,8.81,8.81,61.603549450549444,22.71757396245036,19.69251614827933,22.566205905282498,34.92897026008219,25.052563
2023-01-22,11.86,8.17,63.58352747252747,19.072459446892303,18.565367603425866,17.493291362237603,31.15199347169747,20.08706
2023-01-23,13.23,8.17,65.22991208791208,21.360798860018885,17.683901310709437,18.327676293697117,31.117851329632305,22.941648
2023-01-24,13.7,7.57,67.64882417582417,24.918432721073593,18.091019443856887,21.98456321010046,36.450858619932816,25.526693
2023-01-25,15.25,7.14,69.2403076923077,24.44289623287344,17.19518767307917,19.595228912719634,34.36175580607947,23.743662
2023-01-26,18.48,7.57,68.86525274725275,23.120904498535126,16.585735253598717,17.356562404817012,33.063904723650154,22.862432
2023-01-27,18.81,7.57,67.38173626373626,26.894587583409397,17.41564299177977,21.966487534104516,37.14984896677515,25.4041
2023-01-28,16.94,8.81,67.28123076923077,30.941689319503915,17.037172798291298,21.6820085674768,41.38759546948629,24.61249
2023-01-29,23.45,11.86,66.29839560439561,31.691695762843636,17.91012675333659,23.10934738325241,42.77584660464358,24.61249
2023-01-30,49.3,13.23,65.35354945054945,39.61914954192497,20.856458787567668,30.580651266433794,44.776503211074385,28.952091
2023-01-31,68.19,13.7,63.665615384615386,43.92247469252415,26.91129490377819,32.76586022856109,45.37087293192741,32.47938
2023-02-01,65.94,15.25,63.844571428571435,38.49504760621928,33.97220994563706,29.377520506064926,47.44907514864134,36.346493
2023-02-02,63.14,18.48,65.66436263736264,39.06118105402383,47.94414563985108,39.41974319106139,47.61648344793551,49.423004
2023-02-03,85.6,18.81,66.78524175824177,39.76222978424559,50.8877410143368,40.78932421373177,48.75894972266272,52.076023
2023-02-04,88.86,16.94,65.3331098901099,51.15814493029988,54.31012495120937,48.23145111073642,53.748367897884485,63.667053
2023-02-05,68.19,23.45,65.08018681318681,59.79443106828943,85.26625554063536,62.25461653089716,60.577303394367426,81.44552
2023-02-06,50.32,49.3,64.85614285714286,55.45690632054953,77.89575252186881,59.858281705222346,65.9613688962126,86.061966
2023-02-07,46.34,68.19,65.93726373626374,53.66272811167782,74.07129614506873,71.79152856026889,72.98658642314389,76.83432
2023-02-08,40.26,65.94,66.841,64.97188165978608,74.81198220610945,71.72338798966005,73.90000900409551,84.292786
2023-02-09,38.04,63.14,66.34790109890109,64.1735549192206,73.64540883276244,78.71281157887218,82.53717047156543,72.73053
2023-02-10,31.07,85.6,68.53875824175825,62.12547996194178,67.13459129500238,71.70138380793082,78.12110005320129,74.91899
2023-02-11,25.99,88.86,72.48284615384615,65.63391419393776,69.51275231384783,83.6981164045846,90.37998013136554,72.504715
2023-02-12,26.78,68.19,74.2218131868132,61.61278693885632,65.07960550999987,72.2921682532177,86.6346440604579,59.45637
2023-02-13,21.64,50.32,77.62343956043956,65.8345975574613,73.84902011394642,79.7428640680944,87.09765404447943,79.92766
2023-02-14,17.93,46.34,79.45218681318681,62.81993136831828,73.94924841941456,73.1949411590359,81.33929540410524,76.94249
2023-02-15,17.37,40.26,79.78936263736264,50.34722616185239,61.87217935019949,60.41434466478344,66.77576710409336,79.05862
2023-02-16,15.27,38.04,83.78126373626375,41.93151017151925,60.84943433770771,60.80000707389926,53.42116005085276,73.89435
2023-02-17,14.78,31.07,85.7526043956044,40.70380596801275,61.884659401918576,53.48949678502286,55.26518536442212,68.47728
2023-02-18,13.62,25.99,87.25842857142858,40.21676691934604,70.04764314381981,53.44199375723538,53.239275723943486,73.35029
2023-02-19,12.13,26.78,90.54921978021979,32.37059712095196,34.11813073370806,35.209334628824024,34.09282759275074,50.830425
2023-02-20,11.33,21.64,90.95807692307692,36.499869239351426,61.07072859381671,47.31121464995838,33.44961573499775,63.904125
2023-02-21,10.22,17.93,91.54108791208792,31.20477642660522,25.988617645499076,37.196739412017294,23.889964997558288,50.33563
2023-02-22,8.0,17.37,92.02525274725276,33.139696506882515,65.61453380686117,53.903776744895126,36.33583256230575,63.258293
2023-02-23,6.2,15.27,90.36218681318681,27.536250429268563,26.074627952036657,33.89158874648589,26.42461073802036,47.800575
2023-02-24,4.6,14.78,87.58536263736264,24.591855413717123,25.180497443672056,33.522959192800926,16.943133731325883,36.06416
2023-02-25,4.59,13.62,85.83154945054945,25.891132153418,28.632391260652827,38.81263728544731,22.597636642635447,44.113796
2023-02-26,4.25,12.13,82.57591130298273,22.281402482624472,26.112528056439363,31.48465922075233,16.508494658895135,41.090473
2023-02-27,3.7,11.33,79.93625510204082,20.637729515363763,22.854945756213592,34.00422643148445,11.109497209473375,38.036366
2023-02-28,3.36,10.22,77.20920722135007,19.04488995114506,26.034998252421016,31.594054133979782,11.80471730905051,46.337967
2023-03-01,3.22,8.0,74.02920385736711,18.01508804631188,24.21796683047431,17.673701764679237,5.178180824652474,14.00154
2023-03-02,3.09,6.2,70.35198598340435,15.94528218132809,22.53322174638272,13.05781050877278,9.012534005026758,11.243335
2023-03-03,6.93,4.6,68.22421675263512,15.88852542409025,21.038222845423014,11.866006677878309,8.749979878915962,12.2563
2023-03-04,7.45,4.59,64.67117279659116,15.218447949283899,19.722900462632094,11.90803900888124,5.491091291061401,15.734317
2023-03-05,7.18,4.25,61.92559626597892,14.803688080507795,22.903467438942293,11.90803900888124,6.504962940229957,16.261532
2023-03-06,7.18,3.7,59.47125953128505,12.148681474341867,23.075977470992957,11.180537905544993,2.77007970798562,15.1755905
2023-03-07,5.55,3.36,57.596126878223814,22.63838929681996,23.45270658167747,17.373674653700398,18.585423289973903,23.600544
2023-03-08,5.34,3.22,56.68854913283995,18.657874028271475,22.505362507423254,9.05506648001038,19.734606702868962,18.27257
2023-03-09,6.01,3.09,57.00485282574568,19.999370276410335,22.54039040890829,11.506814378136694,14.479390280623214,19.70464
2023-03-10,9.56,6.93,56.64291405023548,17.023965604164708,21.531202864748842,6.695482937154011,10.365094342217946,16.194616
2023-03-11,14.33,7.45,55.97735361067504,15.979175955865454,24.790389075284867,6.087252097338144,7.083743348398266,15.175087
2023-03-12,51.09,7.18,55.81672213500785,17.540290357322498,24.563882023607228,15.251436774914886,9.119963980509386,18.862455
2023-03-13,61.06,7.18,55.31203375196232,17.354543406086027,20.686764802802802,12.51097324931333,11.836545483811136,19.937855
2023-03-14,54.8,5.55,55.28891758241758,23.63072917434137,22.506584206195168,18.784146068510502,19.86540619160087,30.393463
2023-03-15,75.81,5.34,54.063295409798535,22.35302077132331,22.035091416981945,16.920051324769293,22.412933341601818,26.07218
2023-03-16,76.89,6.01,52.1351633094584,26.274167174188907,8.38386640237977,17.617204922481328,27.260702736963427,21.201706
2023-03-17,53.21,9.56,50.255520452315544,19.450117719047675,6.845256941674346,13.219597183263224,19.71881580770813,15.247527
2023-03-18,79.07,14.33,48.970773199568285,28.51871787173458,11.627380923367442,21.74254705290742,27.821029556460328,22.777077
2023-03-19,67.59,51.09,47.25064447115385,37.771081699841176,47.256286923656575,36.410535965506966,35.191111167355714,37.807655
2023-03-20,131.62,61.06,46.0754042827708,46.18454344989932,39.56399437952869,41.204327137127486,58.53428555843808,38.93291
2023-03-21,139.92,54.8,45.17741841149921,48.519564260560976,48.769040880108946,50.38210987301816,65.74833003570272,54.068535
2023-03-22,137.91,75.81,45.41918684262166,52.167524972153075,38.09176370959256,42.89188351085808,63.91828086135628,35.963875
2023-03-23,131.49,76.89,45.61976452119309,53.685069265988005,50.47010960304366,50.1865343484554,75.57335951366362,63.898514
2023-03-24,93.21,53.21,46.684631868131866,59.89964473275296,53.060687524893765,52.87004694043875,72.02958433317029,54.0416
2023-03-25,62.18,79.07,47.37817032967033,48.680558835954855,43.649908805110776,40.588482219719985,70.13803793795618,45.453148
2023-03-26,53.88,67.59,47.758507849293565,64.3153818570412,61.124905271423714,60.704119721035255,87.44425948318228,69.86236
2023-03-27,46.34,131.62,47.86616562009419,52.552627245411905,57.047493459014284,53.427650960261985,71.38130289435894,57.68083
2023-03-28,39.15,139.92,48.09486577708007,79.30554020980752,106.45647777333231,83.20659493829568,102.38947247120134,114.627594
2023-03-29,34.41,137.91,48.456784144427004,100.84403463933558,123.81670912885822,117.12727479498687,131.71560094458087,125.062256
2023-03-30,27.19,131.49,48.49431135531136,82.60842589837209,102.6834480058272,89.70447442152131,95.85433391668356,120.62366
2023-03-31,24.47,93.21,47.5994304029304,73.84860102229656,112.74900164813275,87.7233158769053,90.67845145964073,114.74647
2023-04-01,23.02,62.18,46.288081501831506,57.33647363477674,81.4311254092203,72.56297430132054,63.68764526144406,86.9073
2023-04-02,33.06,53.88,46.240380036630036,47.13078780749692,61.83475214701092,41.21910439371218,34.82645201297812,47.955444
2023-04-03,46.85,46.34,45.85976648351648,47.71097982551379,59.84907385554172,44.455603373785166,41.89308943442957,50.47451
2023-04-04,29.29,39.15,45.54310714285714,45.96018304489087,59.694136623883686,42.16835356169222,43.14303317685416,39.67152
2023-04-05,23.76,34.41,43.78055952380952,36.684107674783974,53.0520825085724,26.969280294829513,32.802713811656176,33.074844
2023-04-06,19.11,27.19,42.07234523809524,28.326469673280204,40.920747630301825,25.258909015874842,29.936207853140512,29.575762
2023-04-07,17.11,24.47,40.67459523809524,25.0070444261276,25.55715981632989,10.257239714534945,25.779383405906525,18.48231
2023-04-08,14.78,23.02,39.80765476190476,28.61262644677152,40.63739851365137,26.0490289338841,28.673652188467504,25.036867
2023-04-09,12.53,33.06,38.401678571428576,38.02906121125214,40.07701602744331,41.16004101092662,44.95693277501347,30.411932
2023-04-10,12.34,46.85,37.24236904761904,32.249032463890686,38.66588331360528,23.446009562786088,33.560105977797164,26.687943
2023-04-11,9.22,29.29,35.29589285714285,32.7670335054172,38.322104930914364,30.03269339485788,27.8968195939832,23.309853
2023-04-12,8.0,23.76,34.272083333333335,24.885717799390445,27.125678920409943,18.603012441649902,23.126580253592397,12.378274
2023-04-13,5.45,19.11,33.36745238095238,23.149338248682728,24.716890856794656,17.072316236232105,16.41274864832783,14.728175
2023-04-14,4.95,17.11,32.42675,20.093026231278873,19.446317846231675,17.665106956297915,10.863373862480852,13.868289
2023-04-15,4.68,14.78,31.643654761904763,21.29511678575207,20.191112459529986,22.879510954891707,11.552089340700997,15.374078
2023-04-16,4.59,12.53,30.58044047619048,17.781662778568364,16.271223057633577,19.68428774289269,5.047664598499244,12.225971
2023-04-17,4.86,12.34,29.440833333333334,13.656130493656454,16.95635543220425,15.578802783270763,4.501130929053119,15.586229
2023-04-18,5.15,9.22,28.44147619047619,13.887100775628044,16.840998769776697,14.081604031915928,1.0705296062970782,17.710361
2023-04-19,4.25,8.0,27.49290476190476,12.367585823434258,15.942457395436962,10.061135852769441,0.11162734300916005,13.127634
2023-04-20,4.0,5.45,26.278238095238095,10.691657206956169,16.523262635195618,7.644313591577178,-0.277526788518399,12.521095
2023-04-21,3.92,4.95,25.23127380952381,9.136369983462444,16.08485016178124,5.699270836756663,-3.156444104424109,11.344939
2023-04-22,4.25,4.68,23.893702380952384,7.727062862348937,16.127241216751322,4.42538879078855,-3.149704508074966,9.681485
2023-04-23,4.0,4.59,23.169702380952383,5.25546747886478,18.557320029197026,3.996294140844688,-0.9519807037710157,8.884087
2023-04-24,3.92,4.86,22.777428571428572,5.9681751844088,19.700233275384576,4.42538879078855,-1.0809166125652887,8.114787
2023-04-25,3.92,5.15,22.383690476190477,4.25842919434815,16.973732866362134,3.996294140844688,-1.876567359736046,9.521891
2023-04-26,3.92,4.25,21.535833333333336,6.659340213903796,16.803855342922535,4.845477071629659,-6.133035599363091,9.382511
2023-04-27,3.92,4.0,21.0425,6.656866127375899,16.58183846895913,4.621708892901366,-5.130335900196274,11.694027
2023-04-28,3.5,3.92,20.362321428571427,6.645313164623573,16.947116357572312,4.621708892901366,-3.1883554041198336,11.557979
2023-04-29,4.08,4.25,19.622321428571432,7.224591077119165,15.466044111004802,5.457148659393789,-2.4741037009939544,12.321806
2023-04-30,4.59,4.0,18.627714285714287,6.935290123759138,16.301091769797747,5.457148659393789,-1.9123759851852948,12.7744875
2023-05-01,4.25,3.92,17.43865476190476,6.131626825299861,14.18952221501534,5.261928084617988,0.49218320743016436,12.6557045
2023-05-02,4.25,3.92,16.329666666666665,5.72805240151294,13.221021388517375,5.5272993638070895,1.7778286638387923,12.737469
2023-05-03,1.85,3.92,15.812166666666668,5.887820686508597,13.185805154111202,5.5272993638070895,2.896141393270175,12.542873
2023-05-04,1.85,3.92,15.032630952380954,5.630219669920411,4.79662078357301,5.334102724072879,2.827421549518215,6.792249
2023-05-05,1.85,3.5,14.354738095238096,16.899573621666885,5.636029257935054,9.99005832596211,5.215081464423675,12.163486
2023-05-06,1.85,4.08,13.781773809523811,11.234932392068368,3.8787072932291364,7.475937858056313,3.336493267706932,7.208782
2023-05-07,1.85,4.59,13.238833333333332,6.614853097648812,4.545584933535574,4.594689643656262,1.0883589133979346,5.562046
2023-05-08,1.85,4.25,12.72717857142857,10.062867321034853,5.331596736168352,9.191745051832385,2.974972712105949,8.002876
2023-05-09,1.94,4.25,12.34554761904762,7.4867352314573665,4.760315605390421,5.59947400326198,2.627427039368995,6.126806
2023-05-10,1.9,1.85,11.768630952380951,6.894460126457442,4.6426998646232285,5.049013662632509,1.7726974927543964,5.145533
2023-05-11,1.45,1.85,11.429369047619048,5.680125456712432,2.98617152722148,3.7732773195602616,1.7238343361813029,2.5912147
2023-05-12,1.13,1.85,11.08432142857143,14.50892664470046,3.411669412423457,6.25977908111553,9.312625030264734,5.955551
2023-05-13,1.22,1.85,10.840095238095236,23.652939312428074,3.43235606737477,8.347277670333147,4.943680211798016,5.373044
2023-05-14,1.18,1.85,10.597714285714286,10.675134461261488,2.4681132300494846,3.7251084093522535,4.637884425903679,2.8303928
2023-05-15,1.15,1.85,10.350678571428572,6.134329156564217,2.3860454414862535,2.9553101099994485,5.008974147373517,1.9942281
2023-05-16,1.05,1.94,10.018785714285714,3.6134935907784076,2.3811422544455514,2.9553101099994485,1.5639407100338736,1.8262936
2023-05-17,1.0,1.9,9.762488095238094,5.1193184639601945,2.272025006132769,2.767014238191742,0.6783043283537578,2.46579
2023-05-18,0.95,1.45,9.630714285714285,4.8959445104785075,2.272025006132769,2.767014238191742,1.3806349624604088,2.46579
2023-05-19,0.95,1.13,9.356428571428571,4.783551037011058,1.7165066469259094,2.767014238191742,3.881123429215108,2.1454067
2023-05-20,0.95,1.22,8.885880952380951,3.821640035587336,1.6485463483202232,2.70819691907921,4.841817528952129,2.0262654
2023-05-21,0.95,1.18,8.60322619047619,1.66038187115727,1.6364137679292485,3.0101995046238854,0.9571284374653692,2.8520966
2023-05-22,1.05,1.15,8.286809523809524,1.4867534413116985,1.6364137679292485,3.177209218560919,1.0282131401136385,3.1038268
2023-05-23,1.05,1.05,7.973940476190476,1.2445539909270487,1.6006346219536531,3.177209218560919,0.8897296280837623,3.1038268
2023-05-24,1.05,1.0,7.714916666666666,1.015164087111632,1.5855705714056276,2.613189110161274,1.0370206098089447,2.0162978
2023-05-25,1.05,0.95,7.290988095238096,0.9975860367727449,1.5647874576743281,2.613189110161274,1.0173887727898556,2.218257
2023-05-26,0.95,0.95,7.07525,1.3900928449614582,1.540956881625628,2.613189110161274,1.0826636722462766,2.079087
2023-05-27,0.95,0.95,6.89629761904762,0.7789365198943727,1.47809544911486,2.613189110161274,0.9529756481814111,2.0162978
2023-05-28,0.95,0.95,6.750559523809524,5.1978723500492165,1.4504267848456585,4.313565713150989,1.022866428188915,2.2141864
2023-05-29,0.95,1.05,6.6915595238095245,2.0338066859077877,1.3976304941383424,2.613189110161274,1.2504256372285347,2.2044606
2023-05-30,0.86,1.05,6.6002261904761905,0.8644558375777969,1.4243341290258154,2.613189110161274,0.8074297336645833,2.0360873
2023-05-31,0.86,1.05,6.4984166666666665,0.10581141386976611,1.4374473467458893,2.613189110161274,0.6194748689859684,2.0162978
2023-06-01,0.95,1.05,6.483488095238095,0.4662816978348161,1.2974842946347898,2.613189110161274,0.9490485129205735,2.0162978
2023-06-02,0.86,0.95,6.278571428571429,0.3465248375660863,1.3024258359611316,2.613189110161274,1.107199819105296,2.0162978
2023-06-03,0.86,0.95,6.037404761904763,0.11766923194062073,1.2581498544096974,2.613189110161274,0.9203530454069617,2.0162978
2023-06-04,0.86,0.95,5.770119047619048,0.018224387189007984,1.268381712520732,2.613189110161274,2.2193208764236347,2.0162978
2023-06-05,0.86,0.95,5.507261904761904,-0.6632331453216338,1.2621251649016842,2.613189110161274,1.2417507399848584,2.0162978
2023-06-06,0.95,0.86,5.247047619047619,-0.7377469558773306,1.2564262852687011,2.613189110161274,1.2725042098152048,2.0162978
2023-06-07,0.95,0.86,4.994071428571429,-0.9150947232180648,1.1709068549653565,2.613189110161274,1.5381650553376067,2.0162978
2023-06-08,0.95,0.95,4.691607142857143,-0.9919121658834982,1.0638989771400909,2.613189110161274,1.5629620925616101,2.0162978
2023-06-09,0.86,0.86,4.516583333333334,-1.108685994346935,1.1399134532308166,2.2250622824546626,1.5739466820434074,1.923872
2023-06-10,0.86,0.86,4.393488095238095,-1.2456198319706253,1.0617976571757948,2.2250622824546626,1.5991588515161448,1.923872
2023-06-11,0.86,0.86,4.2751190476190475,-1.4346218020725985,1.0454930139281964,2.2250622824546626,1.9890380141120572,1.923872
2023-06-12,0.95,0.86,4.170523809523809,-1.6786694691650297,1.0029380598267827,2.2250622824546626,2.6953399917478618,1.923872
2023-06-13,0.95,0.95,4.116833333333333,-1.7762307287483914,1.0104364507845984,2.2250622824546626,2.6846827283412042,1.923872
2023-06-14,0.95,0.95,4.060761904761905,-1.8425588556374777,1.094908511417426,2.2250622824546626,2.7170693137576793,1.923872
2023-06-15,0.95,0.95,4.019702380952381,-1.919704154571484,1.096785857751547,2.2250622824546626,2.716829248380343,1.923872
2023-06-16,0.77,0.86,4.044357142857143,-2.0070093498075288,1.096785857751547,2.2250622824546626,2.724544235452151,1.923872
2023-06-17,0.82,0.86,4.042452380952381,-2.131570992267804,1.0150515222862062,2.2250622824546626,2.699308242848412,1.923872
2023-06-18,0.82,0.86,4.038738095238095,-2.236488538642977,1.012555276205289,2.2250622824546626,2.6810274336563076,1.923872
2023-06-19,0.77,0.95,4.055904761904762,-2.320582461647952,1.012555276205289,2.2250622824546626,2.653652626751432,1.923872
2023-06-20,0.77,0.95,4.056809523809524,-2.3786282040890327,1.0766940121406152,2.2250622824546626,2.6499908347365735,1.923872
2023-06-21,0.7,0.95,4.077047619047619,-2.458837469302459,1.0785583080396184,2.2250622824546626,2.6255188340103706,1.923872
2023-06-22,0.6,0.95,4.120859940438589,-2.5452070401886537,1.1127455329003204,2.2250622824546626,2.6023175032220918,1.923872
2023-06-23,0.63,0.77,4.042246487982433,-2.63375331410197,1.0785583080396184,2.2250622824546626,2.5715999201475674,1.923872
2023-06-24,0.7,0.82,4.359008392744338,-2.786070895031557,0.9317628635821167,2.2250622824546626,2.500151885764304,1.923872
2023-06-25,0.66,0.82,4.593357599093544,-2.8690338870602616,0.910716569197459,2.2250622824546626,2.4819337703248485,1.923872
2023-06-26,0.7,0.77,4.860925059411003,-2.943862270989282,0.8649608442447527,2.2250622824546626,2.4157185648968573,1.923872
2023-06-27,0.77,0.77,5.083294107030051,-3.0862735424840473,0.8687773040131401,2.2250622824546626,2.54087531706699,1.923872
2023-06-28,0.77,0.7,5.251570892744337,-3.1662824282231092,0.848580111812473,2.2250622824546626,2.4867729897516315,1.923872
2023-06-29,0.77,0.6,5.344574047543844,-3.271658713246868,0.8062243798747721,2.2250622824546626,2.414161014494255,1.923872
2023-06-30,0.77,0.63,5.406270833333333,-3.3997958265688872,0.7878878843801528,2.2250622824546626,2.3349064646418145,1.923872
2023-07-01,0.77,0.7,4.9697037337662335,-3.4740196345285597,0.7816497101340765,2.2250622824546626,2.2699520156388266,1.923872
2023-07-02,0.7,0.66,4.6163675144300145,-3.525655381510635,0.7839870100758777,2.2250622824546626,2.2111701215209822,1.923872
2023-07-03,0.7,0.7,4.179873647186147,-3.607466496443241,0.8035449452870066,2.2250622824546626,2.144199189807638,1.923872
2023-07-04,0.7,0.77,3.8239591450216444,-3.6675177809500887,0.7992289243594046,2.2250622824546626,2.096354830715999,1.923872
2023-07-05,0.7,0.77,3.4762018398268397,-3.707709168361557,0.7992289243594046,2.2250622824546626,2.0398471312713227,1.923872
2023-07-06,0.77,0.77,3.2027727272727273,-3.773077908888194,0.7992289243594046,2.2250622824546626,1.9788762131502016,1.923872
2023-07-07,1.47,0.77,3.072623376623376,-3.837336380867349,0.8222943469009919,2.2250622824546626,1.933803738814719,1.923872
2023-07-08,1.34,0.77,3.0788831168831163,-3.8877697421670696,0.8222943469009919,2.2250622824546626,1.8695452932747032,1.923872
2023-07-09,1.34,0.7,3.090155844155844,-3.948971171839734,0.8222943469009919,2.2250622824546626,1.7997937677448923,1.923872
2023-07-10,1.61,0.7,3.1657142857142864,-4.028912762465769,0.8222943469009919,2.2250622824546626,1.7267294174133763,1.923872
2023-07-11,1.47,0.7,3.1120779220779227,-4.087616366132071,0.8222943469009919,2.2250622824546626,1.6886184332323586,1.923872
2023-07-12,1.47,0.7,3.118701298701299,-4.1430275153261285,0.8222943469009919,2.2250622824546626,1.660909347990835,1.923872
2023-07-13,1.47,0.77,3.1513116883116887,-4.193810972186359,0.8222943469009919,2.2250622824546626,1.6399268513602774,1.923872
2023-07-14,1.29,1.47,3.141454545454546,-4.216393035520262,0.8261955456532201,2.2250622824546626,1.6237765159465685,1.923872
2023-07-15,1.34,1.34,3.1290909090909094,-4.056949503732941,0.9663175289168884,2.2250622824546626,1.6560156356103097,1.923872
2023-07-16,1.77,1.34,3.110753246753247,-4.1147633202118925,0.9506597464760335,2.2250622824546626,1.6362222498048922,1.923872
2023-07-17,1.77,1.61,3.0456623376623377,-4.035635084923843,0.9451174101665099,2.2250622824546626,1.7230501198548593,1.923872
2023-07-18,2.03,1.47,3.040337662337662,-4.063895091492103,1.2016304524323103,2.2250622824546626,1.7396165362078697,1.973493
2023-07-19,1.94,1.47,3.059818181818182,-4.148216643803018,1.1372467064421268,2.2250622824546626,1.735064101449604,1.923872
2023-07-20,1.94,1.47,3.0336883116883118,-4.196216407693672,1.1236517223594797,2.2250622824546626,1.8095850590336147,1.923872
2023-07-21,1.66,1.29,3.030233766233766,-4.181354708526321,1.185334987170525,2.2250622824546626,1.8016838545779832,1.923872
2023-07-22,1.65,1.34,3.0345194805194806,-4.274805872406564,1.2513121667476255,2.2250622824546626,1.7891531473121325,1.923872
2023-07-23,2.69,1.77,3.040831168831169,-4.305523536560784,1.2945578296964262,2.2250622824546626,1.8060565267943636,1.923872
2023-07-24,2.75,1.77,3.032883116883117,-4.17387574561149,1.8668280855374633,2.2250622824546626,1.8611507660077617,1.973493
2023-07-25,3.05,2.03,3.0666493506493504,-4.191866512066163,1.8823750453078747,2.2250622824546626,1.8988618882590136,1.973493
2023-07-26,2.64,1.94,3.0987272727272726,-4.138142147106528,1.942915459418942,2.2250622824546626,1.9914650169750203,1.973493
2023-07-27,2.99,1.94,3.138428571428571,-4.160226159634117,1.946156463363596,2.2250622824546626,2.0317068594255514,1.973493
2023-07-28,2.87,1.66,3.1574285714285715,-4.158555190886926,1.9747372800800536,2.2250622824546626,2.103460644341929,1.973493
2023-07-29,2.12,1.65,3.2034025974025977,-2.497292508054997,1.8367355163193855,2.2712348310274857,2.5382635371414826,2.0937505
2023-07-30,1.47,2.69,3.280961038961039,1.4036933512842857,1.9474982052763143,3.3144551347228743,3.7526675351565904,2.114853
2023-07-31,1.89,2.75,3.375168831168831,-1.6903405826383775,2.478675014087965,2.2250622824546626,3.0147082952944046,2.1814446
2023-08-01,1.77,3.05,3.4902337662337657,-3.1554749404088014,2.410429838441037,2.2250622824546626,2.263904789929213,1.9932818
2023-08-02,1.37,2.64,3.5355584415584422,-3.610835120002797,2.819729276953953,2.2250622824546626,2.842732860334905,1.973493
2023-08-03,1.22,2.99,3.5889220779220783,-3.2206459766523423,2.294618936614041,2.2250622824546626,2.3986989678735147,1.973493
2023-08-04,1.11,2.87,3.7512337662337667,-2.8406489467226805,2.8144548750983036,2.2250622824546626,2.5590472650105407,1.973493
2023-08-05,1.01,2.12,3.8403246753246756,-2.92801527270181,2.5202396584146007,2.2250622824546626,2.498841710862095,1.973493
2023-08-06,1.01,1.47,3.8721168831168833,-3.2575309448734266,2.1890980169015206,2.2250622824546626,2.4531979676932907,1.9658387
2023-08-07,1.01,1.89,3.8344155844155847,-4.051915917445733,1.8716803266311741,2.2250622824546626,2.4325230968499487,1.9658387
2023-08-08,0.91,1.77,3.7780519480519485,-4.00303806856795,2.1335281637152477,2.2250622824546626,2.336338647248335,1.9658387
2023-08-09,1.01,1.37,3.718571428571429,-4.047866654841226,2.2004018633095943,2.2250622824546626,2.279680407882888,1.9658387
2023-08-10,1.01,1.22,3.59474025974026,-4.223363224834678,1.8846099416197322,2.2250622824546626,2.30773368962721,1.9658387
2023-08-11,1.01,1.11,3.3908181818181817,-2.5284962682176193,1.8598299634644917,2.2712348310274857,2.7580817252170937,1.9678521
2023-08-12,1.01,1.01,3.2304480519480516,-0.5872866693053957,1.8342192651585312,2.9810962675002015,3.2470660253299255,2.0408738
2023-08-13,1.11,1.01,3.0519329004329,-2.402776903246256,1.7303472541322913,2.2250622824546626,2.7453682315334142,1.9447379
2023-08-14,1.11,1.01,2.9612499999999997,-0.9007009311897249,1.764849180485346,2.9810962675002015,2.7364319372586157,2.0606632
2023-08-15,1.22,0.91,2.8470151515151514,-3.0688899785481922,1.7373512038079186,2.2250622824546626,2.839271755391405,1.923872
2023-08-16,1.35,1.01,2.8052077922077925,-3.547362723341255,1.606211278215303,2.2250622824546626,2.250651893062522,1.943661
2023-08-17,1.47,1.01,2.8098214285714285,-3.844796706174712,1.6513807249299228,2.2250622824546626,2.5070697751027065,1.923872
2023-08-18,1.47,1.01,2.789821428571429,-3.4884255269125752,1.629572887747528,2.2250622824546626,2.3409094526304868,1.923872
2023-08-19,1.47,1.01,2.79627380952381,-3.6169485021626,1.488937011532695,2.2250622824546626,2.3531299081330577,1.923872
2023-08-20,1.34,1.11,2.7988571428571434,-3.990760630570989,1.4763657988855619,2.2250622824546626,2.323094605358685,1.923872
2023-08-21,1.34,1.11,2.8196785714285717,-3.9014392822425563,1.4729831280645063,2.2250622824546626,2.3134307495370496,1.923872
2023-08-22,1.22,1.22,2.844607142857143,-4.200071197037008,1.3659118741893221,2.2250622824546626,2.3067758376459624,1.923872
2023-08-23,1.22,1.35,2.8673452380952376,-4.143185135512205,1.3042772921594206,2.2250622824546626,2.364409978348228,1.923872
2023-08-24,1.22,1.47,2.8941190476190477,-4.054464190436132,1.3365267849163849,2.2250622824546626,2.40281542908084,1.923872
2023-08-25,1.22,1.47,2.9318452380952382,-3.981950800347864,1.4228495619563877,2.2250622824546626,2.4378314137247528,1.923872
2023-08-26,1.11,1.47,2.9743809523809523,-3.93876951737915,1.4493341072856392,2.2250622824546626,2.465014558927768,1.923872
2023-08-27,1.11,1.34,3.0583690476190477,-3.905883508374213,1.4831151837954608,2.2250622824546626,2.484229208382804,1.923872
2023-08-28,1.11,1.34,3.0901071428571427,-3.9179218222228798,1.454168853446039,2.2250622824546626,2.5265518593446132,1.923872
2023-08-29,1.11,1.22,3.0956062271062272,-3.8713643577415127,1.4461691682313698,2.2250622824546626,2.662041110032974,1.923872
2023-08-30,1.11,1.22,3.0884816849816845,-3.5819568881187323,1.4487361993356298,2.2250622824546626,2.712621782265486,1.923872
2023-08-31,1.11,1.22,3.086435897435898,-2.2029770073101886,1.4068244729064527,2.2712348310274857,3.0329258062818973,1.9258854
2023-09-01,1.11,1.22,3.054863553113553,-3.0227477048764158,1.3337177372700515,2.2250622824546626,2.874743989829032,1.923872
2023-09-02,1.01,1.11,3.0322765567765564,-3.427307797255242,1.3480323454631096,2.2250622824546626,2.6658298390102613,1.943661
2023-09-03,1.01,1.11,2.9793351648351654,-3.6046047246753403,1.2931501843795496,2.2250622824546626,2.794014868059357,1.923872
2023-09-04,1.01,1.11,2.9235714285714285,-3.4323512357011516,1.2735524730802419,2.2250622824546626,2.6436381655707764,1.923872
2023-09-05,0.98,1.11,2.9323516483516485,-3.381042661179709,1.3003223321361648,2.2250622824546626,2.6081973815021606,1.923872
2023-09-06,1.01,1.11,2.909824175824176,-0.8577319323649135,1.2897349685493842,2.3652514189788185,3.165907424854455,1.8884248
2023-09-07,0.93,1.11,2.9212417582417585,-2.310799139096666,1.2484799296351419,2.2250622824546626,2.974524238550026,1.923872
2023-09-08,0.91,1.11,2.964989010989011,-3.027995871384647,1.2580299687296832,2.2250622824546626,2.504284265152443,1.943661
2023-09-09,0.91,1.01,2.9606153846153846,-3.3179725953078965,1.253741357905141,2.2250622824546626,2.864178183197766,1.923872
2023-09-10,0.91,1.01,2.9641318681318682,-3.070077144464314,1.2507799832390867,2.2250622824546626,2.5324884193474975,1.923872
2023-09-11,0.82,1.01,3.0169450549450554,-3.0476999494260966,1.2521302378627146,2.2250622824546626,2.5752509552155813,1.923872
2023-09-12,0.87,0.98,3.015241758241758,-2.989091439453297,1.2523629480218716,2.2250622824546626,2.593779804980115,1.923872
2023-09-13,0.91,1.01,3.017065934065934,-2.8860772729556707,1.226612767558781,2.2250622824546626,2.6793565101389443,1.923872
2023-09-14,0.91,0.93,3.0347362637362636,-3.1113761001945477,1.1982446539994742,2.2250622824546626,2.681945568350956,1.923872
2023-09-15,0.91,0.91,3.0321538461538466,-3.061983408279204,1.1982446539994742,2.2250622824546626,2.6936311566557753,1.923872
2023-09-16,0.91,0.91,3.029208791208791,-3.0085687346261416,1.083680826037701,2.2250622824546626,2.707981402743487,1.923872
2023-09-17,1.01,0.91,3.0802637362637357,-2.9372475494324704,1.067541832381599,2.2250622824546626,2.719186933260986,1.923872
2023-09-18,1.01,0.82,3.1155164835164837,-2.728409661454524,1.061098895235563,2.2250622824546626,2.7597307258821044,1.923872
2023-09-19,1.22,0.87,3.141153846153846,-2.227387796588175,0.9148507401907431,2.2250622824546626,2.846102482156389,1.9249489
2023-09-20,1.22,0.91,3.199989010989011,2.6348992770062374,0.9982311352036937,3.3144551347228743,4.0843129115560854,2.065232
2023-09-21,1.34,0.91,3.208868131868132,-0.3642302381745921,1.0407439187871546,2.2250622824546626,3.5294859827459617,2.1120343
2023-09-22,1.34,0.91,3.2036703296703295,-1.4716957754466122,1.0603675904019987,2.2250622824546626,3.3954537198105217,1.943661
2023-09-23,1.22,0.91,3.2279450549450552,-2.25959794114409,1.070476586078462,2.2250622824546626,3.5473108489714407,1.923872
2023-09-24,1.11,1.01,3.2014945054945056,-1.6130655375450473,1.048291320335281,2.2250622824546626,2.8600349812152,1.923872
2023-09-25,1.22,1.01,3.1936703296703297,-1.580249432392197,1.099575181329186,2.2250622824546626,2.8553276751473677,1.923872
2023-09-26,1.22,1.22,3.2128351648351647,-1.4903568246061276,1.0989404210170344,2.2250622824546626,2.83232061587051,1.923872
2023-09-27,1.34,1.22,3.174087912087912,1.7207774665754592,1.0953791589943427,2.9810962675002015,3.576221639870669,2.0408738
2023-09-28,1.34,1.34,3.1635164835164837,-0.6521789323546727,1.0905688923024468,2.2250622824546626,3.094613545095784,1.923872
2023-09-29,1.34,1.34,3.2895164835164836,-0.9943818420446391,1.1022732944260987,2.2250622824546626,3.3187884939278867,1.943661
2023-09-30,1.61,1.22,3.435912087912088,-0.556819100002464,1.1282385223579303,2.2250622824546626,3.980340186095568,1.913999
2023-10-01,1.58,1.11,3.5197252747252747,9.587651023826146,1.2105328890861693,3.57395596624259,4.468223136911853,3.1444662
2023-10-02,1.61,1.22,3.6211318681318683,4.318272536668726,1.1616040749258074,2.75921764372976,3.6435376822993875,2.2677245
2023-10-03,0.91,1.22,3.668769230769231,0.9215086499033696,1.2248454120542747,2.2250622824546626,3.117742053748685,1.943661
2023-10-04,1.06,1.34,3.7356483516483516,-0.5447182675122484,1.2580692199296974,2.2250622824546626,4.322813499322754,1.943661
2023-10-05,0.91,1.34,3.7874505494505493,0.5034837859253791,1.3085147024933508,2.2250622824546626,3.340660827421145,1.9249489
2023-10-06,0.91,1.34,3.752087912087912,0.4971106756210659,1.3091969706701831,2.2250622824546626,2.9112728567335915,1.923872
2023-10-07,1.17,1.61,3.708956043956044,6.322070967609346,1.3335265197674753,3.3144551347228743,4.220395633006638,2.1546361
2023-10-08,0.91,1.58,3.6874615384615383,3.012031740469027,1.5866125687258774,2.2250622824546626,3.822848692170603,1.850102
2023-10-09,0.91,1.61,3.627087912087912,1.3496806631537694,1.4946847679328459,2.2250622824546626,3.5523498395042377,2.023192
2023-10-10,0.89,0.91,3.6220769230769227,0.26585220447278957,1.6220802362444084,2.2250622824546626,4.181627562419639,1.973493
2023-10-11,1.47,1.06,3.6881758241758242,0.3587749716825108,1.2791298732502947,2.2250622824546626,2.8785145923893194,1.923872
2023-10-12,1.61,0.91,3.770857142857143,0.8504224530935218,1.3297316250299753,2.2250622824546626,3.180381290348822,1.9249489
2023-10-13,1.69,0.91,3.7976153846153844,0.9812287640086268,1.2586609242067779,2.2250622824546626,2.8709672241064434,1.9249489
2023-10-14,2.69,1.17,3.8140219780219775,1.28491020591429,1.2415607467856318,2.2250622824546626,2.482478229851124,1.9249489
2023-10-15,4.16,0.91,3.9198131868131867,1.0175693653663984,1.2829660544101151,2.2250622824546626,3.0824781118128834,2.0034025
2023-10-16,5.27,0.91,3.994395604395604,1.0966650940932148,1.1921500701305594,2.2250622824546626,2.942002525760386,1.9249489
2023-10-17,5.7,0.89,4.067505494505494,1.5239270410762877,1.2238871235948316,2.2250622824546626,3.1069248006239802,2.0538116
2023-10-18,9.98,1.47,4.064043956043956,3.2612716189421107,1.200585686607037,2.3652514189788185,3.6077428884061646,2.0282369
2023-10-19,12.1,1.61,4.090241758241758,11.977725127647565,1.452385422093214,4.317348933880104,5.801318754774115,3.1948752
2023-10-20,9.79,1.69,4.159285714285715,23.208712025199212,1.8421172183833643,6.827190455059687,4.206977045049696,3.2776332
2023-10-21,7.04,2.69,4.253879120879121,18.631936451738063,1.9637210486317322,5.146948382481909,3.9548744287951547,3.8602746
2023-10-22,5.97,4.16,4.3437802197802196,9.842327725542038,2.667972990719019,2.819018792978765,4.15439163709971,2.3382418
2023-10-23,4.98,5.27,4.491582417582418,24.038778695621275,6.193754142355508,6.744160383379722,5.041454127031994,3.5691228
2023-10-24,3.81,5.7,4.533197802197803,14.875437011982402,6.458100547469419,3.7748687604400875,2.6696246423220424,3.8880312
2023-10-25,2.94,9.98,4.621879120879121,12.205871578855275,6.482186744903971,3.270441740276383,3.9336845369236886,3.9656565
2023-10-26,2.3,12.1,4.646318681318681,10.672853953361738,6.938625473098762,7.075836326480612,6.199467980326503,4.926734
2023-10-27,1.96,9.79,4.727461538461538,11.40747123444693,8.040865311700342,7.3980078223303,3.4143477555794957,7.632262
2023-10-28,1.87,7.04,4.644395604395605,8.557911478393327,7.713577289508616,6.986746643606465,2.767973041663684,6.033632
2023-10-29,1.7,5.97,4.57178021978022,6.719774345765206,6.179292175925642,5.370453255787554,2.597629848034768,5.626369
2023-10-30,1.56,4.98,4.511747252747253,6.901189551557934,5.835068385161259,4.1313374703034915,1.2843064285555434,3.738342
2023-10-31,1.67,3.81,4.677417582417582,4.441593477195148,5.0625579299968555,4.1313374703034915,1.8068090031936395,4.091107
2023-11-01,1.87,2.94,4.773571428571429,4.137383250854018,4.343583630091836,4.440108342398632,1.715545248541543,4.3146605
2023-11-02,1.75,2.3,4.858593406593406,3.5392757243992996,4.034637900681301,4.108497517391402,1.4284009630980492,3.8773522
2023-11-03,1.56,1.96,4.915802197802198,3.2986110262080643,3.514513827953136,3.6721144392587632,1.3848906749192578,3.2109432
2023-11-04,1.87,1.87,5.37667032967033,10.974003732415495,3.859380315078013,6.2228060444113495,4.327740643368107,5.1242595
2023-11-05,3.07,1.7,5.719945054945055,7.449633637481583,3.3245605935608333,4.164591843627661,1.2350824537349716,3.227674
2023-11-06,3.97,1.56,6.034747252747253,6.4453683520164695,3.262538995001812,3.692035293959823,1.0528139165464023,3.7497675
2023-11-07,4.88,1.67,6.182296703296704,4.388532937183218,2.9008895784331785,3.4575668735792924,1.1464752059825019,5.1688046
2023-11-08,2.35,1.87,6.33943956043956,5.767417624302876,2.933659099063745,3.5037394221521154,1.183191417177483,3.94756
2023-11-09,2.25,1.75,6.418582417582416,14.176353345138098,3.9592778717789967,6.003213966398235,4.907844845490358,4.850371
2023-11-10,2.25,1.56,6.630813186813187,29.398498018732447,4.55539656284452,9.236889763569886,5.363923919546774,5.707709
2023-11-11,4.13,1.87,6.562813186813187,29.306882793105075,4.623184423258107,9.132359118901244,7.4962289911055695,5.4860797
2023-11-12,3.8,3.07,6.558362637362637,29.316533060459086,7.387175142825026,9.408301620429908,5.6287155879877675,7.737379
2023-11-13,3.57,3.97,6.656560439560439,13.933151352509123,6.170612242493947,4.786553557542448,5.432518934427822,3.3960679
2023-11-14,2.95,4.88,6.75565934065934,10.766317417792745,6.34915533857037,3.951355688734265,2.283720384625737,3.1669052
2023-11-15,2.69,2.35,6.795648351648351,12.478028952412494,5.380790934982787,4.26255662420196,3.1934449239531104,3.4510305
2023-11-16,1.79,2.25,6.868087912087913,12.701355729965938,6.033142678688993,3.790756662670575,1.0516662407963637,2.88224
2023-11-17,1.79,2.25,6.806043956043957,17.366986580394272,6.342812955208596,5.56972389410131,5.184686894388827,2.6416907
2023-11-18,4.9,4.13,6.661318681318682,12.393314631084294,4.714884516696208,3.6230002779985377,2.242789651441384,2.824546
2023-11-19,3.97,3.8,6.522131868131869,9.740062657936626,4.974912432935513,3.908438554432942,1.4477291457612949,3.702129
2023-11-20,4.69,3.57,6.331417582417582,7.526176932892366,4.380621154468236,4.461034484804652,3.189206919542039,3.9952407
2023-11-21,6.21,2.95,6.3814175824175825,7.520656221867242,4.186622880819283,5.952980859568571,3.508407077337908,4.0740595
2023-11-22,6.59,2.69,6.384076923076923,7.083623759214081,3.7098844860569473,4.772978043286775,3.481180194524342,3.0842319
2023-11-23,7.7,1.79,6.542857142857143,8.454179060357953,3.06352440594475,6.929625309382639,5.169462376224553,3.031255
2023-11-24,11.44,1.79,6.677428571428572,11.969242007146152,3.9159792676709446,7.814021929698645,5.61761021088736,6.335291
2023-11-25,14.69,4.9,6.797285714285715,20.84763620564981,6.570356659758639,10.887512909744297,10.898035285040656,8.972409
2023-11-26,13.45,3.97,6.965098901098902,29.51381829372754,10.895275892290668,13.807935791110316,10.94015834695528,10.3423
2023-11-27,10.81,4.69,7.011736263736263,21.21098734040166,8.060388639600662,9.475166917266359,9.591829269709997,8.4124365
2023-11-28,9.14,6.21,6.884417582417583,15.894513100813288,8.10231321312397,9.363274313380083,8.792496654482196,9.784128
2023-11-29,6.86,6.59,6.976054945054946,28.361568202127646,15.410221194188912,13.096804442667414,9.93888254791782,10.243795
2023-11-30,5.74,7.7,7.1670439560439565,34.26585543848669,16.5243073126905,17.487207196975003,10.160962400279079,13.501443
2023-12-01,5.74,11.44,7.422989010989012,32.522981961866016,17.04334596925869,20.52049453326278,10.30631198944046,20.077925
2023-12-02,5.62,14.69,8.454747252747252,22.13033033157196,13.118554165666731,15.319791561921528,11.253402875557953,14.299344
2023-12-03,6.21,13.45,9.894274725274727,23.582017328174118,27.994742051757804,26.92159034165746,14.403168965571712,23.792444
2023-12-04,6.47,10.81,11.489219780219782,28.267882095960047,16.473988942605434,22.156778072550416,12.407341452030385,16.837534
2023-12-05,7.56,9.14,13.188846153846155,23.486700657833698,14.460446422266418,18.568053257603303,10.855769224160332,14.288569
2023-12-06,16.44,6.86,15.263571428571428,19.53148305187322,16.08131987130541,15.653386227088403,9.350130340175586,12.032792
2023-12-07,29.2,5.74,17.386824175824177,16.873805255921315,14.770824296538235,12.265776955368208,7.8365056118216785,9.757189
2023-12-08,20.56,5.74,19.413912087912088,24.822881874008946,15.85654919945577,18.2029587652935,13.817107499224951,14.984703
2023-12-09,17.79,5.62,20.814054945054945,18.285305124651387,16.696691746468677,12.482443612183808,5.72123554101242,11.801509
2023-12-10,19.9,6.21,22.174406593406594,18.926565958042666,19.354248792326057,18.731345666057756,7.195673705257391,15.954756
2023-12-11,23.44,6.47,23.561021978021977,35.5246559786534,24.453742118062603,26.62755130815824,16.787311844002495,21.017126
2023-12-12,38.66,7.56,24.377164835164837,30.51138050212019,25.47486879383123,23.88177557495426,21.209186142026187,21.920097
2023-12-13,25.8,16.44,24.748999999999995,39.9614219700194,26.018251931637717,26.013565505200752,22.068780345420766,23.649782
2023-12-14,7.87,29.2,25.1292967032967,40.308045762454796,34.1166904155107,34.61907311992897,23.181397250166867,34.357662
2023-12-15,6.47,20.56,25.801846153846153,36.51983872791871,36.03963372639949,26.951429128089977,30.49406692682201,25.947578
2023-12-16,9.14,17.79,26.50531868131868,35.188535378342124,29.98270298317362,27.748727857352996,24.267801780422765,29.802082
2023-12-17,6.99,19.9,27.35618681318681,36.68861831935409,49.516992439502395,29.170819361165954,25.309437945128135,39.273685
2023-12-18,5.51,23.44,29.01808791208791,35.876297411332764,56.47461979370072,30.68700353743875,35.74341014592711,43.104458
2023-12-19,3.48,38.66,31.072582417582417,40.07890439784062,56.29800114908759,43.04976831085667,32.55154853555857,49.374657
2023-12-20,3.14,25.8,34.33503296703297,34.92467606884705,53.87636866984805,47.24982601692761,42.09828547519025,40.912773
2023-12-21,3.2,7.87,36.74369230769231,27.303771982131966,30.59236623618857,34.73624889976077,33.8225112018298,40.669468
2023-12-22,34.03,6.47,38.238945054945056,17.41883900893802,16.183522548291496,32.723187286775904,13.320233291851167,30.38335
2023-12-23,46.94,9.14,38.50437362637363,16.664560776201125,22.068927413744923,29.064049494910165,6.558995369818384,24.818048
2023-12-24,45.76,6.99,38.19428571428572,16.878630919724955,20.823780250934234,27.96939959725255,4.406479719272988,19.445408
2023-12-25,69.42,5.51,38.39406593406594,15.070480307193685,13.391444257166262,25.207197373429015,4.629975379745836,18.934124
2023-12-26,72.97,3.48,38.6600989010989,13.824273298590178,15.645807533832985,23.82638185545554,1.1616064888458397,20.33143
2023-12-27,99.0,3.14,37.32075824175825,22.89940541642158,18.035556835534877,34.30280669136863,16.914080995766675,27.804676
2023-12-28,123.23,3.2,38.91821978021978,26.25913290965955,24.558588699517408,35.438439305541024,25.414389053403447,29.679235
2023-12-29,125.49,34.03,40.578857142857146,28.32419939432238,25.91427141112213,35.438439305541024,22.940266205530587,29.115383
2023-12-30,104.91,46.94,43.474604395604395,37.9343334322979,53.139318797731654,52.22051375808288,35.09413126735173,43.635715
2023-12-31,65.87,45.76,45.40575824175824,44.17823909375126,61.304731486844815,56.671629587187276,48.422075680701525,47.568058
2024-01-01,39.84,69.42,47.22574725274725,40.57907830573887,63.307222365783204,57.27042555965888,44.741418970407636,51.54744
2024-01-02,19.9,72.97,48.81651648351648,55.95055837131186,74.01915124155529,70.24936385502927,55.471991810671994,73.87012
2024-01-03,14.97,99.0,47.04715384615384,55.08199892086157,61.66957440399204,66.44081185350002,62.95743504126808,66.64881
2024-01-04,10.81,123.23,46.003362637362635,70.1742428040267,105.1077157306394,91.44579924540437,85.74940934417548,108.845924
2024-01-05,8.01,125.49,45.21871428571428,73.51033751322849,141.42865816204906,93.69073598179114,92.6651800792298,109.60959
2024-01-06,6.86,104.91,46.954142857142855,69.46684632237039,126.85029267907098,81.9391405929724,82.54940642429007,114.330894
2024-01-07,6.21,65.87,47.96684615384614,57.96621210790771,122.82274108567388,84.80631090183094,68.65264845430166,102.283936
2024-01-08,5.29,39.84,50.99486813186814,44.94317437244284,52.67587633368344,57.798136966628384,53.18651478265961,63.645935
2024-01-09,5.74,19.9,53.00442857142857,34.4132123244067,40.0606934257194,42.70547332059717,42.0427270182993,34.926086
2024-01-10,5.85,14.97,54.803329670329674,24.76330711711408,20.700108572897438,38.39377265997925,29.435383993854707,29.967876
2024-01-11,5.29,10.81,55.52981318681319,21.222812153016235,22.245408795641076,37.67942805753472,28.510458183761394,25.641706
2024-01-12,4.22,8.01,55.82614285714286,17.983449092756395,18.821053512855553,23.924228559311914,14.37673739771171,11.745662
2024-01-13,3.0,6.86,56.177626373626374,16.205219370393504,19.361716284515143,17.391660770819897,12.244104734554298,7.631231
2024-01-14,3.2,6.21,55.07459340659341,20.18075266272997,21.34282992536551,28.508857742117314,26.011950169605843,19.81704
2024-01-15,2.94,5.29,54.042835164835175,25.655025099026233,17.76208788292528,27.74253049109528,43.21909614839256,22.826277
2024-01-16,1.95,5.74,53.741670329670335,16.64836938820758,12.93868198675244,24.24476053912873,27.49986371355029,19.76666
2024-01-17,4.32,5.85,53.83626373626373,13.466124576768015,13.15632094123693,23.138298216332394,20.979573954042895,15.411401
2024-01-18,8.32,5.29,55.394285714285715,13.266103555911803,17.18291910009922,23.138298216332394,19.612026499146825,15.034202
2024-01-19,23.08,4.22,57.32137362637362,18.50544762732973,20.320536779309368,20.790043292227715,27.178655825925944,14.217691
2024-01-20,15.24,3.0,58.67313186813187,16.288896637351225,20.56916636019603,16.666918536697793,26.29358774709952,10.977178
2024-01-21,14.75,3.2,61.603549450549444,10.954672711147738,19.105786789975923,14.902738098543516,14.502650176727748,15.26039
2024-01-22,16.31,2.94,63.58352747252747,10.06331440177452,19.350948058473968,14.50957142679392,6.273298312388423,18.381704
2024-01-23,29.4,1.95,65.22991208791208,14.675671152332722,23.34210992600131,20.880787673152152,12.330653336697498,25.969204
2024-01-24,51.84,4.32,67.64882417582417,27.863665354256646,29.647185031702286,33.871255081251945,33.53419118884605,30.829296
2024-01-25,67.42,8.32,69.2403076923077,36.65945926016643,33.30501539052971,36.737229183820794,36.6628416028976,35.510098
2024-01-26,37.45,23.08,68.86525274725275,31.83971399407486,35.78486092562009,39.77542032769773,30.14653271803225,48.30735
2024-01-27,33.75,15.24,67.38173626373626,28.005191862410832,46.33624773658155,47.2785383712186,31.164568311605084,44.423916
2024-01-28,29.53,14.75,67.28123076923077,26.143285986441946,41.02328247902235,41.62819881054279,29.454907578084278,40.270813
2024-01-29,25.1,16.31,66.29839560439561,26.6687730398616,50.01934391658962,42.57226579504218,26.2644624639082,40.62064
2024-01-30,26.61,29.4,65.35354945054945,36.63146315818165,38.44149376329636,45.859614442853086,39.238236700184366,46.90913
2024-01-31,22.83,51.84,63.665615384615386,37.245873511925915,45.888838955238285,46.341204368756486,42.84767146714791,44.64698
2024-02-01,22.28,67.42,63.844571428571435,39.23190427768142,41.963970597154805,52.28018924692415,45.35426226423024,48.091362
2024-02-02,20.72,37.45,65.66436263736264,43.64218828806027,43.7997457845706,59.12723567466532,43.92650934490601,60.750233
2024-02-03,18.78,33.75,66.78524175824177,38.6407155752809,28.45480132035889,39.15828295798577,44.958261085671026,33.24066
2024-02-04,15.72,29.53,65.3331098901099,35.26823159936239,31.34659531686564,31.421698518956475,38.37315048593447,28.26077
2024-02-05,15.52,25.1,65.08018681318681,35.63899754978679,42.539361830738926,39.46369937541332,37.59443307014907,42.887383
2024-02-06,21.76,26.61,64.85614285714286,44.93432164852541,63.73932172494893,56.91892555272145,63.02648233999349,73.690605
2024-02-07,30.98,22.83,65.93726373626374,49.35742559469897,78.25562654520624,67.3500404297438,73.91949930008522,87.94785
2024-02-08,48.66,22.28,66.841,40.66925328108421,92.34498542609481,58.25390620718315,60.874571648298485,81.62667
2024-02-09,55.49,20.72,66.34790109890109,35.413179792877074,95.05000969890156,53.047395646141545,48.81409426552496,72.68533
2024-02-10,32.69,18.78,68.53875824175825,35.01617744791524,100.76404379329661,53.82815126162784,44.97820414971159,74.17601
2024-02-11,34.51,15.72,72.48284615384615,34.849757697324364,111.1460440005791,53.366751057507614,46.87505788197541,76.70332
2024-02-12,74.38,15.52,74.2218131868132,30.796740771540385,25.963647095181724,37.99745317303255,37.908275345983185,44.67129
2024-02-13,89.29,21.76,77.62343956043956,42.00730649867451,89.11925445516233,58.94301003775169,52.74684600726167,73.381744
2024-02-14,85.31,30.98,79.45218681318681,49.77947912440944,86.54551331398072,59.779503138078894,65.46132138400705,74.84084
2024-02-15,61.46,48.66,79.78936263736264,41.38486782052151,61.55923355967353,47.23531476478586,51.295912402518496,60.943604
2024-02-16,34.91,55.49,83.78126373626375,44.6722582611843,64.7223604546641,65.58912877383962,53.189124877093576,73.83854
2024-02-17,31.58,32.69,85.7526043956044,55.78828620156141,67.41009092924459,74.98770412640503,65.05944824772551,70.86373
2024-02-18,30.19,34.51,87.25842857142858,49.69987173004225,78.02415841893183,64.69407501955665,64.43095830940186,67.910515
2024-02-19,32.29,74.38,90.54921978021979,72.45996810684919,77.22087060044603,77.39697593642384,73.78297108240741,85.09352
2024-02-20,81.34,89.29,90.95807692307692,74.53446507808492,66.91038272431769,73.3818318431213,85.39240316094592,73.272644
2024-02-21,90.28,85.31,91.54108791208792,65.73765924666523,64.24393540023402,62.829518556713424,84.34231234388288,63.130688
2024-02-22,124.63,61.46,92.02525274725276,54.389972714866246,54.00962114162052,47.90761995520174,56.250273990194046,38.14453
2024-02-23,152.86,34.91,90.36218681318681,50.412576520911315,61.68313569018339,67.86381740714462,63.56742953536808,71.63931
2024-02-24,95.25,31.58,87.58536263736264,57.971806127084946,77.08493346146959,65.6212054555655,80.58750645255968,72.01011
2024-02-25,102.21,30.19,85.83154945054945,66.11104149604841,75.89701539927954,68.57323205773605,82.5754576972892,87.51034
2024-02-26,70.4,32.29,82.57591130298273,55.55505940819633,85.43544689243383,64.5348031452368,78.79565892192339,79.000854
2024-02-27,115.11,81.34,79.93625510204082,44.50478477936862,76.747266106668,58.428820386228054,53.72666604640776,70.553696
2024-02-28,120.66,90.28,77.20920722135007,63.998623803770954,67.76448516532757,65.57504315932898,63.09752850600378,70.527145
2024-02-29,126.61,124.63,74.02920385736711,83.26334967497706,65.79823766412105,73.6726251944968,92.24557579606277,69.48614
2024-03-01,140.4,152.86,70.35198598340435,82.42864667883879,46.784035021136155,67.52081480738585,78.35464717495519,42.809704
2024-03-02,135.47,95.25,68.22421675263512,93.22258649127814,58.02913250188494,71.29926172666457,92.07882320665821,81.20691
2024-03-03,120.08,102.21,64.67117279659116,66.91737171221538,50.74747267927772,57.53881523837629,67.18870866576965,53.846752
2024-03-04,99.23,70.4,61.92559626597892,71.17497604343639,51.67945477827373,59.34664867504418,56.801016880435355,52.27722
2024-03-05,110.15,115.11,59.47125953128505,72.17632478550723,55.1643817196133,62.797563619549834,70.89448278723883,51.139755
2024-03-06,73.38,120.66,57.596126878223814,91.06269005095777,64.70881839641375,69.02520908007816,78.01329250796796,54.532864
2024-03-07,145.32,126.61,56.68854913283995,86.69528693871243,59.369119229997295,64.05002022142655,65.22519784763467,58.787476
2024-03-08,106.18,140.4,57.00485282574568,98.91427693812575,59.01940530745335,75.14964866403525,93.81440990246988,59.0594
2024-03-09,110.16,135.47,56.64291405023548,92.26033878198515,62.632396038546034,69.87814358692947,76.15920126658906,60.46581
2024-03-10,98.23,120.08,55.97735361067504,102.21390060281374,71.0488720803638,93.24075936814948,93.77607529684597,85.36121
2024-03-11,140.68,99.23,55.81672213500785,90.11856651338815,65.63006812289922,69.62273757210295,72.78004212742307,67.82211
2024-03-12,136.92,110.15,55.31203375196232,81.84606458721419,59.28648954867147,53.48712245504767,62.724195985633386,53.38802
2024-03-13,138.07,73.38,55.28891758241758,95.26444795708201,67.43639421460675,71.72988161699548,81.00206393774573,57.465122
2024-03-14,89.29,145.32,54.063295409798535,74.52198986024725,56.21989591730598,52.771690353590465,60.1188246389483,55.5917
2024-03-15,92.27,106.18,52.1351633094584,98.90342879610634,68.23562188258477,79.55051549211917,68.21888549770641,71.15054
2024-03-16,72.39,110.16,50.255520452315544,89.40767968493557,81.77796975852408,87.952079808319,88.65359368670921,86.80746
2024-03-17,64.44,98.23,48.970773199568285,93.6850826907082,89.64111852290249,87.53852102258635,82.67772555064032,80.85402
2024-03-18,36.36,140.68,47.25064447115385,91.42235117521328,77.72969100427373,86.47972457754945,86.90069558693624,73.86634
2024-03-19,33.4,136.92,46.0754042827708,104.67799455914346,102.17412416667374,96.19699426712315,94.09605274994365,93.816605
2024-03-20,50.52,138.07,45.17741841149921,99.69570177684807,107.0477189110703,94.07484241637079,89.4055474968391,90.116585
2024-03-21,69.41,89.29,45.41918684262166,97.71810714580555,108.21571673411286,93.0145537792892,108.47986272026371,91.759766
2024-03-22,34.53,92.27,45.61976452119309,90.8029156683457,90.43691144784452,86.3240576803285,105.4565693192432,90.69165
2024-03-23,35.28,72.39,46.684631868131866,82.76718152953579,75.09598922958313,63.98546551392551,71.7580908898272,72.552216
2024-03-24,50.35,64.44,47.37817032967033,70.04732001595379,67.59354186960651,58.73047072251236,53.29273563156325,66.84407
2024-03-25,52.51,36.36,47.758507849293565,67.15377796987231,71.2040957436076,61.153808172868665,46.663923175062536,66.01895
2024-03-26,52.51,33.4,47.86616562009419,60.45076976892538,57.54209095586105,51.299354931556856,44.81711853892281,55.44944
2024-03-27,36.85,50.52,48.09486577708007,52.67535922188722,59.06239225340845,50.59553159486851,44.004846644039446,53.337547
2024-03-28,48.6,69.41,48.456784144427004,56.470897651565465,54.59783086525484,48.38773586908597,45.41828055845453,49.12468
2024-03-29,66.43,34.53,48.49431135531136,60.701738874400746,60.704211274182505,55.4043712942898,41.130430120094076,53.586784
2024-03-30,57.48,35.28,47.5994304029304,50.500829306871516,41.65202414429889,43.021057129034276,43.66759790529439,40.917557
2024-03-31,35.67,50.35,46.288081501831506,54.16999891015163,46.895678033166405,53.90910358369472,42.47545732444415,52.743877
2024-04-01,36.06,52.51,46.240380036630036,62.50487712974419,53.73022604026792,48.354930309863256,54.984758742401624,53.897194
2024-04-02,47.16,52.51,45.85976648351648,61.554138504463126,48.447602793150615,47.995259365307064,52.024682840317304,52.63266
2024-04-03,36.85,36.85,45.54310714285714,53.51319888050067,41.1848883289977,51.89385531334236,41.03002861965094,43.167187
2024-04-04,30.87,48.6,43.78055952380952,53.38805713695791,37.795405926305236,52.01517155644442,32.80750115086038,41.424896
2024-04-05,68.47,66.43,42.07234523809524,55.21910133543095,38.79917620616436,45.18720484385254,38.40274709524737,34.23006
2024-04-06,77.36,57.48,40.67459523809524,56.92222755830234,42.03999068719974,50.93130413885363,37.01705743797049,42.91813
2024-04-07,33.75,35.67,39.80765476190476,52.558406507479006,38.6126234966064,47.64545266510305,36.32830220805923,44.71278
2024-04-08,28.28,36.06,38.401678571428576,42.03552930624639,32.18526712415714,23.163974434034337,26.561151678896028,25.055893
2024-04-09,23.95,47.16,37.24236904761904,39.358169393051966,30.20538334269749,22.8338549474276,23.808113981955078,25.682798
2024-04-10,21.24,36.85,35.29589285714285,53.47932425667702,34.54122699886254,30.759705623356453,37.74593992714196,29.620655
2024-04-11,19.24,30.87,34.272083333333335,69.36039021219872,35.94823215192672,61.61120244287438,63.02860643253495,56.58655
2024-04-12,16.55,68.47,33.36745238095238,43.877509009458066,35.218504406357106,27.40940724790734,35.88877745375881,29.379646
2024-04-13,15.72,77.36,32.42675,50.79336391586092,37.773513814179786,50.2736628896194,18.72677100392997,40.44212
2024-04-14,15.72,33.75,31.643654761904763,50.79860984307085,33.64292820268522,38.039626635841806,24.512681404232314,28.60042
2024-04-15,15.72,28.28,30.58044047619048,37.94573749561934,27.27746967551882,19.725728968903166,20.211888440114226,12.43119
2024-04-16,14.16,23.95,29.440833333333334,32.12263467645546,27.250863496051718,20.634613630912245,10.582263602314995,15.492712
2024-04-17,12.22,21.24,28.44147619047619,31.809513323607508,19.3204364695465,14.125961891633555,10.032928080392654,12.078104
2024-04-18,11.41,19.24,27.49290476190476,29.726904541277978,18.49709688971255,14.674704442421076,12.05896761239112,16.299356
2024-04-19,10.21,16.55,26.278238095238095,26.786234924806063,17.60421776144483,17.57293044860385,8.25622326620735,19.833624
2024-04-20,10.21,15.72,25.23127380952381,23.425089157667475,14.87452601339257,17.73014566107965,4.960132648937302,17.595413
2024-04-21,10.21,15.72,23.893702380952384,22.497691227696606,14.531599389957927,13.77233876074685,5.339870948573825,12.181833
2024-04-22,10.21,15.72,23.169702380952383,20.467710600169415,14.711862882045551,13.27156058090189,5.884024739645621,12.941876
2024-04-23,9.65,14.16,22.777428571428572,20.077726471267095,14.544272394961636,13.635532573098857,6.9347902654067894,11.9072
2024-04-24,10.21,12.22,22.383690476190477,16.471168240916157,14.253175221199928,13.930237290147092,7.760497176034848,13.412761
2024-04-25,11.41,11.41,21.535833333333336,14.47960728878395,15.080720506768158,11.157622510683547,8.989824972698164,13.45371
2024-04-26,16.55,10.21,21.0425,15.144561913609117,16.225169219349723,9.438552190096157,6.326919303972448,11.91799
2024-04-27,19.26,10.21,20.362321428571427,15.173770973241231,14.64319993560746,9.027291011372325,5.894081481225285,11.565071
2024-04-28,16.13,10.21,19.622321428571432,12.045492637169687,10.489664684697589,9.027291011372325,4.937203992868314,12.337872
2024-04-29,15.12,10.21,18.627714285714287,15.993189034214625,9.748847916799027,12.917758658553865,5.782387606580298,14.8428335
2024-04-30,14.16,9.65,17.43865476190476,13.59989359742297,9.232907715511557,9.027291011372325,5.321871619499306,13.405644
2024-05-01,13.43,10.21,16.329666666666665,13.338525801669395,10.235904511409762,9.065443790511738,2.4589414705397257,12.331941
2024-05-02,12.73,11.41,15.812166666666668,15.974225647445348,9.624507344578747,13.507829084108042,3.972146592008706,14.240347
2024-05-03,12.06,16.55,15.032630952380954,16.646867089676014,10.517409493570874,13.140723965469991,7.3859449669225645,16.027428
2024-05-04,12.06,19.26,14.354738095238096,15.716079943181635,12.903639491008468,12.605010549947613,8.080727699983258,14.039109
2024-05-05,11.41,16.13,13.781773809523811,16.082707750618773,13.120561686543086,12.22115783673037,8.84416528093147,13.374315
2024-05-06,10.8,15.12,13.238833333333332,14.083025063310158,12.458792892441583,12.225740214048779,11.364442992055526,13.163588
2024-05-07,10.36,14.16,12.72717857142857,12.452385657426063,12.029045361985245,12.225740214048779,11.330824153238787,11.997353
2024-05-08,9.11,13.43,12.34554761904762,11.532984105043125,11.854362250102376,12.225740214048779,11.604634818296974,12.736879
2024-05-09,9.65,12.73,11.768630952380951,11.494110231399585,9.674157911875263,11.153689485624168,11.741238516288506,12.82925
2024-05-10,9.11,12.06,11.429369047619048,10.055359605954923,9.713569157248646,11.143049266194469,12.314503564011169,12.857958
2024-05-11,9.65,12.06,11.08432142857143,8.604296471519424,8.893571603946205,9.438552190096157,13.525780677750554,12.030824
2024-05-12,9.93,11.41,10.840095238095236,9.989016456871866,8.786423421954586,9.438552190096157,10.470962124998213,12.0678425
2024-05-13,10.21,10.8,10.597714285714286,10.965289813904159,10.50168609389202,9.368401485682854,10.685692164821301,10.2536335
2024-05-14,10.21,10.36,10.350678571428572,14.898382055851883,10.116661624997754,13.329019837277695,11.562814610903082,11.754155
2024-05-15,9.65,9.11,10.018785714285714,12.276923737655506,9.048170484209155,9.027291011372325,10.346435536775832,8.834105
2024-05-16,9.11,9.65,9.762488095238094,17.092430920910395,8.805020879402596,13.327555812013058,8.363080771542101,15.086764
2024-05-17,9.11,9.11,9.630714285714285,19.407256650778525,8.090283928752607,13.580500210337364,8.053577375266553,17.423912
2024-05-18,8.6,9.65,9.356428571428571,12.852285912652375,7.4271864834632915,9.1595830228261,8.366185489127506,9.091557
2024-05-19,8.23,9.93,8.885880952380951,9.877538518432818,7.24463892825024,8.671600210123826,8.23633684506028,7.751664
2024-05-20,7.19,10.21,8.60322619047619,9.496348738848337,7.49479681253869,8.83899513956462,8.097779519841279,7.239499
2024-05-21,6.36,10.21,8.286809523809524,10.296954655678922,7.839787259971065,8.83899513956462,7.530836379117266,7.239499
2024-05-22,5.89,9.65,7.973940476190476,9.57359747053498,7.861308867292185,8.83899513956462,7.371847429453411,7.1163654
2024-05-23,4.93,9.11,7.714916666666666,9.269959453376158,7.102867713822298,8.48330433831612,7.188274703386542,6.965165
2024-05-24,5.44,9.11,7.290988095238096,8.115875620599379,7.125169603236893,8.48330433831612,6.643364829095798,6.965165
2024-05-25,5.61,8.6,7.07525,6.966199651220055,7.115479393488547,8.48330433831612,5.85621186700688,7.1163654
2024-05-26,5.44,8.23,6.89629761904762,6.547774920068335,5.854540253203675,8.106964273343781,5.511812166839139,7.239499
2024-05-27,4.93,7.19,6.750559523809524,6.1882204330414154,5.669336376532445,7.650677670889232,5.299058125327649,7.239499
2024-05-28,4.93,6.36,6.6915595238095245,5.567974548496071,5.491810820867406,6.954711021098856,4.750959426768908,6.6940584
2024-05-29,3.66,5.89,6.6002261904761905,4.874626511884646,5.176063220376964,5.715595235614795,4.4978442275113455,5.3584375
2024-05-30,4.32,4.93,6.4984166666666665,4.38639079205473,5.11372350190478,5.715595235614795,3.9395461822393565,5.3584375
2024-05-31,5.8,5.44,6.483488095238095,3.7284654378632887,4.411657516290535,5.715595235614795,3.526526461309091,5.3584375
2024-06-01,5.98,5.61,6.278571428571429,3.6167258025325566,5.021039192436401,5.715595235614795,3.645555433334559,5.3503313
2024-06-02,6.36,5.44,6.037404761904763,3.696789573102503,5.034201887061674,5.715595235614795,3.7723687474691405,5.3503313
2024-06-03,5.35,4.93,5.770119047619048,3.5749623893362745,5.034201887061674,5.5272993638070895,3.83045434514695,5.3503313
2024-06-04,3.28,4.93,5.507261904761904,3.1076739225936976,4.4018204699663475,4.882003948695475,3.6922426260018004,5.021028
2024-06-05,2.58,3.66,5.247047619047619,2.8566679675325375,4.39984278512573,4.882003948695475,3.6589873841990816,5.021028
2024-06-06,2.84,4.32,4.994071428571429,2.1315693274605003,3.5838023787679774,4.724132858601527,3.3229789526275373,4.6035523
2024-06-07,2.84,5.8,4.691607142857143,2.0768919254998544,4.244723763075884,4.710992149751938,3.3834860359232786,5.021028
2024-06-08,2.64,5.98,4.516583333333334,2.467236577242229,4.960657740474762,4.616632669506375,3.5304321346656327,4.902243
2024-06-09,2.45,6.36,4.393488095238095,2.444756125703684,5.100315511692885,4.882003948695475,3.715723619636051,5.021028
2024-06-10,2.45,5.35,4.2751190476190475,2.424437608012873,5.178948774248105,5.070299820503181,4.01827032567636,5.021028
2024-06-11,2.45,3.28,4.170523809523809,1.9575807711582804,5.161902720275937,5.070299820503181,3.924473088091323,5.021028
2024-06-12,2.28,2.58,4.116833333333333,0.9434679662759073,3.705513111582981,4.912428730409232,3.5013165452934767,4.6035523
2024-06-13,2.45,2.84,4.060761904761905,0.30840954854041414,2.8936392110169327,4.567677196552413,3.371331545246052,4.043138
2024-06-14,2.45,2.84,4.019702380952381,0.1495200100901748,2.793849298122237,4.302305917363314,3.108614271235879,3.92136
2024-06-15,2.45,2.64,4.044357142857143,-0.0746562312772241,2.781603403414178,4.302305917363314,3.2823249015344405,3.92136
2024-06-16,2.45,2.45,4.042452380952381,-0.44832244905993335,2.583471303832913,3.7339046358902332,3.5817228422336767,3.4906175
2024-06-17,2.45,2.45,4.038738095238095,-0.6991415552278539,2.4735297109205967,3.35232050446206,3.503029787589799,3.1000285
2024-06-18,2.41,2.45,4.055904761904762,-0.8401324046577585,2.285150853181091,3.1640246326543533,3.3818673730545816,3.1000285
2024-06-19,2.19,2.28,4.056809523809524,0.7625593962923958,2.430132723244334,3.160857818579655,3.5884361164214167,1.9843016
2024-06-20,2.07,2.45,4.077047619047619,0.04271374103691272,2.32715094433459,5.26276266089706,3.28131581145769,3.5454245
2024-06-21,2.27,2.45,4.120859940438589,-0.08721497673545997,2.3773209648777107,3.1640246326543533,3.577796835455313,3.1826072
2024-06-22,2.27,2.45,4.042246487982433,-0.9892866830211986,2.41390033183142,3.1640246326543533,3.6783287897601316,3.1000285
2024-06-23,2.27,2.45,4.359008392744338,-1.1332052458405144,2.41390033183142,3.1640246326543533,3.345417671451996,3.1076827
2024-06-24,2.27,2.45,4.593357599093544,-1.2904145003659906,2.4060668865530306,3.1640246326543533,3.2803768234997044,3.1076827
2024-06-25,1.84,2.41,4.860925059411003,-1.3496431616499862,2.2914644564105306,2.767014238191742,3.183945517956243,2.346228
2024-06-26,1.5,2.19,5.083294107030051,-1.443943471180436,2.407853910912903,2.767014238191742,3.1954205718632283,2.346228
2024-06-27,1.41,2.07,5.251570892744337,-1.8332467999514144,2.2919444112835445,2.767014238191742,2.9693492507628676,2.2678778
2024-06-28,1.66,2.27,5.344574047543844,-2.0520815972064845,2.254381777800001,2.767014238191742,2.8465371423330965,2.2678778
2024-06-29,1.8,2.27,5.406270833333333,-2.2075473212081285,2.3061464836788828,2.613189110161274,2.7559258076177677,2.1402628
2024-06-30,1.8,2.27,4.9697037337662335,-2.2629475770625724,2.3173019674380426,2.70819691907921,2.707684004521704,2.2678778
2024-07-01,1.8,2.27,4.6163675144300145,-2.3383611949526326,2.3173019674380426,2.767014238191742,2.6786884922621255,2.2678778
2024-07-02,1.53,1.84,4.179873647186147,-2.418810268954214,2.3215675692898947,2.70819691907921,2.6223340566832927,2.2678778
2024-07-03,1.63,1.5,3.8239591450216444,-2.685442247308359,2.2363760506324346,2.613189110161274,2.4777212544612377,2.1402628
2024-07-04,1.66,1.41,3.4762018398268397,-2.92960545199384,1.659374911809002,2.613189110161274,2.3097970235894407,2.090642
2024-07-05,1.8,1.66,3.2027727272727273,-3.133851053618301,1.6212128899904164,2.613189110161274,2.141329118854325,2.0162978
2024-07-06,1.8,1.8,3.072623376623376,-3.10899796921111,1.7937754385723719,2.613189110161274,2.071027335767505,2.0659187
2024-07-07,1.66,1.8,3.0788831168831163,-3.052913068497091,2.116991362393951,2.767014238191742,2.039295420706226,2.2678778
2024-07-08,1.66,1.8,3.090155844155844,-3.088813266794819,2.1354120861371944,2.767014238191742,2.0174322898206,2.2678778
2024-07-09,1.66,1.53,3.1657142857142864,-3.1029161066962487,2.195238554391163,2.767014238191742,1.9777187950046096,2.2678778
2024-07-10,1.53,1.63,3.1120779220779227,-3.245611217691117,1.6705263758229438,2.613189110161274,1.8735301444811605,2.218257
2024-07-11,0.99,1.66,3.118701298701299,-3.319297335321224,1.785473946152463,2.613189110161274,1.8334797545916768,2.0659187
2024-07-12,0.79,1.8,3.1513116883116887,-3.367572558546833,1.8283026087023564,2.2250622824546626,1.7899594302318673,1.973493
2024-07-13,0.68,1.8,3.141454545454546,-3.3603631900210864,2.2325952588826263,2.2250622824546626,1.7940020917142474,1.973493
2024-07-14,1.53,1.66,3.1290909090909094,-3.401295308919927,2.185370403673543,2.2250622824546626,1.820361104554996,1.973493
2024-07-15,1.8,1.66,3.110753246753247,-3.5083626767605764,1.8556333409950274,2.2250622824546626,1.8357692327557193,1.973493
2024-07-16,2.27,1.66,3.0456623376623377,-3.584916417913991,1.8954227835094655,2.2250622824546626,1.8678686765332377,1.973493
2024-07-17,2.45,1.53,3.040337662337662,-3.631529818107211,1.9132941952507387,2.2250622824546626,1.8856391905590275,1.973493
2024-07-18,1.73,0.99,3.059818181818182,-3.72320126305679,1.7093734035353663,2.2250622824546626,1.8843681477664656,1.923872
2024-07-19,1.53,0.79,3.0336883116883118,-4.012295383386576,1.6494343647536325,2.2250622824546626,1.819191512913018,1.923872
2024-07-20,1.95,0.68,3.030233766233766,-4.191545753153804,1.6333141378551066,2.2250622824546626,1.747587438600826,1.923872
2024-07-21,1.95,1.53,3.0345194805194806,-4.3235807482269095,1.6461975433752765,2.2250622824546626,1.665515520401089,1.923872
2024-07-22,1.8,1.8,3.040831168831169,-4.08144919805558,1.6558645246923898,2.2250622824546626,1.7805512292950858,1.923872
2024-07-23,1.8,2.27,3.032883116883117,-3.9803531137372765,2.116332224779068,2.2250622824546626,1.8547821123555148,1.973493
2024-07-24,1.8,2.45,3.0666493506493504,-3.853115506316456,2.1433148366235093,2.2250622824546626,2.0159051674194273,1.973493
2024-07-25,1.21,1.73,3.0987272727272726,-3.800428998917532,2.19689979436051,2.2250622824546626,2.0782037682363743,1.973493
2024-07-26,1.27,1.53,3.138428571428571,-4.050927809769014,2.381168994285186,2.2250622824546626,2.0541367979574012,1.973493
2024-07-27,1.8,1.95,3.1574285714285715,-4.16917780711535,1.7982097713877268,2.2250622824546626,2.075122205408428,1.923872
2024-07-28,1.8,1.95,3.2034025974025977,-3.9947959023923616,2.0863405757651363,2.2250622824546626,2.159322857462391,1.973493
2024-07-29,1.8,1.8,3.280961038961039,-3.157625010791783,2.1795706601764966,2.2250622824546626,2.371523391857242,1.96362
2024-07-30,1.8,1.8,3.375168831168831,-3.733003879288834,2.1792132671290863,2.2250622824546626,2.309503060824016,1.973493
2024-07-31,1.8,1.8,3.4902337662337657,-3.8177988325891654,2.1909185571655487,2.2250622824546626,2.3235810344904944,1.973493
2024-08-01,1.41,1.21,3.5355584415584422,-4.05489742109555,2.1909185571655487,2.2250622824546626,2.5016237150817493,1.973493
2024-08-02,1.73,1.27,3.5889220779220783,-4.2509361089935,1.6965857628617858,2.2250622824546626,2.2548573511681713,1.923872
2024-08-03,1.8,1.8,3.7512337662337667,-4.295830763718566,1.6944854980451782,2.2250622824546626,2.326372647509918,1.923872
2024-08-04,1.29,1.8,3.8403246753246756,-4.046407097359705,2.155924229614529,2.2250622824546626,2.370847050543073,1.973493
2024-08-05,1.29,1.8,3.8721168831168833,-3.9828856927394796,2.1020024722758865,2.2250622824546626,2.3906130934804883,1.973493
2024-08-06,1.29,1.8,3.8344155844155847,-4.081223736308452,2.185370403673543,2.2250622824546626,2.5158799425530334,1.973493
2024-08-07,0.62,1.8,3.7780519480519485,-4.07244670649845,2.195238554391163,2.2250622824546626,2.5426433301519533,1.973493
2024-08-08,0.62,1.41,3.718571428571429,-4.122803148802102,2.11697553013217,2.2250622824546626,2.5981589757613963,1.973493
2024-08-09,0.62,1.73,3.59474025974026,-4.242699136160397,1.703748316495926,2.2250622824546626,2.587260370801368,1.923872
2024-08-10,0.62,1.8,3.3908181818181817,-4.118100486042259,2.363561610134622,2.2250622824546626,2.663991320612861,1.973493
2024-08-11,0.62,1.29,3.2304480519480516,-4.054133764228091,2.224494248997677,2.2250622824546626,2.679587805377429,1.973493
2024-08-12,0.62,1.29,3.0519329004329,-4.240117387538454,1.6887316308708467,2.2250622824546626,2.656408118356262,1.923872
2024-08-13,0.62,1.29,2.9612499999999997,-4.28075479804005,1.6637750506110616,2.2250622824546626,2.6469168885176266,1.923872
2024-08-14,0.62,0.62,2.8470151515151514,-4.270430920370202,1.6469587802003232,2.2250622824546626,2.6019920234344434,1.923872
2024-08-15,1.03,0.62,2.8052077922077925,-4.553667197045794,1.6361569670030547,2.2250622824546626,2.499104540588043,1.923872
2024-08-16,1.01,0.62,2.8098214285714285,-4.615711993997547,1.6428245448591245,2.2250622824546626,2.464083156264263,1.923872
2024-08-17,1.03,0.62,2.789821428571429,-4.630368483820305,1.751110098889196,2.2250622824546626,2.377135426814228,1.923872
2024-08-18,1.03,0.62,2.79627380952381,-4.64807803960451,1.545812643968728,2.2250622824546626,2.38098237816375,1.923872
2024-08-19,1.03,0.62,2.7988571428571434,-4.513222886479923,1.5724872604802025,2.2250622824546626,2.437514874031494,1.923872
2024-08-20,0.96,0.62,2.8196785714285717,-4.272555345784884,1.7046719367896275,2.2250622824546626,2.5451000114409807,1.923872
2024-08-21,0.94,0.62,2.844607142857143,-4.446397832614963,1.549655594229726,2.2250622824546626,2.518803058315032,1.923872
2024-08-22,0.94,1.03,2.8673452380952376,-4.5039745253199825,0.9988188891197642,2.2250622824546626,2.522892778193406,1.923872
2024-08-23,0.94,1.01,2.8941190476190477,-4.350360101637943,1.1483332378300617,2.2250622824546626,2.5989736251937496,1.923872
2024-08-24,1.14,1.03,2.9318452380952382,-4.299916720609755,1.208877005574693,2.2250622824546626,2.595223173548327,1.923872
2024-08-25,1.03,1.03,2.9743809523809523,-4.2865990759017265,1.164581600012461,2.2250622824546626,2.655455642695628,1.923872
2024-08-26,0.76,1.03,3.0583690476190477,-4.2184245449964095,1.1452704432142151,2.2250622824546626,2.6720926397208347,1.923872
2024-08-27,0.67,0.96,3.0901071428571427,-4.178762682598599,1.1452704432142151,2.2250622824546626,2.6848909616360923,1.923872
2024-08-28,0.62,0.94,3.0956062271062272,-4.21576483289066,1.1081246266474725,2.2250622824546626,2.7091550040769437,1.923872
2024-08-29,0.73,0.94,3.0884816849816845,-4.026913770332847,1.059281599436588,2.2250622824546626,2.7475126859573256,1.923872
2024-08-30,0.74,0.94,3.086435897435898,-3.9303386666705045,1.0509649439196456,2.2250622824546626,2.7649098340242095,1.923872
2024-08-31,0.76,1.14,3.054863553113553,-0.09672974521927458,1.0913976144639754,2.9810962675002015,3.628184878587109,2.0408738
2024-09-01,0.94,1.03,3.0322765567765564,-2.4856659618436474,1.079157207261765,2.2250622824546626,3.324663666509631,1.923872
2024-09-02,0.76,0.76,2.9793351648351654,-3.2434893464696444,1.0299035230879854,2.2250622824546626,2.7166477066518064,1.943661
2024-09-03,0.74,0.67,2.9235714285714285,-3.624274366179538,0.900319698233104,2.2250622824546626,3.2311158691474824,1.923872
2024-09-04,0.76,0.62,2.9323516483516485,-3.0127880618194887,0.8676052354684992,2.2250622824546626,2.784248619998024,1.9249489
2024-09-05,0.69,0.73,2.909824175824176,-3.301648687360263,0.8864854445301648,2.2250622824546626,2.674460445004411,1.923872
2024-09-06,0.69,0.74,2.9212417582417585,-2.3955767244076505,0.8864854445301648,2.2250622824546626,2.8329238845174873,1.913999
2024-09-07,0.69,0.76,2.964989010989011,-2.589076077673795,0.8840605863094843,2.2250622824546626,2.8627511807801436,1.923872
2024-09-08,0.72,0.94,2.9606153846153846,-3.345168674955886,0.8738967302960587,2.2250622824546626,2.5239473718881364,1.923872
2024-09-09,0.94,0.76,2.9641318681318682,-3.3995511323928973,0.9510541485970943,2.2250622824546626,2.609478631572802,1.923872
2024-09-10,0.96,0.74,3.0169450549450554,-3.347264770669508,0.8091977334361568,2.2250622824546626,2.5085266360562497,1.923872
2024-09-11,0.94,0.76,3.015241758241758,-0.8529261294204922,0.8045364148976764,2.3652514189788185,3.1198402369901803,1.8884248
2024-09-12,1.03,0.69,3.017065934065934,-0.9892069550874183,0.7951363488407658,2.2712348310274857,3.1434568284068827,1.9258854
2024-09-13,0.94,0.69,3.0347362637362636,-2.3767599818290748,0.8045642065167719,2.2250622824546626,2.770289768919698,1.943661
2024-09-14,0.94,0.69,3.0321538461538466,-3.065882086267102,0.8294236928608891,2.2250622824546626,2.874843855303571,1.943661
2024-09-15,0.85,0.72,3.029208791208791,-2.9589185088897736,0.8018284589190479,2.2250622824546626,2.652523770035857,1.923872
2024-09-16,0.85,0.94,3.0802637362637357,-2.198554281145231,0.8246112090472846,2.2250622824546626,2.609860922549176,1.9249489
2024-09-17,0.94,0.96,3.1155164835164837,-1.981961419795926,0.8748727803554447,2.2250622824546626,2.680960462154998,1.9249489
2024-09-18,0.94,0.94,3.141153846153846,9.321514724610841,1.011286781397451,3.57395596624259,3.6758526707965067,3.055062
2024-09-19,0.94,1.03,3.199989010989011,5.284771973029713,0.9800574372234075,3.4690790802024765,3.0013776809507244,2.2933092
2024-09-20,1.14,0.94,3.208868131868132,0.2664177278772861,0.9865801959104215,2.2250622824546626,3.1028861077086383,1.943661
2024-09-21,0.94,0.94,3.2036703296703295,-2.0005561794071163,0.9920338824916105,2.2250622824546626,2.458421974968277,1.943661
2024-09-22,0.94,0.85,3.2279450549450552,-1.2078033752242128,1.0059322761976293,2.2250622824546626,2.6578985579187164,1.923872
2024-09-23,0.62,0.85,3.2014945054945056,-0.6340590210518364,0.9169114627325748,2.2250622824546626,2.518160754910902,1.923872
2024-09-24,0.55,0.94,3.1936703296703297,-0.14945073361871763,0.9175462230447265,2.2250622824546626,2.5877301635176853,1.9249489
2024-09-25,0.49,0.94,3.2128351648351647,0.3061783639236175,0.8889887938205717,2.2250622824546626,2.9427202353970436,1.6133953
2024-09-26,0.49,0.94,3.174087912087912,10.48202998596346,1.0225021901873155,3.57395596624259,4.481883831792299,3.055062
2024-09-27,0.49,1.14,3.1635164835164837,3.149067660286228,0.9793737161672936,2.713045095156937,3.373062346294048,2.177384
2024-09-28,0.49,0.94,3.2895164835164836,8.53445093633721,1.1785643309446647,3.57395596624259,2.683105475367945,3.0748515
2024-09-29,0.49,0.94,3.435912087912088,2.859517911320971,1.0925531475029995,2.75921764372976,2.7055372441883496,2.1783204
2024-09-30,0.49,0.62,3.5197252747252747,3.7176743853706,1.1703297997924222,2.3652514189788185,2.4942002676423995,1.9976175
2024-10-01,0.54,0.55,3.6211318681318683,0.7978754147944649,1.0838422956863236,2.2250622824546626,2.5642847490421867,1.943661
2024-10-02,0.51,0.49,3.668769230769231,0.8752129970839739,1.0619477724316773,2.2250622824546626,1.9811782727320124,1.943661
2024-10-03,0.49,0.49,3.7356483516483516,1.4411139854654778,0.9858279719022927,2.2250622824546626,2.920695096163565,1.8503432
2024-10-04,0.49,0.49,3.7874505494505493,0.6289145506622233,0.9755984316023972,2.2250622824546626,1.9522499525590127,1.9249489
2024-10-05,0.49,0.49,3.752087912087912,0.47344908539422903,0.8719278229687469,2.2250622824546626,1.8434305117712793,1.7726718
2024-10-06,0.49,0.49,3.708956043956044,-0.48489640265314904,0.8627572051896596,2.2250622824546626,1.789853876164717,1.923872
2024-10-07,0.49,0.49,3.6874615384615383,-0.1752423935178733,0.8731448268142281,2.2250622824546626,1.8005111989804088,1.9249489
2024-10-08,1.14,0.54,3.627087912087912,15.52493202524091,1.1687894763837872,6.339207642357413,4.583834551175825,2.947149
2024-10-09,1.14,0.51,3.6220769230769227,5.694479248810758,1.087096701584021,2.994860581807464,3.63200147092745,2.519862
2024-10-10,1.14,0.49,3.6881758241758242,1.7148989935407926,1.0476032996659566,2.2250622824546626,1.9775402399567272,2.1795206
2024-10-11,1.35,0.49,3.770857142857143,-0.4383125416671838,1.0695561920521033,2.2250622824546626,2.8230028729932415,1.2920285
2024-10-12,1.52,0.49,3.7976153846153844,1.5951718925556229,1.012887791599058,2.2250622824546626,1.691020803638228,1.9249489
2024-10-13,1.39,0.49,3.8140219780219775,2.6978086078004324,1.0404214065710033,2.2712348310274857,1.9256305387496102,2.015289
2024-10-14,1.14,0.49,3.9198131868131867,8.029473570069722,1.1796690390044364,3.4394255772986533,3.021238915839799,1.957221
2024-10-15,1.14,1.14,3.994395604395604,8.74585809445827,1.0341795441759023,3.1556314513434978,4.661128206440952,2.1748636
2024-10-16,1.14,1.14,4.067505494505494,14.850932660807798,1.3695186399367938,4.317348933880104,4.079988167935569,3.5238922
2024-10-17,1.14,1.14,4.064043956043956,5.81211295474569,1.2524146513399892,2.713045095156937,3.043325064099371,2.2465055
2024-10-18,1.12,1.35,4.090241758241758,2.869980623070724,1.2149766339109083,2.2250622824546626,1.4764126448665271,1.9940703
2024-10-19,1.26,1.52,4.159285714285715,1.8302376687586133,1.2519147804044068,2.2250622824546626,2.6283345577226096,1.9742808
2024-10-20,0.76,1.39,4.253879120879121,3.2187303947405717,1.2132102470123782,2.2250622824546626,1.7031414108197191,1.9742808
2024-10-21,0.62,1.14,4.3437802197802196,3.365241210015391,1.1669139402364588,2.2250622824546626,1.6043233862860524,1.9742808
2024-10-22,1.14,1.14,4.491582417582418,21.50075534687717,1.4787968070364104,6.339207642357413,5.497242485488173,2.9557874
2024-10-23,1.53,1.14,4.533197802197803,10.280363701531558,1.1462476149685803,2.994860581807464,4.058699986420724,2.2597945
2024-10-24,1.26,1.14,4.621879120879121,4.1049822620431655,1.1363971837526239,2.2250622824546626,2.3822954084996275,2.2299302
2024-10-25,1.67,1.12,4.646318681318681,7.6544320426320525,1.2965528706956075,3.4394255772986533,5.932529918276759,1.3757869
2024-10-26,2.0,1.26,4.727461538461538,7.713969230047777,1.2686899058285401,2.2712348310274857,2.4012903739545712,2.253861
2024-10-27,1.83,0.76,4.644395604395605,7.915052055483301,1.3499388413035864,2.9810962675002015,1.9765822130970006,2.2004764
2024-10-28,1.67,0.62,4.57178021978022,8.564602852956016,1.2543835046715448,2.9810962675002015,2.838615759526449,2.2004764
2024-10-29,0.94,1.14,4.511747252747253,12.312431351900155,1.2326511419675588,3.3144551347228743,6.0241909756811465,2.2509773
2024-10-30,0.71,1.53,4.677417582417582,14.794353889597184,1.5023554598702376,4.317348933880104,5.5836792041706715,3.4028282
2024-10-31,0.93,1.26,4.773571428571429,7.599437740907128,1.5131134017049959,3.0218159672520786,2.6073974984407555,2.2465055
2024-11-01,0.78,1.67,4.858593406593406,5.219714744533306,1.494173468825635,2.5338331545498027,2.7162710292557235,2.289085
2024-11-02,0.69,2.0,4.915802197802198,4.125736715221041,1.6570274921412467,2.5338331545498027,2.4320208488374044,2.3189163
2024-11-03,0.62,1.83,5.37667032967033,5.952558254750514,1.9621154175126876,2.5338331545498027,2.0764220443253554,2.3984473
2024-11-04,0.62,1.67,5.719945054945055,5.448161276987136,2.102287271912465,3.060556479116681,1.700557882545994,2.3737905
2024-11-05,0.62,0.94,6.034747252747253,8.087998858054089,1.851882838357075,3.8165904641622235,2.9630273036445147,2.7246852
2024-11-06,0.65,0.71,6.182296703296704,8.684159691578218,1.619239504961399,3.8165904641622235,3.0698625168725275,2.561304
2024-11-07,0.74,0.93,6.33943956043956,4.677018488725672,1.534864928749228,3.060556479116681,2.03189174045356,2.6862407
2024-11-08,0.76,0.78,6.418582417582416,4.489890636861968,1.5484639171027772,3.060556479116681,2.4046287087218574,2.7657716
2024-11-09,1.22,0.69,6.630813186813187,4.3434391053965165,1.510595856468278,3.060556479116681,2.9878338597793976,2.667528
2024-11-10,5.56,0.62,6.562813186813187,4.295828472381725,1.5217786902353974,3.060556479116681,1.979762521193488,2.666451
2024-11-11,6.21,0.62,6.558362637362637,4.882439427524766,1.6591147525577539,3.060556479116681,2.741356367865103,2.745982
2024-11-12,7.88,0.62,6.656560439560439,12.455019887114437,1.9752245135452142,5.934178950436947,6.715849646106462,3.8395035
2024-11-13,6.69,0.65,6.75565934065934,20.984608753628457,2.374062097403835,8.057674340297359,9.31137648923884,4.7067175
2024-11-14,5.77,0.74,6.795648351648351,16.41522105298582,1.92728942943798,5.544238406557773,7.666942575455026,3.3055575
2024-11-15,5.77,0.76,6.868087912087913,22.829441640532735,2.210984130070954,7.6294926768440865,8.306039398754134,4.2924867
2024-11-16,13.77,1.22,6.806043956043957,22.63426675576657,2.2035377525015294,6.6533747692482486,6.997237716452547,4.4000683
2024-11-17,28.84,5.56,6.661318681318682,40.31624115086767,4.359333036547931,8.675233477725556,6.174301194679481,8.977761
2024-11-18,19.11,6.21,6.522131868131869,34.78192705907192,12.259391963369175,9.976405494477753,7.99087883763155,9.205591
2024-11-19,17.38,7.88,6.331417582417582,27.865106398363007,11.803913103089828,9.131053435104283,9.591309538906161,5.6702533
2024-11-20,15.3,6.69,6.3814175824175825,23.299483390846387,12.283083980921164,11.416234640363166,10.889792765389476,13.177471
2024-11-21,11.17,5.77,6.384076923076923,35.75691818364203,13.755744987667038,14.015979575796267,6.511687743138809,14.424577
2024-11-22,11.75,5.77,6.542857142857143,33.32412644226007,13.226048043787257,19.488117930749787,9.179151396558689,13.232805
2024-11-23,11.75,13.77,6.677428571428572,42.67527479195877,16.758289104082333,20.556656154287165,11.607719622616607,18.312016
2024-11-24,24.77,28.84,6.797285714285715,37.90082610938516,22.20163642589609,21.894111161282932,21.7545118582696,19.299088
2024-11-25,23.71,19.11,6.965098901098902,29.214759063540576,26.18539327826769,16.97211562445192,18.200589933233353,11.995801
2024-11-26,21.34,17.38,7.011736263736263,20.338545366920727,13.131123252004762,13.760454812312432,7.832106033455133,9.935255
2024-11-27,19.7,15.3,6.884417582417583,31.035788836999842,54.874801410063064,26.020889115922543,10.780407163636232,25.156977
2024-11-28,15.8,11.17,6.976054945054946,26.995600709955895,16.54145020325388,17.453335625885163,12.639815712511766,9.619522
2024-11-29,13.89,11.75,7.1670439560439565,34.71168151195726,24.83078616235054,26.59505184466162,16.32847579127141,18.73557
2024-11-30,10.62,11.75,7.422989010989012,33.14177312277812,23.24018083389097,25.02848704458745,19.517182872548396,14.6194935
2024-12-01,8.92,24.77,8.454747252747252,38.743914194206084,24.39824327054854,29.23650004339968,22.045190725213626,46.2335
2024-12-02,45.35,23.71,9.894274725274727,32.23212071736247,45.68670083525983,34.93339164496864,17.43155133366567,41.693893
2024-12-03,40.58,21.34,11.489219780219782,25.17124200530138,20.63157630256304,22.73856098634993,11.836324836854423,28.283722
2024-12-04,23.73,19.7,13.188846153846155,22.34202678765874,16.266794246011447,27.840826274549816,15.264060215080292,30.795948
2024-12-05,19.11,15.8,15.263571428571428,29.048379536950538,61.984821555181064,46.685344429606495,21.80258011509164,45.212814
2024-12-06,21.06,13.89,17.386824175824177,31.473493417079464,60.02106592221591,47.9850990898269,28.194867918624862,56.13755
2024-12-07,28.88,10.62,19.413912087912088,36.60984081934376,38.66731803278231,45.449691539238444,32.12930498173658,57.83934
2024-12-08,22.28,8.92,20.814054945054945,41.634517349506424,32.03605039775483,51.77108310720226,33.34629930621779,55.347317
2024-12-09,17.38,45.35,22.174406593406594,31.785399038372603,30.190301664127244,48.76820450544976,24.513431844517914,46.74126
2024-12-10,16.31,40.58,23.561021978021977,34.385183455467995,61.23636324715101,59.71945707133439,27.352281240672237,56.559254
2024-12-11,15.3,23.73,24.377164835164837,30.928207153986925,58.83628652472211,55.72703912535659,26.01509645047995,51.421944
2024-12-12,12.78,19.11,24.748999999999995,27.01395985900262,25.40140310428627,42.92079598226129,31.77576330164452,57.75115
2024-12-13,15.4,21.06,25.1292967032967,26.21756888592314,21.827810694771117,47.10927550361952,28.373443094545376,54.577946
2024-12-14,18.54,28.88,25.801846153846153,26.67829971732309,19.68848368068918,42.27710465837299,23.24287549785026,53.49189
2024-12-15,17.38,22.28,26.50531868131868,28.4103396646484,26.6451764566973,36.11932991745584,25.270436606952305,45.03445
2024-12-16,15.3,17.38,27.35618681318681,23.67264065900326,19.074392389319964,34.40893278857426,24.43485234650588,44.034054
2024-12-17,15.3,16.31,29.01808791208791,24.712737387289195,40.75078438743606,39.016585140984894,32.47850581083552,51.143814
2024-12-18,14.34,15.3,31.072582417582417,32.27142880080493,61.23752857607082,49.15853449291819,44.97272956327711,57.277157
2024-12-19,11.75,12.78,34.33503296703297,33.95163859907177,47.06653650785681,49.64651730562046,44.26728107479575,52.716557
2024-12-20,8.92,15.4,36.74369230769231,28.108155725179554,28.16413748548547,38.083441611562286,29.102234423716137,38.473366
2024-12-21,8.31,18.54,38.238945054945056,25.456510822639082,26.68851576823047,30.77530085940463,24.83606183710431,29.702955
2024-12-22,7.74,17.38,38.50437362637363,31.598100730063226,59.87921492946384,50.079786702041886,33.248635128428774,47.76762
2024-12-23,7.74,15.3,38.19428571428572,28.16643056409135,28.11672449138337,30.493490691379165,48.00484526768447,32.87749
2024-12-24,7.74,15.3,38.39406593406594,24.876564041569566,18.7343435257555,25.71421960180759,41.34766151068296,29.159273
