date,y_true,persistence,climatology,Ridge,RandomForest,GradientBoosting,MLP,XGBoost
2022-01-10,62.75,24.68,52.30696103896104,50.61471288504557,59.36348470023353,68.59508583686213,49.474978094543246,75.91633
2022-01-11,94.3,62.75,51.27964935064934,42.24834810723934,49.56204656854534,54.181559313289,46.09715789152943,63.101665
2022-01-12,94.3,94.3,53.356064935064936,52.83816061513042,75.08516424443621,73.97617312646808,54.952503150107276,81.612564
2022-01-13,100.82,94.3,54.2902987012987,93.45887776907634,118.96321436087035,117.11809418311294,107.91314688031126,125.680725
2022-01-14,117.14,100.82,56.91432467532468,88.79330949934925,87.63779727134431,86.73029025473379,101.56961051145453,97.89675
2022-01-15,113.88,117.14,58.443935064935076,74.41563955369048,66.85279423358254,62.638219558109576,68.73070486073557,52.10225
2022-01-16,160.49,113.88,60.08120779220779,106.4093754991263,108.45113814138432,116.63901647512007,126.93849178680195,101.76933
2022-01-17,170.03,160.49,60.66393506493506,116.12562948578855,128.1872996933036,121.59202359394767,141.51552011361343,124.99259
2022-01-18,94.3,170.03,60.73661038961039,124.80745865861459,96.0642732467617,117.30265313444303,119.42707100423253,95.313
2022-01-19,133.46,94.3,60.60044155844156,141.78302535452255,183.16940343690672,148.77763319755545,143.63796797822806,126.524445
2022-01-20,146.71,133.46,59.25283116883117,93.95012314802776,101.95484682195091,98.59719576339047,106.8597212153143,100.837074
2022-01-21,179.57,146.71,57.84179220779221,107.76156491171463,115.2893593277089,109.77026886741889,113.87271733845166,131.28754
2022-01-22,165.26,179.57,56.63976623376624,132.59776952080284,143.6230051850838,143.46059799605578,137.00241916414296,149.39215
2022-01-23,180.1,165.26,55.72896103896103,151.61462101438588,174.2103750239007,152.6793993648166,149.76173957880837,160.6941
2022-01-24,166.32,180.1,56.570649350649354,150.45309435985843,185.02968447853684,172.47234875103277,159.02068189178726,178.274
2022-01-25,200.77,166.32,58.41980519480519,162.83693487897946,194.04363224921633,189.6359367787967,183.51231620091346,210.64346
2022-01-26,181.16,200.77,59.406688311688306,152.08253514183812,170.3266963493237,183.26206613229593,166.3503707855318,172.92548
2022-01-27,167.38,181.16,61.42925974025974,161.89530318085363,131.574257844541,137.8548555823647,153.24937482434365,116.056335
2022-01-28,116.05,167.38,62.04196103896103,165.20115277320872,193.8672352063929,173.67396095548418,170.73871901254967,176.62929
2022-01-29,117.14,116.05,63.202363636363636,168.61310743722024,197.3804523814534,200.49475924136866,197.96787723584242,185.97649
2022-01-30,179.04,117.14,64.91315584415584,145.35150573226858,138.4866540588685,176.22128676429614,200.061958574777,150.87877
2022-01-31,200.24,179.04,66.68776623376623,134.57429340336654,138.34509230867587,159.64459530523973,178.10247025999365,142.14944
2022-02-01,238.4,200.24,65.90568831168831,174.1534602121504,192.14827028165794,183.24658347557607,201.91840855297306,174.36395
2022-02-02,233.63,238.4,64.56711688311688,181.69077857333073,162.78055492645376,182.79986795519997,186.32892894969123,180.93855
2022-02-03,207.66,233.63,64.85937662337663,203.47696480111114,199.29717870973565,219.65039143407742,205.1196521763839,193.90082
2022-02-04,132.37,207.66,65.69200000000001,204.6583355622595,186.49983708444742,204.83749695381186,200.48038110792504,169.08823
2022-02-05,88.86,132.37,66.2415974025974,175.13339120028914,129.3232775188621,147.5518708208326,159.53484079719027,107.775856
2022-02-06,87.77,88.86,65.8191038961039,122.79323943549522,84.46549542197303,86.10525491777308,114.86143986339117,79.73165
2022-02-07,100.82,87.77,66.86319480519481,96.53998488460365,92.22661930459742,86.89150194384061,101.9364123350057,67.86526
2022-02-08,82.33,100.82,69.79996103896103,97.95162999586776,106.81835087139612,107.47651626801138,99.60454631023414,100.25927
2022-02-09,79.07,82.33,71.48606493506495,109.9573802687141,115.7650681842256,118.59714992944478,108.53308196372946,117.54117
2022-02-10,61.66,79.07,70.25912987012987,87.54372677733852,74.85753771984184,74.92642095417997,81.3962127148872,79.71344
2022-02-11,45.35,61.66,70.07398701298702,76.84757123951931,77.99583329034651,77.22487536133417,69.94672858654754,73.973564
2022-02-12,38.82,45.35,70.06738961038961,79.30006366752788,90.08081870566686,92.81399041574473,88.14643957845078,84.25979
2022-02-13,58.4,38.82,71.93533766233766,70.59749794322502,72.27202303978214,73.0283206094222,84.43177295272024,66.16798
2022-02-14,72.54,58.4,73.21754545454544,54.14219204610345,44.636408402303275,52.069916035044784,60.18534048264315,38.935608
2022-02-15,69.28,72.54,72.55453246753247,63.04210503929288,80.0548512396553,62.37045659703294,63.1835267029199,50.30738
2022-02-16,72.54,69.28,74.78203896103896,72.56030918553668,79.86617511792087,77.74034461144461,67.54683288993395,73.38997
2022-02-17,62.75,72.54,79.49712987012988,68.47672702159431,78.10503501011527,75.41128859351662,63.14766347369367,79.5737
2022-02-18,50.79,62.75,81.60616883116883,74.33792333790353,88.75070111446686,87.11899368898356,71.98568279609961,93.98432
2022-02-19,39.91,50.79,85.3315974025974,67.68914409750133,72.71700623361727,78.34836102022571,69.46471270083758,79.27192
2022-02-20,37.73,39.91,86.90855844155844,58.355677533243586,68.42005724239885,71.25093596510641,65.67085675151922,68.25651
2022-02-21,74.72,37.73,86.50314285714285,54.36240771517364,50.571743258307805,62.79857904985176,61.364296645551505,57.995655
2022-02-22,70.37,74.72,89.81733766233766,44.03799701804885,41.71969367428961,42.34435590678318,44.18059642323864,43.820816
2022-02-23,68.19,70.37,91.14087012987014,64.97340321174352,77.69696842082864,72.66989460539504,59.82741243568677,86.327705
2022-02-24,58.4,68.19,91.94775324675324,76.0122542253284,99.96707966936088,87.44426062769095,76.33274891438039,99.45185
2022-02-25,72.54,58.4,94.93881818181818,72.62692052888556,101.75947812852102,94.60849136065151,79.61822576093049,103.85482
2022-02-26,76.89,72.54,94.28292207792208,55.97050503629649,47.86100747307875,58.46035103403024,60.75847773157797,63.762093
2022-02-27,59.49,76.89,94.43466233766233,55.808821999279274,62.84047305280096,69.34311429721416,54.334370965744796,78.0129
2022-02-28,45.35,59.49,94.93672727272727,76.63752788013282,92.5082954944282,106.87664684640741,83.28174365517202,95.13616
2022-03-01,38.82,45.35,93.78933766233766,64.19261351018108,54.95620995162883,58.13513177316387,72.0294003034053,55.420193
2022-03-02,38.82,38.82,91.45841558441558,43.245610346068844,43.55177489144619,39.58888854800231,49.5623793930575,44.186363
2022-03-03,67.1,38.82,90.48897402597403,48.74271177992474,39.447162179718504,43.92235597340355,54.290737953618184,39.926117
2022-03-04,72.54,67.1,88.17024675324674,74.2195825660819,64.43047785581285,92.7583577385078,80.40985734176569,87.16215
2022-03-05,51.87,72.54,86.81092207792209,82.18683363979245,96.51939948012932,76.39494398377796,82.47974019107798,80.35719
2022-03-06,42.08,51.87,85.0003116883117,70.0893010924226,72.70938845014992,71.04738123814836,69.9186413401189,72.44263
2022-03-07,35.56,42.08,82.21502597402596,48.72794069001797,42.029847023268104,44.03220100640098,53.22755867863277,43.664116
2022-03-08,33.38,35.56,78.52905194805194,44.71588138965316,34.760631813720664,42.13456246994302,51.02936687587088,40.740917
2022-03-09,27.94,33.38,76.64068831168831,53.09041727078841,39.85537257862978,42.82639637071802,62.28499622582068,45.521843
2022-03-10,35.56,27.94,72.350987012987,58.89045695479035,51.10512094377934,60.85978753283916,68.59273406039489,62.679947
2022-03-11,37.73,35.56,68.81442857142856,55.31713240398807,50.782682673770196,53.28156712667332,67.31646251837427,59.81357
2022-03-12,66.02,37.73,65.62911688311688,63.74642227449262,70.87323105015248,84.76493141484043,78.9294372582708,96.48788
2022-03-13,50.79,66.02,62.93357142857143,57.044248434325866,49.469233873509246,66.77725241472922,67.55994424965972,66.08014
2022-03-14,52.96,50.79,61.625454545454545,71.1259260053823,105.19720375814478,110.90846306834946,83.64011673660328,111.37552
2022-03-15,75.81,52.96,62.35463636363636,76.89509986774277,88.99471607315803,120.09518972426139,98.24007852013214,130.66663
2022-03-16,61.66,75.81,62.225545454545454,60.043489579784456,51.59355708985167,78.99559722579575,70.85991299675622,79.760826
2022-03-17,37.73,61.66,61.7939090909091,61.42822712472045,55.335934075051156,69.47319469271163,56.38920746752517,66.25226
2022-03-18,48.61,37.73,61.58311688311688,65.83079187019244,82.06305596983091,83.8015100071995,70.85710933493135,81.76877
2022-03-19,57.31,48.61,60.97151948051948,44.91213719546121,42.37807729884496,56.7966608853389,47.311670827187385,53.63552
2022-03-20,60.58,57.31,60.875571428571426,53.88646182361542,50.31609944710122,59.952065922855724,60.481361469739454,61.048866
2022-03-21,64.93,60.58,59.3775974025974,59.021759731653,50.91309533563097,55.013801427199134,58.71882278353662,55.487988
2022-03-22,59.49,64.93,56.50225974025974,55.94125763805511,55.74929636551692,53.26489341081968,51.814532682331034,62.320213
2022-03-23,72.54,59.49,53.57516883116883,69.49428534307415,89.59804955247066,89.85634065928566,79.61930531798681,97.23092
2022-03-24,50.79,72.54,51.22942857142856,63.2808168740898,53.33647864473076,63.0551929710198,72.34343149875714,65.301704
2022-03-25,47.52,50.79,49.16488311688312,72.17626784636728,90.72372550066991,102.8395031159116,83.03774741608926,99.22911
2022-03-26,39.91,47.52,47.62745454545455,57.36171017451224,46.88728898707766,53.91493435391587,67.31322142296769,57.94209
2022-03-27,37.73,39.91,46.751311688311695,54.530466496348176,53.96680788736859,62.754791204242295,65.87608933429308,61.663227
2022-03-28,64.93,37.73,47.35253246753246,48.87706726304596,37.96048911188453,49.537188592773624,55.756958331306265,52.618618
2022-03-29,52.96,64.93,48.12394805194805,40.076635349488804,31.900819457948774,40.237066543480815,42.76597471255619,42.458805
2022-03-30,32.29,52.96,50.10988311688312,52.929434350276956,52.9954133074719,49.67458981025491,40.75785688134842,50.108265
2022-03-31,29.03,32.29,51.68315584415585,57.08944130392951,55.45094347754426,47.71635067109039,54.613563603484536,55.427372
2022-04-01,35.56,29.03,52.13028571428571,49.44722889235083,39.634330600516535,60.45566425984837,62.40366210552516,61.018723
2022-04-02,42.08,35.56,52.38875324675325,43.39908599984221,38.80882779938211,49.48143866728982,52.495661932573995,52.65702
2022-04-03,55.14,42.08,52.605350649350655,42.756457059532536,37.65256355112491,42.049766299655815,45.75404953248578,44.40499
2022-04-04,101.91,55.14,52.77438961038961,44.93564598634762,37.819726933090195,41.37531955338294,45.517095413844864,41.669437
2022-04-05,52.96,101.91,52.254272727272735,50.456872726794735,45.63471159546979,39.43604848713685,45.019526065350355,42.043625
2022-04-06,57.31,52.96,50.80661038961039,84.74769096865214,97.55054242741784,84.69573550521702,75.65097889336074,95.38976
2022-04-07,73.63,57.31,49.491532467532465,63.08783124199824,65.63873978179912,61.27112775851783,67.53944540535133,59.4752
2022-04-08,76.89,73.63,49.292298701298705,52.60498388023312,77.18853079387739,66.71897595819505,56.262191752694946,69.58983
2022-04-09,88.86,76.89,48.71762337662337,97.83810244051745,110.50010048372647,116.83360777919003,120.9967544770552,134.8342
2022-04-10,66.02,88.86,48.20523376623377,85.30524079223919,61.49457695961351,72.99157876559875,98.14794051830665,71.19181
2022-04-11,57.31,66.02,46.04658441558441,70.04077742506722,58.200842144053674,57.23391740874858,63.21917895704625,55.433475
2022-04-12,55.14,57.31,44.201,59.34375531662362,49.83061759670968,55.779527339942334,53.75128197593484,47.756886
2022-04-13,48.61,55.14,42.370077922077925,52.42304078565554,44.41268042215012,42.39627768128634,44.90827279777542,41.865993
2022-04-14,46.43,48.61,41.175753246753246,51.7734668013735,42.30635593076936,42.16687077455184,43.58434492723093,41.129086
2022-04-15,46.43,46.43,39.82702597402597,47.78739018270567,39.28866639502984,36.86594369845139,41.72963311479123,37.732407
2022-04-16,46.43,46.43,38.822194805194805,40.38897669064765,37.18375587691097,35.823175973034495,36.17279051996814,36.788345
2022-04-17,41.0,46.43,37.05902597402597,42.06894992550191,37.18240816411682,35.11041835410788,34.99277094490143,36.117702
2022-04-18,37.73,41.0,36.274350649350644,41.87694752410367,37.45334257175085,34.574395707275826,36.70868609086399,37.39889
2022-04-19,29.03,37.73,35.53098701298701,38.160371292920196,32.832128098870434,31.71204682112644,34.60046054085067,33.32651
2022-04-20,29.03,29.03,34.79320779220779,34.77400589136741,31.766128565793643,29.46674250362327,33.128204159229554,30.784126
2022-04-21,29.03,29.03,34.13151948051948,28.486062101430225,27.651216466197102,27.254376373473026,28.584580127881605,27.20662
2022-04-22,24.68,29.03,32.95788311688312,26.677957683516432,28.338178395934584,27.254376373473026,25.38290811678888,26.134106
2022-04-23,24.68,24.68,31.58948051948052,26.97894269429902,26.56917143483861,27.490903017286207,25.606553079903986,26.165855
2022-04-24,24.68,24.68,30.43342857142857,23.722671702985785,24.684563709521502,25.478478992449194,22.744432587346086,23.64846
2022-04-25,24.68,24.68,29.366675324675324,22.570077319108783,24.197466728712367,23.62890088879051,22.067197810025913,22.012695
2022-04-26,22.5,24.68,27.93651948051948,22.537430325055105,23.792080470352047,23.257475930149223,22.023822402389182,21.77299
2022-04-27,18.41,22.5,26.63164935064935,22.179145876406295,23.888980691244882,23.257475930149223,21.82138869429008,21.466753
2022-04-28,17.78,18.41,25.01287012987013,20.789795794610274,21.39324837377875,21.09462541709322,21.825736506740867,20.667944
2022-04-29,11.38,17.78,24.070844155844156,17.41068744425837,16.75689174779061,17.428675756659693,18.693480113453983,16.176056
2022-04-30,15.97,11.38,23.58290909090909,15.940776584668694,16.526116635463833,16.969055002211743,16.543012169649852,16.194412
2022-05-01,15.97,15.97,23.028311688311685,12.428747719392966,11.299832634911722,12.870297093493356,14.08020105132551,12.7695875
2022-05-02,15.97,15.97,21.982077922077924,13.721454244782496,14.865131545464147,16.969055002211743,13.865839991809414,16.176056
2022-05-03,15.97,15.97,21.444155844155848,14.273527773905643,14.739798418711391,16.969055002211743,15.129234744080225,16.003672
2022-05-04,15.4,15.97,20.702662337662336,13.518227476280675,14.599124104651107,15.550930463781361,15.21389077044336,14.685127
2022-05-05,14.44,15.4,19.8898051948052,13.334817047873187,14.692533958886193,16.01446999815068,16.644787586719424,14.581567
2022-05-06,12.77,14.44,18.808415584415588,12.952965377595984,14.27985902380279,13.852445537909306,15.313884536739128,13.81791
2022-05-07,13.78,12.77,17.528532467532468,11.875842215568635,13.787576677696151,13.461898695385653,14.970507021371743,13.617838
2022-05-08,12.77,13.78,16.348207792207795,10.656950986541972,11.952825782458456,13.698425339198835,15.075626698729486,13.909414
2022-05-09,13.08,12.77,15.820545454545453,10.815493453881658,13.480256195275187,13.698425339198835,15.853583468894545,13.909414
2022-05-10,13.08,13.08,15.00248051948052,10.45188181511907,11.961527725024371,13.810414988586132,15.912864502890848,13.814641
2022-05-11,12.16,13.08,14.296207792207793,10.573798262624448,11.533971806737913,13.346875454216805,15.91312989816922,13.507831
2022-05-12,12.16,12.16,13.717389610389612,10.719627812458707,11.552620572608738,13.346875454216805,15.927259755630491,13.421155
2022-05-13,9.94,12.16,13.16457142857143,10.066850524850038,11.024850817782026,10.946602471370436,15.575474806640973,10.636426
2022-05-14,10.5,9.94,12.644064935064936,9.845821688526568,10.769572027813995,10.946602471370436,14.807721003916614,10.636426
2022-05-15,10.5,10.5,12.272935064935066,8.481741701145825,10.127605335341382,9.422126219098763,13.69396385466954,9.34525
2022-05-16,9.94,10.5,11.67422077922078,8.3692360009228,9.994545574241528,9.199806132502603,13.057498088568739,9.260069
2022-05-17,9.75,9.94,11.3322987012987,8.644347957973809,9.930689826526669,9.199806132502603,13.066251368967327,9.260069
2022-05-18,9.05,9.75,10.985753246753248,8.256328786470576,9.858734588912121,9.199806132502603,12.475604009921708,9.260069
2022-05-19,9.05,9.05,10.741142857142858,8.032911334738277,9.545020290413566,9.199806132502603,11.971312361057446,9.260069
2022-05-20,9.75,9.05,10.507636363636363,7.611845961733781,8.793277244132954,8.040363258832935,11.10349301983013,8.322649
2022-05-21,9.05,9.75,10.270610389610388,7.410807262000834,8.699431654405567,7.895658371847989,10.671907955729807,8.292303
2022-05-22,9.05,9.05,9.921532467532469,7.906260412819009,9.260598932492487,9.055101245517662,10.78135821774642,9.248081
2022-05-23,9.05,9.05,9.654922077922079,7.571086011543404,8.745558982280512,7.895658371847989,10.34999654943066,8.292303
2022-05-24,9.05,9.05,9.525064935064934,7.355603674195841,8.62063330081873,7.895658371847989,10.008976287767709,8.292303
2022-05-25,8.08,9.05,9.242467532467531,7.408319307404444,8.681551068981125,7.895658371847989,9.893575710559823,8.292303
2022-05-26,9.05,8.08,8.748753246753246,7.401298647668099,8.650745598887212,7.895658371847989,9.781285602530648,8.292303
2022-05-27,9.05,9.05,8.451181818181817,6.802181361555306,7.877815101297428,7.198002235909136,9.221015144527925,7.286036
2022-05-28,9.05,9.05,8.152883116883116,7.281839991987219,8.45058892590925,7.895658371847989,9.086941941714663,8.292303
2022-05-29,9.05,9.05,7.851441558441558,7.4988020422032875,8.663021478377951,7.895658371847989,9.112838796840258,8.292303
2022-05-30,9.05,9.05,7.60925974025974,7.400930876624564,8.771705708041484,7.895658371847989,8.679408580217093,8.292303
2022-05-31,9.069488372093025,9.05,7.184454545454545,7.3880356694512095,8.804890694172126,7.895658371847989,8.829255665845919,8.292303
2022-06-01,9.088976744186049,9.069488372093025,6.984948051948052,7.37875238492818,8.860739934792392,7.7605293430748015,8.7294142805784,8.143359
2022-06-02,13.24,9.088976744186049,6.815311688311689,7.35765860507637,8.92941644474249,7.7605293430748015,8.558807520829568,8.143359
2023-01-01,13.7,13.24,41.82953246753247,8.435981366633957,9.806451766042255,7.114809884983763,11.803924057259263,10.063609
2023-01-02,13.7,13.7,41.37588311688312,16.93712589022261,18.315655586140437,14.470976332562831,13.764016147803572,18.562716
2023-01-03,14.72,13.7,44.27735064935065,14.317223904829408,16.4492057934837,17.37575115604305,16.282189364524694,18.63688
2023-01-04,14.72,14.72,45.889142857142865,14.945273963813937,16.824279300507428,15.509226404913724,16.165274526881117,18.117493
2023-01-05,15.25,14.72,48.17648051948051,23.71819902414146,19.815641544041455,18.8183010232754,20.167837574693092,19.518087
2023-01-06,13.96,15.25,51.463298701298704,19.445601858377547,19.318265739894414,18.280749623244443,20.421388762502527,21.220285
2023-01-07,12.99,13.96,52.21175324675325,17.32985105633834,17.6116382455462,14.208177166951494,19.511779351661044,15.423054
2023-01-08,12.75,12.99,53.795428571428566,16.498202817098637,16.07656201231357,15.661983366442763,17.403492223388046,16.518263
2023-01-09,12.08,12.75,54.31618181818182,20.511661350014172,20.24901293399258,17.16415511318607,19.102020599983934,18.589045
2023-01-10,11.23,12.08,52.30696103896104,14.208277875729355,15.786626022796733,17.228416398212413,16.353835429695703,18.738888
2023-01-11,10.24,11.23,51.27964935064934,7.580577840805532,12.210930589111587,10.529223174679503,13.836046092402839,11.62954
2023-01-12,8.84,10.24,53.356064935064936,5.991470178426301,11.550934215756369,9.64911049753066,11.900465100009288,9.590684
2023-01-13,8.17,8.84,54.2902987012987,7.032616025560991,10.93361037919119,9.064677103729418,13.19191389877065,9.0603695
2023-01-14,8.17,8.17,56.91432467532468,5.112965244500302,8.994824570743077,7.69864621072346,12.265836261086967,7.71497
2023-01-15,8.17,8.17,58.443935064935076,4.205848085392933,7.635089601005219,7.190468943594385,11.85954506841332,7.247268
2023-01-16,8.17,8.17,60.08120779220779,2.9246581030822334,7.401969255705568,7.190468943594385,11.14592964851405,7.247268
2023-01-17,8.17,8.17,60.66393506493506,12.2423543057092,9.419539041311129,9.526044420147018,10.80610090213218,9.275272
2023-01-18,8.81,8.17,60.73661038961039,14.180894458026467,10.260198932601305,9.993181389653817,12.654357241032843,10.999234
2023-01-19,8.81,8.81,60.60044155844156,10.467225846951393,8.526868093249819,9.194610786737634,13.620943856631142,9.494353
2023-01-20,8.81,8.81,59.25283116883117,7.468614033671226,8.304014358496365,7.527242365481376,9.691081173236377,8.483946
2023-01-21,8.17,8.81,57.84179220779221,11.279404979228948,8.37032315743097,8.686012549563696,11.704555315266216,8.56645
2023-01-22,8.17,8.17,56.63976623376624,8.45521876487705,8.741555332968854,8.336402612023546,10.481959466410425,8.875616
2023-01-23,7.57,8.17,55.72896103896103,9.194848557863772,7.7710150226622146,8.395040347926109,11.966713014564316,8.2197275
2023-01-24,7.14,7.57,56.570649350649354,13.206124081061855,8.296782733708048,7.453426537242256,11.637203643563794,8.328492
2023-01-25,7.57,7.14,58.41980519480519,13.457877952039809,8.407821306474231,10.12763507517551,12.941559846466983,10.243044
2023-01-26,7.57,7.57,59.406688311688306,11.066483101123795,7.508260937638589,8.94211762403879,11.641150853536576,9.1985445
2023-01-27,8.81,7.57,61.42925974025974,15.803254118293783,9.575604893904696,10.717929469899243,13.308787900940239,9.644818
2023-01-28,11.86,8.81,62.04196103896103,20.94733551681498,12.04713339361768,12.71411488480708,17.081264693691647,12.470901
2023-01-29,13.23,11.86,63.202363636363636,22.76213536943378,15.526860006538627,14.271550026664336,19.994017547767548,15.205668
2023-01-30,13.7,13.23,64.91315584415584,30.849320477695734,23.469411727016332,17.740262830256665,28.688165341422224,22.074995
2023-01-31,15.25,13.7,66.68776623376623,37.030230676584296,32.2930545918261,22.61045321704859,36.03846711855263,25.57456
2023-02-01,18.48,15.25,65.90568831168831,30.184898964406347,35.52074968040252,24.52110228949613,31.595663471116765,30.045792
2023-02-02,18.81,18.48,64.56711688311688,28.827416269223104,38.04554169352522,27.84081710428464,30.91211822249792,30.493572
2023-02-03,16.94,18.81,64.85937662337663,31.48725950690489,37.22773826130571,30.573640432831724,31.915560596210685,33.328037
2023-02-04,23.45,16.94,65.69200000000001,43.86889904543708,41.00620433533349,34.56817839014101,45.675828700043866,38.524727
2023-02-05,49.3,23.45,66.2415974025974,55.79664190492589,46.24751824504899,32.994296467478634,59.022637089699124,34.53534
2023-02-06,68.19,49.3,65.8191038961039,50.58517464595622,55.725367806437326,41.040437461646725,58.48211922034982,48.348953
2023-02-07,65.94,68.19,66.86319480519481,51.537626213793715,57.249968852907244,57.42934539773369,58.58379827360089,57.053818
2023-02-08,63.14,65.94,69.79996103896103,72.71346973565235,97.52660144333856,94.38328861956812,88.62223886833758,92.86481
2023-02-09,85.6,63.14,71.48606493506495,74.85124453986165,98.64491523741482,86.75094532235427,96.4292329181181,86.80841
2023-02-10,88.86,85.6,70.25912987012987,68.32589010124313,98.97680314453554,96.11169147272746,90.18068012345715,103.59576
2023-02-11,68.19,88.86,70.07398701298702,75.63297356265234,92.73882504181061,94.26427041052398,90.16910832882733,101.119484
2023-02-12,50.32,68.19,70.06738961038961,72.91596097884079,60.009095728528344,73.08136598220148,72.17032135799728,72.52056
2023-02-13,46.34,50.32,71.93533766233766,72.90694644614717,95.9429510566142,95.78675687756598,93.7202521718457,93.41171
2023-02-14,40.26,46.34,73.21754545454544,69.0337802531597,84.53042668852808,86.29280071335317,97.1264142797248,91.92917
2023-02-15,38.04,40.26,72.55453246753247,49.66132215503204,53.06334643420136,47.400398788020404,59.73997840384575,53.388443
2023-02-16,31.07,38.04,74.78203896103896,36.318739563080406,33.170648649316774,32.32637996497493,40.5703089786557,30.942968
2023-02-17,25.99,31.07,79.49712987012988,36.84407940370842,30.670607853900236,30.39790159764651,37.10645291861464,25.673395
2023-02-18,26.78,25.99,81.60616883116883,36.60240880307012,30.424761262614624,33.924156517883304,38.397895980903954,28.429615
2023-02-19,21.64,26.78,85.3315974025974,26.835401521125,23.72055859577665,24.261391730028482,25.010851589373576,25.633224
2023-02-20,17.93,21.64,86.90855844155844,26.255507527544886,25.297929194949553,26.707045511326573,24.128739909683254,27.970303
2023-02-21,17.37,17.93,86.50314285714285,21.559024347810634,20.317736502436105,18.592203957571506,20.17562742237715,21.410622
2023-02-22,15.27,17.37,89.81733766233766,23.61312638315037,21.30434211458153,26.05079332705925,23.914010096300945,26.76477
2023-02-23,14.78,15.27,91.14087012987014,19.609395931861688,19.190612121215178,23.432022829796846,18.296730080194425,23.961882
2023-02-24,13.62,14.78,91.94775324675324,13.08600832114428,14.910314277986629,14.392295637243961,12.547184631109303,21.60664
2023-02-25,12.13,13.62,94.93881818181818,14.73547743605172,14.556508882492398,15.896761179319627,16.04814087547607,23.944641
2023-02-26,11.33,12.13,94.28292207792208,14.131392793900691,13.313709726400045,22.71621502330413,12.490459710726281,22.293528
2023-02-27,10.22,11.33,94.43466233766233,10.190503434000401,10.919256616501645,20.899318629261046,11.018160572603708,19.941729
2023-02-28,8.0,10.22,94.93672727272727,9.608256649574223,11.312469830365226,21.122332251526917,9.774332075735686,17.676422
2023-03-01,6.2,8.0,93.78933766233766,7.681109089142247,10.225721246278882,11.560619180883819,10.00797932796576,15.97801
2023-03-02,4.6,6.2,91.45841558441558,6.219475060552721,6.788130960054999,8.739997344252686,7.852596769027414,7.6305943
2023-03-03,4.59,4.6,90.48897402597403,6.4988658010108615,5.472025124955371,6.658810993745663,7.072705586871329,6.8686295
2023-03-04,4.25,4.59,88.17024675324674,5.34081294923994,5.617872696149745,5.860765221335077,5.824451452761904,5.612507
2023-03-05,3.7,4.25,86.81092207792209,5.525190352755843,5.4782423943783565,5.383369429332276,5.461539412995371,4.850608
2023-03-06,3.36,3.7,85.0003116883117,3.2361720746554496,5.385844327565728,4.819559643223216,4.583085666811664,4.345485
2023-03-07,3.22,3.36,82.21502597402596,14.390725792125133,4.835474822706104,7.823507872352047,7.352065792315702,5.443118
2023-03-08,3.09,3.22,78.52905194805194,12.101367908656677,4.748434257012177,6.835179973174121,4.487000994252044,8.863021
2023-03-09,6.93,3.09,76.64068831168831,8.626459141051964,4.151609023114841,5.899183904258074,5.107948498762703,7.950156
2023-03-10,7.45,6.93,72.350987012987,6.831912576394185,4.089080491480987,5.612089277589543,2.852092865977289,6.9131665
2023-03-11,7.18,7.45,68.81442857142856,6.468391647371732,6.814318949057199,5.458585981447956,3.284487687042739,11.542392
2023-03-12,7.18,7.18,65.62911688311688,7.178392791448303,7.19083048645457,11.293918333507413,4.1935200972506665,11.220984
2023-03-13,5.55,7.18,62.93357142857143,7.570920006577484,6.377358429907183,8.043389101351268,5.628886310933837,11.054035
2023-03-14,5.34,5.55,61.625454545454545,12.498976819964499,7.753641860020042,11.348774735413004,7.128409616404715,13.085223
2023-03-15,6.01,5.34,62.35463636363636,14.713022199385913,9.838557010132721,11.195572408372604,7.217734280781962,12.697878
2023-03-16,9.56,6.01,62.225545454545454,17.28225353772237,9.160022311259718,13.400142738153164,10.434515839055821,11.535718
2023-03-17,14.33,9.56,61.7939090909091,11.365043758206205,13.322690560504869,9.057045241417113,5.893599049229244,9.165606
2023-03-18,51.09,14.33,61.58311688311688,20.31045793041038,15.02768394735155,13.991139009484149,13.549920174857855,12.8742
2023-03-19,61.06,51.09,60.97151948051948,35.67661015547986,30.411923122963145,22.63638774776681,26.58480988791675,28.937601
2023-03-20,54.8,61.06,60.875571428571426,54.49007059094059,60.2564045566398,59.151826767812786,52.277875387687125,53.26347
2023-03-21,75.81,54.8,59.3775974025974,58.677103091792766,89.28242893388787,74.13405277498298,66.48034055201698,74.43862
2023-03-22,76.89,75.81,56.50225974025974,60.784960355895706,69.41188508499603,69.81990944607784,80.15188697600495,69.43986
2023-03-23,53.21,76.89,53.57516883116883,68.07543604253078,97.42159133331013,86.81973983119154,84.92638050374131,89.23924
2023-03-24,79.07,53.21,51.22942857142856,76.16644403256251,99.19930894667284,99.36228091425029,95.20416306144269,91.47101
2023-03-25,67.59,79.07,49.16488311688312,57.50981196598872,63.46441247245213,75.6816756667696,76.51837238716963,62.822784
2023-03-26,131.62,67.59,47.62745454545455,76.45198285873195,104.68122291422534,102.86296372266915,91.6245445965083,95.73171
2023-03-27,139.92,131.62,46.751311688311695,68.61952154753527,63.96401070455653,64.94206211451538,76.44915200957114,63.460857
2023-03-28,137.91,139.92,47.35253246753246,107.29196634915635,120.08216654913784,117.31332034174153,113.83434670971293,118.80535
2023-03-29,131.49,137.91,48.12394805194805,143.81042161938817,178.90733857284883,177.48512529920544,174.09492795597524,161.72737
2023-03-30,93.21,131.49,50.10988311688312,122.15888277191345,106.88103408435923,132.56705173900718,138.97351692524103,98.0467
2023-03-31,62.18,93.21,51.68315584415585,99.24016547580956,81.23325509994723,74.98004439271418,98.17011910334226,81.880424
2023-04-01,53.88,62.18,52.13028571428571,76.006823407918,57.44664701674058,67.31794639235666,73.62712952641853,69.27397
2023-04-02,46.34,53.88,52.38875324675325,52.06963361748319,47.40156406937608,47.381789669025096,42.99960795947443,48.135006
2023-04-03,39.15,46.34,52.605350649350655,54.09891838930412,61.570128073584435,57.13847446567322,48.95614430692943,70.55077
2023-04-04,34.41,39.15,52.77438961038961,51.61964294272981,47.14036173680139,64.44135898901287,48.544086770093614,51.53616
2023-04-05,27.19,34.41,52.254272727272735,35.48691989817903,32.997406535415195,35.7020177769428,32.381982670622605,31.071575
2023-04-06,24.47,27.19,50.80661038961039,27.829101686416823,28.366042132381285,28.85155008643367,21.74885299792837,27.874067
2023-04-07,23.02,24.47,49.491532467532465,24.042376367103238,24.41021899986504,27.519471890554307,21.051532253911045,27.071693
2023-04-08,33.06,23.02,49.292298701298705,27.457177880328324,26.306282043152972,25.3139179864147,30.700103974524012,31.507439
2023-04-09,46.85,33.06,48.71762337662337,39.18201731442646,33.88758196868041,36.39795805652633,45.18698158616385,44.280907
2023-04-10,29.29,46.85,48.20523376623377,33.82369330308353,34.443260298464494,36.98992632983137,33.309917433619816,37.069492
2023-04-11,23.76,29.29,46.04658441558441,33.13272811054547,34.98239273169264,31.828209133088812,26.341932682703064,33.68802
2023-04-12,19.11,23.76,44.201,24.66421433608868,28.584937764563765,25.158099165518504,22.863126245041503,24.648264
2023-04-13,17.11,19.11,42.370077922077925,20.60564090579317,26.848926448111982,22.857151524798937,21.882748828794767,21.540718
2023-04-14,14.78,17.11,41.175753246753246,18.31485999205829,17.34930425424662,17.418271239292338,17.60761473566205,16.124105
2023-04-15,12.53,14.78,39.82702597402597,19.359347748243565,17.78208963943835,17.83354064935458,18.424888114883867,18.18009
2023-04-16,12.34,12.53,38.822194805194805,14.693197926686935,14.493202960871454,15.85076404000615,14.430424820190034,16.84571
2023-04-17,9.22,12.34,37.05902597402597,11.552473377584828,12.835338524274844,13.992610401086068,12.339498162519888,13.748434
2023-04-18,8.0,9.22,36.274350649350644,10.488011358147668,11.070583687906064,13.456587754254016,12.100549420580586,13.170593
2023-04-19,5.45,8.0,35.53098701298701,8.632813581905687,9.82973902788011,9.342766252547634,11.470413436280044,8.7080965
2023-04-20,4.95,5.45,34.79320779220779,7.182954552423041,7.236051623941457,7.719884868701122,10.089914619785635,7.264756
2023-04-21,4.68,4.95,34.13151948051948,4.752035600214096,6.325412591602206,6.872952621824606,8.17662173810545,6.2255588
2023-04-22,4.59,4.68,32.95788311688312,2.5433049304289526,6.18968489458872,6.66781876142935,7.696017063565272,6.015924
2023-04-23,4.86,4.59,31.58948051948052,2.0421656192185687,5.866338297963808,7.084255433916274,6.763179520294456,7.049143
2023-04-24,5.15,4.86,30.43342857142857,1.7329669283090325,5.787261884434312,8.358702611512474,6.228197759805723,8.80773
2023-04-25,4.25,5.15,29.366675324675324,1.4764576999841985,5.507612544090723,7.732005232196547,6.930766802783621,8.725815
2023-04-26,4.0,4.25,27.93651948051948,1.442823175731526,5.657488914869024,10.710793175146044,5.744634104434883,9.569291
2023-04-27,3.92,4.0,26.63164935064935,0.7116016059095429,5.417969208143961,10.53265143880322,5.675094171645275,9.353815
2023-04-28,4.25,3.92,25.01287012987013,0.45921084439719095,4.887928871487087,10.421580618279839,5.737771180007716,9.187767
2023-04-29,4.0,4.25,24.070844155844156,0.8593822531083468,4.540978465751536,8.351828799225379,6.417825166827611,10.47009
2023-04-30,3.92,4.0,23.58290909090909,1.7370161583624721,5.247131835046267,8.907743633972979,7.795572249693955,8.8489895
2023-05-01,3.92,3.92,23.028311688311685,1.994902779819217,4.738708396998125,5.017016208463765,7.643377680383661,8.690587
2023-05-02,3.92,3.92,21.982077922077924,1.9553806710587693,4.345510560459303,4.673396591578303,7.382547142898815,8.47695
2023-05-03,3.92,3.92,21.444155844155848,2.5719945633858643,4.344340793926443,4.673396591578303,6.963480136245231,4.602453
2023-05-04,3.5,3.92,20.702662337662336,2.9184733768369817,4.333657443653709,4.673396591578303,6.549411960048972,4.602453
2023-05-05,4.08,3.5,19.8898051948052,15.761094848958164,4.800338582154813,7.490366155976951,3.7190893840241217,5.401637
2023-05-06,4.59,4.08,18.808415584415588,12.60711361120005,4.522606630048582,6.619332399176176,3.0621662448753093,4.07341
2023-05-07,4.25,4.59,17.528532467532468,3.3028864216527474,4.706825837460504,4.675106824124942,3.9137487731880234,4.7513394
2023-05-08,4.25,4.25,16.348207792207795,7.944165796565674,4.860306857283144,5.976007327137522,3.5494556687820116,4.513402
2023-05-09,1.85,4.25,15.820545454545453,7.184301635333483,5.246445865034855,5.314890174314043,3.4319793566079637,4.7501283
2023-05-10,1.85,1.85,15.00248051948052,3.3588461726055954,4.490388901751507,4.72005919266025,5.623155810454865,4.917178
2023-05-11,1.85,1.85,14.296207792207793,2.745078313333437,2.9274668178873084,3.066672200021607,3.16462498738954,2.6736267
2023-05-12,1.85,1.85,13.717389610389612,11.050015531851002,2.693659483342011,5.34916538705822,1.792123187589459,3.8466783
2023-05-13,1.85,1.85,13.16457142857143,25.330045188469224,2.506827277386879,7.8314415405273055,4.9764713118574075,3.3584595
2023-05-14,1.85,1.85,12.644064935064936,11.743611641594605,2.3276255427207664,4.5619245751500035,2.399836334678225,4.6378064
2023-05-15,1.94,1.85,12.272935064935066,-0.3017219138425702,2.055897479054258,2.3080643487777146,2.6520453081673514,2.574923
2023-05-16,1.9,1.94,11.67422077922078,0.9138417835361743,1.9665994958580026,1.8687658740662172,2.7575576517769873,1.8811849
2023-05-17,1.45,1.9,11.3322987012987,3.616593596814546,2.057955053645991,2.1044149367556644,3.4995586772256404,2.18302
2023-05-18,1.13,1.45,10.985753246753248,3.5115587342754964,1.9495378667744883,2.1044149367556644,3.1081321761173775,2.1190543
2023-05-19,1.22,1.13,10.741142857142858,1.9587995879857374,1.5224340297799341,2.1044149367556644,2.848906284323198,1.8857789
2023-05-20,1.18,1.22,10.507636363636363,-0.4489535933470812,1.4076833349415907,1.6864458798098991,4.809676250269279,1.6009561
2023-05-21,1.15,1.18,10.270610389610388,0.4937579476745846,1.4194252831908054,1.7129235498895754,2.7620018019223758,1.6267581
2023-05-22,1.05,1.15,9.921532467532469,0.4061430354258775,1.365295534577293,1.7129235498895754,2.6593937302729915,1.6267581
2023-05-23,1.0,1.05,9.654922077922079,0.3902499742965162,1.3483621459437154,1.7129235498895754,2.6356066906166284,1.6267581
2023-05-24,0.95,1.0,9.525064935064934,0.31428581747940854,1.2389722188376522,1.623082891870959,2.6066027029887944,1.4306524
2023-05-25,0.95,0.95,9.242467532467531,0.3974981866590497,1.1377855497969862,1.623082891870959,2.484304150374516,1.4306524
2023-05-26,0.95,0.95,8.748753246753246,1.04188577624193,1.1311446990113574,1.623082891870959,2.1802032300508145,1.4306524
2023-05-27,0.95,0.95,8.451181818181817,0.6204959221126529,1.1344484958446164,1.623082891870959,2.220942853468175,1.3674935
2023-05-28,1.05,0.95,8.152883116883116,5.430966631913364,1.1659847180913865,1.7479755481239936,1.3077422552829172,1.3509147
2023-05-29,1.05,1.05,7.851441558441558,3.263013678294943,1.2258599685881508,1.6797618106607761,1.714198635757689,1.5514855
2023-05-30,1.05,1.05,7.60925974025974,0.08467874708439638,1.1916362839533168,1.613493084140322,2.065781926510953,1.4381474
2023-05-31,1.05,1.05,7.184454545454545,-0.04505587319494708,1.192704475134993,1.623082891870959,1.765249630720827,1.3372016
2023-06-01,0.95,1.05,6.984948051948052,0.7903716262025107,1.1393078592816228,1.623082891870959,1.9432149732146673,1.3674935
2023-06-02,0.95,0.95,6.815311688311689,0.6821185658226732,1.141603189937985,1.623082891870959,1.8778040995272791,1.3674935
2023-06-03,0.95,0.95,6.6839870129870125,0.6499349924203628,1.118427780611952,1.623082891870959,1.8702188608809478,1.3674935
2023-06-04,0.95,0.95,6.6317012987013,-0.20672608690580319,1.1263372702256857,1.623082891870959,2.0534606271415297,1.3583316
2023-06-05,0.86,0.95,6.545441558441558,0.04739714566949971,1.095881394802765,1.623082891870959,1.936231358782139,1.3674935
2023-06-06,0.86,0.86,6.4506103896103895,0.043295614371999136,1.1043530071402468,1.623082891870959,1.9128038281788107,1.4306524
2023-06-07,0.95,0.86,6.444064935064935,-0.04691255791226823,1.0322707290164332,1.623082891870959,1.9076158021740652,1.4306524
2023-06-08,0.86,0.95,6.228701298701298,-0.0555672829788989,0.9054504292657246,1.623082891870959,1.8706663179964358,1.3542235
2023-06-09,0.86,0.86,5.984051948051948,0.028865629185741426,0.9688093240924985,1.623082891870959,1.8083185028065356,1.2522792
2023-06-10,0.86,0.86,5.711298701298702,-0.027388495007649283,0.9962067766072498,1.623082891870959,1.7752212201134117,1.328708
2023-06-11,0.86,0.86,5.43,-0.11713114704438254,0.8798365454113,1.623082891870959,1.8021371973132494,1.2522792
2023-06-12,0.95,0.86,5.144051948051947,-0.22450823663820785,0.8861263176375425,1.623082891870959,1.9260376781868729,1.2522792
2023-06-13,0.95,0.95,4.865740259740259,-0.2358443238637875,0.902430389614755,1.623082891870959,1.8987170296769489,1.2522792
2023-06-14,0.95,0.95,4.533181818181818,-0.19183273921295196,0.9446108976108207,1.623082891870959,1.8892834852230007,1.2522792
2023-06-15,0.86,0.95,4.348610389610389,-0.18112099720309516,1.1439208325864134,1.623082891870959,1.8750848883516067,1.3674935
2023-06-16,0.86,0.86,4.215233766233767,-0.1963879002481299,1.1755435218984154,1.623082891870959,1.8494011004785442,1.3674935
2023-06-17,0.86,0.86,4.086103896103896,-0.2527209775972814,1.0535355921290601,1.623082891870959,1.8179691457567295,1.328708
2023-06-18,0.95,0.86,3.974857142857143,-0.275141597478882,0.8669696973911512,1.623082891870959,1.7889513610956078,1.2522792
2023-06-19,0.95,0.95,3.9335584415584415,-0.27872998803630367,0.8687521411910404,1.623082891870959,1.7699965029679978,1.2522792
2023-06-20,0.95,0.95,3.8899220779220776,-0.23236991080860037,0.9517888027613121,1.623082891870959,1.7597391860555616,1.2522792
2023-06-21,0.95,0.95,3.8625324675324677,-0.2307473229008501,1.1394480034150731,1.623082891870959,1.7460701813963533,1.328708
2023-06-22,0.77,0.95,3.89825974025974,-0.25165572300255334,1.146267394001317,1.623082891870959,1.7256202800506926,1.328708
2023-06-23,0.82,0.77,3.904233766233766,-0.2683390519601119,1.1532828670634883,1.623082891870959,1.7014912474419188,1.328708
2023-06-24,0.82,0.82,3.904857142857143,-0.39833210494063565,1.0293621458622289,1.623082891870959,1.6596858893948236,1.328708
2023-06-25,0.77,0.82,3.9209870129870126,-0.41772506674309184,0.7387065621854346,1.623082891870959,1.6354646350638318,1.2522792
2023-06-26,0.77,0.77,3.916909090909091,-0.40872330514538646,0.7803436710701093,1.623082891870959,1.6183080926845252,1.2522792
2023-06-27,0.7,0.77,3.9322337662337667,-0.496240750838318,0.7977261452659249,1.623082891870959,1.6359810741342198,1.2522792
2023-06-28,0.6,0.7,3.967571428571428,-0.5254488961699337,0.7466938309951692,1.623082891870959,1.6110309998112453,1.2522792
2023-06-29,0.63,0.6,3.8696233766233767,-0.5873180180418309,0.7458696497487962,1.623082891870959,1.5869097814283886,1.2522792
2023-06-30,0.7,0.63,3.8398831168831173,-0.692520823972405,0.7070587561991717,1.623082891870959,1.5501268375151906,1.2297351
2023-07-01,0.66,0.7,3.726701298701298,-0.7075729582414567,0.7008290480689929,1.623082891870959,1.5268561230246507,1.2297351
2023-07-02,0.7,0.66,3.6454415584415583,-0.6737832376393627,0.7065991649240791,1.623082891870959,1.5181689582363114,1.2522792
2023-07-03,0.77,0.7,3.5158831168831166,-0.7148366784457671,0.7180866166770328,1.623082891870959,1.5047192487557057,1.2522792
2023-07-04,0.77,0.77,3.3862727272727278,-0.7255943655740822,0.7100508880062296,1.623082891870959,1.4948719063208493,1.2522792
2023-07-05,0.77,0.77,3.2351818181818177,-0.696751306849837,0.7251534881663155,1.623082891870959,1.4969294918144227,1.2522792
2023-07-06,0.77,0.77,3.161480519480519,-0.713832647079947,0.7275994314295925,1.623082891870959,1.4921632980802009,1.2522792
2023-07-07,0.77,0.77,3.068623376623376,-0.7382416180587725,0.7392495202209111,1.623082891870959,1.4890191639010923,1.2522792
2023-07-08,0.7,0.77,3.0622467532467534,-0.7556477585348418,0.7413457593254599,1.623082891870959,1.4887031272261506,1.2522792
2023-07-09,0.7,0.7,2.97338961038961,-0.7788703583496925,0.7382551061023609,1.623082891870959,1.4881071875846354,1.2522792
2023-07-10,0.7,0.7,2.9654675324675326,-0.8427395758758465,0.7745150921991768,1.623082891870959,1.4988550577896076,1.2522792
2023-07-11,0.7,0.7,2.9128701298701296,-0.8767441747834859,0.7713834486019203,1.623082891870959,1.5101164979113393,1.2522792
2023-07-12,0.77,0.7,2.8823766233766235,-0.8976163168662268,0.7463766948789252,1.623082891870959,1.523676405432359,1.2522792
2023-07-13,1.47,0.77,2.8921038961038965,-0.9254317499208398,0.7476015734214354,1.623082891870959,1.5389784345120057,1.2522792
2023-07-14,1.34,1.47,2.892649350649351,-0.9088832352487799,0.7526993762713075,1.623082891870959,1.560212761917688,1.2522792
2023-07-15,1.34,1.34,2.898207792207792,-0.5298256907875469,0.8889299728130936,1.623082891870959,1.6020932578265503,1.2995181
2023-07-16,1.61,1.34,2.969350649350649,-0.5367310683571489,1.1796474838623083,1.623082891870959,1.645034183520472,1.328708
2023-07-17,1.47,1.61,2.9106493506493507,-0.49176954637028913,1.1879696674711895,1.623082891870959,1.6050220587489428,1.328708
2023-07-18,1.47,1.47,2.9185714285714286,-0.3994003567553399,1.2996698536874254,1.623082891870959,1.6654969792488798,1.4211049
2023-07-19,1.47,1.47,2.9571558441558436,-0.5507464788931884,1.4344840518362323,1.623082891870959,1.7187155974923658,1.375947
2023-07-20,1.29,1.47,2.95612987012987,-0.6072303479679739,1.4378220063378646,1.623082891870959,1.7197611315951375,1.375947
2023-07-21,1.34,1.29,2.9509090909090907,-0.5495920332047426,1.3708165278930822,1.623082891870959,1.7893947387702742,1.375947
2023-07-22,1.77,1.34,2.9429610389610383,-0.6948083394150721,1.201265138774259,1.623082891870959,1.789391172378973,1.328708
2023-07-23,1.77,1.77,2.8929350649350654,-0.7215737131119724,1.1723412454131041,1.623082891870959,1.7925816710051976,1.328708
2023-07-24,2.03,1.77,2.900337662337662,-0.48168441182319555,1.8327875699622411,1.623082891870959,1.847752295442849,1.6129333
2023-07-25,1.94,2.03,2.9265714285714286,-0.44748222778983404,1.8377746753006687,1.623082891870959,1.8881060621558188,1.6129333
2023-07-26,1.94,1.94,2.906935064935065,-0.3624702621710547,1.9895888711843912,1.623082891870959,1.917854980470644,1.676899
2023-07-27,1.66,1.94,2.9058181818181814,-0.39887560029703906,1.9707238160544063,1.623082891870959,1.946749569439599,1.676899
2023-07-28,1.65,1.66,2.9155584415584412,-0.4583697956150736,1.9848080129922965,1.673498995848979,1.9576692363469275,1.7344097
2023-07-29,2.69,1.65,2.921090909090909,1.3380772979321236,1.5756964112123883,1.673498995848979,1.3998981650400941,1.4377625
2023-07-30,2.75,2.69,2.9075584415584417,6.093220603549295,1.609482563004363,1.76324364944595,0.7508174245912,1.5425544
2023-07-31,3.05,2.75,2.937038961038961,3.3221023661470426,2.8589056318580885,2.2044442596092995,1.3796294713915023,2.221764
2023-08-01,2.64,3.05,2.964441558441558,-0.16541096123376775,2.5719207497343843,2.084809098540436,2.0611987369004785,2.2924619
2023-08-02,2.99,2.64,2.9988181818181823,-0.027902646405379983,2.825640045000568,2.20480526402086,1.891224765465021,2.2421553
2023-08-03,2.87,2.99,3.0154805194805196,0.6667852090438515,2.713260100398946,2.094398906271073,1.952341250359345,2.1471794
2023-08-04,2.12,2.87,3.0578181818181815,1.0912820875493416,2.69589978030878,2.20480526402086,1.8777054088019831,2.2724473
2023-08-05,1.47,2.12,3.140571428571429,0.7128115546048264,2.6320233150293495,2.094398906271073,1.9987447015846422,2.1380177
2023-08-06,1.89,1.47,3.2425714285714284,-0.6527078073208834,2.220895175335686,1.9112961339721755,2.2149092357878377,1.8083854
2023-08-07,1.77,1.89,3.364649350649351,-0.8193116309891835,1.5278100189759416,1.673498995848979,1.973091961730261,1.455876
2023-08-08,1.37,1.77,3.4184155844155844,-0.6369469783643993,1.8436648711151136,1.673498995848979,2.0279103097544326,1.670444
2023-08-09,1.22,1.37,3.4809999999999994,-0.7387974114646774,1.8104826290622258,1.673498995848979,2.0708766700521535,1.644175
2023-08-10,1.11,1.22,3.650454545454545,-1.091759928158723,1.4250947132612364,1.673498995848979,2.026243245141499,1.429607
2023-08-11,1.01,1.11,3.744350649350649,0.6589967115387729,1.3304214339566491,1.673498995848979,1.4628979721817779,1.3677839
2023-08-12,1.01,1.01,3.7734155844155843,3.239885997015463,1.3461244706807662,1.7479755481239936,1.0205334442724858,1.3973721
2023-08-13,1.01,1.01,3.7272727272727275,1.0529193784413309,1.3376444499805464,1.623082891870959,1.4430764458788687,1.2291635
2023-08-14,0.91,1.01,3.662857142857143,1.6627692925734934,1.34050862182549,1.855040226888762,1.1311245459041341,1.3940423
2023-08-15,1.01,0.91,3.5942857142857143,0.1814166911725863,1.2965270591585014,1.623082891870959,1.5035446102300045,1.328708
2023-08-16,1.01,1.01,3.4612337662337667,-1.3912130284748763,1.204161646686709,1.623082891870959,1.942820566100587,1.328708
2023-08-17,1.01,1.01,3.2496493506493507,-1.3747827253078917,1.1389869646213882,1.623082891870959,1.7812150453247646,1.3007922
2023-08-18,1.01,1.01,3.0719610389610392,-1.1481691824226523,1.1799244952692107,1.623082891870959,1.8415722731924875,1.3195461
2023-08-19,1.11,1.01,2.8756753246753246,-1.5962836712617765,1.143960671444108,1.623082891870959,1.9187641184037054,1.3195461
2023-08-20,1.11,1.11,2.7735324675324677,-1.549291255623391,1.0604036030083395,1.623082891870959,1.9227350055784318,1.328708
2023-08-21,1.22,1.11,2.6466103896103896,-1.9510460574129453,1.1615331651397935,1.623082891870959,2.043019852296087,1.3195461
2023-08-22,1.35,1.22,2.5980389610389607,-1.8149488643539726,1.184328425422243,1.623082891870959,2.065463533308537,1.328708
2023-08-23,1.47,1.35,2.5957402597402597,-1.7901095943085465,1.136140279998995,1.623082891870959,2.1067223017814647,1.328708
2023-08-24,1.47,1.47,2.5696753246753246,-1.7345179662480987,1.293035666945699,1.623082891870959,2.150318708304547,1.3674935
2023-08-25,1.47,1.47,2.5841168831168835,-1.691776114193015,1.4260892936565244,1.623082891870959,2.1860682656424193,1.4147325
2023-08-26,1.34,1.47,2.595246753246754,-1.7203325474265583,1.506006197229639,1.623082891870959,2.218784207673098,1.4147325
2023-08-27,1.34,1.34,2.627181818181818,-1.7599752732493563,1.4728736795823982,1.623082891870959,2.245893633810119,1.375947
2023-08-28,1.22,1.34,2.6664545454545454,-1.8826588798416353,1.361138615137848,1.623082891870959,2.281321651108835,1.328708
2023-08-29,1.22,1.22,2.702688311688312,-1.962834296024699,1.3672844520667826,1.623082891870959,2.3690695340690056,1.3674935
2023-08-30,1.22,1.22,2.7422857142857144,-1.755540035165108,1.245567588080695,1.623082891870959,2.288497369657494,1.3674935
2023-08-31,1.22,1.22,2.7909740259740263,-0.2692159460696324,1.2281861642335201,1.623082891870959,1.7908727875778383,1.3311269
2023-09-01,1.11,1.22,2.841922077922078,-1.0158349475806823,1.2380552025555496,1.623082891870959,2.0899729539421688,1.3674935
2023-09-02,1.11,1.11,2.9366623376623373,-2.1788205820733673,1.211117886268642,1.623082891870959,2.4964058860814764,1.3674935
2023-09-03,1.11,1.11,2.974012987012987,-2.3739963349265842,1.1801940065583532,1.623082891870959,2.3855451839974147,1.3674935
2023-09-04,1.11,1.11,3.014116883116883,-2.151265164385375,1.153321794595268,1.623082891870959,2.443329541672312,1.3674935
2023-09-05,1.11,1.11,3.042428571428571,-2.156042438363297,1.1486222843938783,1.623082891870959,2.4612219886857694,1.328708
2023-09-06,1.11,1.11,3.0770909090909093,0.4868731186654962,1.1453439824523712,1.7479755481239936,1.6086201905041413,1.4143752
2023-09-07,1.11,1.11,3.0475335497835494,-0.8840115021111536,1.1561989281634917,1.623082891870959,2.026371126169041,1.3195461
2023-09-08,1.01,1.11,3.034028138528139,-2.583912804744891,1.1404151062349683,1.623082891870959,2.681861347297851,1.328708
2023-09-09,1.01,1.01,2.9886471861471864,-2.6864778243709004,1.1334440483173787,1.623082891870959,2.4338781201535187,1.328708
2023-09-10,1.01,1.01,2.9390097402597406,-2.354474946296719,1.0914063339289681,1.623082891870959,2.565492278145787,1.328708
2023-09-11,0.98,1.01,2.9266612554112554,-2.4316081744045235,1.1131923517884217,1.623082891870959,2.6137642439122377,1.328708
2023-09-12,1.01,0.98,2.872494588744589,-2.4658042041242254,1.1127731456001704,1.623082891870959,2.64757812182875,1.328708
2023-09-13,0.93,1.01,2.8530119047619045,-2.9329908089901267,1.1340250160975662,1.623082891870959,2.81902682644747,1.3195461
2023-09-14,0.91,0.93,2.9026666666666663,-2.821765224774637,1.1032231185598598,1.623082891870959,2.792022329950653,1.328708
2023-09-15,0.91,0.91,2.8912619047619046,-2.9030528179715205,1.1137661695039787,1.623082891870959,2.817878696214221,1.328708
2023-09-16,0.91,0.91,2.8873333333333333,-2.9741569620282142,1.058260719924995,1.623082891870959,2.84028985317766,1.328708
2023-09-17,0.82,0.91,2.937761904761905,-3.010435571054444,0.9626754412355568,1.623082891870959,2.8729044888513195,1.3007922
2023-09-18,0.87,0.82,2.9302023809523807,-2.8969817361985974,0.9597735410304987,1.623082891870959,2.8285857763415776,1.3007922
2023-09-19,0.91,0.87,2.9283690476190474,-2.4515854410092572,0.8921418145561313,1.623082891870959,2.6161311559952813,1.3007922
2023-09-20,0.91,0.91,2.94322619047619,2.9415620342893583,0.811609898477116,1.71282754546793,1.4491852786917039,1.3424869
2023-09-21,0.91,0.91,2.9344761904761905,0.5123324790886556,0.9815385825039629,1.6797618106607761,1.937091007392739,1.4967492
2023-09-22,0.91,0.91,2.9309285714285713,-2.9782643106856597,0.9917257251280295,1.613493084140322,2.9328269549529895,1.4723437
2023-09-23,1.01,0.91,2.9886190476190477,-3.3850428875322542,0.9914350578608301,1.623082891870959,2.725673585421457,1.2705003
2023-09-24,1.01,1.01,3.026928571428571,-2.522691952771705,0.9799214610925217,1.623082891870959,2.751310108966335,1.3007922
2023-09-25,1.22,1.01,3.0527976190476194,-2.5415219027154983,1.0306096482262523,1.623082891870959,2.7959436265845885,1.3007922
2023-09-26,1.22,1.22,3.11772619047619,-2.6802544722633463,1.1139605371299595,1.623082891870959,2.9049041926773325,1.328708
2023-09-27,1.34,1.22,3.135797619047619,-0.059508525166521054,1.1521703821589684,1.7479755481239936,2.0647957017281278,1.3882102
2023-09-28,1.34,1.34,3.1355238095238094,-1.1472481763015772,1.156799453081328,1.623082891870959,2.508675502165334,1.328708
2023-09-29,1.22,1.34,3.164678571428571,-2.9625711119672538,1.271877732072147,1.623082891870959,3.169390465328967,1.328708
2023-09-30,1.11,1.22,3.135428571428571,-2.116159119889513,1.2941212327841307,1.623082891870959,2.7144874135665304,1.328708
2023-10-01,1.22,1.11,3.127904761904762,9.350463842124997,1.372404647831946,2.890545189113598,0.8819116425990352,2.030179
2023-10-02,1.22,1.22,3.1478333333333333,5.47946961581539,1.318300437911261,2.919050624621914,1.639870848716103,1.8431718
2023-10-03,1.34,1.22,3.103595238095238,-2.516657623087916,1.225785984407098,1.613493084140322,2.762358308942503,1.7050676
2023-10-04,1.34,1.34,3.0846428571428572,-4.182204054792912,1.2016098868616607,1.623082891870959,3.208803685748926,1.1546942
2023-10-05,1.34,1.34,3.2144761904761907,-1.6526119542917996,1.3107471155051231,1.623082891870959,2.845484064611703,1.328708
2023-10-06,1.61,1.34,3.3699761904761907,-1.6364332574293172,1.3080961485353757,1.623082891870959,2.971908841345832,1.328708
2023-10-07,1.58,1.61,3.4592261904761905,4.41133701569029,1.5244572424061156,1.71282754546793,1.8113974956674987,1.4189157
2023-10-08,1.61,1.58,3.58027380952381,0.25844297946912675,1.7528212066887996,1.87155420422106,2.482146035699731,1.7991819
2023-10-09,0.91,1.61,3.656166666666667,-2.529937415608135,1.5719528473090678,1.613493084140322,3.2578332154431418,1.5479037
2023-10-10,1.06,0.91,3.748738095238095,-2.718744651747514,1.543783131201127,1.623082891870959,3.038629271804868,1.390813
2023-10-11,0.91,1.06,3.816047619047619,-2.8023528903092014,1.0351374262920743,1.623082891870959,3.2386806215726978,1.328708
2023-10-12,0.91,0.91,3.7870238095238093,-2.532804922910156,0.9861722286328447,1.623082891870959,3.043250882601793,1.3007922
2023-10-13,1.17,0.91,3.750654761904762,-2.204340958146421,0.9673773273373214,1.623082891870959,3.0043184195399326,1.328708
2023-10-14,0.91,1.17,3.736416666666667,-3.270464135113116,0.9168009757301796,1.623082891870959,3.3819726153206116,1.2916303
2023-10-15,0.91,0.91,3.669345238095238,-2.536121032660393,0.9932692738479588,1.623082891870959,3.159479923213834,1.3007922
2023-10-16,0.89,0.91,3.6510595238095243,-2.719112461637522,0.9642408952936136,1.623082891870959,3.1921197607209164,1.328708
2023-10-17,1.47,0.89,3.7143333333333333,-2.4273008117518984,0.9123347975897517,1.623082891870959,3.09552290580011,1.3007922
2023-10-18,1.61,1.47,3.8079523809523814,-0.4563229697167692,0.8906913424222108,1.7479755481239936,2.6993934842860843,1.3694563
2023-10-19,1.69,1.61,3.846940476190476,9.460817734387126,1.8563428714522123,2.890545189113598,1.4852287684769192,1.875378
2023-10-20,2.69,1.69,3.870666666666667,23.572839530009045,2.502992260498121,5.2812291567507375,2.1827633038437644,1.2252557
2023-10-21,4.16,2.69,3.9917023809523804,18.635502627588814,2.50683090257445,5.356734050533278,3.6901443153737015,3.5954926
2023-10-22,5.27,4.16,4.086428571428572,4.568139441841115,3.569464790763485,3.801733838422028,4.18955935744057,3.2229242
2023-10-23,5.7,5.27,4.189916666666667,20.13377537438578,7.604625183646922,6.6942541441540575,5.986751433100408,4.9733887
2023-10-24,9.98,5.7,4.200809523809523,16.048285517705324,8.286442787179038,6.214327714147324,4.1829604569705845,8.924762
2023-10-25,12.1,9.98,4.240738095238095,5.950005264072324,6.969595568443616,4.381167421292191,5.789065273518073,6.2682695
2023-10-26,9.79,12.1,4.342559523809524,5.68592233250563,8.53694330215982,7.8447685521776895,6.380240466900036,7.643687
2023-10-27,7.04,9.79,4.491345238095238,6.63310274600402,9.380290766174664,9.085360193372853,6.142632595672225,8.971833
2023-10-28,5.97,7.04,4.658261904761905,4.231128376972681,8.670926709575044,8.074580008782501,5.719587453420429,8.124912
2023-10-29,4.98,5.97,4.832666666666666,2.6388004820455073,5.752850576191985,5.683221907553903,4.593501930596922,5.929668
2023-10-30,3.81,4.98,4.867511904761905,-0.7558659684138753,5.346124556900691,5.094095613233674,6.008101259190043,5.2330937
2023-10-31,2.94,3.81,4.957392857142857,-0.5617621601092502,4.995412480410247,5.396260196239875,5.198522947927513,5.371123
2023-11-01,2.3,2.94,4.976845238095238,-1.3498394436357373,3.9552690513446125,4.42116125925859,5.205394512407475,4.2369356
2023-11-02,1.96,2.3,5.039035714285714,-2.1920165627646675,3.3233620141509346,3.179893068609187,5.091176628831824,2.9350765
2023-11-03,1.87,1.96,4.904047619047619,-2.6750410393020587,3.5721835155255457,2.924781823874459,4.714872145954423,2.5642493
2023-11-04,1.7,1.87,4.754666666666666,5.678694358793269,2.8227130213454665,3.9132751188132144,2.0869291416330937,3.7095358
2023-11-05,1.56,1.7,4.70934632034632,3.397352877485215,2.5278309785161053,3.329230558760726,2.749220330945621,3.196711
2023-11-06,1.67,1.56,4.909672077922077,-1.0190405362084363,1.8381529826279956,1.7537498461369585,3.5588973504855255,2.3464158
2023-11-07,1.87,1.67,5.036544372294372,-2.707715660351621,1.6363153743707193,1.7633396538675954,3.056641453503711,1.5954207
2023-11-08,1.75,1.87,5.149351731601732,-1.3704726237142744,1.5756420477376702,1.8984686826407797,3.138164680501092,1.7655109
2023-11-09,1.56,1.75,5.227884199134199,8.436518814898507,2.198264648212436,3.0522591959051555,1.9356129309075096,3.3193564
2023-11-10,1.87,1.56,5.722805194805194,27.26724530072988,2.599127776929835,6.908828335121409,5.559801855394306,13.936138
2023-11-11,3.07,1.87,6.031233766233767,26.8837860990726,2.3454846599131653,7.056032160839204,10.0192449215062,19.773554
2023-11-12,3.97,3.07,6.210935064935065,23.794522570336603,3.389904551747857,7.241588221187409,13.539712400404499,5.569018
2023-11-13,4.88,3.97,6.319337662337662,7.235007903708926,8.882276982010335,4.731700512269936,7.641888706089255,3.7196693
2023-11-14,2.35,4.88,6.461285714285714,0.26364372394716185,8.28968589884878,3.488845854793747,6.642296673005534,4.263514
2023-11-15,2.25,2.35,6.52403896103896,5.24875072615237,6.109085016420368,4.169344933088986,6.090390204771756,3.749561
2023-11-16,2.25,2.25,6.755766233766235,4.743743921155733,3.1800309774144746,2.7788416008001544,4.620184537043425,2.772126
2023-11-17,4.13,2.25,6.695402597402597,6.392362286607398,3.0411553400188036,2.049737228972447,5.5164582504579345,2.0377982
2023-11-18,3.8,4.13,6.761311688311688,3.55063438684984,2.4760015726733027,2.735270867966103,3.867991802450168,2.3362248
2023-11-19,3.57,3.8,7.001519480519481,-1.4508955612981467,3.863331163923771,3.1949732909539312,5.842006773354604,3.7972305
2023-11-20,2.95,3.57,7.145129870129871,-0.5554672449710303,4.121626610131361,3.247612951197065,3.8103658440939374,3.2161524
2023-11-21,2.69,2.95,7.206935064935066,-0.3612611043414944,3.7563888572217605,2.6276468548615575,4.09517916974028,3.2824905
2023-11-22,1.79,2.69,7.3103376623376635,-1.7716579009453923,2.9059442521939043,2.20480526402086,5.022212373668317,2.4214392
2023-11-23,1.79,1.79,7.252207792207792,-0.10181001170430548,2.675609258075255,2.2362457187476776,3.8972835247088606,2.333954
2023-11-24,4.9,1.79,7.116103896103896,2.7387146050961277,2.0801191517563367,2.4286021876385098,3.2991310855342193,2.1563864
2023-11-25,3.97,4.9,6.992909090909092,13.626941595262569,2.2986226124333267,3.5802273391483967,2.7069389688969996,2.7958028
2023-11-26,4.69,3.97,6.815961038961039,25.49748534660257,8.460576537827796,8.285192272496163,8.581387641682792,7.000468
2023-11-27,6.21,4.69,6.920376623376623,15.306981204251754,6.104582626448372,7.404473856470697,8.006560396172702,5.4886017
2023-11-28,6.59,6.21,6.958584415584416,5.102561892699452,5.324032667807023,5.94069154040074,7.757333885174179,4.3879576
2023-11-29,7.7,6.59,7.164675324675325,20.806958856816,8.552456288523013,6.849750775990637,10.337099708118743,6.978678
2023-11-30,11.44,7.7,7.338909090909091,31.55653736005644,14.259091617498433,11.444465644398404,15.067152732246905,9.672438
2023-12-01,14.69,11.44,7.475753246753247,26.663181572297283,19.323284215502476,17.456914641331146,17.767450887479445,15.179439
2023-12-02,13.45,14.69,7.666025974025975,12.53560502677316,14.654358666773424,11.663557864434907,12.262031082949441,12.210287
2023-12-03,10.81,13.45,7.703220779220779,12.631805352046499,14.199961547402358,13.948816572830644,11.504544839564653,12.984364
2023-12-04,9.14,10.81,7.541324675324676,22.952582010367436,19.595292629559747,15.358140254697949,12.743404865069405,14.937014
2023-12-05,6.86,9.14,7.634948051948052,18.145337786145813,14.664102928253001,11.6582750355214,11.903805633204568,17.739498
2023-12-06,5.74,6.86,7.84312987012987,7.529841727491828,9.490338263264174,6.742690198813614,9.511185055813641,7.6596074
2023-12-07,5.74,5.74,8.123662337662337,4.61138134253364,6.068777830692238,5.094095613233674,8.606673587800211,5.4601245
2023-12-08,5.62,5.74,9.334571428571428,14.797965342129011,6.90316281945331,6.726353271684896,7.048408693231401,6.761751
2023-12-09,6.21,5.62,10.971675324675326,11.540131251164869,12.79146868012066,8.096752537419812,7.32100506370085,10.906288
2023-12-10,6.47,6.21,12.738038961038963,7.537506132735853,6.918673484541239,7.082024597717958,8.32451311189568,9.428491
2023-12-11,7.56,6.47,14.642922077922078,26.873540045593206,14.070294625582651,9.117112894891811,13.895837482348863,7.455251
2023-12-12,16.44,7.56,16.927597402597403,26.675907272342986,11.77498381548109,11.305502467702858,16.114549110125242,18.000639
2023-12-13,29.2,16.44,18.91975324675325,31.27624859267891,18.126125241515396,14.638969522025908,25.554028109242694,19.52676
2023-12-14,20.56,29.2,20.739688311688308,37.34846347685904,38.20522253755191,31.673058449347955,31.281593546002384,38.373158
2023-12-15,17.79,20.56,21.81544155844156,32.54154356742348,38.371232086706584,36.75807725807988,30.69587854238271,34.365158
2023-12-16,19.9,17.79,23.24183116883117,29.008308951945363,30.288682681170854,20.764622144844523,30.188759157683908,21.352156
2023-12-17,23.44,19.9,24.834844155844156,31.24646241917948,41.179012786781044,28.788654171207035,28.673950655338512,29.4067
2023-12-18,38.66,23.44,25.790675324675323,27.519138794094523,33.99418245127852,28.361642785900315,25.354715771545617,33.09593
2023-12-19,25.8,38.66,26.31596103896104,34.21650226656922,39.497289802329135,39.636627059910865,31.555762120744344,42.01711
2023-12-20,7.87,25.8,27.220467532467534,32.50503851117402,38.87377988244005,35.146246533105106,28.198005964223555,41.827457
2023-12-21,6.47,7.87,28.536597402597405,19.347407828487473,19.267034543781723,22.354217201093395,17.601970325662993,20.55659
2023-12-22,9.14,6.47,29.870181818181816,5.418823427931823,6.679266261597713,8.562203980707384,9.987277103632193,12.80794
2023-12-23,6.99,9.14,30.92874025974026,3.188369932019757,5.381489491917401,6.069561650651755,7.031912545712105,6.5000286
2023-12-24,5.51,6.99,32.69215584415584,4.966197088696536,8.20164443128153,7.85067667728031,6.897281688068345,7.9122734
2023-12-25,3.48,5.51,34.679155844155844,3.5004264279437045,5.756721356418645,5.867425192638111,5.7250527614436155,7.421274
2023-12-26,3.14,3.48,38.04425974025974,0.45476977029020205,5.690638825974522,6.242664674991077,6.237983628228564,8.241419
2023-12-27,3.2,3.14,40.55345454545454,12.120870243758398,6.792078828393357,6.605027755546788,6.570847227662916,5.8421097
2023-12-28,34.03,3.2,41.95966233766234,17.752250749415005,5.917362429470526,10.27398321319878,8.690324361585192,8.695095
2023-12-29,46.94,34.03,43.901987012987014,18.154745852484172,6.437564388294089,11.080674560719842,12.24700287233293,8.629323
2023-12-30,45.76,46.94,43.41175324675324,36.007358961107954,39.52815076588913,40.31170964669431,30.108350445289272,43.81666
2023-12-31,69.42,45.76,42.25423376623377,48.29611821760942,48.126201276013944,48.265587028295045,47.66290988294011,47.361668
2024-01-01,72.97,69.42,41.82953246753247,42.47967698593412,46.371067754551774,50.19078902820329,47.868212473288935,43.886234
2024-01-02,99.0,72.97,41.37588311688312,63.12935005273438,90.91148764951112,90.13474164585273,73.03880304457134,87.879585
2024-01-03,123.23,99.0,44.27735064935065,66.84231417949104,78.59938586929856,83.18275782351141,72.51480576362265,74.781334
2024-01-04,125.49,123.23,45.889142857142865,86.5278488465567,102.64005612705031,112.20023424735427,99.75179873184025,102.840965
2024-01-05,104.91,125.49,48.17648051948051,101.75005667042612,95.15346751554286,105.21369932794158,103.0356981958828,99.59799
2024-01-06,65.87,104.91,51.463298701298704,95.033526018786,78.0557212592052,76.48894850853604,82.4215340786978,73.531746
2024-01-07,39.84,65.87,52.21175324675325,75.48030611725095,64.46047212522365,66.68539302091936,57.57518954563609,56.31017
2024-01-08,19.9,39.84,53.795428571428566,51.37204996567401,40.84865524213961,42.6357453485715,39.50140261314844,38.09903
2024-01-09,14.97,19.9,54.31618181818182,30.18755520561568,29.044552239072715,31.572891011782687,22.4237076286069,28.244976
2024-01-10,10.81,14.97,52.30696103896104,16.714472147755533,18.07425089740741,24.020928397658686,15.58051234959419,46.818855
2024-01-11,8.01,10.81,51.27964935064934,10.050524351682522,13.310241994347821,19.793148387084837,11.687153191273346,9.551706
2024-01-12,6.86,8.01,53.356064935064936,6.8331579954185955,12.818936297208317,26.56576206814357,10.002857141548066,7.9512415
2024-01-13,6.21,6.86,54.2902987012987,3.8726505528253554,8.361476262110193,16.107752818492298,9.691898187520929,6.9537373
2024-01-14,5.29,6.21,56.91432467532468,9.050097060265024,7.449774442354446,19.79968881231715,12.997527890227662,10.673239
2024-01-15,5.74,5.29,58.443935064935076,15.95807067223249,9.501118540631701,22.234148600361152,15.356978576499369,10.127528
2024-01-16,5.85,5.74,60.08120779220779,5.442138481346781,14.214252598163021,24.58024084112359,9.859931259596705,13.550088
2024-01-17,5.29,5.85,60.66393506493506,-2.0487778702612616,6.2674080375421735,21.866617411829704,6.85524067500385,9.5397835
2024-01-18,4.22,5.29,60.73661038961039,-1.3031386898431485,5.76777245042464,17.742359020062636,5.731981958103231,2.8462446
2024-01-19,3.0,4.22,60.60044155844156,6.541827836345316,6.757649956211522,16.70515202726614,5.070275348006938,3.29171
2024-01-20,3.2,3.0,59.25283116883117,7.232728639279674,5.549632057519364,8.729013255101389,4.479921662171496,5.9490724
2024-01-21,2.94,3.2,57.84179220779221,-0.3368940634435731,4.444017769206562,4.628517016908805,3.6117710649637016,4.7937274
2024-01-22,1.95,2.94,56.63976623376624,-2.144573696202542,4.022580268087419,6.342501244213093,3.5286858848705043,3.705383
2024-01-23,4.32,1.95,55.72896103896103,7.191746638459051,3.5676204388642185,8.332936463706234,2.2845642194947833,5.188454
2024-01-24,8.32,4.32,56.570649350649354,23.360908847856706,3.7359017200806552,13.43913934767317,11.586631371875644,8.047535
2024-01-25,23.08,8.32,58.41980519480519,35.43133665158105,19.994301314397845,17.066646503807174,26.296010479524245,16.379816
2024-01-26,15.24,23.08,59.406688311688306,28.510238708732942,23.135831634389284,19.10133528248686,26.906346078204308,19.366186
2024-01-27,14.75,15.24,61.42925974025974,24.463859066424455,32.49671320409192,30.57162758913305,28.835827280564146,29.669611
2024-01-28,16.31,14.75,62.04196103896103,20.74748529327006,32.28451248404722,25.65053522354468,23.265818628003355,29.526573
2024-01-29,29.4,16.31,63.202363636363636,20.268592094675853,31.676416666064334,28.096420000396634,17.684047028808326,25.517717
2024-01-30,51.84,29.4,64.91315584415584,31.39113955093828,35.17857646998652,27.768259122174477,25.262902778307982,29.739204
2024-01-31,67.42,51.84,66.68776623376623,34.03656535833684,33.484828769502336,40.89005674842502,27.354910452003377,37.456757
2024-02-01,37.45,67.42,65.90568831168831,38.00101927498571,39.89758197206165,38.268051237989134,31.799035750853626,42.000122
2024-02-02,33.75,37.45,64.56711688311688,48.31985900921225,54.28761515461088,53.589867512112335,39.08104173282686,51.33376
2024-02-03,29.53,33.75,64.85937662337663,36.18697651519268,34.07309169208477,36.9463136695225,37.70153821591765,34.50698
2024-02-04,25.1,29.53,65.69200000000001,27.29848593858944,33.785376108781975,29.82665038181768,29.003764920776714,33.103027
2024-02-05,26.61,25.1,66.2415974025974,27.264592198879534,26.68951310036125,22.88299164328272,26.71537536371311,24.5476
2024-02-06,22.83,26.61,65.8191038961039,36.86201789416239,31.194556832887287,31.614836959656365,40.764697250784536,30.947807
2024-02-07,22.28,22.83,66.86319480519481,47.438227575039704,50.80894359987741,44.671074762394575,53.96925762017629,47.334602
2024-02-08,20.72,22.28,69.79996103896103,37.05114601649835,35.62985903408097,33.31996071741815,45.29472013615422,40.66379
2024-02-09,18.78,20.72,71.48606493506495,26.671153127767592,31.35913947387769,30.317166592224634,32.88638440002443,34.494316
2024-02-10,15.72,18.78,70.25912987012987,26.87677888473139,30.85496108305636,28.839601330898194,30.941056565002615,36.82549
2024-02-11,15.52,15.72,70.07398701298702,28.130285147967893,29.898492356974383,30.380744279603334,29.942665941095125,31.69103
2024-02-12,21.76,15.52,70.06738961038961,22.269682659291114,22.289575485875684,26.454607772539124,23.45338533442882,27.964394
2024-02-13,30.98,21.76,71.93533766233766,31.430866568430265,25.36535648395919,23.082118733618184,32.84158952163623,24.165411
2024-02-14,48.66,30.98,73.21754545454544,44.64690490538498,46.45817018586763,35.49972401018657,48.268017565231304,40.9118
2024-02-15,55.49,48.66,72.55453246753247,37.58097106016076,38.27923342303405,39.84551972560173,40.47085141209894,48.45032
2024-02-16,32.69,55.49,74.78203896103896,42.62928364005566,46.959297241280645,49.31483370099836,46.80153491329544,62.302094
2024-02-17,34.51,32.69,79.49712987012988,60.78178163015779,78.06769201401943,67.53489128838025,74.65176408842991,75.57057
2024-02-18,74.38,34.51,81.60616883116883,50.383185697717224,54.62379120769873,63.69452494892444,66.93356632121548,69.72477
2024-02-19,89.29,74.38,85.3315974025974,71.93093990716775,69.34443412213281,80.28781935833562,91.68888649885965,88.23132
2024-02-20,85.31,89.29,86.90855844155844,89.04404097692415,114.83069194425434,103.86851669496387,110.65645575625116,120.42103
2024-02-21,61.46,85.31,86.50314285714285,76.7879270188014,58.389197668099335,70.37495782807908,82.20462125893387,72.30407
2024-02-22,34.91,61.46,89.81733766233766,64.13606966195863,46.69441849398871,59.62854698356434,66.77932865332812,42.32027
2024-02-23,31.58,34.91,91.14087012987014,54.706333720478625,43.92962340020559,71.42747490741706,53.71759472751317,55.86521
2024-02-24,30.19,31.58,91.94775324675324,54.84395408365269,46.85622077406297,61.988478347566975,79.09562469689816,58.879642
2024-02-25,32.29,30.19,94.93881818181818,65.81366968108463,68.51954051417667,89.7729587766568,87.8781546496043,93.98223
2024-02-26,81.34,32.29,94.28292207792208,49.45592689119259,45.664776179527486,54.80390056294754,62.35857080879258,54.019325
2024-02-27,90.28,81.34,94.43466233766233,36.38187948336274,40.735758589870755,49.07612963599429,44.94838291831846,41.0155
2024-02-28,124.63,90.28,94.93672727272727,72.99475287915672,110.26509903366399,104.79532608894374,80.56392353757757,115.751175
2024-02-29,152.86,124.63,93.78933766233766,102.83495009564797,128.8336273892405,137.88486029639998,125.43197223381499,152.14749
2024-03-01,95.25,152.86,91.45841558441558,106.58099774744014,87.44567770566728,101.24068439122593,115.93035883016844,94.59512
2024-03-02,102.21,95.25,90.48897402597403,118.73850729817829,131.80834059943447,125.97087510732257,115.82642887519101,104.62519
2024-03-03,70.4,102.21,88.17024675324674,80.22315582823597,61.07144482409744,60.124974367721144,80.05070893585467,65.02159
2024-03-04,115.11,70.4,86.81092207792209,79.33299057165834,95.39492773635187,80.96460193227364,75.9379539287688,86.72335
2024-03-05,120.66,115.11,85.0003116883117,81.69869443611742,104.05610208145801,104.5292335110552,98.14922765978194,109.22707
2024-03-06,126.61,120.66,82.21502597402596,110.73711142083806,129.70945143180066,128.3623124478039,126.48650092177728,131.16081
2024-03-07,140.4,126.61,78.52905194805194,111.62351478613212,90.94135255646447,91.08126940625375,109.49940892364995,86.6347
2024-03-08,135.47,140.4,76.64068831168831,124.97956265157666,133.69594073955656,130.33798971630657,150.99720672066206,134.24385
2024-03-09,120.08,135.47,72.350987012987,124.55871097092032,114.05845433341842,119.06256285030882,131.41083283039268,102.11091
2024-03-10,99.23,120.08,68.81442857142856,129.51374936989006,145.6243569979824,121.34852454570864,151.81665129126964,146.11826
2024-03-11,110.15,99.23,65.62911688311688,113.97249967680284,120.4297803630932,118.61372609330871,129.48594857765622,134.01654
2024-03-12,73.38,110.15,62.93357142857143,92.0920120159891,69.54398689938049,75.43864624674754,89.8523140634362,69.05046
2024-03-13,145.32,73.38,61.625454545454545,107.91238390892775,114.52250099780227,117.12285025397084,117.30729152245458,97.499596
2024-03-14,106.18,145.32,62.35463636363636,84.23619179972289,66.37934286828572,72.59685374411276,86.06203563112066,66.649254
2024-03-15,110.16,106.18,62.225545454545454,113.9747228785217,115.93003515622904,100.27860292237844,93.05111641185066,85.20829
2024-03-16,98.23,110.16,61.7939090909091,110.25486362113799,105.9180039237462,92.97617680272417,108.98899668052984,101.013985
2024-03-17,140.68,98.23,61.58311688311688,104.33829251862386,109.17073336894538,99.73170765304019,109.48472744913049,103.41682
2024-03-18,136.92,140.68,60.97151948051948,106.07705299757319,117.70507697421374,120.24317561287215,123.253569137276,127.8224
2024-03-19,138.07,136.92,60.875571428571426,128.62325291248234,160.27568347455204,161.1618656184245,132.52012816559375,154.51382
2024-03-20,89.29,138.07,59.3775974025974,119.26193220164768,85.56924270244649,81.22494451874469,107.30359316513228,94.98958
2024-03-21,92.27,89.29,56.50225974025974,115.57598019073274,110.13335319985397,113.96990479053365,102.4311188255708,111.396286
2024-03-22,72.39,92.27,53.57516883116883,97.59639224668663,96.5283597625725,100.55471131174176,107.01659882040609,97.67834
2024-03-23,64.44,72.39,51.22942857142856,89.23346337557575,76.96166167197474,76.68679885731501,87.68767142309669,72.269066
2024-03-24,36.36,64.44,49.16488311688312,71.54451362167384,67.43168677483827,68.28841899624562,61.93956822675622,68.55297
2024-03-25,33.4,36.36,47.62745454545455,66.06800423903749,70.25252494983734,70.2859943635955,58.91150114431345,67.671616
2024-03-26,50.52,33.4,46.751311688311695,56.005084048470636,40.045160626050944,51.17626277812868,62.18417055244048,44.29446
2024-03-27,69.41,50.52,47.35253246753246,47.99470780489708,41.573730620936715,51.95094600955785,56.29322261357413,47.122364
2024-03-28,34.53,69.41,48.12394805194805,50.74302208954308,45.05152546280837,43.569140231094735,44.94360481658744,39.886074
2024-03-29,35.28,34.53,50.10988311688312,60.2078506091463,65.77896075783728,59.591283900325934,46.8657267587537,61.1766
2024-03-30,50.35,35.28,51.68315584415585,43.10612553158502,37.57905881967281,45.077067196671166,44.35082175835515,38.37515
2024-03-31,52.51,50.35,52.13028571428571,43.89587566485034,38.13370099101896,42.21866324931842,48.1653257984205,40.39591
2024-04-01,52.51,52.51,52.38875324675325,61.31006819467128,66.73246300440381,63.63971813179487,63.33190275491336,60.41426
2024-04-02,36.85,52.51,52.605350649350655,61.37671697705143,66.43682161054376,55.451892788582285,62.763345224406976,51.549423
2024-04-03,48.6,36.85,52.77438961038961,53.15657210102835,49.29617686704282,50.897936962122984,50.38773097706478,48.454144
2024-04-04,66.43,48.6,52.254272727272735,49.76204168879558,40.30455517329581,40.9157257640916,52.658687124363055,41.176464
2024-04-05,57.48,66.43,50.80661038961039,55.58096840718972,48.146417689481524,54.12023302416523,56.479345219712656,47.691746
2024-04-06,35.67,57.48,49.491532467532465,61.95323115188469,58.20352961286302,49.374828158788425,58.13750937326512,54.007706
2024-04-07,36.06,35.67,49.292298701298705,53.69061144874735,45.61946382339715,39.967971093005225,50.4654655898035,42.00926
2024-04-08,47.16,36.06,48.71762337662337,36.74740848254809,33.27414692650445,32.109595053961066,38.7327741762753,34.262028
2024-04-09,36.85,47.16,48.20523376623377,34.70671530265871,32.97788047109994,30.440579576494493,35.65042507311428,32.631298
2024-04-10,30.87,36.85,46.04658441558441,56.13497133326281,46.799038167094565,48.01120486135287,56.26840285653505,46.432846
2024-04-11,68.47,30.87,44.201,73.38315461412584,58.908026586084624,87.11135356780034,81.92363096676696,76.23869
2024-04-12,77.36,68.47,42.370077922077925,47.297632878876655,37.04347111181401,37.17364942255989,52.94490306416466,38.07544
2024-04-13,33.75,77.36,41.175753246753246,51.42467973800804,61.86233839125203,49.87503385881021,43.46508412851035,56.807697
2024-04-14,28.28,33.75,39.82702597402597,61.83263200635044,53.44467105305237,62.98333032876205,51.85863822686492,57.573513
2024-04-15,23.95,28.28,38.822194805194805,36.941513543880895,31.307550995119858,31.94224531231738,38.753781796779755,31.666117
2024-04-16,21.24,23.95,37.05902597402597,26.003803414974335,26.76264821681618,29.024101400151025,26.33526094295392,26.953669
2024-04-17,19.24,21.24,36.274350649350644,23.607440609222763,24.25864169406482,24.03697604175665,20.010658310337394,22.850973
2024-04-18,16.55,19.24,35.53098701298701,17.66098856569958,19.95782299388087,19.895473133111267,20.954612765916973,18.957088
2024-04-19,15.72,16.55,34.79320779220779,18.73453736567744,16.996217167177864,17.5481933679492,18.200471137334997,16.029003
2024-04-20,15.72,15.72,34.13151948051948,17.25943052752199,15.842143207983575,18.080091963534173,17.49535152478173,15.253235
2024-04-21,15.72,15.72,32.95788311688312,16.383734449804066,15.079746932153931,18.263640249670306,16.927302636763073,17.314379
2024-04-22,14.16,15.72,31.58948051948052,15.42071982509177,14.794859330056983,18.036627359114163,15.264029981968116,16.350773
2024-04-23,12.22,14.16,30.43342857142857,15.09546252448169,14.494834931411063,17.34047996085303,14.518638050644906,16.180027
2024-04-24,11.41,12.22,29.366675324675324,13.185721196427545,14.01161732488537,14.758548901934605,12.474239424696023,14.216772
2024-04-25,10.21,11.41,27.93651948051948,10.938966487312607,10.950841601133932,11.486077655988678,11.501539735248624,10.695724
2024-04-26,10.21,10.21,26.63164935064935,10.014607775611116,10.862099160696543,11.986850960446944,10.558091114145542,10.728284
2024-04-27,10.21,10.21,25.01287012987013,9.226339777330796,10.328017256055066,10.512715081766222,10.233452058131768,9.880198
2024-04-28,10.21,10.21,24.070844155844156,8.940460521756764,10.019836478731888,10.512715081766222,10.322551993606032,9.817326
2024-04-29,9.65,10.21,23.58290909090909,14.160791989969132,10.432722354960072,9.90732104246702,10.587955519561572,9.931134
2024-04-30,10.21,9.65,23.028311688311685,12.238910318961945,10.764179615026395,10.27203703150124,10.665109209981463,9.908423
2024-05-01,11.41,10.21,21.982077922077924,10.318389269656546,9.463779692928778,9.462876784959079,10.875401894481612,9.742747
2024-05-02,16.55,11.41,21.444155844155848,14.523273373063152,10.30027517390557,10.194125077358832,7.604077176317462,9.971542
2024-05-03,19.26,16.55,20.702662337662336,17.49510132517557,11.493548224688363,12.102369108398513,9.363825187881215,11.589303
2024-05-04,16.13,19.26,19.8898051948052,16.561996676110205,15.335257222411329,15.14538418213847,11.18499902358801,15.123029
2024-05-05,15.12,16.13,18.808415584415588,16.28396084241892,15.662569049484462,14.900655493103915,12.581401231811466,14.263922
2024-05-06,14.16,15.12,17.528532467532468,13.238137043093108,14.55496162564267,14.900655493103915,12.07731839600335,13.967589
2024-05-07,13.43,14.16,16.348207792207795,12.82289570873997,13.307722155888916,13.202170567231864,11.41014667323819,13.480742
2024-05-08,12.73,13.43,15.820545454545453,11.916778545823421,13.135558789671357,13.202170567231864,10.529103945574803,13.357777
2024-05-09,12.06,12.73,15.00248051948052,10.538736536390026,11.444059064335947,13.346875454216805,10.861132298944561,13.357777
2024-05-10,12.06,12.06,14.296207792207793,9.738174642186326,11.047889033141223,13.346875454216805,10.574904306966303,13.411993
2024-05-11,11.41,12.06,13.717389610389612,9.178623125870418,10.736432506150333,10.946602471370436,11.525950650740427,10.645622
2024-05-12,10.8,11.41,13.16457142857143,8.892350231073824,10.696947471273853,10.946602471370436,13.440528698249372,10.636426
2024-05-13,10.36,10.8,12.644064935064936,9.21169122450605,10.618170062520981,11.183129115183618,13.738447798234942,10.873786
2024-05-14,9.11,10.36,12.272935064935066,14.67535711119053,10.836786191422027,9.488790284323638,10.169337100727454,9.819644
2024-05-15,9.65,9.11,11.67422077922078,12.991186977447805,10.889889215500917,9.999376571314128,9.755729704436067,9.797393
2024-05-16,9.11,9.65,11.3322987012987,16.4550004479062,10.713795610399846,12.265432406762535,8.953908808377482,11.849857
2024-05-17,9.65,9.11,10.985753246753248,21.1684580566067,16.035416477231752,14.472941710461724,7.622362554370271,14.0509205
2024-05-18,9.93,9.65,10.741142857142858,13.176699916945312,11.406234938485047,10.458810427289665,7.66289726746637,12.35747
2024-05-19,10.21,9.93,10.507636363636363,7.8395353948329145,9.132151878544512,9.190216324771967,6.482388898121014,9.942241
2024-05-20,10.21,10.21,10.270610389610388,9.171956394965427,9.357509992569897,9.055101245517662,6.7818033133314986,9.21779
2024-05-21,9.65,10.21,9.921532467532469,9.977632018314223,9.551163633602403,9.055101245517662,8.729038763514126,9.238919
2024-05-22,9.11,9.65,9.654922077922079,10.082657702895862,9.67717396472911,9.055101245517662,8.901045363390214,9.248081
2024-05-23,9.11,9.11,9.525064935064934,8.62671601528527,9.336558216862743,9.055101245517662,8.440446837317445,8.995366
2024-05-24,8.6,9.11,9.242467532467531,7.347321920745092,8.699833109301224,7.895658371847989,8.07891157470924,8.283141
2024-05-25,8.23,8.6,8.748753246753246,7.7543172001006475,8.600014516275161,7.895658371847989,8.185268600868264,8.292303
2024-05-26,7.19,8.23,8.451181818181817,7.456305992887351,8.040312645246482,7.689070352511705,7.820243751235698,7.9026823
2024-05-27,6.36,7.19,8.152883116883116,7.103023320807484,7.695197742496085,7.198002235909136,7.43462933222733,7.286036
2024-05-28,5.89,6.36,7.851441558441558,6.3569108277799735,6.859312019582017,7.198002235909136,6.811282439561083,7.1016607
2024-05-29,4.93,5.89,7.60925974025974,5.546771097054904,5.818634804944146,5.979414316446254,6.208046046778809,6.2497306
2024-05-30,5.44,4.93,7.184454545454545,5.082506977218845,5.396371134336374,5.979414316446254,5.640496682013694,5.973221
2024-05-31,5.61,5.44,6.984948051948052,4.33330680971644,5.045487727048392,5.555985117606491,5.093175890977733,5.6760635
2024-06-01,5.44,5.61,6.815311688311689,4.388635148196645,4.9051650865840175,5.087542257388166,5.000314197832759,5.303494
2024-06-02,4.93,5.44,6.6839870129870125,4.545639343101858,5.09455923277719,4.992400946366548,5.3308925881305775,5.5561514
2024-06-03,4.93,4.93,6.6317012987013,4.3373055791757125,5.162224476206006,5.538875967079985,5.293669790746317,5.7705154
2024-06-04,3.66,4.93,6.545441558441558,3.933495601629808,5.042667255076168,5.333742106684733,4.854582144975657,5.493322
2024-06-05,4.32,3.66,6.4506103896103895,3.8188156291981414,4.8197387956193545,5.087542257388166,4.593224013410251,5.0896134
2024-06-06,5.8,4.32,6.444064935064935,2.960068061374816,4.002914469370041,4.248497952091499,4.050883756280417,4.2373877
2024-06-07,5.98,5.8,6.228701298701298,3.1287145686310076,4.241314103349421,4.456988540203776,3.89382275753819,4.5737643
2024-06-08,6.36,5.98,5.984051948051948,4.234018612562885,4.814284081375384,4.746201097069981,4.2171568833775055,5.075723
2024-06-09,5.35,6.36,5.711298701298702,4.49196595444786,5.322990532593687,5.062405777988614,4.36573572150453,5.489627
2024-06-10,3.28,5.35,5.43,4.588365489489362,5.6919555473224355,5.403746938306799,4.358564164020248,5.627747
2024-06-11,2.58,3.28,5.144051948051947,4.013945456776863,5.370819970018121,5.403746938306799,4.1494846146191,5.640678
2024-06-12,2.84,2.58,4.865740259740259,2.438267895451059,3.8330186716903274,3.9185161033724976,3.3926341758935195,3.7352684
2024-06-13,2.84,2.84,4.533181818181818,1.6751914004813315,3.394559201771921,3.6970389250993283,2.9857434855999596,3.1947145
2024-06-14,2.64,2.84,4.348610389610389,1.857508928426686,2.9236208773775108,3.3556977647811452,2.8886010040884695,3.1537538
2024-06-15,2.45,2.64,4.215233766233767,1.813532606669181,2.930897099873681,3.3556977647811452,2.9540635158571766,3.1537538
2024-06-16,2.45,2.45,4.086103896103896,1.529252050791161,2.8100008763595787,3.1675880837896155,2.9778190786541,2.870925
2024-06-17,2.45,2.45,3.974857142857143,1.285043430377037,2.40218151304302,2.525314847177759,2.8606471053851217,2.5292387
2024-06-18,2.28,2.45,3.9335584415584415,1.193886487624038,2.3405169954611167,2.525314847177759,2.7890572939642957,2.431838
2024-06-19,2.45,2.28,3.8899220779220776,3.1166360943625016,2.38476091144343,2.525314847177759,2.0637777794945222,2.385924
2024-06-20,2.45,2.45,3.8625324675324677,2.7822866526345003,2.2425658840093003,2.525314847177759,2.0531888250838612,2.34758
2024-06-21,2.45,2.45,3.89825974025974,2.0970146800504743,2.3359567042990266,2.525314847177759,2.0858449885149613,2.431838
2024-06-22,2.45,2.45,3.904233766233766,1.3697183715706132,2.367527619572128,2.525314847177759,2.100421928989202,2.431838
2024-06-23,2.45,2.45,3.904857142857143,1.1626018247585108,2.3724137400716816,2.525314847177759,2.2842967696394605,2.431838
2024-06-24,2.41,2.45,3.9209870129870126,1.2371519222902876,2.3843114955596683,2.525314847177759,2.2209358482028927,2.431838
2024-06-25,2.19,2.41,3.916909090909091,1.35713802697542,2.3552104268426204,2.4354741891591423,2.3331400847928516,2.2641022
2024-06-26,2.07,2.19,3.9322337662337667,1.0293635056057013,2.322718849547507,2.4354741891591423,2.294944390689472,2.2549405
2024-06-27,2.27,2.07,3.967571428571428,0.8772925742090223,2.17275711282243,2.2523714168602456,2.212833924490593,2.11432
2024-06-28,2.27,2.27,3.8696233766233767,0.6551196050951269,2.0803585555934028,2.0145742787370478,2.118613647069008,2.0415537
2024-06-29,2.27,2.27,3.8398831168831173,0.7851302456256164,2.117681840214924,1.8639725675052021,2.0950102815384057,1.9746449
2024-06-30,2.27,2.27,3.726701298701298,0.7950762085092684,2.1428169933804484,1.954513828701089,2.0974898577280263,2.0308526
2024-07-01,1.84,2.27,3.6454415584415583,0.7463072082201059,2.1302323255929654,2.0121790237128394,2.070830328919258,2.0958402
2024-07-02,1.5,1.84,3.5158831168831166,0.71810385759753,2.1221793679967296,1.954513828701089,2.044355910900878,2.0308526
2024-07-03,1.41,1.5,3.3862727272727278,0.40436979252095995,1.9085095555975462,1.7208225623159523,1.9369601989288148,1.7723883
2024-07-04,1.66,1.41,3.2351818181818177,0.06725815411281388,1.5614880974595706,1.673498995848979,1.8047956711638546,1.5578204
2024-07-05,1.8,1.66,3.161480519480519,-0.05185434429594693,1.4790259852567826,1.673498995848979,1.7077923798115155,1.4683925
2024-07-06,1.8,1.8,3.068623376623376,0.07314999162539237,1.529081145870922,1.673498995848979,1.71941105405921,1.5542911
2024-07-07,1.8,1.8,3.0622467532467534,0.16894237044281724,1.8215961215907468,2.0145742787370478,1.7710332202091346,1.9513209
2024-07-08,1.53,1.8,2.97338961038961,0.14355345199524905,1.8305651435660335,2.0145742787370478,1.7793033560143616,1.9513209
2024-07-09,1.63,1.53,2.9654675324675326,0.1085131609418184,1.8477372879821952,2.0145742787370478,1.7838776403015304,1.9200794
2024-07-10,1.66,1.63,2.9128701298701296,-0.06585748335283625,1.5383241834577026,1.6663005865998726,1.7610435407412743,1.5341009
2024-07-11,1.8,1.66,2.8823766233766235,-0.044616188245658606,1.52034446938474,1.623082891870959,1.7463704601125671,1.4598904
2024-07-12,1.8,1.8,2.8921038961038965,0.0038397938890852856,1.5294550040678763,1.673498995848979,1.7715728015103747,1.4911321
2024-07-13,1.66,1.8,2.892649350649351,0.06094046780554763,1.8141489449188992,1.673498995848979,1.8063541374160355,1.6829605
2024-07-14,1.66,1.66,2.898207792207792,0.05269826618533813,1.819863622866386,1.673498995848979,1.8317187283399123,1.6829605
2024-07-15,1.66,1.66,2.969350649350649,-0.07420186438116261,1.5453845232577148,1.673498995848979,1.8352308862478264,1.4911321
2024-07-16,1.53,1.66,2.9106493506493507,-0.13293711140685005,1.5541762295145416,1.673498995848979,1.8351452823138366,1.4598904
2024-07-17,0.99,1.53,2.9185714285714286,-0.1440027842205751,1.5669119066632384,1.673498995848979,1.855779144315825,1.4911321
2024-07-18,0.79,0.99,2.9571558441558436,-0.25771340112826024,1.5440775348824372,1.673498995848979,1.8601027738378981,1.4147325
2024-07-19,0.68,0.79,2.95612987012987,-0.683438821655205,1.379067817200216,1.623082891870959,1.8195778272640561,1.3674935
2024-07-20,1.53,0.68,2.9509090909090907,-0.9533789258733414,1.3308194138355756,1.623082891870959,1.7667264757357157,1.3674935
2024-07-21,1.8,1.53,2.9429610389610383,-1.0796790813827464,1.21218190078655,1.623082891870959,1.7434278317661267,1.2910646
2024-07-22,2.27,1.8,2.8929350649350654,-0.5998928132469956,1.338387640294872,1.623082891870959,1.8132496419758233,1.3383036
2024-07-23,2.45,2.27,2.900337662337662,-0.32986506927130677,1.714151797990356,1.623082891870959,1.8988794000625258,1.6517187
2024-07-24,1.73,2.45,2.9265714285714286,-0.12500925257386086,2.088440706282456,1.8135564635271821,1.9512853383070188,1.8539754
2024-07-25,1.53,1.73,2.906935064935065,-0.015562913055291006,2.257277661760837,2.0439828022930526,1.9815005802468422,1.9382337
2024-07-26,1.95,1.53,2.9058181818181814,-0.4844081651074781,1.8851374169797426,1.6704064583379323,1.9491998241207562,1.5516381
2024-07-27,1.95,1.95,2.9155584415584412,-0.7437793074959629,1.6115446204812085,1.673498995848979,1.906307816077125,1.4946615
2024-07-28,1.8,1.95,2.921090909090909,-0.41845888644119,1.8658513904738563,1.673498995848979,1.9913213629284043,1.7469262
2024-07-29,1.8,1.8,2.9075584415584417,0.5597845212513626,1.8669931738449328,1.673498995848979,1.7577869347970672,1.7251438
2024-07-30,1.8,1.8,2.937038961038961,0.03875994798789861,1.8179159866168164,1.673498995848979,1.9168187564030794,1.6829605
2024-07-31,1.21,1.8,2.964441558441558,-0.44215517864811105,1.8247755445936449,1.673498995848979,2.0427159248879008,1.6829605
2024-08-01,1.27,1.21,2.9988181818181823,-0.5654778116932277,1.8236741840423243,1.673498995848979,1.9494169305324318,1.644175
2024-08-02,1.8,1.27,3.0154805194805196,-0.9308683361098886,1.2793868648715143,1.673498995848979,1.9858757123049497,1.3823681
2024-08-03,1.8,1.8,3.0578181818181815,-1.020852377672611,1.30095206102416,1.673498995848979,1.9572450697848,1.328708
2024-08-04,1.8,1.8,3.140571428571429,-0.6375768020461976,1.797063790405551,1.623082891870959,2.042260492259891,1.6129333
2024-08-05,1.8,1.8,3.2425714285714284,-0.7304615601256401,1.81236512750213,1.623082891870959,2.0868879058416074,1.6129333
2024-08-06,1.8,1.8,3.364649350649351,-0.768954772360857,1.8426695248356468,1.623082891870959,2.121303056125789,1.6129333
2024-08-07,1.41,1.8,3.4184155844155844,-0.8242065836727477,1.8426695248356468,1.623082891870959,2.1355915693719107,1.6129333
2024-08-08,1.73,1.41,3.4809999999999994,-0.8676968676159156,1.8606244247609158,1.623082891870959,2.13280795055927,1.6129333
2024-08-09,1.8,1.73,3.650454545454545,-1.1300620040951443,1.5204156557941528,1.623082891870959,2.123302685011816,1.375947
2024-08-10,1.29,1.8,3.744350649350649,-1.0005389256297548,1.8114365504560517,1.673498995848979,2.163479259233655,1.5178255
2024-08-11,1.29,1.29,3.7734155844155843,-0.9083336534503772,1.8233504192690313,1.673498995848979,2.2057558804586486,1.644175
2024-08-12,1.29,1.29,3.7272727272727275,-1.2917695569191707,1.4007147212353002,1.623082891870959,2.1737302643549663,1.328708
2024-08-13,0.62,1.29,3.662857142857143,-1.4288244230185896,1.3488620349975087,1.623082891870959,2.144001689978128,1.328708
2024-08-14,0.62,0.62,3.5942857142857143,-1.429763917083502,1.342987521168293,1.623082891870959,2.152055934241671,1.328708
2024-08-15,0.62,0.62,3.4612337662337667,-1.9327277780908503,1.1132706175037652,1.623082891870959,2.07143816641563,1.306164
2024-08-16,0.62,0.62,3.2496493506493507,-2.0995162194954666,1.025763154497361,1.623082891870959,2.0286445770266854,1.2297351
2024-08-17,0.62,0.62,3.0719610389610392,-2.1009496642674357,1.1837690292476497,1.623082891870959,2.0217263474133813,1.2297351
2024-08-18,0.62,0.62,2.8756753246753246,-2.1700191109496636,1.1504176039060297,1.623082891870959,2.0131437792867746,1.2297351
2024-08-19,0.62,0.62,2.7735324675324677,-2.0689857713941677,1.149863250282747,1.623082891870959,1.972166534651444,1.2297351
2024-08-20,0.62,0.62,2.6466103896103896,-1.8711632445509814,1.1126731993839076,1.623082891870959,1.929250915608613,1.2297351
2024-08-21,1.03,0.62,2.5980389610389607,-2.1406346676285395,1.1603116673969647,1.623082891870959,2.031374816689438,1.2297351
2024-08-22,1.01,1.03,2.5957402597402597,-2.382303705766617,0.8854200874656855,1.623082891870959,2.116457200826517,1.2685206
2024-08-23,1.03,1.01,2.5696753246753246,-2.1655956598362955,0.9291514713773859,1.623082891870959,2.1370946764797965,1.2910646
2024-08-24,1.03,1.03,2.5841168831168835,-2.0989159036447944,1.2176750863522323,1.623082891870959,2.1864324636606614,1.328708
2024-08-25,1.03,1.03,2.595246753246754,-2.162614717532904,1.1638719385720453,1.623082891870959,2.2118239635470376,1.328708
2024-08-26,0.96,1.03,2.627181818181818,-2.2112488758836797,1.1657283710622872,1.623082891870959,2.249123513309843,1.3674935
2024-08-27,0.94,0.96,2.6664545454545454,-2.2785115458912912,1.1577218692130564,1.623082891870959,2.281990940778911,1.3674935
2024-08-28,0.94,0.94,2.702688311688312,-2.3411251170555296,1.1232263469574577,1.623082891870959,2.3201880801025117,1.328708
2024-08-29,0.94,0.94,2.7422857142857144,-2.224673557829277,1.1044693009474293,1.623082891870959,2.3122161940500963,1.328708
2024-08-30,1.14,0.94,2.7909740259740263,-2.1747095878164444,1.1066003889498992,1.623082891870959,2.3092603486049614,1.328708
2024-08-31,1.03,1.14,2.841922077922078,2.0238451159030717,1.119043017526866,1.7479755481239936,1.2536181958090957,1.3973721
2024-09-01,0.76,1.03,2.9366623376623373,0.21431919242777653,1.1684659846168277,1.623082891870959,1.7111718820813158,1.2291635
2024-09-02,0.67,0.76,2.974012987012987,-2.467040864090766,1.088260868316282,1.623082891870959,2.5967544930630675,1.328708
2024-09-03,0.62,0.67,3.014116883116883,-2.56397398950131,0.9548886830941656,1.623082891870959,2.170304118646791,1.328708
2024-09-04,0.73,0.62,3.042428571428571,-1.7415371302594487,0.6976373980418314,1.623082891870959,2.1492813454059014,1.2522792
2024-09-05,0.74,0.73,3.0770909090909093,-2.2103101929951627,0.6567355433116902,1.623082891870959,2.2903014422724364,1.2297351
2024-09-06,0.76,0.74,3.0475335497835494,-1.4105416907151245,0.6466398115158506,1.623082891870959,2.0224354646400076,1.2522792
2024-09-07,0.94,0.76,3.034028138528139,-2.130406210246335,0.6808697647730623,1.623082891870959,2.2049750242685078,1.2431172
2024-09-08,0.76,0.94,2.9886471861471864,-2.669629114513377,0.6936651042104839,1.623082891870959,2.5136494974732226,1.2522792
2024-09-09,0.74,0.76,2.9390097402597406,-2.8413762855249054,0.771534256235944,1.623082891870959,2.504466745244305,1.2522792
2024-09-10,0.76,0.74,2.9266612554112554,-2.8293068224157345,1.0195968791270829,1.623082891870959,2.528602197006317,1.328708
2024-09-11,0.69,0.76,2.872494588744589,-0.19519471330200133,0.6819674970917208,1.7479755481239936,1.700012055523899,1.3209432
2024-09-12,0.69,0.69,2.8530119047619045,0.22861090527689854,0.7105692697431675,1.623082891870959,1.710729207924993,1.2522792
2024-09-13,0.69,0.69,2.9026666666666663,-2.34127193345644,0.6841789092004162,1.623082891870959,2.4269035734402427,1.2522792
2024-09-14,0.72,0.69,2.8912619047619046,-3.410694189414418,0.6795573159142535,1.623082891870959,2.5458449479028435,1.2522792
2024-09-15,0.94,0.72,2.8873333333333333,-3.0125530302631205,0.6844844899554127,1.623082891870959,2.513678943460038,1.2522792
2024-09-16,0.96,0.94,2.937761904761905,-2.1782872734239866,0.7258317951185238,1.623082891870959,2.3847903040666396,1.2522792
2024-09-17,0.94,0.96,2.9302023809523807,-1.87314114304737,0.7615049156045346,1.623082891870959,2.3598615797089484,1.2522792
2024-09-18,1.03,0.94,2.9283690476190474,10.05903707732342,1.2791781350994327,2.685937419938356,0.4598963177529313,2.0210173
2024-09-19,0.94,1.03,2.94322619047619,8.304113142957323,1.321611091871433,3.0439432808749496,1.002196039635323,1.8484042
2024-09-20,0.94,0.94,2.9344761904761905,-1.2656169822758585,1.2441631852487625,1.6044122172968505,2.2032207439332163,1.605523
2024-09-21,0.85,0.94,2.9309285714285713,-4.084996376386538,1.1424196812963188,1.623082891870959,2.649259641811345,1.1320113
2024-09-22,0.85,0.85,2.9886190476190477,-2.119476844559472,1.1689496519271454,1.623082891870959,2.481051254519269,1.328708
2024-09-23,0.94,0.85,3.026928571428571,-1.4762205803769284,0.9701688612507401,1.623082891870959,2.3944877463593888,1.328708
2024-09-24,0.94,0.94,3.0527976190476194,-1.0175955516700341,0.831619080587075,1.623082891870959,2.299666798523573,1.2256751
2024-09-25,0.94,0.94,3.11772619047619,-2.6951655080980395,0.9753319817879421,1.623082891870959,3.190234223871577,1.2933546
2024-09-26,1.14,0.94,3.135797619047619,9.982097972974532,1.2494139288587758,2.685937419938356,0.5589687469037237,2.0210173
2024-09-27,0.94,1.14,3.1355238095238094,5.092224072635464,1.2768403649184341,2.919050624621914,1.582746324888983,1.8577557
2024-09-28,0.94,0.94,3.164678571428571,6.07280994313135,1.3370989544877847,3.7386995276980635,1.7752725440477066,3.1700187
2024-09-29,0.62,0.94,3.135428571428571,2.8311336975327315,1.3125525750283384,2.439986915891942,2.2282478162980746,1.7537973
2024-09-30,0.55,0.62,3.127904761904762,1.0861074000828381,1.320384102892816,2.280974985360177,2.060467912407628,1.6990876
2024-10-01,0.49,0.55,3.1478333333333333,-1.3304220155373443,0.9816904932541533,1.623082891870959,2.4186012264929198,1.2758721
2024-10-02,0.49,0.49,3.103595238095238,-1.7237141658199064,0.703997314195501,1.623082891870959,2.5107441500805834,1.2031311
2024-10-03,0.49,0.49,3.0846428571428572,-3.043084991890648,0.6481311553532885,1.623082891870959,2.946092196604423,1.2072915
2024-10-04,0.49,0.49,3.2144761904761907,-1.6451106276501228,0.5962685443177256,1.623082891870959,2.320958906434643,1.2297351
2024-10-05,0.49,0.49,3.3699761904761907,-3.530994491387723,0.6223807877120737,1.623082891870959,3.111031204553218,1.2205732
2024-10-06,0.49,0.49,3.4592261904761905,-3.543898588518381,0.5918420755875646,1.623082891870959,2.753517927658611,1.2297351
2024-10-07,0.54,0.49,3.58027380952381,-3.4542670129420188,0.624675930454214,1.623082891870959,2.674621287666445,1.2205732
2024-10-08,0.51,0.54,3.656166666666667,14.502268586562309,0.7841722561658852,2.634217594395615,0.12139043959318979,1.2226006
2024-10-09,0.49,0.51,3.748738095238095,7.164567495093742,0.8505839296269851,3.140288128510194,2.072166126994747,1.1375052
2024-10-10,0.49,0.49,3.816047619047619,-4.459382756040746,0.7428249322554169,1.6044122172968505,3.8840056996858885,1.5794907
2024-10-11,0.49,0.49,3.7870238095238093,-5.178405033651099,0.7340082482259883,1.623082891870959,3.6751409793114918,0.96525955
2024-10-12,0.49,0.49,3.750654761904762,-1.7756560822938567,0.7368973577900616,1.623082891870959,2.503953527932911,1.2031311
2024-10-13,0.49,0.49,3.736416666666667,-0.5951396580690904,0.7828695120031445,1.623082891870959,2.326860287202598,1.2031311
2024-10-14,1.14,0.49,3.669345238095238,5.297472703484836,0.9144513724628891,1.71282754546793,1.520919124294335,1.2157894
2024-10-15,1.14,1.14,3.6510595238095243,3.91562783672293,0.8498486255415106,2.3358528954088644,2.478451749941264,1.4030048
2024-10-16,1.14,1.14,3.7143333333333333,12.355413286518269,1.349658762327108,3.543172625366293,0.8763818619521451,2.9249208
2024-10-17,1.35,1.14,3.8079523809523814,4.077251930329076,1.574278601656773,2.919050624621914,2.490986194246066,2.1123617
2024-10-18,1.52,1.35,3.846940476190476,-3.6776459483643897,1.3075930352042975,1.6044122172968505,3.4597011604946046,1.5628375
2024-10-19,1.39,1.52,3.870666666666667,-3.3074793168410146,1.3251138141132166,1.623082891870959,3.4147495776295327,1.1320113
2024-10-20,1.14,1.39,3.9917023809523804,-1.145742470438936,1.31292244205034,1.623082891870959,2.8362791587754277,1.375947
2024-10-21,1.14,1.14,4.086428571428572,-2.101606803300406,1.2717557974934008,1.623082891870959,3.1531860393613322,1.366785
2024-10-22,1.14,1.14,4.189916666666667,18.30023359604226,1.5258652420722993,2.995995883109359,0.4106250229644038,0.6111762
2024-10-23,1.14,1.14,4.200809523809523,8.656086966376243,1.490862234351562,3.140288128510194,1.6738059331970918,2.5832691
2024-10-24,1.12,1.14,4.240738095238095,-4.166192997738847,1.1884698966623934,1.6044122172968505,5.6592931934166835,2.0848377
2024-10-25,1.26,1.12,4.342559523809524,1.7138850688528144,1.3546959417786264,1.71282754546793,3.7600993091892696,1.2530061
2024-10-26,0.76,1.26,4.491345238095238,4.522196103909042,1.45924806479901,2.3310717079424386,2.336945068566679,1.8070139
2024-10-27,0.62,0.76,4.658261904761905,2.469627631563082,1.265922922813627,2.280974985360177,2.9055946794454566,1.6743554
2024-10-28,1.14,0.62,4.832666666666666,3.487500971774555,1.0083693517160655,1.7479755481239936,2.5873995521387076,1.4143097
2024-10-29,1.53,1.14,4.867511904761905,4.21747226175183,0.7478922546450807,1.6997807554460886,3.820658758011508,1.1622475
2024-10-30,1.26,1.53,4.957392857142857,10.744087895994376,1.3410508017084082,3.337829599580977,1.5972678028128942,2.3710861
2024-10-31,1.67,1.26,4.976845238095238,3.1496984632506546,1.797233660968842,2.9094608168912774,3.3573850257570688,2.1554167
2024-11-01,2.0,1.67,5.039035714285714,-3.981737594566564,1.280707174073345,1.613493084140322,3.856534396472162,1.5240403
2024-11-02,1.83,2.0,4.904047619047619,-3.0070333305662373,1.4366777737930325,1.623082891870959,3.5374484665580765,1.247091
2024-11-03,1.67,1.83,4.754666666666666,-0.4713241104518957,1.9082756094605156,1.623082891870959,3.085565288287059,1.667737
2024-11-04,0.94,1.67,4.70934632034632,-1.2328161610879995,1.8445912690348976,1.623082891870959,3.2882973486177582,1.6037713
2024-11-05,0.71,0.94,4.909672077922077,0.7817062924724603,1.4967189332334738,1.7479755481239936,2.9464225969168107,1.5068762
2024-11-06,0.93,0.71,5.036544372294372,1.2755239903024638,1.1484636397933592,1.7479755481239936,2.808630209045234,1.397451
2024-11-07,0.78,0.93,5.149351731601732,-2.135390243828361,0.8044808344288167,1.623082891870959,3.2505876949075447,1.2877115
2024-11-08,0.69,0.78,5.227884199134199,-3.4379513894045424,0.8292132186908729,1.623082891870959,3.472420765490535,1.2522792
2024-11-09,0.62,0.69,5.722805194805194,-2.9324391719740994,0.8694608464790593,1.623082891870959,3.2651917980160876,1.328708
2024-11-10,0.62,0.62,6.031233766233767,-3.3579574316125758,0.7182994338279127,1.623082891870959,3.7707220264786385,1.2522792
2024-11-11,0.62,0.62,6.210935064935065,-2.8073279620416045,0.7058052305732723,1.623082891870959,3.4881743076453935,1.2297351
2024-11-12,0.65,0.62,6.319337662337662,5.2256467338268,0.7355867755910046,2.890545189113598,2.381807437652383,1.8837523
2024-11-13,0.74,0.65,6.461285714285714,16.20738004622772,0.9401773083665084,3.7474778069443473,2.0218183420601705,2.5587363
2024-11-14,0.76,0.74,6.52403896103896,11.61807800606992,0.9766027049468987,5.067177296389223,4.056394619983688,4.138267
2024-11-15,1.22,0.76,6.755766233766235,15.064391229219945,1.0387632940217086,4.595632145528811,5.678081819161884,3.5690563
2024-11-16,5.56,1.22,6.695402597402597,17.806958801341416,1.0713837799003996,6.041176745062357,6.3295968801526445,4.396305
2024-11-17,6.21,5.56,6.761311688311688,35.76080578480567,5.1758367800012115,13.401108127789227,18.177538486202828,9.3865595
2024-11-18,7.88,6.21,7.001519480519481,34.339699944882966,17.670937476749558,12.230247405544212,20.07745550071022,13.361778
2024-11-19,6.69,7.88,7.145129870129871,19.53340547236056,18.694294065012603,11.205597976122522,16.174691628466448,18.110197
2024-11-20,5.77,6.69,7.206935064935066,13.155604305243852,17.354809237943552,7.830000011430401,14.966259577921797,9.108055
2024-11-21,5.77,5.77,7.3103376623376635,29.967278910791258,22.32802931753213,11.405055186839302,15.399388291752208,17.441578
2024-11-22,13.77,5.77,7.252207792207792,28.9327627815441,23.809306367281,13.31884707732478,14.984258921446484,20.281683
2024-11-23,28.84,13.77,7.116103896103896,35.491742059610644,25.550245443311773,12.594607339859506,24.228294218962095,16.803417
2024-11-24,19.11,28.84,6.992909090909092,32.291682031708724,46.1317549530845,22.75091058750306,26.969556267925125,37.1763
2024-11-25,17.38,19.11,6.815961038961039,25.370277404229515,32.489016210099116,33.435152111402196,19.632045629086196,27.324846
2024-11-26,15.3,17.38,6.920376623376623,13.893880834670979,13.899550005912847,14.769013785845445,13.4116513046315,20.800545
2024-11-27,11.17,15.3,6.958584415584416,25.941112587127733,23.236908362918967,18.559810251841704,16.79357783571761,12.910556
2024-11-28,11.75,11.17,7.164675324675325,22.592480926086672,20.57907249333886,17.123198906162703,16.35989410846052,17.858313
2024-11-29,11.75,11.75,7.338909090909091,27.003778693424405,18.894377183544396,13.014886253372593,18.29068406561409,10.391524
2024-11-30,24.77,11.75,7.475753246753247,26.91024957377238,24.981497307957955,15.531382833361656,21.77545600496768,20.70101
2024-12-01,23.71,24.77,7.666025974025975,32.469896672910856,24.067079021555852,23.01173627508438,26.771477402609914,24.673523
2024-12-02,21.34,23.71,7.703220779220779,31.296649872445094,35.41124214044411,35.51143519020308,25.0858363487769,44.80379
2024-12-03,19.7,21.34,7.541324675324676,20.595444551733642,23.256740331665295,25.400129879527096,19.670091631645175,31.868797
2024-12-04,15.8,19.7,7.634948051948052,13.702739647626883,16.41530642360777,19.646548453187147,14.243371077790268,22.29464
2024-12-05,13.89,15.8,7.84312987012987,24.162079755539626,18.92504477252917,23.97588618608537,18.832327247097272,21.799688
2024-12-06,10.62,13.89,8.123662337662337,25.52737728450962,25.7417503337875,32.21527574334336,19.77756099967612,33.314808
2024-12-07,8.92,10.62,9.334571428571428,29.55934346923728,26.98291624930009,33.44415775793317,23.763673577605612,43.29684
2024-12-08,45.35,8.92,10.971675324675326,33.96029210266938,25.54831391267775,28.04893407873257,29.584065777494416,40.12126
2024-12-09,40.58,45.35,12.738038961038963,24.627608700852715,22.04486195280515,24.74625934351121,22.447703005921337,35.3119
2024-12-10,23.73,40.58,14.642922077922078,33.640954122935625,46.07607723610837,44.5759176839463,29.167821310264845,59.95856
2024-12-11,19.11,23.73,16.927597402597403,32.25142436756317,28.327783733229424,29.730279477552166,27.51187470441877,42.22582
2024-12-12,21.06,19.11,18.91975324675325,20.5424546732819,19.23446226596531,27.52725076977165,19.64250175494242,35.166805
2024-12-13,28.88,21.06,20.739688311688308,18.348338768253257,17.469763961203874,16.86817199548462,17.078790031854826,17.957867
2024-12-14,22.28,28.88,21.81544155844156,18.592005016868583,18.000451625120096,18.583475483457914,15.740675733954156,22.072777
2024-12-15,17.38,22.28,23.24183116883117,20.9845955076197,21.95963884558603,21.422084210501307,16.220634132492346,26.169476
2024-12-16,16.31,17.38,24.834844155844156,17.116205142226967,18.303611508230624,20.344029055599943,12.334234611458488,18.211216
2024-12-17,15.3,16.31,25.790675324675323,16.47109728854213,18.035340462910845,15.561010232147263,14.963361039921711,15.099887
2024-12-18,12.78,15.3,26.31596103896104,26.228968623524754,21.89921660927173,18.174836492560278,20.76304995382875,17.672426
2024-12-19,15.4,12.78,27.220467532467534,28.49132834737353,24.974805284576775,22.66584355474153,24.21109935804076,23.6273
2024-12-20,18.54,15.4,28.536597402597405,19.338653266575623,19.503619362087605,21.082780306905306,18.754594049052795,22.50176
2024-12-21,17.38,18.54,29.870181818181816,15.694091862607218,17.447525622203084,16.324492968323128,16.02464459988823,17.594858
2024-12-22,15.3,17.38,30.92874025974026,24.292024711685816,22.595982640967282,18.55755224093844,20.48835757191036,17.936544
2024-12-23,15.3,15.3,32.69215584415584,20.807465854576026,18.362176484392347,21.31497606197572,16.832471055795143,18.915575
2024-12-24,14.34,15.3,34.679155844155844,12.197559221284966,14.002228866982048,14.104873675375567,14.13134557831183,14.627413
2024-12-25,11.75,14.34,38.04425974025974,10.307496817181077,12.832948778700688,13.189238235198541,12.587581312739985,12.917992
2024-12-26,8.92,11.75,40.55345454545454,10.297842414722062,12.812550666514886,13.189238235198541,12.86732631246693,13.253789
2024-12-27,8.31,8.92,41.95966233766234,10.22680409194824,11.544174123215514,10.788965252352172,11.507355947411426,11.177246
2024-12-28,7.74,8.31,43.901987012987014,17.035796612725377,11.826402312647435,10.216611724712688,12.1516641658996,9.894402
2024-12-29,7.74,7.74,43.41175324675324,16.637142285118163,11.675076635254078,12.853123161915539,12.176895438403335,14.298624
2024-12-30,7.74,7.74,42.25423376623377,15.258053980837268,9.912352603942043,12.18394399204977,12.8388519984806,19.063583
