date,y_true,persistence,climatology,Ridge,RandomForest,GradientBoosting,MLP,XGBoost
2022-01-04,62.75,10.51,52.30696103896104,27.258871822872745,20.655061474377536,36.873994401569796,32.04709411279215,19.360682
2022-01-05,94.3,9.31,51.27964935064934,26.974230257894874,17.989928087081108,38.616325985068684,34.690142184091556,17.936863
2022-01-06,94.3,8.57,53.35606493506493,32.08298473823445,19.638333151831876,35.52360989195665,41.69694797509207,13.5545435
2022-01-07,100.82,8.57,54.2902987012987,32.60528776405573,19.662042247262754,35.96215616710639,41.02554890870783,19.62599
2022-01-08,117.14,25.77,56.91432467532468,42.42647719770041,29.97786396390331,46.665199403475846,53.38331634883575,36.203857
2022-01-09,113.88,26.85,58.44393506493507,50.211947533174296,47.882668503382966,61.27125095464771,57.50562642880172,56.487663
2022-01-10,160.49,24.68,60.08120779220779,57.05851023767278,63.46913916038567,75.25309712811719,64.38137978477651,78.00306
2022-01-11,170.03,62.75,60.66393506493507,48.72688776854216,87.85748126728603,68.92421446571355,52.33544656273307,78.22506
2022-01-12,94.3,94.3,60.7366103896104,51.54579702411957,68.05681211731377,84.83982435066517,51.15368620047916,82.02547
2022-01-13,133.46,94.3,60.60044155844157,76.72377072442939,81.67960243954506,81.15550318134657,75.03801793477565,78.01858
2022-01-14,146.71,100.82,59.252831168831165,67.62795974313829,73.27821669441526,69.34059252514236,74.51795586964963,72.091156
2022-01-15,179.57,117.14,57.8417922077922,62.53272557206307,90.46526480590579,74.48924531077957,67.52507564835909,75.32973
2022-01-16,165.26,113.88,56.63976623376623,84.77343435048112,108.41309690537057,91.62153177568209,96.16945168221929,103.35811
2022-01-17,180.1,160.49,55.72896103896104,88.5917950000979,113.48522672843052,87.985458358255,100.45988951279149,95.61522
2022-01-18,166.32,170.03,56.57064935064934,89.79850528565603,110.69660015270378,96.61242861189919,83.22589163627755,126.993515
2022-01-19,200.77,94.3,58.419805194805186,100.9746778563304,118.75705486614812,98.17636257721549,99.16190136197756,115.15013
2022-01-20,181.16,133.46,59.406688311688306,78.67970871343493,93.91701824622879,103.98238815911353,81.88755698969895,99.19821
2022-01-21,167.38,146.71,61.42925974025974,87.82230246902006,103.69132300673202,81.9117673898331,88.25870144654978,75.17976
2022-01-22,116.05,179.57,62.04196103896104,98.9370946726566,100.21950233063986,78.67140651758237,99.37671804900616,73.600586
2022-01-23,117.14,165.26,63.20236363636364,112.90898749207955,90.40460877030921,83.72383635655913,96.67666927001027,76.26992
2022-01-24,179.04,180.1,64.91315584415584,113.91413823009913,102.6515803202255,80.07776844826726,106.88415295189193,84.613205
2022-01-25,200.24,166.32,66.68776623376623,126.87022062179204,106.49026710628263,110.56264260021663,133.71582555566877,108.2303
2022-01-26,238.4,200.77,65.90568831168831,120.18932230767595,101.47417432724386,90.52237729903582,114.10659355795987,88.5855
2022-01-27,233.63,181.16,64.56711688311688,124.31637088243389,97.50828990190368,82.3850516520876,117.2890192561653,91.9425
2022-01-28,207.66,167.38,64.85937662337662,128.58808129375217,127.3915142947476,123.82628873839427,133.21791844910962,113.81713
2022-01-29,132.37,116.05,65.692,135.33017827987265,149.41856736694598,143.9132009032085,145.93987479339293,131.82736
2022-01-30,88.86,117.14,66.2415974025974,124.41972470805956,126.02044279245791,138.68324284438077,134.58028329911272,128.696
2022-01-31,87.77,179.04,65.8191038961039,119.38897445580005,115.65804060793735,144.97040091865958,126.74092297008625,126.47933
2022-02-01,100.82,200.24,66.86319480519481,141.29702519985008,133.55712572413302,94.78399080627061,141.44864677228844,118.34226
2022-02-02,82.33,238.4,69.79996103896104,134.1740771254449,143.7708930841773,106.38454801328426,119.06151288771908,122.61699
2022-02-03,79.07,233.63,71.48606493506495,154.44943720219953,161.58078450406956,124.8238406666277,146.63326646416854,146.77777
2022-02-04,61.66,207.66,70.25912987012987,154.1845277152537,157.9121903468476,119.12512714364627,130.56107256048398,138.111
2022-02-05,45.35,132.37,70.07398701298702,142.39308037924602,149.6196838271272,102.47155005479293,114.36162000736749,122.74096
2022-02-06,38.82,88.86,70.06738961038961,113.9563094571051,142.97172344638972,96.39267775482523,95.12242377065662,108.12119
2022-02-07,58.4,87.77,71.93533766233767,101.93894045407268,89.10975218461141,102.9066050702674,90.00132489783842,99.08369
2022-02-08,72.54,100.82,73.21754545454544,99.09582789317452,82.84512473021559,87.45273568549283,82.87357984178209,85.00093
2022-02-09,69.28,82.33,72.55453246753247,103.29800404593243,100.84041947160564,116.08632920872012,90.16741120135686,100.80702
2022-02-10,72.54,79.07,74.78203896103896,89.65885947164423,84.28824116700446,83.46125242576069,77.65246517473086,83.943535
2022-02-11,62.75,61.66,79.49712987012988,85.67182040632667,100.00274073672745,105.54860185557679,82.44886355519326,105.64139
2022-02-12,50.79,45.35,81.60616883116883,85.2158323834754,106.95514521408143,116.92315046486361,96.72550888612473,110.376236
2022-02-13,39.91,38.82,85.33159740259741,79.45780483811386,104.41479396631132,109.31790087739752,90.48583244029895,108.98754
2022-02-14,37.73,58.4,86.90855844155844,70.8100870276285,86.9441919997866,114.47377760864012,84.52233958279258,114.6522
2022-02-15,74.72,72.54,86.50314285714286,74.47551153267739,116.38020288927719,118.69185675369403,86.16045081018903,143.39293
2022-02-16,70.37,69.28,89.81733766233766,80.30990031995839,113.41786367351007,145.4139951095799,90.34375639393453,144.75296
2022-02-17,68.19,72.54,91.14087012987014,76.94820982318716,109.834710047756,153.2269247766555,90.05362477378985,147.33661
2022-02-18,58.4,62.75,91.94775324675325,76.33243353065782,110.14420948864294,124.5966283244747,87.9213412337128,151.98941
2022-02-19,72.54,50.79,94.93881818181818,70.95275407300463,125.12225075750389,150.6478326661582,88.65684031979872,161.93259
2022-02-20,76.89,39.91,94.28292207792208,65.80748808142147,121.08255799516813,143.14521103413725,84.6167956909435,144.97029
2022-02-21,59.49,37.73,94.43466233766233,63.252961125997814,103.55832336204314,136.45356075707582,79.9090679903089,130.36902
2022-02-22,45.35,74.72,94.93672727272727,53.77439891854844,84.0338569777256,94.96106761806996,66.58503716103439,111.05225
2022-02-23,38.82,70.37,93.78933766233766,65.53727224855223,117.40130001223362,139.51376556806804,74.42676312991496,139.85464
2022-02-24,38.82,68.19,91.45841558441558,70.44960684838037,109.67257232506867,137.7775307428809,82.14002803857147,141.94447
2022-02-25,67.1,58.4,90.48897402597402,72.67165846648022,111.04373243076405,137.9327985391218,90.3712897974549,152.62408
2022-02-26,72.54,72.54,88.17024675324676,58.33624395211221,102.84276540574696,147.29975495167267,68.7737897928772,142.18047
2022-02-27,51.87,76.89,86.81092207792209,57.674333594321354,92.20278348891458,149.24027817260898,63.18819822249306,127.02319
2022-02-28,42.08,59.49,85.00031168831167,70.55095495389082,86.8739941663665,134.07158961261902,80.87529609787826,119.91538
2022-03-01,35.56,45.35,82.21502597402596,59.50183433559952,68.9502520652502,88.63240894118758,76.68273907589713,82.93425
2022-03-02,33.38,38.82,78.52905194805194,53.65359827409383,69.32814543224589,87.78812342756136,69.92086821846387,88.59583
2022-03-03,27.94,38.82,76.64068831168831,60.09211471941703,63.98568988750543,77.34401820843553,70.23840438653437,75.872
2022-03-04,35.56,67.1,72.35098701298702,81.7024633643751,64.93748244114119,110.9356888762683,99.0556788604744,88.41395
2022-03-05,37.73,72.54,68.81442857142856,79.79573894725026,59.46192468754089,84.65113185575399,88.6752348527731,53.400593
2022-03-06,66.02,51.87,65.62911688311688,72.54007888977577,55.15602872004898,69.90339630023766,72.69844440602343,55.491417
2022-03-07,50.79,42.08,62.933571428571426,59.00363740912761,60.36888877558672,58.8649369018088,58.37242357044212,57.857887
2022-03-08,52.96,35.56,61.625454545454545,56.62545186602937,52.49920369608338,59.091099163903664,65.17791777791689,62.29231
2022-03-09,75.81,33.38,62.35463636363637,63.06835830769152,57.355770168233896,54.731352480504995,70.76952373367452,52.968647
2022-03-10,61.66,27.94,62.225545454545454,68.35113183409567,62.98183549933456,57.75474412315914,76.2385455661156,58.661743
2022-03-11,37.73,35.56,61.7939090909091,66.70423195665491,72.11397428950102,54.53894133552552,74.5067450995708,58.120247
2022-03-12,48.61,37.73,61.58311688311689,70.2921367273377,73.46830540154534,79.39305533273581,71.6256136259672,69.52602
2022-03-13,57.31,66.02,60.971519480519476,60.52129532255011,64.95150883709204,77.36620243133284,57.3734964420737,73.12421
2022-03-14,60.58,50.79,60.87557142857143,68.494924254372,55.11656271047254,76.38627289920304,61.32697487027929,52.999027
2022-03-15,64.93,52.96,59.3775974025974,71.67424111317113,59.12297548119899,63.509990698678656,66.15938941833748,53.649834
2022-03-16,59.49,75.81,56.50225974025974,60.87475344153288,53.830553362127546,65.39331165113391,57.39307009427055,54.501198
2022-03-17,72.54,61.66,53.575168831168824,62.081764425137706,54.16974265267108,77.92994457968484,53.93430003631016,40.859108
2022-03-18,50.79,37.73,51.22942857142857,66.92056388272906,67.12540295979747,77.31789622288494,62.619822944664314,53.09401
2022-03-19,47.52,48.61,49.16488311688311,54.27954371091758,55.0454393410328,57.72647632042328,51.92596524011813,41.793743
2022-03-20,39.91,57.31,47.62745454545455,59.75710372907812,70.78296955196983,76.6844937517614,64.96575391782054,69.966934
2022-03-21,37.73,60.58,46.75131168831168,56.79249622897462,60.29692154724379,81.13565497786152,54.36819387543498,72.51037
2022-03-22,64.93,64.93,47.35253246753247,55.996475906494126,65.79393031885913,63.142882002418474,51.3320139304836,69.11934
2022-03-23,52.96,59.49,48.123948051948055,63.95951583384969,69.77889065917574,80.22134223214465,70.9039816367685,75.107704
2022-03-24,32.29,72.54,50.10988311688312,59.67099522777438,75.66243065429175,80.6116037477807,67.52667277076961,71.76289
2022-03-25,29.03,50.79,51.68315584415585,70.64059431720506,72.6590282801438,82.2821900561221,75.95062602709427,61.90591
2022-03-26,35.56,47.52,52.13028571428572,56.13185788113257,57.011030635789986,59.38230265923717,61.23984385028165,67.02323
2022-03-27,42.08,39.91,52.38875324675325,61.907985208566096,69.46374404633647,70.90583030475794,68.18644592752476,76.62599
2022-03-28,55.14,37.73,52.605350649350655,52.767247691638346,58.20842843225409,69.28502743665913,53.86777060008936,59.86111
2022-03-29,101.91,64.93,52.77438961038961,48.55033872892143,49.85281020224277,57.199161783036885,48.53567778585288,53.231525
2022-03-30,52.96,52.96,52.25427272727273,55.09292519213993,64.87775283733133,55.94481275514564,45.10547343460223,56.53799
2022-03-31,57.31,32.29,50.80661038961039,55.52640814756404,62.918756828874784,57.635594771450336,55.07462047270549,57.427975
2022-04-01,73.63,29.03,49.491532467532465,54.62177454468204,49.61357807620347,62.201176285719505,55.0065628288475,56.595108
2022-04-02,76.89,35.56,49.2922987012987,47.77429847747605,42.37707625301287,50.105737677087674,46.905015617755666,50.452854
2022-04-03,88.86,42.08,48.71762337662337,50.25231830932948,40.15372144157069,45.8661282169237,42.58453290314082,40.124
2022-04-04,66.02,55.14,48.20523376623377,48.49961343862119,43.324447156415154,47.94537004144669,37.14669352211526,45.92914
2022-04-05,57.31,101.91,46.046584415584405,49.720723463767925,49.40400737977383,52.15742830588847,42.07378206368848,52.754665
2022-04-06,55.14,52.96,44.201,68.75551038976369,76.23083913778906,75.12183338853309,54.865843441163975,72.82617
2022-04-07,48.61,57.31,42.37007792207792,56.02903799344699,44.510118442410985,51.453527416825075,45.454576538045295,42.50975
2022-04-08,46.43,73.63,41.175753246753246,54.037357879615186,43.93473429726246,54.27672304016386,45.46992986071842,47.733646
2022-04-09,46.43,76.89,39.82702597402597,84.18576880430714,49.13641815123629,94.70568717851899,77.17547872427912,78.38795
2022-04-10,46.43,88.86,38.822194805194805,66.10766045880064,49.67828803804774,58.50912134798375,54.851603757304986,47.64455
2022-04-11,41.0,66.02,37.05902597402597,60.715560680774445,55.334774746290215,54.592453976136866,51.034366001437704,51.837273
2022-04-12,37.73,57.31,36.274350649350644,54.28786438687604,52.84344817617377,48.458997909042424,48.06811145652166,45.905678
2022-04-13,29.03,55.14,35.53098701298701,51.86295256855655,45.10410872099913,49.136281197202074,37.07780610030564,50.72893
2022-04-14,29.03,48.61,34.79320779220779,49.322019994640755,42.19969593218344,38.85094447341472,35.82505150740157,39.77944
2022-04-15,29.03,46.43,34.13151948051948,48.07556029457366,41.60866278160031,35.747591172225114,33.660873531236504,37.51276
2022-04-16,24.68,46.43,32.95788311688312,45.9590414078704,40.2062362670823,31.44335708794686,31.78358486506942,40.02626
2022-04-17,24.68,46.43,31.58948051948052,41.18686905292418,37.07775443733631,30.337658403620757,28.930541951396258,30.503899
2022-04-18,24.68,41.0,30.43342857142857,42.25279526939269,36.73639742148675,32.4636930790637,29.319832211518225,34.06853
2022-04-19,24.68,37.73,29.366675324675324,42.288702620188545,34.37703981230995,32.63241662482303,30.708795104965418,31.768988
2022-04-20,22.5,29.03,27.93651948051948,38.040912377153084,26.464273303782115,30.66569516339515,26.947362113134233,26.285055
2022-04-21,18.41,29.03,26.63164935064935,34.09475072549377,25.24128021600887,23.219705934397915,22.001270383114402,26.332146
2022-04-22,17.78,29.03,25.01287012987013,32.664316847261645,23.93021661030831,21.40748376782658,19.252934754231994,24.026304
2022-04-23,11.38,24.68,24.070844155844156,32.63809664022206,24.53038831022262,22.32059086736197,18.4737707457122,22.35184
2022-04-24,15.97,24.68,23.58290909090909,29.155055073299767,23.27656165986174,19.310682792650827,15.726781000827026,20.97241
2022-04-25,15.97,24.68,23.028311688311685,26.817436766830003,21.741235304243574,14.906898827167,14.878713218274724,21.01621
2022-04-26,15.97,24.68,21.982077922077924,25.110253770628198,20.73387609272923,13.251741279720612,15.15345459997501,17.866781
2022-04-27,15.97,22.5,21.444155844155848,24.177145110581186,19.236752427952343,13.251741279720612,15.743658586210254,17.260752
2022-04-28,15.4,18.41,20.702662337662336,24.372842753618073,17.542906138680724,15.000674768004185,15.106899368956993,15.07369
2022-04-29,14.44,17.78,19.8898051948052,21.026926544702256,14.892485056411292,11.920319223544686,12.980039799557494,15.706745
2022-04-30,12.77,11.38,18.808415584415588,18.258942775645956,13.792240709194518,11.920319223544686,12.209221794552473,14.822342
2022-05-01,13.78,15.97,17.528532467532468,15.352428466666858,12.885902645644267,9.841894926104345,10.334950972269638,11.57586
2022-05-02,12.77,15.97,16.348207792207795,15.576976256028878,11.641610496438398,11.818407340939553,10.38221893406133,12.168025
2022-05-03,13.08,15.97,15.820545454545453,15.350087030057342,11.342869110864397,11.720814138135367,10.354117385259967,11.777497
2022-05-04,13.08,15.97,15.00248051948052,15.07738539956107,11.811550569098504,12.852429671830174,10.866305377895879,11.600713
2022-05-05,12.16,15.4,14.296207792207793,17.614091505309972,11.921777875221593,14.36137379497674,7.131553114773887,12.342441
2022-05-06,12.16,14.44,13.717389610389612,14.499387335921819,12.299085822915215,12.852429671830174,12.719840878531523,12.233168
2022-05-07,9.94,12.77,13.16457142857143,13.621688580764726,13.662315399982514,10.449721984597305,12.253205252056128,11.322804
2022-05-08,10.5,13.78,12.644064935064936,13.687764285536812,10.786513298147643,12.378856402831529,10.586501540816606,12.204764
2022-05-09,10.5,12.77,12.272935064935066,13.615029213370702,12.001913597321588,9.008544260670023,13.475541218342082,8.265723
2022-05-10,9.94,13.08,11.67422077922078,14.115323817825624,10.936185258674138,9.008544260670023,12.264429206219132,6.638732
2022-05-11,9.75,13.08,11.3322987012987,13.208111916184915,10.403937013095952,9.008544260670023,16.382391666984287,6.8872795
2022-05-12,9.05,12.16,10.985753246753248,12.630271227335655,10.454186768442804,8.681330131345995,16.380715809286677,6.8872795
2022-05-13,9.05,12.16,10.741142857142858,12.11899459487897,9.768327860820914,8.391779976039665,16.016899169183777,7.0069737
2022-05-14,9.75,9.94,10.507636363636363,11.361409454182766,9.905055727041274,8.391779976039665,15.436553236484928,7.0069737
2022-05-15,9.05,10.5,10.270610389610388,10.552327562550131,8.157261321090706,7.640641792500592,14.406606377607925,6.545652
2022-05-16,9.05,10.5,9.921532467532469,10.463549040489383,8.562539258382621,7.640641792500592,13.777014011590628,6.9127684
2022-05-17,9.05,9.94,9.654922077922079,10.498048313108148,8.49285984157555,7.640641792500592,13.066681037073176,7.1739116
2022-05-18,9.05,9.75,9.525064935064934,10.025993519916685,7.964159716877987,7.640641792500592,12.404044239523676,7.1739116
2022-05-19,8.08,9.05,9.242467532467531,9.696642344804289,7.443112363363968,7.640641792500592,11.6624236037339,7.1739116
2022-05-20,9.05,9.05,8.748753246753246,8.83663257035832,7.397192699356212,7.640641792500592,10.339820877987655,7.1739116
2022-05-21,9.05,9.75,8.451181818181817,8.522647285268048,7.206720888554523,7.640641792500592,9.710531456374236,6.772915
2022-05-22,9.05,9.05,8.152883116883116,8.7103641097601,7.124611603964948,7.640641792500592,9.558428755636145,7.091489
2022-05-23,9.05,9.05,7.851441558441558,8.114437618753737,7.266585943845484,7.640641792500592,8.968517648031561,7.091489
2022-05-24,9.05,9.05,7.60925974025974,7.925559130847084,7.191357732382427,7.640641792500592,8.723998945532648,6.772915
2022-05-25,9.069488372093025,9.05,7.184454545454545,7.819208967433358,7.432969628887584,7.640641792500592,8.3312054889683,6.772915
2022-05-26,9.088976744186049,8.08,6.984948051948052,7.706643454148022,7.471390652622528,7.640641792500592,8.059303650363596,6.772915
2022-05-27,13.24,9.05,6.815311688311689,7.174429898519506,5.985824531734212,7.640641792500592,7.473308933524004,6.807781
2022-05-28,13.7,9.05,6.6839870129870125,7.061240053110257,7.487153553032796,7.640641792500592,7.312406371336078,6.909629
2022-05-29,13.7,9.05,6.6317012987013,6.995693469790236,7.633581205430994,7.640641792500592,7.0846592318996295,6.909629
2022-05-30,14.72,9.05,6.545441558441558,6.470219211497042,7.723784865351053,7.640641792500592,7.01166625339569,6.909629
2022-05-31,14.72,9.05,6.4506103896103895,6.575981904001949,8.019976782095357,7.640641792500592,6.9265299234546065,6.972184
2022-06-01,15.25,9.069488372093025,6.444064935064935,6.443490713630716,8.091756052394505,7.640641792500592,6.80698677511225,6.972184
2022-06-02,13.96,9.088976744186049,6.228701298701298,6.293366635924507,8.122753158841805,7.640641792500592,6.658782437764657,6.972184
2023-01-01,12.99,13.24,52.73523376623377,21.72998061527839,24.10773056480351,27.502286578369183,40.03975255777988,30.29306
2023-01-02,12.75,13.7,54.65419480519481,27.36749188731241,30.516746901947798,31.037532477903923,44.947685581641935,33.71825
2023-01-03,12.08,13.7,52.59325974025973,24.601025919238374,29.81277854466712,26.925149397950754,42.245972932547744,29.507784
2023-01-04,11.23,14.72,52.30696103896104,26.804102762135518,27.219900699146407,30.75664949732936,46.439226274736264,33.062233
2023-01-05,10.24,14.72,51.27964935064934,33.00044311931284,36.08032823098939,36.6175676243967,50.53674201633346,37.482704
2023-01-06,8.84,15.25,53.35606493506493,28.55210346642926,29.464310873757345,30.18960517197829,46.15069068326558,32.35801
2023-01-07,8.17,13.96,54.2902987012987,28.96809664548544,36.1036262080044,36.49577185242047,48.47197564849603,40.76949
2023-01-08,8.17,12.99,56.91432467532468,27.837863452086765,27.693858083141084,29.785635566383565,45.41789933469292,33.6179
2023-01-09,8.17,12.75,58.44393506493507,32.7420794948626,26.68633270404341,31.758260561843144,49.99365240829602,33.95327
2023-01-10,8.17,12.08,60.08120779220779,25.386677774323356,23.288201714785906,25.468514347122067,42.302240356197316,27.824741
2023-01-11,8.17,11.23,60.66393506493507,22.684736779094177,24.391162872076166,23.814235149428036,40.31362989939477,25.662632
2023-01-12,8.81,10.24,60.7366103896104,21.46006185044096,26.47308525460488,23.814235149428036,35.3086945559933,25.131395
2023-01-13,8.81,8.84,60.60044155844157,21.366213254842975,27.004103837731837,22.085898433625463,36.60050454738676,24.018414
2023-01-14,8.81,8.17,59.252831168831165,20.405180820786168,26.61321974420056,22.085898433625463,33.25372995815667,23.503593
2023-01-15,8.17,8.17,57.8417922077922,19.73514565515143,26.23556808190738,22.085898433625463,33.30120197597964,22.202587
2023-01-16,8.17,8.17,56.63976623376623,19.217973133344444,26.004091346510513,22.085898433625463,29.087957933291136,22.536697
2023-01-17,7.57,8.17,55.72896103896104,26.07108194484495,25.190607587684738,26.996992721952324,42.614763812757744,26.722696
2023-01-18,7.14,8.17,56.57064935064934,25.957826521930343,23.269287990000493,26.36282984183188,40.934421229533626,27.100925
2023-01-19,7.57,8.81,58.419805194805186,24.25863931428676,19.703571050806957,24.084340721499455,39.27609947594636,24.679972
2023-01-20,7.57,8.81,59.406688311688306,21.53826602118125,18.41078577407127,21.50507485631302,35.92798794985981,20.947716
2023-01-21,8.81,8.81,61.42925974025974,24.972729188544285,18.511049353714043,25.959438007606614,38.661071039599996,26.003689
2023-01-22,11.86,8.17,62.04196103896104,21.49474188052873,18.089616561801208,21.626094606156983,35.17943949720317,24.261314
2023-01-23,13.23,8.17,63.20236363636364,23.677538223787426,15.661030483741365,25.037321021212133,37.54177936675336,25.419943
2023-01-24,13.7,7.57,64.91315584415584,27.077286034809077,15.54232234204553,25.959438007606614,37.862353940079785,27.035908
2023-01-25,15.25,7.14,66.68776623376623,26.68678658212163,15.294898620835095,25.315411677703064,38.03965727044229,27.748577
2023-01-26,18.48,7.57,65.90568831168831,25.110361505593325,14.490297267981042,24.304530267388856,36.19393756082134,26.39289
2023-01-27,18.81,7.57,64.56711688311688,28.754852772495262,15.065634567903041,25.088811115175066,38.05128638082593,25.86179
2023-01-28,16.94,8.81,64.85937662337662,32.672194877923786,15.750279771383553,25.070665908245605,40.099996268878165,24.249414
2023-01-29,23.45,11.86,65.692,33.2729638945581,16.845781722026853,26.07227697275939,41.24053523283922,26.441097
2023-01-30,49.3,13.23,66.2415974025974,40.65137837763842,23.904802993222493,30.439932469854963,44.758819017352906,28.924868
2023-01-31,68.19,13.7,65.8191038961039,44.74806913282085,29.940124630635783,31.611705685686243,46.079265377659056,28.149015
2023-02-01,65.94,15.25,66.86319480519481,39.16603635945033,37.271260833814445,28.12004051025125,44.16606394870571,45.591255
2023-02-02,63.14,18.48,69.79996103896104,39.443073491281474,53.57456483614704,35.62880495278396,42.32420292474441,53.232933
2023-02-03,85.6,18.81,71.48606493506495,40.34324018438443,54.13585473878383,36.67281885198276,45.33093941513552,51.236744
2023-02-04,88.86,16.94,70.25912987012987,51.71516559150318,60.98363633266655,40.65608560906518,53.82777739732392,59.755627
2023-02-05,68.19,23.45,70.07398701298702,60.0267728667851,102.3429903689522,63.39871648336408,60.171579219492415,86.64222
2023-02-06,50.32,49.3,70.06738961038961,55.07848993914712,104.48580967576981,69.92536330627183,61.38004743018975,88.8785
2023-02-07,46.34,68.19,71.93533766233767,52.48116906701682,70.02778871522156,65.14253791162335,62.950383428487434,74.505745
2023-02-08,40.26,65.94,73.21754545454544,63.99358729946458,66.93016122824415,72.32787876467167,67.67269035938851,85.78489
2023-02-09,38.04,63.14,72.55453246753247,64.02539753604141,64.37275010523854,77.3261406013505,74.11175604470975,66.28521
2023-02-10,31.07,85.6,74.78203896103896,61.856467767450326,67.3848723282445,71.48232759090321,71.01714225530618,80.01238
2023-02-11,25.99,88.86,79.49712987012988,64.64423040173236,69.99386217598689,84.39408808981857,79.61142163436544,81.96203
2023-02-12,26.78,68.19,81.60616883116883,60.91323594860634,68.42544955253433,76.08020296217177,75.7707639924964,76.793106
2023-02-13,21.64,50.32,85.33159740259741,65.72026343756825,75.29950428512137,94.11634683382894,80.34942212896719,96.87992
2023-02-14,17.93,46.34,86.90855844155844,63.044768007506526,75.90037926535751,79.19082107752412,77.26881189601609,100.212395
2023-02-15,17.37,40.26,86.50314285714286,50.02927810501478,61.62838217683886,72.99202941710026,60.11511623043745,94.53294
2023-02-16,15.27,38.04,89.81733766233766,41.35135180603672,62.56235051030164,67.07843768449099,51.235584980854455,73.12635
2023-02-17,14.78,31.07,91.14087012987014,41.05363197937493,70.66310326728535,62.02216999663976,52.43450132595483,74.18808
2023-02-18,13.62,25.99,91.94775324675325,41.391781705497834,80.30104124328754,67.9723475810655,47.46964121189865,77.67715
2023-02-19,12.13,26.78,94.93881818181818,33.89786369151986,40.71709296505256,46.201607106503594,37.32134504454699,54.753773
2023-02-20,11.33,21.64,94.28292207792208,38.03499729269275,74.16650138612788,58.504921451359635,39.346139415060094,63.30879
2023-02-21,10.22,17.93,94.43466233766233,33.257611591251944,30.381237780289037,41.1778900733083,31.1750719827256,53.450863
2023-02-22,8.0,17.37,94.93672727272727,35.23851791848877,77.11253013530263,60.1929784021775,36.65848645799403,70.030304
2023-02-23,6.2,15.27,93.78933766233766,29.371990314851686,25.84245818930276,42.82936413605778,29.324129311772374,42.70053
2023-02-24,4.6,14.78,91.45841558441558,26.607032349101512,27.15835079132418,56.24761391790379,22.402265875902454,28.120096
2023-02-25,4.59,13.62,90.48897402597402,27.835486794226064,35.35653023332346,64.59196950865102,25.702599939817862,35.70051
2023-02-26,4.25,12.13,88.17024675324676,24.34129982666005,28.19136390699725,56.661249509668586,21.84910824581437,38.603825
2023-02-27,3.7,11.33,86.81092207792209,22.22936735317909,24.77708882206923,54.47701704053342,19.77955952945225,28.16241
2023-02-28,3.36,10.22,85.00031168831167,20.6463072828211,20.739497221755496,50.892579359478006,18.86996892509169,18.812042
2023-03-01,3.22,8.0,82.21502597402596,19.54990263832571,13.610499728848408,17.59534370515323,17.673383082851267,2.35018
2023-03-02,3.09,6.2,78.52905194805194,17.527550325562668,7.09773643727132,18.709981062401795,16.381467952719916,17.770294
2023-03-03,6.93,4.6,76.64068831168831,17.342343132194443,6.0048774715944395,14.957121015289655,14.535870246093927,18.337383
2023-03-04,7.45,4.59,72.35098701298702,16.49455175948112,6.191123473684201,15.170056920904475,12.49345197191757,16.845629
2023-03-05,7.18,4.25,68.81442857142856,16.00863434015543,6.881068837247734,15.170056920904475,10.202388206668216,15.49419
2023-03-06,7.18,3.7,65.62911688311688,13.16963680474373,7.890733976102098,8.675300994211298,8.411026135773975,11.449849
2023-03-07,5.55,3.36,62.933571428571426,23.428131145922173,8.638346650494865,11.154411859449642,14.634729771583299,4.9117975
2023-03-08,5.34,3.22,61.625454545454545,19.836138567590833,8.022420612671786,9.722118295197504,11.45473288777183,7.777813
2023-03-09,6.01,3.09,62.35463636363637,21.002754896712617,7.895913095330729,11.694366456776386,12.963406303938013,6.8981495
2023-03-10,9.56,6.93,62.225545454545454,17.9040408640829,7.369446795445126,8.980872100344733,4.826483584718578,10.916665
2023-03-11,14.33,7.45,61.7939090909091,17.221879907913156,6.94623030293425,8.533156528444215,6.703129113946339,10.083584
2023-03-12,51.09,7.18,61.58311688311689,19.225701638461086,7.356590891875509,14.490660915093873,7.680317368904361,17.462597
2023-03-13,61.06,7.18,60.971519480519476,19.556124026591178,7.313803824544628,18.890349140501048,10.591012111874551,27.427414
2023-03-14,54.8,5.55,60.87557142857143,25.442506668383725,7.578352548325016,24.12899313958085,17.819846562907458,31.78369
2023-03-15,75.81,5.34,59.3775974025974,24.074973203435764,7.952516469264046,19.156480092587284,18.100585874490307,28.514309
2023-03-16,76.89,6.01,56.50225974025974,27.580165973355328,8.575504482255626,19.033971238936584,22.296787142677598,27.009449
2023-03-17,53.21,9.56,53.575168831168824,20.608902697558445,9.596144204449956,15.204018415441167,16.764483519825106,26.921804
2023-03-18,79.07,14.33,51.22942857142857,29.51840830991765,9.591502968726012,21.17303624713464,25.017253622544096,24.050549
2023-03-19,67.59,51.09,49.16488311688311,38.60548412311042,39.522708147762145,32.07292134409036,32.05564772639385,38.5344
2023-03-20,131.62,61.06,47.62745454545455,46.469626611859425,42.278444961157405,42.547936975559395,46.704112165298454,38.955116
2023-03-21,139.92,54.8,46.75131168831168,48.107727317554605,45.864610037650735,53.16310689539707,49.55288978391059,43.95945
2023-03-22,137.91,75.81,47.35253246753247,51.88973398749748,44.17785680012484,42.17697647915573,57.12405887445756,38.382385
2023-03-23,131.49,76.89,48.123948051948055,53.20042500782354,51.26683608259401,55.45933424020681,63.15391395074688,61.061707
2023-03-24,93.21,53.21,50.10988311688312,59.02666882683478,51.161200210477276,53.25030737696752,57.577259492871605,58.96231
2023-03-25,62.18,79.07,51.68315584415585,47.775497286741995,41.75272716577705,41.947943825449656,60.51584226699457,53.990456
2023-03-26,53.88,67.59,52.13028571428572,62.99240562187728,68.0677442050482,64.39944986674838,70.81197514586331,80.09687
2023-03-27,46.34,131.62,52.38875324675325,51.47353125483154,63.103384562647435,54.47866029421115,57.41590995652683,77.79983
2023-03-28,39.15,139.92,52.605350649350655,77.76935792415964,108.65209741518605,101.74428393653386,76.55904438686171,115.24524
2023-03-29,34.41,137.91,52.77438961038961,99.0760795074815,119.0272307142053,124.00555863581015,101.10736934542795,127.11398
2023-03-30,27.19,131.49,52.25427272727273,81.74834662653768,107.34026061964542,101.23182564303073,74.87374271031754,103.66261
2023-03-31,24.47,93.21,50.80661038961039,71.89028167619884,101.37128710020207,111.92988543035916,69.41098823122869,107.22693
2023-04-01,23.02,62.18,49.491532467532465,56.27253644768777,68.91440735294238,91.93045133070741,55.551976464253464,72.18761
2023-04-02,33.06,53.88,49.2922987012987,47.35076424381447,59.32031791827378,46.927004965579115,37.78626605151298,47.985207
2023-04-03,46.85,46.34,48.71762337662337,48.011173575760054,57.74609882035742,53.22075062958779,35.40341828359182,43.795376
2023-04-04,29.29,39.15,48.20523376623377,45.89280865708612,59.11829274540426,47.15193935678993,38.824218064202455,42.776646
2023-04-05,23.76,34.41,46.046584415584405,36.846244632279266,49.13737107150796,21.200643202612714,34.39300626743474,45.400097
2023-04-06,19.11,27.19,44.201,28.920984224580618,40.65270790912214,28.658138354533317,22.33461434802997,40.178772
2023-04-07,17.11,24.47,42.37007792207792,25.304213226291985,28.1163728874953,19.292130881533723,21.901644160907967,37.445305
2023-04-08,14.78,23.02,41.175753246753246,29.316109981752863,41.473595099421594,27.0327338753129,23.852182037924965,27.79802
2023-04-09,12.53,33.06,39.82702597402597,37.983963881441674,42.57661983909883,35.66622838443677,36.83633711355213,33.028492
2023-04-10,12.34,46.85,38.822194805194805,32.83370287620448,35.876728418554954,27.129208733974387,28.998369451572866,25.492247
2023-04-11,9.22,29.29,37.05902597402597,32.99313524500422,37.41453232118843,26.87844307819523,25.009692513247973,27.933807
2023-04-12,8.0,23.76,36.274350649350644,25.64143099377857,30.96310915770606,14.327263405701391,18.857559023001485,23.837786
2023-04-13,5.45,19.11,35.53098701298701,24.32237132552263,26.220476910751923,14.209203370875123,14.719322128944563,16.892736
2023-04-14,4.95,17.11,34.79320779220779,20.362261491016834,21.754046992961403,14.050806997119025,9.549157162502192,17.150879
2023-04-15,4.68,14.78,34.13151948051948,20.797662855008788,21.604036661236915,15.056199140246857,10.675111014036272,20.0265
2023-04-16,4.59,12.53,32.95788311688312,17.028799582262934,16.141706165513146,14.771321525997484,8.586846589326584,13.35312
2023-04-17,4.86,12.34,31.58948051948052,13.135853743522325,16.64866132605466,12.350593506307984,3.875738986729178,11.397096
2023-04-18,5.15,9.22,30.43342857142857,13.740102678722597,13.917362886093365,11.366925261191563,-0.6042547482041517,15.881995
2023-04-19,4.25,8.0,29.366675324675324,12.403582928344328,12.322896327119198,9.935179101734878,-1.0824024635304546,15.350859
2023-04-20,4.0,5.45,27.93651948051948,10.44011621656761,11.015470321212934,3.710181763838096,-2.23045709706629,12.673081
2023-04-21,3.92,4.95,26.63164935064935,9.116781727589336,11.934760510377934,4.683040304796777,-4.185678400419077,10.592958
2023-04-22,4.25,4.68,25.01287012987013,7.6124879477199805,11.642492384727468,2.4434316395509095,-4.421364049757866,4.973165
2023-04-23,4.0,4.59,24.070844155844156,4.993332339013843,11.203912831081619,1.4837478048090134,-3.7518586730012906,5.5248694
2023-04-24,3.92,4.86,23.58290909090909,6.360629929200002,10.982153903702375,4.1243074616503845,-4.7122061994069435,5.305755
2023-04-25,3.92,5.15,23.028311688311685,4.271172622179961,7.356784115827505,3.2326812930925723,-5.209131346673977,0.16482694
2023-04-26,3.92,4.25,21.982077922077924,7.654101943060972,6.969520088373499,3.515295032011461,-4.995046448976078,1.2353586
2023-04-27,3.92,4.0,21.444155844155848,7.935761996530825,6.774019390433644,1.9392613644533927,-4.0643577088551615,3.1084845
2023-04-28,3.5,3.92,20.702662337662336,8.16216942109056,6.761205342163124,4.201688947946948,-2.534755886977671,3.184418
2023-04-29,4.08,4.25,19.8898051948052,8.930621492815742,6.065847325826071,5.535624823879675,-1.7145505957073266,4.141167
2023-04-30,4.59,4.0,18.808415584415588,8.374492654275377,6.130471147906735,5.400887203762311,0.2672331993923883,4.6700463
2023-05-01,4.25,3.92,17.528532467532468,7.311020912371458,5.620845788844661,9.233000859309273,2.76135372521182,8.591806
2023-05-02,4.25,3.92,16.348207792207795,6.847258010555393,5.589597336781392,5.05506659397105,2.5469383550613935,4.05871
2023-05-03,1.85,3.92,15.820545454545453,6.938148891989446,5.1300377235188925,5.05506659397105,2.6346955489668833,3.5264096
2023-05-04,1.85,3.92,15.00248051948052,6.581767846180931,4.561025158262057,5.05506659397105,2.81479730643679,4.1574116
2023-05-05,1.85,3.5,14.296207792207793,17.521410369613776,5.138619138675047,10.012375637740208,2.5359241615328387,5.149125
2023-05-06,1.85,4.08,13.717389610389612,11.694116820185586,4.607310840110662,7.155366627810169,1.48117110003572,5.315283
2023-05-07,1.85,4.59,13.16457142857143,6.637287755663618,4.675727455903979,4.942042676560954,2.9780884895814177,4.25023
2023-05-08,1.85,4.25,12.644064935064936,9.926726733490545,4.749811866059477,8.475052689253928,2.8169943800348034,5.063073
2023-05-09,1.94,4.25,12.272935064935066,8.087993441722968,4.217133332291644,5.4893189682054695,1.4337902776314966,5.4515867
2023-05-10,1.9,1.85,11.67422077922078,7.656869473626969,4.201891435852104,4.027148966125941,1.2367233716018107,3.3617227
2023-05-11,1.45,1.85,11.3322987012987,6.28827790302854,2.995464430030429,3.367562566364186,1.8707074420958283,2.086336
2023-05-12,1.13,1.85,10.985753246753248,14.943772335686553,3.2307920769138305,5.676609136409426,3.126407684299798,3.5192404
2023-05-13,1.22,1.85,10.741142857142858,23.86535047255502,3.295763570702149,7.3164550916154525,3.67563251224506,4.1259384
2023-05-14,1.18,1.85,10.507636363636363,10.630809280504455,2.6373110023332367,3.2096776652124186,2.592198387291116,2.452404
2023-05-15,1.15,1.85,10.270610389610388,5.471010649173195,2.5104095912491533,2.465037685707727,4.244122586075329,2.2903986
2023-05-16,1.05,1.94,9.921532467532469,3.5369607464025243,2.440518469807034,2.108069867495866,1.9525645514194987,1.3068464
2023-05-17,1.0,1.9,9.654922077922079,5.765493137252641,2.4995119893757014,2.465037685707727,1.6092954308336238,2.0027356
2023-05-18,0.95,1.45,9.525064935064934,5.4826712550099295,2.5104306471298767,2.465037685707727,1.78853372197704,2.551055
2023-05-19,0.95,1.13,9.242467532467531,5.237426428186751,1.888093693645388,1.8978925504891235,1.508537836403208,1.5067644
2023-05-20,0.95,1.22,8.748753246753246,4.165361805392543,1.8465805589242361,1.8978925504891235,1.321971441474707,0.700287
2023-05-21,0.95,1.18,8.451181818181817,2.341111668074422,1.75631350639468,1.8978925504891235,2.178447581180491,1.450655
2023-05-22,1.05,1.15,8.152883116883116,2.1244105451709103,1.6655486344877815,1.8978925504891235,2.0218500532706667,0.86934406
2023-05-23,1.05,1.05,7.851441558441558,1.874353385788421,1.5498335624163073,1.8978925504891235,2.0615102292973617,0.86934406
2023-05-24,1.05,1.0,7.60925974025974,1.5956564422189459,1.3653712501775521,1.8978925504891235,1.9533598177458713,0.86934406
2023-05-25,1.05,0.95,7.184454545454545,1.5559206343690306,1.3128207174873716,1.8978925504891235,1.8461791697799956,1.6452662
2023-05-26,0.95,0.95,6.984948051948052,1.8956174805041144,1.256100853492128,1.8978925504891235,1.7665510985191042,1.6245844
2023-05-27,0.95,0.95,6.815311688311689,1.2527900643745546,1.2475513006018135,1.8978925504891235,1.7138617147742123,1.6452662
2023-05-28,0.95,0.95,6.6839870129870125,5.518309981884286,1.2787046228662862,3.6693691356227056,1.4753608545316657,2.7571175
2023-05-29,0.95,1.05,6.6317012987013,2.347973536684915,1.3431981260915462,2.332144924723542,1.2038037210800416,1.8007749
2023-05-30,0.86,1.05,6.545441558441558,1.0204020957702298,1.314946661364194,1.8978925504891235,1.4982891852458633,1.7280827
2023-05-31,0.86,1.05,6.4506103896103895,0.26328728215414543,1.3026758458561725,1.92076518757286,1.2338485836079762,1.7571958
2023-06-01,0.95,1.05,6.444064935064935,0.8149862630187812,1.636391644108885,1.9671049996813845,1.209942700890811,1.7078214
2023-06-02,0.86,0.95,6.228701298701298,0.6634373458356464,1.6004776909800684,1.9671049996813845,1.2365899716915254,1.7078214
2023-06-03,0.86,0.95,5.984051948051948,0.43225409238526424,1.6067340106326375,1.9671049996813845,1.190747757463508,1.7078214
2023-06-04,0.86,0.95,5.711298701298702,0.22984661007194518,1.479916335981711,1.9671049996813845,1.3816897464193603,1.6886332
2023-06-05,0.86,0.95,5.43,-0.3559164874218048,1.4505043680516791,1.9671049996813845,1.8618949947864052,1.7078214
2023-06-06,0.95,0.86,5.144051948051947,-0.4393136508133857,1.4450976109958265,1.9671049996813845,1.8180350273874413,1.7078214
2023-06-07,0.95,0.86,4.865740259740259,-0.6362369312060459,1.4107024647518882,1.9671049996813845,2.0997305616143973,1.7078214
2023-06-08,0.95,0.95,4.533181818181818,-0.7266435065963393,1.2892698122874813,1.9671049996813845,2.099125986624944,1.516424
2023-06-09,0.86,0.86,4.348610389610389,-0.891700510364636,1.4237847484867787,1.6946877820080084,2.2090478195287746,1.5194297
2023-06-10,0.86,0.86,4.215233766233767,-1.0480328221625577,1.3627240995569607,1.7681780444026762,2.2185483191484594,1.474833
2023-06-11,0.86,0.86,4.086103896103896,-1.258307518664953,1.3172352697789735,1.7681780444026762,2.5480032079318184,1.4719337
2023-06-12,0.95,0.86,3.974857142857143,-1.5243617889118362,1.2470126149476526,1.7681780444026762,3.163560519498579,1.4719337
2023-06-13,0.95,0.95,3.9335584415584415,-1.641324438846361,1.222216061600519,1.7681780444026762,3.1478417947381234,1.4719337
2023-06-14,0.95,0.95,3.8899220779220776,-1.7264388128484818,1.4149422432582182,1.7681780444026762,3.161211510589081,1.5165304
2023-06-15,0.95,0.95,3.8625324675324677,-1.8188090807832111,1.5808250423931967,1.7681780444026762,3.144465205873922,1.5165304
2023-06-16,0.77,0.86,3.89825974025974,-1.9243971527074883,1.5834484757653735,1.7681780444026762,3.134745678040194,1.5165304
2023-06-17,0.82,0.86,3.904233766233766,-2.072182294661051,1.5095616023121912,1.7681780444026762,3.128457645085154,1.4719337
2023-06-18,0.82,0.86,3.904857142857143,-2.2008860560891677,1.5208077515039087,1.7681780444026762,3.118326550139,1.4719337
2023-06-19,0.77,0.95,3.9209870129870126,-2.3033056596480357,1.517768786591628,1.7681780444026762,3.088200506796768,1.4719337
2023-06-20,0.77,0.95,3.916909090909091,-2.3809268209264367,1.6247203489049835,1.7681780444026762,3.076070647762775,1.5165304
2023-06-21,0.7,0.95,3.9322337662337667,-2.4779229494035526,1.6158623037013948,1.7681780444026762,3.058271431838176,1.5165304
2023-06-22,0.6,0.95,3.967571428571428,-2.5802333016457197,1.6437155357207334,1.7681780444026762,3.046639584921686,1.5165304
2023-06-23,0.63,0.77,3.8696233766233767,-2.6888298828729873,1.6014747981069615,1.7681780444026762,3.026827484163761,1.5165304
2023-06-24,0.7,0.82,3.8398831168831173,-2.8592777563443015,1.399993114452399,1.7681780444026762,2.996322533670692,1.4719337
2023-06-25,0.66,0.82,3.726701298701298,-2.9608559889424733,1.2968691898706524,1.7681780444026762,3.0003831948954898,1.4719337
2023-06-26,0.7,0.77,3.6454415584415583,-3.0530055691849824,1.0333890885498225,1.7681780444026762,2.968200958934703,1.4719337
2023-06-27,0.77,0.77,3.5158831168831166,-3.2097033357665126,1.0186351822799486,1.7681780444026762,3.128056259382958,1.4719337
2023-06-28,0.77,0.7,3.3862727272727278,-3.3037601708486335,0.9073372910711395,1.7681780444026762,3.100330627820863,1.4719337
2023-06-29,0.77,0.6,3.2351818181818177,-3.424368360615585,0.813936928686503,1.7681780444026762,3.0678329989850073,1.4719337
2023-06-30,0.77,0.63,3.161480519480519,-3.5703218895161584,0.6820257745828111,1.7681780444026762,3.0323197426967936,1.4719337
2023-07-01,0.77,0.7,3.068623376623376,-3.6603009579453207,0.6597790511083135,1.7681780444026762,3.0038864907330636,1.4719337
2023-07-02,0.7,0.66,3.0622467532467534,-3.727649282930681,0.6619652408907533,1.7681780444026762,2.9845356853061697,1.416114
2023-07-03,0.7,0.7,2.97338961038961,-3.8203173365895786,0.6805380501624541,1.7681780444026762,2.9616756999393083,1.416114
2023-07-04,0.7,0.77,2.9654675324675326,-3.8926811750773567,0.6715797980680139,1.7681780444026762,2.9462106171468077,1.416114
2023-07-05,0.7,0.77,2.9128701298701296,-3.945669054582929,0.6437602096364688,1.7681780444026762,2.928546700268098,1.416114
2023-07-06,0.77,0.77,2.8823766233766235,-4.023987151922004,0.6748329748499796,1.7681780444026762,2.914469646049834,1.416114
2023-07-07,1.47,0.77,2.8921038961038965,-4.102389363640363,0.6452833618105906,1.7681780444026762,2.899338415712705,1.416114
2023-07-08,1.34,0.77,2.892649350649351,-4.161995330264556,0.6463817782669413,1.7681780444026762,2.876534015319089,1.416114
2023-07-09,1.34,0.7,2.898207792207792,-4.235777838910849,0.6458213550654739,1.7681780444026762,2.859275120414455,1.416114
2023-07-10,1.61,0.7,2.969350649350649,-4.327019741140944,0.6574156764940452,1.7681780444026762,2.8427952643190433,1.416114
2023-07-11,1.47,0.7,2.9106493506493507,-4.395969301359962,0.6857734196874952,1.7681780444026762,2.8327108034972244,1.416114
2023-07-12,1.47,0.7,2.9185714285714286,-4.462527950896877,0.6872431756650738,1.7681780444026762,2.819841141072281,1.416114
2023-07-13,1.47,0.77,2.9571558441558436,-4.522055258988011,0.688488855408576,1.7681780444026762,2.8077430443853415,1.416114
2023-07-14,1.29,1.47,2.95612987012987,-4.551583031442647,0.7050030621818415,1.7681780444026762,2.804213038495022,1.416114
2023-07-15,1.34,1.34,2.9509090909090907,-4.404977360015778,0.7457225482715334,1.7681780444026762,2.827351940008323,1.4607106
2023-07-16,1.77,1.34,2.9429610389610383,-4.4683621607088,0.6886634270316461,1.7681780444026762,2.8268529359341534,1.4607106
2023-07-17,1.77,1.61,2.8929350649350654,-4.394949598882068,0.6445803323007047,1.7681780444026762,2.8655384460660254,1.4607106
2023-07-18,2.03,1.47,2.900337662337662,-4.436172499351631,0.7444510379254085,1.7681780444026762,2.854586568479537,1.4607106
2023-07-19,1.94,1.47,2.9265714285714286,-4.531736321999105,0.7335436689409087,1.7681780444026762,2.8529626116275897,1.5165304
2023-07-20,1.94,1.47,2.906935064935065,-4.586636784046334,0.7506343985773865,1.7681780444026762,2.8602699392692084,1.5165304
2023-07-21,1.66,1.29,2.9058181818181814,-4.571874164124015,0.9067275876913299,1.7681780444026762,2.8614051476770803,1.5165304
2023-07-22,1.65,1.34,2.9155584415584412,-4.669560987153623,0.9702468835408147,1.7681780444026762,2.852459603257505,1.5165304
2023-07-23,2.69,1.77,2.921090909090909,-4.7096817769662565,1.125981563569109,1.7681780444026762,2.8605372150329424,1.5165304
2023-07-24,2.75,1.77,2.9075584415584417,-4.584364964152602,1.5344830480171157,1.7681780444026762,2.861106278370584,1.596599
2023-07-25,3.05,2.03,2.937038961038961,-4.598068650063496,1.5101260206189466,1.7681780444026762,2.891835323440222,1.596599
2023-07-26,2.64,1.94,2.964441558441558,-4.544237535927007,1.5651385823345982,1.7681780444026762,2.9359434930234225,1.596599
2023-07-27,2.99,1.94,2.9988181818181823,-4.5652321322442155,1.5793806549583087,1.7681780444026762,2.9461676926929043,1.596599
2023-07-28,2.87,1.66,3.0154805194805196,-4.553752092718298,1.7115643778973006,1.7681780444026762,2.9761695890406763,1.6455638
2023-07-29,2.12,1.65,3.0578181818181815,-2.941404602767797,1.7396479575514874,1.7681780444026762,3.1745315875715705,1.5066743
2023-07-30,1.47,2.69,3.140571428571429,0.8446687794278169,1.926227179800663,3.1275118562778714,3.331010979363239,2.1675897
2023-07-31,1.89,2.75,3.2425714285714284,-2.319295785667091,2.1512995436686357,2.049061024977239,3.322213876914644,1.8052025
2023-08-01,1.77,3.05,3.364649350649351,-3.9508405876187354,2.0710789202962836,1.7681780444026762,3.0394600787399275,1.7283803
2023-08-02,1.37,2.64,3.4184155844155844,-4.300467135204023,2.4152654092317256,1.7681780444026762,2.9021302621336136,1.6646848
2023-08-03,1.22,2.99,3.4809999999999994,-3.678222589199983,2.1887642762529214,1.7681780444026762,3.110220698800063,1.7923646
2023-08-04,1.11,2.87,3.650454545454545,-3.3083083648894664,2.684477265990319,1.7681780444026762,3.16883267399826,1.8641597
2023-08-05,1.01,2.12,3.744350649350649,-3.427483050918976,2.387356727029772,1.7681780444026762,3.0121956633902935,1.7923646
2023-08-06,1.01,1.47,3.7734155844155843,-3.78770386105969,2.106163995299325,1.7681780444026762,2.8009937991706404,1.7731764
2023-08-07,1.01,1.89,3.7272727272727275,-4.476180494556928,2.207343329211199,1.7681780444026762,2.9824634498012634,1.7122964
2023-08-08,0.91,1.77,3.662857142857143,-4.41562077321834,2.035395021801492,1.7681780444026762,2.9578677060461636,1.8846334
2023-08-09,1.01,1.37,3.5942857142857143,-4.465017146641252,2.0550596938348242,1.7681780444026762,2.952677319565477,1.7923646
2023-08-10,1.01,1.22,3.4612337662337667,-4.626604207549651,2.1512132308657046,1.7681780444026762,2.9589574133717957,1.8045648
2023-08-11,1.01,1.11,3.2496493506493507,-2.971264768560694,2.1052948703130925,1.7681780444026762,3.140350952151127,1.7770177
2023-08-12,1.01,1.01,3.0719610389610392,-1.0940418999190662,2.036093933076545,2.45825810247382,3.153557983461229,1.9192575
2023-08-13,1.11,1.01,2.8756753246753246,-2.9544833059208706,1.842710660943926,1.7681780444026762,3.041851820982553,1.8764813
2023-08-14,1.11,1.01,2.7735324675324677,-1.6167101879477137,1.9138771062011335,2.45825810247382,2.9345897563470955,1.8005441
2023-08-15,1.22,0.91,2.6466103896103896,-3.695788716717402,1.8658325169972232,1.7681780444026762,2.7243535746698493,1.8351403
2023-08-16,1.35,1.01,2.5980389610389607,-4.126614588469597,1.7388668321586036,1.7681780444026762,2.776944628059858,1.7164265
2023-08-17,1.47,1.01,2.5957402597402597,-4.377762686626589,1.7595679837502953,1.7681780444026762,2.6715734307243375,1.7122964
2023-08-18,1.47,1.01,2.5696753246753246,-3.9131506489748347,1.6927485290711755,1.7681780444026762,2.797058545553998,1.6633312
2023-08-19,1.47,1.01,2.5841168831168835,-4.052630841833544,1.6975416520137072,1.7681780444026762,2.6620550699722902,1.6633312
2023-08-20,1.34,1.11,2.595246753246754,-4.369624935763248,1.7914585593081245,1.7681780444026762,2.8043916543731044,1.6633312
2023-08-21,1.34,1.11,2.627181818181818,-4.296317747984702,1.699477928215935,1.7681780444026762,2.6332136917260676,1.6633312
2023-08-22,1.22,1.22,2.6664545454545454,-4.515566020958381,1.704071171545283,1.7681780444026762,2.7822069787905703,1.6633312
2023-08-23,1.22,1.35,2.702688311688312,-4.452215856924713,2.3263878369185895,1.7681780444026762,2.802760322478796,1.6633312
2023-08-24,1.22,1.47,2.7422857142857144,-4.350669539673213,2.2629194224814126,1.7681780444026762,2.810566963612652,1.6633312
2023-08-25,1.22,1.47,2.7909740259740263,-4.269005992893426,2.267151089916342,1.7681780444026762,2.8271507523752955,1.6633312
2023-08-26,1.11,1.47,2.841922077922078,-4.214463255232406,1.890056924045064,1.7681780444026762,2.839107000686625,1.6633312
2023-08-27,1.11,1.34,2.9366623376623373,-4.172910797002125,1.693136285326229,1.7681780444026762,2.8568655067930004,1.6633312
2023-08-28,1.11,1.34,2.974012987012987,-4.173308800441536,1.6987843910651759,1.7681780444026762,2.904539373438757,1.6633312
2023-08-29,1.11,1.22,3.014116883116883,-4.100667432717152,1.6964773887150393,1.7681780444026762,3.0157093076698773,1.6633312
2023-08-30,1.11,1.22,3.042428571428571,-3.7982301163985497,1.9117410451999648,1.7681780444026762,3.0520113916184033,1.7005421
2023-08-31,1.11,1.22,3.0770909090909093,-2.4298122306481176,1.7120317907651477,1.7681780444026762,3.099493724274455,1.6357849
2023-09-01,1.11,1.22,3.078961038961039,-3.2489568397668123,1.5927755176640408,1.7681780444026762,3.0659475904065463,1.7861753
2023-09-02,1.01,1.11,3.101090909090909,-3.678757768200615,1.6461667027647413,1.7681780444026762,3.0131553296945586,1.5206605
2023-09-03,1.01,1.11,3.0892727272727276,-3.8197033271972494,1.7006088918857614,1.7681780444026762,2.96654209877001,1.5165304
2023-09-04,1.01,1.11,3.069155844155844,-3.5687413886656856,2.004651902246586,1.7681780444026762,3.0622113575790086,1.5165304
2023-09-05,0.98,1.11,3.078753246753247,-3.502235690355853,2.1039658801799317,1.7681780444026762,3.078849540035239,1.5165304
2023-09-06,1.01,1.11,3.034207792207792,-1.0122050915167442,2.023802846815356,1.988079230617134,3.2286529133269775,1.4026594
2023-09-07,0.93,1.11,3.014725108225108,-2.463470419687468,2.0116218566776696,1.7681780444026762,3.018176633091229,1.6393745
2023-09-08,0.91,1.11,3.032952380952381,-3.2224582950206297,2.098314233419682,1.7681780444026762,3.1453415708061114,1.5206605
2023-09-09,0.91,1.01,2.9859123376623375,-3.483267292828799,2.12705849612283,1.7681780444026762,2.969020524951175,1.5165304
2023-09-10,0.91,1.01,2.9484209956709955,-3.1098751551030155,2.113058955356056,1.7681780444026762,3.1137829369912517,1.5165304
2023-09-11,0.82,1.01,2.9693290043290044,-3.0729400756605116,2.136898740501063,1.7681780444026762,3.208279781020483,1.5165304
2023-09-12,0.87,0.98,2.939823593073593,-2.9992897725501777,2.086557848547255,1.7681780444026762,3.2369140292582554,1.5165304
2023-09-13,0.91,1.01,2.9283690476190474,-2.9163314475046924,1.9777195710757836,1.7681780444026762,3.0858858178344124,1.5165304
2023-09-14,0.91,0.93,2.94322619047619,-3.0694978620224873,1.9701487331694258,1.7681780444026762,3.295782236570411,1.5165304
2023-09-15,0.91,0.91,2.93447619047619,-2.9991662154680157,2.0036123110915036,1.7681780444026762,3.307824342994953,1.5165304
2023-09-16,0.91,0.91,2.9309285714285713,-2.9287728327560885,1.8737632107785172,1.7681780444026762,3.321405728418014,1.5165304
2023-09-17,1.01,0.91,2.9886190476190477,-2.8387929616914462,1.8672956480495793,1.7681780444026762,3.338300246628166,1.5165304
2023-09-18,1.01,0.82,3.026928571428571,-2.6129298066635727,1.8297518904738215,1.7681780444026762,3.380552287100169,1.5165304
2023-09-19,1.22,0.87,3.052797619047619,-2.1021536458398415,1.782023571701213,1.7681780444026762,3.4590311380944665,1.5091447
2023-09-20,1.22,0.91,3.1177261904761906,2.6605164486079964,1.8260326581359765,3.1275118562778714,4.037649270363831,1.951185
2023-09-21,1.34,0.91,3.135797619047619,-0.3399746565849817,1.9031564044327305,2.049061024977239,3.2960730016815907,1.7092502
2023-09-22,1.34,0.91,3.13552380952381,-1.6004699145022236,1.9473144094763917,1.7681780444026762,3.7432701715886063,1.6365578
2023-09-23,1.22,0.91,3.1646785714285715,-2.325321467592399,1.8878438903879273,1.7681780444026762,3.1140502501494947,1.4706964
2023-09-24,1.11,1.01,3.1354285714285717,-1.4302235164648387,1.8619074462642409,1.7681780444026762,3.4770268145042147,1.5165304
2023-09-25,1.22,1.01,3.1279047619047615,-1.3629059749728363,1.9426488862202225,1.7681780444026762,3.489059833965399,1.5887122
2023-09-26,1.22,1.22,3.1478333333333333,-1.2487021035926382,1.9704098869762152,1.7402809704555942,3.5949217477754085,1.5887122
2023-09-27,1.34,1.22,3.103595238095238,1.8518344545684897,1.927480125543974,2.430361028526738,3.4386651939034425,1.6344157
2023-09-28,1.34,1.34,3.0846428571428572,-0.3815498924535312,1.9021172152960926,1.7402809704555942,3.349716932172909,1.7236047
2023-09-29,1.34,1.34,3.2144761904761903,-0.8089403000750259,1.9003629026041917,1.7402809704555942,3.9589067395298465,1.6421016
2023-09-30,1.61,1.22,3.3699761904761902,-0.349659992140527,1.9559978830858353,1.7402809704555942,3.6930892987971076,1.7349302
2023-10-01,1.58,1.11,3.45922619047619,9.711730336832346,1.8872888205911833,3.7263808633013835,5.187691344368094,2.4514084
2023-10-02,1.61,1.22,3.58027380952381,4.401467283742811,1.84417325837608,2.1436728046808557,3.63058826600156,1.8835742
2023-10-03,0.91,1.22,3.656166666666667,0.6797536462730065,2.0185998251646944,1.7402809704555942,4.217430322272316,1.933842
2023-10-04,1.06,1.34,3.748738095238095,-0.7665037020528978,2.0563619769789794,1.7402809704555942,3.2909973835297928,1.518256
2023-10-05,0.91,1.34,3.8160476190476187,0.8534368073573901,2.0233227700792256,1.7402809704555942,3.5864959081752676,1.6379715
2023-10-06,0.91,1.34,3.7870238095238093,0.9381492894175523,1.9997212357484186,1.7402809704555942,3.693306129772525,1.6007606
2023-10-07,1.17,1.61,3.750654761904762,6.636770728688422,2.109144407776145,3.0996147823307894,4.834721641088394,2.3571928
2023-10-08,0.91,1.58,3.736416666666667,3.2130919263122344,2.1470471576422114,2.021163951030157,2.42002593227686,1.7370808
2023-10-09,0.91,1.61,3.669345238095238,1.5838766144399834,2.1225429840560763,1.7402809704555942,4.231619653415704,1.8177462
2023-10-10,0.89,0.91,3.6510595238095243,0.5859556812001685,2.1354094706420668,1.7402809704555942,3.69088520804593,1.5921376
2023-10-11,1.47,1.06,3.7143333333333333,0.9437798086283244,1.8262821147276898,1.7402809704555942,3.918849059531779,1.6007606
2023-10-12,1.61,0.91,3.8079523809523814,1.432592897222893,1.8959430000508077,1.7402809704555942,3.9729130611377017,1.6379715
2023-10-13,1.69,0.91,3.846940476190476,1.621975244621023,1.7386200497696769,1.7402809704555942,3.9185388251251907,1.6379715
2023-10-14,2.69,1.17,3.870666666666667,1.8449670734818895,1.6789701879288044,1.7402809704555942,2.933854159609529,1.6187834
2023-10-15,4.16,0.91,3.9917023809523804,1.7064877201555966,1.7590437249265765,1.7402809704555942,4.133629806998535,1.7349302
2023-10-16,5.27,0.91,4.086428571428572,1.8069069337904935,1.694165931347164,1.7402809704555942,4.058685875614996,1.6773807
2023-10-17,5.7,0.89,4.189916666666667,2.2485036826005036,1.716673282476624,1.6086663096043148,4.213670842874394,1.9925838
2023-10-18,9.98,1.47,4.200809523809523,3.9644514408691585,1.6886521708606128,1.8285674958187716,4.476122159032463,1.9771276
2023-10-19,12.1,1.61,4.240738095238095,12.470824554799721,1.830485144363375,3.594766202450104,5.516466129549169,3.175079
2023-10-20,9.79,1.69,4.342559523809524,23.275322302173755,1.9358944795040314,5.6756042955176715,5.111495105832789,2.3063629
2023-10-21,7.04,2.69,4.491345238095238,18.230688825026107,1.7751642865075288,4.492104030611626,4.6371110899922545,3.5513096
2023-10-22,5.97,4.16,4.658261904761905,8.929679275081519,2.3832495178414423,2.3181253861462614,4.8092450214575155,1.3739506
2023-10-23,4.98,5.27,4.832666666666666,22.94795265550985,4.771837696849098,6.427766890415283,3.707688500578318,3.586851
2023-10-24,3.81,5.7,4.867511904761905,14.549692154594942,6.353930859806404,4.18664804268238,2.8971007747356285,4.944096
2023-10-25,2.94,9.98,4.957392857142857,11.628756778346638,6.308297098667577,3.5953774568375425,5.089735339712669,4.775293
2023-10-26,2.3,12.1,4.976845238095238,10.056122641104743,6.727347442697358,6.295088145942169,3.8548585750967694,6.4408817
2023-10-27,1.96,9.79,5.039035714285714,11.523127410904957,6.936786632684335,7.416863481706041,2.9432469521103974,11.262216
2023-10-28,1.87,7.04,4.904047619047619,9.064011076457788,6.43687097997867,6.490688528622997,3.0361616284559236,6.8622227
2023-10-29,1.7,5.97,4.754666666666666,7.5150759828783436,5.257746220872869,6.490688528622997,3.6342488875400925,7.1321254
2023-10-30,1.56,4.98,4.656297619047619,7.480654260080396,5.0385251984890305,3.958252655939458,1.6001608041870883,4.06818
2023-10-31,1.67,3.81,4.856623376623377,5.406571527030962,4.800792761997145,3.4470218335119664,3.331179781363726,4.706488
2023-11-01,1.87,2.94,4.983495670995672,5.171792469634777,4.481376979354989,3.4470218335119664,3.2335725411760303,4.2405257
2023-11-02,1.75,2.3,5.096303030303031,4.660676001629017,4.130126606521257,2.6791828472565813,3.202695609138335,3.725488
2023-11-03,1.56,1.96,5.174835497835498,4.47589813584187,4.02109950123427,2.539552204456623,3.437959117537605,3.151869
2023-11-04,1.87,1.87,5.669756493506493,12.023286829450152,4.165817470687132,4.525652097302413,4.033986659954028,4.297214
2023-11-05,3.07,1.7,5.978185064935066,8.523612197833101,3.49601693969655,3.1072273156369166,3.000587620761555,3.5312119
2023-11-06,3.97,1.56,6.2109350649350645,7.250511664964954,3.2353969151713393,2.4546647238490973,4.173104176812423,3.8023105
2023-11-07,4.88,1.67,6.319337662337662,5.205096765219931,3.7058698016649005,2.4546647238490973,2.7712177652526417,3.6890259
2023-11-08,2.35,1.87,6.461285714285714,6.945202033832867,3.746917814208315,2.4546647238490973,3.3440392085041677,3.5940804
2023-11-09,2.25,1.75,6.524038961038961,15.245496446253817,5.314750012775392,4.440764616694889,4.062723290124051,3.8342369
2023-11-10,2.25,1.56,6.755766233766233,30.027483979912347,5.820675639225008,8.483242927997306,6.860879130476711,5.4337897
2023-11-11,4.13,1.87,6.695402597402597,29.160062553912137,5.758461651232635,6.794828827102047,7.197233415430357,4.975402
2023-11-12,3.8,3.07,6.761311688311688,28.319777484983565,7.865385783977068,8.468749460250178,7.676579951886219,3.9305515
2023-11-13,3.57,3.97,7.001519480519481,12.93866995514466,6.2918404353769,3.5319257209639634,3.4827902253710077,-1.7710161
2023-11-14,2.95,4.88,7.14512987012987,10.269005491884373,5.020218063768541,3.3149774916392256,4.07255324069686,1.8333452
2023-11-15,2.69,2.35,7.206935064935065,12.715087276939883,4.833538255928036,4.021695500166034,1.4750934942094305,3.1281369
2023-11-16,1.79,2.25,7.310337662337662,13.576473124446967,6.5723793017671674,3.418382863959245,1.588097664151337,3.5286593
2023-11-17,1.79,2.25,7.252207792207792,17.916477386164225,6.720094534405794,4.12006577804098,3.383669299204711,2.541892
2023-11-18,4.9,4.13,7.116103896103896,13.152680576309686,5.354845139308903,2.735547704423662,2.166242446009422,2.6461291
2023-11-19,3.97,3.8,6.992909090909092,10.49045037458181,3.4770586567261215,3.0351807613226893,2.5104519966348944,3.345192
2023-11-20,4.69,3.57,6.815961038961039,8.701737160557354,3.7184418869295475,3.3621343529044405,3.1737576230815607,3.2551353
2023-11-21,6.21,2.95,6.920376623376623,9.0548271864906,3.542822208266084,4.263533979906724,3.65549115784272,2.9366946
2023-11-22,6.59,2.69,6.958584415584416,8.658089501581873,3.261052142178732,3.683017942433132,4.689626210238876,2.7162766
2023-11-23,7.7,1.79,7.164675324675325,10.06712996893576,3.1291671599643935,6.399167698155086,5.080484530776887,4.774916
2023-11-24,11.44,1.79,7.338909090909091,13.53070164531541,4.689774602901572,9.536140013282271,5.3052832613798335,6.8336267
2023-11-25,14.69,4.9,7.475753246753247,22.27720468710883,6.9734895289790275,11.649195189193946,7.929705527283719,8.094199
2023-11-26,13.45,3.97,7.666025974025975,30.47725633313652,10.684874802068332,16.08657449612647,12.426898856109773,11.385947
2023-11-27,10.81,4.69,7.703220779220779,21.751341089990333,9.529168210157449,12.34681625139597,8.969297216997468,9.020914
2023-11-28,9.14,6.21,7.541324675324676,16.107483703947818,10.362251179735049,13.239694306859864,8.334472607226877,10.682438
2023-11-29,6.86,6.59,7.634948051948052,28.61540486022407,17.576469058542717,17.117784610859562,10.692660954004637,9.722514
2023-11-30,5.74,7.7,7.84312987012987,34.82745950903133,19.33924738755837,18.0582536302209,12.224435670797574,10.516309
2023-12-01,5.74,11.44,8.123662337662337,32.50036703089562,18.189069753806248,14.958921533476715,12.736006013793542,17.57129
2023-12-02,5.62,14.69,9.334571428571428,21.67878329377882,14.585576040642945,14.829706183368154,8.340285628864212,11.61009
2023-12-03,6.21,13.45,10.971675324675326,23.431281649991753,21.5150516770236,22.09143957258942,10.205778943068841,23.001368
2023-12-04,6.47,10.81,12.738038961038963,28.94576428455293,19.338700562925506,18.613841524098994,15.735651626016208,19.703466
2023-12-05,7.56,9.14,14.642922077922078,24.527348629710247,17.715785668970334,17.183425630881075,12.142647580706251,14.841714
2023-12-06,16.44,6.86,16.927597402597403,20.040592828922495,17.8346089486734,15.521789827513631,9.234620686238523,15.149977
2023-12-07,29.2,5.74,18.91975324675325,17.60765851742576,18.79750369987629,11.483181107445457,6.9657655504678395,13.163316
2023-12-08,20.56,5.74,20.739688311688308,25.951222988663595,19.618911164494275,18.168562102072972,12.922683865053843,15.717117
2023-12-09,17.79,5.62,21.81544155844156,19.792795423650446,19.056814588291687,10.718942238255947,7.85873729023865,14.41151
2023-12-10,19.9,6.21,23.24183116883117,19.98901749214022,21.62463367429336,14.970915946347214,10.342146747159152,17.349672
2023-12-11,23.44,6.47,24.834844155844156,36.2002825116417,26.48596900319646,20.77080926914785,22.366967529245077,20.055695
2023-12-12,38.66,7.56,25.790675324675323,31.575431089717025,23.919448781229086,17.396605779149866,19.917457435731528,20.542814
2023-12-13,25.8,16.44,26.31596103896104,40.01195245225748,28.318531206921815,23.24967347728155,28.867742344371713,23.16714
2023-12-14,7.87,29.2,27.220467532467534,40.01388078010831,38.09347668685898,31.900911766423967,24.333353526672525,35.0603
2023-12-15,6.47,20.56,28.536597402597405,36.22560949825952,40.17751630369798,23.951929260290534,27.918014990319776,26.47707
2023-12-16,9.14,17.79,29.870181818181816,35.07549521649025,38.53749104528183,16.800994388786208,27.31918558370685,16.691984
2023-12-17,6.99,19.9,30.92874025974026,37.107374166510716,38.02407300167203,12.942336460484569,30.048324209509897,26.536707
2023-12-18,5.51,23.44,32.69215584415584,36.03693329508985,65.4365785184709,32.63944923077377,35.65675673710527,56.978848
2023-12-19,3.48,38.66,34.679155844155844,40.08665050055314,60.18827524867209,41.69420006367223,34.44114726496698,53.96016
2023-12-20,3.14,25.8,38.04425974025974,35.01934014996255,50.56970979175975,48.01693978518766,43.8504735040015,51.946712
2023-12-21,3.2,7.87,40.55345454545454,27.945222143698953,35.13061349287772,29.226644576308168,36.569290469708776,21.701683
2023-12-22,34.03,6.47,41.95966233766234,18.776870902372185,22.531264643560327,28.25781076685865,25.412651892516763,23.70393
2023-12-23,46.94,9.14,42.06698701298701,18.240574837017004,27.785847872155415,22.705761354729084,18.165494173835697,14.948494
2023-12-24,45.76,6.99,41.629480519480516,18.37227268131127,25.558882611995635,22.601892332360944,14.70794342964963,8.571894
2023-12-25,69.42,5.51,41.89792207792208,16.88799276678874,15.584217180604258,28.87556715853103,14.545117495261264,24.140875
2023-12-26,72.97,3.48,42.56414285714286,15.806707553928861,21.160535591102065,30.011230082994416,11.364617756166874,21.708466
2023-12-27,99.0,3.14,41.42661038961039,25.085784436166772,20.518935504015726,35.41214919961663,21.806503924858564,28.287226
2023-12-28,123.23,3.2,43.554649350649356,28.343427495305793,23.88443414864787,35.15056199650057,22.32162582457716,37.409534
2023-12-29,125.49,34.03,44.733194805194806,29.54962727130176,25.78652410045949,34.09018695688937,23.410257533546545,35.081406
2023-12-30,104.91,46.94,48.17998701298701,38.47883698197791,51.83280146522414,52.24350060468094,36.031301279701694,50.636177
2023-12-31,65.87,45.76,50.4145974025974,44.804863403723864,61.01062189098945,61.11907012850226,48.0989881358701,65.93269
2024-01-01,39.84,69.42,52.73523376623377,41.58904701102263,61.85304266517262,61.055687406508824,46.768865204615494,70.73146
2024-01-02,19.9,72.97,54.65419480519481,56.7623146135957,60.73846615018552,74.74840821998582,59.617083747067845,85.965256
2024-01-03,14.97,99.0,52.59325974025973,55.38119303161703,59.11823049216234,69.66614339658732,64.09860375918363,76.52617
2024-01-04,10.81,123.23,52.30696103896104,69.52555621851802,102.05254435221586,81.94219680823208,77.25886085415681,111.905266
2024-01-05,8.01,125.49,51.27964935064934,72.48580732955071,115.95561153697449,89.34932007052988,80.98551432277866,104.11891
2024-01-06,6.86,104.91,53.35606493506493,68.73059705916684,117.89283702109637,84.7101999321045,67.2715431302169,102.86908
2024-01-07,6.21,65.87,54.2902987012987,57.45590742658765,113.13934324018926,93.8055479168967,61.65139211674149,90.99933
2024-01-08,5.29,39.84,56.91432467532468,45.14544287123131,50.24452479595756,52.54587067309444,48.527110873697566,51.851048
2024-01-09,5.74,19.9,58.44393506493507,34.43453124966698,41.76916141529296,41.07643972073734,39.93269917638139,36.6655
2024-01-10,5.85,14.97,60.08120779220779,24.82308724776004,24.577092940117417,27.057469203800494,30.739693947787593,19.080143
2024-01-11,5.29,10.81,60.66393506493507,21.298626271544578,21.166615124457234,25.896087598915784,28.937340459900625,10.4044695
2024-01-12,4.22,8.01,60.7366103896104,19.248968744465927,18.043862772045564,17.568542362034055,22.125957302974975,6.7850776
2024-01-13,3.0,6.86,60.60044155844157,18.14833676025122,17.469875243718427,13.871067605420352,20.748862208387706,5.729021
2024-01-14,3.2,6.21,59.252831168831165,21.7932691411451,25.272603767230915,26.37896587851815,27.72660586070174,10.429554
2024-01-15,2.94,5.29,57.8417922077922,27.23647508287143,23.404692469654883,23.47109904763996,38.35657283178753,11.751613
2024-01-16,1.95,5.74,56.63976623376623,17.86668571317788,16.940537762810504,27.86357028259233,28.94527463271633,6.948533
2024-01-17,4.32,5.85,55.72896103896104,14.683558214223789,15.854955041206267,26.459475755348553,21.93495084580776,8.660527
2024-01-18,8.32,5.29,56.57064935064934,15.303134678018065,16.54147142445059,23.585859011738034,18.608999951909954,3.2621694
2024-01-19,23.08,4.22,58.419805194805186,20.668982532961067,16.65327311028519,16.01858931688284,26.557895678583257,0.9508089
2024-01-20,15.24,3.0,59.406688311688306,17.787530143078722,17.259792197921193,12.70888269627646,24.9847361532889,5.9509687
2024-01-21,14.75,3.2,61.42925974025974,11.617234570807012,17.211385923391486,11.615911892270146,16.690945701890435,16.966715
2024-01-22,16.31,2.94,62.04196103896104,10.26659383852865,12.170639208637493,11.780177869472057,6.171030558688054,12.728144
2024-01-23,29.4,1.95,63.20236363636364,14.934313840767194,14.262911208577039,18.301596446486595,9.373548766422248,13.988204
2024-01-24,51.84,4.32,64.91315584415584,27.731854975438857,23.246208659662486,31.608364407151164,23.386015603249703,22.520327
2024-01-25,67.42,8.32,66.68776623376623,35.67832423816559,21.80000713221971,42.259523386450965,29.47675517155041,27.42232
2024-01-26,37.45,23.08,65.90568831168831,29.89895292959958,28.96503508896775,32.57046149161914,26.1636328901276,25.508078
2024-01-27,33.75,15.24,64.56711688311688,25.564943086117367,33.40703932753026,38.754593663917724,22.473158231252256,28.914326
2024-01-28,29.53,14.75,64.85937662337662,24.75947592313955,32.69740157638573,34.80795441801858,18.274957038119055,32.631073
2024-01-29,25.1,16.31,65.692,26.20302682415731,33.20201792138924,32.371444664942665,22.34590958608655,32.827168
2024-01-30,26.61,29.4,66.2415974025974,35.99352703475335,31.05702863924972,34.073588021102815,33.807424223635785,25.138361
2024-01-31,22.83,51.84,65.8191038961039,36.79893843231715,41.082017957500014,47.05855894036551,38.71936171829686,33.54922
2024-02-01,22.28,67.42,66.86319480519481,38.697416582789835,35.79509389670926,46.259932504800545,41.10180097642251,26.584259
2024-02-02,20.72,37.45,69.79996103896104,44.132837258460114,47.18530903844926,54.62613722194821,42.4768434362917,48.245617
2024-02-03,18.78,33.75,71.48606493506495,40.66689547070335,30.205061498549608,42.97856327359933,43.16378054399233,35.029537
2024-02-04,15.72,29.53,70.25912987012987,37.61260518226466,35.863269719990065,39.14851396113848,43.239366169933135,33.980442
2024-02-05,15.52,25.1,70.07398701298702,37.471869093857485,44.11944830357024,47.75709322181803,41.163036360353395,44.24988
2024-02-06,21.76,26.61,70.06738961038961,46.10083274124282,63.06182526346625,59.01796230353352,58.697525535544365,72.471436
2024-02-07,30.98,22.83,71.93533766233767,50.44457329395637,85.55851611074368,77.10321541154403,64.4811926054625,117.1433
2024-02-08,48.66,22.28,73.21754545454544,41.36746653666145,100.25160768389262,67.74195689739504,51.45832685824105,108.540634
2024-02-09,55.49,20.72,72.55453246753247,35.884657985707605,104.62377138928508,59.87417031235535,43.870610914529266,86.630165
2024-02-10,32.69,18.78,74.78203896103896,35.57714854775834,112.59079888408645,58.79150513763812,46.08957685279506,90.12722
2024-02-11,34.51,15.72,79.49712987012988,35.901822765048394,116.31722049839624,60.78251136449842,46.377821916814995,91.50269
2024-02-12,74.38,15.52,81.60616883116883,31.91348150305813,42.65983618066328,47.61986098329175,40.223296238689535,66.16358
2024-02-13,89.29,21.76,85.33159740259741,42.89007108460294,120.68428619284681,70.92559540244059,53.60820247998114,108.86897
2024-02-14,85.31,30.98,86.90855844155844,50.878344163708064,122.21330615725756,73.88561516479292,63.942916363320734,112.73116
2024-02-15,61.46,48.66,86.50314285714286,42.69093651990045,72.00992193988432,60.274167495669495,46.457960608802544,86.69337
2024-02-16,34.91,55.49,89.81733766233766,45.12763133010044,77.54815038562926,81.37334241691008,49.33478837133205,98.73147
2024-02-17,31.58,32.69,91.14087012987014,56.539063695519,69.92105640562448,89.74644157747187,63.84738749178143,97.59731
2024-02-18,30.19,34.51,91.94775324675325,50.85858746892718,96.51083076843678,77.58919438852499,62.09670972221592,87.99263
2024-02-19,32.29,74.38,94.93881818181818,72.23677998013062,91.2711764061474,74.87710627398774,76.4485435472299,100.319885
2024-02-20,81.34,89.29,94.28292207792208,73.21449712518174,67.25416663301587,67.74045553340656,81.9880771292378,95.02942
2024-02-21,90.28,85.31,94.43466233766233,63.87594667758839,68.61564427943395,69.41910502611609,69.02626926419552,56.00471
2024-02-22,124.63,61.46,94.93672727272727,53.45092126986506,53.45151257608739,51.189092092855894,57.93315158397435,29.135296
2024-02-23,152.86,34.91,93.78933766233766,51.08970048433564,56.94134218289283,82.47850163573005,62.82988223795468,69.02178
2024-02-24,95.25,31.58,91.45841558441558,58.485528206511766,86.01380323049948,78.30779723970802,74.64447505560457,64.05447
2024-02-25,102.21,30.19,90.48897402597402,65.93427703250477,84.47189590549112,86.05262694442615,79.8413063898903,91.91171
2024-02-26,70.4,32.29,88.17024675324676,54.064629702152374,85.75030019962634,76.35029823789812,70.10849291037565,86.25531
2024-02-27,115.11,81.34,86.81092207792209,43.274319874005414,86.10431893429607,72.70686022212479,48.70339672701107,80.526245
2024-02-28,120.66,90.28,85.00031168831167,63.709487715512566,58.83270815819994,83.42122300193697,60.65895967291224,74.04003
2024-02-29,126.61,124.63,82.21502597402596,84.32953123759023,65.34516282640085,83.03648439744889,83.71901225203811,76.65843
2024-03-01,140.4,152.86,78.52905194805194,83.95756189451683,51.98446556975304,64.37381825829367,77.68244377509889,38.437405
2024-03-02,135.47,95.25,76.64068831168831,93.41843323286551,65.73911413661104,81.9221976891471,84.33815480765169,60.988792
2024-03-03,120.08,102.21,72.35098701298702,67.63194218470747,54.989438677926955,64.45750745033057,70.34092826817061,33.769993
2024-03-04,99.23,70.4,68.81442857142856,72.82932941856825,54.45851519931439,63.28317623489191,64.96376813066914,48.826725
2024-03-05,110.15,115.11,65.62911688311688,73.31791892352987,52.38143711905641,65.50123492593526,70.59649690622503,58.866203
2024-03-06,73.38,120.66,62.933571428571426,91.40226383287518,61.294971552778144,66.67100169212493,83.73728881390154,63.413612
2024-03-07,145.32,126.61,61.625454545454545,86.10944421855756,56.597203655810254,64.68479296663803,69.44969699932172,62.893875
2024-03-08,106.18,140.4,62.35463636363637,98.29968992267916,59.397278134735814,67.44276161402901,93.87164088895393,56.162216
2024-03-09,110.16,135.47,62.225545454545454,91.8547246349394,61.9055044781312,66.29854662486548,77.85942333923914,54.97468
2024-03-10,98.23,120.08,61.7939090909091,101.73384024075017,71.53946366701535,93.48363714423273,96.4785612003461,77.48988
2024-03-11,140.68,99.23,61.58311688311689,89.67295292701783,70.83470492250372,69.59401844996158,79.9744596380926,65.470764
2024-03-12,136.92,110.15,60.971519480519476,82.6425647313681,59.47573074650277,59.40158887384809,70.08173370924605,61.905933
2024-03-13,138.07,73.38,60.87557142857143,95.65633746801069,65.44682931471407,71.65573465420353,90.51686059581998,63.879337
2024-03-14,89.29,145.32,59.3775974025974,76.55110105634274,60.16006370365783,54.73313032572239,62.11734148418728,52.42967
2024-03-15,92.27,106.18,56.50225974025974,100.65067691136889,78.71962152062824,78.5611109968786,76.06143417314188,72.66771
2024-03-16,72.39,110.16,53.575168831168824,91.14499643052707,81.4456564544677,83.78163961375367,86.98937709458266,88.56332
2024-03-17,64.44,98.23,51.22942857142857,96.2480012177272,83.39158551056356,84.78337740474672,89.68561969322803,79.80175
2024-03-18,36.36,140.68,49.16488311688311,92.31692795768245,74.34832795543676,86.10786445398884,89.94002462228072,79.38256
2024-03-19,33.4,136.92,47.62745454545455,106.12762541207198,99.79257087031056,86.96692456860669,99.35595886344687,79.244385
2024-03-20,50.52,138.07,46.75131168831168,101.42020527317624,103.99380946502437,84.75641465734253,87.08034763866122,78.74302
2024-03-21,69.41,89.29,47.35253246753247,100.83142987121309,96.43614883492818,84.15011358929175,105.50625448403146,77.22238
2024-03-22,34.53,92.27,48.123948051948055,94.17006828330685,92.53051358025557,82.17736103663017,103.20163989491645,87.554184
2024-03-23,35.28,72.39,50.10988311688312,85.4508935746266,80.97712730609359,63.42566045962646,74.72713605476467,67.82758
2024-03-24,50.35,64.44,51.68315584415585,70.94858056234139,71.96478878047698,55.01097600464686,53.327412425258224,67.23133
2024-03-25,52.51,36.36,52.13028571428572,67.58631076664133,72.75422765494196,66.27471727792432,48.611442822334475,72.87527
2024-03-26,52.51,33.4,52.38875324675325,61.23246249298673,52.113118970681164,49.088003559082196,45.71347884397304,53.38374
2024-03-27,36.85,50.52,52.605350649350655,52.59348613129851,52.977436063142186,48.1920477296164,41.51239877868551,63.711388
2024-03-28,48.6,69.41,52.77438961038961,57.653170451632235,55.2696040467609,42.641021581515595,45.97162206280576,60.81226
2024-03-29,66.43,34.53,52.25427272727273,61.44732819748694,61.95889797584925,50.043173138374584,45.143083826013836,63.278748
2024-03-30,57.48,35.28,50.80661038961039,52.661511733632494,45.00058209613122,41.80189685702123,47.79072544234073,49.462685
2024-03-31,35.67,50.35,49.491532467532465,56.46727022785501,43.01181682658359,52.00432510891009,53.915903650487714,55.339966
2024-04-01,36.06,52.51,49.2922987012987,63.64208238199862,52.61974607154732,46.05563620475956,56.82567444670505,55.799755
2024-04-02,47.16,52.51,48.71762337662337,62.28777597152962,45.29789215886536,49.06044463351101,56.24982432959102,44.83835
2024-04-03,36.85,36.85,48.20523376623377,53.79609267597634,42.94895143995963,53.99066448244043,45.413873323570485,50.28173
2024-04-04,30.87,48.6,46.046584415584405,53.83512737047161,40.25597484296115,49.32996560768093,45.18959206882028,41.170654
2024-04-05,68.47,66.43,44.201,55.8260416195551,39.04831767130178,43.53107930672993,45.654777309527596,41.96161
2024-04-06,77.36,57.48,42.37007792207792,57.15501820890803,49.01360876942712,54.125896531813275,45.25135528364561,47.351707
2024-04-07,33.75,35.67,41.175753246753246,53.153159558224296,46.986537315233164,47.77941214848233,43.20771785522846,47.321323
2024-04-08,28.28,36.06,39.82702597402597,42.795342933323155,33.47281717387902,25.79004358447975,35.56253652541672,27.396866
2024-04-09,23.95,47.16,38.822194805194805,40.057950083544995,28.993353952904314,25.101044180819418,31.733035404952915,26.910172
2024-04-10,21.24,36.85,37.05902597402597,53.80964102343275,36.29021436023142,30.64375834155402,44.53189409403151,31.759989
2024-04-11,19.24,30.87,36.274350649350644,69.68222030664279,38.48801341126901,53.32554999353697,65.63485718483228,48.9699
2024-04-12,16.55,68.47,35.53098701298701,42.96059324491992,38.88976191659094,26.598341591121883,38.210132613093094,23.268513
2024-04-13,15.72,77.36,34.79320779220779,50.14733618875327,44.50558261915685,49.337511744210126,30.407674480635905,39.783825
2024-04-14,15.72,33.75,34.13151948051948,50.777515822105755,37.79930198277741,35.82219968726645,24.69416386357802,27.655432
2024-04-15,15.72,28.28,32.95788311688312,39.75882400944797,32.46262101613948,16.342400654081075,26.34300077820893,21.336946
2024-04-16,14.16,23.95,31.58948051948052,33.59653178375763,30.448097640147516,18.310426455245512,19.693129125461255,22.217176
2024-04-17,12.22,21.24,30.43342857142857,32.99314700299317,20.47120341880725,10.347925530334157,16.52063487045639,12.970923
2024-04-18,11.41,19.24,29.366675324675324,31.002978013403613,20.280326950520077,3.4308158144684833,16.61566029908809,17.345943
2024-04-19,10.21,16.55,27.93651948051948,29.305708012624464,22.782042310232036,15.544828912446041,16.205233563685866,19.078028
2024-04-20,10.21,15.72,26.63164935064935,25.45748846852153,19.436488522955834,17.973363859851275,11.833888527476619,17.388645
2024-04-21,10.21,15.72,25.01287012987013,24.12033434800569,16.76785288725972,15.279319774288268,9.369900585327057,13.428982
2024-04-22,10.21,15.72,24.070844155844156,21.80770223634375,16.611660779521987,15.605874442603724,8.418138976897628,13.53526
2024-04-23,9.65,14.16,23.58290909090909,21.438842732701307,16.617258928937297,15.252999963534556,8.312388472775817,13.645155
2024-04-24,10.21,12.22,23.028311688311685,17.213076096540227,15.352618814662979,13.74405584038799,9.339808511926405,13.169339
2024-04-25,11.41,11.41,21.982077922077924,15.020737039220492,19.759316956188524,11.665631542947644,9.561277038504437,12.173037
2024-04-26,16.55,10.21,21.444155844155848,16.486872949552744,18.243323427786713,7.979281979287106,5.17043479588345,11.861117
2024-04-27,19.26,10.21,20.702662337662336,16.96380204037211,16.011675537070595,8.562051149350626,3.5640958665521416,11.091009
2024-04-28,16.13,10.21,19.8898051948052,12.767139644337268,8.470529562835823,7.465605022956621,8.12954971929748,7.49945
2024-04-29,15.12,10.21,18.808415584415588,16.539303692905065,8.596471503383402,10.34744445541334,6.496232637115894,7.6081357
2024-04-30,14.16,9.65,17.528532467532468,14.290335225781623,8.749590156797675,7.8998573971910435,5.56294915762785,7.487784
2024-05-01,13.43,10.21,16.348207792207795,13.83878289783351,7.448657090094912,7.292419748301018,4.806848290334451,5.692682
2024-05-02,12.73,11.41,15.820545454545453,16.352471363380708,8.45691660339452,10.500813849073195,2.4811520871526813,7.4699607
2024-05-03,12.06,16.55,15.00248051948052,16.802678318815115,9.42400929131451,11.707871782730804,3.4610373603035876,6.9449983
2024-05-04,12.06,19.26,14.296207792207793,15.873197889260187,12.2276326084907,10.73127137305882,4.861560023390178,8.122341
2024-05-05,11.41,16.13,13.717389610389612,16.511308045908745,12.695710304330767,11.246342929080226,4.885425615596287,6.5652614
2024-05-06,10.8,15.12,13.16457142857143,14.638893434864583,11.876193809594804,10.765759406096343,6.777860667706005,7.668
2024-05-07,10.36,14.16,12.644064935064936,12.930844311270928,11.282751171040884,10.572116156085139,9.256120216312457,7.9629755
2024-05-08,9.11,13.43,12.272935064935066,11.962012676060034,11.562636699522118,10.572116156085139,8.252278020045821,8.755909
2024-05-09,9.65,12.73,11.67422077922078,12.057692706601534,9.1032080003455,8.764635533483894,7.70876257788359,10.075987
2024-05-10,9.11,12.06,11.3322987012987,10.536747660455585,8.500889592126091,12.24716133193417,8.35444674446598,9.252825
2024-05-11,9.65,12.06,10.985753246753248,9.138963778253512,8.95879786437598,8.566816745583633,10.546650781257357,7.237686
2024-05-12,9.93,11.41,10.741142857142858,11.14567344617012,9.134259551035141,12.74475101092186,10.13269096034182,10.837786
2024-05-13,10.21,10.8,10.507636363636363,12.434926563925906,9.279236527848223,12.74475101092186,10.605188680261763,11.51645
2024-05-14,10.21,10.36,10.270610389610388,15.846569267133926,9.104351327949582,11.986802840866515,10.524831466755133,9.549984
2024-05-15,9.65,9.11,9.921532467532469,13.171397544775754,9.211553747007825,8.074894166735014,9.20916805511444,8.627647
2024-05-16,9.11,9.65,9.654922077922079,17.62399231698561,7.690502266338087,12.251551995789038,7.379460338863375,9.923102
2024-05-17,9.11,9.11,9.525064935064934,19.80811117662747,7.678941267293771,12.808313223674155,6.474848684398566,11.556152
2024-05-18,8.6,9.65,9.242467532467531,13.222797326126283,7.32690127173586,8.197403020385709,5.689060312446544,8.895342
2024-05-19,8.23,9.93,8.748753246753246,9.957648359394435,6.684159788384964,7.640641792500592,6.224051565223217,7.3518057
2024-05-20,7.19,10.21,8.451181818181817,9.893750442637975,6.761099033657703,7.640641792500592,6.03042406526643,7.141568
2024-05-21,6.36,10.21,8.152883116883116,10.95630319872456,7.445927285991473,7.640641792500592,5.190202036611364,7.2090144
2024-05-22,5.89,9.65,7.851441558441558,10.29682518010444,7.6185934724687066,7.640641792500592,6.399720950923146,6.909629
2024-05-23,4.93,9.11,7.60925974025974,9.848526924957074,6.803931363092573,7.640641792500592,4.14411799277797,6.8904405
2024-05-24,5.44,9.11,7.184454545454545,8.665075615363795,6.8362781992373645,7.640641792500592,3.7337744228267584,6.8904405
2024-05-25,5.61,8.6,6.984948051948052,7.640057250979915,6.772570109092056,7.640641792500592,5.574297977136893,6.909629
2024-05-26,5.44,8.23,6.815311688311689,7.163579588912608,5.49055385151426,7.640641792500592,5.195252815803514,6.909629
2024-05-27,4.93,7.19,6.6839870129870125,6.767480073278502,5.215365071078772,7.640641792500592,4.906470806375709,6.909629
2024-05-28,4.93,6.36,6.6317012987013,6.105187090836541,4.804109073948499,7.640641792500592,4.386213774806041,6.909629
2024-05-29,3.66,5.89,6.545441558441558,5.346693550305822,4.427935638614409,5.566297416398542,4.0907196061713,5.864128
2024-05-30,4.32,4.93,6.4506103896103895,4.810096913533126,4.425027894558553,5.566297416398542,3.681541393775317,5.780676
2024-05-31,5.8,5.44,6.444064935064935,4.110021381969666,4.387818013865638,5.05506659397105,3.35904872680945,4.9995565
2024-06-01,5.98,5.61,6.228701298701298,3.987098702701882,4.445126608955261,5.566297416398542,3.4195251914283697,5.5705996
2024-06-02,6.36,5.44,5.984051948051948,4.126206461578299,4.347424014177856,5.566297416398542,3.326587266518614,5.6672792
2024-06-03,5.35,4.93,5.711298701298702,4.0486748524264335,4.330416517959703,5.566297416398542,3.310083431859493,5.5010843
2024-06-04,3.28,4.93,5.43,3.5311362452105683,4.271951413815591,4.027148966125941,3.358520820816947,4.8810062
2024-06-05,2.58,3.66,5.144051948051947,3.2381410427162756,4.21692504287925,4.027148966125941,3.323686110053738,4.7843275
2024-06-06,2.84,4.32,4.865740259740259,2.4654976358948204,3.5853340578658965,4.027148966125941,3.1585333052549145,4.3502827
2024-06-07,2.84,5.8,4.533181818181818,2.377205372889833,3.755713875546785,3.83982601734415,3.1646574294881584,4.563074
2024-06-08,2.64,5.98,4.348610389610389,2.732912137862602,4.322757168888764,4.538379788553436,3.208900244783748,5.230796
2024-06-09,2.45,6.36,4.215233766233767,2.7082884585080755,4.433524705612224,4.538379788553436,3.295237911528637,5.548729
2024-06-10,2.45,5.35,4.086103896103896,2.6775917989049987,4.6218202391418615,4.538379788553436,3.4045558000862077,5.6725783
2024-06-11,2.45,3.28,3.974857142857143,2.1804877602874626,4.431218103398669,4.538379788553436,3.3363953607232255,5.481069
2024-06-12,2.28,2.58,3.9335584415584415,1.117765011547931,3.7260379944481326,3.7083772188455204,3.128706982613716,4.150558
2024-06-13,2.45,2.84,3.8899220779220776,0.40619174340054087,3.120998645993787,3.2593099798705576,3.0984162990507014,3.160269
2024-06-14,2.45,2.84,3.8625324675324677,0.1986350859832946,2.9374174028791264,3.1196793370705995,2.983491513687564,2.7113657
2024-06-15,2.45,2.64,3.89825974025974,-0.02855627284752771,2.786099780572802,3.1196793370705995,3.154659536558446,2.4850323
2024-06-16,2.45,2.45,3.904233766233766,-0.41427606441721565,2.8150952158256577,3.040608974782438,3.4231425359266687,2.4850323
2024-06-17,2.45,2.45,3.904857142857143,-0.6771858491075378,2.44504700496867,2.465037685707727,3.3374702218787213,2.2103593
2024-06-18,2.41,2.45,3.9209870129870126,-0.8366125567618532,2.24122730956452,2.465037685707727,3.2812023873556955,2.223712
2024-06-19,2.19,2.28,3.916909090909091,0.6930240319058072,2.274152621190912,2.465037685707727,3.246451909288901,2.4933102
2024-06-20,2.07,2.45,3.9322337662337667,-0.0345589352674196,2.3054883144370293,2.618407079367582,3.1989323900813234,2.3837667
2024-06-21,2.27,2.45,3.967571428571428,-0.2342840798692194,2.641210183025884,2.465037685707727,3.271580450500791,2.397112
2024-06-22,2.27,2.45,3.8696233766233767,-1.1610863843885575,2.7133457459312624,2.465037685707727,3.134962504416303,2.2436101
2024-06-23,2.27,2.45,3.8398831168831173,-1.2440438631356905,2.8154863301853172,2.465037685707727,3.195074538855414,2.2436101
2024-06-24,2.27,2.45,3.726701298701298,-1.397005276555312,2.8207807594122625,2.465037685707727,3.1761131381353334,2.1180909
2024-06-25,1.84,2.41,3.6454415584415583,-1.4596359860081947,2.284786116731158,2.465037685707727,3.1376418273591815,2.0984523
2024-06-26,1.5,2.19,3.5158831168831166,-1.6131031103739204,2.56548512234724,2.0405952620760517,2.9189497892637957,1.8793006
2024-06-27,1.41,2.07,3.3862727272727278,-1.9869556061487152,2.2009992975885893,2.0405952620760517,3.0458835506128157,1.8339554
2024-06-28,1.66,2.27,3.2351818181818177,-2.222642752072961,2.101104727301767,2.0405952620760517,2.99298363298599,1.8339554
2024-06-29,1.8,2.27,3.161480519480519,-2.393252172188131,2.4737192902889467,2.0405952620760517,3.0831186316711197,1.8339554
2024-06-30,1.8,2.27,3.068623376623376,-2.4530332831637445,2.5236097685458287,2.0405952620760517,3.037587482401872,1.8339554
2024-07-01,1.8,2.27,3.0622467532467534,-2.531302208469974,2.5339835321214346,2.0405952620760517,3.0212638215930814,1.8339554
2024-07-02,1.53,1.84,2.97338961038961,-2.621596807454747,2.5462972375660353,2.0405952620760517,3.0064963732874643,1.8339554
2024-07-03,1.63,1.5,2.9654675324675326,-2.908435563395262,2.1445719700971257,2.0405952620760517,2.9614007600624332,1.8339554
2024-07-04,1.66,1.41,2.9128701298701296,-3.164784352885931,1.5908508762429352,2.0405952620760517,2.889261776211188,1.753887
2024-07-05,1.8,1.66,2.8823766233766235,-3.4056091742820556,1.558643673680109,2.0405952620760517,2.857794519077124,1.753887
2024-07-06,1.8,1.8,2.8921038961038965,-3.384034315016038,1.5853560478475186,2.0405952620760517,2.8016015777885603,1.753887
2024-07-07,1.66,1.8,2.892649350649351,-3.309052530186179,1.7920403153215887,2.0405952620760517,2.7364989332760707,1.8339554
2024-07-08,1.66,1.8,2.898207792207792,-3.337959199672248,1.7863543869237413,2.0405952620760517,2.7337723405506895,1.8339554
2024-07-09,1.66,1.53,2.969350649350649,-3.3458018167827106,1.7892900742147304,2.0405952620760517,2.721501278515107,1.8339554
2024-07-10,1.53,1.63,2.9106493506493507,-3.5052801564141447,1.5798332600771285,2.0405952620760517,2.745506571677874,1.753887
2024-07-11,0.99,1.66,2.9185714285714286,-3.6152214080772005,1.6187368690475297,2.0405952620760517,2.824236811061618,1.753887
2024-07-12,0.79,1.8,2.9571558441558436,-3.680114273467524,1.622990476082249,1.7681780444026762,2.830070270503972,1.7122964
2024-07-13,0.68,1.8,2.95612987012987,-3.6745079978445254,1.7637700703411299,1.7681780444026762,2.827291782863596,1.7923646
2024-07-14,1.53,1.66,2.9509090909090907,-3.7198179376147635,1.7637919362135512,1.7681780444026762,2.8297680590889285,1.7923646
2024-07-15,1.8,1.66,2.9429610389610383,-3.8335567695273625,1.6750378786787032,1.7681780444026762,2.8362536741930193,1.7122964
2024-07-16,2.27,1.66,2.8929350649350654,-3.9278213601289096,2.8217609525194773,1.7681780444026762,2.8423933097412184,1.7122964
2024-07-17,2.45,1.53,2.900337662337662,-3.987709745926601,2.9323673528938077,1.7681780444026762,2.836696573374385,1.7122964
2024-07-18,1.73,0.99,2.9265714285714286,-4.0852309462342795,2.742674747287141,1.7681780444026762,2.8273951660827104,1.7122964
2024-07-19,1.53,0.79,2.906935064935065,-4.379552361306921,1.6399208694656409,1.7681780444026762,2.832135973491334,1.7122964
2024-07-20,1.95,0.68,2.9058181818181814,-4.566725078537935,1.6030532453168014,1.7681780444026762,2.790275941037938,1.7122964
2024-07-21,1.95,1.53,2.9155584415584412,-4.712372979349151,1.5291530204002006,1.7681780444026762,2.7482986114051693,1.6633312
2024-07-22,1.8,1.8,2.921090909090909,-4.475180671023626,1.4999228208500628,1.7681780444026762,2.7882098117623486,1.6633312
2024-07-23,1.8,2.27,2.9075584415584417,-4.373159294359411,1.706464035542088,1.7681780444026762,2.8172618589071345,1.7433997
2024-07-24,1.8,2.45,2.937038961038961,-4.235807510211213,1.8020104031199196,1.7681780444026762,2.896356227643874,1.7433997
2024-07-25,1.21,1.73,2.964441558441558,-4.1847428706265255,2.001887928584142,1.7681780444026762,2.924869922250829,1.7923646
2024-07-26,1.27,1.53,2.9988181818181823,-4.435506869791585,1.9632050634866454,1.7681780444026762,2.9277455640732453,1.7923646
2024-07-27,1.8,1.95,3.0154805194805196,-4.567799210023193,1.973326115839228,1.7681780444026762,2.9276339207098903,1.7122964
2024-07-28,1.8,1.95,3.0578181818181815,-4.4057154161726935,1.9835629713826797,1.7681780444026762,2.9305838099015866,1.7923646
2024-07-29,1.8,1.8,3.140571428571429,-3.5848850634959675,2.116133324125666,1.7681780444026762,3.040876814456904,1.8494676
2024-07-30,1.8,1.8,3.2425714285714284,-4.151207954748244,2.1203741747036444,1.7681780444026762,2.9978719365353386,1.7923646
2024-07-31,1.8,1.8,3.364649350649351,-4.266743799747882,2.1720205518140974,1.7681780444026762,3.056141570148499,1.7923646
2024-08-01,1.41,1.21,3.4184155844155844,-4.517498152856348,2.198537665191031,1.7681780444026762,3.051593274082334,1.7923646
2024-08-02,1.73,1.27,3.4809999999999994,-4.686471298805326,2.1174781730517434,1.7681780444026762,3.0060910205685585,1.7122964
2024-08-03,1.8,1.8,3.650454545454545,-4.732075576486956,2.1497808445104964,1.7681780444026762,3.0195831895858234,1.7122964
2024-08-04,1.29,1.8,3.744350649350649,-4.456211473093028,2.1813812627467644,1.7681780444026762,3.037376392490593,1.7923646
2024-08-05,1.29,1.8,3.7734155844155843,-4.3893808069899585,2.080079687276893,1.7681780444026762,2.99697713034442,1.7923646
2024-08-06,1.29,1.8,3.7272727272727275,-4.452137138880872,2.09711842860137,1.7681780444026762,3.0794175715740297,1.7923646
2024-08-07,0.62,1.8,3.662857142857143,-4.439565113865999,2.0778661239591205,1.7681780444026762,3.0860171640108724,1.7923646
2024-08-08,0.62,1.41,3.5942857142857143,-4.502566647999682,2.071688942082815,1.7681780444026762,3.111429301188417,1.7923646
2024-08-09,0.62,1.73,3.4612337662337667,-4.622506056188705,2.0187396503584014,1.7681780444026762,3.107762264338981,1.7122964
2024-08-10,0.62,1.8,3.2496493506493507,-4.488197214185966,2.0222642498836025,1.7681780444026762,3.134711906788918,1.7923646
2024-08-11,0.62,1.29,3.0719610389610392,-4.418521434892799,1.986136785232713,1.7681780444026762,3.138995505416014,1.7923646
2024-08-12,0.62,1.29,2.8756753246753246,-4.596162481452584,1.9516604669662172,1.7681780444026762,3.139473995053548,1.7122964
2024-08-13,0.62,1.29,2.7735324675324677,-4.636341589988529,1.950821529014311,1.7681780444026762,3.1449771122327372,1.7122964
2024-08-14,0.62,0.62,2.6466103896103896,-4.624712777216999,1.879719408456414,1.7681780444026762,3.135312363310192,1.7122964
2024-08-15,1.03,0.62,2.5980389610389607,-4.914000638952572,1.8801166439641468,1.7681780444026762,3.0988573955983143,1.6633312
2024-08-16,1.01,0.62,2.5957402597402597,-4.974130768483533,1.848786379645547,1.7681780444026762,3.0913569453699887,1.6633312
2024-08-17,1.03,0.62,2.5696753246753246,-4.986568708492989,1.7986994344130058,1.7681780444026762,3.082492382779665,1.7545701
2024-08-18,1.03,0.62,2.5841168831168835,-5.000965530152623,1.61158583439203,1.7681780444026762,3.0886865410608606,1.7545701
2024-08-19,1.03,0.62,2.595246753246754,-4.862356504468615,1.611319547002093,1.7681780444026762,3.113396942928056,1.7545701
2024-08-20,0.96,0.62,2.627181818181818,-4.604765917958513,1.6044993019932337,1.7681780444026762,3.124055765373958,1.7917811
2024-08-21,0.94,0.62,2.6664545454545454,-4.773106278573142,1.5643578779951386,1.7681780444026762,3.1047642466165506,1.7545701
2024-08-22,0.94,1.03,2.702688311688312,-4.829110713763651,1.2400216347684792,1.7681780444026762,3.109591458649588,1.4719337
2024-08-23,0.94,1.01,2.7422857142857144,-4.64814231008835,1.2592891923107603,1.7681780444026762,3.118929712633732,1.5165304
2024-08-24,1.14,1.03,2.7909740259740263,-4.5786549241873615,1.2484295558163372,1.7681780444026762,3.136180927118141,1.5165304
2024-08-25,1.03,1.03,2.841922077922078,-4.5602848154752245,1.3134392298418083,1.7681780444026762,3.165834607844207,1.5165304
2024-08-26,0.76,1.03,2.9366623376623373,-4.47685377052693,1.2567991428287197,1.7681780444026762,3.1544367394197397,1.5165304
2024-08-27,0.67,0.96,2.974012987012987,-4.4259052455556365,1.25858652834151,1.7681780444026762,3.1502572494438583,1.5165304
2024-08-28,0.62,0.94,3.014116883116883,-4.457365262843517,1.275292163779041,1.7681780444026762,3.1924139424183835,1.5165304
2024-08-29,0.73,0.94,3.042428571428571,-4.255979355931565,1.3268991221424422,1.7681780444026762,3.2183844693124404,1.5165304
2024-08-30,0.74,0.94,3.0770909090909093,-4.1470394836900475,1.350700851691543,1.7681780444026762,3.228305395067051,1.5165304
2024-08-31,0.76,1.14,3.078961038961039,-0.3986057338986946,1.442403171434938,2.45825810247382,3.45142245837455,1.5536017
2024-09-01,0.94,1.03,3.101090909090909,-2.7743506495808212,1.3837401485806649,1.7681780444026762,3.3604397710694696,1.6393745
2024-09-02,0.76,0.76,3.0892727272727276,-3.639008718863419,1.324750004530519,1.7681780444026762,3.239143661165962,1.5993469
2024-09-03,0.74,0.67,3.069155844155844,-3.9812585299150953,1.291148022664814,1.7681780444026762,3.035663216516746,1.5091447
2024-09-04,0.76,0.62,3.078753246753247,-3.1881075783438035,1.2707561964040264,1.7681780444026762,3.1859705070886544,1.5091447
2024-09-05,0.69,0.73,3.034207792207792,-3.4657400308748656,1.3749655707949913,1.7681780444026762,3.1573561640853924,1.4719337
2024-09-06,0.69,0.74,3.014725108225108,-2.5697586224326905,1.3882254772565668,1.7681780444026762,3.1758904786764113,1.4512525
2024-09-07,0.69,0.76,3.032952380952381,-2.797658356604721,1.3958475648968927,1.7681780444026762,2.970017118581488,1.4899565
2024-09-08,0.72,0.94,2.9859123376623375,-3.454458902872055,1.15384619454507,1.7681780444026762,3.134911538261983,1.4719337
2024-09-09,0.94,0.76,2.9484209956709955,-3.4957816261711976,0.7778674612821647,1.7681780444026762,3.1145807804491716,1.5165304
2024-09-10,0.96,0.74,2.9693290043290044,-3.3870635448833966,0.5570844013338225,1.7681780444026762,3.1439660943836287,1.4719337
2024-09-11,0.94,0.76,2.939823593073593,-0.9168701362393179,0.5745754192646024,1.988079230617134,3.394419001381236,1.3022426
2024-09-12,1.03,0.69,2.9283690476190474,-1.0569210560414213,0.6016218075655998,1.7681780444026762,3.1802000413181335,1.5114108
2024-09-13,0.94,0.69,2.94322619047619,-2.5354069655681926,0.5752180034424921,1.7681780444026762,3.246144820653712,1.5430877
2024-09-14,0.94,0.69,2.93447619047619,-3.221511813248018,0.5899913338144059,1.7681780444026762,3.1366325884860515,1.4202441
2024-09-15,0.85,0.72,2.9309285714285713,-2.971412726406186,0.6003836304885007,1.7681780444026762,3.121181298750891,1.416114
2024-09-16,0.85,0.94,2.9886190476190477,-2.1452923283337313,0.5587190585072943,1.7681780444026762,3.224338140977585,1.4533249
2024-09-17,0.94,0.96,3.026928571428571,-1.9193895396591998,0.6711671459045992,1.7681780444026762,3.20154613498031,1.4979216
2024-09-18,0.94,0.94,3.052797619047619,9.090938641803964,0.7144718332598688,3.7542779372484656,4.6434267862298375,2.1414824
2024-09-19,0.94,1.03,3.1177261904761906,5.024055624889449,0.7464044503892279,2.8616499366990844,3.366136892117129,1.6532899
2024-09-20,1.14,0.94,3.135797619047619,-0.3207796304919448,0.8183452203807853,1.7681780444026762,3.726013736120018,1.7720792
2024-09-21,0.94,0.94,3.13552380952381,-2.6104451877193107,0.8802944329675456,1.7681780444026762,2.7001841182775816,1.5127121
2024-09-22,0.94,0.85,3.1646785714285715,-1.2476664005469011,0.8274067395382271,1.7681780444026762,2.6907179089677427,1.5165304
2024-09-23,0.62,0.85,3.1354285714285717,-0.5044052261924996,0.6288435681268338,1.7681780444026762,2.988171833901771,1.4719337
2024-09-24,0.55,0.94,3.1279047619047615,-0.0036123982905280627,0.6309107304926177,1.7681780444026762,3.0399083395498656,1.5534693
2024-09-25,0.49,0.94,3.1478333333333333,0.2903499007335668,0.6990055565304754,1.7402809704555942,2.437348090648645,1.5788778
2024-09-26,0.49,0.94,3.103595238095238,10.411209792248203,0.7842435172084126,3.7263808633013835,4.773264331028712,2.7493079
2024-09-27,0.49,1.14,3.0846428571428572,3.166639799682166,0.7702224633636403,2.1436728046808557,3.0841632379336583,1.7656231
2024-09-28,0.49,0.94,3.2144761904761903,8.000578216681056,0.9446131034930743,3.7263808633013835,4.3525952936201096,2.4800932
2024-09-29,0.49,0.94,3.3699761904761902,2.3815983277508757,1.0738659105466681,2.1436728046808557,2.2672599102954214,1.9956968
2024-09-30,0.49,0.62,3.45922619047619,3.463865011333752,1.2715002354472256,1.960182156670052,3.5806879646945267,2.069294
2024-10-01,0.54,0.55,3.58027380952381,0.5810871897099155,1.0903515766174814,1.7402809704555942,2.3382224787428867,1.5686462
2024-10-02,0.51,0.49,3.656166666666667,0.9870063009556382,0.9190145088789583,1.7402809704555942,2.6693165914066412,1.5324368
2024-10-03,0.49,0.49,3.748738095238095,1.4562253154273357,0.7723121550583116,1.7402809704555942,2.3367347864453727,1.5463295
2024-10-04,0.49,0.49,3.8160476190476187,1.0235448171635468,0.7905521509944893,1.7402809704555942,2.6634241330243413,1.5655177
2024-10-05,0.49,0.49,3.7870238095238093,0.7610955644350845,0.8497383577137276,1.7402809704555942,2.0082603739153195,1.5091186
2024-10-06,0.49,0.49,3.750654761904762,-0.022779131079520454,0.8319474025741427,1.7402809704555942,2.7188080756003887,1.5283067
2024-10-07,0.49,0.49,3.736416666666667,0.31286769938493464,0.8138010402927166,1.7402809704555942,2.646293381403983,1.5655177
2024-10-08,1.14,0.54,3.669345238095238,15.756297378646124,1.138477233458118,5.058636348184847,4.2404334848283325,2.0018497
2024-10-09,1.14,0.51,3.6510595238095243,5.930994777237768,1.1363804257379615,2.33155155630043,3.015159509827274,1.7126808
2024-10-10,1.14,0.49,3.7143333333333333,1.4129161645143817,1.3163109307715812,1.7402809704555942,4.440209892276168,2.1238282
2024-10-11,1.35,0.49,3.8079523809523814,-0.6254728730444015,1.262990891265074,1.383313152243732,2.066666132576151,0.7401493
2024-10-12,1.52,0.49,3.846940476190476,2.17478524735559,1.1338924479908479,1.7402809704555942,2.6668088288383447,1.5655177
2024-10-13,1.39,0.49,3.870666666666667,3.287046801573684,1.1550215264053265,1.7402809704555942,2.827060935241388,1.6556113
2024-10-14,1.14,0.49,3.9917023809523804,8.487790359509603,1.214205894500366,3.0996147823307894,3.094933302284841,2.357526
2024-10-15,1.14,1.14,4.086428571428572,8.85126243304166,1.142194788482926,3.380497762905354,3.211742220582097,2.297347
2024-10-16,1.14,1.14,4.189916666666667,14.879987942788654,1.3301074091392777,4.222048023505381,3.6493038594484575,3.028495
2024-10-17,1.14,1.14,4.200809523809523,5.809405512211672,1.3017681093994131,2.012058143829576,2.2150447193241303,1.9332681
2024-10-18,1.12,1.35,4.240738095238095,2.774415400450767,1.2785069808133394,1.6086663096043148,3.6932586657346054,2.0307171
2024-10-19,1.26,1.52,4.342559523809524,2.003127093462602,1.3268749773737023,1.6086663096043148,2.281453060617081,2.111319
2024-10-20,0.76,1.39,4.491345238095238,3.959284377320575,1.1572168510567868,1.6086663096043148,2.9472444879872675,1.8782728
2024-10-21,0.62,1.14,4.658261904761905,4.0718547581674684,1.1468640482720174,1.6086663096043148,2.6846369821462286,1.8590846
2024-10-22,1.14,1.14,4.832666666666666,21.887264524312823,1.7313368202871493,5.272212461292408,5.238918454232817,2.332627
2024-10-23,1.53,1.14,4.867511904761905,10.590574959497177,1.4821993721479196,2.1999368954491505,2.8504192419873178,2.484016
2024-10-24,1.26,1.14,4.957392857142857,4.0553581708331485,1.5179071109619913,1.6086663096043148,5.557760815898116,2.2410421
2024-10-25,1.67,1.12,4.976845238095238,7.57122947614954,1.9494020373259084,2.6110323032676486,3.199225543702047,2.0231068
2024-10-26,2.0,1.26,5.039035714285714,8.477725604811793,1.6290783090658065,1.8895492901788775,2.6916311566851348,2.129811
2024-10-27,1.83,0.76,4.904047619047619,8.462962436796314,1.5915024925491539,2.2987463676754585,3.616365153150869,2.4139576
2024-10-28,1.67,0.62,4.754666666666666,9.012848360566903,1.6172607060690596,2.2987463676754585,2.968121292214972,2.229068
2024-10-29,0.94,1.14,4.656297619047619,12.571878757100205,1.3522374401198862,2.96800012147951,4.476807669351666,2.0235155
2024-10-30,0.71,1.53,4.856623376623377,15.248520084638043,1.6118058293791164,3.8756491830246693,4.147075618317055,3.1897404
2024-10-31,0.93,1.26,4.983495670995672,8.033179143959202,1.6865226853140916,2.012058143829576,3.0579106501542053,2.1541638
2024-11-01,0.78,1.67,5.096303030303031,5.476029060654255,1.718227820083852,1.6086663096043148,3.669550278939027,1.9336336
2024-11-02,0.69,2.0,5.174835497835498,4.828010789193762,1.5744662183372213,1.6086663096043148,2.623600517290195,1.8292046
2024-11-03,0.62,1.83,5.669756493506493,7.08014909616557,1.6372548966265086,1.6086663096043148,3.1995348069601546,2.3371484
2024-11-04,0.62,1.67,5.978185064935066,6.59840808428714,1.5566208843601677,2.4546647238490973,3.0344378402066976,2.09401
2024-11-05,0.62,0.94,6.2109350649350645,9.16110400466911,1.524430606435641,3.144744781920246,3.7524438080135503,2.467759
2024-11-06,0.65,0.71,6.319337662337662,9.696272310701742,1.5490436194821309,3.144744781920246,3.103311921246925,2.5906026
2024-11-07,0.74,0.93,6.461285714285714,5.8409282584555875,1.2823171737143897,2.4546647238490973,3.688823593536213,2.1495187
2024-11-08,0.76,0.78,6.524038961038961,5.5609356202017,1.5055596296669806,2.4546647238490973,4.0727706294074535,2.2952218
2024-11-09,1.22,0.69,6.755766233766233,5.597855592536217,1.4216204775123789,2.4546647238490973,3.710955002398926,2.1495364
2024-11-10,5.56,0.62,6.695402597402597,5.681575176137255,1.33035261343807,2.4546647238490973,3.7849413930497713,2.0225449
2024-11-11,6.21,0.62,6.761311688311688,6.281418749482125,1.4697846440314957,2.4546647238490973,4.025304644628805,2.246495
2024-11-12,7.88,0.62,7.001519480519481,13.705055979917706,1.8121736957262018,4.440764616694889,5.021064922066988,3.0091407
2024-11-13,6.69,0.65,7.14512987012987,21.965250982242594,2.216889236772047,7.153604639912601,6.93077868168817,4.151996
2024-11-14,5.77,0.74,7.206935064935065,17.0881258471039,2.3312334281899165,4.844156450920152,6.78317269852613,3.052594
2024-11-15,5.77,0.76,7.310337662337662,22.782531769790722,2.364653747437943,7.145759565194858,8.377612063893743,1.6544025
2024-11-16,13.77,1.22,7.252207792207792,22.57822868491604,2.4441744227646085,5.330146862190176,5.764665930690699,1.6338038
2024-11-17,28.84,5.56,7.116103896103896,39.83093525810675,3.6080758906338133,7.657974760117045,11.002052681137485,2.7655373
2024-11-18,19.11,6.21,6.992909090909092,33.900257676203836,8.311859769668143,8.025761963788813,7.99634805183061,12.114344
2024-11-19,17.38,7.88,6.815961038961039,26.470184913107218,8.472733389083308,6.0102432666188506,8.369146581759635,7.561338
2024-11-20,15.3,6.69,6.920376623376623,21.893270449734384,7.033119267760188,7.779068060871169,5.239183400019713,12.659202
2024-11-21,11.17,5.77,6.958584415584416,35.188876721106354,12.536141315016891,14.435009572719494,7.047485529195704,10.1868925
2024-11-22,11.75,5.77,7.164675324675325,32.891245714719986,20.228579134866678,13.537291114270637,10.04367202912237,15.137268
2024-11-23,11.75,13.77,7.338909090909091,41.59298669367586,24.81194575225621,28.108830435926034,13.359558306730568,14.97964
2024-11-24,24.77,28.84,7.475753246753247,36.324937670282,23.976667137497614,20.454452329134877,21.136671605073587,12.076008
2024-11-25,23.71,19.11,7.666025974025975,28.03921760203915,21.858311875345752,15.7571501232131,13.961838749096886,13.313893
2024-11-26,21.34,17.38,7.703220779220779,19.758859231388627,12.917649434157411,14.871192424231577,8.796481126563867,13.38935
2024-11-27,19.7,15.3,7.541324675324676,31.31701923452078,33.02395192100534,20.792760187844998,18.4315420593906,28.87388
2024-11-28,15.8,11.17,7.634948051948052,27.41361325896351,16.968894288615637,22.85098659719003,20.756382374031475,17.510489
2024-11-29,13.89,11.75,7.84312987012987,34.638848476633214,44.53222550615225,31.52686960727134,18.725131611061666,28.928236
2024-11-30,10.62,11.75,8.123662337662337,32.699048638105225,39.84487973629777,18.79940271880654,24.418435121078303,16.37539
2024-12-01,8.92,24.77,9.334571428571428,38.46656710058998,44.052037845317024,24.642240621767936,25.16910348184712,47.904438
2024-12-02,45.35,23.71,10.971675324675326,31.907143845674657,55.7233468762943,43.462489909445246,20.04243845242045,30.520191
2024-12-03,40.58,21.34,12.738038961038963,25.200095391199294,21.382318091164016,23.32760225676633,17.385679324929715,17.948051
2024-12-04,23.73,19.7,14.642922077922078,22.682550438776843,17.47218746321788,28.88782054084451,18.92848302235963,26.302025
2024-12-05,19.11,15.8,16.927597402597403,30.176559329539906,60.36558126858437,58.203250854570236,25.14640826900554,44.299248
2024-12-06,21.06,13.89,18.91975324675325,32.47716463762325,63.86876748015078,80.15568446376038,28.55233200971692,68.60624
2024-12-07,28.88,10.62,20.739688311688308,37.33612550130546,52.211981642104526,89.01607447060476,30.53746133416687,54.91319
2024-12-08,22.28,8.92,21.81544155844156,41.9870209367908,47.24544073736126,102.17945171100445,35.645339205690945,48.826878
2024-12-09,17.38,45.35,23.24183116883117,32.00952994357632,40.57975920126501,77.59414149871427,24.381949910923613,42.01274
2024-12-10,16.31,40.58,24.834844155844156,34.184020983915,59.46619779297297,82.37717398542203,32.177759790563044,48.818077
2024-12-11,15.3,23.73,25.790675324675323,31.333066051300445,57.55750870732636,63.809417830208446,34.215661902026,43.456856
2024-12-12,12.78,19.11,26.31596103896104,28.310307972195943,39.45271749154734,46.92826628470831,38.05763400746409,52.65037
2024-12-13,15.4,21.06,27.220467532467534,27.61652343745538,31.587208013925764,48.42583281119574,34.063235090267256,49.461617
2024-12-14,18.54,28.88,28.536597402597405,27.732448709340936,26.43311248469183,60.16672313776399,29.442775409438333,40.953003
2024-12-15,17.38,22.28,29.870181818181816,29.508720009867023,30.9105462528835,60.76982710172624,30.599448489987616,39.294815
2024-12-16,15.3,17.38,30.92874025974026,25.35406388868835,24.238095950459332,48.14355006451008,32.37688332808251,42.363182
2024-12-17,15.3,16.31,32.69215584415584,26.67281804377159,44.89380797145771,42.44225952456492,36.384334708366666,43.61581
2024-12-18,14.34,15.3,34.679155844155844,33.97858582322757,60.205283701368835,50.086509400301786,41.121784509556505,54.47791
2024-12-19,11.75,12.78,38.04425974025974,35.22312874050503,63.32365188185972,50.949175718799154,39.93691467863226,51.468475
2024-12-20,8.92,15.4,40.55345454545454,28.86444187244777,41.850284698366856,44.17821646430083,31.298304496559492,38.80599
2024-12-21,8.31,18.54,41.95966233766234,26.064204288080578,29.400511389161764,36.34255588202158,29.499225481637232,36.760647
2024-12-22,7.74,17.38,42.06698701298701,32.44097767519288,73.08474671368364,51.07476918987821,36.101372195620925,60.713722
2024-12-23,7.74,15.3,41.629480519480516,30.203460737733984,31.33736801577903,42.853674575976505,40.02149301314325,54.35215
2024-12-24,7.74,15.3,41.89792207792208,26.98938043737175,20.419473169735898,35.64947885497091,37.60315560001489,30.792542
