date,discharge_m3s
1965-01-01,9.44
1965-01-02,9.44
1965-01-03,9.44
1965-01-04,9.7
1965-01-05,10.0
1965-01-06,10.6
1965-01-07,10.0
1965-01-08,9.7
1965-01-09,9.44
1965-01-10,9.33
1965-01-11,9.33
1965-01-12,9.44
1965-01-13,9.44
1965-01-14,9.44
1965-01-15,9.33
1965-01-16,9.22
1965-01-17,9.22
1965-01-18,9.11
1965-01-19,9.22
1965-01-20,9.22
1965-01-21,9.33
1965-01-22,9.22
1965-01-23,9.11
1965-01-24,9.11
1965-01-25,9.11
1965-01-26,9.11
1965-01-27,9.11
1965-01-28,9.0
1965-01-29,9.11
1965-01-30,9.11
1965-01-31,9.22
1965-02-01,9.11
1965-02-02,9.22
1965-02-03,9.22
1965-02-04,9.22
1965-02-05,9.33
1965-02-06,9.33
1965-02-07,9.33
1965-02-08,9.33
1965-02-09,9.22
1965-02-10,9.55
1965-02-11,10.0
1965-02-12,10.75
1965-02-13,11.5
1965-02-14,10.75
1965-02-15,13.0
1965-02-16,13.35
1965-02-17,14.6
1965-02-18,13.15
1965-02-19,11.65
1965-02-20,11.1
1965-02-21,10.95
1965-02-22,10.6
1965-02-23,10.6
1965-02-24,10.6
1965-02-25,10.6
1965-02-26,10.15
1965-02-27,10.0
1965-02-28,10.15
1965-03-01,11.25
1965-03-02,11.65
1965-03-03,11.1
1965-03-04,10.95
1965-03-05,10.75
1965-03-06,10.6
1965-03-07,10.15
1965-03-08,10.0
1965-03-09,9.7
1965-03-10,9.7
1965-03-11,9.85
1965-03-12,9.85
1965-03-13,9.85
1965-03-14,10.0
1965-03-15,10.15
1965-03-16,10.5
1965-03-17,10.3
1965-03-18,10.15
1965-03-19,10.0
1965-03-20,9.85
1965-03-21,9.85
1965-03-22,9.7
1965-03-23,10.0
1965-03-24,10.5
1965-03-25,10.15
1965-03-26,9.85
1965-03-27,9.85
1965-03-28,10.15
1965-03-29,10.5
1965-03-30,10.6
1965-03-31,10.5
1965-04-01,10.15
1965-04-02,10.5
1965-04-03,10.0
1965-04-04,9.85
1965-04-05,9.85
1965-04-06,9.85
1965-04-07,9.85
1965-04-08,9.7
1965-04-09,9.7
1965-04-10,9.7
1965-04-11,9.7
1965-04-12,9.85
1965-04-13,10.15
1965-04-14,10.15
1965-04-15,9.85
1965-04-16,9.85
1965-04-17,9.7
1965-04-18,9.7
1965-04-19,9.7
1965-04-20,9.7
1965-04-21,9.85
1965-04-22,9.85
1965-04-23,9.7
1965-04-24,9.55
1965-04-25,9.55
1965-04-26,9.7
1965-04-27,9.7
1965-04-28,9.7
1965-04-29,9.55
1965-04-30,9.44
1965-05-01,9.23
1965-05-02,9.58
1965-05-03,9.4
1965-05-04,9.64
1965-05-05,9.62
1965-05-06,9.39
1965-05-07,9.22
1965-05-08,9.24
1965-05-09,9.08
1965-05-10,8.92
1965-05-11,8.87
1965-05-12,9.52
1965-05-13,8.86
1965-05-14,9.17
1965-05-15,8.53
1965-05-16,9.22
1965-05-17,8.82
1965-05-18,9.22
1965-05-19,9.11
1965-05-20,9.15
1965-05-21,9.04
1965-05-22,8.82
1965-05-23,8.92
1965-05-24,8.95
1965-05-25,8.96
1965-05-26,9.09
1965-05-27,8.84
1965-05-28,8.76
1965-05-29,9.35
1965-05-30,9.41
1965-05-31,8.72
1965-06-01,8.33
1965-06-02,8.47
1965-06-03,8.91
1965-06-04,8.78
1965-06-05,8.8
1965-06-06,8.69
1965-06-07,8.77
1965-06-08,8.3
1965-06-09,8.36
1965-06-10,8.36
1965-06-11,8.27
1965-06-12,8.41
1965-06-13,8.32
1965-06-14,8.91
1965-06-15,8.98
1965-06-16,8.98
1965-06-17,8.91
1965-06-18,8.94
1965-06-19,9.04
1965-06-20,8.61
1965-06-21,8.49
1965-06-22,8.55
1965-06-23,8.53
1965-06-24,8.77
1965-06-25,8.77
1965-06-26,8.7
1965-06-27,8.65
1965-06-28,9.02
1965-06-29,8.59
1965-06-30,8.93
1965-07-01,8.82
1965-07-02,8.93
1965-07-03,8.93
1965-07-04,8.82
1965-07-05,8.93
1965-07-06,8.61
1965-07-07,8.61
1965-07-08,8.93
1965-07-09,8.77
1965-07-10,8.92
1965-07-11,8.77
1965-07-12,8.82
1965-07-13,8.82
1965-07-14,8.93
1965-07-15,8.82
1965-07-16,8.92
1965-07-17,8.92
1965-07-18,8.82
1965-07-19,8.82
1965-07-20,8.82
1965-07-21,8.82
1965-07-22,8.82
1965-07-23,8.82
1965-07-24,8.82
1965-07-25,8.93
1965-07-26,8.93
1965-07-27,8.82
1965-07-28,8.77
1965-07-29,8.77
1965-07-30,8.77
1965-07-31,8.77
1965-08-01,8.97
1965-08-02,9.07
1965-08-03,9.0
1965-08-04,8.69
1965-08-05,9.02
1965-08-06,8.96
1965-08-07,9.05
1965-08-08,9.04
1965-08-09,9.12
1965-08-10,8.92
1965-08-11,9.12
1965-08-12,9.07
1965-08-13,9.02
1965-08-14,9.01
1965-08-15,8.98
1965-08-16,9.08
1965-08-17,8.93
1965-08-18,9.31
1965-08-19,9.19
1965-08-20,9.06
1965-08-21,9.17
1965-08-22,9.06
1965-08-23,9.0
1965-08-24,9.05
1965-08-25,9.11
1965-08-26,8.5
1965-08-27,8.67
1965-08-28,8.59
1965-08-29,8.69
1965-08-30,8.5
1965-08-31,8.93
1965-09-01,8.78
1965-09-02,8.78
1965-09-03,8.78
1965-09-04,8.78
1965-09-05,8.78
1965-09-06,8.78
1965-09-07,8.78
1965-09-08,8.88
1965-09-09,8.78
1965-09-10,8.78
1965-09-11,8.78
1965-09-12,8.8
1965-09-13,8.39
1965-09-14,8.07
1965-09-15,9.27
1965-09-16,9.05
1965-09-17,9.14
1965-09-18,9.04
1965-09-19,9.0
1965-09-20,8.98
1965-09-21,8.38
1965-09-22,8.88
1965-09-23,8.61
1965-09-24,8.84
1965-09-25,8.6
1965-09-26,8.74
1965-09-27,8.08
1965-09-28,8.45
1965-09-29,8.07
1965-09-30,7.93
1965-10-01,8.71
1965-10-02,7.77
1965-10-03,8.1
1965-10-04,8.01
1965-10-05,7.96
1965-10-06,7.96
1965-10-07,8.14
1965-10-08,7.99
1965-10-09,7.94
1965-10-10,8.43
1965-10-11,7.68
1965-10-12,7.67
1965-10-13,8.01
1965-10-14,8.11
1965-10-15,8.05
1965-10-16,8.13
1965-10-17,8.15
1965-10-18,8.16
1965-10-19,8.27
1965-10-20,7.96
1965-10-21,8.0
1965-10-22,7.75
1965-10-23,8.02
1965-10-24,8.09
1965-10-25,8.11
1965-10-26,7.68
1965-10-27,7.75
1965-10-28,8.09
1965-10-29,8.0
1965-10-30,8.13
1965-10-31,8.18
1965-11-01,8.05
1965-11-02,8.08
1965-11-03,8.29
1965-11-04,8.12
1965-11-05,8.35
1965-11-06,8.12
1965-11-07,8.05
1965-11-08,8.33
1965-11-09,8.25
1965-11-10,8.26
1965-11-11,8.24
1965-11-12,8.29
1965-11-13,8.2
1965-11-14,8.4
1965-11-15,8.2
1965-11-16,8.41
1965-11-17,8.39
1965-11-18,8.5
1965-11-19,8.22
1965-11-20,8.41
1965-11-21,8.52
1965-11-22,8.47
1965-11-23,8.51
1965-11-24,7.92
1965-11-25,7.88
1965-11-26,8.28
1965-11-27,7.91
1965-11-28,8.11
1965-11-29,8.04
1965-11-30,8.4
1965-12-01,8.0
1965-12-02,8.12
1965-12-03,7.89
1965-12-04,7.69
1965-12-05,7.89
1965-12-06,8.04
1965-12-07,8.06
1965-12-08,8.02
1965-12-09,8.08
1965-12-10,8.15
1965-12-11,7.69
1965-12-12,7.99
1965-12-13,8.16
1965-12-14,8.0
1965-12-15,8.07
1965-12-16,8.21
1965-12-17,8.01
1965-12-18,8.06
1965-12-19,8.42
1965-12-20,8.32
1965-12-21,8.43
1965-12-22,7.94
1965-12-23,7.73
1965-12-24,8.05
1965-12-25,8.16
1965-12-26,8.2
1965-12-27,8.28
1965-12-28,8.46
1965-12-29,8.68
1965-12-30,8.32
1965-12-31,8.32
1966-01-01,8.14
1966-01-02,8.04
1966-01-03,8.18
1966-01-04,7.69
1966-01-05,7.88
1966-01-06,7.99
1966-01-07,8.07
1966-01-08,8.21
1966-01-09,8.22
1966-01-10,8.26
1966-01-11,8.11
1966-01-12,8.27
1966-01-13,8.36
1966-01-14,8.06
1966-01-15,8.62
1966-01-16,8.24
1966-01-17,7.92
1966-01-18,8.08
1966-01-19,8.33
1966-01-20,8.04
1966-01-21,8.39
1966-01-22,8.35
1966-01-23,8.53
1966-01-24,9.35
1966-01-25,8.52
1966-01-26,9.12
1966-01-27,9.08
1966-01-28,8.16
1966-01-29,8.41
1966-01-30,8.41
1966-01-31,8.52
1966-02-01,8.45
1966-02-02,9.1
1966-02-03,8.59
1966-02-04,7.96
1966-02-05,8.37
1966-02-06,7.88
1966-02-07,8.42
1966-02-08,7.9
1966-02-09,8.53
1966-02-10,8.42
1966-02-11,8.39
1966-02-12,8.4
1966-02-13,8.34
1966-02-14,8.1
1966-02-15,8.45
1966-02-16,8.0
1966-02-17,8.27
1966-02-18,8.04
1966-02-19,8.46
1966-02-20,10.3
1966-02-21,10.2
1966-02-22,10.4
1966-02-23,11.3
1966-02-24,10.45
1966-02-25,11.19
1966-02-26,11.43
1966-02-27,11.1
1966-02-28,11.5
1966-03-01,12.21
1966-03-02,11.05
1966-03-03,10.2
1966-03-04,10.2
1966-03-05,9.8
1966-03-06,9.0
1966-03-07,9.0
1966-03-08,8.66
1966-03-09,8.66
1966-03-10,8.66
1966-03-11,8.66
1966-03-12,8.66
1966-03-13,9.4
1966-03-14,10.2
1966-03-15,9.8
1966-03-16,12.2
1966-03-17,12.76
1966-03-18,13.28
1966-03-19,11.63
1966-03-20,12.2
1966-03-21,10.2
1966-03-22,10.2
1966-03-23,9.8
1966-03-24,9.0
1966-03-25,9.4
1966-03-26,9.0
1966-03-27,8.66
1966-03-28,8.32
1966-03-29,8.66
1966-03-30,8.66
1966-03-31,8.66
1966-04-01,8.66
1966-04-02,8.32
1966-04-03,8.32
1966-04-04,8.32
1966-04-05,8.0
1966-04-06,8.0
1966-04-07,8.0
1966-04-08,8.0
1966-04-09,8.0
1966-04-10,8.0
1966-04-11,8.0
1966-04-12,8.0
1966-04-13,8.32
1966-04-14,8.32
1966-04-15,8.32
1966-04-16,8.32
1966-04-17,7.7
1966-04-18,7.7
1966-04-19,8.0
1966-04-20,8.0
1966-04-21,8.0
1966-04-22,8.0
1966-04-23,8.0
1966-04-24,8.32
1966-04-25,8.32
1966-04-26,8.32
1966-04-27,8.32
1966-04-28,8.32
1966-04-29,8.32
1966-04-30,8.32
1966-05-01,7.986
1966-05-02,7.986
1966-05-03,7.839
1966-05-04,7.665
1966-05-05,7.907
1966-05-06,7.894
1966-05-07,8.57
1966-05-08,7.879
1966-05-09,7.954666666666666
1966-05-10,8.030333333333333
1966-05-11,8.106
1966-05-12,8.11
1966-05-13,8.068
1966-05-14,9.234
1966-05-15,9.301
1966-05-16,9.302
1966-05-17,9.264
1966-05-18,7.982
1966-05-19,8.457
1966-05-20,8.188
1966-05-21,8.107
1966-05-22,8.421
1966-05-23,8.446666666666665
1966-05-24,8.472333333333333
1966-05-25,8.498
1966-05-26,8.495
1966-05-27,7.961
1966-05-28,8.139
1966-05-29,8.268
1966-05-30,8.29
1966-05-31,8.542
1966-06-01,8.002
1966-06-02,7.165
1966-06-03,8.321
1966-06-04,8.327
1966-06-05,8.17
1966-06-06,8.022
1966-06-07,8.44
1966-06-08,8.371
1966-06-09,8.287
1966-06-10,8.58
1966-06-11,8.718
1966-06-12,8.102
1966-06-13,7.777
1966-06-14,8.18
1966-06-15,7.824
1966-06-16,7.68
1966-06-17,8.232
1966-06-18,8.249
1966-06-19,8.085
1966-06-20,7.809
1966-06-21,7.805
1966-06-22,8.196
1966-06-23,8.181
1966-06-24,8.569
1966-06-25,7.653
1966-06-26,7.986
1966-06-27,8.138
1966-06-28,8.0815
1966-06-29,8.025
1966-06-30,8.138
1966-07-01,9.163
1966-07-02,8.555
1966-07-03,7.933
1966-07-04,8.284
1966-07-05,8.328
1966-07-06,7.967
1966-07-07,8.371
1966-07-08,8.281
1966-07-09,8.408
1966-07-10,8.406
1966-07-11,8.317
1966-07-12,8.266
1966-07-13,8.266
1966-07-14,8.4495
1966-07-15,8.633
1966-07-16,8.276
1966-07-17,8.492
1966-07-18,8.647
1966-07-19,8.65
1966-07-20,8.555
1966-07-21,8.519
1966-07-22,8.221
1966-07-23,8.188
1966-07-24,8.289
1966-07-25,8.636
1966-07-26,8.699
1966-07-27,8.74
1966-07-28,8.799
1966-07-29,8.55
1966-07-30,8.523
1966-07-31,8.523
1966-08-01,8.507130434782608
1966-08-02,8.491260869565217
1966-09-15,7.793
1966-09-16,8.563
1966-09-17,8.046
1966-09-18,8.1
1966-09-19,7.99
1966-09-20,8.107
1966-09-21,8.908
1966-09-22,7.793
1966-09-23,7.834
1966-09-24,8.174
1966-09-25,8.232
1966-09-26,8.185
1966-09-27,8.184
1966-09-28,8.327
1966-09-29,8.197
1966-09-30,8.474
1966-10-01,7.793
1966-10-02,7.789
1966-10-03,8.563
1966-10-04,8.908
1966-10-05,8.089
1966-10-06,8.236
1966-10-07,8.232
1966-10-08,8.004
1966-10-09,7.789
1966-10-10,7.898
1966-10-11,8.074
1966-10-12,7.954
1966-10-13,7.766
1966-10-14,8.174
1966-10-15,11.087
1966-10-16,7.79
1966-10-17,8.563
1966-10-18,8.562
1966-10-19,7.931
1966-10-20,8.55
1966-10-21,8.581
1966-10-22,7.748
1966-10-23,8.249
1966-10-24,7.91
1966-10-25,7.95
1966-10-26,7.939
1966-10-27,7.716
1966-10-28,7.707
1966-10-29,7.671
1966-10-30,7.632
1966-10-31,8.551
1966-11-01,7.92
1966-11-02,8.006
1966-11-03,8.563
1966-11-04,8.236
1966-11-05,7.972
1966-11-06,7.789
1966-11-07,8.908
1966-11-08,8.089
1966-11-09,8.236
1966-11-10,8.563
1966-11-11,8.55
1966-11-12,8.065
1966-11-13,8.076
1966-11-14,7.593
1966-11-15,7.594
1966-11-16,7.843
1966-11-17,7.978
1966-11-18,7.09
1966-11-19,9.422
1966-11-20,8.182
1966-11-21,8.101
1966-11-22,8.163
1966-11-23,8.558
1966-11-24,8.768
1966-11-25,8.202
1966-11-26,8.341
1966-11-27,8.348
1966-11-28,9.047
1966-11-29,9.005
1966-11-30,8.868
1966-12-01,9.882
1966-12-02,9.757
1966-12-03,7.357
1966-12-04,7.181
1966-12-05,7.375
1966-12-06,8.684
1966-12-07,8.132
1966-12-08,8.044
1966-12-09,10.911
1966-12-10,8.994
1966-12-11,9.068
1966-12-12,8.965
1966-12-13,8.136
1966-12-14,8.872
1966-12-15,8.939
1966-12-16,7.728
1966-12-17,8.128
1966-12-18,7.6
1966-12-19,7.858
1966-12-20,8.1
1966-12-21,7.911
1966-12-22,8.087
1966-12-23,8.218
1966-12-24,8.042
1966-12-25,7.996
1966-12-26,8.175
1966-12-27,7.294
1966-12-28,7.774
1966-12-29,7.195
1966-12-30,8.028
1966-12-31,7.831
1967-01-01,8.249
1967-01-02,8.27
1967-01-03,9.019
1967-01-04,8.009
1967-01-05,8.271
1967-01-06,8.302
1967-01-07,8.016
1967-01-08,7.231
1967-01-09,7.296
1967-01-10,7.43
1967-01-11,7.43
1967-01-12,7.362
1967-01-13,7.53
1967-01-14,7.366
1967-01-15,7.043
1967-01-16,7.333
1967-01-17,7.322
1967-01-18,7.071
1967-01-19,7.05
1967-01-20,7.428
1967-01-21,8.408
1967-01-22,8.298
1967-01-23,8.411
1967-01-24,8.275
1967-01-25,8.311
1967-01-26,8.412
1967-01-27,18.616
1967-01-28,13.71
1967-01-29,11.539
1967-01-30,18.49
1967-01-31,18.943
1967-02-01,15.507
1967-02-02,15.054
1967-02-03,14.21
1967-02-04,20.733
1967-02-05,20.489
1967-02-06,16.882
1967-02-07,14.372
1967-02-08,13.16
1967-02-09,13.143
1967-02-10,11.696
1967-02-11,11.539
1967-02-12,11.531
1967-02-13,11.704
1967-02-14,13.71
1967-02-15,16.869
1967-02-16,16.856
1967-02-17,13.701
1967-02-18,13.692
1967-02-19,13.713
1967-02-20,14.205
1967-02-21,16.869
1967-02-22,16.874
1967-02-23,16.829
1967-02-24,11.539
1967-02-25,11.53
1967-02-26,24.164
1967-02-27,14.058
1967-02-28,15.511
1967-03-01,14.651
1967-03-02,13.284
1967-03-03,12.273
1967-03-04,11.696
1967-03-05,15.504
1967-03-06,17.236
1967-03-07,16.821
1967-03-08,16.869
1967-03-09,20.673
1967-03-10,17.938
1967-03-11,20.733
1967-03-12,20.593
1967-03-13,20.578
1967-03-14,20.643
1967-03-15,16.834
1967-03-16,14.758
1967-03-17,14.856
1967-03-18,14.842
1967-03-19,15.369
1967-03-20,20.133
1967-03-21,16.766
1967-03-22,17.284
1967-03-23,24.255
1967-03-24,16.906
1967-03-25,17.02
1967-03-26,16.291
1967-03-27,11.562
1967-03-28,13.129
1967-03-29,13.135
1967-03-30,11.679
1967-03-31,11.285333333333334
1967-04-01,10.891666666666666
1967-04-02,10.498
1967-04-03,10.537
1967-04-04,10.737
1967-04-05,11.486
1967-04-06,10.838
1967-04-07,10.693
1967-04-08,10.146
1967-04-09,10.459
1967-04-10,9.677
1967-04-11,9.651
1967-04-12,9.814
1967-04-13,9.01
1967-04-14,10.132
1967-04-15,10.574
1967-04-16,10.806
1967-04-17,10.583
1967-04-18,10.161
1967-04-19,10.13
1967-04-20,9.653
1967-04-21,9.809
1967-04-22,9.072
1967-04-23,9.075
1967-04-24,8.827
1967-04-25,8.931
1967-04-26,9.672
1967-04-27,8.834
1967-04-28,8.841
1967-04-29,8.982
1967-04-30,8.21
1967-05-01,8.259
1967-05-02,8.209
1967-05-03,8.079
1967-05-04,8.1
1967-05-05,8.052
1967-05-06,8.108
1967-05-07,9.064
1967-05-08,8.23
1967-05-09,8.227
1967-05-10,8.229
1967-05-11,8.501
1967-05-12,8.217
1967-05-13,8.111
1967-05-14,8.1
1967-05-15,8.376
1967-05-16,8.052
1967-05-17,8.103
1967-05-18,8.286
1967-05-19,8.309
1967-05-20,8.22
1967-05-21,8.302
1967-05-22,8.304
1967-05-23,8.294
1967-05-24,8.278
1967-05-25,8.244
1967-05-26,8.282
1967-05-27,8.307
1967-05-28,9.104
1967-05-29,8.259
1967-05-30,8.071
1967-05-31,8.193
1967-06-01,8.234
1967-06-02,8.168
1967-06-03,8.219
1967-06-04,8.084
1967-06-05,8.065
1967-06-06,7.553
1967-06-07,8.286
1967-06-08,8.555
1967-06-09,8.246
1967-06-10,8.17
1967-06-11,8.109
1967-06-12,8.128499999999999
1967-06-13,8.148
1967-06-14,8.116
1967-06-15,7.987
1967-06-16,8.102
1967-06-17,8.346
1967-06-18,8.077
1967-06-19,7.425
1967-06-20,8.359
1967-06-21,8.526
1967-06-22,8.532
1967-06-23,8.618
1967-06-24,8.704
1967-06-25,8.45
1967-06-26,8.23
1967-06-27,8.076
1967-06-28,8.101500000000001
1967-06-29,8.127
1967-06-30,8.019
1967-07-01,8.01996875
1967-07-02,8.0209375
1967-08-01,8.05
1967-08-02,7.978
1967-08-03,9.235
1967-08-04,8.338
1967-08-05,8.025
1967-08-06,8.289
1967-08-07,8.584
1967-08-08,7.626
1967-08-09,8.301
1967-08-10,8.46
1967-08-11,8.442
1967-08-12,8.263
1967-08-13,8.267
1967-08-14,8.395
1967-08-15,8.285
1967-08-16,8.584
1967-08-17,8.071
1967-08-18,8.134
1967-08-19,8.058
1967-08-20,8.306
1967-08-21,8.36
1967-08-22,8.149
1967-08-23,8.473
1967-08-24,8.434
1967-08-25,8.227
1967-08-26,8.154
1967-08-27,8.099
1967-08-28,8.123
1967-08-29,8.292
1967-08-30,8.349
1967-08-31,8.338
1967-09-01,7.978
1967-09-02,7.976
1967-09-03,9.235
1967-09-04,8.231
1967-09-05,8.025
1967-09-06,8.289
1967-09-07,8.584
1967-09-08,7.626
1967-09-09,8.301
1967-09-10,8.46
1967-09-11,8.418
1967-09-12,8.442
1967-09-13,8.263
1967-09-14,8.432
1967-09-15,8.299
1967-09-16,8.8
1967-09-17,8.8
1967-09-18,8.316
1967-09-19,8.09
1967-09-20,8.016
1967-09-21,8.006
1967-09-22,8.299
1967-09-23,8.248
1967-09-24,7.973
1967-09-25,8.246
1967-09-26,8.237
1967-09-27,8.242
1967-09-28,8.142
1967-09-29,8.144
1967-09-30,8.258
1967-10-01,8.753
1967-10-02,8.809
1967-10-03,8.459
1967-10-04,8.83
1967-10-05,8.78
1967-10-06,8.021
1967-10-07,8.368
1967-10-08,8.715
1967-10-09,8.859
1967-10-10,8.662
1967-10-11,8.608
1967-10-12,7.962
1967-10-13,7.878
1967-10-14,7.846
1967-10-15,7.766
1967-10-16,7.963
1967-10-17,7.921
1967-10-18,7.993
1967-10-19,7.811
1967-10-20,7.919
1967-10-21,7.688
1967-10-22,7.961
1967-10-23,8.24
1967-10-24,8.191
1967-10-25,8.73
1967-10-26,8.745
1967-10-27,8.8
1967-10-28,8.747
1967-10-29,8.268
1967-10-30,8.032
1967-10-31,7.189
1967-11-01,8.198
1967-11-02,8.225
1967-11-03,8.227
1967-11-04,8.298
1967-11-05,8.116
1967-11-06,8.005
1967-11-07,8.175
1967-11-08,8.033
1967-11-09,7.903
1967-11-10,7.917
1967-11-11,7.988
1967-11-12,7.929
1967-11-13,8.225
1967-11-14,8.033
1967-11-15,7.929
1967-11-16,8.162
1967-11-17,8.162
1967-11-18,8.162
1967-11-19,8.013
1967-11-20,7.929
1967-11-21,7.998
1967-11-22,7.997
1967-11-23,7.793
1967-11-24,7.946
1967-11-25,7.81
1967-11-26,7.862
1967-11-27,7.896
1967-11-28,7.872
1967-11-29,7.751
1967-11-30,7.844
1967-12-01,7.832
1967-12-02,7.833
1967-12-03,7.612
1967-12-04,7.464
1967-12-05,7.773
1967-12-06,7.848
1967-12-07,7.741
1967-12-08,7.748
1967-12-09,7.74
1967-12-10,7.899
1967-12-11,7.905
1967-12-12,7.812
1967-12-13,7.985
1967-12-14,7.692
1967-12-15,7.867
1967-12-16,7.769
1967-12-17,7.923
1967-12-18,7.974
1967-12-19,8.102
1967-12-20,7.653
1967-12-21,8.079
1967-12-22,7.852
1967-12-23,7.837
1967-12-24,7.861
1967-12-25,7.893
1967-12-26,8.052
1967-12-27,9.146
1967-12-28,9.587
1967-12-29,8.543
1967-12-30,8.303
1967-12-31,8.23
1968-01-01,9.268
1968-01-02,7.963
1968-01-03,8.088
1968-01-04,10.336
1968-01-05,12.263
1968-01-06,12.313
1968-01-07,16.763
1968-01-08,13.269
1968-01-09,16.173
1968-01-10,18.868
1968-01-11,18.818
1968-01-12,17.757
1968-01-13,15.837
1968-01-14,17.174
1968-01-15,16.327
1968-01-16,17.799
1968-01-17,15.529
1968-01-18,17.993
1968-01-19,18.512
1968-01-20,19.521
1968-01-21,12.912
1968-01-22,14.636
1968-01-23,13.363
1968-01-24,14.59
1968-01-25,11.436
1968-01-26,11.702
1968-01-27,12.96
1968-01-28,12.087
1968-01-29,11.925
1968-01-30,11.553
1968-01-31,11.263
1968-02-01,14.638
1968-02-02,15.076
1968-02-03,15.27
1968-02-04,10.347
1968-02-05,10.761
1968-02-06,10.765
1968-02-07,10.364
1968-02-08,10.37
1968-02-09,10.312
1968-02-10,15.276
1968-02-11,16.19
1968-02-12,17.198
1968-02-13,15.719
1968-02-14,13.326
1968-02-15,15.702
1968-02-16,15.214
1968-02-17,15.425
1968-02-18,10.9
1968-02-19,15.199
1968-02-20,9.636
1968-02-21,14.192
1968-02-22,14.125
1968-02-23,15.05
1968-02-24,16.133
1968-02-25,14.324
1968-02-26,10.047
1968-02-27,9.183
1968-02-28,9.176693548387096
1968-02-29,9.170387096774194
1968-11-01,7.619
1968-11-02,7.516
1968-11-03,7.581
1968-11-04,8.098
1968-11-05,8.259
1968-11-06,7.988
1968-11-07,8.264
1968-11-08,7.981
1968-11-09,8.522
1968-11-10,7.321
1968-11-11,7.421
1968-11-12,7.413
1968-11-13,7.427
1968-11-14,7.391
1968-11-15,7.418
1968-11-16,7.299
1968-11-17,7.362
1968-11-18,7.307
1968-11-19,7.438
1968-11-20,7.439
1968-11-21,6.575
1968-11-22,7.321
1968-11-23,7.476
1968-11-24,7.424
1968-11-25,7.318
1968-11-26,6.672
1968-11-27,7.335
1968-11-28,6.91
1968-11-29,7.422
1968-11-30,6.291
1968-12-01,7.805
1968-12-02,7.541
1968-12-03,7.605
1968-12-04,7.708
1968-12-05,7.757
1968-12-06,7.901
1968-12-07,7.515
1968-12-08,7.382
1968-12-09,7.755
1968-12-10,7.883
1968-12-11,7.815
1968-12-12,7.48
1968-12-13,7.986
1968-12-14,8.599
1968-12-15,8.591
1968-12-16,8.715
1968-12-17,10.712
1968-12-18,10.48
1968-12-19,10.153
1968-12-20,10.435
1968-12-21,9.325
1968-12-22,9.351
1968-12-23,9.238
1968-12-24,9.186
1968-12-25,9.066
1968-12-26,9.001
1968-12-27,8.592
1968-12-28,8.597
1968-12-29,8.316
1968-12-30,8.318
1968-12-31,8.442
1969-01-01,8.81
1969-01-02,8.162
1969-01-03,7.462
1969-01-04,7.712
1969-01-05,7.676
1969-01-06,7.839
1969-01-07,7.707
1969-01-08,7.755
1969-01-09,7.403
1969-01-10,7.382
1969-01-11,7.482
1969-01-12,7.515
1969-01-13,10.48
1969-01-14,10.712
1969-01-15,10.74
1969-01-16,10.251
1969-01-17,10.254
1969-01-18,9.131
1969-01-19,8.675
1969-01-20,7.761
1969-01-21,7.598
1969-01-22,7.535
1969-01-23,7.895
1969-01-24,7.802
1969-01-25,8.156
1969-01-26,8.701
1969-01-27,8.635
1969-01-28,10.742
1969-01-29,9.694
1969-01-30,8.64
1969-01-31,8.909
1969-02-01,10.679
1969-02-02,7.636
1969-02-03,7.222
1969-02-04,7.092
1969-02-05,7.708
1969-02-06,7.435
1969-02-07,9.767
1969-02-08,10.912
1969-02-09,14.167
1969-02-10,15.0
1969-02-11,14.137
1969-02-12,10.303
1969-02-13,8.083
1969-02-14,7.881
1969-02-15,7.458
1969-02-16,20.362
1969-02-17,14.37
1969-02-18,17.949
1969-02-19,20.177
1969-02-20,19.05
1969-02-21,33.095
1969-02-22,23.656
1969-02-23,18.477
1969-02-24,15.099
1969-02-25,20.345
1969-02-26,14.867
1969-02-27,17.719
1969-02-28,17.891
1969-03-01,8.834
1969-03-02,8.943
1969-03-03,9.283
1969-03-04,8.707
1969-03-05,9.2
1969-03-06,9.144
1969-03-07,9.094
1969-03-08,9.129
1969-03-09,9.204
1969-03-10,9.03
1969-03-11,9.226
1969-03-12,8.782
1969-03-13,9.12
1969-03-14,8.636
1969-03-15,8.974
1969-03-16,9.333
1969-03-17,8.901
1969-03-18,8.993
1969-03-19,9.079
1969-03-20,7.889
1969-03-21,9.274
1969-03-22,8.835
1969-03-23,9.01
1969-03-24,9.286
1969-03-25,8.826
1969-03-26,9.518
1969-03-27,9.474
1969-03-28,8.759
1969-03-29,8.973
1969-03-30,8.899
1969-03-31,9.47
1969-04-01,8.864
1969-04-02,8.75
1969-04-03,9.645
1969-04-04,9.12
1969-04-05,9.06
1969-04-06,9.191
1969-04-07,9.283
1969-04-08,9.118
1969-04-09,8.958
1969-04-10,9.194
1969-04-11,9.231
1969-04-12,8.93
1969-04-13,9.252
1969-04-14,8.744
1969-04-15,9.649
1969-04-16,9.103
1969-04-17,9.073
1969-04-18,8.623
1969-04-19,9.099
1969-04-20,8.827
1969-04-21,8.884
1969-04-22,8.998
1969-04-23,9.027
1969-04-24,9.227
1969-04-25,8.988
1969-04-26,8.569
1969-04-27,9.254
1969-04-28,8.13
1969-04-29,9.191
1969-04-30,8.777
1969-05-01,8.82
1969-05-02,8.82
1969-05-03,8.82
1969-05-04,9.14
1969-05-05,9.14
1969-05-06,9.14
1969-05-07,9.14
1969-05-08,9.14
1969-05-09,9.14
1969-05-10,9.14
1969-05-11,9.14
1969-05-12,9.14
1969-05-13,9.14
1969-05-14,9.14
1969-05-15,9.14
1969-05-16,9.14
1969-05-17,9.14
1969-05-18,9.14
1969-05-19,9.14
1969-05-20,8.82
1969-05-21,9.14
1969-05-22,9.14
1969-05-23,9.14
1969-05-24,8.82
1969-05-25,8.82
1969-05-26,9.14
1969-05-27,9.14
1969-05-28,9.14
1969-05-29,9.14
1969-05-30,9.14
1969-05-31,9.14
1969-06-01,9.026
1969-06-02,9.813
1969-06-03,8.488
1969-06-04,9.542
1969-06-05,9.229
1969-06-06,10.003
1969-06-07,10.146
1969-06-08,9.477
1969-06-09,9.306
1969-06-10,9.409
1969-06-11,9.462
1969-06-12,9.437285714285714
1969-06-13,9.412571428571429
1969-06-18,9.289
1969-06-19,9.535
1969-06-20,9.54
1969-06-21,9.207
1969-06-22,9.999
1969-06-23,9.537
1969-06-24,8.447
1969-06-25,9.494
1969-06-26,9.542
1969-06-27,9.421
1969-06-28,9.658
1969-06-29,9.511
1969-06-30,9.626
1969-07-01,10.003
1969-07-02,9.855
1969-07-03,9.668
1969-07-04,9.408
1969-07-05,10.003
1969-07-06,9.85
1969-07-07,9.612
1969-07-08,9.911
1969-07-09,9.802
1969-07-10,9.833
1969-07-11,9.446
1969-07-12,10.0
1969-07-13,10.001
1969-07-14,8.843
1969-07-15,10.129
1969-07-16,10.004
1969-07-17,9.862
1969-07-18,9.217
1969-07-19,8.972
1969-07-20,9.778
1969-07-21,9.126
1969-07-22,9.311
1969-07-23,9.309
1969-07-24,9.307
1969-07-28,9.299
1969-07-29,9.659
1969-07-30,9.239
1969-07-31,9.25
1969-08-01,9.061
1969-08-02,9.345
1969-08-03,9.78
1969-08-04,9.424
1969-08-05,9.105
1969-08-06,8.999
1969-08-07,9.159
1969-08-08,9.202
1969-08-09,9.058
1969-08-10,9.816
1969-08-11,9.183
1969-08-12,8.486
1969-08-13,9.001
1969-08-14,9.415
1969-08-15,9.115
1969-08-16,9.059
1969-08-17,8.477
1969-08-18,9.332
1969-08-19,9.012
1969-08-20,9.764
1969-08-21,9.227
1969-08-22,9.116
1969-08-23,9.046
1969-08-24,9.061
1969-08-25,9.175
1969-08-26,9.252
1969-08-27,9.231
1969-08-28,9.047
1969-08-29,9.0315
1969-08-30,9.016
1969-10-01,8.52
1969-10-02,8.23
1969-10-03,8.23
1969-10-04,8.23
1969-10-05,8.23
1969-10-06,8.52
1969-10-07,8.82
1969-10-08,8.82
1969-10-09,8.82
1969-10-10,8.82
1969-10-11,8.52
1969-10-12,8.82
1969-10-13,8.82
1969-10-14,8.23
1969-10-15,8.23
1969-10-16,8.23
1969-10-17,8.52
1969-10-18,8.52
1969-10-19,8.23
1969-10-20,8.23
1969-10-21,7.96
1969-10-22,8.23
1969-10-23,7.96
1969-10-24,7.96
1969-10-25,7.96
1969-10-26,8.23
1969-10-27,8.82
1969-10-28,8.82
1969-10-29,8.82
1969-10-30,9.14
1969-10-31,9.14
1969-11-01,9.14
1969-11-02,9.14
1969-11-03,9.14
1969-11-04,9.14
1969-11-05,9.14
1969-11-06,9.14
1969-11-07,9.14
1969-11-08,9.14
1969-11-09,9.14
1969-11-10,9.14
1969-11-11,9.14
1969-11-12,9.43
1969-11-13,9.14
1969-11-14,9.14
1969-11-15,9.14
1969-11-16,9.14
1969-11-17,8.82
1969-11-18,8.52
1969-11-19,8.82
1969-11-20,8.82
1969-11-21,8.82
1969-11-22,8.82
1969-11-23,9.14
1969-11-24,7.96
1969-11-25,8.23
1969-11-26,10.0
1969-11-27,9.74
1969-11-28,8.82
1969-11-29,8.82
1969-11-30,8.52
1969-12-01,8.82
1969-12-02,8.82
1969-12-03,8.82
1969-12-04,8.82
1969-12-05,8.52
1969-12-06,8.52
1969-12-07,8.82
1969-12-08,8.82
1969-12-09,8.82
1969-12-10,9.14
1969-12-11,9.14
1969-12-12,9.14
1969-12-13,8.82
1969-12-14,8.52
1969-12-15,8.52
1969-12-16,8.52
1969-12-17,8.82
1969-12-18,8.82
1969-12-19,8.52
1969-12-20,8.52
1969-12-21,8.82
1969-12-22,8.52
1969-12-23,8.82
1969-12-24,8.52
1969-12-25,8.52
1969-12-26,8.52
1969-12-27,10.7
1969-12-28,10.7
1969-12-29,10.7
1969-12-30,11.3
1969-12-31,13.1
1970-01-01,13.030507042253522
1970-01-02,12.961014084507042
1970-03-12,8.166
1970-03-13,9.848
1970-03-14,11.246
1970-03-15,11.911
1970-03-16,10.937
1970-03-17,11.515
1970-03-18,11.2
1970-03-19,8.23
1970-03-20,9.918
1970-03-21,10.427
1970-03-22,9.896
1970-03-23,8.006
1970-03-24,9.516
1970-03-25,9.722
1970-03-26,8.893
1970-03-27,7.676
1970-03-28,11.815
1970-03-29,11.408
1970-03-30,11.18
1970-03-31,11.096309523809524
1970-04-01,11.012619047619047
1970-06-22,4.15
1970-06-23,4.599
1970-06-24,3.77
1970-06-25,3.78
1970-06-26,3.82
1970-06-27,3.98
1970-06-28,3.58
1970-06-29,3.62
1970-06-30,3.84
1970-07-01,3.72
1970-07-02,3.88
1970-07-03,3.95
1970-07-04,3.92
1970-07-05,4.5
1970-07-06,3.93
1970-07-07,3.84
1970-07-08,3.74
1970-07-09,4.54
1970-07-10,4.33
1970-07-11,4.18
1970-07-12,4.05
1970-07-13,3.95
1970-07-14,3.98
1970-07-15,3.82
1970-07-16,3.99
1970-07-17,3.94
1970-07-18,4.09
1970-07-19,4.05
1970-07-20,3.95
1970-07-21,4.06
1970-07-22,3.82
1970-07-23,3.84
1970-07-24,3.84
1970-07-25,3.84
1970-07-26,4.4
1970-07-27,3.84
1970-07-28,3.84
1970-07-29,3.77
1970-07-30,4.55
1970-07-31,3.71
1970-08-01,4.59
1970-08-02,3.37
1970-08-03,3.82
1970-08-04,3.98
1970-08-05,3.58
1970-08-06,3.62
1970-08-07,3.71
1970-08-08,3.84
1970-08-09,3.7
1970-08-10,3.95
1970-08-11,3.88
1970-08-12,3.92
1970-08-13,4.5
1970-08-14,3.93
1970-08-15,3.84
1970-08-16,3.95
1970-08-17,3.98
1970-08-18,3.74
1970-08-19,3.7746206896551726
1970-08-20,3.809241379310345
1970-12-12,7.756
1970-12-13,7.837
1970-12-14,7.923
1970-12-15,7.914
1970-12-16,8.938
1970-12-17,7.928
1970-12-18,7.41
1970-12-19,7.315
1970-12-20,7.53
1970-12-21,7.574
1970-12-22,8.497
1970-12-23,8.385
1970-12-24,8.395
1970-12-25,5.599
1970-12-26,8.649
1970-12-27,8.607
1970-12-28,9.355
1970-12-29,9.205
1970-12-30,9.426
1970-12-31,9.002
1971-01-01,9.0000625
1971-01-02,8.998125
1971-02-01,8.94
1971-02-02,9.54
1971-02-03,8.91
1971-02-04,10.175
1971-02-05,10.447
1971-02-06,10.358
1971-02-07,9.691
1971-02-08,10.406
1971-02-09,9.602
1971-02-10,8.994
1971-02-11,9.399
1971-02-12,10.622
1971-02-13,10.231
1971-02-14,10.395
1971-02-15,9.739
1971-02-16,10.051
1971-02-17,7.672
1971-02-18,10.799
1971-02-19,10.158
1971-02-20,10.164
1971-02-21,14.229
1971-02-22,14.299
1971-02-23,14.253
1971-02-24,12.299
1971-02-25,10.073
1971-02-26,12.755
1971-02-27,18.563
1971-02-28,18.11
1971-03-01,15.618
1971-03-02,15.097
1971-03-03,15.042
1971-03-04,14.482
1971-03-05,13.461
1971-03-06,14.347
1971-03-07,13.345
1971-03-08,14.858
1971-03-09,9.244
1971-03-10,10.746
1971-03-11,9.254
1971-03-12,11.201
1971-03-13,11.526
1971-03-14,12.148
1971-03-15,12.186
1971-03-16,10.764
1971-03-17,10.706923076923076
1971-03-18,10.649846153846154
1971-03-29,10.022
1971-03-30,9.203
1971-03-31,9.358
1971-04-01,9.373921146953403
1971-04-02,9.38984229390681
1972-01-04,13.8
1972-01-05,13.85
1972-01-06,13.9
1972-01-08,14.0
1972-01-09,13.911111111111111
1972-01-10,13.822222222222225
1972-01-17,13.2
1972-01-18,13.171024096385542
1972-01-19,13.142048192771083
1972-07-01,8.39
1972-07-02,8.39
1972-07-03,8.39
1972-07-04,8.39
1972-07-05,8.39
1972-07-06,8.39
1972-07-07,8.39
1972-07-08,8.39
1972-07-09,8.39
1972-07-10,8.39
1972-07-11,8.39
1972-07-12,8.39
1972-07-13,8.39
1972-07-14,8.39
1972-07-15,8.39
1972-07-16,8.39
1972-07-17,8.39
1972-07-18,8.39
1972-07-19,8.39
1972-07-20,8.39
1972-07-21,8.39
1972-07-22,8.39
1972-07-23,8.39
1972-07-24,8.39
1972-07-25,8.45
1972-07-26,8.45
1972-07-27,8.45
1972-07-28,8.45
1972-07-29,8.45
1972-07-30,8.45
1972-07-31,8.45
1972-08-01,8.39
1972-08-02,8.39
1972-08-03,8.39
1972-08-04,8.39
1972-08-05,8.39
1972-08-06,8.39
1972-08-07,8.39
1972-08-08,8.45
1972-08-09,8.45
1972-08-10,8.45
1972-08-11,8.45
1972-08-12,8.45
1972-08-13,8.45
1972-08-14,8.45
1972-08-15,8.45
1972-08-16,8.45
1972-08-17,8.45
1972-08-18,8.45
1972-08-19,8.45
1972-08-20,8.45
1972-08-21,8.45
1972-08-22,8.45
1972-08-23,8.45
1972-08-24,8.45
1972-08-25,8.51
1972-08-26,8.51
1972-08-27,8.51
1972-08-28,8.51
1972-08-29,8.51
1972-08-30,8.51
1972-08-31,8.51
1972-10-01,8.51
1972-10-02,8.8
1972-10-03,8.705
1972-10-04,8.61
1972-10-05,8.716666666666667
1972-10-06,8.823333333333332
1972-10-07,8.93
1972-10-08,8.7
1972-10-09,9.32
1972-10-10,9.283333333333331
1972-10-11,9.246666666666668
1972-10-12,9.21
1972-10-13,9.385000000000002
1972-10-14,9.56
1972-10-15,10.2
1972-10-16,10.4
1972-10-17,10.357142857142858
1972-10-18,10.314285714285717
1972-10-23,10.1
1972-10-24,10.183333333333334
1972-10-25,10.266666666666666
1972-10-29,10.6
1972-10-30,10.75
1972-10-31,10.9
1972-11-01,10.4
1972-11-02,10.34
1972-11-03,10.28
1972-11-06,10.1
1972-11-07,9.63
1972-11-08,9.705
1972-11-09,9.78
1972-11-10,9.41
1972-11-11,9.25
1972-11-12,9.16125
1972-11-13,9.0725
1972-11-19,8.54
1972-11-20,8.576666666666666
1972-11-21,8.613333333333333
1972-11-22,8.65
1972-11-23,8.722222222222223
1972-11-24,8.794444444444444
1972-12-01,9.3
1972-12-02,9.58
1972-12-03,9.42
1972-12-04,9.3
1972-12-05,9.62
1972-12-06,8.96
1972-12-07,9.28
1972-12-08,9.64
1972-12-09,9.35
1972-12-10,9.71
1972-12-11,10.6
1972-12-12,12.1
1972-12-13,10.1
1972-12-14,10.7
1972-12-15,9.351
1972-12-16,9.68
1972-12-17,9.31
1972-12-18,9.21
1972-12-19,9.31
1972-12-20,9.44
1972-12-21,9.49
1972-12-22,9.51
1972-12-23,9.44
1972-12-24,9.25
1972-12-25,9.21
1972-12-26,9.37
1972-12-27,9.26
1972-12-28,9.18
1972-12-29,9.175
1972-12-30,9.17
1972-12-31,9.32
1973-01-01,9.323488372093024
1973-01-02,9.326976744186046
1973-06-21,9.92
1973-06-22,9.42
1973-06-23,9.36
1973-06-24,9.82
1973-06-25,9.45
1973-06-26,8.94
1973-06-27,9.5
1973-06-28,9.5
1973-06-29,9.35
1973-06-30,10.1
1973-07-01,9.545
1973-07-02,9.553
1973-07-03,9.628
1973-07-04,9.723
1973-07-05,10.164
1973-07-06,10.687
1973-07-07,10.104
1973-07-08,9.121
1973-07-09,10.2
1973-07-10,10.685
1973-07-11,10.069
1973-07-12,10.857
1973-07-13,9.081
1973-07-14,9.193
1973-07-15,9.995
1973-07-16,10.068
1973-07-17,8.646
1973-07-18,10.392
1973-07-19,8.932
1973-07-20,8.924
1973-07-21,8.788
1973-07-22,10.121
1973-07-23,9.187
1973-07-24,9.8
1973-07-25,10.569
1973-07-26,9.217
1973-07-27,9.66
1973-07-28,10.221
1973-07-29,10.145
1973-07-30,10.141
1973-07-31,9.7435
1973-08-01,9.346
1973-08-02,9.396
1973-08-03,9.568
1973-08-04,9.511
1973-08-05,9.136
1973-08-06,10.61
1973-08-07,9.676
1973-08-08,9.752
1973-08-09,9.1
1973-08-10,9.515
1973-08-11,9.64
1973-08-12,9.102
1973-08-13,9.69
1973-08-14,9.506
1973-08-15,9.115
1973-08-16,9.774
1973-08-17,9.786
1973-08-18,9.836
1973-08-19,9.796
1973-08-20,9.852
1973-08-21,9.882
1973-08-22,9.209
1973-08-23,9.658
1973-08-24,9.787
1973-08-25,9.848
1973-08-26,9.242
1973-08-27,9.645
1973-08-28,9.071
1973-08-29,9.071
1973-08-30,9.676
1973-08-31,9.768
1973-09-01,9.86
1973-09-02,9.87
1973-09-03,9.86
1973-09-04,9.85
1973-09-11,9.78
1973-09-12,10.2
1973-09-13,10.2
1973-09-14,10.0
1973-09-15,10.4
1973-09-16,10.3
1973-09-17,10.3
1973-09-18,10.1
1973-09-19,10.4
1973-09-20,9.35
1973-09-21,10.4
1973-09-22,10.4
1973-09-23,10.2
1973-09-24,10.4
1973-09-25,10.5
1973-09-26,10.7
1973-09-27,10.6
1973-09-28,10.6
1973-09-29,9.71
1973-09-30,11.1
1973-10-01,11.088
1973-10-02,10.631
1973-10-03,10.549
1973-10-04,10.895
1973-10-05,10.706
1973-10-06,10.824
1973-10-07,10.435
1973-10-08,10.06
1973-10-09,10.086
1973-10-10,10.397
1973-10-11,10.893
1973-10-12,10.711
1973-10-13,10.555
1973-10-14,10.876
1973-10-15,10.393
1973-10-16,10.675
1973-10-17,10.539
1973-10-18,10.822
1973-10-19,10.687
1973-10-20,11.091
1973-10-21,11.07
1973-10-22,10.069
1973-10-23,10.059
1973-10-24,10.049
1973-10-25,10.203
1973-10-26,10.33
1973-10-27,10.419
1973-10-28,10.702
1973-10-29,10.504
1973-10-30,10.801
1973-10-31,10.62
1973-11-01,10.738153846153846
1973-11-02,10.856307692307691
1974-01-04,18.3
1974-01-05,18.5
1974-01-06,19.1
1974-01-07,19.6
1974-01-08,22.866666666666667
1974-01-09,26.133333333333333
1974-01-10,29.4
1974-01-11,28.0
1974-01-12,25.25
1974-01-13,22.5
1974-01-14,25.65
1974-01-15,28.8
1974-01-16,26.766666666666666
1974-01-17,24.73333333333333
1974-01-18,22.7
1974-01-19,22.666666666666664
1974-01-20,22.633333333333333
1974-01-24,22.5
1974-01-25,22.75
1974-01-26,23.0
1974-01-27,22.1
1974-01-28,21.2
1974-01-29,23.5
1974-01-30,23.75
1974-01-31,24.0
1974-02-01,22.0
1974-02-02,22.05
1974-02-03,22.1
1974-02-04,22.1
1974-02-05,22.1
1974-02-07,22.1
1974-02-08,21.433333333333337
1974-02-09,20.76666666666667
1974-02-10,20.1
1974-02-11,19.8
1974-02-12,19.5
1974-02-13,21.55
1974-02-14,23.6
1974-02-15,17.4
1974-02-16,17.0
1974-02-17,16.9
1974-02-18,21.1
1974-02-19,25.3
1974-02-20,24.700000000000003
1974-02-21,24.1
1974-02-22,24.4
1974-02-23,22.25
1974-02-24,20.1
1974-02-25,21.0
1974-02-26,19.725555555555555
1974-02-27,18.45111111111111
1974-03-06,9.53
1974-03-07,9.72
1974-03-08,9.91
1974-03-09,10.1
1974-03-10,9.818
1974-03-11,9.536
1974-03-14,8.69
1974-03-15,8.948571428571428
1974-03-16,9.207142857142856
1974-03-21,10.5
1974-03-22,11.7
1974-03-23,12.9
1974-03-24,11.913333333333334
1974-03-25,10.926666666666666
1974-03-26,9.94
1974-03-27,10.8
1974-03-28,10.78
1974-03-29,10.76
1974-04-01,10.7
1974-04-02,10.7
1974-04-03,10.7
1974-04-04,10.65
1974-04-05,10.6
1974-04-06,10.575
1974-04-07,10.55
1974-04-09,10.5
1974-04-10,10.235
1974-04-11,9.97
1974-04-12,10.113333333333332
1974-04-13,10.256666666666668
1974-04-14,10.4
1974-04-15,10.525
1974-04-16,10.65
1974-04-18,10.9
1974-04-19,10.83
1974-04-20,10.76
1974-04-28,10.2
1974-04-29,10.026666666666666
1974-04-30,9.853333333333332
1974-05-01,9.68
1974-05-02,9.71
1974-05-03,9.74
1974-05-04,9.92
1974-05-05,10.1
1974-05-06,10.15
1974-05-07,10.2
1974-05-08,10.26
1974-05-09,10.32
1974-05-12,10.5
1974-05-13,10.155
1974-05-14,9.81
1974-05-16,9.12
1974-05-17,9.54
1974-05-18,9.96
1974-05-19,10.04
1974-05-20,10.12
1974-05-21,10.2
1974-05-22,10.266666666666666
1974-05-23,10.333333333333334
1974-05-24,10.4
1974-05-25,10.4
1974-05-26,10.4
1974-06-06,10.4
1974-06-07,10.3776
1974-06-08,10.3552
1974-07-01,9.84
1974-07-02,9.858333333333333
1974-07-03,9.876666666666669
1974-07-07,9.95
1974-07-08,9.9
1974-07-09,9.85
1974-07-14,9.6
1974-07-15,9.612307692307692
1974-07-16,9.624615384615383
1974-07-27,9.76
1974-07-28,9.605
1974-07-29,9.45
1974-07-30,9.833333333333332
1974-07-31,10.216666666666669
1974-08-01,10.6
1974-08-02,10.385
1974-08-03,10.17
1974-08-07,9.31
1974-08-08,9.528
1974-08-09,9.746
1974-08-12,10.4
1974-08-13,10.41
1974-08-14,10.42
1974-08-22,10.5
1974-08-23,10.4375
1974-08-24,10.375
1974-08-30,10.0
1974-08-31,10.15
1974-09-01,10.3
1974-09-02,10.433333333333334
1974-09-03,10.566666666666666
1974-09-04,10.7
1974-09-05,10.7
1974-09-06,10.7
1974-09-07,10.7
1974-09-08,10.633333333333333
1974-09-09,10.566666666666666
1974-09-10,10.5
1974-09-11,10.393333333333333
1974-09-12,10.286666666666669
1974-09-16,9.86
1974-09-17,9.860425531914894
1974-09-18,9.860851063829786
1974-11-02,9.88
1974-11-03,9.876666666666669
1974-11-04,9.873333333333331
1974-11-05,9.87
1974-11-06,9.98
1974-11-07,10.09
1974-11-08,10.2
1974-11-09,9.55
1974-11-10,8.9
1974-11-11,8.780000000000001
1974-11-12,8.66
1974-11-13,9.173333333333334
1974-11-14,9.686666666666666
1974-11-15,10.2
1974-11-16,10.221666666666666
1974-11-17,10.243333333333334
1974-11-18,10.265
1974-11-19,10.2825
1974-11-20,10.3
1974-11-21,10.333333333333334
1974-11-22,10.366666666666667
1974-11-23,10.4
1974-11-24,10.2
1974-11-25,10.0
1974-11-26,10.05
1974-11-27,10.1
1974-11-28,10.133333333333333
1974-11-29,10.166666666666666
1974-11-30,10.2
1974-12-01,10.2
1974-12-02,10.2
1974-12-03,10.2
1974-12-04,10.3
1974-12-05,10.4
1974-12-06,10.5
1974-12-07,10.7
1974-12-08,10.9
1974-12-09,10.85
1974-12-10,10.8
1974-12-11,10.95
1974-12-12,11.1
1974-12-13,11.109666666666666
1974-12-14,11.119333333333334
1974-12-15,11.129
1974-12-16,10.886
1974-12-17,10.643
1974-12-18,10.4
1974-12-19,10.433333333333334
1974-12-20,10.466666666666669
1974-12-21,10.5
1974-12-22,10.5
1974-12-23,10.5
1974-12-24,13.4
1974-12-25,13.1
1974-12-26,12.5268
1974-12-27,11.9536
1974-12-30,10.234
1974-12-31,10.117
1975-01-01,10.0
1975-01-02,10.25
1975-01-03,10.5
1975-01-04,10.866666666666667
1975-01-05,11.233333333333333
1975-01-06,11.6
1975-01-07,11.85
1975-01-08,12.1
1975-01-10,12.6
1975-01-11,12.78
1975-01-12,12.96
1975-01-15,13.5
1975-01-16,12.75
1975-01-17,12.0
1975-01-18,12.254545454545454
1975-01-19,12.50909090909091
1975-01-28,14.8
1975-01-29,12.9
1975-01-30,13.314814814814817
1975-01-31,13.72962962962963
1975-02-25,24.1
1975-02-26,24.200000000000003
1975-02-27,24.3
1975-02-28,24.1
1975-03-01,20.9
1975-03-02,21.15
1975-03-03,21.4
1975-03-04,22.05
1975-03-05,22.7
1975-03-07,24.0
1975-03-08,23.95
1975-03-09,23.9
1975-03-10,24.25
1975-03-11,24.6
1975-03-12,24.1875
1975-03-13,23.775
1975-03-19,21.3
1975-03-20,21.65
1975-03-21,22.0
1975-03-22,21.85
1975-03-23,21.7
1975-03-24,17.6
1975-03-25,13.5
1975-03-26,13.428571428571429
1975-03-27,13.357142857142858
1975-04-01,13.0
1975-04-02,12.6
1975-04-03,12.2
1975-04-04,12.021999999999998
1975-04-05,11.844
1975-04-06,11.207999999999998
1975-04-07,10.572
1975-04-08,10.997
1975-04-09,11.422
1975-04-10,11.52
1975-04-11,11.618
1975-04-12,11.716
1975-04-13,11.1475
1975-04-14,10.579
1975-04-15,10.506
1975-04-16,10.433
1975-04-17,10.4732
1975-04-18,10.5134
1975-04-21,10.634
1975-04-22,10.76775
1975-04-23,10.9015
1975-04-25,11.169
1975-04-26,11.288
1975-04-27,11.407
1975-04-28,11.067
1975-04-29,10.727
1975-04-30,10.855
1975-05-01,10.983
1975-05-02,11.055
1975-05-03,11.127
1975-05-04,11.074
1975-05-05,11.021
1975-05-06,10.968
1975-05-07,10.279
1975-05-08,9.59
1975-05-09,9.7925
1975-05-10,9.995
1975-05-12,10.4
1975-05-13,10.333333333333334
1975-05-14,10.266666666666666
1975-05-15,10.2
1975-05-16,9.9175
1975-05-17,9.635
1975-05-18,10.2155
1975-05-19,10.796
1975-05-20,10.723
1975-05-21,10.65
1975-05-22,10.72425
1975-05-23,10.7985
1975-05-25,10.947
1975-05-26,10.794
1975-05-27,10.641
1975-05-28,10.698333333333334
1975-05-29,10.755666666666666
1975-05-30,10.813
1975-05-31,11.493
1975-06-01,12.173
1975-06-02,10.84
1975-06-03,10.8442
1975-06-04,10.8484
1975-06-07,10.861
1975-06-08,10.7635
1975-06-09,10.666
1975-06-10,10.599
1975-06-11,10.532
1975-06-12,10.465
1975-06-13,10.2325
1975-06-14,10.0
1975-06-15,10.46
1975-06-16,10.92
1975-06-17,10.7775
1975-06-18,10.635
1975-06-19,10.756666666666666
1975-06-20,10.878333333333334
1975-06-21,11.0
1975-06-22,11.217
1975-06-23,11.434
1975-06-24,11.651
1975-06-25,11.359666666666666
1975-06-26,11.068333333333332
1975-06-27,10.777
1975-06-28,10.8885
1975-06-29,11.0
1975-06-30,10.055
1975-07-01,9.11
1975-07-02,9.22
1975-07-03,9.33
1975-07-04,9.686666666666667
1975-07-05,10.043333333333331
1975-07-06,10.4
1975-07-07,10.333333333333334
1975-07-08,10.266666666666666
1975-07-09,10.2
1975-07-10,9.84
1975-07-11,9.48
1975-07-12,9.12
1975-07-13,9.313333333333333
1975-07-14,9.506666666666666
1975-07-15,9.7
1975-07-16,9.753333333333332
1975-07-17,9.806666666666668
1975-07-18,9.86
1975-07-19,9.98
1975-07-20,10.1
1975-07-21,9.771666666666668
1975-07-22,9.443333333333332
1975-07-23,9.115
1975-07-24,9.183333333333334
1975-07-25,9.251666666666669
1975-07-26,9.32
1975-07-27,9.48
1975-07-28,9.64
1975-07-29,9.485
1975-07-30,9.33
1975-07-31,9.965
1975-08-01,10.6
1975-08-02,10.35
1975-08-03,10.1
1975-08-04,9.79
1975-08-05,9.48
1975-08-06,9.89
1975-08-07,10.3
1975-08-08,9.95
1975-08-09,9.6
1975-08-10,9.64
1975-08-11,9.68
1975-08-12,9.72
1975-08-13,9.913333333333334
1975-08-14,10.106666666666667
1975-08-15,10.3
1975-08-16,10.2
1975-08-17,10.1
1975-08-18,9.825
1975-08-19,9.55
1975-08-20,9.766666666666667
1975-08-21,9.983333333333333
1975-08-22,10.2
1975-08-23,10.013333333333334
1975-08-24,9.826666666666666
1975-08-25,9.64
1975-08-26,10.17
1975-08-27,10.7
1975-08-28,10.566666666666666
1975-08-29,10.433333333333334
1975-08-30,10.3
1975-08-31,10.6
1975-09-01,10.9
1975-09-02,10.55
1975-09-03,10.2
1975-09-04,10.276666666666666
1975-09-05,10.353333333333332
1975-09-06,10.43
1975-09-07,10.578666666666669
1975-09-08,10.727333333333332
1975-09-09,10.876
1975-09-10,10.669666666666666
1975-09-11,10.463333333333331
1975-09-12,10.257
1975-09-13,10.0235
1975-09-14,9.79
1975-09-15,9.929
1975-09-16,10.068
1975-09-17,10.207
1975-09-18,11.0535
1975-09-19,11.9
1975-09-20,11.238333333333332
1975-09-21,10.576666666666666
1975-09-22,9.915
1975-09-23,10.206666666666663
1975-09-24,10.498333333333331
1975-09-25,10.79
1975-09-26,10.595
1975-09-27,10.4
1975-09-28,10.4
1975-09-29,10.4
1975-09-30,10.4
1975-10-01,10.169
1975-10-02,9.938
1975-10-03,10.004333333333332
1975-10-04,10.070666666666668
1975-10-05,10.137
1975-10-06,10.157
1975-10-07,10.177
1975-10-08,10.197
1975-10-09,10.2785
1975-10-10,10.36
1975-10-11,10.42
1975-10-12,10.48
1975-10-13,10.54
1975-10-14,10.425
1975-10-15,10.31
1975-10-16,10.195
1975-10-17,9.8985
1975-10-18,9.602
1975-10-19,10.0335
1975-10-20,10.465
1975-10-21,10.34925
1975-10-22,10.2335
1975-10-24,10.002
1975-10-25,10.166
1975-10-26,10.33
1975-10-27,10.494
1975-10-28,10.576
1975-10-29,10.658
1975-10-30,10.74
1975-10-31,10.473333333333333
1975-11-01,10.206666666666669
1975-11-02,9.94
1975-11-03,9.993333333333332
1975-11-04,10.046666666666669
1975-11-05,10.1
1975-11-06,10.133333333333333
1975-11-07,10.166666666666666
1975-11-08,10.2
1975-11-09,10.3
1975-11-10,10.4
1975-11-11,10.433333333333334
1975-11-12,10.466666666666669
1975-11-13,10.5
1975-11-14,10.4
1975-11-15,10.3
1975-11-16,10.2
1975-11-17,9.9
1975-11-18,9.6
1975-11-19,11.05
1975-11-20,12.5
1975-11-21,11.156666666666666
1975-11-22,9.813333333333334
1975-11-23,8.47
1975-11-24,10.0
1975-11-25,9.3
1975-11-26,9.535
1975-11-27,9.77
1975-11-28,9.78
1975-11-29,9.79
1975-11-30,9.8
1975-12-01,9.12
1975-12-02,9.155
1975-12-03,9.19
1975-12-04,9.35
1975-12-05,9.51
1975-12-06,9.67
1975-12-07,9.646666666666668
1975-12-08,9.623333333333331
1975-12-09,9.6
1975-12-10,10.4
1975-12-11,10.766666666666667
1975-12-12,11.133333333333333
1975-12-13,11.5
1975-12-14,11.3
1975-12-15,11.1
1975-12-16,10.9
1975-12-17,11.05
1975-12-18,11.2
1975-12-19,11.133333333333333
1975-12-20,11.066666666666666
1975-12-21,11.0
1975-12-22,10.9
1975-12-23,10.8
1975-12-24,10.7
1975-12-25,10.95
1975-12-26,11.2
1975-12-28,11.7
1975-12-29,11.32525
1975-12-30,10.9505
1976-01-01,10.201
1976-01-02,10.6985
1976-01-03,11.196
1976-01-04,10.7865
1976-01-05,10.377
1976-01-06,10.6355
1976-01-07,10.894
1976-01-08,10.5985
1976-01-09,10.303
1976-01-10,10.4205
1976-01-11,10.538
1976-01-12,12.9375
1976-01-13,15.337
1976-01-14,14.67775
1976-01-15,14.0185
1976-01-17,12.7
1976-01-18,13.25
1976-01-19,13.8
1976-01-20,17.05
1976-01-21,20.3
1976-01-22,20.75
1976-01-23,21.2
1976-01-24,19.8
1976-01-25,18.4
1976-01-26,17.266666666666666
1976-01-27,16.133333333333333
1976-01-31,11.6
1976-02-01,11.653483870967742
1976-02-02,11.706967741935484
1976-03-02,13.258
1976-03-03,13.646
1976-03-04,14.034
1976-03-05,14.9015
1976-03-06,15.769
1976-03-07,14.035
1976-03-08,13.8
1976-03-09,13.807
1976-03-10,13.814
1976-03-11,14.7745
1976-03-12,15.735
1976-03-13,16.17
1976-03-14,16.605
1976-03-15,17.456
1976-03-16,17.881
1976-03-17,18.306
1976-03-18,17.082
1976-03-19,15.858
1976-03-20,16.524
1976-03-21,17.19
1976-03-22,17.431
1976-03-23,17.672
1976-03-24,16.8175
1976-03-25,15.963
1976-03-26,15.915
1976-03-27,15.867
1976-03-28,16.636000000000003
1976-03-29,17.405
1976-03-30,15.3595
1976-03-31,13.314
1976-04-01,14.0885
1976-04-02,14.863
1976-04-03,14.56
1976-04-04,14.257
1976-04-05,13.8685
1976-04-06,13.48
1976-04-07,13.472
1976-04-08,13.464
1976-04-09,13.508666666666668
1976-04-10,13.553333333333336
1976-04-11,13.598
1976-04-12,13.377666666666666
1976-04-13,13.157333333333334
1976-04-14,12.937
1976-04-15,12.645333333333332
1976-04-16,12.353666666666664
1976-04-17,12.062
1976-04-18,12.037
1976-04-19,12.012
1976-04-20,12.398
1976-04-21,12.784
1976-04-22,13.17
1976-04-23,11.9265
1976-04-24,10.683
1976-04-25,10.9305
1976-04-26,11.178
1976-04-27,10.273
1976-04-28,9.368
1976-04-29,10.2585
1976-04-30,11.149
1976-05-01,11.141
1976-05-02,11.133
1976-08-01,10.405
1976-08-02,10.416
1976-08-03,10.427
1976-08-04,10.4345
1976-08-05,10.442
1976-08-06,10.4299
1976-08-07,10.4178
1976-08-15,10.321
1976-08-16,10.524
1976-08-17,16.409
1976-08-18,16.35855652173913
1976-08-19,16.30811304347826
1976-12-10,10.608
1976-12-11,10.985
1976-12-12,11.362
1976-12-13,12.2405
1976-12-14,13.119
1976-12-15,12.9575
1976-12-16,12.796
1976-12-17,12.678
1976-12-18,12.56
1976-12-19,12.1165
1976-12-20,11.673
1976-12-21,11.566
1976-12-22,11.459
1976-12-23,11.352
1976-12-24,11.436
1976-12-25,11.52
1976-12-26,11.604
1976-12-27,11.3495
1976-12-28,11.095
1976-12-29,10.792000000000002
1976-12-30,10.489
1976-12-31,10.752666666666666
1977-01-01,11.016333333333334
1977-01-02,11.28
1977-01-03,11.390666666666666
1977-01-04,11.501333333333331
1977-01-05,11.612
1977-01-06,11.774666666666668
1977-01-07,11.937333333333331
1977-01-08,12.1
1977-01-09,11.7605
1977-01-10,11.421
1977-01-11,12.3365
1977-01-12,13.252
1977-01-13,13.099
1977-01-14,12.946
1977-01-15,13.074
1977-01-16,13.202
1977-01-17,12.3105
1977-01-18,11.419
1977-01-19,11.4595
1977-01-20,11.5
1977-01-21,11.9435
1977-01-22,12.387
1977-01-23,12.1085
1977-01-24,11.83
1977-01-25,11.3495
1977-01-26,10.869
1977-01-27,11.0945
1977-01-28,11.32
1977-01-29,11.683
1977-01-30,12.046
1977-01-31,11.253
1977-02-01,10.46
1977-02-02,11.657
1977-02-03,12.854
1977-02-04,12.7565
1977-02-05,12.659
1977-02-06,12.4555
1977-02-07,12.252
1977-02-08,11.703
1977-02-09,11.154
1977-02-10,12.5005
1977-02-11,13.847
1977-02-12,14.5505
1977-02-13,15.254
1977-02-14,14.9365
1977-02-15,14.619
1977-02-16,14.8365
1977-02-17,15.054
1977-02-18,16.8765
1977-02-19,18.699
1977-02-20,20.6355
1977-02-21,22.572
1977-02-22,21.7545
1977-02-23,20.937
1977-02-24,18.3765
1977-02-25,15.816
1977-02-26,15.427
1977-02-27,15.038
1977-02-28,14.86
1977-03-01,14.682
1977-03-02,14.94
1977-03-03,15.198
1977-03-04,14.9795
1977-03-05,14.761
1977-03-06,14.1145
1977-03-07,13.468
1977-03-08,13.666
1977-03-09,13.864
1977-03-10,14.053
1977-03-11,14.242
1977-03-12,14.39
1977-03-13,14.538
1977-03-14,15.105
1977-03-15,15.672
1977-03-16,18.4885
1977-03-17,21.305
1977-03-18,20.539
1977-03-19,19.773
1977-03-20,19.503
1977-03-21,19.233
1977-03-22,16.65
1977-03-23,14.067
1977-03-24,14.201
1977-03-25,14.335
1977-03-26,14.527
1977-03-27,14.719
1977-03-28,14.1555
1977-03-29,13.592
1977-03-30,12.971
1977-03-31,12.35
1977-04-01,12.92
1977-04-02,12.8395
1977-04-03,12.759
1977-04-04,12.99
1977-04-05,13.221
1977-04-06,13.452
1977-04-07,13.013
1977-04-08,12.574
1977-04-09,12.7
1977-04-10,12.826
1977-04-11,12.5715
1977-04-12,12.317
1977-04-13,12.1145
1977-04-14,11.912
1977-04-15,11.9525
1977-04-16,11.993
1977-04-17,11.905666666666669
1977-04-18,11.818333333333332
1977-04-19,11.731
1977-04-20,11.743333333333334
1977-04-21,11.755666666666666
1977-04-22,11.768
1977-04-23,11.799
1977-04-24,11.83
1977-04-25,12.106
1977-04-26,12.382
1977-04-27,11.856
1977-04-28,11.6885
1977-04-29,11.521
1977-04-30,10.2845
1977-05-01,9.048
1977-05-02,9.002500000000001
1977-05-03,8.957
1977-05-04,8.975333333333333
1977-05-05,8.993666666666668
1977-05-06,9.012
1977-05-07,9.133500000000002
1977-05-08,9.255
1977-05-09,9.2515
1977-05-10,9.248
1977-05-11,9.281666666666666
1977-05-12,9.315333333333331
1977-05-13,9.349
1977-05-14,9.283333333333331
1977-05-15,9.217666666666666
1977-05-16,9.152
1977-05-17,9.22
1977-05-18,9.288
1977-05-19,9.356
1977-05-20,9.274
1977-05-21,9.192
1977-05-22,9.11
1977-05-23,8.943
1977-05-24,8.776
1977-05-25,8.877
1977-05-26,8.978
1977-05-27,9.079
1977-05-28,8.8945
1977-05-29,8.71
1977-05-30,8.904
1977-05-31,9.098
1977-06-01,9.132548387096774
1977-06-02,9.16709677419355
1977-07-01,10.169
1977-07-02,10.111
1977-07-03,10.053
1977-07-04,10.014
1977-07-05,9.975
1977-07-06,9.936
1977-07-07,10.103333333333332
1977-07-08,10.270666666666669
1977-07-09,10.438
1977-07-10,10.376
1977-07-11,10.314
1977-07-12,10.252
1977-07-13,10.174666666666669
1977-07-14,10.097333333333331
1977-07-15,10.02
1977-07-16,10.091
1977-07-17,10.162
1977-07-18,10.233
1977-07-19,10.028
1977-07-20,9.823
1977-07-21,9.618
1977-07-22,9.8285
1977-07-23,10.039
1977-07-24,10.186333333333334
1977-07-25,10.333666666666666
1977-07-26,10.481
1977-07-27,10.3865
1977-07-28,10.292
1977-08-01,9.914
1977-08-02,10.401
1977-08-03,10.888
1977-08-04,10.551
1977-08-05,10.214
1977-08-06,9.877
1977-08-07,9.689666666666668
1977-08-08,9.502333333333333
1977-08-09,9.315
1977-08-10,9.496666666666666
1977-08-11,9.678333333333333
1977-08-12,9.86
1977-08-13,9.991333333333332
1977-08-14,10.122666666666666
1977-08-15,10.254
1977-08-16,10.307666666666666
1977-08-17,10.361333333333333
1977-08-18,10.415
1977-08-19,10.255
1977-08-20,10.095
1977-08-21,9.935
1977-08-22,9.989666666666666
1977-08-23,10.044333333333334
1977-08-24,10.099
1977-08-25,10.095
1977-08-26,10.091
1977-08-27,10.087
1977-08-28,10.164666666666667
1977-08-29,10.242333333333333
1977-08-30,10.32
1977-08-31,10.047
1977-09-01,9.774
1977-09-02,9.6935
1977-09-03,9.613
1977-09-04,9.6975
1977-09-05,9.782
1977-09-09,10.12
1977-09-10,9.994333333333334
1977-09-11,9.868666666666666
1977-09-12,9.743
1977-09-13,10.0395
1977-09-14,10.336
1977-09-15,10.24075
1977-09-16,10.1455
1977-09-18,9.955
1977-09-19,9.927
1977-09-20,9.899
1977-09-22,9.843
1977-09-23,10.144333333333334
1977-09-24,10.445666666666666
1977-09-25,10.747
1977-09-26,10.156333333333333
1977-09-27,9.565666666666669
1977-09-28,8.975
1977-09-29,9.7895
1977-09-30,10.604
1977-10-01,9.93
1977-10-02,9.924666666666669
1977-10-03,9.919333333333332
1977-10-04,9.914
1977-10-05,9.951666666666666
1977-10-06,9.989333333333333
1977-10-07,10.027
1977-10-08,10.333666666666666
1977-10-09,10.640333333333333
1977-10-10,10.947
1977-10-11,10.738333333333332
1977-10-12,10.529666666666666
1977-10-13,10.321
1977-10-14,10.5385
1977-10-15,10.756
1977-10-16,10.799333333333331
1977-10-17,10.842666666666666
1977-10-18,10.886
1977-10-19,10.77225
1977-10-20,10.6585
1977-10-22,10.431
1977-10-23,10.405333333333331
1977-10-24,10.379666666666663
1977-10-25,10.354
1977-10-26,10.472666666666669
1977-10-27,10.591333333333331
1977-10-28,10.71
1977-10-29,10.671
1977-10-30,10.632
1977-10-31,10.593
1977-11-01,9.656
1977-11-02,9.789
1977-11-03,9.922
1977-11-04,9.93975
1977-11-05,9.9575
1977-11-07,9.993
1977-11-08,10.0325
1977-11-09,10.072
1977-11-10,10.232666666666669
1977-11-11,10.393333333333333
1977-11-12,10.554
1977-11-13,11.045
1977-11-14,11.536
1977-11-15,11.619333333333334
1977-11-16,11.702666666666666
1977-11-17,11.786
1977-11-18,10.722
1977-11-19,9.658
1977-11-20,9.461666666666666
1977-11-21,9.265333333333334
1977-11-22,9.069
1977-11-23,9.389333333333331
1977-11-24,9.709666666666667
1977-11-25,10.03
1977-11-26,9.6405
1977-11-27,9.251
1977-11-28,9.451666666666666
1977-11-29,9.652333333333331
1977-11-30,9.853
1977-12-01,10.513
1977-12-02,10.0775
1977-12-03,9.642
1977-12-04,9.802
1977-12-05,9.962
1977-12-06,9.963333333333331
1977-12-07,9.964666666666666
1977-12-08,9.966
1977-12-09,10.317333333333332
1977-12-10,10.668666666666669
1977-12-11,11.02
1977-12-12,10.809
1977-12-13,10.598
1977-12-14,10.603000000000002
1977-12-15,10.608
1977-12-16,10.7605
1977-12-17,10.913
1977-12-18,10.8
1977-12-19,10.687
1977-12-20,10.698
1977-12-21,10.709
1977-12-22,10.645
1977-12-23,10.581
1977-12-24,10.517
1977-12-25,10.111666666666666
1977-12-26,9.706333333333331
1977-12-27,9.301
1977-12-28,9.979666666666668
1977-12-29,10.658333333333331
1977-12-30,11.337
1977-12-31,11.403
1978-01-01,11.469
1978-01-03,11.601
1978-01-04,12.6905
1978-01-05,13.78
1978-01-06,13.7775
1978-01-07,13.775
1978-01-08,13.741
1978-01-09,13.707
1978-01-10,12.2355
1978-01-11,10.764
1978-01-12,12.006
1978-01-13,13.248
1978-01-14,11.597
1978-01-15,9.946
1978-01-16,10.376
1978-01-17,10.806
1978-01-18,11.152
1978-01-19,11.498
1978-01-20,11.05
1978-01-21,10.602
1978-01-22,10.8215
1978-01-23,11.041
1978-01-24,10.9845
1978-01-25,10.928
1978-01-26,10.871
1978-01-27,10.814
1978-01-28,10.652333333333331
1978-01-29,10.490666666666668
1978-01-30,10.329
1978-01-31,10.512
1978-02-01,10.695
1978-02-02,10.4425
1978-02-03,10.19
1978-02-04,9.8285
1978-02-05,9.467
1978-02-06,9.5305
1978-02-07,9.594
1978-02-08,9.828
1978-02-09,10.062
1978-02-10,9.9285
1978-02-11,9.795
1978-02-12,9.5315
1978-02-13,9.268
1978-02-14,9.4505
1978-02-15,9.633
1978-02-16,9.8235
1978-02-17,10.014
1978-02-18,14.5735
1978-02-19,19.133
1978-02-20,16.1995
1978-02-21,13.266
1978-02-22,12.097
1978-02-23,10.928
1978-02-24,10.6245
1978-02-25,10.321
1978-02-26,10.268666666666666
1978-02-27,10.216333333333331
1978-02-28,10.164
1978-03-01,10.14926627218935
1978-03-02,10.1345325443787
1979-02-01,5.184
1979-02-02,4.736
1979-02-03,4.8005
1979-02-04,4.865
1979-02-05,5.0600000000000005
1979-02-06,5.255
1979-02-07,5.324
1979-02-08,5.393
1979-02-09,5.3755
1979-02-10,5.358
1979-02-11,5.417
1979-02-12,5.476
1979-02-13,5.354
1979-02-14,5.232
1979-02-15,5.1785
1979-02-16,5.125
1979-02-18,5.018
1979-02-19,5.087
1979-02-20,5.156
1979-02-21,5.186999999999999
1979-02-22,5.218
1979-02-23,4.9645
1979-02-24,4.711
1979-02-25,4.817
1979-02-26,4.923
1979-02-27,5.038
1979-02-28,5.153
1979-03-01,5.23625
1979-03-02,5.3195
1979-03-04,5.486
1979-03-05,6.0375
1979-03-06,6.589
1979-03-07,6.2995
1979-03-08,6.01
1979-03-09,5.8855
1979-03-10,5.761
1979-03-11,5.2615
1979-03-12,4.762
1979-03-13,4.831
1979-03-14,4.9
1979-03-15,5.004
1979-03-16,5.108
1979-03-17,4.9585
1979-03-18,4.809
1979-03-19,4.955500000000001
1979-03-20,5.102
1979-03-21,5.286
1979-03-22,5.47
1979-03-23,4.9365
1979-03-24,4.403
1979-03-25,4.821
1979-03-26,5.239
1979-03-27,5.912
1979-03-28,6.585
1979-03-29,6.2215
1979-03-30,5.858
1979-03-31,5.7824
1979-04-01,5.7068
1979-04-04,5.48
1979-04-05,5.5495
1979-04-06,5.619
1979-04-07,5.533333333333333
1979-04-08,5.447666666666667
1979-04-09,5.362
1979-04-10,5.519333333333333
1979-04-11,5.676666666666667
1979-04-12,5.834
1979-04-13,5.406666666666666
1979-04-14,4.979333333333333
1979-04-15,4.552
1979-04-16,4.575
1979-04-17,4.598
1979-04-18,4.621
1979-04-19,4.3853333333333335
1979-04-20,4.149666666666667
1979-04-21,3.914
1979-04-22,3.855
1979-04-23,3.796
1979-04-24,3.737
1979-04-25,4.075666666666667
1979-04-26,4.414333333333333
1979-04-27,4.753
1979-04-28,4.454
1979-04-29,4.155
1979-04-30,3.856
1979-05-01,4.224
1979-05-02,4.3845
1979-05-03,4.545
1979-05-04,4.40025
1979-05-05,4.2555
1979-05-07,3.966
1979-05-08,4.4545
1979-05-09,4.943
1979-05-10,4.65
1979-05-11,4.357
1979-05-12,4.064
1979-05-13,3.859333333333333
1979-05-14,3.654666666666667
1979-05-15,3.45
1979-05-16,3.6486666666666663
1979-05-17,3.8473333333333337
1979-05-18,4.046
1979-05-19,3.900666666666667
1979-05-20,3.755333333333333
1979-05-21,3.61
1979-05-22,3.701
1979-05-23,3.792
1979-05-24,3.883
1979-05-25,3.575
1979-05-26,3.267
1979-05-27,2.959
1979-05-28,2.921666666666667
1979-05-29,2.884333333333333
1979-05-30,2.847
1979-05-31,3.0005
1979-06-01,3.154
1979-06-02,3.294
1979-06-03,3.434
1979-06-04,3.4386666666666668
1979-06-05,3.443333333333334
1979-06-06,3.448
1979-06-07,3.3903333333333334
1979-06-08,3.3326666666666664
1979-06-09,3.275
1979-06-10,3.356
1979-06-11,3.437
1979-06-12,3.518
1979-06-13,3.5436666666666667
1979-06-14,3.569333333333333
1979-06-15,3.595
1979-06-16,3.5733333333333333
1979-06-17,3.5516666666666667
1979-06-18,3.53
1979-06-19,3.607333333333333
1979-06-20,3.6846666666666663
1979-06-21,3.762
1979-06-22,3.679666666666667
1979-06-23,3.5973333333333333
1979-06-24,3.515
1979-06-25,3.4353333333333333
1979-06-26,3.3556666666666666
1979-06-27,3.276
1979-06-28,3.305
1979-06-29,3.334
1979-06-30,3.363
1979-07-01,3.581
1979-07-02,3.484
1979-07-03,3.387
1979-07-04,3.3986666666666667
1979-07-05,3.410333333333333
1979-07-06,3.422
1979-07-07,3.361333333333333
1979-07-08,3.300666666666667
1979-07-09,3.24
1979-07-10,3.2553333333333336
1979-07-11,3.2706666666666666
1979-07-12,3.286
1979-07-13,3.303333333333333
1979-07-14,3.320666666666667
1979-07-15,3.338
1979-07-16,3.3178333333333336
1979-07-17,3.2976666666666667
1979-07-21,3.217
1979-07-22,3.2136666666666667
1979-07-23,3.2103333333333333
1979-07-24,3.207
1979-07-25,3.267
1979-07-26,3.327
1979-07-27,3.387
1979-07-28,3.336666666666667
1979-07-29,3.2863333333333333
1979-07-30,3.236
1979-07-31,3.317
1979-08-01,3.398
1979-08-02,3.649
1979-08-03,3.9
1979-08-04,3.81
1979-08-05,3.72
1979-08-06,3.63
1979-08-07,3.651
1979-08-08,3.672
1979-08-09,3.693
1979-08-10,3.681
1979-08-11,3.669
1979-08-12,3.657
1979-08-13,3.728666666666667
1979-08-14,3.800333333333333
1979-08-15,3.872
1979-08-16,3.8816666666666655
1979-08-17,3.891333333333333
1979-08-18,3.901
1979-08-19,3.9636666666666662
1979-08-20,4.0263333333333335
1979-08-21,4.089
1979-08-22,4.096666666666667
1979-08-23,4.104333333333334
1979-08-24,4.112
1979-08-25,3.931666666666666
1979-08-26,3.7513333333333336
1979-08-27,3.571
1979-08-28,3.510333333333333
1979-08-29,3.4496666666666664
1979-08-30,3.389
1979-08-31,3.6405
1979-09-01,3.892
1979-09-02,4.131
1979-09-03,4.37
1979-09-04,4.387333333333333
1979-09-05,4.4046666666666665
1979-09-06,4.422
1979-09-07,4.258
1979-09-08,4.094
1979-09-09,3.93
1979-09-10,3.666666666666667
1979-09-11,3.4033333333333333
1979-09-12,3.14
1979-09-13,3.2056666666666667
1979-09-14,3.2713333333333336
1979-09-15,3.337
1979-09-16,3.559333333333333
1979-09-17,3.7816666666666654
1979-09-18,4.004
1979-09-19,3.901
1979-09-20,3.798
1979-09-21,3.695
1979-09-22,3.489333333333333
1979-09-23,3.2836666666666665
1979-09-24,3.078
1979-09-25,3.437
1979-09-26,3.796
1979-09-27,4.155
1979-09-28,4.224
1979-09-29,4.293
1979-09-30,4.362
1979-10-01,4.142
1979-10-02,4.1935
1979-10-03,4.245
1979-10-04,4.392666666666667
1979-10-05,4.540333333333333
1979-10-06,4.688
1979-10-07,4.819333333333333
1979-10-08,4.950666666666667
1979-10-09,5.082
1979-10-10,5.031666666666666
1979-10-11,4.981333333333334
1979-10-12,4.931
1979-10-13,4.9107
1979-10-14,4.8904
1979-10-22,4.728
1979-10-23,4.515499999999999
1979-10-24,4.303
1979-10-25,4.43
1979-10-26,4.557
1979-10-27,4.684
1979-10-28,4.637333333333333
1979-10-29,4.5906666666666665
1979-10-30,4.544
1979-10-31,4.650499999999999
1979-11-01,4.757
1979-11-03,4.97
1979-11-04,4.786
1979-11-05,4.602
1979-11-06,4.418
1979-11-07,4.509333333333333
1979-11-08,4.600666666666667
1979-11-09,4.692
1979-11-10,4.780333333333333
1979-11-11,4.868666666666667
1979-11-12,4.957
1979-11-13,4.890666666666666
1979-11-14,4.824333333333334
1979-11-15,4.758
1979-11-16,4.751666666666667
1979-11-17,4.745333333333333
1979-11-18,4.739
1979-11-19,4.729
1979-11-20,4.718999999999999
1979-11-21,4.709
1979-11-22,4.733333333333333
1979-11-23,4.757666666666666
1979-11-24,4.782
1979-11-25,4.788
1979-11-26,4.794
1979-11-27,4.8
1979-11-28,4.838666666666667
1979-11-29,4.8773333333333335
1979-11-30,4.916
1979-12-01,4.678333333333334
1979-12-02,4.440666666666667
1979-12-03,4.203
1979-12-04,4.381666666666667
1979-12-05,4.560333333333333
1979-12-06,4.739
1979-12-07,4.792333333333334
1979-12-08,4.845666666666666
1979-12-09,4.899
1979-12-10,4.9030000000000005
1979-12-11,4.907
1979-12-15,4.923
1979-12-16,4.884
1979-12-17,4.845
1979-12-18,4.806
1979-12-19,4.785333333333333
1979-12-20,4.764666666666667
1979-12-21,4.744
1979-12-22,4.751666666666667
1979-12-23,4.759333333333333
1979-12-24,4.767
1979-12-25,4.683
1979-12-26,4.599
1979-12-27,4.515
1979-12-28,4.666499999999999
1979-12-29,4.818
1979-12-30,4.9342
1979-12-31,5.0504
1980-01-03,5.399
1980-01-04,5.484666666666667
1980-01-05,5.570333333333333
1980-01-06,5.656
1980-01-07,5.63525
1980-01-08,5.6145
1980-01-10,5.573
1980-01-11,5.042
1980-01-12,4.511
1980-01-13,4.57225
1980-01-14,4.6335
1980-01-16,4.756
1980-01-17,4.856333333333334
1980-01-18,4.956666666666667
1980-01-19,5.057
1980-01-20,5.0545
1980-01-21,5.052
1980-01-22,5.289
1980-01-23,5.526
1980-01-24,5.763
1980-01-25,5.725666666666666
1980-01-26,5.6883333333333335
1980-01-27,5.651
1980-01-28,5.503666666666667
1980-01-29,5.356333333333333
1980-01-30,5.209
1980-01-31,5.25575
1980-02-01,5.3025
1980-02-03,5.396
1980-02-04,5.467333333333333
1980-02-05,5.538666666666667
1980-02-06,5.61
1980-02-07,5.633
1980-02-08,5.656000000000001
1980-02-09,5.679
1980-02-10,5.638
1980-02-11,5.597
1980-02-12,5.556
1980-02-13,5.250333333333334
1980-02-14,4.9446666666666665
1980-02-15,4.639
1980-02-16,4.991666666666667
1980-02-17,5.344333333333333
1980-02-18,5.697
1980-02-19,5.972
1980-02-20,6.247
1980-02-21,5.9205
1980-02-22,5.593999999999999
1980-02-24,4.941
1980-02-25,4.978
1980-02-26,5.015
1980-02-27,5.052
1980-02-28,4.869599999999999
1980-02-29,4.6872
1980-03-03,4.14
1980-03-04,4.267
1980-03-05,4.394
1980-03-06,4.521
1980-03-07,4.372333333333334
1980-03-08,4.2236666666666665
1980-03-09,4.075
1980-03-10,4.270333333333333
1980-03-11,4.4656666666666665
1980-03-12,4.661
1980-03-13,5.459
1980-03-14,6.257
1980-03-15,6.3525
1980-03-16,6.448
1980-03-18,6.639
1980-03-19,6.472222222222222
1980-03-20,6.305444444444444
1980-03-27,5.138
1980-03-28,5.149333333333333
1980-03-29,5.160666666666667
1980-03-30,5.172
1980-03-31,5.04025
1980-04-01,4.9085
1980-04-03,4.645
1980-04-04,4.609666666666667
1980-04-05,4.574333333333333
1980-04-06,4.539
1980-04-07,4.4943333333333335
1980-04-08,4.449666666666666
1980-04-09,4.405
1980-04-10,4.316
1980-04-11,4.227
1980-04-12,4.138
1980-04-13,4.0296666666666665
1980-04-14,3.9213333333333336
1980-04-15,3.813
1980-04-16,3.9486666666666665
1980-04-17,4.084333333333333
1980-04-18,4.22
1980-04-19,4.202333333333333
1980-04-20,4.184666666666667
1980-04-21,4.167
1980-04-22,4.20025
1980-04-23,4.233499999999999
1980-04-25,4.3
1980-04-26,4.2425
1980-04-27,4.185
1980-04-28,4.201666666666666
1980-04-29,4.218333333333334
1980-04-30,4.235
1980-05-01,4.181
1980-05-02,4.127000000000001
1980-05-03,4.073
1980-05-04,4.055000000000001
1980-05-05,4.037
1980-05-06,4.019
1980-05-07,3.97775
1980-05-08,3.9365
1980-05-10,3.854
1980-05-11,3.789
1980-05-12,3.724
1980-05-13,3.7083333333333335
1980-05-14,3.6926666666666663
1980-05-15,3.677
1980-05-16,3.656
1980-05-17,3.635
1980-05-18,3.614
1980-05-19,3.658333333333333
1980-05-20,3.7026666666666666
1980-05-21,3.747
1980-05-22,3.813
1980-05-23,3.879
1980-05-24,3.945
1980-05-25,3.968
1980-05-26,3.991
1980-05-27,4.014
1980-05-28,3.983428571428572
1980-05-29,3.952857142857143
1980-06-03,3.8
1980-06-04,3.796333333333333
1980-06-05,3.792666666666667
1980-06-06,3.789
1980-06-07,3.83225
1980-06-08,3.8755
1980-06-10,3.962
1980-06-11,3.898
1980-06-12,3.834
1980-06-13,3.783333333333333
1980-06-14,3.732666666666667
1980-06-15,3.682
1980-06-16,3.693333333333333
1980-06-17,3.7046666666666663
1980-06-21,3.75
1980-06-22,3.746
1980-06-23,3.742
1980-06-25,3.734
1980-06-26,3.749
1980-06-27,3.764
1980-06-28,3.7576666666666663
1980-06-29,3.751333333333333
1980-06-30,3.745
1980-07-01,3.779333333333333
1980-07-02,3.8136666666666663
1980-07-03,3.848
1980-07-04,3.81
1980-07-05,3.772
1980-07-06,3.734
1980-07-07,3.7176666666666662
1980-07-08,3.701333333333333
1980-07-09,3.685
1980-07-10,3.685
1980-07-11,3.685
1980-07-12,3.685
1980-07-13,3.683
1980-07-14,3.681
1980-07-15,3.679
1980-07-16,3.736
1980-07-17,3.793
1980-07-18,3.85
1980-07-19,3.905666666666667
1980-07-20,3.9613333333333336
1980-07-21,4.017
1980-07-22,3.985
1980-07-23,3.953
1980-07-24,3.921
1980-07-25,3.8426666666666662
1980-07-26,3.764333333333333
1980-07-27,3.686
1980-07-28,3.72325
1980-07-29,3.7605
1980-07-31,3.835
1980-08-01,3.6963333333333335
1980-08-02,3.5576666666666665
1980-08-03,3.419
1980-08-04,3.492
1980-08-05,3.565
1980-08-06,3.638
1980-08-07,3.498
1980-08-08,3.358
1980-08-09,3.218
1980-08-10,3.1606666666666667
1980-08-11,3.103333333333333
1980-08-12,3.046
1980-08-13,3.112
1980-08-14,3.178
1980-08-15,3.244
1980-08-16,3.1783333333333337
1980-08-17,3.1126666666666667
1980-08-18,3.047
1980-08-19,3.0236666666666667
1980-08-20,3.0003333333333333
1980-08-21,2.977
1980-08-22,2.978
1980-08-23,2.979
1980-08-24,2.98
1980-08-25,2.9723333333333333
1980-08-26,2.9646666666666666
1980-08-27,2.957
1980-08-28,2.9804736842105264
1980-08-29,3.0039473684210525
1980-09-15,3.403
1980-09-16,3.445666666666667
1980-09-17,3.4883333333333333
1980-09-18,3.531
1980-09-19,3.4733333333333336
1980-09-20,3.415666666666666
1980-09-21,3.358
1980-09-22,3.3903333333333334
1980-09-23,3.4226666666666667
1980-09-24,3.455
1980-09-25,3.4046666666666665
1980-09-26,3.3543333333333334
1980-09-27,3.304
1980-09-28,3.3505
1980-09-29,3.397
1980-09-30,3.37
1980-10-01,3.343
1980-10-03,3.289
1980-10-04,3.3363333333333336
1980-10-05,3.3836666666666666
1980-10-06,3.431
1980-10-07,3.4173333333333336
1980-10-08,3.4036666666666666
1980-10-09,3.39
1980-10-10,3.49
1980-10-11,3.59
1980-10-12,3.69
1980-10-13,3.5846666666666667
1980-10-14,3.4793333333333334
1980-10-15,3.374
1980-10-16,3.404
1980-10-17,3.434
1980-10-18,3.464
1980-10-19,3.67725
1980-10-20,3.8905
1980-10-22,4.317
1980-10-23,4.460666666666667
1980-10-24,4.604333333333334
1980-10-25,4.748
1980-10-26,4.782500000000001
1980-10-27,4.817
1980-10-28,4.715
1980-10-29,4.613
1980-10-31,4.409
1980-11-01,9.004
1980-11-02,8.676
1980-11-03,8.347999999999999
1980-11-05,7.692
1980-11-06,7.8676
1980-11-07,8.0432
1980-11-10,8.57
1980-11-11,7.981333333333334
1980-11-12,7.392666666666667
1980-11-13,6.804
1980-11-14,6.704000000000001
1980-11-15,6.604
1980-11-17,6.404
1980-11-18,6.65375
1980-11-19,6.903499999999999
1980-11-21,7.403
1980-11-22,7.440749999999999
1980-11-23,7.4785
1980-11-25,7.554
1980-11-26,7.650666666666667
1980-11-27,7.747333333333334
1980-11-28,7.844
1980-11-29,7.7894
1980-11-30,7.7348
1980-12-03,7.571
1980-12-04,7.564333333333333
1980-12-05,7.557666666666667
1980-12-06,7.551
1980-12-07,7.5655
1980-12-08,7.58
1980-12-10,7.609
1980-12-11,7.6645
1980-12-12,7.72
1980-12-13,7.564999999999999
1980-12-14,7.41
1980-12-15,7.837
1980-12-16,8.264
1980-12-18,9.118
1980-12-19,8.525
1980-12-20,7.932
1980-12-21,7.844
1980-12-22,7.756
1980-12-23,7.668
1980-12-24,7.6425
1980-12-25,7.617
1980-12-27,7.566
1980-12-28,7.6215
1980-12-29,7.677
1980-12-31,7.788
1981-01-01,7.832666666666666
1981-01-02,7.877333333333333
1981-01-03,7.922
1981-01-04,7.8856
1981-01-05,7.8492
1981-01-08,7.74
1981-01-09,7.7255
1981-01-10,7.711
1981-01-12,7.682
1981-01-13,7.804
1981-01-14,7.926
1981-01-15,7.826
1981-01-16,7.726
1981-01-17,7.626
1981-01-18,8.051400000000001
1981-01-19,8.4768
1981-01-22,9.753
1981-01-23,10.017
1981-01-24,10.281
1981-01-25,10.545
1981-01-26,9.801
1981-01-27,9.057
1981-01-28,9.2005
1981-01-29,9.344
1981-02-08,10.779
1981-02-09,11.065666666666669
1981-02-10,11.352333333333332
1981-02-11,11.639
1981-02-12,12.0342
1981-02-13,12.4294
1981-02-16,13.615
1981-02-17,14.348
1981-02-18,15.081
1981-02-19,15.814
1981-02-20,17.4045
1981-02-21,18.995
1981-02-22,18.911
1981-02-23,18.827
1981-02-24,18.743
1981-02-25,19.299333333333333
1981-02-26,19.855666666666664
1981-02-27,20.412
1981-02-28,18.80525
1981-03-01,17.1985
1981-03-03,13.985
1981-03-04,13.196
1981-03-05,12.407
1981-03-06,13.177571428571428
1981-03-07,13.948142857142855
1981-03-12,17.801
1981-03-13,13.026
1981-03-14,13.132
1981-03-15,13.238
1981-03-16,13.058
1981-03-17,12.878
1981-03-18,12.698
1981-03-19,11.975333333333332
1981-03-20,11.252666666666666
1981-03-21,10.53
1981-03-22,10.22275
1981-03-23,9.9155
1981-03-25,9.301
1981-03-26,9.359833333333334
1981-03-27,9.418666666666669
1981-03-31,9.654
1981-04-01,9.852166666666667
1981-04-02,10.050333333333333
1981-04-06,10.843
1981-04-07,11.47025
1981-04-08,12.0975
1981-04-10,13.352
1981-04-11,13.657
1981-04-12,13.962
1981-04-13,13.037
1981-04-14,12.112
1981-04-17,9.337
1981-04-18,9.061333333333334
1981-04-19,8.785666666666666
1981-04-20,8.51
1981-04-21,8.6412
1981-04-22,8.7724
1981-04-25,9.166
1981-04-26,9.0315
1981-04-27,8.897
1981-04-28,8.644
1981-04-29,8.391
1981-04-30,8.138
1981-05-01,8.295333333333334
1981-05-02,8.452666666666666
1981-05-03,8.61
1981-05-04,8.602333333333332
1981-05-05,8.594666666666667
1981-05-06,8.587
1981-05-07,8.64425
1981-05-08,8.7015
1981-05-10,8.816
1981-05-11,8.552200000000001
1981-05-12,8.288400000000001
1981-05-15,7.497
1981-05-16,7.4985
1981-05-17,7.5
1981-05-18,7.5355
1981-05-19,7.571
1981-05-21,7.642
1981-05-22,7.692500000000001
1981-05-23,7.743
1981-05-24,7.70275
1981-05-25,7.6625
1981-05-27,7.582
1981-05-28,7.462857142857143
1981-05-29,7.343714285714285
1981-06-03,6.748
1981-06-04,6.792666666666666
1981-06-05,6.8373333333333335
1981-06-06,6.882
1981-06-07,6.9543333333333335
1981-06-08,7.026666666666666
1981-06-09,7.099
1981-06-10,7.0616666666666665
1981-06-11,7.024333333333334
1981-06-12,6.987
1981-06-13,7.251
1981-06-14,7.515
1981-06-15,7.779
1981-06-16,7.705333333333333
1981-06-17,7.631666666666667
1981-06-18,7.558
1981-06-19,7.4915
1981-06-20,7.425
1981-06-22,7.292
1981-06-23,7.286
1981-06-24,7.28
1981-07-03,7.226
1981-07-04,7.335
1981-07-05,7.444
1981-07-07,7.662
1981-07-08,7.515000000000001
1981-07-09,7.368
1981-07-10,7.599666666666667
1981-07-11,7.831333333333334
1981-07-12,8.063
1981-07-13,8.097333333333333
1981-07-14,8.131666666666668
1981-07-18,8.269
1981-07-19,7.991
1981-07-20,7.713
1981-07-21,7.435
1981-07-22,7.457333333333333
1981-07-23,7.479666666666667
1981-07-24,7.502
1981-07-25,7.425333333333334
1981-07-26,7.348666666666666
1981-07-27,7.272
1981-07-28,7.341
1981-07-29,7.41
1981-07-31,7.548
1981-08-01,7.542666666666666
1981-08-02,7.537333333333334
1981-08-03,7.532
1981-08-04,7.583666666666667
1981-08-05,7.635333333333333
1981-08-06,7.687
1981-08-07,7.696
1981-08-08,7.705
1981-08-09,7.642
1981-08-10,7.579000000000001
1981-08-12,7.453
1981-08-13,7.45
1981-08-14,7.447
1981-08-16,7.441
1981-08-17,7.439599999999999
1981-08-18,7.4382
1981-08-21,7.434
1981-08-22,7.508
1981-08-23,7.582
1981-08-24,7.656
1981-08-25,7.631714285714286
1981-08-26,7.607428571428571
1981-08-31,7.486
1981-09-01,7.495666666666667
1981-09-02,7.505333333333333
1981-09-03,7.515
1981-09-04,7.489333333333333
1981-09-05,7.463666666666667
1981-09-06,7.438
1981-09-07,7.474666666666667
1981-09-08,7.511333333333333
1981-09-09,7.548
1981-09-10,7.510333333333333
1981-09-11,7.472666666666666
1981-09-12,7.435
1981-09-13,7.3225
1981-09-14,7.21
1981-09-15,7.2882
1981-09-16,7.3664
1981-09-19,7.601
1981-09-20,7.6132
1981-09-21,7.6254
1981-10-09,7.845
1981-10-10,7.907999999999999
1981-10-11,7.971
1981-10-13,8.097
1981-10-14,7.598
1981-10-15,7.099
1981-10-16,7.417000000000001
1981-10-17,7.735
1981-10-18,8.053
1981-10-19,8.018333333333334
1981-10-20,7.983666666666667
1981-10-21,7.949
1981-10-22,7.915
1981-10-23,7.881
1981-10-24,7.847
1981-10-25,7.849666666666667
1981-10-26,7.852333333333334
1981-10-27,7.855
1981-10-28,7.8885
1981-10-29,7.922000000000001
1981-10-31,7.989
1981-11-01,7.948666666666667
1981-11-02,7.908333333333333
1981-11-03,7.868
1981-11-04,7.875666666666667
1981-11-05,7.883333333333334
1981-11-06,7.891
1981-11-07,7.82
1981-11-08,7.749
1981-11-09,7.68075
1981-11-10,7.6125
1981-11-12,7.476
1981-11-13,7.492333333333334
1981-11-14,7.508666666666667
1981-11-15,7.525
1981-11-16,7.525333333333333
1981-11-17,7.525666666666667
1981-11-18,7.526
1981-11-19,7.537
1981-11-20,7.548
1981-11-21,7.559
1981-11-22,7.574333333333334
1981-11-23,7.589666666666667
1981-11-24,7.605
1981-11-25,7.852666666666667
1981-11-26,8.100333333333333
1981-11-30,9.091
1981-12-01,8.489666666666666
1981-12-02,7.888333333333333
1981-12-03,7.287
1981-12-04,7.282333333333333
1981-12-05,7.277666666666667
1981-12-06,7.273
1981-12-07,7.3445
1981-12-08,7.416
1981-12-10,7.559
1981-12-11,7.493
1981-12-12,7.427
1981-12-13,7.526666666666666
1981-12-14,7.626333333333333
1981-12-15,7.726
1981-12-16,7.763
1981-12-17,7.8
1981-12-19,7.874
1981-12-20,7.917999999999999
1981-12-21,7.962
1981-12-22,7.934666666666667
1981-12-23,7.907333333333333
1981-12-24,7.88
1981-12-25,7.997
1981-12-26,8.114
1981-12-28,8.348
1981-12-29,9.8375
1981-12-30,11.327
1981-12-31,11.6658
1982-01-01,12.0046
1982-01-04,13.021
1982-01-05,12.905600000000002
1982-01-06,12.7902
1982-01-09,12.444
1982-01-10,11.6976
1982-01-11,10.9512
1982-01-14,8.712
1982-01-15,8.8085
1982-01-16,8.905000000000001
1982-01-18,9.098
1982-01-19,8.982000000000001
1982-01-20,8.866
1982-01-21,8.75
1982-01-22,8.632
1982-01-23,8.514000000000001
1982-01-24,8.396
1982-01-25,8.643
1982-01-26,8.89
1982-01-27,9.137
1982-01-28,9.60125
1982-01-29,10.0655
1982-01-31,10.994
1982-02-01,11.005333333333333
1982-02-02,11.016666666666666
1982-02-06,11.062
1982-02-07,10.9
1982-02-08,10.738
1982-02-09,10.576
1982-02-10,9.912333333333336
1982-02-11,9.248666666666669
1982-02-12,8.585
1982-02-13,8.529
1982-02-14,8.473
1982-02-16,8.361
1982-02-17,8.235
1982-02-18,8.109
1982-02-19,9.876
1982-02-20,11.643
1982-02-21,13.41
1982-02-22,13.356333333333334
1982-02-23,13.302666666666669
1982-02-24,13.249
1982-02-25,12.5465
1982-02-26,11.844
1982-02-28,10.439
1982-03-01,10.336
1982-03-02,10.150166666666667
1982-03-03,9.964333333333334
1982-03-07,9.221
1982-03-08,9.212666666666667
1982-03-09,9.204333333333333
1982-03-10,9.196
1982-03-11,9.23
1982-03-12,9.264
1982-03-13,9.124
1982-03-14,8.984
1982-03-15,8.844
1982-03-16,8.968666666666666
1982-03-17,9.093333333333334
1982-03-18,9.218
1982-03-19,9.293
1982-03-20,9.368
1982-03-24,9.668
1982-03-25,9.459666666666664
1982-03-26,9.251333333333331
1982-03-27,9.043
1982-03-28,9.751
1982-03-29,10.459
1982-03-30,11.167
1982-03-31,11.43125
1982-04-01,11.6955
1982-04-03,12.224
1982-04-04,13.907333333333334
1982-04-05,15.590666666666667
1982-04-06,17.274
1982-04-07,16.04425
1982-04-08,14.8145
1982-04-10,12.355
1982-04-11,11.6035
1982-04-12,10.852
1982-04-13,10.500666666666667
1982-04-14,10.149333333333333
1982-04-15,9.798
1982-04-16,9.578333333333331
1982-04-17,9.358666666666666
1982-04-18,9.139
1982-04-19,9.110857142857142
1982-04-20,9.082714285714284
1982-04-25,8.942
1982-04-26,9.1515
1982-04-27,9.361
1982-04-28,8.900333333333334
1982-04-29,8.439666666666668
1982-04-30,7.979
1982-05-01,7.839666666666667
1982-05-02,7.700333333333333
1982-05-03,7.561
1982-05-04,7.681333333333333
1982-05-05,7.801666666666667
1982-05-06,7.922
1982-05-07,7.878
1982-05-08,7.834
1982-05-09,7.79
1982-05-10,7.858
1982-05-11,7.926
1982-05-12,7.994
1982-05-13,8.00325
1982-05-14,8.0125
1982-05-16,8.031
1982-05-17,7.784000000000001
1982-05-18,7.537
1982-05-19,7.691
1982-05-20,7.845
1982-05-21,7.999
1982-05-22,7.998
1982-05-23,7.997
1982-05-24,7.996
1982-05-25,7.944333333333334
1982-05-26,7.892666666666667
1982-05-27,7.841
1982-05-28,7.842714285714286
1982-05-29,7.844428571428572
1982-06-03,7.853
1982-06-04,7.862999999999999
1982-06-05,7.873
1982-06-06,7.883
1982-06-07,7.797333333333333
1982-06-08,7.711666666666667
1982-06-09,7.626
1982-06-10,7.696333333333333
1982-06-11,7.766666666666667
1982-06-12,7.837
1982-06-13,7.858666666666666
1982-06-14,7.880333333333334
1982-06-15,7.902
1982-06-16,7.81
1982-06-17,7.718
1982-06-18,7.626
1982-06-19,7.713666666666667
1982-06-20,7.801333333333334
1982-06-21,7.889
1982-06-22,7.943333333333333
1982-06-23,7.997666666666666
1982-06-24,8.052
1982-06-25,7.799666666666666
1982-06-26,7.547333333333333
1982-06-27,7.295
1982-06-28,7.479666666666667
1982-06-29,7.664333333333333
1982-07-03,8.403
1982-07-04,8.297333333333334
1982-07-05,8.191666666666666
1982-07-06,8.086
1982-07-07,7.933666666666666
1982-07-08,7.781333333333333
1982-07-09,7.629
1982-07-10,7.620999999999999
1982-07-11,7.613
1982-07-12,7.605
1982-07-13,7.476666666666667
1982-07-14,7.348333333333334
1982-07-15,7.22
1982-07-16,7.457333333333334
1982-07-17,7.694666666666666
1982-07-18,7.932
1982-07-19,7.883666666666667
1982-07-20,7.835333333333334
1982-07-21,7.787
1982-07-22,7.848333333333334
1982-07-23,7.909666666666666
1982-07-24,7.971
1982-07-25,7.942333333333333
1982-07-26,7.913666666666667
1982-07-27,7.885
1982-07-28,7.922333333333333
1982-07-29,7.959666666666666
1982-07-30,7.997
1982-07-31,7.9775
1982-08-01,7.958
1982-08-03,7.919
1982-08-04,7.906
1982-08-05,7.893
1982-08-06,7.88
1982-08-07,7.832
1982-08-08,7.784
1982-08-09,7.736
1982-08-10,7.726999999999999
1982-08-11,7.718
1982-08-12,7.709
1982-08-13,7.696
1982-08-14,7.683
1982-08-15,7.67
1982-08-16,7.724666666666667
1982-08-17,7.779333333333333
1982-08-18,7.834
1982-08-19,7.8885
1982-08-20,7.943
1982-08-22,8.052
1982-08-23,7.843
1982-08-24,7.634
1982-08-25,7.629666666666667
1982-08-26,7.625333333333334
1982-08-27,7.621
1982-08-28,7.768
1982-08-29,7.915
1982-08-30,8.062
1982-08-31,8.00975
1982-09-01,7.9575
1982-09-03,7.853
1982-09-04,7.883999999999999
1982-09-05,7.915
1982-09-06,7.946
1982-09-07,7.975333333333333
1982-09-08,8.004666666666667
1982-09-15,8.21
1982-09-16,8.257000000000001
1982-09-17,8.304
1982-09-18,8.351
1982-09-19,8.448333333333334
1982-09-20,8.545666666666667
1982-09-21,8.643
1982-09-22,8.380666666666666
1982-09-23,8.118333333333334
1982-09-24,7.856
1982-09-25,7.865
1982-09-26,7.874
1982-09-30,7.91
1982-10-01,7.960666666666667
1982-10-02,8.011333333333333
1982-10-03,8.062
1982-10-04,8.161999999999999
1982-10-05,8.262
1982-10-06,8.362
1982-10-07,8.557
1982-10-08,8.751999999999999
1982-10-09,8.947
1982-10-10,8.770333333333333
1982-10-11,8.593666666666666
1982-10-12,8.417
1982-10-13,8.443999999999999
1982-10-14,8.471
1982-10-18,8.579
1982-10-19,8.603333333333333
1982-10-20,8.627666666666666
1982-10-21,8.652
1982-10-22,8.729333333333333
1982-10-23,8.806666666666667
1982-10-24,8.884
1982-10-25,9.0498
1982-10-26,9.2156
1982-10-29,9.713
1982-10-30,9.7974
1982-10-31,9.8818
1982-11-03,10.135
1982-11-04,9.693666666666669
1982-11-05,9.252333333333333
1982-11-06,8.811
1982-11-07,8.58
1982-11-08,8.349
1982-11-09,8.286
1982-11-10,8.222999999999999
1982-11-12,8.097
1982-11-13,8.234666666666666
1982-11-14,8.372333333333334
1982-11-15,8.51
1982-11-16,8.442
1982-11-17,8.373999999999999
1982-11-18,8.306
1982-11-19,8.364749999999999
1982-11-20,8.4235
1982-11-22,8.541
1982-11-23,8.456
1982-11-24,8.371
1982-11-25,8.286
1982-11-26,8.2965
1982-11-27,8.307
1982-11-28,8.31
1982-11-29,8.313
1982-11-30,8.316
1982-12-01,8.816666666666666
1982-12-02,9.317333333333334
1982-12-03,9.818
1982-12-04,9.884666666666666
1982-12-05,9.951333333333334
1982-12-06,10.018
1982-12-07,9.543333333333331
1982-12-08,9.068666666666669
1982-12-09,8.594
1982-12-10,8.437999999999999
1982-12-11,8.282
1982-12-12,8.126
1982-12-13,8.207333333333333
1982-12-14,8.288666666666666
1982-12-15,8.37
1982-12-16,7.851999999999999
1982-12-17,7.334
1982-12-18,6.816
1982-12-19,7.032666666666667
1982-12-20,7.249333333333333
1982-12-24,8.116
1982-12-25,8.176
1982-12-26,8.235999999999999
1982-12-27,8.296
1982-12-28,8.286571428571428
1982-12-29,8.277142857142856
1983-02-21,7.768
1983-02-22,7.760666666666666
1983-02-23,7.753333333333334
1983-02-24,7.746
1983-02-25,8.035333333333334
1983-02-26,8.324666666666667
1983-02-27,8.614
1983-02-28,8.38325
1983-03-01,8.1525
1983-03-03,7.691
1983-03-04,7.799666666666666
1983-03-05,7.908333333333333
1983-03-06,8.017
1983-03-07,7.992749999999999
1983-03-08,7.9685
1983-03-10,7.92
1983-03-11,8.0468
1983-03-12,8.1736
1983-03-15,8.554
1983-03-16,8.370333333333333
1983-03-17,8.186666666666667
1983-03-18,8.003
1983-03-19,8.135333333333334
1983-03-20,8.267666666666667
1983-03-21,8.4
1983-03-22,8.371666666666666
1983-03-23,8.343333333333334
1983-03-24,8.315
1983-03-25,8.26
1983-03-26,8.205
1983-03-27,8.15
1983-03-28,7.95525
1983-03-29,7.7605
1983-03-31,7.371
1983-04-01,7.449625
1983-04-02,7.52825
1983-04-08,8.0
1983-04-09,7.87575
1983-04-10,7.7515
1983-04-12,7.503
1983-04-13,7.532571428571429
1983-04-14,7.562142857142857
1983-04-19,7.71
1983-04-20,9.895
1983-04-21,9.30625
1983-04-22,8.7175
1983-04-24,7.54
1983-04-25,7.463
1983-04-26,7.386
1983-04-28,7.232
1983-04-29,7.346500000000001
1983-04-30,7.461
1983-05-01,7.542666666666667
1983-05-02,7.624333333333333
1983-05-03,7.706
1983-05-04,7.649666666666667
1983-05-05,7.593333333333334
1983-05-06,7.537
1983-05-07,7.575333333333333
1983-05-08,7.613666666666667
1983-05-09,7.652
1983-05-10,7.522
1983-05-11,7.391999999999999
1983-05-12,7.262
1983-05-13,7.370666666666667
1983-05-14,7.479333333333333
1983-05-15,7.588
1983-05-16,7.715333333333334
1983-05-17,7.842666666666666
1983-05-18,7.97
1983-05-19,7.803666666666666
1983-05-20,7.637333333333333
1983-05-21,7.471
1983-05-22,7.517875
1983-05-23,7.56475
1983-05-29,7.846
1983-05-30,7.786166666666666
1983-05-31,7.726333333333334
1983-06-04,7.487
1983-06-05,7.482666666666667
1983-06-06,7.478333333333333
1983-06-10,7.461
1983-06-11,7.5072
1983-06-12,7.5534
1983-06-15,7.692
1983-06-16,7.95925
1983-06-17,8.2265
1983-06-19,8.761
1983-06-20,8.3065
1983-06-21,7.852
1983-06-22,7.85225
1983-06-23,7.8525
1983-06-25,7.853
1983-06-26,7.9975
1983-06-27,8.142
1983-06-28,8.108666666666666
1983-06-29,8.075333333333333
1983-06-30,8.042
1983-07-01,7.970666666666666
1983-07-02,7.899333333333334
1983-07-03,7.828
1983-07-04,7.849333333333334
1983-07-05,7.870666666666667
1983-07-06,7.892
1983-07-07,7.821000000000001
1983-07-08,7.75
1983-07-09,7.679
1983-07-10,7.651166666666667
1983-07-11,7.623333333333333
1983-07-15,7.512
1983-07-16,7.501333333333333
1983-07-17,7.490666666666667
1983-07-18,7.48
1983-07-19,7.415666666666667
1983-07-20,7.351333333333334
1983-07-21,7.287
1983-07-22,7.240833333333333
1983-07-23,7.1946666666666665
1983-07-27,7.01
1983-07-28,7.043666666666667
1983-07-29,7.077333333333333
1983-07-30,7.111
1983-07-31,7.138249999999999
1983-08-01,7.1655
1983-08-03,7.22
1983-08-04,7.293333333333333
1983-08-05,7.366666666666667
1983-08-06,7.44
1983-08-07,7.4165
1983-08-08,7.393
1983-08-09,7.42525
1983-08-10,7.4575
1983-08-12,7.522
1983-08-13,7.570333333333333
1983-08-14,7.618666666666667
1983-08-15,7.667
1983-08-16,7.681666666666667
1983-08-17,7.696333333333333
1983-08-18,7.711
1983-08-19,7.5925
1983-08-20,7.474
1983-08-21,7.452428571428571
1983-08-22,7.430857142857143
1983-08-27,7.323
1983-08-28,7.353857142857143
1983-08-29,7.384714285714286
1983-09-03,7.539
1983-09-04,7.504333333333333
1983-09-05,7.469666666666666
1983-09-06,7.435
1983-09-07,7.486333333333333
1983-09-08,7.537666666666666
1983-09-12,7.743
1983-09-13,7.6555
1983-09-14,7.568
1983-09-18,7.218
1983-09-19,7.1835
1983-09-20,7.149
1983-09-24,7.011
1983-09-25,7.103666666666666
1983-09-26,7.1963333333333335
1983-10-03,7.845
1983-10-04,7.865
1983-10-05,7.885
1983-10-06,7.905
1983-10-07,7.868666666666667
1983-10-08,7.832333333333334
1983-10-09,7.796
1983-10-10,7.85
1983-10-11,7.904
1983-10-12,7.91
1983-10-13,7.916
1983-10-15,7.928
1983-10-16,7.934
1983-10-17,7.939999999999999
1983-10-18,7.946
1983-10-19,7.806
1983-10-20,7.665999999999999
1983-10-21,7.526
1983-10-22,7.580666666666667
1983-10-23,7.635333333333333
1983-10-24,7.69
1983-10-25,7.727
1983-10-26,7.764
1983-10-30,7.912
1983-10-31,7.75225
1983-11-01,7.592499999999999
1983-11-03,7.273
1983-11-04,7.282666666666667
1983-11-05,7.292333333333333
1983-11-06,7.302
1983-11-07,7.297
1983-11-08,7.292
1983-11-12,7.272
1983-11-13,7.299666666666667
1983-11-14,7.327333333333334
1983-11-15,7.355
1983-11-16,7.3684
1983-11-17,7.3818
1983-11-20,7.422
1983-11-21,7.184666666666667
1983-11-22,6.947333333333333
1983-11-23,6.71
1983-11-24,6.538666666666667
1983-11-25,6.367333333333333
1983-11-26,6.196
1983-11-27,6.352
1983-11-28,6.836
1983-11-29,7.32
1983-11-30,7.804
1983-12-01,7.399
1983-12-02,6.994000000000001
1983-12-03,6.589
1983-12-04,6.538666666666667
1983-12-05,6.488333333333333
1983-12-06,6.438
1983-12-07,6.535666666666667
1983-12-08,6.633333333333333
1983-12-09,6.731
1983-12-10,6.847
1983-12-11,6.963
1983-12-12,6.93025
1983-12-13,6.8975
1983-12-15,6.832
1983-12-16,6.905666666666667
1983-12-17,6.979333333333333
1983-12-18,7.053
1983-12-19,7.150666666666667
1983-12-20,7.248333333333333
1983-12-21,7.346
1983-12-22,7.109333333333334
1983-12-23,6.8726666666666665
1983-12-24,6.636
1983-12-25,6.572333333333334
1983-12-26,6.508666666666667
1983-12-27,6.445
1983-12-28,6.627
1983-12-29,6.809
1983-12-30,6.991
1983-12-31,6.94125
1984-01-01,6.8915
1984-01-03,6.792
1984-01-04,7.0969
1984-01-05,7.4018
1984-01-13,9.841
1984-01-14,9.263
1984-01-15,8.685
1984-01-16,8.8705
1984-01-17,9.056
1984-01-18,9.054666666666666
1984-01-19,9.053333333333333
1984-01-20,9.052
1984-01-21,10.0766
1984-01-22,11.1012
1984-01-25,14.175
1984-01-26,13.127666666666666
1984-01-27,12.080333333333334
1984-01-28,11.033
1984-01-29,11.564
1984-01-30,12.095
1984-01-31,12.626
1984-02-01,12.904
1984-02-02,13.182
1984-02-03,13.048
1984-02-04,12.914
1984-02-06,12.646
1984-02-07,13.83825
1984-02-08,15.0305
1984-02-10,17.415
1984-02-11,16.1785
1984-02-12,14.942
1984-02-13,15.962666666666667
1984-02-14,16.983333333333334
1984-02-15,18.004
1984-02-16,18.11755555555556
1984-02-17,18.23111111111111
1984-02-24,19.026
1984-02-25,18.261
1984-02-26,17.496000000000002
1984-02-27,16.731
1984-02-28,15.7985
1984-02-29,14.866
1984-03-01,14.8395
1984-03-02,14.813
1984-03-04,14.76
1984-03-05,15.205
1984-03-06,15.65
1984-03-07,16.095
1984-03-08,16.049999999999997
1984-03-09,16.005
1984-03-12,15.87
1984-03-13,17.566333333333333
1984-03-14,19.262666666666668
1984-03-15,20.959
1984-03-16,21.6955
1984-03-17,22.432
1984-03-19,23.905
1984-03-20,24.750666666666667
1984-03-21,25.59633333333333
1984-03-22,26.442
1984-03-23,25.944000000000003
1984-03-24,25.446
1984-03-25,25.342333333333336
1984-03-26,25.238666666666667
1984-03-27,25.135
1984-03-28,25.349666666666668
1984-03-29,25.56433333333333
1984-03-30,25.779
1984-03-31,22.911
1984-04-01,20.043
1984-04-03,14.307
1984-04-04,14.116333333333332
1984-04-05,13.925666666666666
1984-04-06,13.735
1984-04-07,14.034333333333333
1984-04-08,14.333666666666666
1984-04-09,14.633
1984-04-10,13.691333333333333
1984-04-11,12.749666666666666
1984-04-12,11.808
1984-04-13,11.469333333333331
1984-04-14,11.130666666666666
1984-04-15,10.792
1984-04-16,10.754666666666669
1984-04-17,10.717333333333332
1984-04-18,10.68
1984-04-19,10.889
1984-04-20,11.098
1984-04-21,11.307
1984-04-22,11.168333333333331
1984-04-23,11.029666666666667
1984-04-24,10.891
1984-04-25,10.86888888888889
1984-04-26,10.846777777777778
1984-05-03,10.692
1984-05-04,10.495333333333331
1984-05-05,10.298666666666668
1984-05-06,10.102
1984-05-07,10.397
1984-05-08,10.692
1984-05-09,10.987
1984-05-10,10.843
1984-05-11,10.699
1984-05-12,10.555
1984-05-13,10.456333333333331
1984-05-14,10.357666666666669
1984-05-15,10.259
1984-05-16,10.304666666666668
1984-05-17,10.350333333333332
1984-05-18,10.396
1984-05-19,10.235666666666669
1984-05-20,10.075333333333331
1984-05-21,9.915
1984-05-22,10.008666666666668
1984-05-23,10.102333333333332
1984-05-24,10.196
1984-05-25,10.443666666666669
1984-05-26,10.691333333333333
1984-05-27,10.939
1984-05-28,10.523
1984-05-29,10.107
1984-05-30,9.691
1984-05-31,9.85875
1984-06-01,10.0265
1984-06-03,10.362
1984-06-04,10.179
1984-06-05,9.996
1984-06-06,9.813
1984-06-07,9.95
1984-06-08,10.087
1984-06-09,10.224
1984-06-10,9.838333333333331
1984-06-11,9.452666666666667
1984-06-12,9.067
1984-06-13,9.370333333333331
1984-06-14,9.673666666666668
1984-06-15,9.977
1984-06-16,9.813333333333334
1984-06-17,9.649666666666668
1984-06-18,9.486
1984-06-19,9.495333333333331
1984-06-20,9.504666666666669
1984-06-21,9.514
1984-06-22,9.461
1984-06-23,9.408
1984-06-24,9.355
1984-06-25,9.326666666666666
1984-06-26,9.298333333333334
1984-06-27,9.27
1984-06-28,9.395
1984-06-29,9.52
1984-06-30,9.645
1984-07-01,9.6495
1984-07-02,9.654
1984-07-03,9.497
1984-07-04,9.34
1984-07-05,9.131
1984-07-06,8.922
1984-07-07,9.1435
1984-07-08,9.365
1984-07-09,9.4265
1984-07-10,9.488
1984-07-11,9.445
1984-07-12,9.402
1984-07-13,9.238499999999998
1984-07-14,9.075
1984-07-15,9.138125
1984-07-16,9.20125
1984-07-22,9.58
1984-07-23,9.772
1984-07-24,9.964
1984-07-25,9.911
1984-07-26,9.858
1984-07-27,9.926
1984-07-28,9.872666666666667
1984-07-29,9.819333333333333
1984-07-30,9.766
1984-07-31,9.820666666666666
1984-08-01,9.875333333333334
1984-08-02,9.93
1984-08-03,9.936
1984-08-04,9.942
1984-08-05,9.4085
1984-08-06,8.875
1984-08-07,9.093
1984-08-08,9.311
1984-08-10,9.747
1984-08-11,9.7065
1984-08-12,9.666
1984-08-13,9.5755
1984-08-14,9.485
1984-08-15,9.613
1984-08-16,9.741
1984-08-17,9.4425
1984-08-18,9.144
1984-08-19,9.239
1984-08-20,9.334
1984-08-21,9.5965
1984-08-22,9.859
1984-08-23,9.5615
1984-08-24,9.264
1984-08-25,9.5055
1984-08-26,9.747
1984-08-27,9.4805
1984-08-28,9.214
1984-08-29,9.5375
1984-08-30,9.861
1984-08-31,9.8305
1984-09-01,9.8
1984-09-15,9.373
1984-09-16,8.955
1984-09-17,8.537
1984-09-18,8.63
1984-09-19,8.723
1984-09-20,8.754
1984-09-21,8.870999999999999
1984-09-22,8.988
1984-09-23,8.7985
1984-09-24,8.609
1984-09-25,8.684000000000001
1984-09-26,8.759
1984-09-27,8.7085
1984-09-28,8.658
1984-09-29,8.957999999999998
1984-09-30,9.258
1984-10-01,9.204
1984-10-02,9.15
1984-10-03,9.12
1984-10-04,9.09
1984-10-05,9.0385
1984-10-06,8.987
1984-10-07,9.0075
1984-10-08,9.028
1984-10-09,9.165500000000002
1984-10-10,9.303
1984-10-11,9.28
1984-10-12,9.257
1984-10-13,9.143
1984-10-14,9.029
1984-10-15,9.0395
1984-10-16,9.05
1984-10-17,8.9265
1984-10-18,8.803
1984-10-19,8.868
1984-10-20,8.933
1984-10-21,8.844999999999999
1984-10-22,8.757
1984-10-23,8.801
1984-10-24,8.845
1984-10-25,8.791
1984-10-26,8.737
1984-10-27,9.199
1984-10-28,9.661
1984-10-29,9.5625
1984-10-30,9.464
1984-10-31,9.458333333333334
1984-11-01,9.452666666666666
1984-11-02,9.447
1984-11-03,9.529
1984-11-04,9.611
1984-11-05,9.3115
1984-11-06,9.012
1984-11-07,9.194
1984-11-08,9.376
1984-11-09,8.8505
1984-11-10,8.325
1984-11-11,8.6155
1984-11-12,8.906
1984-11-13,8.872
1984-11-14,8.838
1984-11-15,8.985499999999998
1984-11-16,9.133
1984-11-17,9.1355
1984-11-18,9.138
1984-11-19,9.2795
1984-11-20,9.421
1984-11-21,9.7685
1984-11-22,10.116
1984-11-24,10.811
1984-11-25,11.1795
1984-11-26,11.548
1984-11-27,12.267
1984-11-28,12.986
1984-11-29,12.406
1984-11-30,11.826
1984-12-01,11.784
1984-12-02,11.742
1984-12-03,12.194
1984-12-04,12.646
1984-12-05,13.6405
1984-12-06,14.635
1984-12-07,13.2565
1984-12-08,11.878
1984-12-09,11.4585
1984-12-10,11.039
1984-12-11,12.539
1984-12-12,14.039
1984-12-13,11.812
1984-12-14,9.585
1984-12-15,9.543
1984-12-16,9.501
1984-12-17,9.521999999999998
1984-12-18,9.543
1984-12-19,9.51
1984-12-20,9.477
1984-12-21,9.756
1984-12-22,10.035
1984-12-23,9.8315
1984-12-24,9.628
1984-12-25,9.654
1984-12-26,9.68
1984-12-27,9.561
1984-12-28,9.442
1984-12-29,9.3875
1984-12-30,9.333
1984-12-31,9.031333333333334
1985-01-01,8.729666666666667
1985-01-02,8.428
1985-01-03,9.169
1985-01-04,9.91
1985-01-05,9.6365
1985-01-06,9.363
1985-01-07,10.396
1985-01-08,11.429
1985-01-09,9.72
1985-01-10,8.011
1985-01-11,8.7905
1985-01-12,9.57
1985-01-13,9.05
1985-01-14,8.53
1985-01-15,8.965499999999999
1985-01-16,9.401
1985-01-17,9.2045
1985-01-18,9.008
1985-01-19,9.4
1985-01-20,9.792
1985-01-21,9.1695
1985-01-22,8.547
1985-01-23,9.098
1985-01-24,9.649
1985-01-25,9.485499999999998
1985-01-26,9.322
1985-01-27,9.1145
1985-01-28,8.907
1985-01-29,9.03
1985-01-30,9.153
1985-01-31,8.822000000000001
1985-02-01,8.491
1985-02-02,8.16
1985-02-03,8.4305
1985-02-04,8.701
1985-02-05,9.259
1985-02-06,9.817
1985-02-07,10.596
1985-02-08,11.375
1985-02-09,12.321
1985-02-10,13.267
1985-02-11,13.886
1985-02-12,14.505
1985-02-13,15.817
1985-02-14,17.129
1985-02-15,19.822000000000003
1985-02-16,22.515
1985-02-17,22.3645
1985-02-18,22.214
1985-02-19,23.402
1985-02-20,24.59
1985-02-21,28.0855
1985-02-22,31.581
1985-02-23,35.689
1985-02-24,39.797
1985-02-25,40.5595
1985-02-26,41.322
1985-02-27,42.784000000000006
1985-02-28,44.246
1985-03-01,32.942
1985-03-02,21.638
1985-03-03,20.782
1985-03-04,19.926
1985-03-05,19.275666666666663
1985-03-06,18.625333333333337
1985-03-07,17.975
1985-03-08,16.964
1985-03-09,16.932
1985-03-10,16.9
1985-03-11,15.9375
1985-03-12,14.975
1985-03-13,14.879
1985-03-14,14.783
1985-03-15,14.997
1985-03-16,15.211
1985-03-17,13.7015
1985-03-18,12.192
1985-03-19,13.499333333333334
1985-03-20,14.806666666666668
1985-03-24,20.036
1985-03-25,20.43466666666667
1985-03-26,20.83333333333333
1985-03-27,21.232
1985-03-28,20.775
1985-03-29,20.318
1985-03-30,19.861
1985-03-31,19.784857142857145
1985-04-01,19.708714285714287
1985-04-06,19.328
1985-04-07,18.7595
1985-04-08,18.191
1985-04-09,17.41575
1985-04-10,16.6405
1985-04-12,15.09
1985-04-13,14.9515
1985-04-14,14.813
1985-04-15,14.5015
1985-04-16,14.19
1985-04-17,14.205
1985-04-18,14.22
1985-04-19,14.485
1985-04-20,14.75
1985-04-22,15.28
1985-04-23,15.6315
1985-04-24,15.983
1985-04-25,15.805
1985-04-26,15.627
1985-04-27,14.509
1985-04-28,13.391
1985-04-29,13.05675
1985-04-30,12.7225
1985-05-02,12.054
1985-05-03,12.4785
1985-05-04,12.903
1985-05-05,13.0635
1985-05-06,13.224
1985-05-10,13.866
1985-05-11,13.1535
1985-05-12,12.441
1985-05-13,12.418
1985-05-14,12.395
1985-05-15,11.4535
1985-05-16,10.512
1985-05-17,10.44
1985-05-18,10.368
1985-05-19,9.711
1985-05-20,9.054
1985-05-21,9.83175
1985-05-22,10.6095
1985-05-24,12.165
1985-05-25,12.126
1985-05-26,12.087
1985-05-28,12.009
1985-05-29,12.3315
1985-05-30,12.654
1985-05-31,12.566969696969696
1985-06-01,12.479939393939391
1985-07-02,9.782
1985-07-03,10.0865
1985-07-04,10.391
1985-07-05,10.9105
1985-07-06,11.43
1985-07-07,10.439
1985-07-08,9.448
1985-07-09,9.874
1985-07-10,10.3
1985-07-11,10.1205
1985-07-12,9.941
1985-07-13,10.1915
1985-07-14,10.442
1985-07-15,10.244
1985-07-16,10.046
1985-07-17,9.969
1985-07-18,9.892
1985-07-19,10.053999999999998
1985-07-20,10.216
1985-07-21,10.23325
1985-07-22,10.2505
1985-07-24,10.285
1985-07-25,10.7205
1985-07-26,11.156
1985-07-27,11.035285714285717
1985-07-28,10.91457142857143
1985-08-02,10.311
1985-08-03,10.3205
1985-08-04,10.33
1985-08-05,10.426
1985-08-06,10.522
1985-08-07,10.395
1985-08-08,10.268
1985-08-09,10.24025
1985-08-10,10.2125
1985-08-12,10.157
1985-08-13,10.22
1985-08-14,10.283
1985-08-15,10.244
1985-08-16,10.205
1985-08-17,10.261
1985-08-18,10.317
1985-08-19,10.337
1985-08-20,10.357
1985-08-21,10.105
1985-08-22,9.853
1985-08-23,10.066
1985-08-24,10.279
1985-08-25,10.198
1985-08-26,10.117
1985-08-27,10.166250000000002
1985-08-28,10.2155
1985-08-30,10.314
1985-08-31,10.457
1985-09-01,10.6
1985-09-02,10.743
1985-09-03,10.8475
1985-09-04,10.952
1985-09-05,10.6305
1985-09-06,10.309
1985-09-07,10.3835
1985-09-08,10.458
1985-09-09,10.29
1985-09-10,10.122
1985-09-11,10.6285
1985-09-12,11.135
1985-09-13,10.4435
1985-09-14,9.752
1985-09-15,9.685
1985-09-16,9.618
1985-09-17,9.791
1985-09-18,9.964
1985-09-19,9.924
1985-09-20,9.884
1985-09-21,10.121
1985-09-22,10.358
1985-09-23,10.4545
1985-09-24,10.551
1985-09-25,10.3605
1985-09-26,10.17
1985-09-27,10.2121
1985-09-28,10.2542
1985-10-06,10.591
1985-10-07,10.489
1985-10-08,10.387
1985-10-09,10.16
1985-10-10,9.933
1985-10-11,9.995
1985-10-12,10.057
1985-10-13,10.1625
1985-10-14,10.268
1985-10-15,9.933
1985-10-16,9.598
1985-10-17,9.939
1985-10-18,10.28
1985-10-19,10.27
1985-10-20,10.26
1985-10-21,10.125
1985-10-22,9.99
1985-10-23,10.0745
1985-10-24,10.159
1985-10-25,10.423
1985-10-26,10.687
1985-10-27,10.595
1985-10-28,10.503
1985-10-29,10.018
1985-10-30,9.533
1985-10-31,9.702
1985-11-01,9.871
1985-11-02,10.04
1985-11-03,10.0966
1985-11-04,10.1532
1985-11-07,10.323
1985-11-08,9.9405
1985-11-09,9.558
1985-11-10,9.708
1985-11-11,10.0765
1985-11-12,10.445
1985-11-13,10.483
1985-11-14,10.521
1985-11-15,10.754
1985-11-16,10.987
1985-11-17,11.597
1985-11-18,12.207
1985-11-19,11.8675
1985-11-20,11.528
1985-11-21,11.0265
1985-11-22,10.525
1985-11-23,10.1705
1985-11-24,9.816
1985-11-25,10.104
1985-11-26,10.392
1985-11-27,10.5615
1985-11-28,10.731
1985-11-29,10.5525
1985-11-30,10.374
1985-12-01,10.416
1985-12-02,10.458
1985-12-03,10.432
1985-12-04,10.406
1985-12-05,10.534
1985-12-06,10.662
1985-12-07,10.6275
1985-12-08,10.593
1985-12-09,10.5775
1985-12-10,10.562
1985-12-11,10.386
1985-12-12,10.21
1985-12-13,10.279
1985-12-14,10.348
1985-12-15,10.417
1985-12-16,10.414
1985-12-17,10.411
1985-12-18,10.408
1985-12-19,10.2935
1985-12-20,10.179
1985-12-21,10.4325
1985-12-22,10.686
1985-12-23,10.663
1985-12-24,10.64
1985-12-25,11.334
1985-12-26,12.028
1985-12-27,11.9575
1985-12-28,11.887
1985-12-29,11.9592
1985-12-30,12.0314
1986-01-02,12.248
1986-01-03,12.15
1986-01-04,12.052
1986-01-05,11.954
1986-01-06,13.259
1986-01-07,14.0175
1986-01-08,14.776
1986-01-09,17.5445
1986-01-10,20.313
1986-01-11,18.1595
1986-01-12,16.006
1986-01-13,16.250500000000002
1986-01-14,16.495
1986-01-15,18.8895
1986-01-16,21.284
1986-01-17,18.7145
1986-01-18,16.145
1986-01-19,16.224
1986-01-20,16.303
1986-01-21,21.6005
1986-01-22,26.898
1986-01-23,20.5815
1986-01-24,14.265
1986-01-25,14.27025
1986-01-26,14.2755
1986-01-28,14.286
1986-01-29,14.6325
1986-01-30,14.979
1986-01-31,16.262333333333334
1986-02-01,17.545666666666666
1986-02-02,18.829
1986-02-03,22.1075
1986-02-04,25.386
1986-02-05,24.6845
1986-02-06,23.983
1986-02-07,20.9465
1986-02-08,17.91
1986-02-09,21.6765
1986-02-10,25.443
1986-02-11,25.5135
1986-02-12,25.584000000000003
1986-02-14,25.725
1986-02-15,22.8015
1986-02-16,19.878
1986-02-17,19.534
1986-02-18,19.19
1986-02-19,20.097
1986-02-20,21.004
1986-02-21,20.157
1986-02-22,19.31
1986-02-23,19.969
1986-02-24,20.628
1986-02-25,22.6795
1986-02-26,24.731
1986-02-27,24.463500000000003
1986-02-28,24.196
1986-03-01,22.096
1986-03-02,21.624666666666663
1986-03-03,21.15333333333333
1986-03-04,20.682
1986-03-05,20.516
1986-03-06,20.35
1986-03-07,20.2635
1986-03-08,20.177
1986-03-09,19.757
1986-03-10,19.337
1986-03-11,19.3255
1986-03-12,19.314
1986-03-13,19.0545
1986-03-14,18.795
1986-03-15,18.673
1986-03-16,18.551
1986-03-17,18.129
1986-03-18,17.707
1986-03-19,20.011000000000003
1986-03-20,22.315
1986-03-21,21.359
1986-03-22,20.403
1986-03-23,20.04
1986-03-24,19.677
1986-03-25,18.8385
1986-03-26,18.0
1986-03-27,18.0874
1986-03-28,18.1748
1986-03-31,18.437
1986-04-01,17.6965
1986-04-02,16.956
1986-04-03,17.426499999999997
1986-04-04,17.897
1986-04-05,19.619
1986-04-06,21.341
1986-04-07,20.912
1986-04-08,20.483
1986-04-09,20.067
1986-04-10,19.651
1986-04-11,19.1935
1986-04-12,18.736
1986-04-13,18.528
1986-04-14,18.32
1986-04-15,18.443
1986-04-16,18.566
1986-04-17,16.289
1986-04-18,14.012
1986-04-19,13.0105
1986-04-20,12.009
1986-04-21,12.08
1986-04-22,12.151
1986-04-23,12.56
1986-04-24,12.969
1986-04-25,13.604
1986-04-26,14.239
1986-04-27,13.6935
1986-04-28,13.148
1986-04-29,12.4245
1986-04-30,11.701
1986-05-01,13.0495
1986-05-02,14.398
1986-05-03,13.329
1986-05-04,12.26
1986-05-05,12.1685
1986-05-06,12.077
1986-05-07,12.0065
1986-05-08,11.936
1986-05-09,12.0135
1986-05-10,12.091
1986-05-11,11.7615
1986-05-12,11.432
1986-05-13,11.513
1986-05-14,11.616
1986-05-15,11.719
1986-05-16,11.822
1986-05-17,11.427
1986-05-18,11.032
1986-05-20,10.242
1986-05-21,10.2035
1986-05-22,10.165
1986-05-23,9.8595
1986-05-24,9.554
1986-05-25,9.819
1986-05-26,10.084
1986-05-27,9.182
1986-05-28,8.28
1986-05-29,8.84
1986-05-30,9.401
1986-05-31,9.775
1986-06-01,9.962
1986-06-02,10.149
1986-06-03,10.0025
1986-06-04,9.856
1986-06-05,10.346
1986-06-06,10.836
1986-06-07,10.556
1986-06-08,10.276
1986-06-09,9.845
1986-06-10,9.414
1986-06-11,9.4795
1986-06-12,9.545
1986-06-13,9.5745
1986-06-14,9.604
1986-06-15,9.4785
1986-06-16,9.353
1986-06-17,9.641
1986-06-18,9.929
1986-06-19,9.9475
1986-06-20,9.966
1986-06-21,10.0185
1986-06-22,10.071
1986-06-23,9.5835
1986-06-24,9.096
1986-06-25,9.5085
1986-06-26,9.921
1986-06-27,9.95
1986-06-28,9.979
1986-06-29,10.192
1986-06-30,10.405
1986-07-01,9.6895
1986-07-02,8.974
1986-07-03,8.9665
1986-07-04,8.959
1986-07-05,8.831
1986-07-06,8.703
1986-07-07,8.7615
1986-07-08,8.82
1986-07-09,9.09
1986-07-10,9.36
1986-07-11,9.5575
1986-07-12,9.755
1986-07-13,9.495
1986-07-14,9.235
1986-07-15,9.3695
1986-07-16,9.504
1986-07-17,8.849499999999999
1986-07-18,8.195
1986-07-19,8.3675
1986-07-20,8.54
1986-07-21,8.754999999999999
1986-07-22,8.97
1986-07-23,9.168500000000002
1986-07-24,9.367
1986-07-25,8.954
1986-07-26,8.541
1986-07-27,8.5045
1986-07-28,8.468
1986-07-29,8.532499999999999
1986-07-30,8.597
1986-07-31,8.574
1986-08-01,8.551
1986-08-02,8.641
1986-08-03,8.686076923076923
1986-08-04,8.731153846153846
1986-08-15,9.227
1986-08-16,9.1675
1986-08-17,9.108
1986-08-18,9.227333333333334
1986-08-19,9.346666666666666
1986-08-20,9.466
1986-08-21,9.447
1986-08-22,9.428
1986-08-23,9.504
1986-08-24,9.58
1986-08-25,8.887
1986-08-26,8.194
1986-08-27,9.643
1986-08-28,9.668
1986-08-29,9.693
1986-08-30,9.3345
1986-08-31,8.976
1986-09-01,9.077000000000002
1986-09-02,9.178
1986-09-03,9.1735
1986-09-04,9.169
1986-09-05,9.2395
1986-09-06,9.31
1986-09-07,9.3335
1986-09-08,9.357
1986-09-10,9.404
1986-09-11,9.3925
1986-09-12,9.381
1986-09-13,9.376
1986-09-14,9.371
1986-09-15,9.486
1986-09-16,9.601
1986-09-17,9.5135
1986-09-18,9.426
1986-09-19,9.3665
1986-09-20,9.307
1986-09-21,9.45
1986-09-22,9.593
1986-09-23,9.2
1986-09-24,8.807
1986-09-25,9.0375
1986-09-26,9.268
1986-09-27,9.3075
1986-09-28,9.347
1986-09-29,9.085
1986-09-30,8.823
1986-10-01,8.9515
1986-10-02,9.08
1986-10-03,9.103
1986-10-04,9.126
1986-10-05,9.1525
1986-10-06,9.179
1986-10-07,9.2505
1986-10-08,9.322
1986-10-09,9.2765
1986-10-10,9.231
1986-10-11,9.237
1986-10-12,9.243
1986-10-14,9.255
1986-10-15,9.2675
1986-10-16,9.28
1986-10-17,9.193
1986-10-18,9.106
1986-10-19,9.181
1986-10-20,9.256
1986-10-21,9.2915
1986-10-22,9.327
1986-10-23,9.246
1986-10-24,9.165
1986-10-25,9.268
1986-10-26,9.371
1986-10-27,9.333
1986-10-28,9.295
1986-10-29,9.2835
1986-10-30,9.272
1986-10-31,9.315333333333331
1986-11-01,9.358666666666666
1986-11-02,9.402
1986-11-03,9.238
1986-11-04,9.074
1986-11-05,9.235
1986-11-06,9.396
1986-11-07,9.81
1986-11-08,10.224
1986-11-09,9.855
1986-11-10,9.486
1986-11-11,9.5075
1986-11-12,9.529
1986-11-13,9.4652
1986-11-14,9.4014
1986-11-17,9.21
1986-11-18,9.2175
1986-11-19,9.225
1986-11-20,9.291
1986-11-21,9.357
1986-11-22,9.4805
1986-11-23,9.604
1986-11-24,9.261
1986-11-25,9.2105
1986-11-26,9.16
1986-11-27,9.279
1986-11-28,9.398
1986-11-29,9.262
1986-11-30,9.126
1986-12-01,9.2645
1986-12-02,9.403
1986-12-03,9.652
1986-12-04,9.901
1986-12-05,9.846333333333334
1986-12-06,9.791666666666666
1986-12-07,9.737
1986-12-08,9.888823529411765
1986-12-09,10.040647058823527
1987-01-10,14.899
1987-01-11,14.6035
1987-01-12,14.308
1987-01-13,14.7005
1987-01-14,15.093
1987-01-15,15.6275
1987-01-16,16.162
1987-01-17,16.6485
1987-01-18,17.135
1987-01-19,16.1415
1987-01-20,15.148
1987-01-21,15.559
1987-01-22,15.97
1987-01-23,16.381
1987-01-24,16.076153846153847
1987-01-25,15.771307692307692
1987-02-05,12.418
1987-02-06,12.199
1987-02-07,11.98
1987-02-09,11.542
1987-02-10,10.843
1987-02-11,11.0115
1987-02-12,11.18
1987-02-13,10.792
1987-02-14,10.404
1987-02-15,10.149
1987-02-16,9.894
1987-02-17,9.639
1987-02-18,9.864
1987-02-19,10.089
1987-02-20,9.8726
1987-02-21,9.6562
1987-02-24,9.007
1987-02-25,8.7205
1987-02-26,8.434
1987-02-27,8.525500000000001
1987-02-28,8.617
1987-03-01,10.144
1987-03-02,11.671
1987-03-03,10.887
1987-03-04,10.103
1987-03-05,9.1845
1987-03-06,8.266
1987-03-07,8.35325
1987-03-08,8.4405
1987-03-10,8.615
1987-03-11,8.7395
1987-03-12,8.864
1987-03-13,8.510000000000002
1987-03-14,8.156
1987-03-15,8.8375
1987-03-16,9.519
1987-03-17,9.237666666666668
1987-03-18,8.956333333333333
1987-03-19,8.675
1987-03-20,8.807
1987-03-21,8.939
1987-03-22,9.6065
1987-03-23,10.274
1987-03-24,9.674
1987-03-25,9.074
1987-03-26,8.6675
1987-03-27,8.261
1987-03-28,8.273
1987-03-29,8.285
1987-03-30,8.523
1987-03-31,8.761
1987-04-01,8.6345
1987-04-02,8.508
1987-04-03,8.7375
1987-04-04,8.967
1987-04-05,8.527000000000001
1987-04-06,8.087
1987-04-07,8.054
1987-04-08,8.021
1987-04-09,8.1205
1987-04-10,8.22
1987-04-11,8.313500000000001
1987-04-12,8.407
1987-04-13,8.2805
1987-04-14,8.154
1987-04-15,8.167
1987-04-16,8.18
1987-04-17,8.3565
1987-04-18,8.533
1987-04-19,8.4485
1987-04-20,8.364
1987-04-21,8.4
1987-04-22,8.436
1987-04-23,8.184000000000001
1987-04-24,7.932
1987-04-25,8.0125
1987-04-26,8.093
1987-04-27,8.238
1987-04-28,8.383
1987-04-29,8.176499999999999
1987-04-30,7.97
1987-05-01,8.039
1987-05-02,8.108
1987-05-03,8.128250000000001
1987-05-04,8.1485
1987-05-06,8.189
1987-05-07,7.954000000000001
1987-05-08,7.719
1987-05-09,7.839
1987-05-10,7.959
1987-05-11,8.08775
1987-05-12,8.2165
1987-05-14,8.474
1987-05-15,8.441500000000001
1987-05-16,8.409
1987-05-17,8.260666666666667
1987-05-18,8.112333333333334
1987-05-19,7.964
1987-05-20,7.851000000000001
1987-05-21,7.738
1987-05-22,7.902000000000001
1987-05-23,8.066
1987-05-24,8.16
1987-05-25,8.254
1987-05-26,8.1725
1987-05-27,8.091
1987-05-28,8.1565
1987-05-29,8.222
1987-05-30,8.1625
1987-05-31,8.103
1987-06-01,7.768
1987-06-02,7.433
1987-06-03,7.454
1987-06-04,7.475
1987-06-05,7.46
1987-06-06,7.445
1987-06-07,7.53075
1987-06-08,7.6165
1987-06-10,7.788
1987-06-11,7.8745
1987-06-12,7.961
1987-06-13,8.0365
1987-06-14,8.112
1987-06-15,7.9335
1987-06-16,7.755
1987-06-17,7.853
1987-06-18,7.951
1987-06-19,7.9395
1987-06-20,7.928
1987-06-26,7.859
1987-06-27,7.6645
1987-06-28,7.47
1987-06-29,7.631
1987-06-30,7.792
1987-07-01,8.0365
1987-07-02,8.281
1987-07-03,8.7965
1987-07-04,9.312
1987-07-05,9.2775
1987-07-06,9.243
1987-07-07,9.1185
1987-07-08,8.994
1987-07-09,8.597999999999999
1987-07-10,8.202
1987-07-11,8.1975
1987-07-12,8.193
1987-07-13,8.2195
1987-07-14,8.246
1987-07-15,8.515
1987-07-16,8.784
1987-07-17,8.6345
1987-07-18,8.485
1987-07-19,8.4295
1987-07-20,8.374
1987-07-21,8.365272727272728
1987-07-22,8.356545454545454
1987-07-31,8.278
1987-08-01,8.267
1987-08-02,8.256
1987-08-03,8.2265
1987-08-04,8.197
1987-08-05,8.343499999999999
1987-08-06,8.49
1987-08-07,8.36075
1987-08-08,8.2315
1987-08-10,7.973
1987-08-11,8.2035
1987-08-12,8.434
1987-08-13,8.399000000000001
1987-08-14,8.364
1987-08-15,8.2055
1987-08-16,8.047
1987-08-17,8.019
1987-08-18,7.991
1987-08-19,8.131499999999999
1987-08-20,8.272
1987-08-21,8.0825
1987-08-22,7.893
1987-08-23,7.959999999999999
1987-08-24,8.027
1987-08-25,7.6895
1987-08-26,7.352
1987-08-27,7.500500000000001
1987-08-28,7.649
1987-08-29,7.525
1987-08-30,7.401
1987-08-31,7.362333333333333
1987-09-01,7.323666666666667
1987-09-02,7.285
1987-09-03,7.339
1987-09-04,7.393
1987-09-05,7.5045
1987-09-06,7.616
1987-09-07,7.43
1987-09-08,7.244
1987-09-09,7.2755
1987-09-10,7.307
1987-09-12,7.37
1987-09-13,7.4055
1987-09-14,7.441
1987-09-15,7.5175
1987-09-16,7.594
1987-09-17,7.481
1987-09-18,7.368
1987-09-19,7.558
1987-09-20,7.748
1987-09-21,7.429
1987-09-22,7.11
1987-09-23,7.135
1987-09-24,7.16
1987-09-25,7.12275
1987-09-26,7.0855
1987-09-28,7.011
1987-09-29,7.1665
1987-09-30,7.322
1987-10-01,7.379
1987-10-02,7.436
1987-10-03,7.3505
1987-10-04,7.265
1987-10-05,7.461
1987-10-06,7.657
1987-10-07,7.592
1987-10-08,7.527
1987-10-09,7.266999999999999
1987-10-10,7.007
1987-10-11,7.1196
1987-10-12,7.2322
1987-10-15,7.57
1987-10-16,7.578666666666667
1987-10-17,7.587333333333333
1987-11-08,7.778
1987-11-09,7.645
1987-11-10,7.512
1987-11-11,7.433999999999999
1987-11-12,7.356
1987-11-13,7.446
1987-11-14,7.536
1987-11-15,7.644666666666667
1987-11-16,7.753333333333333
1987-11-17,7.862
1987-11-18,7.76
1987-11-19,7.658
1987-11-20,7.556
1987-11-21,7.477
1987-11-22,7.398
1987-11-23,7.409
1987-11-24,7.42
1987-11-25,7.654
1987-11-26,7.888
1987-11-27,7.561
1987-11-28,7.234
1987-11-29,7.3045
1987-11-30,7.375
1987-12-01,7.492
1987-12-02,7.609
1987-12-03,7.60475
1987-12-04,7.6005
1987-12-06,7.592
1987-12-07,7.6525
1987-12-08,7.713
1987-12-09,7.659
1987-12-10,7.605
1987-12-12,7.497
1987-12-13,7.3145
1987-12-14,7.132
1987-12-15,7.031
1987-12-16,6.93
1987-12-17,6.8735
1987-12-18,6.817
1987-12-19,7.056
1987-12-20,7.295
1987-12-21,7.268
1987-12-22,7.241
1987-12-23,7.2065
1987-12-24,7.172
1987-12-25,7.199
1987-12-26,7.226
1987-12-27,7.26
1987-12-28,7.294
1987-12-29,7.328
1987-12-30,7.292
1987-12-31,7.256
1988-01-01,7.389
1988-01-02,7.522
1988-01-03,7.9575
1988-01-04,8.393
1988-01-05,7.691000000000001
1988-01-06,6.989
1988-01-07,7.641
1988-01-08,8.4525
1988-01-09,9.264
1988-01-11,10.887
1988-01-12,10.110333333333331
1988-01-13,9.333666666666668
1988-01-14,8.557
1988-01-15,8.635
1988-01-16,8.713
1988-01-17,10.349
1988-01-18,11.985
1988-01-19,13.869
1988-01-20,15.753
1988-01-21,15.854
1988-01-22,15.955
1988-01-23,16.603166666666667
1988-01-24,17.251333333333335
1988-01-28,19.844
1988-01-29,19.8375
1988-01-30,19.831
1988-01-31,18.724
1988-02-01,17.617
1988-02-02,16.51
1988-02-03,19.8645
1988-02-04,23.219
1988-02-05,26.4495
1988-02-06,29.68
1988-02-07,21.446
1988-02-08,13.212
1988-02-09,12.96
1988-02-10,12.708
1988-02-11,12.409
1988-02-12,12.11
1988-02-13,13.769
1988-02-14,15.428
1988-02-15,14.8995
1988-02-16,14.371
1988-02-17,13.69
1988-02-18,13.009
1988-02-19,11.9085
1988-02-20,10.808
1988-02-21,10.354
1988-02-22,9.9
1988-02-23,9.651
1988-02-24,9.402
1988-02-25,9.0935
1988-02-26,8.785
1988-02-27,8.781333333333333
1988-02-28,8.777666666666667
1988-02-29,8.774
1988-03-01,8.968
1988-03-02,9.162
1988-03-03,9.537
1988-03-04,9.912
1988-03-05,10.76925
1988-03-06,11.6265
1988-03-08,13.341
1988-03-09,14.522
1988-03-10,15.703
1988-03-11,16.884
1988-03-12,15.373
1988-03-13,13.862
1988-03-14,15.511
1988-03-15,17.16
1988-03-16,14.869
1988-03-17,12.578
1988-03-18,11.5275
1988-03-19,10.477
1988-03-20,10.3165
1988-03-21,10.156
1988-03-22,9.8825
1988-03-23,9.609
1988-03-24,9.4735
1988-03-25,9.338
1988-03-26,9.702
1988-03-27,10.066
1988-03-28,10.77625
1988-03-29,11.4865
1988-03-31,12.907
1988-04-01,13.2165
1988-04-02,13.526
1988-04-03,13.529
1988-04-04,13.532
1988-04-05,13.3365
1988-04-06,13.141
1988-04-07,12.592
1988-04-08,12.043
1988-04-09,11.494
1988-04-10,11.156
1988-04-11,10.818
1988-04-12,10.7975
1988-04-13,10.777
1988-04-14,10.6015
1988-04-15,10.426
1988-04-16,10.1095
1988-04-17,9.793
1988-04-18,9.6215
1988-04-19,9.45
1988-04-20,9.3285
1988-04-21,9.207
1988-04-22,9.306166666666668
1988-04-23,9.405333333333331
1988-04-27,9.802
1988-04-28,9.953
1988-04-29,9.409
1988-04-30,8.865
1988-05-01,9.09
1988-05-02,9.315
1988-05-03,9.294
1988-05-04,9.273
1988-05-08,9.189
1988-05-09,9.236
1988-05-10,9.283
1988-05-11,9.282333333333334
1988-05-12,9.281666666666666
1988-05-13,9.281
1988-05-14,9.127
1988-05-15,8.973
1988-05-16,8.5715
1988-05-17,8.17
1988-05-18,8.2125
1988-05-19,8.255
1988-05-20,8.256499999999999
1988-05-21,8.258
1988-05-22,8.2895
1988-05-23,8.321
1988-05-24,8.3035
1988-05-25,8.286
1988-05-26,8.045
1988-05-27,7.804
1988-05-28,7.811
1988-05-29,7.818
1988-05-30,7.7935
1988-05-31,7.769
1988-06-02,7.72
1988-06-03,7.6805
1988-06-04,7.641
1988-06-05,7.54
1988-06-06,7.439
1988-06-07,7.598
1988-06-08,7.757
1988-06-09,7.772
1988-06-10,7.787
1988-06-11,7.85
1988-06-12,7.913
1988-06-13,7.771666666666666
1988-06-14,7.630333333333334
1988-06-15,7.489
1988-06-16,7.351
1988-06-17,7.213
1988-06-18,7.2165
1988-06-19,7.22
1988-06-20,7.8095
1988-06-21,8.399
1988-06-22,8.076666666666666
1988-06-23,7.754333333333333
1988-06-24,7.432
1988-06-25,7.5435
1988-06-26,7.655
1988-06-27,8.172
1988-06-28,8.689
1988-06-29,8.5085
1988-06-30,8.328
1988-07-01,8.4455
1988-07-02,8.563
1988-07-03,8.120000000000001
1988-07-04,7.677
1988-07-05,7.914
1988-07-06,8.151
1988-07-07,8.4165
1988-07-08,8.682
1988-07-09,8.298
1988-07-10,7.914
1988-07-11,8.282499999999999
1988-07-12,8.651
1988-07-13,8.589500000000001
1988-07-14,8.528
1988-07-15,8.1835
1988-07-16,7.839
1988-07-17,8.091000000000001
1988-07-18,8.343
1988-07-19,8.595
1988-07-20,7.535
1988-07-21,7.73975
1988-07-22,7.9445
1988-07-24,8.354
1988-07-25,8.446333333333333
1988-07-26,8.538666666666666
1988-07-27,8.631
1988-07-28,8.046
1988-07-29,7.461
1988-07-30,7.9085
1988-07-31,8.356
1988-08-01,8.0795
1988-08-02,7.803
1988-08-03,7.7895
1988-08-04,7.776
1988-08-05,8.075
1988-08-06,8.374
1988-08-07,8.2445
1988-08-08,8.115
1988-08-09,8.112
1988-08-10,8.109
1988-08-11,8.04425
1988-08-12,7.9795
1988-08-14,7.85
1988-08-15,7.855499999999999
1988-08-16,7.861
1988-08-20,7.883
1988-08-21,7.135
1988-08-22,7.454
1988-08-23,7.773000000000001
1988-08-24,8.092
1988-08-25,8.194
1988-08-26,8.296
1988-08-27,8.398
1988-08-28,8.2555
1988-08-29,8.113
1988-08-30,7.7995
1988-08-31,7.486
1988-09-01,7.695
1988-09-02,7.904
1988-09-03,7.9115
1988-09-04,7.919
1988-09-05,7.6975
1988-09-06,7.476
1988-09-07,7.3855
1988-09-08,7.295
1988-09-09,7.538
1988-09-10,7.781
1988-09-11,7.8345
1988-09-12,7.888
1988-09-13,7.7835
1988-09-14,7.679
1988-09-15,7.5795
1988-09-16,7.48
1988-09-17,7.4665
1988-09-18,7.453
1988-09-19,7.58575
1988-09-20,7.718500000000001
1988-09-22,7.984
1988-09-23,7.9535
1988-09-24,7.923
1988-09-28,7.801
1988-09-29,7.673500000000001
1988-09-30,7.546
1988-10-01,7.608
1988-10-02,7.67
1988-10-03,7.649
1988-10-04,7.628
1988-10-05,7.602571428571428
1988-10-06,7.577142857142857
1988-10-18,7.272
1988-10-19,7.3835
1988-10-20,7.495
1988-10-21,7.5465
1988-10-22,7.598
1988-10-23,7.532
1988-10-24,7.466
1988-10-25,7.423500000000001
1988-10-26,7.381
1988-10-27,7.407500000000001
1988-10-28,7.434
1988-10-29,7.314500000000001
1988-10-30,7.195
1988-10-31,7.110333333333333
1988-11-01,7.025666666666667
1988-11-02,6.941
1988-11-03,7.563
1988-11-04,7.618666666666667
1988-11-05,7.674333333333333
1988-11-06,7.73
1988-11-07,7.647
1988-11-08,7.564
1988-11-09,7.43275
1988-11-10,7.3015
1988-11-12,7.039
1988-11-13,7.212
1988-11-14,7.385
1988-11-15,7.362166666666667
1988-11-16,7.339333333333333
1988-11-20,7.248
1988-11-21,7.276
1988-11-22,7.304
1988-11-23,7.277
1988-11-24,7.25
1988-11-25,7.2235
1988-11-26,7.197
1988-11-27,7.196
1988-11-28,7.195
1988-11-29,7.3855
1988-11-30,7.576
1988-12-01,7.473
1988-12-02,7.37
1988-12-03,7.298500000000001
1988-12-04,7.227
1988-12-05,7.283250000000001
1988-12-06,7.3395
1988-12-08,7.452
1988-12-09,7.0915
1988-12-10,6.731
1988-12-11,7.021
1988-12-12,7.311
1988-12-13,7.418
1988-12-14,7.525
1988-12-15,7.85075
1988-12-16,8.1765
1988-12-18,8.828
1988-12-19,8.538
1988-12-20,8.248
1988-12-21,8.386
1988-12-22,8.524
1988-12-23,8.6415
1988-12-24,8.759
1988-12-25,8.60575
1988-12-26,8.4525
1988-12-28,8.146
1988-12-29,8.296
1988-12-30,8.446
1988-12-31,9.0064
1989-01-01,9.5668
1989-01-04,11.248
1989-01-05,11.0425
1989-01-06,10.837
1989-01-07,9.801
1989-01-08,8.765
1989-01-09,9.4305
1989-01-10,10.096
1989-01-12,11.427
1989-01-13,10.966
1989-01-14,10.505
1989-01-15,10.477
1989-01-16,10.449
1989-01-17,10.5032
1989-01-18,10.5574
1989-01-21,10.72
1989-01-22,10.786
1989-01-23,12.4465
1989-01-24,14.107
1989-01-25,11.659
1989-01-26,9.211
1989-01-27,10.661
1989-01-28,12.111
1989-01-29,15.744333333333334
1989-01-30,19.377666666666663
1989-01-31,23.011
1989-02-01,20.478
1989-02-02,17.945
1989-02-03,15.412
1989-02-04,20.2325
1989-02-05,25.053
1989-02-06,20.681
1989-02-07,16.309
1989-02-08,16.288
1989-02-09,16.267
1989-02-10,20.217
1989-02-11,24.167
1989-02-12,22.881
1989-02-13,21.595
1989-02-14,20.309
1989-02-15,18.983
1989-02-16,17.657
1989-02-17,16.4535
1989-02-18,15.25
1989-02-19,18.884
1989-02-20,22.518
1989-02-21,17.2295
1989-02-22,11.941
1989-02-23,11.75
1989-02-24,11.559
1989-02-25,11.41325
1989-02-26,11.2675
1989-02-28,10.976
1989-03-01,11.1325
1989-03-02,11.289
1989-03-03,11.5025
1989-03-04,11.716
1989-03-05,11.6855
1989-03-06,11.655
1989-03-07,11.6
1989-03-08,11.545
1989-03-09,16.808
1989-03-10,22.071
1989-03-11,21.176
1989-03-12,20.281
1989-03-13,22.933
1989-03-14,25.585
1989-03-15,24.849
1989-03-16,24.113
1989-03-17,23.64681481481481
1989-03-18,23.180629629629628
1989-04-12,11.526
1989-04-13,11.448
1989-04-14,11.37
1989-04-15,11.0925
1989-04-16,10.815
1989-04-17,10.564
1989-04-18,10.313
1989-04-19,10.301
1989-04-20,10.289
1989-04-21,10.1935
1989-04-22,10.098
1989-04-23,10.097
1989-04-24,10.096
1989-04-25,10.194
1989-04-26,10.292
1989-04-27,9.544
1989-04-28,8.796
1989-04-29,8.602
1989-04-30,8.408
1989-05-01,8.6445
1989-05-02,8.881
1989-05-03,8.8085
1989-05-04,8.736
1989-05-05,8.815000000000001
1989-05-06,8.894
1989-05-07,8.979
1989-05-08,9.064
1989-05-09,9.1465
1989-05-10,9.229
1989-05-11,8.8105
1989-05-12,8.392
1989-05-13,8.4175
1989-05-14,8.443
1989-05-15,8.4795
1989-05-16,8.516
1989-05-17,8.498999999999999
1989-05-18,8.482
1989-05-19,8.43
1989-05-20,8.378
1989-05-21,8.404
1989-05-22,8.43
1989-05-23,8.3205
1989-05-24,8.211
1989-05-25,8.3275
1989-05-26,8.444
1989-05-27,8.196000000000002
1989-05-28,7.948
1989-05-29,8.021666666666667
1989-05-30,8.095333333333334
1989-05-31,8.169
1989-06-01,8.374500000000001
1989-06-02,8.58
1989-06-03,8.616333333333333
1989-06-04,8.652666666666667
1989-06-05,8.689
1989-06-06,8.747
1989-06-07,8.805
1989-06-10,8.979
1989-06-11,9.0145
1989-06-12,9.05
1989-06-13,9.043166666666668
1989-06-14,9.036333333333332
1989-06-18,9.009
1989-06-19,8.9495
1989-06-20,8.89
1989-06-21,9.169
1989-06-22,9.448
1989-06-23,8.949
1989-06-24,8.45
1989-06-26,7.452
1989-06-27,7.584
1989-06-28,7.716
1989-06-29,7.699
1989-06-30,7.682
1989-07-01,8.023
1989-07-02,8.364
1989-07-03,8.6115
1989-07-04,8.859
1989-07-05,8.876000000000001
1989-07-06,8.893
1989-07-07,8.8975
1989-07-08,8.902
1989-07-09,8.541666666666666
1989-07-10,8.181333333333333
1989-07-11,7.821
1989-07-12,7.892666666666666
1989-07-13,7.964333333333333
1989-07-14,8.036
1989-07-15,8.24475
1989-07-16,8.4535
1989-07-22,9.706
1989-07-23,9.5915
1989-07-24,9.477
1989-07-25,8.752500000000001
1989-07-26,8.028
1989-07-27,7.796
1989-07-28,7.564
1989-07-29,7.765499999999999
1989-07-30,7.967
1989-07-31,8.631499999999999
1989-08-01,9.296
1989-08-02,9.204
1989-08-03,9.112
1989-08-04,8.6085
1989-08-05,8.105
1989-08-06,8.026
1989-08-07,7.947
1989-08-08,7.868
1989-08-09,8.6445
1989-08-10,9.421
1989-08-11,9.512
1989-08-12,9.603
1989-08-13,9.5825
1989-08-14,9.562
1989-08-15,9.3875
1989-08-16,9.213
1989-08-17,9.0445
1989-08-18,8.876
1989-08-19,8.7775
1989-08-20,8.679
1989-08-21,9.0015
1989-08-22,9.324
1989-08-23,9.2915
1989-08-24,9.259
1989-08-25,8.684666666666667
1989-08-26,8.110333333333333
1989-08-27,7.536
1989-08-28,7.633333333333333
1989-08-29,7.730666666666666
1989-09-02,8.12
1989-09-03,8.071
1989-09-04,8.022
1989-09-05,8.0765
1989-09-06,8.131
1989-09-07,8.4335
1989-09-08,8.736
1989-09-09,8.467500000000001
1989-09-10,8.199
1989-09-11,8.278500000000001
1989-09-12,8.358
1989-09-13,8.256499999999999
1989-09-14,8.155
1989-09-15,8.084499999999998
1989-09-16,8.014
1989-09-17,8.059333333333333
1989-09-18,8.104666666666667
1989-09-22,8.286
1989-09-23,8.2575
1989-09-24,8.229
1989-09-25,8.051
1989-09-26,7.873
1989-09-27,8.0085
1989-09-28,8.144
1989-09-29,8.2105
1989-09-30,8.277
1989-10-01,8.163499999999999
1989-10-02,8.05
1989-10-03,8.1775
1989-10-04,8.305
1989-10-05,8.1715
1989-10-06,8.038
1989-10-07,7.986000000000001
1989-10-08,7.934
1989-10-09,7.854
1989-10-10,7.774
1989-10-11,7.701
1989-10-12,7.628
1989-10-13,7.63
1989-10-14,7.632
1989-10-16,7.636
1989-10-17,7.688499999999999
1989-10-18,7.741
1989-10-19,7.872
1989-10-20,8.003
1989-10-21,7.9825
1989-10-22,7.962
1989-10-23,7.795
1989-10-24,7.628
1989-10-25,7.9305
1989-10-26,8.233
1989-10-27,8.031
1989-10-28,7.829
1989-10-29,8.159
1989-10-30,8.489
1989-10-31,8.819
1989-11-01,9.043
1989-11-02,9.267
1989-11-03,9.276
1989-11-04,9.285
1989-11-05,9.294
1989-11-06,8.956
1989-11-07,8.618
1989-11-08,8.28
1989-11-09,8.100999999999999
1989-11-10,7.922
1989-11-11,7.991999999999999
1989-11-12,8.062
1989-11-13,7.987999999999999
1989-11-14,7.914
1989-11-16,7.766
1989-11-17,7.79
1989-11-18,7.814
1989-11-19,7.858666666666667
1989-11-20,7.903333333333333
1989-11-21,7.948
1989-11-22,7.682333333333333
1989-11-23,7.416666666666667
1989-11-24,7.151
1989-11-25,7.2035
1989-11-26,7.256
1989-11-27,7.306
1989-11-28,7.356
1989-11-29,7.503
1989-11-30,7.65
1989-12-02,7.944
1989-12-03,7.961
1989-12-04,7.978
1989-12-05,7.888999999999999
1989-12-06,7.8
1989-12-07,7.946999999999999
1989-12-08,8.094
1989-12-09,8.2585
1989-12-10,8.423
1989-12-11,8.0325
1989-12-12,7.642
1989-12-13,7.73625
1989-12-14,7.830500000000001
1989-12-16,8.019
1989-12-17,8.003
1989-12-18,7.987
1989-12-19,7.772
1989-12-20,7.557
1989-12-21,7.660500000000001
1989-12-22,7.764
1989-12-24,7.971
1989-12-25,7.945545454545455
1989-12-26,7.920090909090909
1990-01-04,7.691
1990-01-05,7.984500000000001
1990-01-06,8.278
1990-01-07,8.1645
1990-01-08,8.051
1990-01-09,7.705
1990-01-10,7.359
1990-01-11,7.407999999999999
1990-01-12,7.457
1990-01-13,7.520875
1990-01-14,7.58475
1990-01-20,7.968
1990-01-21,8.303
1990-01-22,8.638
1990-01-23,8.5455
1990-01-24,8.453
1990-01-25,8.775500000000001
1990-01-26,9.098
1990-01-27,8.9365
1990-01-28,8.775
1990-01-29,8.720333333333334
1990-01-30,8.665666666666667
1990-01-31,8.611
1990-02-01,8.5745
1990-02-02,8.538
1990-02-03,8.151
1990-02-04,7.764
1990-02-05,7.77575
1990-02-06,7.7875
1990-02-08,7.811
1990-02-09,7.934
1990-02-10,8.057
1990-02-11,8.189499999999999
1990-02-12,8.322
1990-02-13,8.183499999999999
1990-02-14,8.045
1990-02-15,8.2085
1990-02-16,8.372
1990-02-17,8.7305
1990-02-18,9.089
1990-02-19,8.985333333333333
1990-02-20,8.881666666666668
1990-02-24,8.467
1990-02-25,8.366
1990-02-26,8.265
1990-02-27,8.4195
1990-02-28,8.574
1990-03-01,8.4875
1990-03-02,8.401
1990-03-03,8.846499999999999
1990-03-04,9.292
1990-03-05,9.5615
1990-03-06,9.831
1990-03-07,10.3675
1990-03-08,10.904
1990-03-09,11.1275
1990-03-10,11.351
1990-03-11,10.885000000000002
1990-03-12,10.419
1990-03-13,10.219333333333331
1990-03-14,10.019666666666668
1990-03-15,9.82
1990-03-16,10.06675
1990-03-17,10.3135
1990-03-19,10.807
1990-03-20,9.6625
1990-03-21,8.518
1990-03-22,8.4055
1990-03-23,8.293
1990-03-24,8.225999999999999
1990-03-25,8.159
1990-03-26,8.2735
1990-03-27,8.388
1990-03-28,8.327
1990-03-29,8.266
1990-03-30,8.301
1990-03-31,8.336
1990-04-01,8.228666666666667
1990-04-02,8.121333333333332
1990-04-03,8.014
1990-04-04,8.135
1990-04-05,8.256
1990-04-06,8.309666666666667
1990-04-07,8.363333333333333
1990-04-08,8.417
1990-04-09,8.582
1990-04-10,8.747
1990-04-11,8.62725
1990-04-12,8.5075
1990-04-14,8.268
1990-04-15,8.2215
1990-04-16,8.175
1990-04-17,8.249500000000001
1990-04-18,8.324
1990-04-19,8.122
1990-04-20,7.92
1990-04-21,7.8865
1990-04-22,7.853
1990-04-30,7.585
1990-05-01,7.618
1990-05-02,7.651
1990-05-03,7.484
1990-05-04,7.317
1990-05-05,7.426166666666667
1990-05-06,7.535333333333334
1990-05-10,7.972
1990-05-11,8.422
1990-05-12,8.872
1990-05-13,8.536
1990-05-14,8.2
1990-05-15,8.129
1990-05-16,8.058
1990-05-17,8.215499999999999
1990-05-18,8.373
1990-05-19,8.806999999999999
1990-05-20,9.241
1990-05-21,8.8905
1990-05-22,8.54
1990-05-23,8.433
1990-05-24,8.326
1990-05-25,8.22875
1990-05-26,8.1315
1990-05-28,7.937
1990-05-29,7.874
1990-05-30,7.811
1990-05-31,7.862999999999999
1990-06-01,7.915
1990-06-02,8.1805
1990-06-03,8.446
1990-06-04,8.397666666666666
1990-06-05,8.349333333333334
1990-06-06,8.301
1990-06-07,8.641
1990-06-08,8.981
1990-06-10,9.661
1990-06-11,9.313
1990-06-12,8.965
1990-06-13,8.811
1990-06-14,8.657
1990-06-15,8.5215
1990-06-16,8.386
1990-06-17,8.247
1990-06-18,8.108
1990-06-19,8.086
1990-06-20,8.064
1990-06-21,8.0885
1990-06-22,8.113
1990-06-23,7.930999999999999
1990-06-24,7.749
1990-06-25,7.6745
1990-06-26,7.6
1990-06-27,7.7275
1990-06-28,7.855
1990-06-29,8.111
1990-06-30,8.367
1990-07-01,8.2995
1990-07-02,8.232
1990-07-03,8.108
1990-07-04,7.984
1990-07-05,7.746
1990-07-06,7.508
1990-07-07,7.556666666666667
1990-07-08,7.605333333333333
1990-07-09,7.654
1990-07-10,7.4635
1990-07-11,7.273
1990-07-12,7.416499999999999
1990-07-13,7.56
1990-07-14,7.484999999999999
1990-07-15,7.41
1990-07-17,7.26
1990-07-18,7.3435
1990-07-19,7.427
1990-07-20,7.3315
1990-07-21,7.236
1990-07-22,7.254
1990-07-23,7.272
1990-07-24,7.955
1990-07-25,8.638
1990-07-26,8.28275
1990-07-27,7.9275
1990-07-29,7.217
1990-07-30,7.935
1990-07-31,8.653
1990-08-01,7.9815
1990-08-02,7.31
1990-08-03,7.3325
1990-08-04,7.355
1990-08-05,8.372
1990-08-06,9.389
1990-08-07,9.483899999999998
1990-08-08,9.5788
1990-08-16,10.338
1990-08-17,9.0795
1990-08-18,7.821
1990-08-19,8.105
1990-08-20,8.389
1990-08-21,8.155999999999999
1990-08-22,7.923
1990-08-23,8.000499999999999
1990-08-24,8.078
1990-08-25,7.643
1990-08-26,7.208
1990-08-27,6.4695
1990-08-28,5.731
1990-08-29,6.345
1990-08-30,6.9590000000000005
1990-08-31,7.573
1990-09-01,7.8205
1990-09-02,8.068
1990-09-03,7.744
1990-09-04,7.42
1990-09-05,7.457
1990-09-06,7.494
1990-09-07,7.5705
1990-09-08,7.647
1990-09-09,7.443
1990-09-10,7.239
1990-09-11,7.191666666666666
1990-09-12,7.144333333333334
1990-09-13,7.097
1990-09-14,7.2275
1990-09-15,7.358
1990-09-16,7.3635
1990-09-17,7.369
1990-09-18,7.269
1990-09-19,7.169
1990-09-20,7.2665
1990-09-21,7.364
1990-09-22,7.361
1990-09-23,7.358
1990-09-24,7.505
1990-09-25,7.652
1990-09-26,7.799
1990-09-27,7.686
1990-09-28,7.573
1990-09-29,7.635
1990-09-30,7.697
1990-10-01,7.518000000000001
1990-10-02,7.339
1990-10-03,7.6565
1990-10-04,7.974
1990-10-05,7.867
1990-10-06,7.76
1990-10-08,7.546
1990-10-09,7.432
1990-10-10,7.318
1990-10-11,7.391999999999999
1990-10-12,7.466
1990-10-13,7.0945
1990-10-14,6.723000000000001
1990-10-16,5.98
1990-10-17,6.7515
1990-10-18,7.523
1990-10-19,7.534499999999999
1990-10-20,7.546
1990-10-21,7.758
1990-10-22,7.97
1990-10-23,7.7455
1990-10-24,7.521
1990-10-25,7.603
1990-10-26,7.685
1990-10-27,7.343
1990-10-28,7.001
1990-10-29,6.9445
1990-10-30,6.888
1990-10-31,7.008666666666667
1990-11-01,7.129333333333333
1990-11-02,7.25
1990-11-03,7.478
1990-11-04,7.706
1990-11-05,7.6305
1990-11-06,7.555
1990-11-07,7.619499999999999
1990-11-08,7.683999999999999
1990-11-10,7.813
1990-11-11,7.95125
1990-11-12,8.0895
1990-11-14,8.366
1990-11-15,8.665
1990-11-16,8.964
1990-11-17,8.913
1990-11-18,8.862
1990-11-19,8.3435
1990-11-20,7.825
1990-11-21,7.818
1990-11-22,7.811
1990-11-23,7.7075
1990-11-24,7.604
1990-11-25,7.627000000000001
1990-11-26,7.65
1990-11-27,7.847
1990-11-28,8.044
1990-11-29,8.7365
1990-11-30,9.429
1990-12-01,9.425
1990-12-02,9.421
1990-12-03,9.32675
1990-12-04,9.2325
1990-12-06,9.044
1990-12-07,8.265
1990-12-08,7.486
1990-12-09,7.5545
1990-12-10,7.623
1990-12-11,7.749
1990-12-12,7.875
1990-12-13,8.001
1990-12-14,8.5085
1990-12-15,9.016
1990-12-16,9.216333333333331
1990-12-17,9.416666666666668
1990-12-18,9.617
1990-12-19,8.8045
1990-12-20,7.992
1990-12-21,8.261
1990-12-22,8.53
1990-12-23,9.9015
1990-12-24,11.273
1990-12-25,12.214
1990-12-26,13.155
1990-12-27,15.53
1990-12-28,13.257
1990-12-29,16.05
1990-12-30,15.637
1990-12-31,15.247333333333334
1991-01-01,14.857666666666669
1991-01-02,14.468
1991-01-03,13.348
1991-01-04,12.228
1991-01-05,12.1385
1991-01-06,12.049
1991-01-07,11.1735
1991-01-08,10.298
1991-01-09,9.825
1991-01-10,9.352
1991-01-11,9.5365
1991-01-12,9.721
1991-01-13,9.4915
1991-01-14,9.262
1991-01-16,8.803
1991-01-17,10.430333333333332
1991-01-18,12.057666666666668
1991-01-19,13.685
1991-01-20,16.3475
1991-01-21,19.01
1991-01-22,18.9105
1991-01-23,18.811
1991-01-24,20.5115
1991-01-25,22.212
1991-01-26,22.989
1991-01-27,23.766
1991-01-29,25.32
1991-01-30,20.196
1991-01-31,15.072
1991-02-01,13.852
1991-02-02,12.632
1991-02-03,12.534222222222224
1991-02-04,12.436444444444444
1991-02-11,11.752
1991-02-12,11.647333333333334
1991-02-13,11.542666666666667
1991-02-14,11.438
1991-02-15,11.1695
1991-02-16,10.901
1991-02-17,10.7015
1991-02-18,10.502
1991-02-19,10.437
1991-02-20,10.372
1991-02-21,11.313333333333333
1991-02-22,12.254666666666669
1991-02-23,13.196
1991-02-24,11.564
1991-02-25,9.932
1991-02-26,9.736
1991-02-27,9.54
1991-02-28,9.344
1991-03-01,8.966
1991-03-02,8.588
1991-03-03,8.4025
1991-03-04,8.217
1991-03-05,10.042666666666667
1991-03-06,11.868333333333334
1991-03-07,13.694
1991-03-08,14.305
1991-03-09,14.916
1991-03-10,15.054333333333334
1991-03-11,15.192666666666666
1991-03-12,15.331
1991-03-13,14.3875
1991-03-14,13.444
1991-03-15,13.9615
1991-03-16,14.479
1991-03-17,14.239999999999998
1991-03-18,14.001
1991-03-19,12.995
1991-03-20,11.989
1991-03-21,10.983
1991-03-22,10.723
1991-03-23,10.463
1991-03-24,10.734
1991-03-25,11.005
1991-03-26,10.5745
1991-03-27,10.144
1991-03-28,10.22625
1991-03-29,10.3085
1991-03-31,10.473
1991-04-01,9.838
1991-04-02,9.203
1991-04-03,9.034
1991-04-04,8.865
1991-04-05,8.6665
1991-04-06,8.468
1991-04-07,8.527999999999999
1991-04-08,8.588
1991-04-09,8.7005
1991-04-10,8.813
1991-04-11,8.3275
1991-04-12,7.842
1991-04-13,7.867999999999999
1991-04-14,7.894
1991-04-16,7.946
1991-04-17,8.340499999999999
1991-04-18,8.735
1991-04-19,8.3885
1991-04-20,8.042
1991-04-21,8.177333333333333
1991-04-22,8.312666666666667
1991-04-23,8.448
1991-04-24,8.509
1991-04-25,8.57
1991-04-28,8.753
1991-04-29,9.4495
1991-04-30,10.146
1991-05-01,9.386500000000002
1991-05-02,8.627
1991-05-03,8.65
1991-05-04,8.673
1991-05-05,8.3875
1991-05-06,8.102
1991-05-07,8.268
1991-05-08,8.434
1991-05-09,7.7825
1991-05-10,7.131
1991-05-11,7.7065
1991-05-12,8.282
1991-05-13,8.2705
1991-05-14,8.259
1991-05-15,8.188500000000001
1991-05-16,8.118
1991-05-18,7.977
1991-05-19,7.8765
1991-05-20,7.776
1991-05-21,7.861499999999999
1991-05-22,7.947
1991-05-23,7.609999999999999
1991-05-24,7.273
1991-05-25,7.305499999999999
1991-05-26,7.337999999999999
1991-05-28,7.403
1991-05-29,7.435499999999999
1991-05-30,7.468
1991-05-31,7.365333333333333
1991-06-01,7.262666666666667
1991-06-02,7.16
1991-06-03,7.374
1991-06-04,7.588
1991-06-05,7.664
1991-06-06,7.74
1991-06-07,7.759909090909091
1991-06-08,7.779818181818181
1991-06-17,7.959
1991-06-18,7.7795
1991-06-19,7.6
1991-06-20,7.541
1991-06-21,7.482
1991-06-22,7.580999999999999
1991-06-23,7.68
1991-06-24,7.314999999999999
1991-06-25,6.95
1991-06-26,6.9345
1991-06-27,6.919
1991-06-28,6.9755
1991-06-29,7.032
1991-06-30,6.730666666666667
1991-07-01,6.429333333333333
1991-07-02,6.128
1991-07-03,6.266
1991-07-04,6.404
1991-07-05,6.542
1991-07-06,6.4695
1991-07-07,6.397
1991-07-08,6.605
1991-07-09,6.813
1991-07-10,6.6455
1991-07-11,6.478
1991-07-12,6.394666666666667
1991-07-13,6.311333333333333
1991-07-14,6.228
1991-07-15,6.3645
1991-07-16,6.501
1991-07-17,6.5465
1991-07-18,6.592
1991-07-19,6.646
1991-07-20,6.7
1991-07-21,6.6345
1991-07-22,6.569
1991-07-23,6.2915
1991-07-24,6.014
1991-07-25,6.086166666666667
1991-07-26,6.158333333333333
1991-07-30,6.447
1991-07-31,6.729333333333333
1991-08-01,7.011666666666667
1991-08-02,7.294
1991-08-03,7.494
1991-08-04,7.694
1991-08-05,7.196
1991-08-06,6.698
1991-08-07,6.8740000000000006
1991-08-08,7.05
1991-08-09,6.7780000000000005
1991-08-10,6.506
1991-08-11,6.499333333333333
1991-08-12,6.492666666666667
1991-08-16,6.466
1991-08-17,6.393000000000001
1991-08-18,6.32
1991-08-19,6.47
1991-08-20,6.62
1991-08-21,6.77
1991-08-22,6.807
1991-08-23,7.86
1991-08-24,8.913
1991-08-25,7.9765
1991-08-26,7.04
1991-08-27,7.1515
1991-08-28,7.263
1991-08-29,7.247999999999999
1991-08-30,7.233
1991-08-31,7.074666666666666
1991-09-01,6.916333333333333
1991-09-02,6.758
1991-09-03,6.815
1991-09-04,6.872
1991-09-05,7.1305
1991-09-06,7.389
1991-09-07,7.174
1991-09-08,6.959
1991-09-09,6.83
1991-09-10,6.701
1991-09-11,6.769
1991-09-12,6.837
1991-09-14,6.973
1991-09-15,7.0655
1991-09-16,7.158
1991-09-17,6.8075
1991-09-18,6.457
1991-09-19,6.765499999999999
1991-09-20,7.074
1991-09-21,7.15275
1991-09-22,7.2315
1991-09-24,7.389
1991-09-25,7.3075
1991-09-26,7.226
1991-09-28,7.063
1991-09-29,6.8185
1991-09-30,6.574
1991-10-01,6.6515
1991-10-02,6.729
1991-10-03,6.74
1991-10-04,6.751
1991-10-05,6.896000000000001
1991-10-06,7.041
1991-10-07,6.9830000000000005
1991-10-08,6.925
1991-10-09,6.9625
1991-10-10,7.0
1991-10-11,6.9828125
1991-10-12,6.965625
1991-10-26,6.725
1991-10-27,6.677
1991-10-28,6.629
1991-10-29,8.561
1991-10-30,8.994
1991-10-31,8.625
1991-11-01,8.256
1991-11-02,7.887
1991-11-03,7.6945
1991-11-04,7.502
1991-11-05,7.539
1991-11-06,7.576
1991-11-07,7.0805
1991-11-08,6.585
1991-11-09,6.9575
1991-11-10,7.33
1991-11-11,7.3095
1991-11-12,7.289
1991-11-13,7.268
1991-11-14,7.247
1991-11-15,7.217499999999999
1991-11-16,7.188
1991-11-17,7.243
1991-11-18,7.298
1991-11-19,7.38
1991-11-20,7.462
1991-11-21,8.155000000000001
1991-11-22,8.848
1991-11-23,8.408000000000001
1991-11-24,7.968
1991-11-25,7.833
1991-11-26,7.698
1991-11-27,7.746
1991-11-28,7.794
1991-11-29,7.6165
1991-11-30,7.439
1991-12-01,7.6905
1991-12-02,7.942
1991-12-03,7.8865
1991-12-04,7.831
1991-12-05,7.8585
1991-12-06,7.886
1991-12-07,7.968500000000001
1991-12-08,8.051
1991-12-09,7.958666666666667
1991-12-10,7.866333333333333
1991-12-14,7.497
1991-12-15,7.3445
1991-12-16,7.192
1991-12-17,7.301
1991-12-18,7.41
1991-12-19,7.405
1991-12-20,7.4
1991-12-21,7.5915
1991-12-22,7.783
1991-12-23,7.9205
1991-12-24,8.058
1991-12-25,8.1205
1991-12-26,8.183
1991-12-27,8.331
1991-12-28,8.479
1991-12-29,8.431799999999999
1991-12-30,8.384599999999999
1992-01-02,8.243
1992-01-03,7.9205
1992-01-04,7.598
1992-01-05,7.5215
1992-01-06,7.445
1992-01-07,7.546
1992-01-08,7.647
1992-01-12,8.051
1992-01-13,7.873
1992-01-14,7.695
1992-01-15,8.01425
1992-01-16,8.3335
1992-01-18,8.972
1992-01-19,8.930499999999999
1992-01-20,8.889
1992-01-21,8.394
1992-01-22,7.899
1992-01-23,7.879238095238096
1992-01-24,7.85947619047619
1992-02-12,7.484
1992-02-13,7.447
1992-02-14,7.41
1992-02-15,7.775
1992-02-16,8.14
1992-02-17,7.923
1992-02-18,7.706
1992-02-19,7.6205
1992-02-20,7.535
1992-02-21,7.550000000000001
1992-02-22,7.565
1992-02-23,7.7355
1992-02-24,7.906
1992-02-25,7.917
1992-02-26,7.928
1992-02-27,7.972666666666666
1992-02-28,8.017333333333333
1992-02-29,8.062
1992-03-01,7.974499999999999
1992-03-02,7.887
1992-03-04,7.712
1992-03-05,7.91
1992-03-06,8.108
1992-03-07,7.912000000000001
1992-03-08,7.716
1992-03-09,7.532999999999999
1992-03-10,7.35
1992-03-11,7.542333333333333
1992-03-12,7.734666666666667
1992-03-13,7.927
1992-03-14,7.9245
1992-03-15,7.922
1992-03-19,7.912
1992-03-20,7.720499999999999
1992-03-21,7.529
1992-03-22,7.5405
1992-03-23,7.552
1992-03-24,7.625999999999999
1992-03-25,7.7
1992-03-26,7.6355
1992-03-27,7.571
1992-03-28,7.649
1992-03-29,7.727
1992-03-30,7.550000000000001
1992-03-31,7.373
1992-04-01,7.3125
1992-04-02,7.252
1992-04-03,7.532999999999999
1992-04-04,7.814
1992-04-05,7.6075
1992-04-06,7.401
1992-04-07,7.419
1992-04-08,7.437
1992-04-09,7.390000000000001
1992-04-10,7.343
1992-04-14,7.155
1992-04-15,7.2002500000000005
1992-04-16,7.2455
1992-04-18,7.336
1992-04-19,7.333
1992-04-20,7.33
1992-04-22,7.324
1992-04-23,7.17
1992-04-24,7.016
1992-04-25,7.268
1992-04-26,7.52
1992-04-27,7.427
1992-04-28,7.334
1992-04-29,7.234249999999999
1992-04-30,7.134499999999999
1992-05-02,6.935
1992-05-03,7.193
1992-05-04,7.451
1992-05-05,7.307499999999999
1992-05-06,7.164
1992-05-07,7.041
1992-05-08,6.918
1992-05-09,6.97125
1992-05-10,7.0245
1992-05-20,7.557
1992-05-21,7.2175
1992-05-22,6.878
1992-05-23,7.0255
1992-05-24,7.173
1992-05-25,7.1595
1992-05-26,7.146
1992-05-27,7.2045
1992-05-28,7.263
1992-05-29,7.163333333333333
1992-05-30,7.063666666666667
1992-05-31,6.964
1992-06-01,7.0085
1992-06-02,7.053
1992-06-03,7.3085
1992-06-04,7.564
1992-06-05,7.17
1992-06-06,6.776
1992-06-07,7.1225000000000005
1992-06-08,7.469
1992-06-09,7.2035
1992-06-10,6.938
1992-06-11,6.7940000000000005
1992-06-12,6.65
1992-06-13,6.755000000000001
1992-06-14,6.86
1992-06-15,6.692
1992-06-16,6.524
1992-06-17,7.23
1992-06-18,7.936
1992-06-19,7.555
1992-06-20,7.174
1992-06-21,7.077
1992-06-22,6.98
1992-06-23,6.9750000000000005
1992-06-24,6.970000000000001
1992-06-26,6.96
1992-06-27,7.938000000000001
1992-06-28,8.916
1992-06-29,8.9875
1992-06-30,9.059
1992-07-01,7.906499999999999
1992-07-02,6.754
1992-07-03,8.094999999999999
1992-07-04,9.436
1992-07-05,9.24
1992-07-06,9.044
1992-07-07,7.9995
1992-07-08,6.955
1992-07-09,7.38
1992-07-10,7.805
1992-07-11,7.6605
1992-07-12,7.516
1992-07-14,7.227
1992-07-15,7.009
1992-07-16,6.791
1992-07-17,7.6495
1992-07-18,8.508
1992-07-19,7.885499999999999
1992-07-20,7.263
1992-07-21,7.769
1992-07-22,8.275
1992-07-23,9.547
1992-07-24,10.819
1992-07-25,9.064
1992-07-26,7.309
1992-07-27,7.59325
1992-07-28,7.877499999999999
1992-07-30,8.446
1992-07-31,8.078333333333333
1992-08-01,7.710666666666667
1992-08-02,7.343
1992-08-03,7.375500000000001
1992-08-04,7.408
1992-08-05,7.758000000000001
1992-08-06,8.108
1992-08-07,7.68
1992-08-08,7.252
1992-08-09,7.895999999999999
1992-08-10,8.54
1992-08-11,8.457333333333333
1992-08-12,8.374666666666666
1992-08-16,8.044
1992-08-17,7.5265
1992-08-18,7.009
1992-08-19,7.3235
1992-08-20,7.638
1992-08-21,7.4455
1992-08-22,7.253
1992-08-23,7.906
1992-08-24,8.559
1992-08-25,7.791499999999999
1992-08-26,7.024
1992-08-27,7.202999999999999
1992-08-28,7.382
1992-08-29,7.582
1992-08-30,7.782
1992-08-31,7.8405
1992-09-01,7.899
1992-09-02,7.640000000000001
1992-09-03,7.381
1992-09-04,6.9665
1992-09-05,6.552
1992-09-06,6.9
1992-09-07,7.248
1992-09-08,7.199
1992-09-09,7.15
1992-09-10,7.184
1992-09-11,7.218
1992-09-12,7.9555
1992-09-13,8.693
1992-09-14,8.505333333333333
1992-09-15,8.317666666666668
1992-09-16,8.13
1992-09-17,8.076
1992-09-18,8.022
1992-09-19,7.921
1992-09-20,7.82
1992-09-21,7.891
1992-09-22,7.962
1992-09-23,7.686
1992-09-24,7.41
1992-09-25,7.40375
1992-09-26,7.3975
1992-09-28,7.385
1992-09-29,7.2010000000000005
1992-09-30,7.017
1992-10-01,7.0225
1992-10-02,7.028
1992-10-03,7.1195
1992-10-04,7.211
1992-10-05,7.1045
1992-10-06,6.998
1992-10-08,6.785
1992-10-09,7.065
1992-10-10,7.345
1992-10-11,7.465
1992-10-12,7.585
1992-10-13,7.448
1992-10-14,7.311
1992-10-15,7.066
1992-10-16,6.821
1992-10-17,7.1355
1992-10-18,7.45
1992-10-19,7.216
1992-10-20,6.982
1992-10-21,7.1205
1992-10-22,7.259
1992-10-23,7.064
1992-10-24,6.869
1992-10-25,6.8895
1992-10-26,6.91
1992-10-27,7.015000000000001
1992-10-28,7.12
1992-10-29,7.2095
1992-10-30,7.299
1992-10-31,7.228666666666667
1992-11-01,7.158333333333333
1992-11-02,7.088
1992-11-03,7.033833333333334
1992-11-04,6.979666666666667
1992-11-08,6.763
1992-11-09,6.7715
1992-11-10,6.78
1992-11-11,6.8675
1992-11-12,6.955
1992-11-13,6.7165
1992-11-14,6.478
1992-11-15,6.7525
1992-11-16,7.027
1992-11-17,7.284000000000001
1992-11-18,7.541
1992-11-19,7.505000000000001
1992-11-20,7.469
1992-11-21,7.1745
1992-11-22,6.88
1992-11-23,6.9955
1992-11-24,7.111
1992-11-25,7.144
1992-11-26,7.177
1992-11-27,7.183
1992-11-28,7.189
1992-11-29,7.262
1992-11-30,7.335
1992-12-02,7.481
1992-12-03,7.425
1992-12-04,7.369
1992-12-05,7.477
1992-12-06,7.585
1992-12-07,7.257
1992-12-08,6.929
1992-12-09,7.032500000000001
1992-12-10,7.136
1992-12-11,7.1215
1992-12-12,7.107
1992-12-13,6.9445
1992-12-14,6.782
1992-12-15,7.0305
1992-12-16,7.279
1992-12-17,7.263999999999999
1992-12-18,7.249
1992-12-19,6.863
1992-12-20,6.477
1992-12-21,7.154
1992-12-22,7.831
1992-12-23,7.8375
1992-12-24,7.844
1992-12-25,8.0385
1992-12-26,8.233
1992-12-27,8.334
1992-12-28,8.435
1992-12-29,8.1785
1992-12-30,7.922
1992-12-31,7.742999999999999
1993-01-01,7.564
1993-01-02,7.385
1993-01-03,7.318833333333333
1993-01-04,7.252666666666666
1993-01-08,6.988
1993-01-09,7.1555
1993-01-10,7.323
1993-01-11,7.2325
1993-01-12,7.142
1993-01-13,7.655272727272727
1993-01-14,8.168545454545455
1993-01-23,12.788
1993-01-24,12.9015
1993-01-25,13.015
1993-01-26,13.329
1993-01-27,13.643
1993-01-28,13.6905
1993-01-29,13.738
1993-01-30,13.835
1993-01-31,13.932
1993-02-01,12.5175
1993-02-02,11.103
1993-02-03,11.281
1993-02-04,11.459
1993-02-05,10.66125
1993-02-06,9.8635
1993-02-08,8.268
1993-02-09,8.2725
1993-02-10,8.277
1993-02-11,9.467
1993-02-12,10.657
1993-02-13,9.265
1993-02-14,7.873
1993-02-15,7.6935
1993-02-16,7.514
1993-02-17,7.466
1993-02-18,7.418
1993-02-19,7.37
1993-02-20,7.491
1993-02-21,7.612
1993-02-22,7.631
1993-02-23,7.65
1993-02-24,7.770666666666667
1993-02-25,7.891333333333334
1993-02-26,8.012
1993-02-27,8.938500000000001
1993-02-28,9.865
1993-03-01,10.4715
1993-03-02,11.078
1993-03-03,11.9495
1993-03-04,12.821
1993-03-05,12.8095
1993-03-06,12.798
1993-03-07,12.95
1993-03-08,13.102
1993-03-09,13.146
1993-03-10,13.19
1993-03-11,15.392499999999998
1993-03-12,17.595
1993-03-13,17.1295
1993-03-14,16.664
1993-03-15,16.692500000000003
1993-03-16,16.721
1993-03-17,14.601
1993-03-18,12.481
1993-03-19,12.3745
1993-03-20,12.268
1993-03-21,11.4175
1993-03-22,10.567
1993-03-23,10.219
1993-03-24,9.871
1993-03-25,9.576
1993-03-26,9.281
1993-03-27,9.162
1993-03-28,9.043
1993-03-29,9.326
1993-03-30,9.609
1993-03-31,9.920666666666667
1993-04-01,10.232333333333331
1993-04-02,10.544
1993-04-03,10.423
1993-04-04,10.302
1993-04-05,11.6905
1993-04-06,13.079
1993-04-07,11.446000000000002
1993-04-08,9.813
1993-04-09,9.745
1993-04-10,9.677
1993-04-15,9.337
1993-04-16,9.8635
1993-04-17,10.39
1993-04-18,10.154
1993-04-19,9.918
1993-04-20,10.6605
1993-04-21,11.403
1993-04-22,11.0355
1993-04-23,10.668
1993-04-24,10.7155
1993-04-25,10.763
1993-04-26,10.5375
1993-04-27,10.312
1993-04-28,10.201666666666666
1993-04-29,10.091333333333331
1993-04-30,9.981
1993-05-01,9.8915
1993-05-02,9.802
1993-05-03,9.743
1993-05-04,9.684
1993-05-05,9.4825
1993-05-06,9.281
1993-05-07,9.2225
1993-05-08,9.164
1993-05-09,9.09
1993-05-10,9.016
1993-05-11,8.942
1993-05-12,8.8215
1993-05-13,8.701
1993-05-14,8.811
1993-05-15,8.921
1993-05-16,8.835999999999999
1993-05-17,8.751
1993-05-18,8.696
1993-05-19,8.641
1993-05-20,8.620000000000001
1993-05-21,8.599
1993-05-22,8.2365
1993-05-23,7.874
1993-05-24,7.8515
1993-05-25,7.829
1993-05-26,7.673
1993-05-27,7.517
1993-05-28,8.2245
1993-05-29,8.932
1993-05-30,9.189
1993-05-31,9.446
1993-06-01,9.158166666666666
1993-06-02,8.870333333333333
1993-06-06,7.719
1993-06-07,7.879
1993-06-08,8.039
1993-06-09,8.1385
1993-06-10,8.238
1993-06-11,8.065
1993-06-12,7.892
1993-06-13,7.8185
1993-06-14,7.745
1993-06-15,7.909000000000001
1993-06-16,8.073
1993-06-17,8.149000000000001
1993-06-18,8.225
1993-06-19,8.504999999999999
1993-06-20,8.785
1993-06-21,8.564
1993-06-22,8.343
1993-06-23,8.039
1993-06-24,7.735
1993-06-25,7.6715
1993-06-26,7.608
1993-06-27,7.7395
1993-06-28,7.871
1993-06-29,9.2655
1993-06-30,10.66
1993-07-01,9.664
1993-07-02,8.668
1993-07-03,8.218
1993-07-04,7.768
1993-07-05,7.631
1993-07-06,7.494
1993-07-07,7.4455
1993-07-08,7.397
1993-07-09,8.0075
1993-07-10,8.618
1993-07-11,8.70325
1993-07-12,8.788499999999999
1993-07-14,8.959
1993-07-15,8.458
1993-07-16,7.957
1993-07-17,8.1425
1993-07-18,8.328
1993-07-19,8.489
1993-07-20,8.65
1993-07-21,7.997
1993-07-22,7.344
1993-07-23,8.118500000000001
1993-07-24,8.893
1993-07-25,8.682
1993-07-26,8.471
1993-07-27,8.0535
1993-07-28,7.636
1993-07-29,8.082
1993-07-30,8.528
1993-07-31,8.593333333333334
1993-08-01,8.658666666666667
1993-08-02,8.724
1993-08-03,8.4585
1993-08-04,8.193
1993-08-05,8.1965
1993-08-06,8.2
1993-08-08,8.207
1993-08-09,8.104
1993-08-10,8.001
1993-08-11,8.4095
1993-08-12,8.818
1993-08-13,8.405999999999999
1993-08-14,7.994
1993-08-15,8.0165
1993-08-16,8.039
1993-08-17,8.068
1993-08-18,8.097
1993-08-19,8.1765
1993-08-20,8.256
1993-08-21,8.4365
1993-08-22,8.617
1993-08-23,8.401
1993-08-24,8.185
1993-08-25,8.2715
1993-08-26,8.358
1993-08-27,8.396
1993-08-28,8.434
1993-08-29,8.513
1993-08-30,8.592
1993-08-31,8.284666666666666
1993-09-01,7.977333333333333
1993-09-02,7.67
1993-09-03,7.605
1993-09-04,7.54
1993-09-05,7.4305
1993-09-06,7.321
1993-09-07,7.2885
1993-09-08,7.256
1993-09-09,7.1645
1993-09-10,7.073
1993-09-11,7.3045
1993-09-12,7.536
1993-09-13,7.276999999999999
1993-09-14,7.018
1993-09-15,7.234
1993-09-16,7.45
1993-09-17,7.4643
1993-09-18,7.4786
1993-09-26,7.593
1993-09-27,7.281000000000001
1993-09-28,6.969
1993-09-29,7.015000000000001
1993-09-30,7.061
1993-10-01,7.172499999999999
1993-10-02,7.284
1993-10-03,7.269
1993-10-04,7.254
1993-10-05,7.215999999999999
1993-10-06,7.178
1993-10-07,8.005
1993-10-08,8.832
1993-10-09,8.8185
1993-10-10,8.805
1993-10-11,8.052
1993-10-12,7.299
1993-10-13,7.2005
1993-10-14,7.102
1993-10-16,6.905
1993-10-17,6.886
1993-10-18,6.867
1993-10-21,6.81
1993-10-22,6.896333333333333
1993-10-23,6.982666666666667
1993-10-24,7.069
1993-10-25,7.015499999999999
1993-10-26,6.962
1993-10-27,7.246
1993-10-28,7.53
1993-10-29,7.2495
1993-10-30,6.969
1993-10-31,6.940333333333333
1993-11-01,6.911666666666667
1993-11-02,6.883
1993-11-03,7.596
1993-11-04,8.309
1993-11-05,7.757999999999999
1993-11-06,7.207
1993-11-07,7.361499999999999
1993-11-08,7.516
1993-11-09,7.6065
1993-11-10,7.697
1993-11-11,7.4975
1993-11-12,7.298
1993-11-13,7.226
1993-11-14,7.154
1993-11-15,7.098
1993-11-16,7.042
1993-11-17,7.1315
1993-11-18,7.221
1993-11-19,7.2565
1993-11-20,7.292
1993-11-21,7.265499999999999
1993-11-22,7.239
1993-11-23,7.211
1993-11-24,7.183
1993-11-25,7.1435
1993-11-26,7.104
1993-11-27,7.19925
1993-11-28,7.2945
1993-11-30,7.485
1993-12-01,7.9055
1993-12-02,8.326
1993-12-03,8.325
1993-12-04,8.324
1993-12-05,8.396
1993-12-06,8.468
1993-12-07,8.3
1993-12-08,8.132
1993-12-09,8.935333333333332
1993-12-10,9.738666666666669
1993-12-11,10.542
1993-12-12,10.2095
1993-12-13,9.877
1993-12-14,10.11
1993-12-15,10.343
1993-12-16,9.913666666666666
1993-12-17,9.484333333333334
1993-12-18,9.055
1993-12-19,8.6705
1993-12-20,8.286
1993-12-21,8.447
1993-12-22,8.608
1993-12-23,8.769
1993-12-24,8.764
1993-12-25,8.759
1993-12-26,8.782499999999999
1993-12-27,8.806
1993-12-28,8.7945
1993-12-29,8.783
1993-12-30,8.559999999999999
1993-12-31,8.337
1994-01-01,8.482
1994-01-02,8.627
1994-01-03,8.809000000000001
1994-01-04,8.991
1994-01-05,9.658333333333331
1994-01-06,10.325666666666669
1994-01-07,10.993
1994-01-08,11.6292
1994-01-09,12.2654
1994-01-12,14.174
1994-01-13,12.307
1994-01-14,10.44
1994-01-15,10.343
1994-01-16,9.913666666666666
1994-01-17,9.484333333333334
1994-01-18,9.055
1994-01-19,8.6705
1994-01-20,8.286
1994-01-21,13.189
1994-01-22,18.092
1994-01-23,20.3935
1994-01-24,22.695
1994-01-25,20.879
1994-01-26,19.063
1994-01-27,20.28
1994-01-28,21.497
1994-01-29,19.837666666666667
1994-01-30,18.17833333333333
1994-01-31,16.519
1994-02-01,15.351
1994-02-02,14.183
1994-02-03,16.704
1994-02-04,19.225
1994-02-05,20.149500000000003
1994-02-06,21.074
1994-02-07,22.979
1994-02-08,24.884
1994-02-09,16.5995
1994-02-10,8.315
1994-02-11,8.4885
1994-02-12,8.662
1994-02-13,8.9365
1994-02-14,9.211
1994-02-15,9.255
1994-02-16,9.299
1994-02-17,13.4465
1994-02-18,17.594
1994-02-19,13.1295
1994-02-20,8.665
1994-02-21,12.752
1994-02-22,16.839
1994-02-23,16.386499999999998
1994-02-24,15.934
1994-02-25,14.996
1994-02-26,14.058
1994-02-27,13.461
1994-02-28,12.864
1994-03-01,12.608125
1994-03-02,12.352250000000002
1994-03-08,10.817
1994-03-09,11.6065
1994-03-10,12.396
1994-03-11,11.7755
1994-03-12,11.155
1994-03-13,11.709
1994-03-14,12.263
1994-03-15,13.338
1994-03-16,14.413
1994-03-17,14.4065
1994-03-18,14.4
1994-03-19,13.1015
1994-03-20,11.803
1994-03-21,10.7775
1994-03-22,9.752
1994-03-23,9.4705
1994-03-24,9.189
1994-03-25,11.253
1994-03-26,13.317
1994-03-27,13.302
1994-03-28,13.287
1994-03-29,13.147
1994-03-30,13.007
1994-03-31,12.289
1994-04-01,11.571
1994-04-02,10.853
1994-04-03,10.8295
1994-04-04,10.806
1994-04-05,10.707
1994-04-06,10.608
1994-04-07,10.4385
1994-04-08,10.269
1994-04-09,10.144
1994-04-10,10.019
1994-04-11,10.0325
1994-04-12,10.046
1994-04-13,10.566
1994-04-14,11.086
1994-04-15,11.42
1994-04-16,11.754
1994-04-17,11.017
1994-04-18,10.28
1994-04-19,10.6045
1994-04-20,10.929
1994-04-21,10.899
1994-04-22,10.869
1994-04-23,10.7515
1994-04-24,10.634
1994-04-25,10.7985
1994-04-26,10.963
1994-04-27,11.0275
1994-04-28,11.092
1994-04-29,10.958
1994-04-30,10.824
1994-05-01,10.5995
1994-05-02,10.375
1994-05-03,10.2455
1994-05-04,10.116
1994-05-05,10.1405
1994-05-06,10.165
1994-05-07,10.268
1994-05-08,10.371
1994-05-09,10.5315
1994-05-10,10.692
1994-05-11,10.766
1994-05-12,10.84
1994-05-13,10.6375
1994-05-14,10.435
1994-05-15,10.407
1994-05-16,10.379
1994-05-17,10.3995
1994-05-18,10.42
1994-05-19,10.282
1994-05-20,10.144
1994-05-21,9.883
1994-05-22,9.622
1994-05-23,9.415
1994-05-24,9.208
1994-05-25,9.178
1994-05-26,9.148
1994-05-27,9.000499999999999
1994-05-28,8.853
1994-05-29,9.349
1994-05-30,9.845
1994-05-31,9.9122
1994-06-01,9.9794
1994-06-04,10.181
1994-06-05,9.701
1994-06-06,9.221
1994-06-07,9.27
1994-06-08,9.319
1994-06-09,9.1815
1994-06-10,9.044
1994-06-11,9.3735
1994-06-12,9.703
1994-06-13,9.363499999999998
1994-06-14,9.024
1994-06-15,8.847
1994-06-16,8.67
1994-06-17,8.924
1994-06-18,9.178
1994-06-19,9.147
1994-06-20,9.116
1994-06-21,9.248
1994-06-22,9.38
1994-06-23,8.780000000000001
1994-06-24,8.18
1994-06-25,8.6735
1994-06-26,9.167
1994-06-27,9.1035
1994-06-28,9.04
1994-06-29,9.321
1994-06-30,9.602
1994-07-01,9.3405
1994-07-02,9.079
1994-07-03,9.1675
1994-07-04,9.256
1994-07-05,8.4945
1994-07-06,7.733
1994-07-07,8.5525
1994-07-08,9.372
1994-07-09,8.2125
1994-07-10,7.053
1994-07-11,6.977
1994-07-12,6.901
1994-07-13,7.254833333333333
1994-07-14,7.608666666666666
1994-07-18,9.024
1994-07-19,8.355
1994-07-20,7.686
1994-07-21,7.548999999999999
1994-07-22,7.412
1994-07-23,8.3515
1994-07-24,9.291
1994-07-25,9.296
1994-07-26,9.301
1994-07-27,8.959333333333333
1994-07-28,8.617666666666667
1994-07-29,8.276
1994-07-30,7.987249999999999
1994-07-31,7.6985
1994-08-02,7.121
1994-08-03,7.7535
1994-08-04,8.386
1994-08-05,8.119
1994-08-06,7.852
1994-08-07,8.0825
1994-08-08,8.313
1994-08-09,7.4925
1994-08-10,6.672
1994-08-11,7.1475
1994-08-12,7.623
1994-08-13,7.719
1994-08-14,7.815
1994-08-15,7.348000000000001
1994-08-16,6.881
1994-08-17,7.234500000000001
1994-08-18,7.588
1994-08-20,8.295
1994-08-21,7.985666666666667
1994-08-22,7.676333333333333
1994-08-23,7.367
1994-08-24,6.634
1994-08-25,6.581
1994-08-26,6.528
1994-08-27,6.717
1994-08-28,6.906
1994-08-29,6.793333333333333
1994-08-30,6.680666666666666
1994-08-31,6.568
1994-09-01,6.666
1994-09-02,6.764
1994-09-03,6.763
1994-09-04,6.762
1994-09-05,7.292999999999999
1994-09-06,7.824
1994-09-07,7.5825
1994-09-08,7.341
1994-09-09,7.2175
1994-09-10,7.094
1994-09-11,6.735
1994-09-12,6.376
1994-09-13,6.859500000000001
1994-09-14,7.343
1994-09-18,9.277
1994-09-19,9.6945
1994-09-20,10.112
1994-09-21,9.4125
1994-09-22,8.713
1994-09-23,9.069
1994-09-24,9.425
1994-09-25,9.498
1994-09-26,9.571
1994-09-27,9.13325
1994-09-28,8.6955
1994-09-30,7.82
1994-10-01,8.2275
1994-10-02,8.635
1994-10-03,9.3825
1994-10-04,10.13
1994-10-05,9.845
1994-10-06,9.56
1994-10-07,9.8795
1994-10-08,10.199
1994-10-09,10.061
1994-10-10,9.923
1994-10-11,10.5465
1994-10-12,11.17
1994-10-13,11.0915
1994-10-14,11.013
1994-10-18,10.699
1994-10-19,10.572
1994-10-20,10.445
1994-10-21,10.434
1994-10-22,10.423
1994-10-23,10.661
1994-10-24,10.899
1994-10-25,10.6295
1994-10-26,10.36
1994-10-27,10.552499999999998
1994-10-28,10.745
1994-10-29,10.6605
1994-10-30,10.576
1994-10-31,10.178333333333333
1994-11-01,9.780666666666669
1994-11-02,9.383
1994-11-03,9.496
1994-11-04,9.609
1994-11-05,9.469
1994-11-06,9.329
1994-11-07,9.0125
1994-11-08,8.696
1994-11-09,9.0175
1994-11-10,9.339
1994-11-11,9.119
1994-11-12,8.899
1994-11-13,9.1245
1994-11-14,9.35
1994-11-15,9.5255
1994-11-16,9.701
1994-11-17,9.8365
1994-11-18,9.972
1994-11-19,9.7785
1994-11-20,9.585
1994-11-21,10.0375
1994-11-22,10.49
1994-11-23,10.409
1994-11-24,10.328
1994-11-25,10.498
1994-11-26,10.668
1994-11-27,11.6275
1994-11-28,12.587
1994-11-29,12.7175
1994-11-30,12.848
1994-12-01,9.952
1994-12-02,11.992
1994-12-03,10.758
1994-12-04,9.524
1994-12-05,9.2755
1994-12-06,9.027
1994-12-07,9.377
1994-12-08,9.727
1994-12-09,10.8885
1994-12-10,12.05
1994-12-11,12.425
1994-12-12,12.8
1994-12-13,11.6075
1994-12-14,10.415
1994-12-15,9.8415
1994-12-16,9.268
1994-12-17,9.2395
1994-12-18,9.211
1994-12-19,8.9975
1994-12-20,8.784
1994-12-21,9.157
1994-12-22,9.206
1994-12-23,9.1435
1994-12-24,9.081
1994-12-25,9.3095
1994-12-26,9.538
1994-12-27,9.5385
1994-12-28,9.539
1994-12-29,9.7535
1994-12-30,9.968
1994-12-31,10.36
1995-01-01,10.752
1995-01-02,11.144
1995-01-03,12.693
1995-01-04,14.242
1995-01-05,12.7995
1995-01-06,11.357
1995-01-07,10.503
1995-01-08,9.649
1995-01-09,9.146999999999998
1995-01-10,8.645
1995-01-11,8.7745
1995-01-12,8.904
1995-01-13,8.91
1995-01-14,8.916
1995-01-15,8.928
1995-01-16,8.94
1995-01-17,9.4335
1995-01-18,9.927
1995-01-19,9.896
1995-01-20,11.457
1995-01-21,11.929
1995-01-22,10.429
1995-01-23,10.027
1995-01-24,10.506
1995-01-25,10.315
1995-01-26,11.382
1995-01-27,12.449
1995-01-28,12.345
1995-01-29,10.917
1995-01-30,11.696
1995-01-31,12.475
1995-02-01,11.355
1995-02-02,10.235
1995-02-03,10.111
1995-02-04,9.987
1995-02-05,10.058
1995-02-06,10.129
1995-02-07,10.0735
1995-02-08,10.018
1995-02-09,10.0015
1995-02-10,9.985
1995-02-11,9.85
1995-02-12,9.715
1995-02-13,9.696
1995-02-14,9.677
1995-02-15,9.7515
1995-02-16,9.826
1995-02-17,9.864
1995-02-18,9.902
1995-02-19,9.76925
1995-02-20,9.6365
1995-02-22,9.371
1995-02-23,9.539666666666667
1995-02-24,9.708333333333334
1995-02-25,9.877
1995-02-26,9.914
1995-02-27,9.951
1995-02-28,9.988
1995-03-01,10.433
1995-03-02,10.878
1995-03-03,10.455
1995-03-04,10.032
1995-03-05,10.2145
1995-03-06,10.397
1995-03-07,13.079
1995-03-08,15.761
1995-03-09,15.941
1995-03-10,11.025
1995-03-11,11.033
1995-03-12,11.041
1995-03-13,13.5985
1995-03-14,16.156
1995-03-15,16.624
1995-03-16,17.092
1995-03-17,21.141
1995-03-18,20.07690909090909
1995-03-19,19.01281818181818
1995-03-28,9.436
1995-03-29,9.4615
1995-03-30,9.487
1995-03-31,9.184666666666669
1995-04-01,8.882333333333333
1995-04-02,8.58
1995-04-03,8.6165
1995-04-04,8.653
1995-04-05,8.436
1995-04-06,8.219
1995-04-07,8.261
1995-04-08,8.303
1995-04-09,8.4235
1995-04-10,8.544
1995-04-11,8.448
1995-04-12,8.352
1995-04-13,8.039
1995-04-14,7.726
1995-04-15,7.986499999999999
1995-04-16,8.247
1995-04-17,8.416
1995-04-18,8.585
1995-04-19,8.726
1995-04-20,8.867
1995-04-21,8.948333333333334
1995-04-22,9.029666666666667
1995-04-23,9.111
1995-04-24,9.428
1995-04-25,9.745
1995-04-26,9.46
1995-04-27,9.106000000000002
1995-04-28,8.752
1995-04-29,8.9165
1995-04-30,9.081
1995-05-01,8.963
1995-05-02,8.991499999999998
1995-05-03,9.02
1995-05-04,9.184333333333331
1995-05-05,9.348666666666666
1995-05-06,9.513
1995-05-07,8.972
1995-05-08,8.431
1995-05-09,8.308499999999999
1995-05-10,8.186
1995-05-11,8.0055
1995-05-12,7.825
1995-05-13,7.82475
1995-05-14,7.8245
1995-05-16,7.824
1995-05-17,7.8025
1995-05-18,7.781
1995-05-19,7.766
1995-05-20,7.751
1995-05-21,8.004
1995-05-22,8.257
1995-05-23,8.2275
1995-05-24,8.198
1995-05-25,8.061666666666667
1995-05-26,7.925333333333334
1995-05-27,7.789
1995-05-28,8.5075
1995-05-29,9.226
1995-05-30,9.412
1995-05-31,9.598
1995-06-01,9.18
1995-06-02,8.762
1995-06-03,8.815750000000001
1995-06-04,8.8695
1995-06-06,8.977
1995-06-07,8.5415
1995-06-08,8.106
1995-06-09,8.192
1995-06-10,8.278
1995-06-11,8.247
1995-06-12,8.216000000000001
1995-06-13,8.185
1995-06-14,8.2775
1995-06-15,8.37
1995-06-16,8.496666666666666
1995-06-17,8.623333333333333
1995-06-18,8.75
1995-06-19,8.642333333333333
1995-06-20,8.534666666666666
1995-06-21,8.427
1995-06-22,8.3525
1995-06-23,8.278
1995-06-24,8.197333333333333
1995-06-25,8.116666666666667
1995-06-26,8.036
1995-06-27,8.0735
1995-06-28,8.111
1995-06-29,8.239
1995-06-30,8.367
1995-07-01,8.243
1995-07-02,8.119
1995-07-03,8.5435
1995-07-04,8.968
1995-07-05,8.2765
1995-07-06,7.585
1995-07-07,8.2445
1995-07-08,8.904
1995-07-09,9.2195
1995-07-10,9.535
1995-07-11,9.457
1995-07-12,9.379
1995-07-13,9.114
1995-07-14,8.849
1995-07-15,8.6455
1995-07-16,8.442
1995-07-17,8.2325
1995-07-18,8.023
1995-07-19,7.35
1995-07-20,6.677
1995-07-21,8.008
1995-07-22,9.339
1995-07-23,8.229
1995-07-24,7.119
1995-07-25,7.0596
1995-07-26,7.0002
1995-07-29,6.822
1995-07-30,8.596
1995-07-31,10.37
1995-08-01,10.0245
1995-08-02,9.679
1995-08-03,9.5345
1995-08-04,9.39
1995-08-05,9.324
1995-08-06,9.258
1995-08-07,9.192
1995-08-08,9.246666666666666
1995-08-09,9.301333333333334
1995-08-10,9.356
1995-08-11,8.906500000000001
1995-08-12,8.457
1995-08-13,8.3385
1995-08-14,8.22
1995-08-15,8.3305
1995-08-16,8.441
1995-08-17,8.319500000000001
1995-08-18,8.198
1995-08-19,8.034500000000001
1995-08-20,7.871
1995-08-21,8.068000000000001
1995-08-22,8.265
1995-08-23,8.30875
1995-08-24,8.3525
1995-08-26,8.44
1995-08-27,8.3185
1995-08-28,8.197
1995-08-29,8.564
1995-08-30,8.931
1995-08-31,8.702333333333332
1995-09-01,8.473666666666666
1995-09-02,8.245
1995-09-03,8.076
1995-09-04,7.907
1995-09-05,8.4865
1995-09-06,9.066
1995-09-07,8.563
1995-09-08,8.06
1995-09-09,8.0685
1995-09-10,8.077
1995-09-11,8.029
1995-09-12,7.981
1995-09-14,7.885
1995-09-15,7.73
1995-09-16,7.575
1995-09-17,7.572
1995-09-18,7.569
1995-09-19,7.999
1995-09-20,8.429
1995-09-21,8.357
1995-09-22,8.285
1995-09-23,7.9375
1995-09-24,7.59
1995-09-25,7.664
1995-09-26,7.738
1995-09-27,7.7435
1995-09-28,7.749
1995-09-29,7.768499999999999
1995-09-30,7.788
1995-10-01,7.5725
1995-10-02,7.357
1995-10-03,7.275
1995-10-04,7.193
1995-10-05,7.179555555555555
1995-10-06,7.16611111111111
1995-10-13,7.072
1995-10-14,6.966
1995-10-15,7.2305
1995-10-16,7.495
1995-10-17,7.502000000000001
1995-10-18,7.509
1995-10-19,7.4455
1995-10-20,7.382
1995-10-21,7.2605
1995-10-22,7.139
1995-10-23,7.1035
1995-10-24,7.068
1995-10-25,7.138999999999999
1995-10-26,7.21
1995-10-27,7.1645
1995-10-28,7.119
1995-10-29,7.5545
1995-10-30,7.99
1995-10-31,7.845333333333333
1995-11-01,7.700666666666667
1995-11-02,7.556
1995-11-03,7.668
1995-11-04,7.78
1995-11-05,7.638
1995-11-06,7.496
1995-11-07,7.4645
1995-11-08,7.433
1995-11-09,7.524
1995-11-10,7.615
1995-11-11,7.663
1995-11-12,7.711
1995-11-13,7.6655
1995-11-14,7.62
1995-11-15,8.7995
1995-11-16,9.979
1995-11-17,9.643999999999998
1995-11-18,9.309
1995-11-19,8.7525
1995-11-20,8.196
1995-11-21,8.5345
1995-11-22,8.873
1995-11-23,8.759
1995-11-24,8.645
1995-11-25,8.7045
1995-11-26,8.764
1995-11-27,8.716999999999999
1995-11-28,8.67
1995-11-29,8.635
1995-11-30,8.6
1995-12-01,8.373999999999999
1995-12-02,8.148
1995-12-03,8.088999999999999
1995-12-04,8.03
1995-12-05,7.6685
1995-12-06,7.307
1995-12-07,7.4165
1995-12-08,7.526
1995-12-09,7.5905
1995-12-10,7.655
1995-12-11,7.900500000000001
1995-12-12,8.146
1995-12-13,8.052
1995-12-14,7.958
1995-12-15,8.279
1995-12-16,8.6
1995-12-17,8.3225
1995-12-18,8.045
1995-12-19,7.81
1995-12-20,7.575
1995-12-21,7.574
1995-12-22,7.573
1995-12-23,7.6235
1995-12-24,7.674
1995-12-25,8.8135
1995-12-26,9.953
1995-12-27,9.529
1995-12-28,9.105
1995-12-29,9.138666666666667
1995-12-30,9.172333333333333
1995-12-31,9.206
1996-01-01,8.508
1996-01-02,7.81
1996-01-03,7.829499999999999
1996-01-04,7.849
1996-01-05,8.2085
1996-01-06,8.568
1996-01-07,8.384
1996-01-08,8.2
1996-01-09,8.445
1996-01-10,8.69
1996-01-11,8.889
1996-01-12,9.088
1996-01-13,9.752
1996-01-14,10.416
1996-01-15,9.3555
1996-01-16,8.295
1996-01-17,8.3415
1996-01-18,8.388
1996-01-19,8.795
1996-01-20,9.202
1996-01-21,10.0055
1996-01-22,10.809
1996-01-23,11.767
1996-01-24,12.725
1996-01-25,11.456
1996-01-26,10.187
1996-01-27,9.1245
1996-01-28,8.062
1996-01-29,9.540666666666668
1996-01-30,11.019333333333332
1996-01-31,12.498
1996-02-01,13.2955
1996-02-02,14.093
1996-02-03,13.544
1996-02-04,12.995
1996-02-05,11.3975
1996-02-06,9.8
1996-02-07,9.622
1996-02-08,9.444
1996-02-09,10.144
1996-02-10,10.844
1996-02-11,11.8285
1996-02-12,12.813
1996-02-13,12.364
1996-02-14,11.915
1996-02-15,12.902
1996-02-16,13.889
1996-02-17,14.071
1996-02-18,14.253
1996-02-19,14.4675
1996-02-20,14.682
1996-02-21,14.3115
1996-02-22,13.941
1996-02-23,12.4565
1996-02-24,10.972
1996-02-25,12.51
1996-02-26,14.048
1996-02-27,15.6554
1996-02-28,17.2628
1996-03-02,22.085
1996-03-03,21.546
1996-03-04,21.007
1996-03-05,18.46775
1996-03-06,15.9285
1996-03-08,10.85
1996-03-09,10.783
1996-03-10,10.716
1996-03-11,10.119
1996-03-12,9.6845
1996-03-13,9.25
1996-03-15,8.381
1996-03-16,8.235
1996-03-17,8.651499999999999
1996-03-18,9.068
1996-03-19,9.1435
1996-03-20,9.219
1996-03-21,8.964500000000001
1996-03-22,8.71
1996-03-23,10.390666666666668
1996-03-24,12.071333333333332
1996-03-25,13.752
1996-03-26,13.122
1996-03-27,12.492
1996-03-28,13.6345
1996-03-29,14.777
1996-03-30,13.5635
1996-03-31,12.35
1996-04-01,11.802
1996-04-02,11.664
1996-04-03,11.526
1996-04-04,12.122666666666667
1996-04-05,12.719333333333331
1996-04-06,13.316
1996-04-07,13.0515
1996-04-08,12.787
1996-04-09,12.45925
1996-04-10,12.1315
1996-04-12,11.476
1996-04-13,11.929
1996-04-14,12.382
1996-04-15,12.328
1996-04-16,11.7344
1996-04-17,11.1408
1996-04-20,9.36
1996-04-21,9.5235
1996-04-22,9.687
1996-04-23,9.63525
1996-04-24,9.5835
1996-04-26,9.48
1996-04-27,9.557
1996-04-28,9.634
1996-04-29,9.135
1996-04-30,8.636
1996-05-01,9.3095
1996-05-02,9.983
1996-05-03,9.5525
1996-05-04,9.122
1996-05-05,9.265
1996-05-06,9.408
1996-05-07,9.487
1996-05-08,9.566
1996-05-09,9.271
1996-05-10,8.975999999999999
1996-05-12,8.386
1996-05-13,8.4085
1996-05-14,8.431
1996-05-15,8.597
1996-05-16,8.763
1996-05-17,8.929
1996-05-18,9.459
1996-05-19,9.989
1996-05-20,9.561
1996-05-21,9.133
1996-05-22,9.0715
1996-05-23,9.01
1996-05-24,9.428
1996-05-25,9.846
1996-05-26,9.8345
1996-05-27,9.823
1996-05-28,9.1905
1996-05-29,8.558
1996-05-30,8.903500000000001
1996-05-31,9.249
1996-06-01,9.296
1996-06-02,9.343
1996-06-03,9.4195
1996-06-04,9.496
1996-06-05,9.503
1996-06-06,9.51
1996-06-07,9.396
1996-06-08,9.282
1996-06-09,8.981
1996-06-10,8.68
1996-06-11,8.652000000000001
1996-06-12,8.624
1996-06-13,9.102
1996-06-14,9.58
1996-06-15,9.2035
1996-06-16,8.827
1996-06-17,9.3525
1996-06-18,9.878
1996-06-19,9.323
1996-06-20,8.768
1996-06-21,8.696000000000002
1996-06-22,8.624
1996-06-23,7.971
1996-06-24,7.318
1996-06-25,7.31525
1996-06-26,7.3125
1996-06-28,7.307
1996-06-29,7.18
1996-06-30,7.053
1996-07-01,7.4955
1996-07-02,7.938
1996-07-03,7.867
1996-07-04,7.796
1996-07-05,7.634
1996-07-06,7.472
1996-07-07,7.689
1996-07-08,7.906
1996-07-09,7.9
1996-07-10,7.894
1996-07-11,7.7855
1996-07-12,7.677
1996-07-13,7.5235
1996-07-14,7.37
1996-07-15,7.390499999999999
1996-07-16,7.411
1996-07-17,8.14
1996-07-18,8.869
1996-07-19,8.8975
1996-07-20,8.926
1996-07-21,8.9605
1996-07-22,8.995
1996-07-23,8.799499999999998
1996-07-24,8.604
1996-07-25,8.3775
1996-07-26,8.151
1996-07-27,8.0805
1996-07-28,8.01
1996-07-29,8.6955
1996-07-30,9.381
1996-07-31,8.957
1996-08-01,8.533
1996-08-02,8.109
1996-08-03,8.208
1996-08-04,8.307
1996-08-05,8.3435
1996-08-06,8.38
1996-08-07,8.417354838709679
1996-08-08,8.454709677419356
1996-09-06,9.538
1996-09-07,9.428
1996-09-08,9.318
1996-09-09,8.8995
1996-09-10,8.481
1996-09-11,8.166
1996-09-12,7.851
1996-09-13,8.5205
1996-09-14,9.19
1996-09-15,9.239999999999998
1996-09-16,9.29
1996-09-17,9.161
1996-09-18,9.032
1996-09-19,9.0185
1996-09-20,9.005
1996-09-21,9.1675
1996-09-22,9.33
1996-09-23,9.703
1996-09-24,10.076
1996-09-25,9.2405
1996-09-26,8.405
1996-09-27,9.481
1996-09-28,10.557
1996-09-29,10.0855
1996-09-30,9.614
1996-10-01,9.9565
1996-10-02,10.299
1996-10-03,10.4095
1996-10-04,10.52
1996-10-05,10.6755
1996-10-06,10.831
1996-10-07,10.4055
1996-10-08,9.98
1996-10-09,9.791
1996-10-10,9.602
1996-10-11,9.8785
1996-10-12,10.155
1996-10-13,9.2
1996-10-14,8.245
1996-10-15,9.21
1996-10-16,10.175
1996-10-17,10.0035
1996-10-18,9.832
1996-10-19,9.3785
1996-10-20,8.925
1996-10-21,9.1285
1996-10-22,9.332
1996-10-24,9.739
1996-10-25,9.832
1996-10-26,9.925
1996-10-27,9.932
1996-10-28,9.939
1996-10-29,9.932666666666666
1996-10-30,9.926333333333334
1996-10-31,9.92
1996-11-01,9.6305
1996-11-02,9.341
1996-11-03,9.377
1996-11-04,9.413
1996-11-05,9.703
1996-11-06,9.993
1996-11-07,9.967
1996-11-08,9.941
1996-11-09,9.798
1996-11-10,9.655
1996-11-11,9.965
1996-11-12,10.275
1996-11-13,9.606
1996-11-14,8.937
1996-11-15,9.2735
1996-11-16,9.61
1996-11-17,9.6105
1996-11-18,9.611
1996-11-19,9.7
1996-11-20,9.789
1996-11-21,9.677
1996-11-22,9.565
1996-11-23,9.5855
1996-11-24,9.606
1996-11-25,10.0785
1996-11-26,10.551
1996-11-27,10.5165
1996-11-28,10.482
1996-11-29,10.4795
1996-11-30,10.477
1996-12-01,10.5215
1996-12-02,10.566
1996-12-03,10.367
1996-12-04,10.168
1996-12-05,10.2485
1996-12-06,10.329
1996-12-07,10.3235
1996-12-08,10.318
1996-12-09,10.371
1996-12-10,10.424
1996-12-11,10.4245
1996-12-12,10.425
1996-12-13,10.2285
1996-12-14,10.032
1996-12-15,10.408
1996-12-16,10.784
1996-12-17,10.800666666666666
1996-12-18,10.817333333333334
1996-12-19,10.834
1996-12-20,10.859
1996-12-21,10.5325
1996-12-22,10.206
1996-12-23,10.489
1996-12-24,10.772
1996-12-25,11.38425
1996-12-26,11.9965
1996-12-28,13.221
1996-12-29,12.0515
1996-12-30,10.882
1996-12-31,10.79
1997-01-01,10.698
1997-01-02,10.606
1997-01-03,11.949
1997-01-04,13.292
1997-01-05,11.944
1997-01-06,10.596
1997-01-07,11.607
1997-01-08,12.618
1997-01-09,12.948
1997-01-10,13.278
1997-01-11,13.2875
1997-01-12,13.297
1997-01-13,15.091
1997-01-14,16.885
1997-01-15,18.6485
1997-01-16,20.412
1997-01-17,18.473
1997-01-18,16.534
1997-01-19,14.357499999999998
1997-01-20,12.181
1997-01-21,12.75
1997-01-22,13.319
1997-01-23,16.059
1997-01-24,18.799
1997-01-25,18.8275
1997-01-26,18.856
1997-01-27,18.412
1997-01-28,17.968
1997-01-29,15.7965
1997-01-30,13.625
1997-01-31,13.182
1997-02-01,12.739
1997-02-02,12.296
1997-02-03,12.2675
1997-02-04,12.239
1997-02-05,12.283
1997-02-06,12.327
1997-02-07,13.691
1997-02-08,15.055
1997-02-09,16.941
1997-02-10,14.638
1997-02-11,15.483
1997-02-12,15.467
1997-02-13,19.252
1997-02-14,20.696
1997-02-15,17.216
1997-02-16,18.155
1997-02-17,18.386
1997-02-18,19.41625
1997-02-19,20.4465
1997-02-21,22.507
1997-02-22,23.304
1997-02-23,9.367
1997-02-24,10.918
1997-02-25,11.448
1997-02-26,18.064
1997-02-27,24.68
1997-02-28,19.889
1997-03-01,21.087
1997-03-02,12.368
1997-03-03,11.234
1997-03-04,21.355
1997-03-05,20.376
1997-03-06,20.321
1997-03-07,18.618
1997-03-08,20.252
1997-03-09,20.164
1997-03-10,20.012
1997-03-11,19.79
1997-03-12,18.22
1997-03-13,18.166
1997-03-14,18.112
1997-03-15,17.347
1997-03-16,17.1
1997-03-17,16.894
1997-03-18,16.711
1997-03-19,16.752
1997-03-20,17.301
1997-03-21,15.854499999999998
1997-03-22,14.408
1997-03-23,14.8255
1997-03-24,15.243
1997-03-25,13.689
1997-03-26,12.135
1997-03-27,12.1495
1997-03-28,12.164
1997-03-29,12.1805
1997-03-30,12.197
1997-03-31,12.375
1997-04-01,12.553
1997-04-02,12.731
1997-04-03,12.751
1997-04-04,12.771
1997-04-05,14.225
1997-04-06,15.679
1997-04-07,15.5975
1997-04-08,15.516
1997-04-09,12.4925
1997-04-10,9.469
1997-04-11,9.8915
1997-04-12,10.314
1997-04-13,9.3365
1997-04-14,8.359
1997-04-15,8.7255
1997-04-16,9.092
1997-04-17,8.486
1997-04-18,7.88
1997-04-19,7.9755
1997-04-20,8.071
1997-04-21,8.104
1997-04-22,8.137
1997-04-23,7.879
1997-04-24,7.621
1997-04-25,7.53
1997-04-26,7.439
1997-04-27,7.4215
1997-04-28,7.404
1997-04-29,7.377
1997-04-30,7.35
1997-05-01,7.3995
1997-05-02,7.449
1997-05-03,7.353
1997-05-04,7.257
1997-05-05,7.448499999999999
1997-05-06,7.64
1997-05-07,7.886666666666667
1997-05-08,8.133333333333333
1997-05-09,8.38
1997-05-10,8.414
1997-05-11,8.2295
1997-05-12,8.045
1997-05-13,8.1155
1997-05-14,8.186
1997-05-15,7.5724
1997-05-16,6.9588
1997-05-19,5.118
1997-05-20,5.085333333333334
1997-05-21,5.052666666666666
1997-05-22,5.02
1997-05-23,4.976
1997-05-24,4.932
1997-05-25,4.912000000000001
1997-05-26,4.892
1997-05-27,4.692500000000001
1997-05-28,4.493
1997-05-29,4.6115
1997-05-30,4.73
1997-05-31,4.736666666666667
1997-06-01,4.743333333333333
1997-06-02,4.75
1997-06-03,4.75625
1997-06-04,4.7625
1997-06-06,4.775
1997-06-07,4.3765
1997-06-08,3.978
1997-06-09,4.0505
1997-06-10,4.123
1997-06-11,4.727
1997-06-12,5.331
1997-06-13,5.466
1997-06-14,5.601
1997-06-15,5.268
1997-06-16,4.935
1997-06-17,5.0675
1997-06-18,5.2
1997-06-19,4.936
1997-06-20,4.672
1997-06-21,4.707
1997-06-22,4.742
1997-06-23,5.0215
1997-06-24,5.301
1997-06-25,4.922499999999999
1997-06-26,4.544
1997-06-27,4.528499999999999
1997-06-28,4.513
1997-06-29,4.677
1997-06-30,4.841
1997-07-01,4.7035
1997-07-02,4.566
1997-07-03,4.406000000000001
1997-07-04,4.246
1997-07-05,4.236000000000001
1997-07-06,4.226
1997-07-07,4.441
1997-07-08,4.656
1997-07-09,4.7025
1997-07-10,4.749
1997-07-11,4.949
1997-07-12,5.149
1997-07-13,4.8865
1997-07-14,4.624
1997-07-15,4.798
1997-07-16,4.972
1997-07-17,4.8865
1997-07-18,4.801
1997-07-19,5.2015
1997-07-20,5.602
1997-07-21,5.577500000000001
1997-07-22,5.553
1997-07-23,4.976
1997-07-24,4.399
1997-07-25,4.7735
1997-07-26,5.148
1997-07-27,5.787
1997-07-28,6.426
1997-07-29,6.426
1997-07-30,6.426
1997-07-31,5.925333333333334
1997-08-01,5.424666666666667
1997-08-02,4.924
1997-08-03,5.176500000000001
1997-08-04,5.429
1997-08-05,5.4385
1997-08-06,5.448
1997-08-07,5.606444444444445
1997-08-08,5.764888888888889
1997-08-15,6.874
1997-08-16,7.055
1997-08-17,7.395
1997-08-18,7.735
1997-08-19,8.0015
1997-08-20,8.268
1997-08-21,7.2135
1997-08-22,6.159
1997-08-23,6.053
1997-08-24,5.947
1997-08-25,5.843
1997-08-26,5.739
1997-08-27,5.753
1997-08-28,5.767
1997-08-29,5.3115000000000006
1997-08-30,4.856
1997-08-31,4.9405
1997-09-01,5.025
1997-09-02,4.9775
1997-09-03,4.93
1997-09-04,4.830333333333333
1997-09-05,4.730666666666667
1997-09-06,4.631
1997-09-07,4.9305
1997-09-08,5.23
1997-09-09,5.240500000000001
1997-09-10,5.251
1997-09-11,5.269
1997-09-12,5.287
1997-09-13,5.602
1997-09-14,5.917
1997-09-15,5.727
1997-09-16,5.537
1997-09-17,6.604
1997-09-18,6.685
1997-09-19,6.2695
1997-09-20,5.854
1997-09-21,5.1775
1997-09-22,4.501
1997-09-23,4.4985
1997-09-24,4.496
1997-09-25,5.033
1997-09-26,5.57
1997-09-27,5.5825
1997-09-28,5.595
1997-09-29,5.7345
1997-09-30,5.874
1997-10-01,5.3595
1997-10-02,4.845
1997-10-03,4.798
1997-10-04,4.846666666666667
1997-10-05,4.895333333333333
1997-10-06,4.944
1997-10-07,5.378
1997-10-08,5.812
1997-10-09,5.7815
1997-10-10,5.751
1997-10-11,5.7615
1997-10-12,5.772
1997-10-13,5.9030000000000005
1997-10-14,6.034
1997-10-15,5.8580000000000005
1997-10-16,5.682
1997-10-17,5.6205
1997-10-18,5.559
1997-10-19,5.4935
1997-10-20,5.428
1997-10-21,5.4125
1997-10-22,5.397
1997-10-23,4.988
1997-10-24,4.579
1997-10-25,4.5705
1997-10-26,4.562
1997-10-27,4.5545
1997-10-28,4.547
1997-10-29,4.537599999999999
1997-10-30,4.5282
1997-11-02,4.5
1997-11-03,4.5805
1997-11-04,4.661
1997-11-05,4.69125
1997-11-06,4.7215
1997-11-08,4.782
1997-11-09,5.068
1997-11-10,5.354
1997-11-11,5.64
1997-11-12,5.22
1997-11-13,5.225
1997-11-14,5.23
1997-11-15,5.822
1997-11-16,6.414
1997-11-17,5.879
1997-11-18,5.344
1997-11-19,5.3715
1997-11-20,5.399
1997-11-21,5.477
1997-11-22,5.555
1997-11-23,5.6075
1997-11-24,5.66
1997-11-25,5.079000000000001
1997-11-26,4.498
1997-11-27,4.4995
1997-11-28,4.501
1997-11-29,4.522
1997-11-30,4.543
1997-12-01,4.666
1997-12-02,4.789
1997-12-03,4.906499999999999
1997-12-04,5.024
1997-12-05,4.9355
1997-12-06,4.847
1997-12-07,5.2065
1997-12-08,5.566
1997-12-09,5.4155
1997-12-10,5.265
1997-12-11,5.3085
1997-12-12,5.352
1997-12-13,5.413
1997-12-14,5.474
1997-12-15,5.383333333333334
1997-12-16,5.292666666666666
1997-12-17,5.202
1997-12-18,6.4255
1997-12-19,7.649
1997-12-20,7.74
1997-12-21,8.1545
1997-12-22,8.569
1997-12-23,7.517
1997-12-24,6.465
1997-12-25,6.1295
1997-12-26,5.794
1997-12-27,5.77
1997-12-28,5.746
1997-12-29,5.546666666666667
1997-12-30,5.347333333333333
1997-12-31,5.148
1998-01-01,5.5935
1998-01-02,6.039
1998-01-03,7.49
1998-01-04,8.941
1998-01-05,8.554
1998-01-06,10.077
1998-01-07,7.708
1998-01-08,7.284
1998-01-09,10.86
1998-01-10,9.99
1998-01-11,6.424
1998-01-12,8.297
1998-01-13,7.568
1998-01-14,6.839
1998-01-15,7.384
1998-01-16,6.192
1998-01-17,6.128
1998-01-18,5.58
1998-01-19,5.032
1998-01-20,9.475
1998-01-21,9.792
1998-01-22,9.833
1998-01-23,9.958
1998-01-24,11.072
1998-01-25,10.816
1998-01-26,11.64
1998-01-27,11.691
1998-01-28,12.768
1998-01-29,14.945
1998-01-30,14.787
1998-01-31,8.984
1998-02-01,5.904
1998-02-02,7.064
1998-02-03,6.423
1998-02-04,9.672
1998-02-05,10.927
1998-02-06,11.173
1998-02-07,12.2045
1998-02-08,13.236
1998-02-09,10.632
1998-02-10,11.015
1998-02-11,12.069
1998-02-12,11.121
1998-02-13,11.7765
1998-02-14,12.432
1998-02-15,12.608
1998-02-16,12.231
1998-02-17,10.314
1998-02-18,8.759
1998-02-19,8.471
1998-02-20,9.91
1998-02-21,9.575
1998-02-22,8.321
1998-02-23,8.391
1998-02-24,12.485
1998-02-25,8.735
1998-02-26,8.721
1998-02-27,8.508
1998-02-28,8.432
1998-03-01,8.525
1998-03-02,8.564
1998-03-03,8.396
1998-03-04,9.236
1998-03-05,9.222
1998-03-06,9.208
1998-03-07,9.833
1998-03-08,8.726
1998-03-09,9.983
1998-03-10,7.208
1998-03-11,7.670333333333334
1998-03-12,8.132666666666667
1998-03-13,8.595
1998-03-14,7.93
1998-03-15,7.413
1998-03-16,7.411
1998-03-17,7.449
1998-03-18,7.354
1998-03-19,8.332
1998-03-20,6.334
1998-03-21,6.357
1998-03-22,6.159
1998-03-23,7.163
1998-03-24,6.149
1998-03-25,6.987
1998-03-26,6.956
1998-03-27,6.984
1998-03-28,7.107
1998-03-29,7.009
1998-03-30,8.476
1998-03-31,8.487
1998-04-01,8.648
1998-04-02,8.636
1998-04-03,8.595
1998-04-04,9.086
1998-04-05,8.1745
1998-04-06,7.263
1998-04-07,7.3975
1998-04-08,7.532
1998-04-09,7.2265
1998-04-10,6.921
1998-04-11,6.3965
1998-04-12,5.872
1998-04-13,5.77825
1998-04-14,5.6845
1998-04-16,5.497
1998-04-17,5.5225
1998-04-18,5.548
1998-04-19,5.8865
1998-04-20,6.225
1998-04-21,6.009
1998-04-22,5.793
1998-04-23,5.769
1998-04-24,5.745
1998-04-25,5.524
1998-04-26,5.303
1998-04-27,5.4875
1998-04-28,5.672
1998-04-29,5.1715
1998-04-30,4.671
1998-05-01,4.992
1998-05-02,5.313
1998-05-03,5.2695
1998-05-04,5.226
1998-05-05,5.1935
1998-05-06,5.161
1998-05-07,5.712
1998-05-08,6.263
1998-05-09,6.3075
1998-05-10,6.352
1998-05-11,6.3075
1998-05-12,6.263
1998-05-13,5.803
1998-05-14,5.343
1998-05-15,5.3016
1998-05-16,5.2602
1998-05-24,4.929
1998-05-25,4.9405
1998-05-26,4.952
1998-05-27,4.7895
1998-05-28,4.627
1998-05-29,4.8635
1998-05-30,5.1
1998-05-31,5.095
1998-06-01,5.09
1998-06-02,5.111666666666666
1998-06-03,5.133333333333334
1998-06-04,5.155
1998-06-05,5.2795000000000005
1998-06-06,5.404
1998-06-07,5.6975
1998-06-08,5.991
1998-06-09,5.9895
1998-06-10,5.988
1998-06-11,5.831
1998-06-12,5.674
1998-06-13,5.661
1998-06-14,5.648
1998-06-15,5.5955
1998-06-16,5.543
1998-06-17,5.236000000000001
1998-06-18,4.929
1998-06-19,4.9635
1998-06-20,4.998
1998-06-21,5.1625
1998-06-22,5.327
1998-06-24,5.656
1998-06-25,5.369
1998-06-26,5.082
1998-06-27,5.15
1998-06-28,5.218
1998-06-29,5.2115
1998-06-30,5.205
1998-07-01,4.94
1998-07-02,4.675
1998-07-03,4.984999999999999
1998-07-04,5.295
1998-07-05,5.1735
1998-07-06,5.052
1998-07-07,5.275
1998-07-08,5.498
1998-07-09,5.4350000000000005
1998-07-10,5.372
1998-07-11,5.199999999999999
1998-07-12,5.028
1998-07-13,5.065
1998-07-14,5.102
1998-07-15,5.1240000000000006
1998-07-16,5.146
1998-07-17,4.6175
1998-07-18,4.089
1998-07-19,3.9685
1998-07-20,3.848
1998-07-21,4.3645
1998-07-22,4.881
1998-07-23,5.1475
1998-07-24,5.414
1998-07-25,5.2525
1998-07-26,5.091
1998-07-27,5.068
1998-07-28,5.045
1998-07-29,5.16
1998-07-30,5.275
1998-07-31,5.39
1998-08-01,5.368121212121212
1998-08-02,5.346242424242424
1998-09-02,4.668
1998-09-03,4.814
1998-09-04,4.96
1998-09-05,5.026
1998-09-06,5.092
1998-09-07,5.0295
1998-09-08,4.967
1998-09-09,4.888999999999999
1998-09-10,4.811
1998-09-11,5.186999999999999
1998-09-12,5.563
1998-09-13,5.5455
1998-09-14,5.528
1998-09-15,5.517
1998-09-16,5.506
1998-09-17,5.2335
1998-09-18,4.961
1998-09-19,4.9785
1998-09-20,4.996
1998-09-21,5.2915
1998-09-22,5.587
1998-09-23,5.247999999999999
1998-09-24,4.909
1998-09-25,4.8455
1998-09-26,4.782
1998-09-27,4.998
1998-09-28,5.214
1998-09-29,5.156000000000001
1998-09-30,5.098
1998-10-01,4.983499999999999
1998-10-02,4.869
1998-10-03,5.0205
1998-10-04,5.172
1998-10-05,5.212999999999999
1998-10-06,5.254
1998-10-07,5.158
1998-10-08,5.062
1998-10-09,5.09325
1998-10-10,5.1245
1998-10-16,5.312
1998-10-17,5.5185
1998-10-18,5.725
1998-10-19,5.647
1998-10-20,5.569
1998-10-21,5.6115
1998-10-22,5.654
1998-10-23,5.209
1998-10-24,4.764
1998-10-25,4.912
1998-10-26,5.06
1998-10-27,5.233499999999999
1998-10-28,5.407
1998-10-29,5.140499999999999
1998-10-30,4.874
1998-10-31,4.915
1998-11-01,4.956
1998-11-02,4.997
1998-11-03,4.9915
1998-11-04,4.986
1998-11-05,4.959
1998-11-06,4.932
1998-11-07,4.8905
1998-11-08,4.849
1998-11-09,4.907500000000001
1998-11-10,4.966
1998-11-12,5.083
1998-11-13,5.0905000000000005
1998-11-14,5.098
1998-11-15,5.1945
1998-11-16,5.291
1998-11-17,5.2765
1998-11-18,5.262
1998-11-19,5.23
1998-11-20,5.198
1998-11-21,5.1530000000000005
1998-11-22,5.108
1998-11-23,4.9385
1998-11-24,4.769
1998-11-25,4.781000000000001
1998-11-26,4.793
1998-11-27,4.797000000000001
1998-11-28,4.801
1998-11-29,4.8485
1998-11-30,4.896
1998-12-01,4.926
1998-12-02,4.956
1998-12-03,4.8385
1998-12-04,4.721
1998-12-05,4.7115
1998-12-06,4.702
1998-12-07,4.6925
1998-12-08,4.683
1998-12-09,4.9155
1998-12-10,5.148
1998-12-11,5.09
1998-12-12,5.032
1998-12-13,4.9035
1998-12-14,4.775
1998-12-15,4.773
1998-12-16,4.771
1998-12-17,4.903499999999999
1998-12-18,5.036
1998-12-19,5.0695
1998-12-20,5.103
1998-12-21,5.209
1998-12-22,5.315
1998-12-23,5.6825
1998-12-24,6.05
1998-12-25,6.24
1998-12-26,6.43
1998-12-27,9.896
1998-12-28,5.622
1998-12-29,5.8195
1998-12-30,6.017
1998-12-31,6.0376666666666665
1999-01-01,6.058333333333334
1999-01-02,6.079
1999-01-03,6.961
1999-01-04,6.809
1999-01-05,5.38
1999-01-06,5.313
1999-01-07,5.367
1999-01-08,6.358
1999-01-09,7.053
1999-01-10,7.007
1999-01-11,6.962
1999-01-12,7.642
1999-01-13,10.295
1999-01-14,10.349
1999-01-15,8.384
1999-01-16,7.754
1999-01-17,7.674
1999-01-18,8.081
1999-01-19,9.096
1999-01-20,8.711
1999-01-21,8.517
1999-01-22,8.578
1999-01-23,8.533
1999-01-24,11.194
1999-01-25,11.992
1999-01-26,11.825
1999-01-27,9.515
1999-01-28,10.476
1999-01-29,10.505
1999-01-30,10.137
1999-01-31,11.641
1999-02-01,3.85
1999-02-02,6.629
1999-02-03,6.588
1999-02-04,6.479
1999-02-05,6.837
1999-02-06,10.113
1999-02-07,11.545
1999-02-08,11.748
1999-02-09,11.768
1999-02-10,11.837
1999-02-11,11.781
1999-02-12,13.215
1999-02-13,12.708
1999-02-14,12.266
1999-02-15,11.251
1999-02-16,11.721
1999-02-17,10.565
1999-02-18,10.818
1999-02-19,11.369
1999-02-20,11.48
1999-02-21,13.102
1999-02-22,12.593
1999-02-23,12.084
1999-02-24,11.575
1999-02-25,11.877
1999-02-26,10.908
1999-02-27,10.85
1999-02-28,9.097
1999-03-01,10.379
1999-03-02,10.175
1999-03-03,10.391
1999-03-04,10.524
1999-03-05,11.107
1999-03-06,11.69
1999-03-07,11.786
1999-03-08,13.368
1999-03-09,14.838
1999-03-10,14.743
1999-03-11,12.957
1999-03-12,13.152
1999-03-13,11.05
1999-03-14,9.512
1999-03-15,8.433
1999-03-16,8.295
1999-03-17,8.031
1999-03-18,7.473
1999-03-19,7.436
1999-03-20,7.462
1999-03-21,7.377
1999-03-22,9.015
1999-03-23,9.225
1999-03-24,10.551
1999-03-25,11.507
1999-03-26,10.927
1999-03-27,8.203
1999-03-28,8.788
1999-03-29,8.628
1999-03-30,9.22
1999-03-31,9.27
1999-04-01,9.043
1999-04-02,8.815999999999999
1999-04-05,8.135
1999-04-06,8.066
1999-04-07,8.239
1999-04-08,8.193
1999-04-09,8.717
1999-04-10,8.131
1999-04-11,8.161
1999-04-12,7.388
1999-04-13,6.996
1999-04-14,6.537
1999-04-15,6.595
1999-04-16,6.455
1999-04-17,6.398
1999-04-18,6.396
1999-04-19,6.304
1999-04-20,6.339
1999-04-21,6.928
1999-04-22,6.64
1999-04-23,6.651
1999-04-24,6.662
1999-04-25,6.517
1999-04-26,6.038
1999-04-27,6.114
1999-04-28,5.955
1999-04-29,5.919
1999-04-30,5.618
1999-05-01,5.533
1999-05-02,5.521
1999-05-03,5.52
1999-05-04,5.618799999999999
1999-05-05,5.7176
1999-05-08,6.014
1999-05-09,5.626
1999-05-10,6.192
1999-05-11,6.032
1999-05-12,5.626
1999-05-13,5.799333333333333
1999-05-14,5.972666666666667
1999-05-15,6.146
1999-05-16,6.146
1999-05-17,5.276
1999-05-18,5.265
1999-05-19,5.205
1999-05-20,5.367
1999-05-21,5.529
1999-05-22,5.691
1999-05-23,5.424
1999-05-24,5.554
1999-05-25,5.215
1999-05-26,5.302
1999-05-27,5.383333333333333
1999-05-28,5.464666666666667
1999-05-29,5.546
1999-05-30,5.591
1999-05-31,5.455
1999-06-01,5.038
1999-06-02,5.057
1999-06-03,4.971333333333334
1999-06-04,4.885666666666666
1999-06-05,4.8
1999-06-06,4.888
1999-06-07,4.925
1999-06-08,5.412
1999-06-09,5.308
1999-06-10,5.281333333333333
1999-06-11,5.254666666666666
1999-06-12,5.228
1999-06-13,5.157
1999-06-14,5.202
1999-06-15,4.795
1999-06-16,4.561
1999-06-17,4.566333333333334
1999-06-18,4.571666666666666
1999-06-19,4.577
1999-06-20,4.538
1999-06-21,4.53
1999-06-22,4.874
1999-06-23,4.887
1999-06-24,4.884333333333333
1999-06-25,4.881666666666666
1999-06-26,4.879
1999-06-27,4.9
1999-06-28,4.876
1999-06-29,4.799
1999-06-30,4.722
1999-07-01,5.203
1999-07-02,5.1305
1999-07-03,5.058
1999-07-04,4.881
1999-07-05,5.286
1999-07-06,5.303
1999-07-07,5.219
1999-07-08,5.195666666666667
1999-07-09,5.172333333333333
1999-07-10,5.149
1999-07-11,5.339
1999-07-12,5.202
1999-07-13,5.176
1999-07-14,4.99
1999-07-15,4.987666666666667
1999-07-16,4.985333333333333
1999-07-17,4.983
1999-07-18,5.015
1999-07-19,4.85
1999-07-20,4.817
1999-07-21,5.236
1999-07-22,5.393
1999-07-23,5.55
1999-07-24,5.707
1999-07-25,5.03
1999-07-26,5.697
1999-07-27,4.987
1999-07-28,5.016
1999-07-29,5.045
1999-07-31,5.103
1999-08-01,5.145
1999-08-02,5.159
1999-08-03,5.137
1999-08-04,5.059
1999-08-05,4.891
1999-08-06,4.979
1999-08-07,4.976
1999-08-08,5.036
1999-08-09,4.904
1999-08-10,4.803
1999-08-11,4.7915
1999-08-12,4.78
1999-08-13,4.533
1999-08-14,5.135
1999-08-15,4.92
1999-08-16,5.058
1999-08-17,5.047
1999-08-18,5.237
1999-08-19,5.396
1999-08-20,5.419
1999-08-21,4.946
1999-08-22,4.868
1999-08-23,5.147
1999-08-24,5.5
1999-08-25,5.056
1999-08-26,5.009
1999-08-27,5.686
1999-08-28,4.801
1999-08-29,5.325
1999-08-30,5.264
1999-08-31,4.945
1999-09-01,5.311
1999-09-02,5.317
1999-09-03,5.323
1999-09-04,5.329
1999-09-05,5.3545
1999-09-06,5.38
1999-09-07,5.434
1999-09-08,5.217
1999-09-09,5.308
1999-09-10,5.399
1999-09-11,5.49
1999-09-12,5.318
1999-09-13,5.23
1999-09-14,5.168
1999-09-15,5.185
1999-09-16,5.2
1999-09-17,5.215
1999-09-18,5.23
1999-09-19,5.134
1999-09-20,5.231
1999-09-21,5.359
1999-09-22,5.173
1999-09-23,5.231
1999-09-24,5.289000000000001
1999-09-25,5.347
1999-09-26,5.393
1999-09-27,5.333
1999-09-28,5.331
1999-09-29,5.206
1999-09-30,5.163333333333334
1999-10-01,5.120666666666667
1999-10-02,5.078
1999-10-03,5.184
1999-10-04,5.124
1999-10-05,5.084
1999-10-06,5.231
1999-10-07,5.358
1999-10-08,5.485
1999-10-09,5.612
1999-10-10,5.897
1999-10-11,5.756
1999-10-12,6.099
1999-10-13,6.147
1999-10-14,6.095
1999-10-15,6.043
1999-10-16,5.991
1999-10-17,5.726
1999-10-18,5.641
1999-10-19,5.768
1999-10-20,5.691
1999-10-21,5.789
1999-10-22,5.8870000000000005
1999-10-23,5.985
1999-10-24,5.553
1999-10-25,5.354
1999-10-26,5.351
1999-10-27,5.327
1999-10-28,5.33275
1999-10-29,5.3385
1999-10-31,5.35
1999-11-01,5.225
1999-11-02,5.233
1999-11-03,5.249
1999-11-04,5.241
1999-11-05,5.156499999999999
1999-11-06,5.072
1999-11-10,4.734
1999-11-11,4.657
1999-11-12,4.935
1999-11-13,4.766
1999-11-14,4.629
1999-11-15,4.69
1999-11-16,4.769
1999-11-17,4.779
1999-11-18,4.721
1999-11-19,4.633
1999-11-20,4.858
1999-11-21,4.83
1999-11-22,4.79
1999-11-23,4.707
1999-11-24,4.821
1999-11-25,4.719
1999-11-26,4.581
1999-11-27,4.75
1999-11-28,4.796
1999-11-29,4.728
1999-11-30,4.883
1999-12-01,4.866
1999-12-02,4.69
1999-12-03,4.828
1999-12-04,4.794
1999-12-05,4.712
1999-12-06,4.82
1999-12-07,4.849
1999-12-08,4.937
1999-12-09,4.925
1999-12-10,4.842
1999-12-11,4.898
1999-12-12,4.9405
1999-12-13,4.983
1999-12-14,5.089
1999-12-15,4.886
1999-12-16,4.927
1999-12-17,4.968
1999-12-18,4.896
1999-12-19,4.859
1999-12-20,4.822
1999-12-21,4.931
1999-12-22,4.963
1999-12-23,5.035
1999-12-24,4.971
1999-12-25,4.956
1999-12-26,4.941
1999-12-27,5.038666666666667
1999-12-28,5.136333333333333
1999-12-29,5.234
1999-12-30,7.066
1999-12-31,7.011
2000-01-01,7.002891304347826
2000-01-02,6.994782608695652
2001-01-02,4.027
2001-01-03,4.091
2001-01-04,6.017
2001-01-05,6.308
2001-01-06,6.55
2001-01-07,8.43
2001-01-08,8.765
2001-01-09,8.453
2001-01-10,8.067
2001-01-11,8.239
2001-01-12,8.072
2001-01-13,7.457
2001-01-14,7.816
2001-01-15,10.837
2001-01-16,7.99
2001-01-17,8.89
2001-01-18,7.637
2001-01-19,7.481
2001-01-20,8.381
2001-01-21,11.974
2001-01-22,10.151
2001-01-23,7.731
2001-01-24,7.752
2001-01-25,11.123
2001-01-26,11.002
2001-01-27,11.063
2001-01-28,12.212
2001-01-29,12.186
2001-01-30,12.177
2001-01-31,13.947
2001-02-01,9.008
2001-02-02,11.857
2001-02-03,11.164
2001-02-04,15.355
2001-02-05,14.774
2001-02-06,18.336
2001-02-07,18.159
2001-02-08,13.851
2001-02-09,13.544
2001-02-10,9.237
2001-02-11,16.189
2001-02-12,14.559
2001-02-13,14.449
2001-02-14,16.212
2001-02-15,16.112
2001-02-16,16.444
2001-02-17,16.929
2001-02-18,16.343
2001-02-19,11.565
2001-02-20,11.546
2001-02-21,11.019
2001-02-22,10.893
2001-02-23,11.33
2001-02-24,11.225
2001-02-25,12.393
2001-02-26,12.428
2001-02-27,12.11
2001-02-28,14.786
2001-03-01,16.419
2001-03-02,17.131
2001-03-03,17.378
2001-03-04,17.025
2001-03-05,14.264
2001-03-06,14.236
2001-03-07,12.453
2001-03-08,14.396
2001-03-09,12.58
2001-03-10,13.155
2001-03-11,12.134
2001-03-12,13.069
2001-03-13,14.004
2001-03-14,14.181
2001-03-15,12.197
2001-03-16,12.182
2001-03-17,13.085
2001-03-18,13.1985
2001-03-19,13.312
2001-03-20,15.642
2001-03-21,15.667
2001-03-22,13.745
2001-03-23,12.128
2001-03-24,11.776
2001-03-25,11.83
2001-03-26,12.338
2001-03-27,12.393
2001-03-28,11.863
2001-03-29,10.993
2001-03-30,10.166
2001-03-31,11.071
2001-04-01,9.871
2001-04-02,9.994
2001-04-03,10.7344
2001-04-04,11.4748
2001-04-07,13.696
2001-04-08,13.587
2001-04-09,13.478
2001-04-10,11.823
2001-04-11,11.555
2001-04-12,11.861
2001-04-13,11.7485
2001-04-14,11.636
2001-04-15,11.4785
2001-04-16,11.321
2001-04-17,10.034
2001-04-18,9.963
2001-04-19,9.97
2001-04-20,9.833
2001-04-21,10.256333333333334
2001-04-22,10.679666666666666
2001-04-23,11.103
2001-04-24,7.698
2001-04-25,7.371
2001-04-26,12.798
2001-04-27,10.607
2001-04-28,11.391666666666666
2001-04-29,12.176333333333334
2001-04-30,12.961
2001-05-01,12.574
2001-05-02,12.187
2001-05-03,10.287
2001-05-04,12.476
2001-05-05,12.619666666666667
2001-05-06,12.763333333333334
2001-05-07,12.907
2001-05-08,12.998
2001-05-09,12.967
2001-05-10,12.074
2001-05-11,11.284
2001-05-12,11.001
2001-05-13,10.718
2001-05-14,10.435
2001-05-15,12.977
2001-05-16,11.187
2001-05-17,11.157
2001-05-18,11.095
2001-05-19,11.170333333333334
2001-05-20,11.245666666666668
2001-05-21,11.321
2001-05-22,12.208
2001-05-23,12.785
2001-05-24,9.921
2001-05-25,10.069
2001-05-26,10.283666666666669
2001-05-27,10.498333333333331
2001-05-28,10.713
2001-05-29,10.834
2001-05-30,10.367
2001-05-31,10.359
2001-06-01,11.232
2001-06-02,10.671666666666669
2001-06-03,10.111333333333333
2001-06-04,9.551
2001-06-05,9.876
2001-06-06,10.201
2001-06-07,10.262
2001-06-08,10.257
2001-06-09,10.209
2001-06-10,10.161
2001-06-11,10.113
2001-06-12,9.302
2001-06-13,9.122
2001-06-14,8.618
2001-06-15,8.733
2001-06-16,8.658333333333333
2001-06-17,8.583666666666668
2001-06-18,8.509
2001-06-19,7.887
2001-06-20,9.113
2001-06-21,9.195
2001-06-22,8.585
2001-06-23,8.664333333333333
2001-06-24,8.743666666666668
2001-06-25,8.823
2001-06-26,3.419
2001-06-27,8.757
2001-06-28,8.615
2001-06-29,8.47
2001-06-30,8.325
2001-07-02,8.035
2001-07-03,9.205
2001-07-04,8.569
2001-07-05,9.102
2001-07-06,9.635
2001-07-07,9.145666666666669
2001-07-08,8.656333333333333
2001-07-09,8.167
2001-07-10,7.455
2001-07-11,8.546
2001-07-12,8.587
2001-07-13,8.543
2001-07-14,8.681333333333333
2001-07-15,8.819666666666667
2001-07-16,8.958
2001-07-17,8.452
2001-07-18,8.379
2001-07-19,8.952
2001-07-20,8.85675
2001-07-21,8.7615
2001-07-23,8.571
2001-07-24,8.705
2001-07-25,8.818
2001-07-26,8.369
2001-07-27,8.587
2001-07-28,8.541333333333332
2001-07-29,8.495666666666667
2001-07-30,8.45
2001-07-31,8.887
2001-08-01,8.252
2001-08-02,7.966
2001-08-03,8.727
2001-08-04,8.368
2001-08-05,8.009
2001-08-06,7.65
2001-08-07,7.705
2001-08-08,7.174
2001-08-09,7.922
2001-08-10,7.724
2001-08-11,7.841
2001-08-12,7.957999999999999
2001-08-13,8.075
2001-08-14,7.848
2001-08-15,8.022
2001-08-16,7.959
2001-08-17,7.564
2001-08-18,8.128666666666666
2001-08-19,8.693333333333333
2001-08-20,9.258
2001-08-21,9.155
2001-08-22,9.329
2001-08-23,7.344
2001-08-24,7.464
2001-08-25,7.515333333333333
2001-08-26,7.566666666666667
2001-08-27,7.618
2001-08-28,7.53
2001-08-29,7.292
2001-08-30,7.3225
2001-08-31,7.353
2001-09-01,7.478
2001-09-02,7.603
2001-09-03,7.728
2001-09-04,6.76
2001-09-05,7.243
2001-09-06,7.272
2001-09-07,7.301
2001-09-08,7.967333333333333
2001-09-09,8.633666666666667
2001-09-10,9.3
2001-09-11,9.142
2001-09-12,8.309
2001-09-13,8.099
2001-09-14,7.344
2001-09-15,7.224
2001-09-16,7.104
2001-09-17,6.984
2001-09-18,6.959
2001-09-19,6.849
2001-09-20,6.747
2001-09-21,6.915
2001-09-22,6.935
2001-09-23,6.955
2001-09-24,6.975
2001-09-25,7.054
2001-09-26,6.821
2001-09-27,7.405
2001-09-28,7.377
2001-09-29,7.342
2001-09-30,7.307
2001-10-01,7.272
2001-10-02,8.003
2001-10-03,7.921
2001-10-04,7.5735
2001-10-05,7.226
2001-10-06,7.971333333333333
2001-10-07,8.716666666666667
2001-10-08,9.462
2001-10-09,7.863
2001-10-10,7.781
2001-10-11,7.594
2001-10-12,8.201
2001-10-13,7.829333333333333
2001-10-14,7.457666666666667
2001-10-15,7.086
2001-10-16,7.009
2001-10-17,7.016
2001-10-18,7.1995000000000005
2001-10-19,7.383
2001-10-20,7.387666666666667
2001-10-21,7.392333333333333
2001-10-22,7.397
2001-10-23,7.214
2001-10-24,6.511
2001-10-25,7.815
2001-10-26,7.843
2001-10-27,7.589333333333333
2001-10-28,7.335666666666667
2001-10-29,7.082
2001-10-30,6.949
2001-10-31,6.964
2001-11-01,6.9305
2001-11-02,6.897
2001-11-03,6.910333333333334
2001-11-04,6.923666666666667
2001-11-05,6.937
2001-11-06,6.962
2001-11-07,7.004
2001-11-08,6.86
2001-11-09,7.316
2001-11-10,7.308
2001-11-11,7.3
2001-11-12,7.292
2001-11-13,7.274
2001-11-14,7.299
2001-11-15,7.272
2001-11-16,7.414
2001-11-17,7.242666666666667
2001-11-18,7.0713333333333335
2001-11-19,6.9
2001-11-20,6.748
2001-11-21,6.798
2001-11-22,6.754
2001-11-23,7.913
2001-11-24,7.776333333333333
2001-11-25,7.639666666666667
2001-11-26,7.503
2001-11-27,7.385
2001-11-28,6.198
2001-11-29,6.35
2001-11-30,7.376
2001-12-01,7.226
2001-12-02,7.0760000000000005
2001-12-03,6.926
2001-12-04,6.907
2001-12-05,7.65
2001-12-06,7.514
2001-12-07,6.881
2001-12-08,7.141333333333334
2001-12-09,7.401666666666666
2001-12-10,7.662
2001-12-11,7.58
2001-12-12,7.571
2001-12-13,7.655
2001-12-14,7.841
2001-12-15,7.945666666666667
2001-12-16,8.050333333333333
2001-12-17,8.155
2001-12-18,8.127
2001-12-19,8.245
2001-12-20,7.461
2001-12-21,6.862
2001-12-22,7.084666666666667
2001-12-23,7.307333333333333
2001-12-24,7.53
2001-12-25,7.503500000000001
2001-12-26,7.477
2001-12-27,7.247
2001-12-28,7.598
2001-12-29,7.5696
2001-12-30,7.5412
2002-01-02,7.456
2002-01-03,7.355
2002-01-04,7.223
2002-01-05,7.309
2002-01-06,7.395
2002-01-07,7.481
2002-01-08,7.352571428571428
2002-01-09,7.224142857142857
2002-01-14,6.582
2002-01-15,7.333
2002-01-16,7.525
2002-01-17,7.207
2002-01-18,7.141
2002-01-19,7.445333333333333
2002-01-20,7.749666666666667
2002-01-21,8.054
2002-01-22,7.728
2002-01-23,7.259
2002-01-24,7.823
2002-01-25,7.416
2002-01-26,8.153
2002-01-27,8.125
2002-01-28,10.177
2002-01-29,9.303
2002-01-30,11.252
2002-01-31,11.361
2002-02-01,14.686
2002-02-02,13.553
2002-02-03,13.138
2002-02-04,14.903
2002-02-05,15.378
2002-02-06,15.927
2002-02-07,15.792
2002-02-08,14.971
2002-02-09,12.902
2002-02-10,14.565
2002-02-11,14.806
2002-02-12,13.559
2002-02-13,18.393
2002-02-14,15.768
2002-02-15,12.895
2002-02-16,14.678
2002-02-17,16.567
2002-02-18,12.451
2002-02-19,12.399
2002-02-20,10.989
2002-02-21,11.436
2002-02-22,8.793
2002-02-23,8.971
2002-02-24,12.026
2002-02-25,12.432
2002-02-26,16.013
2002-02-27,10.975
2002-02-28,13.038
2002-03-01,13.418
2002-03-02,18.523
2002-03-03,19.1265
2002-03-04,19.73
2002-03-05,14.89
2002-03-06,15.628
2002-03-07,13.688
2002-03-08,11.747
2002-03-09,21.338
2002-03-10,17.513
2002-03-11,16.753
2002-03-12,15.861
2002-03-13,15.897
2002-03-14,14.218
2002-03-15,13.972
2002-03-16,12.119
2002-03-17,12.196
2002-03-18,11.518
2002-03-19,11.535
2002-03-20,13.115
2002-03-21,8.846
2002-03-22,9.734
2002-03-23,9.658
2002-03-24,13.417
2002-03-25,12.044
2002-03-26,13.162
2002-03-27,9.282
2002-03-28,9.256666666666666
2002-03-29,9.231333333333334
2002-03-30,9.206
2002-03-31,9.135
2002-04-01,7.735
2002-04-02,7.641
2002-04-03,8.09
2002-04-04,8.714444444444444
2002-04-05,9.338888888888889
2002-04-12,13.71
2002-04-13,12.675
2002-04-14,10.222
2002-04-15,9.94
2002-04-16,11.278
2002-04-17,12.913
2002-04-18,11.684
2002-04-19,11.406
2002-04-20,10.753
2002-04-21,13.729
2002-04-22,17.986
2002-04-23,18.013
2002-04-24,15.698
2002-04-25,13.997
2002-04-26,15.093
2002-04-27,9.809
2002-04-28,13.197
2002-04-29,11.425
2002-04-30,12.17
2002-05-01,12.1555
2002-05-02,12.141
2002-05-03,11.369
2002-05-04,11.666
2002-05-05,11.963
2002-05-06,12.26
2002-05-07,9.756
2002-05-08,9.557333333333334
2002-05-09,9.358666666666666
2002-05-10,9.16
2002-05-11,9.567666666666666
2002-05-12,9.975333333333332
2002-05-13,10.383
2002-05-14,9.167
2002-05-15,11.44
2002-05-16,9.616
2002-05-17,9.592
2002-05-18,8.518
2002-05-19,7.444000000000001
2002-05-20,6.37
2002-05-21,7.345
2002-05-22,6.678
2002-05-23,6.115
2002-05-24,5.959
2002-05-25,5.857666666666667
2002-05-26,5.756333333333333
2002-05-27,5.655
2002-05-28,5.421
2002-05-29,5.461
2002-05-30,6.974
2002-05-31,7.082
2002-06-01,6.980333333333333
2002-06-02,6.878666666666667
2002-06-03,6.777
2002-06-04,6.001
2002-06-05,5.919
2002-06-06,6.872
2002-06-07,6.88
2002-06-08,6.667666666666666
2002-06-09,6.455333333333334
2002-06-10,6.243
2002-06-11,5.252
2002-06-12,6.223
2002-06-13,6.871
2002-06-14,6.865
2002-06-15,6.994666666666666
2002-06-16,7.124333333333333
2002-06-17,7.254
2002-06-18,6.984
2002-06-19,6.677
2002-06-20,6.694
2002-06-21,6.72
2002-06-22,6.257333333333333
2002-06-23,5.794666666666666
2002-06-24,5.332
2002-06-25,4.895
2002-06-26,4.96
2002-06-27,5.075
2002-06-28,5.337
2002-06-29,5.384333333333333
2002-06-30,5.431666666666667
2002-07-01,5.479
2002-07-02,3.797
2002-07-03,4.672
2002-07-04,5.382
2002-07-05,5.571
2002-07-06,5.555
2002-07-07,5.539
2002-07-08,5.523
2002-07-09,5.247
2002-07-10,5.693
2002-07-11,6.736
2002-07-12,6.729
2002-07-13,6.642
2002-07-14,6.555
2002-07-15,6.468
2002-07-16,5.467
2002-07-17,5.042
2002-07-18,5.097
2002-07-19,5.09
2002-07-20,5.083666666666667
2002-07-21,5.077333333333333
2002-07-22,5.071
2002-07-23,5.611
2002-07-24,5.597
2002-07-25,5.242
2002-07-26,5.257
2002-07-27,5.28425
2002-07-28,5.3115
2002-07-30,5.366
2002-07-31,5.4385
2002-08-01,5.511
2002-08-02,4.675
2002-08-03,4.2236666666666665
2002-08-04,3.7723333333333335
2002-08-05,3.321
2002-08-06,5.429
2002-08-07,4.926
2002-08-08,5.458
2002-08-09,5.478
2002-08-10,5.367999999999999
2002-08-11,5.258
2002-08-12,5.148
2002-08-13,5.068
2002-08-14,5.501
2002-08-15,5.303
2002-08-16,5.323
2002-08-17,5.382333333333333
2002-08-18,5.441666666666667
2002-08-19,5.501
2002-08-20,5.193
2002-08-21,5.297
2002-08-22,5.122
2002-08-23,5.135
2002-08-24,5.107
2002-08-25,5.079
2002-08-26,5.051
2002-08-27,5.293
2002-08-28,5.307
2002-08-29,5.423
2002-08-30,5.4225
2002-08-31,5.422000000000001
2002-09-02,5.421
2002-09-03,5.3
2002-09-04,5.037
2002-09-05,4.739
2002-09-06,4.73
2002-09-07,5.017333333333333
2002-09-08,5.304666666666667
2002-09-09,5.592
2002-09-10,5.354
2002-09-11,5.396
2002-09-12,5.23
2002-09-13,5.529
2002-09-14,5.530666666666667
2002-09-15,5.532333333333333
2002-09-16,5.534
2002-09-17,5.205
2002-09-18,5.18
2002-09-19,5.18
2002-09-20,5.064
2002-09-21,5.172
2002-09-22,5.28
2002-09-23,5.388
2002-09-24,5.407
2002-09-25,5.41175
2002-09-26,5.4165
2002-10-02,5.445
2002-10-03,4.769
2002-10-04,5.697
2002-10-05,5.5440000000000005
2002-10-06,5.391
2002-10-07,5.238
2002-10-08,5.173
2002-10-09,5.108
2002-10-10,5.5
2002-10-11,5.111
2002-10-12,5.2396666666666665
2002-10-13,5.368333333333333
2002-10-14,5.497
2002-10-15,5.476
2002-10-16,5.295
2002-10-17,5.405
2002-10-18,5.769
2002-10-19,5.307666666666667
2002-10-20,4.846333333333333
2002-10-21,4.385
2002-10-22,4.346
2002-10-23,5.314
2002-10-24,5.148
2002-10-25,5.162
2002-10-26,5.314333333333333
2002-10-27,5.466666666666667
2002-10-28,5.619
2002-10-29,6.226
2002-10-30,5.706
2002-10-31,5.052
2002-11-01,5.117166666666666
2002-11-02,5.182333333333333
2002-11-06,5.443
2002-11-07,5.419
2002-11-08,5.215
2002-11-09,5.306333333333333
2002-11-10,5.397666666666667
2002-11-11,5.489
2002-11-12,5.668
2002-11-13,5.596
2002-11-14,4.936
2002-11-15,5.138
2002-11-16,5.375666666666667
2002-11-17,5.613333333333333
2002-11-18,5.851
2002-11-19,5.612
2002-11-20,5.749
2002-11-21,6.236
2002-11-22,6.809
2002-11-23,6.792333333333334
2002-11-24,6.775666666666667
2002-11-25,6.759
2002-11-26,6.156
2002-11-27,5.926
2002-11-28,5.792
2002-11-29,6.675
2002-11-30,7.797000000000001
2002-12-01,8.919
2002-12-02,7.581
2002-12-03,7.259
2002-12-04,6.876666666666667
2002-12-05,6.4943333333333335
2002-12-06,6.112
2002-12-07,6.284
2002-12-08,6.743
2002-12-09,6.246
2002-12-10,8.645
2002-12-11,9.371
2002-12-12,9.692
2002-12-13,7.026
2002-12-14,6.202
2002-12-15,6.781
2002-12-16,7.384
2002-12-17,9.164
2002-12-18,8.273
2002-12-19,7.382
2002-12-20,6.491
2002-12-21,6.55
2002-12-22,6.399
2002-12-23,5.305
2002-12-24,6.763
2002-12-25,8.2415
2002-12-26,9.72
2002-12-27,10.953
2002-12-28,11.023
2002-12-29,7.159
2002-12-30,11.831
2002-12-31,13.837
2003-01-01,10.349
2003-01-02,6.861
2003-01-03,7.46
2003-01-04,7.37
2003-01-05,7.289
2003-01-06,6.24
2003-01-07,6.360333333333333
2003-01-08,6.480666666666667
2003-01-09,6.601
2003-01-10,6.104
2003-01-11,6.17
2003-01-12,6.27
2003-01-13,6.27
2003-01-14,6.3726666666666665
2003-01-15,6.475333333333333
2003-01-16,6.578
2003-01-17,6.648
2003-01-18,6.685
2003-01-19,5.786
2003-01-20,6.117
2003-01-21,6.344
2003-01-22,6.571
2003-01-23,6.798
2003-01-24,6.719
2003-01-25,6.438000000000001
2003-01-26,6.157
2003-01-27,6.134
2003-01-28,6.556333333333334
2003-01-29,6.978666666666666
2003-01-30,7.401
2003-01-31,7.411
2003-02-01,7.8148
2003-02-02,8.2186
2003-02-05,9.43
2003-02-06,9.208
2003-02-07,7.33
2003-02-08,7.339
2003-02-09,7.23
2003-02-10,7.315
2003-02-11,9.116
2003-02-12,11.656
2003-02-13,11.005
2003-02-14,9.349
2003-02-15,9.12
2003-02-16,8.168
2003-02-17,10.52
2003-02-18,10.698
2003-02-19,9.654
2003-02-20,10.783
2003-02-21,10.881
2003-02-22,7.729
2003-02-23,10.189
2003-02-24,12.391
2003-02-25,10.737
2003-02-26,10.771
2003-02-27,9.701
2003-02-28,10.107
2003-03-01,8.753
2003-03-02,8.738
2003-03-03,8.723
2003-03-04,8.396
2003-03-05,9.349
2003-03-06,9.487
2003-03-07,9.527
2003-03-08,9.075
2003-03-09,8.632
2003-03-10,9.109
2003-03-11,9.13
2003-03-12,8.214
2003-03-13,7.777
2003-03-14,8.824
2003-03-15,8.374
2003-03-16,8.342
2003-03-17,8.393
2003-03-18,8.444
2003-03-19,10.259
2003-03-20,10.339
2003-03-21,8.437
2003-03-22,8.43
2003-03-23,9.595
2003-03-24,10.401
2003-03-25,9.073
2003-03-26,8.548
2003-03-27,9.688
2003-03-28,9.405
2003-03-29,9.437
2003-03-30,10.718
2003-03-31,10.962
2003-04-01,9.633
2003-04-02,10.234
2003-04-03,10.473
2003-04-04,10.366
2003-04-05,9.65
2003-04-06,8.934
2003-04-07,8.218
2003-04-08,7.375
2003-04-09,7.342
2003-04-10,7.643
2003-04-11,7.402
2003-04-12,7.398666666666667
2003-04-13,7.395333333333333
2003-04-14,7.392
2003-04-15,6.798
2003-04-16,6.818
2003-04-17,6.917
2003-04-18,6.88575
2003-04-19,6.8545
2003-04-21,6.792
2003-04-22,6.829
2003-04-23,6.78
2003-04-24,7.334
2003-04-25,7.128
2003-04-26,7.1466666666666665
2003-04-27,7.165333333333334
2003-04-28,7.184
2003-04-29,7.709
2003-04-30,7.812
2003-05-01,7.6425
2003-05-02,7.473
2003-05-03,7.466666666666667
2003-05-04,7.460333333333333
2003-05-05,7.454
2003-05-06,7.114
2003-05-07,7.126
2003-05-08,6.451
2003-05-09,6.442
2003-05-10,6.515666666666667
2003-05-11,6.589333333333333
2003-05-12,6.663
2003-05-13,6.678
2003-05-14,7.172
2003-05-15,6.493
2003-05-16,6.642
2003-05-17,6.766333333333334
2003-05-18,6.890666666666666
2003-05-19,7.015
2003-05-20,7.015
2003-05-21,6.78
2003-05-22,6.62
2003-05-23,6.449
2003-05-24,6.435333333333333
2003-05-25,6.421666666666667
2003-05-26,6.408
2003-05-27,6.445
2003-05-28,6.834
2003-05-29,6.522
2003-05-30,6.53
2003-05-31,6.4286666666666665
2003-06-01,6.327333333333334
2003-06-02,6.226
2003-06-03,6.321
2003-06-04,5.876
2003-06-05,6.706
2003-06-06,6.725
2003-06-07,6.745
2003-06-08,6.765
2003-06-09,6.785
2003-06-10,6.892
2003-06-11,6.653
2003-06-12,7.16
2003-06-13,6.637
2003-06-14,6.6466666666666665
2003-06-15,6.656333333333333
2003-06-16,6.666
2003-06-17,6.77
2003-06-18,6.424
2003-06-19,6.415
2003-06-20,6.566
2003-06-21,6.484666666666667
2003-06-22,6.403333333333333
2003-06-23,6.322
2003-06-24,6.276
2003-06-25,6.482
2003-06-26,6.62
2003-06-27,6.689
2003-06-28,6.726666666666667
2003-06-29,6.764333333333333
2003-06-30,6.802
2003-07-01,7.104
2003-07-02,6.816
2003-07-03,6.543
2003-07-04,6.585
2003-07-05,6.581666666666667
2003-07-06,6.578333333333333
2003-07-07,6.575
2003-07-08,6.686
2003-07-09,7.033
2003-07-10,6.939
2003-07-11,6.971
2003-07-12,6.855333333333333
2003-07-13,6.7396666666666665
2003-07-14,6.624
2003-07-15,6.658
2003-07-16,6.986
2003-07-17,6.961
2003-07-18,6.745
2003-07-19,6.716333333333333
2003-07-20,6.687666666666667
2003-07-21,6.659
2003-07-22,6.82
2003-07-23,6.717
2003-07-24,6.968
2003-07-25,6.796
2003-07-26,6.788
2003-07-27,6.78
2003-07-30,6.756
2003-07-31,6.802
2003-08-01,6.448
2003-08-02,6.547666666666667
2003-08-03,6.647333333333333
2003-08-04,6.747
2003-08-05,6.811
2003-08-06,6.715
2003-08-07,6.774
2003-08-08,6.737
2003-08-09,6.782666666666667
2003-08-10,6.828333333333333
2003-08-11,6.874
2003-08-12,6.661
2003-08-13,7.147
2003-08-14,7.046
2003-08-15,6.586
2003-08-16,6.6353333333333335
2003-08-17,6.684666666666667
2003-08-18,6.734
2003-08-19,6.904
2003-08-20,6.728
2003-08-21,6.68
2003-08-22,6.679
2003-08-23,6.749666666666667
2003-08-24,6.820333333333333
2003-08-25,6.891
2003-08-26,6.511
2003-08-27,7.004
2003-08-28,6.79
2003-08-29,6.824
2003-08-30,6.792052631578947
2003-08-31,6.760105263157895
2003-10-06,5.61
2003-10-07,6.033
2003-10-08,6.2465
2003-10-09,6.46
2003-10-10,6.558
2003-10-11,6.613
2003-10-12,6.668
2003-10-13,6.723
2003-10-14,6.833
2003-10-15,6.879
2003-10-16,6.893
2003-10-17,6.791
2003-10-18,6.796333333333334
2003-10-19,6.801666666666667
2003-10-20,6.807
2003-10-21,6.684
2003-10-22,6.183
2003-10-23,6.397
2003-10-24,6.495
2003-10-25,6.387333333333333
2003-10-26,6.2796666666666665
2003-10-27,6.172
2003-10-28,6.268
2003-10-29,6.516
2003-10-30,6.799
2003-10-31,6.221
2003-11-01,6.311
2003-11-02,6.401
2003-11-03,6.491
2003-11-04,6.458
2003-11-05,6.575
2003-11-06,6.302
2003-11-07,6.34
2003-11-08,6.402666666666667
2003-11-09,6.465333333333333
2003-11-10,6.528
2003-11-11,6.444
2003-11-12,6.661
2003-11-13,6.548
2003-11-14,6.326
2003-11-15,6.342333333333333
2003-11-16,6.358666666666666
2003-11-17,6.375
2003-11-18,6.354
2003-11-19,6.238
2003-11-20,6.401
2003-11-21,6.748
2003-11-22,6.596
2003-11-23,6.444
2003-11-24,6.292
2003-11-25,6.386
2003-11-26,6.542
2003-11-27,6.482
2003-11-28,6.573
2003-11-29,6.604571428571429
2003-11-30,6.636142857142858
2004-01-02,7.678
2004-01-03,8.151
2004-01-04,8.623999999999999
2004-01-05,9.097
2004-01-06,8.65
2004-01-07,9.059
2004-01-08,10.377
2004-01-09,9.164
2004-01-10,7.762
2004-01-11,7.294
2004-01-12,8.2
2004-01-13,7.993
2004-01-14,7.848
2004-01-15,7.172
2004-01-16,7.677
2004-01-17,8.407
2004-01-18,7.145
2004-01-19,7.202
2004-01-20,6.769
2004-01-21,6.782
2004-01-22,7.577
2004-01-23,6.532
2004-01-24,7.141
2004-01-25,7.973
2004-01-26,8.965
2004-01-27,10.415
2004-01-28,9.753
2004-01-29,9.285
2004-01-30,9.367
2004-01-31,9.881
2004-02-01,8.013
2004-02-02,7.901
2004-02-03,7.999
2004-02-04,8.011
2004-02-05,9.4715
2004-02-06,10.932
2004-02-07,11.953
2004-02-08,11.361
2004-02-09,8.129
2004-02-10,15.474
2004-02-11,17.309
2004-02-12,4.786
2004-02-13,8.267
2004-02-14,7.065
2004-02-15,7.322
2004-02-16,6.788
2004-02-17,6.355
2004-02-18,6.353
2004-02-19,6.374
2004-02-20,5.806
2004-02-21,5.947
2004-02-22,6.188
2004-02-23,5.52
2004-02-24,5.624
2004-02-25,5.324
2004-02-26,5.369
2004-02-27,5.631
2004-02-28,5.554
2004-02-29,5.676
2004-03-01,5.884
2004-03-02,5.887
2004-03-03,5.362
2004-03-04,5.703
2004-03-05,5.726
2004-03-06,5.492
2004-03-07,5.258
2004-03-08,5.024
2004-03-09,5.013
2004-03-10,5.064
2004-03-11,6.357
2004-03-12,6.168
2004-03-13,6.754
2004-03-14,6.781
2004-03-15,6.275
2004-03-16,6.119
2004-03-17,7.169
2004-03-18,6.59
2004-03-19,6.265
2004-03-20,6.46
2004-03-21,7.677
2004-03-22,9.316
2004-03-23,9.539
2004-03-24,10.835
2004-03-25,9.808
2004-03-26,8.676
2004-03-27,8.6
2004-03-28,7.464
2004-03-29,7.416
2004-03-30,7.981
2004-03-31,8.472
2004-04-01,7.621
2004-04-02,8.549
2004-04-03,7.343
2004-04-04,7.406
2004-04-05,11.136
2004-04-06,8.407
2004-04-07,7.553
2004-04-08,7.564333333333333
2004-04-09,7.575666666666667
2004-04-10,7.587
2004-04-11,7.282999999999999
2004-04-12,6.979
2004-04-13,6.731
2004-04-14,6.713
2004-04-15,6.527
2004-04-16,6.205
2004-04-17,6.29
2004-04-18,6.375
2004-04-19,6.46
2004-04-20,6.526
2004-04-21,6.326
2004-04-22,6.87
2004-04-23,6.499
2004-04-24,6.561999999999999
2004-04-25,6.625
2004-04-26,6.688
2004-04-27,6.276
2004-04-28,6.2
2004-04-29,6.281
2004-04-30,6.311
2004-05-01,6.256666666666667
2004-05-02,6.202333333333333
2004-05-03,6.148
2004-05-04,5.966
2004-05-05,6.036
2004-05-06,6.085
2004-05-07,6.355
2004-05-08,6.213
2004-05-09,6.071000000000001
2004-05-10,5.929
2004-05-11,5.922
2004-05-12,5.995
2004-05-13,5.539
2004-05-14,5.824
2004-05-15,5.805
2004-05-16,5.7860000000000005
2004-05-17,5.767
2004-05-18,5.731
2004-05-19,5.871
2004-05-20,5.268
2004-05-21,5.131
2004-05-22,5.23
2004-05-23,5.329
2004-05-24,5.428
2004-05-25,5.72
2004-05-26,4.78
2004-05-27,5.441
2004-05-28,4.922
2004-05-29,5.130333333333333
2004-05-30,5.338666666666667
2004-05-31,5.547
2004-06-01,5.35
2004-06-02,5.053
2004-06-03,5.033
2004-06-04,5.115
2004-06-05,5.254
2004-06-06,5.393
2004-06-07,5.532
2004-06-08,5.238
2004-06-09,4.773
2004-06-10,4.831
2004-06-11,5.19
2004-06-12,5.319333333333334
2004-06-13,5.448666666666667
2004-06-14,5.578
2004-06-15,5.306
2004-06-16,5.36
2004-06-17,5.3
2004-06-18,5.45
2004-06-19,5.333
2004-06-20,5.216
2004-06-21,5.099
2004-06-22,5.472
2004-06-23,5.335
2004-06-24,5.183
2004-06-25,5.031
2004-06-26,5.027
2004-06-27,5.023
2004-06-28,5.019
2004-06-29,5.437
2004-06-30,5.367
2004-07-01,5.324
2004-07-02,5.488
2004-07-03,5.598333333333334
2004-07-04,5.708666666666667
2004-07-05,5.819
2004-07-06,6.039
2004-07-07,5.434
2004-07-08,5.4625
2004-07-09,5.491
2004-07-10,5.482666666666667
2004-07-11,5.474333333333333
2004-07-12,5.466
2004-07-13,4.969
2004-07-14,5.345
2004-07-15,5.271
2004-07-16,5.286
2004-07-17,5.325333333333333
2004-07-18,5.3646666666666665
2004-07-19,5.404
2004-07-20,5.639
2004-07-21,5.901
2004-07-22,5.521
2004-07-23,5.779
2004-07-24,5.765666666666666
2004-07-25,5.7523333333333335
2004-07-26,5.739
2004-07-27,5.737
2004-07-28,5.624666666666667
2004-07-29,5.512333333333333
2004-07-30,5.4
2004-07-31,5.444
2004-08-01,5.488
2004-08-02,5.532
2004-08-03,5.52825
2004-08-04,5.5245
2004-08-06,5.517
2004-08-07,5.418
2004-08-08,5.618
2004-08-09,5.656
2004-08-10,5.497
2004-08-11,5.34
2004-08-12,6.434
2004-08-13,6.44
2004-08-14,6.349333333333334
2004-08-15,6.258666666666667
2004-08-16,6.168
2004-08-17,5.976
2004-08-18,5.973
2004-08-19,5.903
2004-08-20,5.819
2004-08-21,5.868
2004-08-22,5.917
2004-08-23,5.966
2004-08-24,5.939
2004-08-25,6.072
2004-08-26,6.178
2004-08-27,5.85
2004-08-28,5.82375
2004-08-29,5.797499999999999
2004-08-31,5.745
2004-09-01,6.036
2004-09-02,5.925
2004-09-03,5.615
2004-09-04,5.55
2004-09-05,5.485
2004-09-06,5.42
2004-09-07,5.674
2004-09-08,5.688
2004-09-09,5.7925
2004-09-10,5.897
2004-09-11,5.827
2004-09-12,5.757000000000001
2004-09-13,5.687
2004-09-14,5.592
2004-09-15,5.352
2004-09-16,5.452
2004-09-17,5.321
2004-09-18,5.492999999999999
2004-09-19,5.665
2004-09-20,5.837
2004-09-21,6.057
2004-09-22,5.717
2004-09-23,5.756
2004-09-24,6.058
2004-09-25,5.868666666666667
2004-09-26,5.679333333333333
2004-09-27,5.49
2004-09-28,5.86
2004-09-29,5.902
2004-09-30,6.016
2004-10-01,5.909
2004-10-02,5.87
2004-10-03,5.831
2004-10-04,5.792
2004-10-05,5.813
2004-10-06,5.568
2004-10-07,5.69
2004-10-08,5.7115
2004-10-09,5.7330000000000005
2004-10-11,5.776
2004-10-12,5.691
2004-10-13,5.607
2004-10-14,5.217
2004-10-15,5.758
2004-10-16,5.697666666666667
2004-10-17,5.637333333333333
2004-10-18,5.577
2004-10-19,5.435
2004-10-20,5.607
2004-10-21,5.523
2004-10-22,5.643
2004-10-23,5.6226666666666665
2004-10-24,5.602333333333333
2004-10-25,5.582
2004-10-26,5.674
2004-10-27,5.681
2004-10-28,5.66
2004-10-29,5.636
2004-10-30,5.64675
2004-10-31,5.657500000000001
2004-11-02,5.679
2004-11-03,5.674
2004-11-04,5.733
2004-11-05,5.633
2004-11-06,5.687
2004-11-07,5.82
2004-11-08,5.555
2004-11-09,5.669
2004-11-10,5.454
2004-11-11,5.355
2004-11-12,5.19
2004-11-13,5.665
2004-11-14,5.724
2004-11-15,5.698
2004-11-16,5.581
2004-11-17,5.682
2004-11-18,5.538
2004-11-19,5.793
2004-11-20,5.945
2004-11-21,5.8885000000000005
2004-11-22,5.832
2004-11-23,5.925
2004-11-24,5.491
2004-11-25,5.741
2004-11-26,5.777
2004-11-27,5.928
2004-11-28,5.857
2004-11-29,5.565
2004-11-30,5.582
2004-12-01,5.539
2004-12-02,5.496
2004-12-03,5.453
2004-12-04,5.495
2004-12-05,5.511
2004-12-06,5.493
2004-12-07,5.409
2004-12-08,5.62
2004-12-09,5.789
2004-12-10,5.735
2004-12-11,5.431
2004-12-12,5.559
2004-12-13,6.07
2004-12-14,6.257
2004-12-15,5.837
2004-12-16,5.598
2004-12-17,5.669
2004-12-18,5.62
2004-12-19,5.5185
2004-12-20,5.417
2004-12-21,5.697
2004-12-22,5.663
2004-12-23,5.689
2004-12-24,5.481
2004-12-25,5.5085
2004-12-26,5.536
2004-12-27,5.733
2004-12-28,5.789
2004-12-29,5.431
2004-12-30,5.769
2004-12-31,5.838
2005-01-01,5.522
2005-01-02,5.206
2005-01-03,5.329
2005-01-04,5.593
2005-01-05,5.705
2005-01-06,5.718500000000001
2005-01-07,5.732
2005-01-08,5.782
2005-01-09,5.675
2005-01-10,6.59
2005-01-11,9.166
2005-01-12,9.973
2005-01-13,9.513
2005-01-14,9.179
2005-01-15,8.503
2005-01-16,6.612
2005-01-17,6.636
2005-01-18,6.701
2005-01-19,6.627
2005-01-20,8.672
2005-01-21,8.565
2005-01-22,7.403
2005-01-23,6.579
2005-01-24,6.269
2005-01-25,6.163
2005-01-26,5.825
2005-01-27,5.801
2005-01-28,5.803
2005-01-29,6.043
2005-01-30,6.283
2005-02-02,7.003
2005-02-03,5.881
2005-02-04,7.153
2005-02-05,8.371
2005-02-06,8.217
2005-02-07,6.915
2005-02-08,6.958
2005-02-09,7.031
2005-02-10,7.2
2005-02-11,7.042
2005-02-12,6.905
2005-02-13,6.572
2005-02-14,6.563
2005-02-15,5.885
2005-02-16,5.81
2005-02-17,5.847
2005-02-18,7.991
2005-02-19,9.583
2005-02-20,10.08
2005-02-21,9.635
2005-02-22,10.31
2005-02-23,8.952
2005-02-24,8.8
2005-02-25,8.363
2005-02-26,8.286
2005-02-27,6.768
2005-02-28,6.605
2005-03-01,6.356
2005-03-02,6.288
2005-03-03,5.43
2005-03-04,6.263
2005-03-05,6.054
2005-03-06,6.183
2005-03-07,5.744
2005-03-08,5.265
2005-03-09,6.211
2005-03-10,7.845
2005-03-11,9.352
2005-03-12,10.11
2005-03-13,6.868
2005-03-14,7.329
2005-03-15,7.275
2005-03-16,6.326
2005-03-17,5.856
2005-03-18,5.837
2005-03-19,5.821
2005-03-20,5.909
2005-03-21,6.074
2005-03-22,5.713
2005-03-23,8.072
2005-03-24,7.749
2005-03-25,7.901999999999999
2005-03-26,8.055
2005-03-27,8.078
2005-03-28,8.014
2005-03-29,8.142
2005-03-30,8.163
2005-03-31,8.549
2005-04-01,7.009
2005-04-02,7.03
2005-04-03,7.152
2005-04-04,7.1374
2005-04-05,7.1228
2005-04-08,7.079
2005-04-09,7.069
2005-04-10,6.964
2005-04-11,7.91
2005-04-12,9.113
2005-04-13,9.808
2005-04-14,9.008
2005-04-15,7.787
2005-04-16,7.83
2005-04-17,7.262
2005-04-18,6.288
2005-04-19,6.319
2005-04-20,5.7
2005-04-21,6.935
2005-04-22,6.674
2005-04-23,5.578
2005-04-24,5.804
2005-04-25,6.03
2005-04-26,6.011
2005-04-27,6.046
2005-04-28,5.244
2005-04-29,5.707
2005-04-30,5.343
2005-05-01,5.334
2005-05-02,5.325
2005-05-03,5.885
2005-05-04,5.294
2005-05-05,5.378
2005-05-06,5.251
2005-05-07,5.148
2005-05-08,5.023
2005-05-09,5.078
2005-05-10,5.158
2005-05-11,5.214
2005-05-12,4.988
2005-05-13,5.212
2005-05-14,5.426
2005-05-15,5.294
2005-05-16,5.251
2005-05-17,5.227
2005-05-18,5.195
2005-05-19,4.833
2005-05-20,4.968
2005-05-21,4.9975000000000005
2005-05-22,5.027
2005-05-23,5.063
2005-05-24,5.046
2005-05-25,5.398
2005-05-26,5.122
2005-05-27,4.928
2005-05-28,5.093
2005-05-29,5.091
2005-05-30,5.179
2005-05-31,5.445
2005-06-01,5.015
2005-06-02,5.084
2005-06-03,5.084
2005-06-04,5.064333333333333
2005-06-05,5.044666666666667
2005-06-06,5.025
2005-06-07,5.339
2005-06-08,5.313
2005-06-09,5.019
2005-06-10,5.163
2005-06-11,5.173666666666667
2005-06-12,5.184333333333334
2005-06-13,5.195
2005-06-14,5.038
2005-06-15,5.178
2005-06-16,4.965
2005-06-17,5.024
2005-06-18,5.09
2005-06-19,5.156000000000001
2005-06-20,5.222
2005-06-21,5.207
2005-06-22,5.064
2005-06-23,4.934
2005-06-24,5.091
2005-06-25,5.069333333333334
2005-06-26,5.047666666666666
2005-06-27,5.026
2005-06-28,5.029
2005-06-29,5.034
2005-06-30,5.006
2005-07-01,5.066
2005-07-02,5.0776666666666666
2005-07-03,5.089333333333333
2005-07-04,5.101
2005-07-05,5.09675
2005-07-06,5.092499999999999
2005-07-08,5.084
2005-07-09,5.0776666666666666
2005-07-10,5.0713333333333335
2005-07-11,5.065
2005-07-12,5.187
2005-07-13,5.033
2005-07-14,5.017
2005-07-15,5.076
2005-07-16,5.117333333333333
2005-07-17,5.158666666666667
2005-07-18,5.2
2005-07-19,5.193
2005-07-20,5.149
2005-07-21,5.126
2005-07-22,4.977
2005-07-23,5.015333333333333
2005-07-24,5.0536666666666665
2005-07-25,5.092
2005-07-26,5.195
2005-07-27,5.09
2005-07-28,5.1222
2005-07-29,5.1544
2005-08-01,5.251
2005-08-02,5.421
2005-08-03,5.321
2005-08-04,5.151
2005-08-05,5.186
2005-08-06,5.174666666666667
2005-08-07,5.163333333333333
2005-08-08,5.152
2005-08-09,5.049
2005-08-10,5.094
2005-08-11,5.104
2005-08-12,5.088
2005-08-13,5.084666666666667
2005-08-14,5.081333333333333
2005-08-15,5.078
2005-08-16,5.127
2005-08-17,5.199
2005-08-18,5.17
2005-08-19,5.297
2005-08-20,5.236666666666666
2005-08-21,5.176333333333333
2005-08-22,5.116
2005-08-23,5.364
2005-08-24,5.024
2005-08-25,5.108
2005-08-26,5.08
2005-08-27,5.111666666666666
2005-08-28,5.1433333333333335
2005-08-29,5.175
2005-08-30,5.189
2005-08-31,5.018
2005-09-01,5.151
2005-09-02,5.105
2005-09-03,5.126666666666667
2005-09-04,5.148333333333333
2005-09-05,5.17
2005-09-06,5.117
2005-09-07,5.152
2005-09-08,5.145
2005-09-09,5.042
2005-09-10,5.057666666666667
2005-09-11,5.073333333333333
2005-09-12,5.089
2005-09-13,5.613
2005-09-14,5.247
2005-09-15,5.598
2005-09-16,5.122
2005-09-17,5.129333333333333
2005-09-18,5.136666666666667
2005-09-19,5.144
2005-09-20,5.175
2005-09-21,5.013
2005-09-22,5.187
2005-09-23,5.21
2005-09-24,5.176333333333333
2005-09-25,5.142666666666667
2005-09-26,5.109
2005-09-27,5.084
2005-09-28,5.153
2005-09-29,5.25
2005-09-30,5.218
2005-10-01,5.112666666666667
2005-10-02,5.007333333333333
2005-10-03,4.902
2005-10-04,4.945
2005-10-05,5.083
2005-10-06,5.013
2005-10-07,4.941
2005-10-08,4.9656666666666665
2005-10-09,4.990333333333333
2005-10-10,5.015
2005-10-11,5.016
2005-10-12,4.909
2005-10-13,5.026
2005-10-14,5.043
2005-10-15,5.057333333333333
2005-10-16,5.071666666666667
2005-10-17,5.086
2005-10-18,5.079
2005-10-19,5.108
2005-10-20,5.154
2005-10-21,5.119
2005-10-22,5.12
2005-10-23,5.121
2005-10-24,5.122
2005-10-25,4.905
2005-10-26,5.118
2005-10-27,5.103
2005-10-28,5.108
2005-10-29,5.095
2005-10-30,5.082
2005-10-31,5.069
2005-11-01,5.0075
2005-11-02,4.946
2005-11-03,5.064
2005-11-04,4.975
2005-11-05,4.987666666666667
2005-11-06,5.000333333333333
2005-11-07,5.013
2005-11-08,5.225
2005-11-09,5.171
2005-11-10,5.052
2005-11-11,5.093
2005-11-12,5.044666666666667
2005-11-13,4.996333333333333
2005-11-14,4.948
2005-11-15,5.19
2005-11-16,5.072
2005-11-17,5.121
2005-11-18,5.064
2005-11-19,5.065666666666667
2005-11-20,5.067333333333333
2005-11-21,5.069
2005-11-22,5.053
2005-11-23,5.125
2005-11-24,5.112
2005-11-25,5.013
2005-11-26,5.049
2005-11-27,5.085
2005-11-28,5.121
2005-11-29,5.215
2005-11-30,5.115
2005-12-01,5.037
2005-12-02,5.127
2005-12-03,5.107333333333333
2005-12-04,5.087666666666666
2005-12-05,5.068
2005-12-06,5.078749999999999
2005-12-07,5.089499999999999
2005-12-09,5.111
2005-12-10,5.094666666666667
2005-12-11,5.078333333333333
2005-12-12,5.062
2005-12-13,5.031
2005-12-14,5.053
2005-12-15,5.183
2005-12-16,5.008
2005-12-17,5.148
2005-12-18,5.288
2005-12-19,5.428
2005-12-20,5.709
2005-12-21,6.124
2005-12-22,6.499
2005-12-23,7.209
2005-12-24,7.423999999999999
2005-12-25,7.639
2005-12-26,7.854
2005-12-27,7.806
2005-12-28,8.093
2005-12-29,8.018
2005-12-30,8.0
2005-12-31,7.776666666666666
2006-01-01,7.553333333333334
2006-01-02,7.33
2006-01-03,7.3315
2006-01-04,7.333
2006-01-06,7.336
2006-01-07,7.716
2006-01-08,7.671
2006-01-09,7.551
2006-01-10,5.975
2006-01-11,6.054
2006-01-12,6.074
2006-01-13,6.072
2006-01-14,5.355
2006-01-15,5.603
2006-01-16,5.853
2006-01-17,6.283
2006-01-18,6.104
2006-01-19,7.016
2006-01-20,7.077
2006-01-21,7.283
2006-01-22,7.348
2006-01-23,7.925
2006-01-24,13.66
2006-01-25,13.634
2006-01-26,14.062
2006-01-27,14.168
2006-01-28,13.177
2006-01-29,13.66
2006-01-30,13.63
2006-01-31,13.467
2006-02-01,16.262
2006-02-02,13.285
2006-02-03,14.211
2006-02-04,13.772
2006-02-05,13.838
2006-02-06,14.025
2006-02-07,14.1525
2006-02-08,14.28
2006-02-10,14.535
2006-02-11,16.293
2006-02-12,16.935
2006-02-13,15.222
2006-02-14,13.892
2006-02-15,9.403
2006-02-16,9.339
2006-02-17,9.29
2006-02-18,9.421
2006-02-19,9.187
2006-02-20,9.263
2006-02-21,9.592
2006-02-22,10.093
2006-02-23,9.94
2006-02-24,9.994
2006-02-25,10.027
2006-02-26,10.012
2006-02-27,10.004
2006-02-28,10.402
2006-03-01,10.865
2006-03-02,11.059
2006-03-03,11.241
2006-03-04,11.622
2006-03-05,12.047
2006-03-06,11.876
2006-03-07,11.863
2006-03-08,9.142
2006-03-09,8.634
2006-03-10,8.476
2006-03-11,8.421
2006-03-12,8.377
2006-03-13,8.217
2006-03-14,7.73
2006-03-15,7.998
2006-03-16,9.144
2006-03-17,8.625
2006-03-18,8.477
2006-03-19,8.42
2006-03-20,7.948
2006-03-21,8.323
2006-03-22,9.245
2006-03-23,9.121
2006-03-24,9.605
2006-03-25,10.987
2006-03-26,10.581
2006-03-27,10.414
2006-03-28,10.44
2006-03-29,11.184
2006-03-30,11.11
2006-03-31,10.881
2006-04-01,10.51218181818182
2006-04-02,10.143363636363636
2006-04-11,6.824
2006-04-12,7.302
2006-04-13,6.967
2006-04-14,6.851
2006-04-15,6.850666666666666
2006-04-16,6.850333333333333
2006-04-17,6.85
2006-04-18,6.739
2006-04-19,6.962
2006-04-20,6.778
2006-04-21,6.619
2006-04-22,6.669333333333333
2006-04-23,6.719666666666666
2006-04-24,6.77
2006-04-25,6.783
2006-04-26,6.877
2006-04-27,6.741
2006-04-28,6.754
2006-04-29,6.769666666666667
2006-04-30,6.785333333333333
2006-05-01,6.801
2006-05-02,6.35
2006-05-03,6.866
2006-05-04,6.769
2006-05-05,6.755
2006-05-06,6.600333333333333
2006-05-07,6.445666666666667
2006-05-08,6.291
2006-05-09,6.351
2006-05-10,6.409
2006-05-11,6.226
2006-05-12,6.292
2006-05-13,6.2123333333333335
2006-05-14,6.132666666666666
2006-05-15,6.053
2006-05-16,6.125
2006-05-17,6.144
2006-05-18,6.085
2006-05-19,6.011
2006-05-20,6.007333333333333
2006-05-21,6.003666666666667
2006-05-22,6.0
2006-05-23,6.003
2006-05-24,6.148
2006-05-25,6.124
2006-05-26,6.183
2006-05-27,6.146
2006-05-28,6.109
2006-05-29,6.072
2006-05-30,6.155
2006-05-31,6.081
2006-06-01,6.116
2006-06-02,6.127
2006-06-03,6.138333333333333
2006-06-04,6.149666666666667
2006-06-05,6.161
2006-06-06,6.194
2006-06-07,6.304
2006-06-08,6.205
2006-06-09,6.099
2006-06-10,6.106
2006-06-11,6.113
2006-06-12,6.12
2006-06-13,6.15
2006-06-14,5.994
2006-06-15,6.191
2006-06-16,5.997
2006-06-17,5.993
2006-06-18,5.989
2006-06-19,5.985
2006-06-20,6.129
2006-06-21,6.134
2006-06-22,5.983
2006-06-23,6.244
2006-06-24,6.192
2006-06-25,6.14
2006-06-26,6.088
2006-06-27,6.212
2006-06-28,6.097
2006-06-29,6.121
2006-06-30,6.145
2006-07-01,6.139333333333333
2006-07-02,6.133666666666667
2006-07-03,6.128
2006-07-04,6.0920000000000005
2006-07-05,6.056
2006-07-07,5.984
2006-07-08,6.012333333333333
2006-07-09,6.040666666666667
2006-07-10,6.069
2006-07-11,6.058
2006-07-12,6.154
2006-07-13,6.19
2006-07-14,6.036
2006-07-15,6.053333333333333
2006-07-16,6.070666666666667
2006-07-17,6.088
2006-07-18,5.972
2006-07-19,6.2
2006-07-20,5.981
2006-07-21,6.1
2006-07-22,6.099
2006-07-23,6.098
2006-07-24,6.097
2006-07-25,6.048
2006-07-26,6.223
2006-07-27,6.11
2006-07-28,6.09025
2006-07-29,6.0705
2006-07-31,6.031
2006-08-01,5.903
2006-08-02,6.462
2006-08-03,6.041
2006-08-04,6.136
2006-08-05,6.091666666666667
2006-08-06,6.047333333333333
2006-08-07,6.003
2006-08-08,5.935
2006-08-09,6.177
2006-08-10,5.894
2006-08-11,5.858
2006-08-12,5.933333333333333
2006-08-13,6.008666666666667
2006-08-14,6.084
2006-08-15,5.931
2006-08-16,6.059
2006-08-17,6.166
2006-08-18,5.916
2006-08-19,5.945333333333333
2006-08-20,5.974666666666667
2006-08-21,6.004
2006-08-22,6.155
2006-08-23,6.079
2006-08-24,6.034
2006-08-25,5.791
2006-08-26,5.898666666666667
2006-08-27,6.006333333333333
2006-08-28,6.114
2006-08-29,5.912
2006-08-30,5.9975000000000005
2006-08-31,6.083
2006-09-01,6.125
2006-09-02,6.132333333333333
2006-09-03,6.139666666666667
2006-09-04,6.147
2006-09-05,6.1
2006-09-06,5.967
2006-09-07,5.9826
2006-09-08,5.9982
2006-09-11,6.045
2006-09-12,5.903
2006-09-13,5.961
2006-09-14,5.965
2006-09-15,6.305
2006-09-16,6.304666666666667
2006-09-17,6.304333333333333
2006-09-18,6.304
2006-09-19,6.115
2006-09-20,6.155
2006-09-21,6.032
2006-09-22,5.953
2006-09-23,5.947
2006-09-24,5.941
2006-09-25,5.935
2006-09-26,6.082
2006-09-27,6.187
2006-09-28,6.079
2006-09-29,5.906
2006-09-30,5.9863333333333335
2006-10-01,6.066666666666666
2006-10-02,6.147
2006-10-03,6.04275
2006-10-04,5.9385
2006-10-06,5.73
2006-10-07,5.891333333333334
2006-10-08,6.052666666666667
2006-10-09,6.214
2006-10-10,6.105
2006-10-11,6.171
2006-10-12,6.157
2006-10-13,6.058
2006-10-14,5.995333333333333
2006-10-15,5.932666666666667
2006-10-16,5.87
2006-10-17,6.003
2006-10-18,5.988
2006-10-19,6.05
2006-10-20,6.031
2006-10-21,6.051666666666667
2006-10-22,6.072333333333333
2006-10-23,6.093
2006-10-24,6.184
2006-10-25,6.016
2006-10-26,6.058
2006-10-27,6.135
2006-10-28,6.156666666666666
2006-10-29,6.178333333333334
2006-10-30,6.2
2006-10-31,6.182
2006-11-01,6.1635
2006-11-02,6.145
2006-11-03,6.115
2006-11-04,6.101
2006-11-05,6.087000000000001
2006-11-06,6.073
2006-11-07,6.276
2006-11-08,6.184
2006-11-09,5.996
2006-11-10,6.139
2006-11-11,6.113666666666667
2006-11-12,6.088333333333333
2006-11-13,6.063
2006-11-14,6.217
2006-11-15,6.175
2006-11-16,6.035
2006-11-17,6.068
2006-11-18,6.195666666666666
2006-11-19,6.323333333333333
2006-11-20,6.451
2006-11-21,6.327
2006-11-22,6.224
2006-11-23,6.124
2006-11-24,6.108
2006-11-25,6.06
2006-11-26,6.0120000000000005
2006-11-27,5.964
2006-11-28,6.125
2006-11-29,6.035
2006-11-30,6.207
2006-12-01,6.152
2006-12-02,6.1593333333333335
2006-12-03,6.166666666666667
2006-12-04,6.174
2006-12-05,5.996
2006-12-06,6.107
2006-12-07,6.062
2006-12-08,6.08025
2006-12-09,6.0985
2006-12-11,6.135
2006-12-12,6.078
2006-12-13,6.233
2006-12-14,6.142
2006-12-15,6.174
2006-12-16,6.163333333333334
2006-12-17,6.152666666666667
2006-12-18,6.142
2006-12-19,6.103
2006-12-20,6.068
2006-12-21,6.071
2006-12-22,6.138
2006-12-23,6.140499999999999
2006-12-24,6.143
2006-12-26,6.148
2006-12-27,6.072
2006-12-28,5.934
2006-12-29,6.23
2006-12-30,6.269666666666667
2006-12-31,6.309333333333334
2007-01-01,6.349
2007-01-02,6.814
2007-01-03,6.889
2007-01-04,6.648
2007-01-05,7.544
2007-01-06,7.191
2007-01-07,7.221
2007-01-08,8.363
2007-01-09,8.766
2007-01-10,9.169
2007-01-11,9.572
2007-01-12,10.44
2007-01-13,11.09
2007-01-14,11.213
2007-01-15,8.726
2007-01-16,8.411
2007-01-17,7.697
2007-01-18,7.957
2007-01-19,7.458
2007-01-20,7.909
2007-01-21,7.982
2007-01-22,7.475
2007-01-23,7.304
2007-01-24,6.994
2007-01-25,7.099
2007-01-26,6.866
2007-01-27,6.559
2007-01-28,6.903
2007-01-29,6.165
2007-01-30,6.545
2007-01-31,6.331
2007-02-01,6.307
2007-02-02,6.493
2007-02-03,6.321
2007-02-04,6.419
2007-02-05,6.689
2007-02-06,6.473
2007-02-07,8.124
2007-02-08,8.69
2007-02-09,8.119
2007-02-10,11.459
2007-02-11,11.905
2007-02-12,12.092
2007-02-13,11.192
2007-02-14,12.183
2007-02-15,12.014
2007-02-16,12.1
2007-02-17,10.579
2007-02-18,9.426
2007-02-19,6.986
2007-02-20,6.106
2007-02-21,7.288
2007-02-22,8.125
2007-02-23,7.271
2007-02-24,7.321
2007-02-25,7.286
2007-02-26,7.717
2007-02-27,7.979
2007-02-28,7.752
2007-03-01,8.832
2007-03-02,9.477
2007-03-03,9.792
2007-03-04,10.359
2007-03-05,10.5532
2007-03-06,10.7474
2007-03-09,11.33
2007-03-10,10.687
2007-03-11,10.32
2007-03-12,10.179
2007-03-13,10.584
2007-03-14,8.878
2007-03-15,10.201
2007-03-16,11.275
2007-03-17,10.195
2007-03-18,10.1546
2007-03-19,10.1142
2007-05-21,7.569
2007-05-22,7.571
2007-05-23,7.709
2007-05-24,7.698
2007-05-25,6.712
2007-05-26,7.0023333333333335
2007-05-27,7.292666666666666
2007-05-28,7.583
2007-05-29,7.66
2007-05-30,7.551
2007-05-31,7.226
2007-06-01,7.221
2007-06-02,7.427
2007-06-03,7.633
2007-06-04,7.494
2007-06-05,7.355
2007-06-06,7.4955
2007-06-07,7.636
2007-06-08,7.538
2007-06-09,7.44
2007-06-10,7.4795
2007-06-11,7.519
2007-06-12,7.518499999999999
2007-06-13,7.518
2007-06-14,7.4975
2007-06-15,7.477
2007-06-16,7.5425
2007-06-17,7.608
2007-06-18,7.6605
2007-06-19,7.713
2007-06-20,7.704000000000001
2007-06-21,7.695
2007-06-22,7.435
2007-06-23,7.175
2007-06-24,7.276
2007-06-25,7.377
2007-06-26,7.4475
2007-06-27,7.518
2007-06-28,7.569
2007-06-29,7.62
2007-06-30,7.427
2007-07-01,7.234
2007-07-02,7.2635
2007-07-03,7.293
2007-07-04,7.2575
2007-07-05,7.222
2007-07-06,7.195
2007-07-07,7.168
2007-07-08,7.265000000000001
2007-07-09,7.362
2007-07-10,7.561999999999999
2007-07-11,7.762
2007-07-12,7.4565
2007-07-13,7.151
2007-07-14,7.1705000000000005
2007-07-15,7.19
2007-07-16,7.1785
2007-07-17,7.167
2007-07-18,7.1625
2007-07-19,7.158
2007-07-20,7.2315
2007-07-21,7.305
2007-07-22,7.3475
2007-07-23,7.39
2007-07-24,7.383
2007-07-25,7.376
2007-07-26,7.33
2007-07-27,7.284
2007-07-28,7.3255
2007-07-29,7.367
2007-07-30,7.3445
2007-07-31,7.322
2007-08-01,7.189500000000001
2007-08-02,7.057
2007-08-03,7.093
2007-08-04,7.129
2007-08-05,7.198
2007-08-06,7.267
2007-08-07,7.2365
2007-08-08,7.206
2007-08-09,7.1595
2007-08-10,7.113
2007-08-11,7.1015
2007-08-12,7.09
2007-08-13,7.112
2007-08-14,7.134
2007-08-15,7.160500000000001
2007-08-16,7.187
2007-08-17,7.173
2007-08-18,7.159
2007-08-19,7.7745
2007-08-20,8.39
2007-08-21,7.838
2007-08-22,7.286
2007-08-23,7.1495
2007-08-24,7.013
2007-08-25,7.252
2007-08-26,7.491
2007-08-27,7.4155
2007-08-28,7.34
2007-08-29,7.3365
2007-08-30,7.333
2007-08-31,7.307
2007-09-01,7.281
2007-09-02,7.3205
2007-09-03,7.36
2007-09-04,7.3415
2007-09-05,7.323
2007-09-06,7.339
2007-09-07,7.355
2007-09-08,7.3905
2007-09-09,7.426
2007-09-10,7.307
2007-09-11,7.188
2007-09-12,7.154999999999999
2007-09-13,7.122
2007-09-14,7.158
2007-09-15,7.194
2007-09-16,7.234
2007-09-17,7.274
2007-09-18,7.292
2007-09-19,7.31
2007-09-20,7.334
2007-09-21,7.358
2007-09-22,7.42
2007-09-23,7.482
2007-09-24,7.3805
2007-09-25,7.279
2007-09-26,7.2425
2007-09-27,7.206
2007-09-28,7.315
2007-09-29,7.424
2007-09-30,7.5755
2007-10-01,7.727
2007-10-02,7.6905
2007-10-03,7.654
2007-10-04,7.420999999999999
2007-10-05,7.188
2007-10-06,7.2505
2007-10-07,7.313
2007-10-08,7.401
2007-10-09,7.489
2007-10-10,7.4505
2007-10-11,7.412
2007-10-12,7.416
2007-10-13,7.42
2007-10-14,7.3815
2007-10-15,7.343
2007-10-16,7.3705
2007-10-17,7.398
2007-10-18,7.467499999999999
2007-10-19,7.537
2007-10-20,7.5735
2007-10-21,7.61
2007-10-22,7.5315
2007-10-23,7.453
2007-10-24,7.4705
2007-10-25,7.488
2007-10-26,7.3855
2007-10-27,7.283
2007-10-28,7.3675
2007-10-29,7.452
2007-10-30,7.419
2007-10-31,7.386
2007-11-01,7.3845
2007-11-02,7.383
2007-11-03,7.2615
2007-11-04,7.14
2007-11-05,5.807
2007-11-06,4.474
2007-11-07,5.859
2007-11-08,7.244
2007-11-09,7.276999999999999
2007-11-10,7.31
2007-11-11,7.3625
2007-11-12,7.415
2007-11-13,7.447
2007-11-14,7.479
2007-11-15,7.4275
2007-11-16,7.376
2007-11-17,7.211
2007-11-18,7.046
2007-11-19,7.364000000000001
2007-11-20,7.682
2007-11-21,7.6075
2007-11-22,7.533
2007-11-23,7.568
2007-11-24,7.603
2007-11-25,7.4975
2007-11-26,7.392
2007-11-27,7.3385
2007-11-28,7.285
2007-11-29,7.2925
2007-11-30,7.3
2007-12-01,7.4075
2007-12-02,7.515
2007-12-03,7.5115
2007-12-04,7.508
2007-12-05,7.465
2007-12-06,7.422
2007-12-07,7.513999999999999
2007-12-08,7.606
2007-12-09,7.6195
2007-12-10,7.633
2007-12-11,7.6335
2007-12-12,7.634
2007-12-13,7.663
2007-12-14,7.692
2007-12-15,7.641
2007-12-16,7.59
2007-12-17,7.633
2007-12-18,7.676
2007-12-19,8.154499999999999
2007-12-20,8.633
2007-12-21,8.5095
2007-12-22,8.386
2007-12-23,7.8725
2007-12-24,7.359
2007-12-25,7.407
2007-12-26,7.455
2007-12-27,7.601
2007-12-28,7.747
2007-12-29,7.6135
2007-12-30,7.48
2007-12-31,8.3225
2008-01-01,9.165
2008-01-02,9.08
2008-01-03,8.809
2008-01-04,8.889
2008-01-05,10.201
2008-01-06,10.027
2008-01-07,9.857
2008-01-08,9.687
2008-01-11,9.177
2008-01-12,9.517
2008-01-13,11.076
2008-01-14,11.099
2008-01-15,11.968
2008-01-16,12.308
2008-01-17,12.289
2008-01-18,11.204
2008-01-19,11.924
2008-01-20,12.438
2008-01-21,12.291
2008-01-22,9.29
2008-01-23,9.211
2008-01-24,11.787
2008-01-25,12.071
2008-01-26,11.091
2008-01-27,7.988
2008-01-28,7.747
2008-01-29,7.628
2008-01-30,7.857
2008-01-31,8.388
2008-02-01,7.38
2008-02-02,7.59
2008-02-03,7.148
2008-02-04,7.301
2008-02-05,8.534
2008-02-06,8.519
2008-02-07,8.977
2008-02-08,8.749
2008-02-09,8.188
2008-02-10,8.395
2008-02-11,8.3
2008-02-12,8.097750000000001
2008-02-13,7.8955
2008-02-15,7.491
2008-02-16,7.59
2008-02-17,7.888
2008-02-18,8.592
2008-02-19,8.676
2008-02-20,8.539
2008-02-21,8.462
2008-02-22,8.473
2008-02-23,8.114
2008-02-24,7.495
2008-02-25,8.397
2008-02-26,8.291
2008-02-27,8.371
2008-02-28,9.561
2008-02-29,9.493
2008-03-01,9.634
2008-03-02,8.824
2008-03-03,7.857
2008-03-04,7.999
2008-03-05,8.415
2008-03-06,7.704
2008-03-07,7.691
2008-03-08,7.106
2008-03-09,7.64
2008-03-10,7.985
2008-03-11,7.137
2008-03-12,8.423
2008-03-13,8.349
2008-03-14,7.84
2008-03-15,8.154
2008-03-16,8.76
2008-03-17,8.49
2008-03-18,7.732
2008-03-19,7.766
2008-03-20,7.741
2008-03-21,8.216
2008-03-22,8.922
2008-03-23,9.291
2008-03-24,9.997
2008-03-25,8.807
2008-03-26,8.452
2008-03-27,8.163
2008-03-28,8.116
2008-03-29,8.116
2008-03-30,7.958
2008-03-31,7.824
2008-04-01,7.837
2008-04-02,7.7858
2008-04-03,7.7346
2008-04-06,7.581
2008-04-07,7.471
2008-04-08,7.361
2008-04-09,7.3325
2008-04-10,7.304
2008-04-11,7.250500000000001
2008-04-12,7.197
2008-04-13,7.175
2008-04-14,7.153
2008-04-15,6.9085
2008-04-16,6.664
2008-04-17,6.7010000000000005
2008-04-18,6.738
2008-04-19,6.852
2008-04-20,6.966
2008-04-21,6.992
2008-04-22,7.018
2008-04-23,6.933
2008-04-24,6.848
2008-04-25,6.823
2008-04-26,6.798
2008-04-27,7.029
2008-04-28,7.26
2008-04-29,7.21
2008-04-30,7.16
2008-05-01,7.085
2008-05-02,7.01
2008-05-03,7.029999999999999
2008-05-04,7.05
2008-05-05,6.797
2008-05-06,6.544
2008-05-07,6.502
2008-05-08,6.46
2008-05-09,6.5365
2008-05-10,6.613
2008-05-11,6.6275
2008-05-12,6.642
2008-05-13,6.6965
2008-05-14,6.751
2008-05-15,6.7225
2008-05-16,6.694
2008-05-17,6.68
2008-05-18,6.666
2008-05-19,6.6965
2008-05-20,6.727
2008-05-21,6.6375
2008-05-22,6.548
2008-05-23,6.572
2008-05-24,6.596
2008-05-25,6.5235
2008-05-26,6.451
2008-05-27,6.509499999999999
2008-05-28,6.568
2008-05-29,6.601
2008-05-30,6.634
2008-05-31,6.5755
2008-06-01,6.517
2008-06-02,6.339
2008-06-03,6.161
2008-06-04,6.241
2008-06-05,6.321
2008-06-06,6.4435
2008-06-07,6.566
2008-06-08,6.3245000000000005
2008-06-09,6.083
2008-06-10,6.160500000000001
2008-06-11,6.238
2008-06-12,6.281000000000001
2008-06-13,6.324
2008-06-14,6.392
2008-06-15,6.46
2008-06-16,6.362
2008-06-17,6.264
2008-06-18,6.257
2008-06-19,6.25
2008-06-20,6.285
2008-06-21,6.32
2008-06-22,6.2865
2008-06-23,6.253
2008-06-24,6.2405
2008-06-25,6.228
2008-06-26,6.218
2008-06-27,6.208
2008-06-28,6.266500000000001
2008-06-29,6.325
2008-06-30,6.3835
2008-07-01,6.442
2008-07-02,6.457000000000001
2008-07-03,6.472
2008-07-04,6.330500000000001
2008-07-05,6.189
2008-07-06,6.2935
2008-07-07,6.398
2008-07-08,6.670999999999999
2008-07-09,6.944
2008-07-10,6.742
2008-07-11,6.54
2008-07-12,6.4915
2008-07-13,6.443
2008-07-14,6.419
2008-07-15,6.395
2008-07-16,6.3515
2008-07-17,6.308
2008-07-18,6.3095
2008-07-19,6.311
2008-07-20,6.2935
2008-07-21,6.276
2008-07-22,6.239
2008-07-23,6.202
2008-07-24,6.140499999999999
2008-07-25,6.079
2008-07-26,6.016
2008-07-27,5.953
2008-07-28,6.019
2008-07-29,6.085
2008-07-30,6.026
2008-07-31,5.967
2008-08-01,6.1605
2008-08-02,6.354
2008-08-03,6.3505
2008-08-04,6.347
2008-08-05,6.4315
2008-08-06,6.516
2008-08-07,6.4
2008-08-08,6.284
2008-08-09,6.274
2008-08-10,6.264
2008-08-11,6.2595
2008-08-12,6.255
2008-08-13,6.1815
2008-08-14,6.108
2008-08-15,6.1455
2008-08-16,6.183
2008-08-17,6.2895
2008-08-18,6.396
2008-08-19,6.231999999999999
2008-08-20,6.068
2008-08-21,6.519
2008-08-22,6.97
2008-08-23,6.4985
2008-08-24,6.027
2008-08-25,5.9495000000000005
2008-08-26,5.872
2008-08-27,5.973
2008-08-28,6.074
2008-08-29,6.0105
2008-08-30,5.947
2008-08-31,5.95
2008-09-01,5.953
2008-09-02,6.021000000000001
2008-09-03,6.089
2008-09-04,6.0435
2008-09-05,5.998
2008-09-06,5.992
2008-09-07,5.986
2008-09-08,6.057
2008-09-09,6.128
2008-09-10,6.0535
2008-09-11,5.979
2008-09-12,5.9985
2008-09-13,6.018
2008-09-14,5.964499999999999
2008-09-15,5.911
2008-09-16,5.974
2008-09-17,6.037
2008-09-18,6.053
2008-09-19,6.069
2008-09-20,6.1
2008-09-21,6.131
2008-09-22,6.0845
2008-09-23,6.038
2008-09-24,6.0335
2008-09-25,6.029
2008-09-26,6.053
2008-09-27,6.077
2008-09-28,6.038
2008-09-29,5.999
2008-09-30,5.992
2008-10-01,5.985
2008-10-02,6.035500000000001
2008-10-03,6.086
2008-10-04,6.0615000000000006
2008-10-05,6.037
2008-10-06,6.090999999999999
2008-10-07,6.145
2008-10-08,6.1285
2008-10-09,6.112
2008-10-10,6.1595
2008-10-11,6.207
2008-10-12,6.0695
2008-10-13,5.932
2008-10-14,6.022500000000001
2008-10-15,6.113
2008-10-16,6.032500000000001
2008-10-17,5.952
2008-10-18,6.048
2008-10-19,6.144
2008-10-20,6.2125
2008-10-21,6.281
2008-10-22,6.157
2008-10-23,6.033
2008-10-24,5.9990000000000006
2008-10-25,5.965
2008-10-26,6.0915
2008-10-27,6.218
2008-10-28,6.1595
2008-10-29,6.101
2008-10-30,6.159
2008-10-31,6.217
2008-11-01,6.23725
2008-11-02,6.257499999999999
2008-12-02,6.865
2008-12-03,6.79
2008-12-04,6.715
2008-12-05,6.79
2008-12-06,6.865
2008-12-07,6.8132
2008-12-08,6.7614
2008-12-16,6.347
2008-12-17,6.4165
2008-12-18,6.486
2008-12-19,6.428
2008-12-20,6.37
2008-12-21,6.362500000000001
2008-12-22,6.355
2008-12-23,6.595000000000001
2008-12-24,6.835
2008-12-25,6.781499999999999
2008-12-26,6.728
2008-12-27,6.6945
2008-12-28,6.661
2008-12-29,6.635
2008-12-30,6.609
2008-12-31,6.577500000000001
2009-01-01,6.546
2009-01-02,8.333
2009-01-03,8.619
2009-01-04,7.774
2009-01-05,7.296
2009-01-06,7.046
2009-01-07,6.353
2009-01-08,6.877
2009-01-09,6.886
2009-01-10,7.01
2009-01-11,6.994
2009-01-12,7.627
2009-01-13,10.635
2009-01-14,11.63
2009-01-15,11.812
2009-01-16,10.78
2009-01-17,9.008
2009-01-18,8.773
2009-01-19,8.21
2009-01-20,7.233
2009-01-21,7.353
2009-01-22,6.782
2009-01-23,6.778
2009-01-24,6.522
2009-01-25,6.451
2009-01-26,6.378
2009-01-27,6.708
2009-01-28,6.387
2009-01-29,7.324
2009-01-30,8.603
2009-01-31,8.498
2009-02-01,7.322
2009-02-02,7.8138
2009-02-03,8.3056
2009-02-06,9.781
2009-02-07,9.595
2009-02-08,9.086
2009-02-09,9.591
2009-02-10,9.894
2009-02-11,11.197
2009-02-12,11.726
2009-02-13,10.055
2009-02-14,9.12
2009-02-15,7.625
2009-02-16,7.802
2009-02-17,7.895
2009-02-18,9.722
2009-02-19,9.925
2009-02-20,10.852
2009-02-21,12.095
2009-02-22,12.152
2009-02-23,12.209
2009-02-24,12.266
2009-02-25,11.194
2009-02-26,11.778
2009-02-27,14.904
2009-02-28,14.91
2009-03-01,16.679
2009-03-02,16.206799999999998
2009-03-03,15.7346
2009-03-06,14.318
2009-03-07,13.874
2009-03-08,13.343
2009-03-09,12.073
2009-03-10,10.468
2009-03-11,8.75
2009-03-12,8.551
2009-03-13,8.398
2009-03-14,8.149
2009-03-15,8.04
2009-03-16,8.799
2009-03-17,7.854
2009-03-18,8.227
2009-03-19,8.526
2009-03-20,8.432
2009-03-21,7.945
2009-03-22,8.459
2009-03-23,8.134
2009-03-24,7.57
2009-03-25,7.615
2009-03-26,7.891
2009-03-27,7.91
2009-03-28,7.777
2009-03-29,7.953
2009-03-30,7.947
2009-03-31,7.891
2009-04-01,7.512
2009-04-02,7.133
2009-04-06,5.617
2009-04-07,5.7475000000000005
2009-04-08,5.878
2009-04-09,7.1975
2009-04-10,8.517
2009-04-11,8.332
2009-04-12,8.147
2009-04-13,8.6795
2009-04-14,9.212
2009-04-15,9.6585
2009-04-16,10.105
2009-04-17,9.6505
2009-04-18,9.196
2009-04-19,8.8035
2009-04-20,8.411
2009-04-21,7.975
2009-04-22,7.539
2009-04-23,7.167
2009-04-24,6.795
2009-04-25,7.011
2009-04-26,7.227
2009-04-27,7.266500000000001
2009-04-28,7.306
2009-04-29,7.4015
2009-04-30,7.497
2009-05-01,7.50725
2009-05-02,7.5175
2009-05-08,7.579
2009-05-09,7.7455
2009-05-10,7.912
2009-05-11,7.8025
2009-05-12,7.693
2009-05-13,7.569
2009-05-14,7.445
2009-05-15,7.491
2009-05-16,7.537
2009-05-17,7.5385
2009-05-18,7.54
2009-05-19,7.561999999999999
2009-05-20,7.584
2009-05-21,7.5935
2009-05-22,7.603
2009-05-23,7.586
2009-05-24,7.569
2009-05-25,7.624
2009-05-26,7.679
2009-05-27,7.676
2009-05-28,7.673
2009-05-29,7.580500000000001
2009-05-30,7.488
2009-05-31,7.215
2009-06-01,6.942
2009-06-02,6.954000000000001
2009-06-03,6.966
2009-06-04,7.3045
2009-06-05,7.643
2009-06-06,7.333
2009-06-07,7.023
2009-06-09,6.403
2009-06-10,6.5655
2009-06-11,6.728
2009-06-12,6.8685
2009-06-13,7.009
2009-06-14,7.063000000000001
2009-06-15,7.117
2009-06-16,6.7155000000000005
2009-06-17,6.314
2009-06-18,6.543
2009-06-19,6.772
2009-06-20,6.8005
2009-06-21,6.829
2009-06-22,6.533
2009-06-23,6.237
2009-06-24,6.2780000000000005
2009-06-25,6.319
2009-06-26,6.9030000000000005
2009-06-27,7.487
2009-06-28,6.9805
2009-06-29,6.474
2009-06-30,6.470000000000001
2009-07-01,6.466
2009-07-02,6.4095
2009-07-03,6.353
2009-07-04,6.3255
2009-07-05,6.298
2009-07-06,6.398
2009-07-07,6.498
2009-07-08,6.5120000000000005
2009-07-09,6.526
2009-07-10,6.5245
2009-07-11,6.523
2009-07-12,6.5635
2009-07-13,6.604
2009-07-14,6.245
2009-07-15,5.886
2009-07-16,5.8605
2009-07-17,5.835
2009-07-18,5.947
2009-07-19,6.059
2009-07-20,6.096500000000001
2009-07-21,6.134
2009-07-22,6.129
2009-07-23,6.124
2009-07-24,5.997999999999999
2009-07-25,5.872
2009-07-26,6.1370000000000005
2009-07-27,6.402
2009-07-28,6.21
2009-07-29,6.018
2009-07-30,6.002
2009-07-31,5.986
2009-08-01,6.0535
2009-08-02,6.121
2009-08-03,6.0705
2009-08-04,6.0200000000000005
2009-08-08,5.818
2009-08-09,5.8815
2009-08-10,5.945
2009-08-11,5.908
2009-08-12,5.871
2009-08-13,5.9915
2009-08-14,6.112
2009-08-15,6.0615000000000006
2009-08-16,6.011
2009-08-17,5.9785
2009-08-18,5.946
2009-08-19,5.968999999999999
2009-08-20,5.992
2009-08-21,5.971
2009-08-22,5.95
2009-08-23,5.802
2009-08-24,5.654
2009-08-25,5.765499999999999
2009-08-26,5.877
2009-08-27,5.805
2009-08-28,5.733
2009-08-29,5.877
2009-08-30,6.021
2009-08-31,5.843500000000001
2009-09-01,5.666
2009-09-02,5.737
2009-09-03,5.808
2009-09-04,5.9485
2009-09-05,6.089
2009-09-06,5.9955
2009-09-07,5.902
2009-09-08,5.9285
2009-09-09,5.955
2009-09-10,5.970000000000001
2009-09-11,5.985
2009-09-12,6.0555
2009-09-13,6.126
2009-09-14,6.042
2009-09-15,5.958
2009-09-16,6.0205
2009-09-17,6.083
2009-09-18,6.018000000000001
2009-09-19,5.953
2009-09-20,6.074
2009-09-21,6.195
2009-09-22,6.0705
2009-09-23,5.946
2009-09-24,6.0325
2009-09-25,6.119
2009-09-26,5.9635
2009-09-27,5.808
2009-09-28,5.897
2009-09-29,5.986
2009-09-30,5.852
2009-10-01,5.718
2009-10-02,5.8895
2009-10-03,6.061
2009-10-04,5.966
2009-10-05,5.871
2009-10-06,5.9005
2009-10-07,5.93
2009-10-08,6.028499999999999
2009-10-09,6.127
2009-10-10,6.052
2009-10-11,5.977
2009-10-12,5.9455
2009-10-13,5.914
2009-10-14,5.9015
2009-10-15,5.889
2009-10-16,5.9625
2009-10-17,6.036
2009-10-18,6.004
2009-10-19,5.972
2009-10-20,5.996
2009-10-21,6.02
2009-10-22,5.994999999999999
2009-10-23,5.97
2009-10-24,6.016
2009-10-25,6.062
2009-10-26,5.9615
2009-10-27,5.861
2009-10-28,5.885999999999999
2009-10-29,5.911
2009-10-30,6.0055
2009-10-31,6.1
2009-11-01,6.087081081081081
2009-11-02,6.074162162162162
2009-12-07,5.622
2009-12-08,5.63
2009-12-09,5.638
2009-12-10,5.653499999999999
2009-12-11,5.669
2009-12-12,5.699
2009-12-13,5.729
2009-12-14,5.753
2009-12-15,5.777
2009-12-16,5.731
2009-12-17,5.685
2009-12-18,5.7365
2009-12-19,5.788
2009-12-20,5.8055
2009-12-21,5.823
2009-12-22,5.786
2009-12-23,5.749
2009-12-24,5.7155000000000005
2009-12-25,5.682
2009-12-26,5.7495
2009-12-27,5.817
2009-12-28,5.782
2009-12-29,5.747
2009-12-30,5.745
2009-12-31,5.743
2010-01-01,5.724
2010-01-02,5.773
2010-01-03,5.699
2010-01-04,5.717
2010-01-05,5.734999999999999
2010-01-08,5.789
2010-01-09,6.328
2010-01-10,6.617
2010-01-11,6.461
2010-01-12,6.748
2010-01-13,6.866
2010-01-14,6.68
2010-01-15,7.225
2010-01-16,7.347
2010-01-17,7.595
2010-01-18,7.336
2010-01-19,6.996
2010-01-20,6.566
2010-01-21,6.361
2010-01-22,6.323
2010-01-23,6.388
2010-01-24,6.46
2010-01-25,6.266
2010-01-26,6.11
2010-01-27,6.263
2010-01-28,6.143
2010-01-29,6.195
2010-01-30,6.235
2010-01-31,6.21
2010-02-01,6.436
2010-02-02,6.157
2010-02-03,6.243
2010-02-04,6.307
2010-02-05,6.586
2010-02-06,6.692
2010-02-07,6.832
2010-02-08,6.857
2010-02-09,8.128
2010-02-10,7.711
2010-02-11,7.682
2010-02-12,7.245
2010-02-13,7.262
2010-02-14,7.466
2010-02-15,7.344
2010-02-16,6.223
2010-02-17,6.285
2010-02-18,6.546
2010-02-19,10.84
2010-02-20,10.665
2010-02-21,11.024
2010-02-22,10.852
2010-02-23,11.038
2010-02-24,13.997
2010-02-25,12.993
2010-02-26,12.594
2010-02-27,11.572
2010-02-28,10.169
2010-03-01,11.041
2010-03-02,10.659
2010-03-03,9.941
2010-03-04,9.539
2010-03-05,9.531
2010-03-06,8.48
2010-03-07,9.221
2010-03-08,9.1044
2010-03-09,8.9878
2010-03-12,8.638
2010-03-13,9.354
2010-03-14,8.813
2010-03-15,8.967
2010-03-16,8.631
2010-03-17,8.597
2010-03-18,8.733
2010-03-19,8.307
2010-03-20,7.96
2010-03-21,8.096
2010-03-22,7.834
2010-03-23,7.636
2010-03-24,7.711
2010-03-25,7.603
2010-03-26,7.614
2010-03-27,7.853
2010-03-28,7.285
2010-03-29,7.208
2010-03-30,7.271
2010-03-31,7.302
2010-04-01,7.2925
2010-04-02,7.283
2010-04-03,7.0440000000000005
2010-04-04,6.805
2010-04-05,6.818
2010-04-06,6.831
2010-04-09,6.87
2010-04-10,6.875
2010-04-11,6.88
2010-04-12,6.8395
2010-04-13,6.799
2010-04-14,6.797000000000001
2010-04-15,6.795
2010-04-16,6.746
2010-04-17,6.697
2010-04-18,6.6915
2010-04-19,6.686
2010-04-20,6.7205
2010-04-21,6.755
2010-04-22,6.675
2010-04-23,6.595
2010-04-24,6.581
2010-04-25,6.567
2010-04-26,6.6115
2010-04-27,6.656
2010-04-28,6.555
2010-04-29,6.454
2010-04-30,6.4795
2010-05-01,6.505
2010-05-02,6.431
2010-05-03,6.357
2010-05-04,6.473000000000001
2010-05-05,6.589
2010-05-06,6.5305
2010-05-07,6.472
2010-05-08,6.4285
2010-05-09,6.385
2010-05-10,6.343
2010-05-11,6.301
2010-05-12,6.325
2010-05-13,6.349
2010-05-14,6.2905
2010-05-15,6.232
2010-05-16,6.2715
2010-05-17,6.311
2010-05-18,6.2525
2010-05-19,6.194
2010-05-20,6.234999999999999
2010-05-21,6.276
2010-05-22,6.2605
2010-05-23,6.245
2010-05-24,6.3085
2010-05-25,6.372
2010-05-26,6.447
2010-05-27,6.522
2010-05-28,6.406000000000001
2010-05-29,6.29
2010-05-30,6.346
2010-05-31,6.402
2010-06-01,6.288
2010-06-02,6.174
2010-06-03,6.1635
2010-06-04,6.153
2010-06-05,6.164
2010-06-06,6.175
2010-06-07,6.1845
2010-06-08,6.194
2010-06-09,6.157500000000001
2010-06-10,6.121
2010-06-11,6.163
2010-06-12,6.205
2010-06-13,6.2275
2010-06-14,6.25
2010-06-15,6.202999999999999
2010-06-16,6.156
2010-06-17,6.1325
2010-06-18,6.109
2010-06-19,6.1375
2010-06-20,6.166
2010-06-21,6.202500000000001
2010-06-22,6.239
2010-06-23,6.1965
2010-06-24,6.154
2010-06-25,6.132
2010-06-26,6.11
2010-06-27,6.0695
2010-06-28,6.029
2010-06-29,6.0440000000000005
2010-06-30,6.059
2010-07-01,6.063000000000001
2010-07-02,6.067
2010-07-03,6.095000000000001
2010-07-04,6.123
2010-07-05,6.0835
2010-07-06,6.044
2010-07-07,6.0215
2010-07-08,5.999
2010-07-09,5.980499999999999
2010-07-10,5.962
2010-07-11,5.858499999999999
2010-07-12,5.755
2010-07-13,5.819
2010-07-14,5.883
2010-07-15,5.8545
2010-07-16,5.826
2010-07-17,5.89
2010-07-18,5.954
2010-07-19,5.938
2010-07-20,5.922
2010-07-21,5.859
2010-07-22,5.796
2010-07-23,5.841
2010-07-24,5.886
2010-07-25,5.8555
2010-07-26,5.825
2010-07-27,5.807
2010-07-28,5.789
2010-07-29,5.893
2010-07-30,5.997
2010-07-31,5.91
2010-08-01,5.823
2010-08-02,5.7780000000000005
2010-08-03,5.733
2010-08-04,5.71
2010-08-05,5.687
2010-08-06,5.7175
2010-08-07,5.748
2010-08-08,5.800000000000001
2010-08-09,5.852
2010-08-10,5.818
2010-08-11,5.784
2010-08-12,5.7995
2010-08-13,5.815
2010-08-14,5.758
2010-08-15,5.701
2010-08-16,5.705
2010-08-17,5.709
2010-08-18,5.746499999999999
2010-08-19,5.784
2010-08-20,5.7620000000000005
2010-08-21,5.74
2010-08-22,5.7605
2010-08-23,5.781
2010-08-24,5.774
2010-08-25,5.767
2010-08-26,6.664
2010-08-27,7.561
2010-08-28,6.659
2010-08-29,5.757
2010-08-30,5.7745
2010-08-31,5.792
2010-09-01,5.7775
2010-09-02,5.763
2010-09-03,5.6955
2010-09-04,5.628
2010-09-05,5.7010000000000005
2010-09-06,5.774
2010-09-07,5.724
2010-09-08,5.674
2010-09-09,5.702
2010-09-10,5.73
2010-09-11,5.763
2010-09-12,5.796
2010-09-13,5.765000000000001
2010-09-14,5.734
2010-09-15,5.734500000000001
2010-09-16,5.735
2010-09-17,5.712
2010-09-18,5.689
2010-09-19,5.71
2010-09-20,5.731
2010-09-21,5.8465
2010-09-22,5.962
2010-09-23,5.595
2010-09-24,5.228
2010-09-25,5.542
2010-09-26,5.856
2010-09-27,5.842499999999999
2010-09-28,5.829
2010-09-29,5.8035
2010-09-30,5.7780000000000005
2010-10-02,5.727
2010-10-03,5.734
2010-10-04,5.741
2010-10-05,5.7565
2010-10-06,5.772
2010-10-07,5.817500000000001
2010-10-08,5.863
2010-10-09,5.894500000000001
2010-10-10,5.926
2010-10-11,6.04
2010-10-12,6.154
2010-10-13,6.195
2010-10-14,6.236
2010-10-15,6.237
2010-10-16,6.238
2010-10-17,6.2095
2010-10-18,6.181
2010-10-19,6.135
2010-10-20,6.089
2010-10-21,6.0315
2010-10-22,5.974
2010-10-23,6.1545000000000005
2010-10-24,6.335
2010-10-25,6.295
2010-10-26,6.255
2010-10-27,6.233499999999999
2010-10-28,6.212
2010-10-29,6.1065000000000005
2010-10-30,6.001
2010-10-31,6.02
2010-11-01,6.039
2010-11-02,6.138
2010-11-03,6.237
2010-11-04,6.1875
2010-11-05,6.138
2010-11-06,6.098
2010-11-07,6.058
2010-11-08,6.1385000000000005
2010-11-09,6.219
2010-11-10,6.2125
2010-11-11,6.206
2010-11-12,6.1615
2010-11-13,6.117
2010-11-14,6.1205
2010-11-15,6.124
2010-11-16,6.0695
2010-11-17,6.015
2010-11-18,6.1255
2010-11-19,6.236
2010-11-20,6.1905
2010-11-21,6.145
2010-11-22,6.0835
2010-11-23,6.022
2010-11-24,6.0785
2010-11-25,6.135
2010-11-26,6.121
2010-11-27,6.107
2010-11-28,6.0815
2010-11-29,6.056
2010-11-30,6.0085
2010-12-01,5.961
2010-12-02,6.0215
2010-12-03,6.082
2010-12-04,6.118
2010-12-05,6.154
2010-12-06,6.152
2010-12-07,6.15
2010-12-08,6.161
2010-12-09,6.172
2010-12-10,6.1370000000000005
2010-12-11,6.102
2010-12-12,6.0755
2010-12-13,6.049
2010-12-14,6.0885
2010-12-15,6.128
2010-12-16,6.0605
2010-12-17,5.993
2010-12-18,6.087
2010-12-19,6.181
2010-12-20,6.1345
2010-12-21,6.088
2010-12-22,6.373
2010-12-23,6.658
2010-12-24,6.6955
2010-12-25,6.733
2010-12-26,6.605
2010-12-27,6.477
2010-12-28,6.2875
2010-12-29,6.098
2010-12-30,6.121
2010-12-31,6.144
2011-01-01,6.044
2011-01-02,6.064
2011-01-03,6.075
2011-01-04,6.086
2011-01-07,6.119
2011-01-08,6.195
2011-01-09,6.296
2011-01-10,6.958
2011-01-11,10.007
2011-01-12,8.738
2011-01-13,8.009
2011-01-14,7.674
2011-01-15,7.53
2011-01-16,6.386
2011-01-17,6.413
2011-01-18,6.347
2011-01-19,6.235
2011-01-20,6.396
2011-01-21,6.467
2011-01-22,6.309
2011-01-23,6.061
2011-01-24,7.602
2011-01-25,12.105
2011-01-26,14.219
2011-01-27,13.943
2011-01-28,14.262
2011-01-29,13.535
2011-01-30,14.097
2011-01-31,13.645
2011-02-01,14.091
2011-02-02,14.013
2011-02-03,14.5235
2011-02-04,15.034
2011-02-05,15.214
2011-02-06,15.059
2011-02-07,15.861
2011-02-08,14.962
2011-02-09,13.253
2011-02-10,13.3
2011-02-11,13.164
2011-02-12,12.876
2011-02-13,12.857
2011-02-14,12.643
2011-02-15,12.2
2011-02-16,11.137
2011-02-17,12.177
2011-02-18,11.414
2011-02-19,11.441
2011-02-20,12.125
2011-02-21,12.127
2011-02-22,12.318
2011-02-23,11.822
2011-02-24,11.892
2011-02-25,11.86
2011-02-26,11.617
2011-02-27,11.572
2011-02-28,11.25
2011-03-01,11.393
2011-03-02,11.437
2011-03-03,11.245
2011-03-04,10.823
2011-03-05,10.816
2011-03-06,10.845
2011-03-07,10.694
2011-03-08,10.627
2011-03-09,10.409
2011-03-10,10.224
2011-03-11,9.453
2011-03-12,9.62
2011-03-13,9.644
2011-03-14,10.05
2011-03-15,9.682
2011-03-16,9.847
2011-03-17,9.617
2011-03-18,9.593
2011-03-19,9.524
2011-03-20,9.598
2011-03-21,9.351
2011-03-22,9.767
2011-03-23,9.635
2011-03-24,9.029
2011-03-25,9.399
2011-03-26,9.348
2011-03-27,9.234
2011-03-28,9.416
2011-03-29,8.799
2011-03-30,9.095
2011-03-31,9.219
2011-04-01,9.48
2011-04-02,9.741
2011-04-03,9.811166666666669
2011-04-04,9.881333333333334
2011-04-08,10.162
2011-04-09,11.1245
2011-04-10,12.087
2011-04-11,11.7785
2011-04-12,11.47
2011-04-13,11.1025
2011-04-14,10.735
2011-04-15,10.276
2011-04-16,9.817
2011-04-17,9.379
2011-04-18,8.941
2011-04-19,8.810500000000001
2011-04-20,8.68
2011-04-21,8.7255
2011-04-22,8.771
2011-04-23,8.737
2011-04-24,8.703
2011-04-25,8.751999999999999
2011-04-26,8.801
2011-04-27,8.653500000000001
2011-04-28,8.506
2011-04-29,8.536000000000001
2011-04-30,8.566
2011-05-01,8.8605
2011-05-02,9.155
2011-05-03,9.12
2011-05-04,9.085
2011-05-05,8.842
2011-05-06,8.599
2011-05-07,9.031
2011-05-08,9.463
2011-05-09,9.175
2011-05-10,8.887
2011-05-11,8.846499999999999
2011-05-12,8.806
2011-05-13,8.6945
2011-05-14,8.583
2011-05-15,8.478
2011-05-16,8.373
2011-05-17,7.653499999999999
2011-05-18,6.934
2011-05-19,6.958
2011-05-20,6.982
2011-05-21,6.9830000000000005
2011-05-22,6.984
2011-05-23,6.929
2011-05-24,6.874
2011-05-25,6.8505
2011-05-26,6.827
2011-05-27,6.862
2011-05-28,6.897
2011-05-29,6.8775
2011-05-30,6.858
2011-05-31,6.8595
2011-06-01,6.861
2011-06-02,6.866
2011-06-03,6.871
2011-06-04,6.830500000000001
2011-06-05,6.79
2011-06-06,6.8325
2011-06-07,6.875
2011-06-08,6.9045000000000005
2011-06-09,6.934
2011-06-10,6.816000000000001
2011-06-11,6.698
2011-06-12,6.625500000000001
2011-06-13,6.553
2011-06-14,6.5125
2011-06-15,6.472
2011-06-16,6.4675
2011-06-17,6.463
2011-06-18,6.436
2011-06-19,6.409
2011-06-20,6.412
2011-06-21,6.415
2011-06-22,6.496
2011-06-23,6.577
2011-06-24,6.481999999999999
2011-06-25,6.387
2011-06-26,6.428
2011-06-27,6.469
2011-06-28,6.439
2011-06-29,6.409
2011-06-30,6.435499999999999
2011-07-01,6.462
2011-07-02,6.451499999999999
2011-07-03,6.441
2011-07-04,6.445
2011-07-05,6.449
2011-07-06,6.4455
2011-07-07,6.442
2011-07-08,6.4635
2011-07-09,6.485
2011-07-10,6.4635
2011-07-11,6.442
2011-07-12,6.4535
2011-07-13,6.465
2011-07-14,6.449999999999999
2011-07-15,6.435
2011-07-16,6.201
2011-07-17,5.967
2011-07-18,5.943
2011-07-19,5.919
2011-07-20,5.908
2011-07-21,5.897
2011-07-22,5.848000000000001
2011-07-23,5.799
2011-07-24,5.814500000000001
2011-07-25,5.83
2011-07-26,5.8345
2011-07-27,5.839
2011-07-28,5.827500000000001
2011-07-29,5.816
2011-07-30,5.8165
2011-07-31,5.817
2011-08-01,5.859999999999999
2011-08-02,5.903
2011-08-03,5.733
2011-08-04,5.563
2011-08-05,5.586
2011-08-06,5.609
2011-08-08,5.655
2011-08-09,5.767
2011-08-10,5.879
2011-08-11,5.8605
2011-08-12,5.842
2011-08-13,5.7995
2011-08-14,5.757
2011-08-15,5.7725
2011-08-16,5.788
2011-08-17,5.7815
2011-08-18,5.775
2011-08-19,5.8325
2011-08-20,5.89
2011-08-21,5.592499999999999
2011-08-22,5.295
2011-08-23,5.47
2011-08-24,5.645
2011-08-25,5.5995
2011-08-26,5.554
2011-08-27,5.688000000000001
2011-08-28,5.822
2011-08-29,5.7805
2011-08-30,5.739
2011-08-31,5.7725
2011-09-01,5.806
2011-09-02,5.827500000000001
2011-09-03,5.849
2011-09-04,5.845000000000001
2011-09-05,5.841
2011-09-06,5.7405
2011-09-07,5.64
2011-09-08,5.654999999999999
2011-09-09,5.67
2011-09-10,5.702500000000001
2011-09-11,5.735
2011-09-12,5.6715
2011-09-13,5.608
2011-09-14,5.611
2011-09-15,5.614
2011-09-16,5.699
2011-09-17,5.784
2011-09-18,5.68
2011-09-19,5.576
2011-09-20,5.5915
2011-09-21,5.607
2011-09-22,5.5605
2011-09-23,5.514
2011-09-24,5.6315
2011-09-25,5.749
2011-09-26,5.6295
2011-09-27,5.51
2011-09-28,5.5245
2011-09-29,5.539
2011-09-30,5.526999999999999
2011-10-01,5.515
2011-10-02,5.6885
2011-10-03,5.862
2011-10-04,5.7435
2011-10-05,5.625
2011-10-06,5.69
2011-10-07,5.755
2011-10-08,5.622
2011-10-09,5.489
2011-10-10,5.4985
2011-10-11,5.508
2011-10-12,5.505
2011-10-13,5.502
2011-10-14,5.5515
2011-10-15,5.601
2011-10-16,5.587
2011-10-17,5.573
2011-10-18,5.538
2011-10-19,5.503
2011-10-20,5.6115
2011-10-21,5.72
2011-10-22,5.6465
2011-10-23,5.573
2011-10-24,5.698
2011-10-25,5.823
2011-10-26,5.8535
2011-10-27,5.884
2011-10-28,5.807
2011-10-29,5.73
2011-10-30,5.74
2011-10-31,5.75
2011-11-01,5.632
2011-11-02,5.514
2011-11-03,5.554
2011-11-04,5.594
2011-11-05,5.5635
2011-11-06,5.533
2011-11-07,5.5385
2011-11-08,5.544
2011-11-09,5.555999999999999
2011-11-10,5.568
2011-11-11,5.6255
2011-11-12,5.683
2011-11-13,5.5815
2011-11-14,5.48
2011-11-15,5.535
2011-11-16,5.59
2011-11-17,5.5515
2011-11-18,5.513
2011-11-19,5.5195
2011-11-20,5.526
2011-11-21,5.5440000000000005
2011-11-22,5.562
2011-11-23,5.5445
2011-11-24,5.527
2011-11-25,5.5255
2011-11-26,5.524
2011-11-27,5.625500000000001
2011-11-28,5.727
2011-11-29,5.6795
2011-11-30,5.632
2011-12-01,5.63
2011-12-02,5.628
2011-12-03,5.5535
2011-12-04,5.479
2011-12-05,5.531499999999999
2011-12-06,5.584
2011-12-07,5.545999999999999
2011-12-08,5.508
2011-12-09,5.545
2011-12-10,5.582
2011-12-11,5.627
2011-12-12,5.672
2011-12-13,5.66
2011-12-14,5.648
2011-12-15,5.64
2011-12-16,5.632
2011-12-17,5.6125
2011-12-18,5.593
2011-12-19,5.7305
2011-12-20,5.868
2011-12-21,5.902
2011-12-22,5.936
2011-12-23,6.053
2011-12-24,6.17
2011-12-25,6.138999999999999
2011-12-26,6.108
2011-12-27,6.6395
2011-12-28,7.171
2011-12-29,9.579
2011-12-30,11.987
2011-12-31,11.511
2012-01-01,11.035
2012-01-02,11.237
2012-01-03,11.964
2012-01-04,12.065666666666669
2012-01-05,12.167333333333334
2012-01-06,12.269
2012-01-07,12.842
2012-01-08,12.69
2012-01-09,12.48
2012-01-10,11.446
2012-01-11,10.196
2012-01-12,7.238
2012-01-13,7.334
2012-01-14,7.351
2012-01-15,7.14
2012-01-16,7.191
2012-01-17,7.098
2012-01-18,7.192
2012-01-19,6.955
2012-01-20,6.98
2012-01-21,7.086
2012-01-22,7.15
2012-01-23,6.916
2012-01-24,6.885
2012-01-25,7.065
2012-01-26,6.962
2012-01-27,7.298
2012-01-28,7.488
2012-01-29,6.879
2012-01-30,7.174
2012-01-31,7.239
2012-02-01,7.071
2012-02-02,7.205
2012-02-03,7.396
2012-02-04,10.56
2012-02-05,11.1734
2012-02-06,11.7868
2012-02-09,13.627
2012-02-10,13.432
2012-02-11,12.596
2012-02-12,14.321
2012-02-13,12.969
2012-02-14,11.617
2012-02-15,12.025
2012-02-16,13.859
2012-02-17,12.124
2012-02-18,12.372
2012-02-19,12.437
2012-02-20,12.453
2012-02-21,11.713
2012-02-22,11.32
2012-02-23,10.23
2012-02-24,10.356
2012-02-25,10.035
2012-02-26,10.3
2012-02-27,9.559
2012-02-28,8.4
2012-02-29,8.021
2012-03-01,8.648
2012-03-02,8.007
2012-03-03,8.001
2012-03-04,8.334999999999999
2012-03-05,8.669
2012-03-09,10.005
2012-03-10,9.574
2012-03-11,8.496
2012-03-12,8.569
2012-03-13,8.457
2012-03-14,8.2
2012-03-15,8.314
2012-03-16,8.291
2012-03-17,8.315
2012-03-18,8.439
2012-03-19,7.805
2012-03-20,7.813
2012-03-21,7.856
2012-03-22,7.729
2012-03-23,7.402
2012-03-24,7.434
2012-03-25,7.567
2012-03-26,7.473
2012-03-27,8.294
2012-03-28,8.128
2012-03-29,7.474
2012-03-30,7.519
2012-03-31,7.428
2012-04-01,7.5275
2012-04-02,7.627
2012-04-06,8.025
2012-04-07,7.869
2012-04-08,7.713
2012-04-09,9.0455
2012-04-10,10.378
2012-04-11,10.1705
2012-04-12,9.963
2012-04-13,9.7075
2012-04-14,9.452
2012-04-15,9.047
2012-04-16,8.642
2012-04-17,8.71
2012-04-18,8.778
2012-04-19,8.745000000000001
2012-04-20,8.712
2012-04-21,8.620999999999999
2012-04-22,8.53
2012-04-23,8.350999999999999
2012-04-24,8.172
2012-04-25,8.053
2012-04-26,7.934
2012-04-27,7.8715
2012-04-28,7.809
2012-04-29,7.803
2012-04-30,7.797
2012-05-01,7.6545
2012-05-02,7.512
2012-05-03,7.3485
2012-05-04,7.185
2012-05-05,7.164
2012-05-06,7.143
2012-05-07,7.169499999999999
2012-05-08,7.196
2012-05-09,7.2195
2012-05-10,7.243
2012-05-11,7.266500000000001
2012-05-12,7.29
2012-05-13,7.250500000000001
2012-05-14,7.211
2012-05-15,6.61
2012-05-16,6.009
2012-05-17,6.134
2012-05-18,6.259
2012-05-19,6.2975
2012-05-20,6.336
2012-05-21,6.2515
2012-05-22,6.167
2012-05-23,6.1815
2012-05-24,6.196
2012-05-25,6.0805
2012-05-26,5.965
2012-05-27,5.999499999999999
2012-05-28,6.034
2012-05-29,6.436999999999999
2012-05-30,6.84
2012-05-31,6.387499999999999
2012-06-01,5.935
2012-06-02,5.930999999999999
2012-06-03,5.927
2012-06-04,5.935499999999999
2012-06-05,5.944
2012-06-06,5.502
2012-06-07,5.06
2012-06-08,5.4295
2012-06-09,5.799
2012-06-10,5.8165
2012-06-11,5.834
2012-06-12,5.6895
2012-06-13,5.545
2012-06-14,5.7135
2012-06-15,5.882
2012-06-16,5.9025
2012-06-17,5.923
2012-06-18,5.872
2012-06-19,5.821
2012-06-20,5.787
2012-06-21,5.753
2012-06-22,5.792
2012-06-23,5.831
2012-06-24,5.875500000000001
2012-06-25,5.92
2012-06-26,5.8635
2012-06-27,5.807
2012-06-28,5.823
2012-06-29,5.839
2012-06-30,5.8055
2012-07-01,5.772
2012-07-02,5.73
2012-07-03,5.688
2012-07-04,5.698499999999999
2012-07-05,5.709
2012-07-06,5.75
2012-07-07,5.791
2012-07-08,5.785
2012-07-09,5.779
2012-07-10,5.7695
2012-07-11,5.76
2012-07-12,5.725
2012-07-13,5.69
2012-07-14,5.682
2012-07-15,5.674
2012-07-16,5.5695
2012-07-17,5.465
2012-07-18,5.438
2012-07-19,5.411
2012-07-20,5.3505
2012-07-21,5.29
2012-07-22,5.5095
2012-07-23,5.729
2012-07-24,5.7905
2012-07-25,5.852
2012-07-26,5.873826923076924
2012-07-27,5.895653846153847
2012-09-15,6.987
2012-09-16,6.9605
2012-09-17,6.934
2012-09-18,6.939
2012-09-19,6.944
2012-09-20,6.977
2012-09-21,7.01
2012-09-22,7.1125
2012-09-23,7.215
2012-09-24,7.1065000000000005
2012-09-25,6.998
2012-09-26,7.0865
2012-09-27,7.175
2012-09-28,7.095
2012-09-29,7.015
2012-09-30,6.9265
2012-10-01,6.838
2012-10-02,6.931
2012-10-03,7.024
2012-10-04,6.9595
2012-10-05,6.895
2012-10-06,7.0305
2012-10-07,7.166
2012-10-08,6.798500000000001
2012-10-09,6.431
2012-10-10,6.454000000000001
2012-10-11,6.477
2012-10-12,6.473000000000001
2012-10-13,6.469
2012-10-14,6.5695
2012-10-15,6.67
2012-10-16,6.736
2012-10-17,6.802
2012-10-18,6.6155
2012-10-19,6.429
2012-10-20,6.536
2012-10-21,6.643
2012-10-22,6.647
2012-10-23,6.651
2012-10-24,6.5555
2012-10-25,6.46
2012-10-26,7.561999999999999
2012-10-27,8.664
2012-10-28,8.415
2012-10-29,8.166
2012-10-30,8.0915
2012-10-31,8.017
2012-11-01,7.3155
2012-11-02,6.614
2012-11-03,6.593
2012-11-04,6.572
2012-11-05,6.514
2012-11-06,6.456
2012-11-07,6.392
2012-11-08,6.328
2012-11-09,6.2940000000000005
2012-11-10,6.26
2012-11-11,6.3815
2012-11-12,6.503
2012-11-13,6.498
2012-11-14,6.493
2012-11-15,6.4705
2012-11-16,6.448
2012-11-17,6.516
2012-11-18,6.584
2012-11-19,6.4455
2012-11-20,6.307
2012-11-21,6.2155000000000005
2012-11-22,6.124
2012-11-23,6.3155
2012-11-24,6.507
2012-11-25,6.4705
2012-11-26,6.434
2012-11-27,6.3580000000000005
2012-11-28,6.282
2012-11-29,6.333
2012-11-30,6.384
2012-12-01,6.323
2012-12-02,6.262
2012-12-03,6.377
2012-12-04,6.492
2012-12-05,7.0245
2012-12-06,7.557
2012-12-07,7.552
2012-12-08,7.547000000000001
2012-12-14,7.517
2012-12-15,7.564
2012-12-16,7.611
2012-12-17,8.113
2012-12-18,8.615
2012-12-19,7.67
2012-12-20,6.725
2012-12-21,6.8635
2012-12-22,7.002
2012-12-23,10.12
2012-12-24,13.238
2012-12-25,13.316
2012-12-26,13.394
2012-12-27,11.559
2012-12-28,9.724
2012-12-29,9.7135
2012-12-30,9.703
2012-12-31,9.601333333333333
2013-01-01,9.499666666666666
2013-01-02,9.398
2013-01-03,9.322
2013-01-04,9.246
2013-01-05,9.278
2013-01-06,9.31
2013-01-07,9.1066
2013-01-08,8.9032
2013-01-11,8.293
2013-01-12,7.7
2013-01-13,7.109
2013-01-14,8.665
2013-01-15,9.106
2013-01-16,10.95
2013-01-17,15.238
2013-01-18,15.192
2013-01-19,14.097
2013-01-20,11.803
2013-01-21,11.462
2013-01-22,10.282
2013-01-23,8.197
2013-01-24,7.875
2013-01-25,7.67
2013-01-26,7.89
2013-01-27,7.617
2013-01-28,7.572
2013-01-29,7.543
2013-01-30,7.588
2013-01-31,7.488
2013-02-01,7.596
2013-02-02,7.544
2013-02-03,7.279
2013-02-04,7.138
2013-02-05,13.3
2013-02-06,12.761333333333331
2013-02-07,12.222666666666669
2013-02-08,11.684
2013-02-09,10.045
2013-02-10,8.311
2013-02-11,8.1022
2013-02-12,7.8934
2013-02-15,7.267
2013-02-16,7.4
2013-02-17,7.35
2013-02-18,7.788
2013-02-19,8.679
2013-02-20,9.401
2013-02-21,9.985
2013-02-22,11.744
2013-02-23,16.091
2013-02-24,15.931
2013-02-25,14.927
2013-02-26,14.729
2013-02-27,13.74
2013-02-28,13.502
2013-03-01,14.835
2013-03-02,13.617
2013-03-03,13.838
2013-03-04,14.052
2013-03-05,14.028428571428572
2013-03-06,14.004857142857142
2013-03-11,13.887
2013-03-12,13.0975
2013-03-13,12.308
2013-03-14,11.774
2013-03-15,11.24
2013-03-16,10.127
2013-03-17,9.014
2013-03-18,8.975999999999999
2013-03-19,8.938
2013-03-20,8.7575
2013-03-21,8.577
2013-03-22,8.4275
2013-03-23,8.278
2013-03-24,8.29
2013-03-25,8.302
2013-03-26,8.428
2013-03-27,8.554
2013-03-28,8.529
2013-03-29,8.504
2013-03-30,8.4665
2013-03-31,8.429
2013-04-01,8.495000000000001
2013-04-02,8.561
2013-04-03,8.558499999999999
2013-04-04,8.556
2013-04-05,8.5465
2013-04-06,8.537
2013-04-07,8.413
2013-04-08,8.289
2013-04-09,8.172
2013-04-10,8.055
2013-04-11,8.0945
2013-04-12,8.134
2013-04-13,8.190000000000001
2013-04-14,8.246
2013-04-15,8.202
2013-04-16,8.158
2013-04-17,8.1425
2013-04-18,8.127
2013-04-19,8.141
2013-04-20,8.155
2013-04-21,8.171
2013-04-22,8.187
2013-04-23,8.186499999999999
2013-04-24,8.186
2013-04-25,8.086500000000001
2013-04-26,7.987
2013-04-27,7.9655
2013-04-28,7.944
2013-04-29,7.987500000000001
2013-04-30,8.031
2013-05-01,7.983
2013-05-02,7.935
2013-05-03,8.03
2013-05-04,8.125
2013-05-05,8.559000000000001
2013-05-06,8.993
2013-05-07,8.9795
2013-05-08,8.966000000000001
2013-05-10,8.939
2013-05-11,8.5485
2013-05-12,8.158
2013-05-13,8.0455
2013-05-14,7.933
2013-05-15,7.9635
2013-05-16,7.994
2013-05-17,7.997
2013-05-18,8.0
2013-05-19,8.0435
2013-05-20,8.087
2013-05-21,8.117999999999999
2013-05-22,8.149
2013-05-23,8.0745
2013-05-24,8.0
2013-05-25,8.0215
2013-05-26,8.043
2013-05-27,7.975999999999999
2013-05-28,7.909
2013-05-29,7.907999999999999
2013-05-30,7.907
2013-05-31,7.890000000000001
2013-06-01,7.873
2013-06-02,7.859500000000001
2013-06-03,7.846
2013-06-04,7.8535
2013-06-05,7.861000000000001
2013-06-07,7.876
2013-06-08,7.798500000000001
2013-06-09,7.721
2013-06-10,7.7745
2013-06-11,7.828
2013-06-12,7.7495
2013-06-13,7.671
2013-06-14,7.648
2013-06-15,7.625
2013-06-16,7.615
2013-06-17,7.605
2013-06-18,7.7195
2013-06-19,7.834
2013-06-20,7.702
2013-06-21,7.57
2013-06-22,7.737500000000001
2013-06-23,7.905
2013-06-24,7.7865
2013-06-25,7.668
2013-06-26,7.67
2013-06-27,7.672
2013-06-28,7.6575
2013-06-29,7.643
2013-06-30,7.596682926829268
2013-07-01,7.550365853658536
2013-08-09,5.744
2013-08-10,5.856
2013-08-11,5.968
2013-08-12,5.987
2013-08-13,6.006
2013-08-14,6.032500000000001
2013-08-15,6.059
2013-08-16,6.1275
2013-08-17,6.196
2013-08-18,6.207
2013-08-19,6.218
2013-08-20,6.097
2013-08-21,5.976
2013-08-22,6.006
2013-08-23,6.036
2013-08-24,6.499
2013-08-25,6.962
2013-08-26,6.573499999999999
2013-08-27,6.185
2013-08-28,6.212999999999999
2013-08-29,6.241
2013-08-30,6.215999999999999
2013-08-31,6.191
2013-09-01,6.2005
2013-09-02,6.21
2013-09-03,6.218500000000001
2013-09-04,6.227
2013-09-05,6.2175
2013-09-06,6.208
2013-09-07,6.1565
2013-09-08,6.105
2013-09-09,5.945
2013-09-10,5.785
2013-09-11,5.766
2013-09-12,5.747
2013-09-13,5.483499999999999
2013-09-14,5.22
2013-09-15,5.422499999999999
2013-09-16,5.625
2013-09-17,5.734999999999999
2013-09-18,5.845
2013-09-19,5.839
2013-09-20,5.833
2013-09-21,5.904
2013-09-22,5.975
2013-09-23,6.157
2013-09-24,6.339
2013-09-25,6.3485
2013-09-26,6.358
2013-09-27,6.342499999999999
2013-09-28,6.327
2013-09-29,6.3615
2013-09-30,6.396
2013-10-01,6.454
2013-10-02,6.512
2013-10-03,6.523999999999999
2013-10-04,6.536
2013-10-05,6.558
2013-10-06,6.58
2013-10-07,6.4765
2013-10-08,6.373
2013-10-09,6.3565000000000005
2013-10-10,6.34
2013-10-11,6.3355
2013-10-12,6.331
2013-10-13,6.3585
2013-10-14,6.386
2013-10-15,6.3885000000000005
2013-10-16,6.391
2013-10-17,6.3235
2013-10-18,6.256
2013-10-19,6.265000000000001
2013-10-20,6.274
2013-10-21,6.3935
2013-10-22,6.513
2013-10-23,6.4345
2013-10-24,6.356
2013-10-25,6.3445
2013-10-26,6.333
2013-10-27,7.109999999999999
2013-10-28,7.887
2013-10-29,7.141
2013-10-30,6.395
2013-10-31,6.271
2013-11-01,6.147
2013-11-02,6.127000000000001
2013-11-03,6.107
2013-11-04,6.2015
2013-11-05,6.296
2013-11-06,6.3165
2013-11-07,6.337
2013-11-08,6.279999999999999
2013-11-09,6.223
2013-11-10,6.288
2013-11-11,6.353
2013-11-12,6.369999999999999
2013-11-13,6.387
2013-11-14,6.3645
2013-11-15,6.342
2013-11-16,6.311999999999999
2013-11-17,6.282
2013-11-18,6.354
2013-11-19,6.426
2013-11-20,6.3705
2013-11-21,6.315
2013-11-22,6.264
2013-11-23,6.213
2013-11-24,6.157500000000001
2013-11-25,6.102
2013-11-26,6.063000000000001
2013-11-27,6.024
2013-11-28,6.27
2013-11-29,6.516
2013-11-30,6.461
2013-12-01,6.406
2013-12-02,6.438
2013-12-03,6.47
2013-12-04,6.717499999999999
2013-12-05,6.965
2013-12-09,7.955
2013-12-10,7.5675
2013-12-11,7.18
2013-12-12,7.476
2013-12-13,7.772
2013-12-14,8.173
2013-12-15,8.574
2013-12-16,7.524
2013-12-17,6.474
2013-12-18,6.4505
2013-12-19,6.427
2013-12-20,6.4615
2013-12-21,6.496
2013-12-22,6.4925
2013-12-23,6.489
2013-12-24,6.4415
2013-12-25,6.394
2013-12-26,6.4175
2013-12-27,6.441
2013-12-28,6.4375
2013-12-29,6.434
2013-12-30,6.425000000000001
2013-12-31,6.416
2014-01-01,6.4205000000000005
2014-01-02,6.425
2014-01-03,6.461
2014-01-04,6.329
2014-01-05,6.739
2014-01-06,11.697
2014-01-07,11.109
2014-01-08,10.069
2014-01-09,9.273
2014-01-10,9.311
2014-01-11,9.475
2014-01-12,8.876
2014-01-13,8.498
2014-01-14,9.131
2014-01-15,9.285666666666668
2014-01-16,9.440333333333331
2014-01-17,9.595
2014-01-18,8.618
2014-01-19,8.767
2014-01-20,9.012
2014-01-21,9.421
2014-01-22,9.575
2014-01-23,9.551
2014-01-24,8.932
2014-01-25,8.742
2014-01-26,8.707
2014-01-27,7.405
2014-01-28,6.958
2014-01-29,6.701
2014-01-30,6.803
2014-01-31,7.037
2014-02-01,13.39
2014-02-02,19.743
2014-02-03,26.096
2014-02-04,25.617
2014-02-05,24.167
2014-02-06,23.358
2014-02-07,22.008
2014-02-08,21.579
2014-02-09,21.15
2014-02-10,20.721
2014-02-11,15.905
2014-02-12,15.649
2014-02-13,15.304
2014-02-14,15.152
2014-02-15,15.624333333333333
2014-02-16,16.096666666666664
2014-02-17,16.569
2014-02-18,15.448
2014-02-19,15.437
2014-02-20,14.428
2014-02-21,14.131
2014-02-22,13.877333333333333
2014-02-23,13.623666666666669
2014-02-24,13.37
2014-02-25,15.837
2014-02-26,15.218
2014-02-27,14.527
2014-02-28,14.988
2014-03-01,7.944
2014-03-02,6.936
2014-03-03,6.944
2014-03-04,7.171
2014-03-05,7.273
2014-03-06,7.725
2014-03-07,7.171
2014-03-08,7.403
2014-03-09,7.976
2014-03-10,8.117
2014-03-11,8.212333333333333
2014-03-12,8.307666666666668
2014-03-16,8.689
2014-03-17,9.075
2014-03-18,10.584
2014-03-19,12.093
2014-03-20,11.5935
2014-03-21,11.094
2014-03-22,9.6335
2014-03-23,8.173
2014-03-24,7.8995
2014-03-25,7.626
2014-03-26,7.636
2014-03-27,7.646
2014-03-28,7.9305
2014-03-29,8.215
2014-03-30,8.4345
2014-03-31,8.654
2014-04-01,7.8695
2014-04-02,7.085
2014-04-03,7.7248
2014-04-04,8.3646
2014-04-07,10.284
2014-04-08,9.011
2014-04-09,7.738
2014-04-10,7.939500000000001
2014-04-11,8.141
2014-04-12,7.656000000000001
2014-04-13,7.171
2014-04-14,6.8655
2014-04-15,6.56
2014-04-16,6.651999999999999
2014-04-17,6.744
2014-04-18,6.929
2014-04-19,7.114
2014-04-20,7.1195
2014-04-21,7.125
2014-04-22,7.0955
2014-04-23,7.066
2014-04-24,7.48
2014-04-25,7.894
2014-04-26,7.463
2014-04-27,7.032
2014-04-28,7.0945
2014-04-29,7.157
2014-04-30,7.1765
2014-05-01,7.196
2014-05-02,7.2045
2014-05-03,7.213
2014-05-04,7.0145
2014-05-05,6.816
2014-05-06,6.88175
2014-05-07,6.9475
2014-05-09,7.079
2014-05-10,7.135999999999999
2014-05-11,7.193
2014-05-12,6.989
2014-05-13,6.785
2014-05-14,6.837
2014-05-15,6.889
2014-05-16,6.996
2014-05-17,7.103
2014-05-18,6.7455
2014-05-19,6.388
2014-05-20,6.3065
2014-05-21,6.225
2014-05-22,6.141
2014-05-23,6.057
2014-05-24,6.0440000000000005
2014-05-25,6.031
2014-05-26,6.1275
2014-05-27,6.224
2014-05-28,6.1885
2014-05-29,6.153
2014-05-30,6.138999999999999
2014-05-31,6.125
2014-06-01,6.2555
2014-06-02,6.386
2014-06-03,6.334
2014-06-04,6.282
2014-06-05,6.345000000000001
2014-06-06,6.408
2014-06-07,6.334
2014-06-08,6.26
2014-06-09,6.2205
2014-06-10,6.181
2014-06-11,6.324
2014-06-12,6.467
2014-06-13,6.339499999999999
2014-06-14,6.212
2014-06-15,6.135999999999999
2014-06-16,6.06
2014-06-17,6.0775
2014-06-18,6.095
2014-06-19,6.0785
2014-06-20,6.062
2014-06-21,6.0855
2014-06-22,6.109
2014-06-23,6.1495
2014-06-24,6.19
2014-06-25,6.2635000000000005
2014-06-26,6.337
2014-06-27,6.3675
2014-06-28,6.398
2014-06-29,6.273
2014-06-30,6.148
2014-07-01,5.964
2014-07-02,5.78
2014-07-03,5.92
2014-07-04,6.06
2014-07-05,6.097
2014-07-06,6.134
2014-07-07,5.8580000000000005
2014-07-08,5.582
2014-07-09,5.6735
2014-07-10,5.765
2014-07-11,5.7665
2014-07-12,5.768
2014-07-13,5.6045
2014-07-14,5.441
2014-07-15,5.597
2014-07-16,5.753
2014-07-17,5.813000000000001
2014-07-18,5.873
2014-07-19,5.757
2014-07-20,5.641
2014-07-21,5.6535
2014-07-22,5.666
2014-07-23,5.75
2014-07-24,5.834
2014-07-25,5.818
2014-07-26,5.802
2014-07-27,5.7735
2014-07-28,5.745
2014-07-29,5.7785
2014-07-30,5.812
2014-07-31,5.9445
2014-08-01,6.077
2014-08-02,6.073
2014-08-03,6.069
2014-08-04,6.0145
2014-08-05,5.96
2014-08-06,5.993
2014-08-07,6.026
2014-08-08,6.1240000000000006
2014-08-09,6.222
2014-08-10,6.1975
2014-08-11,6.173
2014-08-12,6.12
2014-08-13,6.067
2014-08-14,6.113
2014-08-15,6.159
2014-08-16,6.099
2014-08-17,6.039
2014-08-18,6.1495
2014-08-19,6.26
2014-08-20,6.258
2014-08-21,6.256
2014-08-22,6.144500000000001
2014-08-23,6.033
2014-08-24,6.1185
2014-08-25,6.204
2014-08-26,6.166
2014-08-27,6.128
2014-08-28,6.0995
2014-08-29,6.071
2014-08-30,6.047
2014-08-31,6.023
2014-09-01,6.079
2014-09-02,6.135
2014-09-03,6.1315
2014-09-04,6.128
2014-09-05,6.1385000000000005
2014-09-06,6.149
2014-09-07,6.096
2014-09-08,6.043
2014-09-09,6.0735
2014-09-10,6.104
2014-09-11,6.134
2014-09-12,6.164
2014-09-13,6.149
2014-09-14,6.134
2014-09-15,6.1745
2014-09-16,6.215
2014-09-17,6.148
2014-09-18,6.081
2014-09-19,6.078
2014-09-20,6.075
2014-09-21,6.103
2014-09-22,6.131
2014-09-23,6.2275
2014-09-24,6.324
2014-09-25,6.188
2014-09-26,6.052
2014-09-27,6.1095
2014-09-28,6.167
2014-09-29,6.3665
2014-09-30,6.566
2014-10-01,6.522
2014-10-02,6.478
2014-10-04,6.39
2014-10-05,6.283
2014-10-06,6.176
2014-10-07,6.21
2014-10-08,6.244
2014-10-09,6.192
2014-10-10,6.14
2014-10-11,6.177
2014-10-12,6.214
2014-10-13,6.2425
2014-10-14,6.271
2014-10-15,6.2715
2014-10-16,6.272
2014-10-17,6.192
2014-10-18,6.112
2014-10-19,6.181
2014-10-20,6.25
2014-10-21,6.226833333333333
2014-10-22,6.203666666666667
2014-10-26,6.111
2014-10-27,6.0835
2014-10-28,6.056
2014-10-29,6.049
2014-10-30,6.042
2014-10-31,6.105666666666666
2014-11-01,6.169333333333333
2014-11-02,6.233
2014-11-03,6.164
2014-11-04,6.095
2014-11-05,6.106999999999999
2014-11-06,6.119
2014-11-08,6.143
2014-11-09,6.1575
2014-11-10,6.172
2014-11-11,6.2395
2014-11-12,6.307
2014-11-13,6.26
2014-11-14,6.213
2014-11-15,6.202999999999999
2014-11-16,6.193
2014-11-17,6.135
2014-11-18,6.077
2014-11-19,6.1075
2014-11-20,6.138
2014-11-21,6.1275
2014-11-22,6.117
2014-11-23,6.1125
2014-11-24,6.108
2014-11-25,6.0705
2014-11-26,6.033
2014-11-27,6.0735
2014-11-28,6.114
2014-11-29,6.0985
2014-11-30,6.083
2014-12-01,6.115
2014-12-02,6.147
2014-12-03,6.14175
2014-12-04,6.1365
2014-12-06,6.126
2014-12-07,6.0865
2014-12-08,6.047
2014-12-09,6.1465
2014-12-10,6.246
2014-12-11,6.175000000000001
2014-12-12,6.104
2014-12-13,6.0735
2014-12-14,6.043
2014-12-15,6.086
2014-12-16,6.129
2014-12-17,6.117
2014-12-18,6.105
2014-12-19,6.088
2014-12-20,6.071
2014-12-21,6.1345
2014-12-22,6.198
2014-12-23,6.17
2014-12-24,6.142
2014-12-25,6.136
2014-12-26,6.13
2014-12-27,6.079
2014-12-28,6.028
2014-12-29,6.049
2014-12-30,6.07
2014-12-31,6.056
2015-01-01,6.042
2015-01-02,6.104
2015-01-03,6.166
2015-01-04,6.1645
2015-01-05,6.163
2015-01-06,6.2325
2015-01-07,6.302
2015-01-09,6.441
2015-01-10,6.326499999999999
2015-01-11,6.212
2015-01-12,6.1895
2015-01-13,6.167
2015-01-14,6.126
2015-01-15,6.085
2015-01-16,6.0695
2015-01-17,6.054
2015-01-18,6.119
2015-01-19,6.184
2015-01-20,6.186
2015-01-21,6.188
2015-01-22,6.731
2015-01-23,7.274
2015-01-24,7.508
2015-01-25,7.742
2015-01-26,7.464
2015-01-27,7.186
2015-01-28,6.712
2015-01-29,6.238
2015-01-30,6.128500000000001
2015-01-31,6.019
2015-02-01,8.888
2015-02-02,8.126
2015-02-03,8.524
2015-02-04,7.82
2015-02-05,7.683
2015-02-06,7.693
2015-02-07,8.333
2015-02-08,7.654
2015-02-09,7.836
2015-02-10,8.457
2015-02-11,8.388
2015-02-12,8.355
2015-02-13,8.744
2015-02-14,13.182
2015-02-15,9.28
2015-02-16,15.054
2015-02-17,14.256
2015-02-18,9.908
2015-02-19,8.308
2015-02-20,6.817
2015-02-21,6.627
2015-02-22,7.203
2015-02-23,7.087
2015-02-24,7.14
2015-02-25,7.346
2015-02-26,7.253
2015-02-27,7.21
2015-02-28,8.876
2015-03-01,8.429
2015-03-02,9.3116
2015-03-03,10.1942
2015-03-06,12.842
2015-03-07,13.269
2015-03-08,13.696
2015-03-09,13.5695
2015-03-10,13.443
2015-03-11,13.6875
2015-03-12,13.932
2015-03-13,13.621
2015-03-14,13.31
2015-03-15,13.595
2015-03-16,13.88
2015-03-17,15.9295
2015-03-18,17.979
2015-03-19,15.988
2015-03-20,13.997
2015-03-21,12.538
2015-03-22,11.079
2015-03-23,10.95
2015-03-24,10.821
2015-03-25,10.2025
2015-03-26,9.584
2015-03-27,9.5415
2015-03-28,9.499
2015-03-29,8.822500000000002
2015-03-30,8.146
2015-03-31,8.9435
2015-04-01,9.741
2015-04-02,9.6265
2015-04-03,9.512
2015-04-04,8.8655
2015-04-05,8.219
2015-04-06,8.308499999999999
2015-04-07,8.398
2015-04-08,8.7655
2015-04-09,9.133
2015-04-10,9.5905
2015-04-11,10.048
2015-04-12,9.222
2015-04-13,8.396
2015-04-14,8.418500000000002
2015-04-15,8.441
2015-04-17,8.486
2015-04-18,8.494
2015-04-19,8.502
2015-04-20,8.3655
2015-04-21,8.229
2015-04-22,8.321
2015-04-23,8.413
2015-04-24,8.211
2015-04-25,8.009
2015-04-26,8.187000000000001
2015-04-27,8.365
2015-04-28,8.2655
2015-04-29,8.166
2015-04-30,8.2835
2015-05-01,8.401
2015-05-02,8.451
2015-05-03,8.501
2015-05-04,8.317
2015-05-05,8.133
2015-05-06,7.875499999999999
2015-05-07,7.617999999999999
2015-05-09,7.103
2015-05-10,7.1
2015-05-11,7.097
2015-05-12,7.003
2015-05-13,6.909
2015-05-14,6.7325
2015-05-15,6.556
2015-05-16,6.6465
2015-05-17,6.737
2015-05-18,6.711
2015-05-19,6.685
2015-05-20,6.653499999999999
2015-05-21,6.622
2015-05-22,6.6275
2015-05-23,6.633
2015-05-24,6.4895
2015-05-25,6.346
2015-05-26,6.359
2015-05-27,6.372
2015-05-28,6.479
2015-05-29,6.586
2015-05-30,6.5440000000000005
2015-05-31,6.502
2015-06-01,6.393
2015-06-02,6.284
2015-06-03,6.386
2015-06-04,6.488
2015-06-05,6.4095
2015-06-06,6.331
2015-06-07,6.362500000000001
2015-06-08,6.394
2015-06-09,6.423500000000001
2015-06-10,6.453
2015-06-11,6.446
2015-06-12,6.439
2015-06-13,6.4415
2015-06-14,6.444
2015-06-15,6.447
2015-06-16,6.45
2015-06-17,6.464
2015-06-18,6.478
2015-06-19,6.4635
2015-06-20,6.449
2015-06-21,6.419499999999999
2015-06-22,6.39
2015-06-23,6.4105
2015-06-24,6.431
2015-06-25,6.455
2015-06-26,6.479
2015-06-27,6.3945
2015-06-28,6.31
2015-06-29,6.334
2015-06-30,6.358
2015-07-01,6.4085
2015-07-02,6.459
2015-07-03,6.4615
2015-07-04,6.464
2015-07-05,6.4835
2015-07-06,6.503
2015-07-07,6.4670000000000005
2015-07-08,6.431
2015-07-09,6.44
2015-07-10,6.449
2015-07-11,6.465
2015-07-12,6.481
2015-07-13,6.343500000000001
2015-07-14,6.206
2015-07-15,6.223000000000001
2015-07-16,6.24
2015-07-17,6.2170000000000005
2015-07-18,6.194
2015-07-19,6.3420000000000005
2015-07-20,6.49
2015-07-21,6.029
2015-07-22,5.568
2015-07-23,5.5535
2015-07-24,5.539
2015-07-25,5.5875
2015-07-26,5.636
2015-07-27,5.697
2015-07-28,5.758
2015-07-29,5.767
2015-07-30,5.776
2015-07-31,5.7885
2015-08-01,5.801
2015-08-02,5.8005
2015-08-03,5.8
2015-08-04,5.8685
2015-08-05,5.937
2015-08-06,5.931
2015-08-07,5.925
2015-08-11,5.901
2015-08-12,5.8955
2015-08-13,5.89
2015-08-14,5.908
2015-08-15,5.926
2015-08-16,5.9285
2015-08-17,5.931
2015-08-18,5.829000000000001
2015-08-19,5.727
2015-08-20,5.7490000000000006
2015-08-21,5.771
2015-08-22,5.806
2015-08-23,5.841
2015-08-24,5.926
2015-08-25,6.011
2015-08-26,5.9625
2015-08-27,5.914
2015-08-28,5.9375
2015-08-29,5.961
2015-08-30,5.8975
2015-08-31,5.834
2015-09-01,5.8325
2015-09-02,5.831
2015-09-03,5.8565000000000005
2015-09-04,5.882
2015-09-05,5.836
2015-09-06,5.79
2015-09-07,5.7955000000000005
2015-09-08,5.801
2015-09-09,5.8075
2015-09-10,5.814
2015-09-11,5.8175
2015-09-12,5.821
2015-09-13,5.7775
2015-09-14,5.734
2015-09-15,5.7885
2015-09-16,5.843
2015-09-17,5.846
2015-09-18,5.849
2015-09-19,5.8655
2015-09-20,5.882
2015-09-21,5.8625
2015-09-22,5.843
2015-09-23,5.8705
2015-09-24,5.898
2015-09-25,5.851
2015-09-26,5.804
2015-09-27,5.855
2015-09-28,5.906
2015-09-29,5.874
2015-09-30,5.842
2015-10-01,5.928
2015-10-02,6.014
2015-10-03,5.904
2015-10-04,5.794
2015-10-05,5.774
2015-10-06,5.754
2015-10-08,5.714
2015-10-09,5.7675
2015-10-10,5.821
2015-10-11,5.8420000000000005
2015-10-12,5.863
2015-10-13,5.8355
2015-10-14,5.808
2015-10-15,5.83
2015-10-16,5.852
2015-10-17,5.8655
2015-10-18,5.879
2015-10-19,5.864
2015-10-20,5.849
2015-10-21,5.8645
2015-10-22,5.88
2015-10-23,5.872
2015-10-24,5.864
2015-10-25,6.023
2015-10-26,6.182
2015-10-27,5.986000000000001
2015-10-28,5.79
2015-10-29,5.825
2015-10-30,5.86
2015-10-31,5.8415
2015-11-01,5.823
2015-11-02,5.7935
2015-11-03,5.764
2015-11-04,5.8335
2015-11-05,5.903
2015-11-06,5.883
2015-11-07,5.863
2015-11-08,5.8695
2015-11-09,5.876
2015-11-10,5.844
2015-11-11,5.812
2015-11-12,5.8355
2015-11-13,5.859
2015-11-14,5.84
2015-11-15,5.821
2015-11-16,5.8625
2015-11-17,5.904
2015-11-18,5.8825
2015-11-19,5.861
2015-11-20,5.872999999999999
2015-11-21,5.885
2015-11-22,5.876
2015-11-23,5.867
2015-11-24,5.88
2015-11-25,5.893
2015-11-26,6.0905000000000005
2015-11-27,6.288
2015-11-28,6.1585
2015-11-29,6.029
2015-11-30,5.9365000000000006
2015-12-01,5.844
2015-12-02,5.8535
2015-12-03,5.863
2015-12-04,5.8555
2015-12-05,5.848
2015-12-06,5.811999999999999
2015-12-07,5.776
2015-12-08,5.8335
2015-12-09,5.891
2015-12-10,5.920999999999999
2015-12-11,5.951
2015-12-12,5.805999999999999
2015-12-13,5.661
2015-12-14,5.760999999999999
2015-12-15,5.861
2015-12-16,5.879
2015-12-17,5.897
2015-12-18,5.9475
2015-12-19,5.998
2015-12-20,5.955500000000001
2015-12-21,5.913
2015-12-22,5.9005
2015-12-23,5.888
2015-12-24,6.135
2015-12-25,6.382
2015-12-26,6.122
2015-12-27,5.862
2015-12-28,5.885
2015-12-29,5.908
2015-12-30,5.964
2015-12-31,6.02
2016-01-01,5.93
2016-01-02,5.84
2016-01-03,5.852
2016-01-04,5.864
2016-01-05,5.912
2016-01-06,5.96
2016-01-07,5.964
2016-01-08,5.968
2016-01-09,5.9775
2016-01-10,5.987
2016-01-11,5.94
2016-01-12,5.893
2016-01-13,5.9025
2016-01-14,5.912
2016-01-15,5.8945
2016-01-16,5.877
2016-01-17,5.929
2016-01-18,5.981
2016-01-19,5.941
2016-01-20,5.901
2016-01-21,5.93
2016-01-22,5.959
2016-01-23,5.904999999999999
2016-01-24,5.851
2016-01-25,5.916
2016-01-26,5.981
2016-01-27,6.017
2016-01-28,6.053
2016-01-29,5.979
2016-01-30,5.905
2016-01-31,5.91
2016-02-01,5.915
2016-02-02,5.934
2016-02-03,5.953
2016-02-04,5.9285
2016-02-05,5.904
2016-02-06,5.888
2016-02-07,5.872
2016-02-08,6.056
2016-02-09,6.24
2016-02-10,6.286
2016-02-11,6.332
2016-02-12,6.754
2016-02-13,7.176
2016-02-14,7.350166666666666
2016-02-15,7.524333333333334
2016-02-19,8.221
2016-02-20,8.91
2016-02-21,20.053
2016-02-22,14.997
2016-02-23,16.709
2016-02-24,16.453
2016-02-25,16.115
2016-02-26,15.382
2016-02-27,9.59
2016-02-28,8.68
2016-02-29,8.538
2016-03-01,8.579
2016-03-02,8.6115
2016-03-03,8.644
2016-03-04,8.647
2016-03-05,8.65
2016-03-06,8.6615
2016-03-07,8.673
2016-03-08,8.6645
2016-03-09,8.656
2016-03-10,8.6502
2016-03-11,8.644400000000001
2016-03-14,8.627
2016-03-15,8.6135
2016-03-16,8.6
2016-03-17,8.578
2016-03-18,8.556
2016-03-19,8.558
2016-03-20,8.56
2016-03-21,9.273
2016-03-22,9.986
2016-03-23,9.4285
2016-03-24,8.871
2016-03-25,8.7955
2016-03-26,8.72
2016-03-27,8.685500000000001
2016-03-28,8.651
2016-03-29,8.707
2016-03-30,8.763
2016-03-31,8.814499999999999
2016-04-01,8.866
2016-04-02,8.857
2016-04-03,8.848
2016-04-04,8.996400000000001
2016-04-05,9.1448
2016-04-08,9.59
2016-04-09,9.6075
2016-04-10,9.625
2016-04-11,9.5825
2016-04-12,9.54
2016-04-13,9.602
2016-04-14,9.664
2016-04-15,9.576
2016-04-16,9.488
2016-04-17,9.5125
2016-04-18,9.537
2016-04-19,9.1325
2016-04-20,8.728
2016-04-21,8.3675
2016-04-22,8.007
2016-04-23,8.0515
2016-04-24,8.096
2016-04-25,7.8875
2016-04-26,7.679
2016-04-27,7.686
2016-04-28,7.693
2016-04-29,7.649
2016-04-30,7.605
2016-05-01,7.635
2016-05-02,7.665
2016-05-03,7.64175
2016-05-04,7.6185
2016-05-06,7.572
2016-05-07,7.534000000000001
2016-05-08,7.496
2016-05-09,7.4375
2016-05-10,7.379
2016-05-11,7.4105
2016-05-12,7.442
2016-05-13,7.406000000000001
2016-05-14,7.37
2016-05-15,7.537
2016-05-16,7.704
2016-05-17,7.5625
2016-05-18,7.421
2016-05-19,7.3715
2016-05-20,7.322
2016-05-21,7.327999999999999
2016-05-22,7.334
2016-05-23,7.3465
2016-05-24,7.359
2016-05-25,7.343999999999999
2016-05-26,7.329
2016-05-27,7.4495
2016-05-28,7.57
2016-05-29,7.4825
2016-05-30,7.395
2016-05-31,7.305999999999999
2016-06-01,7.217
2016-06-02,7.2255
2016-06-03,7.234
2016-06-04,7.236499999999999
2016-06-05,7.239
2016-06-06,7.244
2016-06-07,7.249
2016-06-13,7.279
2016-06-14,7.268
2016-06-15,7.257
2016-06-16,7.239
2016-06-17,7.221
2016-06-18,7.214875912408759
2016-06-19,7.208751824817519
2016-11-01,6.382
2016-11-02,6.3985
2016-11-03,6.415
2016-11-04,6.3805
2016-11-05,6.346
2016-11-06,6.343500000000001
2016-11-07,6.341
2016-11-08,6.2575
2016-11-09,6.174
2016-11-10,6.296
2016-11-11,6.418
2016-11-12,6.3575
2016-11-13,6.297
2016-11-14,6.2565
2016-11-15,6.216
2016-11-16,6.0975
2016-11-17,5.979
2016-11-18,6.051
2016-11-19,6.123
2016-11-20,6.1335
2016-11-21,6.144
2016-11-22,6.1815
2016-11-23,6.219
2016-11-24,6.268000000000001
2016-11-25,6.317
2016-11-26,6.3100000000000005
2016-11-27,6.303
2016-11-28,6.301
2016-11-29,6.299
2016-11-30,6.355
2016-12-01,6.411
2016-12-02,6.435
2016-12-03,6.459
2016-12-04,6.428
2016-12-05,6.397
2016-12-06,6.380166666666667
2016-12-07,6.363333333333333
2016-12-11,6.296
2016-12-12,6.295
2016-12-13,6.294
2016-12-14,6.2405
2016-12-15,6.187
2016-12-16,6.198
2016-12-17,6.209
2016-12-18,6.212999999999999
2016-12-19,6.217
2016-12-20,6.3005
2016-12-21,6.384
2016-12-22,6.596500000000001
2016-12-23,6.809
2016-12-24,6.8425
2016-12-25,6.876
2016-12-26,6.7555
2016-12-27,6.635
2016-12-28,6.5775
2016-12-29,6.52
2016-12-30,6.9445
2016-12-31,7.369
2017-01-01,7.685
2017-01-02,7.793
2017-01-03,7.476
2017-01-04,7.38
2017-01-05,8.551
2017-01-06,9.891
2017-01-07,9.935
2017-01-08,9.773
2017-01-09,9.844
2017-01-10,9.047
2017-01-11,9.013
2017-01-12,9.004199999999999
2017-01-13,8.9954
2017-01-16,8.969
2017-01-17,9.0145
2017-01-18,9.06
2017-01-19,9.113
2017-01-20,9.166
2017-01-21,9.1695
2017-01-22,9.173
2017-01-23,9.2115
2017-01-24,9.25
2017-01-25,9.2
2017-01-26,9.15
2017-01-27,9.139
2017-01-28,9.128
2017-01-29,9.1725
2017-01-30,9.217
2017-01-31,9.0675
2017-02-01,8.918
2017-02-02,8.9605
2017-02-03,9.003
2017-02-04,8.909500000000001
2017-02-05,8.816
2017-02-06,8.772
2017-02-07,8.728
2017-02-08,8.739666666666666
2017-02-09,8.751333333333333
2017-02-13,8.798
2017-02-14,8.834
2017-02-15,8.87
2017-02-16,9.2665
2017-02-17,9.663
2017-02-18,9.6965
2017-02-19,9.73
2017-02-20,9.725
2017-02-21,9.72
2017-02-22,10.266
2017-02-23,10.524
2017-02-24,10.412
2017-02-25,11.479
2017-02-26,13.411
2017-02-27,12.913
2017-02-28,11.707
2017-03-01,11.81
2017-03-02,11.7555
2017-03-03,11.701
2017-03-04,12.121
2017-03-05,12.541
2017-03-06,12.721
2017-03-07,13.864
2017-03-08,14.206
2017-03-09,17.546
2017-03-10,20.375
2017-03-11,19.8534
2017-03-12,19.3318
2017-03-20,15.159
2017-03-21,15.1085
2017-03-22,15.058
2017-03-23,14.778
2017-03-24,14.498
2017-03-25,14.922
2017-03-26,15.346
2017-03-27,14.999
2017-03-28,14.652
2017-03-29,14.427
2017-03-30,14.202
2017-03-31,14.082666666666666
2017-04-01,13.963333333333331
2017-04-02,13.844
2017-04-03,13.935
2017-04-04,14.026
2017-04-05,13.796
2017-04-06,13.566
2017-04-07,13.7645
2017-04-08,13.963
2017-04-09,13.8135
2017-04-10,13.664
2017-04-11,13.697
2017-04-12,13.73
2017-04-13,13.432
2017-04-14,13.134
2017-04-15,13.2085
2017-04-16,13.283
2017-04-17,12.798
2017-04-18,12.313
2017-04-19,12.1375
2017-04-20,11.962
2017-04-21,11.731
2017-04-22,11.5
2017-04-23,11.181
2017-04-24,10.862
2017-04-25,10.74
2017-04-26,10.618
2017-04-27,10.4555
2017-04-28,10.293
2017-04-29,10.1665
2017-04-30,10.04
2017-05-01,8.101
2017-05-02,7.9675
2017-05-03,7.834
2017-05-04,7.8595
2017-05-05,7.885
2017-05-06,7.765
2017-05-07,7.645
2017-05-08,7.6105
2017-05-09,7.576
2017-05-10,7.616
2017-05-11,7.656
2017-05-12,7.617
2017-05-13,7.578
2017-05-14,7.53
2017-05-15,7.482
2017-05-16,7.628
2017-05-17,7.774
2017-05-18,8.1563
2017-05-19,8.5386
2017-05-27,11.597
2017-05-28,11.505333333333333
2017-05-29,11.413666666666666
2017-05-30,11.322
2017-05-31,9.7115
2017-06-01,8.101
2017-06-02,7.9675
2017-06-03,7.834
2017-06-04,7.8595
2017-06-05,7.885
2017-06-06,7.765
2017-06-07,7.645
2017-06-08,7.6105
2017-06-09,7.576
2017-06-10,7.616
2017-06-11,7.656
2017-06-12,7.617
2017-06-13,7.578
2017-06-14,7.53
2017-06-15,7.482
2017-06-16,7.628
2017-06-17,7.774
2017-06-18,8.1563
2017-06-19,8.5386
2017-06-27,11.597
2017-06-28,11.505333333333333
2017-06-29,11.413666666666666
2017-06-30,11.322
2017-07-01,11.35275
2017-07-02,11.3835
2017-07-04,11.445
2017-07-05,11.464333333333334
2017-07-06,11.483666666666666
2017-07-07,11.503
2017-07-08,11.524
2017-07-09,11.545
2017-07-11,11.587
2017-07-12,11.600333333333332
2017-07-13,11.613666666666669
2017-07-14,11.627
2017-07-15,11.553
2017-07-16,11.479
2017-07-18,11.331
2017-07-19,11.347
2017-07-20,11.363
2017-07-21,11.379
2017-07-22,11.407
2017-07-23,11.435
2017-07-25,11.491
2017-07-26,11.434666666666669
2017-07-27,11.378333333333332
2017-07-28,11.322
2017-07-29,11.40075
2017-07-30,11.4795
2017-08-01,11.637
2017-08-02,11.543666666666669
2017-08-03,11.450333333333331
2017-08-04,11.357
2017-08-05,11.371
2017-08-06,11.385
2017-08-08,11.413
2017-08-09,11.446666666666667
2017-08-10,11.480333333333332
2017-08-11,11.514
2017-08-12,11.50275
2017-08-13,11.491499999999998
2017-08-15,11.469
2017-08-16,11.546666666666669
2017-08-17,11.624333333333333
2017-08-18,11.702
2017-08-19,11.67025
2017-08-20,11.6385
2017-08-22,11.575
2017-08-23,11.603333333333332
2017-08-24,11.631666666666666
2017-08-25,11.66
2017-08-26,11.67175
2017-08-27,11.6835
2017-08-29,11.707
2017-08-30,11.678666666666668
2017-08-31,11.650333333333334
2017-09-01,11.622
2017-09-02,11.58825
2017-09-03,11.5545
2017-09-05,11.487
2017-09-06,11.483
2017-09-07,11.479
2017-09-08,11.475
2017-09-09,11.473
2017-09-10,11.471
2017-09-12,11.467
2017-09-13,11.471333333333334
2017-09-14,11.475666666666667
2017-09-15,11.48
2017-09-16,11.488285714285714
2017-09-17,11.496571428571428
2017-09-22,11.538
2017-09-23,11.492
2017-09-24,11.446
2017-09-26,11.354
2017-09-27,11.430333333333332
2017-09-28,11.506666666666666
2017-09-29,11.583
2017-09-30,11.5555
2017-10-01,11.528
2017-10-03,11.473
2017-10-04,11.423
2017-10-05,11.373
2017-10-06,11.323
2017-10-07,11.3145
2017-10-08,11.306
2017-10-10,11.289
2017-10-11,11.299333333333331
2017-10-12,11.309666666666669
2017-10-13,11.32
2017-10-14,11.3505
2017-10-15,11.381
2017-10-17,11.442
2017-10-18,11.388666666666667
2017-10-19,11.335333333333333
2017-10-20,11.282
2017-10-21,11.2735
2017-10-22,11.265
2017-10-24,11.248
2017-10-25,11.236
2017-10-26,11.224
2017-10-27,11.212
2017-10-28,11.2505
2017-10-29,11.289
2017-10-31,11.366
2017-11-01,11.386333333333331
2017-11-02,11.406666666666666
2017-11-03,11.427
2017-11-04,11.416
2017-11-05,11.405
2017-11-07,11.383
2017-11-08,11.272666666666666
2017-11-09,11.162333333333333
2017-11-10,11.052
2017-11-11,11.075714285714286
2017-11-12,11.099428571428572
2017-11-17,11.218
2017-11-18,11.1155
2017-11-19,11.013
2017-11-21,10.808
2017-11-22,10.984666666666666
2017-11-23,11.161333333333332
2017-11-24,11.338
2017-11-25,11.3465
2017-11-26,11.355
2017-11-28,11.372
2017-11-29,11.347666666666669
2017-11-30,11.323333333333332
2017-12-01,11.299
2017-12-02,10.71575
2017-12-03,10.1325
2017-12-05,8.966
2017-12-06,8.981
2017-12-07,8.995999999999999
2017-12-08,9.011
2017-12-09,8.986749999999999
2017-12-10,8.962499999999999
2017-12-12,8.914
2017-12-13,8.921333333333333
2017-12-14,8.928666666666667
2017-12-15,8.936
2017-12-16,9.02275
2017-12-17,9.1095
2017-12-19,9.283
2017-12-20,9.214
2017-12-21,9.145
2017-12-22,9.076
2017-12-23,9.08875
2017-12-24,9.1015
2017-12-26,9.127
2017-12-27,9.117666666666668
2017-12-28,9.108333333333334
2017-12-29,9.099
2017-12-30,9.149571428571427
2017-12-31,9.200142857142858
2018-01-05,9.453
2018-01-06,9.47625
2018-01-07,9.4995
2018-01-09,9.546
2018-01-10,9.813333333333333
2018-01-11,10.080666666666668
2018-01-12,10.348
2018-01-13,10.215
2018-01-14,10.082
2018-01-16,9.816
2018-01-17,10.308
2018-01-18,10.8
2018-01-19,9.507
2018-01-20,11.883
2018-01-21,12.329
2018-01-22,12.775
2018-01-23,13.221
2018-01-24,12.955
2018-01-25,13.854
2018-01-26,14.432
2018-01-27,13.605
2018-01-28,13.712
2018-01-29,12.629
2018-01-30,12.517
2018-01-31,12.307
2018-02-01,12.26
2018-02-02,12.213
2018-02-03,12.177857142857142
2018-02-04,12.142714285714286
2018-02-09,11.967
2018-02-10,11.52
2018-02-11,11.586
2018-02-12,11.766
2018-02-13,12.274
2018-02-14,12.956
2018-02-15,14.261
2018-02-16,18.554
2018-02-17,15.258
2018-02-18,14.441
2018-02-19,13.342
2018-02-20,10.793
2018-02-21,14.23
2018-02-22,11.493
2018-02-23,11.662
2018-02-24,11.148
2018-02-25,11.838
2018-02-26,11.984
2018-02-27,11.403
2018-02-28,12.08
2018-03-01,11.472
2018-03-02,11.873
2018-03-03,13.76
2018-03-04,12.442
2018-03-05,13.332
2018-03-06,12.606
2018-03-07,13.651
2018-03-08,14.284
2018-03-09,11.744
2018-03-10,12.994
2018-03-11,13.449
2018-03-12,12.551
2018-03-13,11.94
2018-03-14,12.204
2018-03-15,13.33
2018-03-16,13.331
2018-03-17,12.24
2018-03-18,12.398
2018-03-19,12.556
2018-03-23,13.188
2018-03-24,11.512
2018-03-25,12.79
2018-03-26,12.981
2018-03-27,13.447
2018-03-28,13.527
2018-03-29,12.735
2018-03-30,12.834
2018-03-31,12.346
2018-04-01,12.457
2018-04-02,12.311
2018-04-03,12.716
2018-04-04,12.624666666666666
2018-04-05,12.533333333333331
2018-04-09,12.168
2018-04-10,12.698
2018-04-11,13.619
2018-04-12,12.382
2018-04-13,12.368
2018-04-14,11.356
2018-04-15,11.112
2018-04-16,11.255
2018-04-17,12.274
2018-04-18,12.025
2018-04-19,11.318
2018-04-20,11.306
2018-04-21,11.386
2018-04-22,11.178
2018-04-23,11.54
2018-04-24,11.251
2018-04-25,11.255
2018-04-26,10.536
2018-04-27,10.471
2018-04-28,11.046
2018-04-29,10.759
2018-04-30,9.738
2018-05-01,9.71
2018-05-02,9.798666666666668
2018-05-03,9.887333333333334
2018-05-04,9.976
2018-05-05,10.001
2018-05-06,10.026
2018-05-07,10.1255
2018-05-08,10.225
2018-05-09,9.922
2018-05-10,9.619
2018-05-11,9.681
2018-05-12,9.743
2018-05-13,9.778
2018-05-14,9.813
2018-05-15,9.651
2018-05-16,9.489
2018-05-17,9.5915
2018-05-18,9.694
2018-05-19,9.6245
2018-05-20,9.555
2018-05-21,9.5005
2018-05-22,9.446
2018-05-23,9.6165
2018-05-24,9.787
2018-05-25,9.885000000000002
2018-05-26,9.983
2018-05-27,10.1315
2018-05-28,10.28
2018-05-29,10.1035
2018-05-30,9.927
2018-05-31,9.8775
2018-06-01,9.828
2018-06-02,9.753
2018-06-03,9.678
2018-06-04,9.794333333333334
2018-06-05,9.910666666666668
2018-06-09,10.376
2018-06-10,10.2495
2018-06-11,10.123
2018-06-12,9.707999999999998
2018-06-13,9.293
2018-06-14,9.424
2018-06-15,9.555
2018-06-16,9.673
2018-06-17,9.791
2018-06-18,9.5565
2018-06-19,9.322
2018-06-20,9.4465
2018-06-21,9.571
2018-06-22,9.4465
2018-06-23,9.322
2018-06-24,9.5325
2018-06-25,9.743
2018-06-26,9.642
2018-06-27,9.541
2018-06-28,9.523
2018-06-29,9.505
2018-06-30,9.64
2018-07-01,9.775
2018-07-02,9.4945
2018-07-03,9.214
2018-07-04,7.684
2018-07-05,6.154
2018-07-06,7.532
2018-07-07,8.91
2018-07-08,8.6145
2018-07-09,8.319
2018-07-10,8.502
2018-07-11,8.685
2018-07-12,8.556000000000001
2018-07-13,8.427
2018-07-14,8.593
2018-07-15,8.759
2018-07-16,8.720500000000001
2018-07-17,8.682
2018-07-18,8.679
2018-07-19,8.676
2018-07-20,8.4625
2018-07-21,8.249
2018-07-22,8.477
2018-07-23,8.705
2018-07-24,8.6935
2018-07-25,8.682
2018-07-26,8.4725
2018-07-27,8.263
2018-07-28,8.462
2018-07-29,8.661
2018-07-30,8.6275
2018-07-31,8.594
2018-08-01,8.594
2018-08-02,8.594
