date,discharge_m3s
1950-01-01,4.91
1950-01-02,5.8
1950-01-03,4.8
1950-01-04,6.2
1950-01-05,12.0
1950-01-06,8.41
1950-01-07,6.04
1950-01-08,8.33
1950-01-09,10.45
1950-01-10,25.2
1950-01-11,18.57
1950-01-12,15.82
1950-01-13,35.0
1950-01-14,43.42
1950-01-15,56.35
1950-01-16,52.2
1950-01-17,56.3
1950-01-18,56.6
1950-01-19,57.9
1950-01-20,59.2
1950-01-21,51.2
1950-01-22,50.0
1950-01-23,41.2
1950-01-24,26.0
1950-01-25,18.1
1950-01-26,15.2
1950-01-27,6.0
1950-01-28,10.2
1950-01-29,11.7
1950-01-30,12.5
1950-01-31,17.2
1950-02-01,10.44
1950-02-02,9.0
1950-02-03,7.0
1950-02-04,9.8
1950-02-05,15.0
1950-02-06,13.9
1950-02-07,22.8
1950-02-08,28.7
1950-02-09,36.9
1950-02-10,39.0
1950-02-11,50.0
1950-02-12,46.6
1950-02-13,58.0
1950-02-14,68.1
1950-02-15,70.0
1950-02-16,52.1
1950-02-17,43.3
1950-02-18,40.3
1950-02-19,46.2
1950-02-20,48.6
1950-02-21,50.0
1950-02-22,43.1
1950-02-23,48.5
1950-02-24,61.8
1950-02-25,77.0
1950-02-26,67.1
1950-02-27,57.8
1950-02-28,40.0
1950-03-01,38.1
1950-03-02,40.0
1950-03-03,27.6
1950-03-04,21.1
1950-03-05,20.2
1950-03-06,29.8
1950-03-07,43.3
1950-03-08,50.1
1950-03-09,87.0
1950-03-10,82.2
1950-03-11,82.1
1950-03-12,70.0
1950-03-13,63.0
1950-03-14,60.0
1950-03-15,64.1
1950-03-16,58.6
1950-03-17,57.0
1950-03-18,40.0
1950-03-19,41.3
1950-03-20,50.2
1950-03-21,52.6
1950-03-22,56.2
1950-03-23,40.1
1950-03-24,37.0
1950-03-25,32.6
1950-03-26,31.8
1950-03-27,40.0
1950-03-28,50.1
1950-03-29,42.1
1950-03-30,29.6
1950-03-31,32.7
1950-04-01,47.0
1950-04-02,46.1
1950-04-03,47.9
1950-04-04,46.1
1950-04-05,51.0
1950-04-06,46.1
1950-04-07,35.9
1950-04-08,33.0
1950-04-09,40.1
1950-04-10,51.0
1950-04-11,47.9
1950-04-12,46.1
1950-04-13,40.1
1950-04-14,51.0
1950-04-15,46.1
1950-04-16,51.0
1950-04-17,63.0
1950-04-18,46.1
1950-04-19,57.0
1950-04-20,37.6
1950-04-21,35.9
1950-04-22,46.1
1950-04-23,51.0
1950-04-24,46.1
1950-04-25,51.0
1950-04-26,41.05
1950-04-27,37.6
1950-04-28,26.4
1950-04-29,22.7
1950-04-30,15.5
1950-05-01,12.05
1950-05-02,11.1
1950-05-03,12.05
1950-05-04,11.1
1950-05-05,10.5
1950-05-06,11.1
1950-05-07,10.1
1950-05-08,9.4
1950-05-09,6.4
1950-05-10,6.9
1950-05-11,6.9
1950-05-12,6.0
1950-05-13,5.1
1950-05-14,3.8
1950-05-15,3.45
1950-05-16,3.0
1950-05-17,3.25
1950-05-18,3.27
1950-05-19,3.45
1950-05-20,3.27
1950-05-21,3.27
1950-05-22,3.27
1950-05-23,2.7
1950-05-24,2.55
1950-05-25,2.55
1950-05-26,2.3
1950-05-27,1.5
1950-05-28,1.45
1950-05-29,1.6
1950-05-30,1.8
1950-05-31,2.0
1950-06-01,3.03
1950-06-02,3.03
1950-06-03,2.96
1950-06-04,2.83
1950-06-05,2.83
1950-06-06,2.75
1950-06-07,2.75
1950-06-08,2.75
1950-06-09,2.75
1950-06-10,2.66
1950-06-11,2.66
1950-06-12,2.66
1950-06-13,2.54
1950-06-14,2.54
1950-06-15,2.54
1950-06-16,2.54
1950-06-17,2.54
1950-06-18,2.49
1950-06-19,2.49
1950-06-20,2.49
1950-06-21,2.45
1950-06-22,2.5
1950-06-23,2.5
1950-06-24,2.48
1950-06-25,2.46
1950-06-26,2.46
1950-06-27,2.46
1950-06-28,2.46
1950-06-29,2.41
1950-06-30,2.41
1950-07-01,2.35
1950-07-02,2.35
1950-07-03,2.35
1950-07-04,2.23
1950-07-05,2.23
1950-07-06,2.23
1950-07-07,2.3
1950-07-08,2.3
1950-07-09,2.3
1950-07-10,2.25
1950-07-11,2.25
1950-07-12,2.25
1950-07-13,2.22
1950-07-14,2.18
1950-07-15,2.18
1950-07-16,2.18
1950-07-17,2.15
1950-07-18,2.15
1950-07-19,2.15
1950-07-20,2.11
1950-07-21,2.11
1950-07-22,2.08
1950-07-23,2.05
1950-07-24,2.05
1950-07-25,2.0
1950-07-26,1.93
1950-07-27,1.86
1950-07-28,1.86
1950-07-29,1.85
1950-07-30,1.75
1950-07-31,1.75
1950-08-01,1.73
1950-08-02,1.73
1950-08-03,1.68
1950-08-04,1.6
1950-08-05,1.6
1950-08-06,1.59
1950-08-07,1.59
1950-08-08,1.47
1950-08-09,1.47
1950-08-10,1.47
1950-08-11,1.45
1950-08-12,1.45
1950-08-13,1.43
1950-08-14,1.43
1950-08-15,1.43
1950-08-16,1.43
1950-08-17,1.42
1950-08-18,1.42
1950-08-19,1.44
1950-08-20,1.44
1950-08-21,1.43
1950-08-22,1.43
1950-08-23,1.37
1950-08-24,1.37
1950-08-25,1.36
1950-08-26,1.36
1950-08-27,1.35
1950-08-28,1.35
1950-08-29,1.32
1950-08-30,1.32
1950-08-31,1.32
1950-09-01,1.3
1950-09-02,1.3
1950-09-03,1.29
1950-09-04,1.29
1950-09-05,1.37
1950-09-06,1.45
1950-09-07,1.45
1950-09-08,1.57
1950-09-09,1.5
1950-09-10,1.49
1950-09-11,1.57
1950-09-12,1.57
1950-09-13,1.5
1950-09-14,1.58
1950-09-15,1.65
1950-09-16,1.49
1950-09-17,1.4
1950-09-18,1.29
1950-09-19,1.4
1950-09-20,1.48
1950-09-21,1.48
1950-09-22,1.49
1950-09-23,1.4
1950-09-24,1.5
1950-09-25,1.48
1950-09-26,1.58
1950-09-27,1.49
1950-09-28,1.57
1950-09-29,1.49
1950-09-30,1.66
1950-10-01,1.57
1950-10-02,1.48
1950-10-03,1.4
1950-10-04,1.39
1950-10-05,1.49
1950-10-06,1.39
1950-10-07,1.39
1950-10-08,1.39
1950-10-09,1.48
1950-10-10,1.48
1950-10-11,1.48
1950-10-12,1.48
1950-10-13,1.48
1950-10-14,1.5
1950-10-15,1.5
1950-10-16,1.67
1950-10-17,1.76
1950-10-18,1.67
1950-10-19,1.67
1950-10-20,1.68
1950-10-21,1.76
1950-10-22,1.76
1950-10-23,2.11
1950-10-24,2.11
1950-10-25,2.11
1950-10-26,2.28
1950-10-27,2.11
1950-10-28,1.19
1950-10-29,1.79
1950-10-30,2.11
1950-10-31,1.68
1950-11-01,1.68
1950-11-02,1.59
1950-11-03,1.59
1950-11-04,1.66
1950-11-05,2.28
1950-11-06,3.3
1950-11-07,4.02
1950-11-08,3.3
1950-11-09,3.31
1950-11-10,3.0
1950-11-11,2.55
1950-11-12,3.31
1950-11-13,3.0
1950-11-14,3.0
1950-11-15,2.55
1950-11-16,2.55
1950-11-17,2.28
1950-11-18,2.11
1950-11-19,2.11
1950-11-20,2.28
1950-11-21,2.11
1950-11-22,1.79
1950-11-23,1.78
1950-11-24,1.79
1950-11-25,2.11
1950-11-26,2.11
1950-11-27,1.79
1950-11-28,2.28
1950-11-29,3.31
1950-11-30,7.4
1950-12-01,9.01
1950-12-02,8.26
1950-12-03,15.32
1950-12-04,14.9
1950-12-05,45.5
1950-12-06,28.33
1950-12-07,45.5
1950-12-08,50.56
1950-12-09,45.5
1950-12-10,47.22
1950-12-11,52.71
1950-12-12,53.89
1950-12-13,57.35
1950-12-14,65.38
1950-12-15,65.38
1950-12-16,50.56
1950-12-17,42.11
1950-12-18,57.35
1950-12-19,70.94
1950-12-20,68.24
1950-12-21,65.38
1950-12-22,67.9
1950-12-23,50.56
1950-12-24,37.75
1950-12-25,33.38
1950-12-26,18.94
1950-12-27,45.5
1950-12-28,60.66
1950-12-29,57.35
1950-12-30,62.89
1950-12-31,70.98
1951-01-01,61.13
1951-01-02,70.72
1951-01-03,60.48
1951-01-04,45.34
1951-01-05,44.71
1951-01-06,45.55
1951-01-07,40.6
1951-01-08,50.51
1951-01-09,43.57
1951-01-10,37.46
1951-01-11,26.73
1951-01-12,23.87
1951-01-13,20.79
1951-01-14,24.42
1951-01-15,14.82
1951-01-16,14.04
1951-01-17,13.35
1951-01-18,13.61
1951-01-19,14.5
1951-01-20,24.85
1951-01-21,35.53
1951-01-22,41.71
1951-01-23,50.4
1951-01-24,60.2
1951-01-25,49.22
1951-01-26,48.67
1951-01-27,50.61
1951-01-28,45.55
1951-01-29,48.67
1951-01-30,40.6
1951-01-31,30.43
1951-02-01,25.37
1951-02-02,23.85
1951-02-03,23.85
1951-02-04,24.24
1951-02-05,19.53
1951-02-06,22.81
1951-02-07,35.53
1951-02-08,33.17
1951-02-09,29.85
1951-02-10,27.87
1951-02-11,35.53
1951-02-12,39.42
1951-02-13,38.8
1951-02-14,50.64
1951-02-15,65.76
1951-02-16,75.63
1951-02-17,90.43
1951-02-18,70.56
1951-02-19,60.54
1951-02-20,70.81
1951-02-21,91.28
1951-02-22,85.22
1951-02-23,78.75
1951-02-24,98.28
1951-02-25,78.75
1951-02-26,70.81
1951-02-27,65.76
1951-02-28,67.15
1951-03-01,85.22
1951-03-02,100.83
1951-03-03,114.27
1951-03-04,75.22
1951-03-05,65.02
1951-03-06,54.63
1951-03-07,49.67
1951-03-08,44.33
1951-03-09,49.67
1951-03-10,65.02
1951-03-11,75.22
1951-03-12,98.28
1951-03-13,176.08
1951-03-14,166.06
1951-03-15,110.79
1951-03-16,80.71
1951-03-17,75.22
1951-03-18,80.75
1951-03-19,75.22
1951-03-20,85.78
1951-03-21,80.75
1951-03-22,80.75
1951-03-23,85.22
1951-03-24,70.76
1951-03-25,59.62
1951-03-26,56.83
1951-03-27,54.56
1951-03-28,50.83
1951-03-29,71.85
1951-03-30,75.9
1951-03-31,70.76
1951-04-01,60.54
1951-04-02,50.6
1951-04-03,44.52
1951-04-04,42.23
1951-04-05,35.55
1951-04-06,32.75
1951-04-07,30.68
1951-04-08,30.27
1951-04-09,26.82
1951-04-10,25.93
1951-04-11,22.5
1951-04-12,24.42
1951-04-13,24.42
1951-04-14,26.04
1951-04-15,31.19
1951-04-16,29.47
1951-04-17,26.04
1951-04-18,24.42
1951-04-19,21.69
1951-04-20,18.51
1951-04-21,15.52
1951-04-22,13.8
1951-04-23,12.82
1951-04-24,14.94
1951-04-25,14.04
1951-04-26,13.22
1951-04-27,12.8
1951-04-28,11.93
1951-04-29,11.93
1951-04-30,10.64
1951-05-01,9.79
1951-05-02,9.79
1951-05-03,9.35
1951-05-04,9.03
1951-05-05,9.03
1951-05-06,9.03
1951-05-07,8.58
1951-05-08,7.61
1951-05-09,7.61
1951-05-10,6.85
1951-05-11,6.29
1951-05-12,6.02
1951-05-13,5.85
1951-05-14,5.41
1951-05-15,5.41
1951-05-16,5.4
1951-05-17,5.4
1951-05-18,5.14
1951-05-19,4.87
1951-05-20,4.74
1951-05-21,4.32
1951-05-22,4.08
1951-05-23,4.08
1951-05-24,4.0
1951-05-25,3.78
1951-05-26,3.78
1951-05-27,3.72
1951-05-28,3.5
1951-05-29,3.29
1951-05-30,3.29
1951-05-31,3.29
1951-06-01,3.15
1951-06-02,3.15
1951-06-03,3.03
1951-06-04,3.03
1951-06-05,3.0
1951-06-06,2.99
1951-06-07,2.99
1951-06-08,2.94
1951-06-09,2.94
1951-06-10,2.88
1951-06-11,2.88
1951-06-12,2.87
1951-06-13,2.64
1951-06-14,2.55
1951-06-15,2.48
1951-06-16,2.46
1951-06-17,2.46
1951-06-18,2.44
1951-06-19,2.44
1951-06-20,2.41
1951-06-21,2.41
1951-06-22,2.37
1951-06-23,2.35
1951-06-24,2.35
1951-06-25,2.32
1951-06-26,2.32
1951-06-27,2.28
1951-06-28,2.28
1951-06-29,2.27
1951-06-30,2.25
1951-07-01,2.25
1951-07-02,2.24
1951-07-03,2.24
1951-07-04,2.2
1951-07-05,2.2
1951-07-06,2.24
1951-07-07,2.24
1951-07-08,2.24
1951-07-09,2.22
1951-07-10,2.2
1951-07-11,2.2
1951-07-12,2.17
1951-07-13,2.17
1951-07-14,2.15
1951-07-15,2.15
1951-07-16,2.14
1951-07-17,2.14
1951-07-18,2.13
1951-07-19,2.13
1951-07-20,2.13
1951-07-21,2.1
1951-07-22,2.1
1951-07-23,2.02
1951-07-24,2.02
1951-07-25,2.02
1951-07-26,2.04
1951-07-27,2.04
1951-07-28,1.95
1951-07-29,1.95
1951-07-30,1.97
1951-07-31,1.97
1951-08-01,1.93
1951-08-02,1.9
1951-08-03,1.73
1951-08-04,1.51
1951-08-05,1.51
1951-08-06,1.48
1951-08-07,1.48
1951-08-08,1.48
1951-08-09,1.48
1951-08-10,1.39
1951-08-11,1.39
1951-08-12,1.39
1951-08-13,1.39
1951-08-14,1.37
1951-08-15,1.37
1951-08-16,1.37
1951-08-17,1.4
1951-08-18,1.48
1951-08-19,1.46
1951-08-20,1.46
1951-08-21,1.45
1951-08-22,1.45
1951-08-23,1.38
1951-08-24,1.38
1951-08-25,1.22
1951-08-26,1.22
1951-08-27,1.23
1951-08-28,1.23
1951-08-29,1.23
1951-08-30,1.22
1951-08-31,1.22
1951-09-01,1.2
1951-09-02,1.2
1951-09-03,1.24
1951-09-04,1.24
1951-09-05,1.22
1951-09-06,1.22
1951-09-07,1.21
1951-09-08,1.21
1951-09-09,1.24
1951-09-10,1.24
1951-09-11,1.27
1951-09-12,1.27
1951-09-13,1.31
1951-09-14,1.36
1951-09-15,1.31
1951-09-16,1.38
1951-09-17,1.38
1951-09-18,1.36
1951-09-19,1.36
1951-09-20,1.31
1951-09-21,1.31
1951-09-22,1.38
1951-09-23,1.36
1951-09-24,1.51
1951-09-25,1.51
1951-09-26,1.55
1951-09-27,1.55
1951-09-28,1.59
1951-09-29,1.59
1951-09-30,1.59
1951-10-01,1.62
1951-10-02,1.62
1951-10-03,1.64
1951-10-04,1.62
1951-10-05,1.59
1951-10-06,1.59
1951-10-07,1.55
1951-10-08,1.59
1951-10-09,1.55
1951-10-10,1.38
1951-10-11,1.36
1951-10-12,1.36
1951-10-13,1.38
1951-10-14,1.38
1951-10-15,1.49
1951-10-16,1.51
1951-10-17,1.3
1951-10-18,1.51
1951-10-19,1.38
1951-10-20,1.38
1951-10-21,1.36
1951-10-22,1.31
1951-10-23,1.31
1951-10-24,1.31
1951-10-25,1.36
1951-10-26,1.67
1951-10-27,1.79
1951-10-28,8.46
1951-10-29,12.67
1951-10-30,11.14
1951-10-31,18.89
1951-11-01,27.76
1951-11-02,25.18
1951-11-03,24.09
1951-11-04,21.79
1951-11-05,25.18
1951-11-06,30.0
1951-11-07,37.07
1951-11-08,41.67
1951-11-09,30.0
1951-11-10,51.23
1951-11-11,44.79
1951-11-12,50.76
1951-11-13,42.49
1951-11-14,36.55
1951-11-15,38.22
1951-11-16,27.76
1951-11-17,26.22
1951-11-18,23.14
1951-11-19,20.56
1951-11-20,21.79
1951-11-21,23.14
1951-11-22,26.22
1951-11-23,20.09
1951-11-24,18.15
1951-11-25,15.79
1951-11-26,13.88
1951-11-27,12.03
1951-11-28,11.14
1951-11-29,10.0
1951-11-30,8.46
1951-12-01,7.61
1951-12-02,6.0
1951-12-03,5.22
1951-12-04,4.44
1951-12-05,5.22
1951-12-06,6.83
1951-12-07,7.61
1951-12-08,6.83
1951-12-09,7.61
1951-12-10,9.21
1951-12-11,9.21
1951-12-12,22.04
1951-12-13,32.46
1951-12-14,60.23
1951-12-15,65.38
1951-12-16,68.88
1951-12-17,50.76
1951-12-18,40.11
1951-12-19,29.05
1951-12-20,25.66
1951-12-21,26.22
1951-12-22,25.18
1951-12-23,25.18
1951-12-24,24.09
1951-12-25,25.18
1951-12-26,26.89
1951-12-27,38.22
1951-12-28,38.22
1951-12-29,45.03
1951-12-30,71.85
1951-12-31,70.0
1952-01-01,66.78
1952-01-02,58.21
1952-01-03,67.74
1952-01-04,43.62
1952-01-05,39.44
1952-01-06,39.44
1952-01-07,35.86
1952-01-08,39.44
1952-01-09,40.24
1952-01-10,47.85
1952-01-11,41.71
1952-01-12,56.29
1952-01-13,122.04
1952-01-14,156.74
1952-01-15,130.08
1952-01-16,151.88
1952-01-17,80.9
1952-01-18,67.2
1952-01-19,54.11
1952-01-20,67.2
1952-01-21,54.11
1952-01-22,67.2
1952-01-23,54.11
1952-01-24,41.72
1952-01-25,36.47
1952-01-26,30.38
1952-01-27,27.45
1952-01-28,22.19
1952-01-29,25.07
1952-01-30,25.07
1952-01-31,27.67
1952-02-01,42.02
1952-02-02,55.91
1952-02-03,69.25
1952-02-04,72.35
1952-02-05,83.4
1952-02-06,75.35
1952-02-07,55.91
1952-02-08,44.7
1952-02-09,38.98
1952-02-10,31.68
1952-02-11,31.68
1952-02-12,38.98
1952-02-13,77.41
1952-02-14,94.22
1952-02-15,90.0
1952-02-16,55.85
1952-02-17,55.91
1952-02-18,60.91
1952-02-19,55.91
1952-02-20,47.38
1952-02-21,69.17
1952-02-22,66.72
1952-02-23,63.5
1952-02-24,66.72
1952-02-25,107.42
1952-02-26,107.42
1952-02-27,66.72
1952-02-28,63.5
1952-02-29,44.19
1952-03-01,52.51
1952-03-02,39.78
1952-03-03,35.41
1952-03-04,30.2
1952-03-05,39.78
1952-03-06,44.19
1952-03-07,39.78
1952-03-08,35.41
1952-03-09,27.08
1952-03-10,21.82
1952-03-11,21.82
1952-03-12,27.77
1952-03-13,29.16
1952-03-14,28.46
1952-03-15,27.77
1952-03-16,20.76
1952-03-17,29.16
1952-03-18,44.19
1952-03-19,63.5
1952-03-20,83.4
1952-03-21,107.42
1952-03-22,69.17
1952-03-23,83.4
1952-03-24,151.88
1952-03-25,264.0
1952-03-26,194.4
1952-03-27,151.88
1952-03-28,151.88
1952-03-29,117.18
1952-03-30,83.4
1952-03-31,70.68
1952-04-01,52.58
1952-04-02,39.78
1952-04-03,46.14
1952-04-04,44.19
1952-04-05,39.78
1952-04-06,31.84
1952-04-07,29.16
1952-04-08,21.82
1952-04-09,20.76
1952-04-10,20.18
1952-04-11,20.47
1952-04-12,20.76
1952-04-13,20.1
1952-04-14,19.68
1952-04-15,19.15
1952-04-16,18.89
1952-04-17,20.1
1952-04-18,18.89
1952-04-19,17.68
1952-04-20,17.12
1952-04-21,16.56
1952-04-22,16.0
1952-04-23,15.7
1952-04-24,15.1
1952-04-25,15.31
1952-04-26,15.31
1952-04-27,14.51
1952-04-28,14.03
1952-04-29,13.78
1952-04-30,14.49
1952-05-01,13.49
1952-05-02,13.17
1952-05-03,13.73
1952-05-04,12.55
1952-05-05,12.41
1952-05-06,12.15
1952-05-07,11.89
1952-05-08,11.62
1952-05-09,11.47
1952-05-10,11.62
1952-05-11,11.62
1952-05-12,11.47
1952-05-13,11.14
1952-05-14,11.14
1952-05-15,9.69
1952-05-16,11.14
1952-05-17,9.05
1952-05-18,9.05
1952-05-19,8.72
1952-05-20,7.96
1952-05-21,7.96
1952-05-22,7.07
1952-05-23,6.66
1952-05-24,6.66
1952-05-25,7.07
1952-05-26,6.16
1952-05-27,6.16
1952-05-28,3.86
1952-05-29,5.53
1952-05-30,4.63
1952-05-31,3.86
1952-06-01,3.86
1952-06-02,2.81
1952-06-03,2.58
1952-06-04,2.43
1952-06-05,1.99
1952-06-06,1.87
1952-06-07,1.7
1952-06-08,1.7
1952-06-09,1.7
1952-06-10,1.54
1952-06-11,1.54
1952-06-12,1.37
1952-06-13,1.37
1952-06-14,1.34
1952-06-15,1.37
1952-06-16,1.29
1952-06-17,1.29
1952-06-18,1.37
1952-06-19,1.34
1952-06-20,1.23
1952-06-21,1.23
1952-06-22,1.15
1952-06-23,1.23
1952-06-24,1.15
1952-06-25,1.15
1952-06-26,1.37
1952-06-27,1.37
1952-06-28,1.15
1952-06-29,1.23
1952-06-30,1.37
1952-07-01,1.15
1952-07-02,1.11
1952-07-03,1.15
1952-07-04,1.15
1952-07-05,1.11
1952-07-06,1.48
1952-07-07,1.48
1952-07-08,1.48
1952-07-09,1.99
1952-07-10,1.99
1952-07-11,1.54
1952-07-12,1.54
1952-07-13,1.54
1952-07-14,1.37
1952-07-15,1.37
1952-07-16,1.34
1952-07-17,1.34
1952-07-18,1.16
1952-07-19,1.16
1952-07-20,1.16
1952-07-21,1.16
1952-07-22,1.16
1952-07-23,1.17
1952-07-24,1.17
1952-07-25,1.17
1952-07-26,1.23
1952-07-27,1.23
1952-07-28,1.23
1952-07-29,1.19
1952-07-30,1.19
1952-07-31,1.19
1952-08-01,1.19
1952-08-02,1.14
1952-08-03,1.14
1952-08-04,1.14
1952-08-05,1.11
1952-08-06,1.11
1952-08-07,1.21
1952-08-08,1.21
1952-08-09,1.21
1952-08-10,1.16
1952-08-11,1.16
1952-08-12,1.61
1952-08-13,1.61
1952-08-14,1.64
1952-08-15,1.64
1952-08-16,1.76
1952-08-17,1.76
1952-08-18,2.93
1952-08-19,1.68
1952-08-20,1.68
1952-08-21,1.68
1952-08-22,1.68
1952-08-23,1.68
1952-08-24,1.69
1952-08-25,1.69
1952-08-26,1.69
1952-08-27,1.69
1952-08-28,1.71
1952-08-29,1.71
1952-08-30,1.71
1952-08-31,1.71
1952-09-01,1.2
1952-09-02,1.2
1952-09-03,1.24
1952-09-04,1.24
1952-09-05,1.22
1952-09-06,1.22
1952-09-07,1.21
1952-09-08,1.21
1952-09-09,1.24
1952-09-10,1.24
1952-09-11,1.21
1952-09-12,1.21
1952-09-13,1.21
1952-09-14,1.21
1952-09-15,1.21
1952-09-16,1.24
1952-09-17,1.24
1952-09-18,1.25
1952-09-19,1.25
1952-09-20,1.25
1952-09-21,1.31
1952-09-22,1.38
1952-09-23,1.36
1952-09-24,1.51
1952-09-25,1.51
1952-09-26,1.25
1952-09-27,1.25
1952-09-28,1.25
1952-09-29,1.25
1952-09-30,1.25
1952-10-01,1.2
1952-10-02,1.2
1952-10-03,1.24
1952-10-04,1.25
1952-10-05,1.23
1952-10-06,1.21
1952-10-07,1.21
1952-10-08,1.24
1952-10-09,1.24
1952-10-10,1.21
1952-10-11,1.21
1952-10-12,1.21
1952-10-13,1.21
1952-10-14,1.24
1952-10-15,1.43
1952-10-16,1.28
1952-10-17,1.25
1952-10-18,1.31
1952-10-19,1.38
1952-10-20,1.36
1952-10-21,1.51
1952-10-22,1.51
1952-10-23,1.25
1952-10-24,1.25
1952-10-25,1.25
1952-10-26,1.21
1952-10-27,1.25
1952-10-28,1.25
1952-10-29,1.25
1952-10-30,1.25
1952-10-31,1.25
1952-11-01,1.26
1952-11-02,1.26
1952-11-03,1.26
1952-11-04,1.68
1952-11-05,1.68
1952-11-06,1.7
1952-11-07,1.7
1952-11-08,1.7
1952-11-09,1.7
1952-11-10,1.7
1952-11-11,1.71
1952-11-12,1.71
1952-11-13,1.72
1952-11-14,1.72
1952-11-15,1.72
1952-11-16,1.72
1952-11-17,1.73
1952-11-18,1.73
1952-11-19,1.79
1952-11-20,2.74
1952-11-21,3.11
1952-11-22,3.11
1952-11-23,4.2
1952-11-24,4.25
1952-11-25,4.25
1952-11-26,7.2
1952-11-27,7.2
1952-11-28,6.4
1952-11-29,5.2
1952-11-30,4.4
1952-12-01,4.4
1952-12-02,7.5
1952-12-03,7.5
1952-12-04,25.0
1952-12-05,26.0
1952-12-06,28.0
1952-12-07,32.5
1952-12-08,25.0
1952-12-09,26.0
1952-12-10,28.0
1952-12-11,32.5
1952-12-12,32.5
1952-12-13,38.2
1952-12-14,38.2
1952-12-15,36.4
1952-12-16,36.4
1952-12-17,38.4
1952-12-18,39.2
1952-12-19,40.0
1952-12-20,36.0
1952-12-21,35.0
1952-12-22,35.0
1952-12-23,34.0
1952-12-24,34.0
1952-12-25,20.0
1952-12-26,21.0
1952-12-27,21.0
1952-12-28,20.2
1952-12-29,20.2
1952-12-30,19.0
1952-12-31,19.0
1953-01-01,20.0
1953-01-02,19.0
1953-01-03,38.0
1953-01-04,40.0
1953-01-05,31.0
1953-01-06,32.0
1953-01-07,35.0
1953-01-08,40.5
1953-01-09,48.5
1953-01-10,48.5
1953-01-11,48.5
1953-01-12,48.5
1953-01-13,48.5
1953-01-14,49.0
1953-01-15,60.5
1953-01-16,41.0
1953-01-17,32.33
1953-01-18,32.33
1953-01-19,63.4
1953-01-20,63.4
1953-01-21,63.83
1953-01-22,44.38
1953-01-23,44.38
1953-01-24,67.1
1953-01-25,69.32
1953-01-26,75.27
1953-01-27,75.27
1953-01-28,93.84
1953-01-29,76.25
1953-01-30,76.25
1953-01-31,78.61
1953-02-01,77.32
1953-02-02,77.32
1953-02-03,62.45
1953-02-04,62.45
1953-02-05,80.13
1953-02-06,116.2
1953-02-07,116.2
1953-02-08,119.77
1953-02-09,132.33
1953-02-10,95.36
1953-02-11,93.4
1953-02-12,70.54
1953-02-13,74.36
1953-02-14,74.36
1953-02-15,75.9
1953-02-16,77.12
1953-02-17,86.53
1953-02-18,89.3
1953-02-19,113.22
1953-02-20,113.22
1953-02-21,151.3
1953-02-22,151.3
1953-02-23,151.3
1953-02-24,176.5
1953-02-25,176.5
1953-02-26,148.52
1953-02-27,148.52
1953-02-28,139.1
1953-03-01,139.1
1953-03-02,116.52
1953-03-03,116.52
1953-03-04,116.52
1953-03-05,107.0
1953-03-06,107.0
1953-03-07,163.5
1953-03-08,163.5
1953-03-09,151.72
1953-03-10,187.34
1953-03-11,171.9
1953-03-12,199.11
1953-03-13,185.1
1953-03-14,185.1
1953-03-15,177.0
1953-03-16,163.73
1953-03-17,177.0
1953-03-18,119.0
1953-03-19,127.3
1953-03-20,89.1
1953-03-21,89.1
1953-03-22,73.61
1953-03-23,67.8
1953-03-24,67.8
1953-03-25,69.32
1953-03-26,75.3
1953-03-27,83.91
1953-03-28,83.91
1953-03-29,65.5
1953-03-30,65.5
1953-03-31,61.0
1953-04-01,39.0
1953-04-02,35.5
1953-04-03,35.5
1953-04-04,40.5
1953-04-05,40.5
1953-04-06,46.7
1953-04-07,46.7
1953-04-08,49.3
1953-04-09,49.3
1953-04-10,47.1
1953-04-11,32.0
1953-04-12,40.0
1953-04-13,27.6
1953-04-14,27.6
1953-04-15,33.6
1953-04-16,33.6
1953-04-17,40.0
1953-04-18,29.15
1953-04-19,29.15
1953-04-20,26.89
1953-04-21,27.44
1953-04-22,27.44
1953-04-23,23.72
1953-04-24,23.72
1953-04-25,30.0
1953-04-26,38.5
1953-04-27,38.5
1953-04-28,35.0
1953-04-29,40.0
1953-04-30,36.4
1953-05-01,28.15
1953-05-02,27.0
1953-05-03,27.0
1953-05-04,26.09
1953-05-05,20.45
1953-05-06,19.2
1953-05-07,18.5
1953-05-08,18.5
1953-05-09,17.16
1953-05-10,17.0
1953-05-11,17.0
1953-05-12,16.75
1953-05-13,16.23
1953-05-14,16.23
1953-05-15,15.4
1953-05-16,15.09
1953-05-17,14.73
1953-05-18,14.73
1953-05-19,14.17
1953-05-20,14.17
1953-05-21,12.16
1953-05-22,12.16
1953-05-23,12.16
1953-05-24,11.34
1953-05-25,11.34
1953-05-26,11.69
1953-05-27,12.0
1953-05-28,12.0
1953-05-29,11.59
1953-05-30,11.4
1953-05-31,11.4
1953-06-01,10.92
1953-06-02,11.05
1953-06-03,7.98
1953-06-04,7.98
1953-06-05,7.98
1953-06-06,6.1
1953-06-07,6.1
1953-06-08,6.0
1953-06-09,6.0
1953-06-10,4.76
1953-06-11,5.22
1953-06-12,4.76
1953-06-13,4.76
1953-06-14,4.2
1953-06-15,4.2
1953-06-16,4.2
1953-06-17,4.15
1953-06-18,4.15
1953-06-19,4.09
1953-06-20,4.09
1953-06-21,4.09
1953-06-22,4.09
1953-06-23,4.02
1953-06-24,3.98
1953-06-25,3.98
1953-06-26,3.98
1953-06-27,3.98
1953-06-28,3.96
1953-06-29,3.96
1953-06-30,3.96
1953-07-01,3.82
1953-07-02,3.82
1953-07-03,3.81
1953-07-04,3.81
1953-07-05,3.8
1953-07-06,3.81
1953-07-07,3.76
1953-07-08,3.63
1953-07-09,3.63
1953-07-10,3.55
1953-07-11,3.48
1953-07-12,3.48
1953-07-13,3.25
1953-07-14,3.25
1953-07-15,3.25
1953-07-16,3.25
1953-07-17,3.25
1953-07-18,3.24
1953-07-19,3.24
1953-07-20,3.24
1953-07-21,3.24
1953-07-22,3.24
1953-07-23,3.24
1953-07-24,3.24
1953-07-25,3.23
1953-07-26,3.23
1953-07-27,3.23
1953-07-28,3.23
1953-07-29,3.23
1953-07-30,3.23
1953-07-31,3.23
1953-08-01,3.23
1953-08-02,3.23
1953-08-03,2.12
1953-08-04,2.1
1953-08-05,2.0
1953-08-06,2.12
1953-08-07,2.11
1953-08-08,2.11
1953-08-09,1.97
1953-08-10,1.96
1953-08-11,1.94
1953-08-12,1.94
1953-08-13,1.92
1953-08-14,1.9
1953-08-15,1.89
1953-08-16,1.89
1953-08-17,1.88
1953-08-18,1.72
1953-08-19,1.66
1953-08-20,1.61
1953-08-21,1.59
1953-08-22,1.53
1953-08-23,1.5
1953-08-24,1.49
1953-08-25,1.47
1953-08-26,1.44
1953-08-27,1.41
1953-08-28,1.4
1953-08-29,1.4
1953-08-30,1.4
1953-08-31,1.39
1953-09-01,1.39
1953-09-02,1.39
1953-09-03,1.38
1953-09-04,1.37
1953-09-05,1.37
1953-09-06,1.37
1953-09-07,1.37
1953-09-08,1.36
1953-09-09,1.36
1953-09-10,1.36
1953-09-11,1.36
1953-09-12,1.35
1953-09-13,1.34
1953-09-14,1.34
1953-09-15,1.33
1953-09-16,1.33
1953-09-17,1.56
1953-09-18,1.56
1953-09-19,1.58
1953-09-20,1.58
1953-09-21,1.6
1953-09-22,1.61
1953-09-23,1.61
1953-09-24,1.61
1953-09-25,1.62
1953-09-26,1.62
1953-09-27,1.62
1953-09-28,1.63
1953-09-29,1.63
1953-09-30,1.63
1953-10-01,1.64
1953-10-02,1.64
1953-10-03,1.64
1953-10-04,1.64
1953-10-05,1.64
1953-10-06,1.64
1953-10-07,1.64
1953-10-08,1.64
1953-10-09,1.64
1953-10-10,1.64
1953-10-11,1.65
1953-10-12,1.65
1953-10-13,1.65
1953-10-14,1.65
1953-10-15,1.66
1953-10-16,1.67
1953-10-17,1.68
1953-10-18,1.68
1953-10-19,1.69
1953-10-20,1.69
1953-10-21,1.7
1953-10-22,1.7
1953-10-23,1.7
1953-10-24,1.7
1953-10-25,1.7
1953-10-26,1.7
1953-10-27,1.71
1953-10-28,1.7
1953-10-29,1.71
1953-10-30,1.71
1953-10-31,1.71
1953-11-01,1.83
1953-11-02,1.9
1953-11-03,2.06
1953-11-04,2.12
1953-11-05,2.29
1953-11-06,2.33
1953-11-07,2.33
1953-11-08,2.42
1953-11-09,2.51
1953-11-10,15.11
1953-11-11,16.92
1953-11-12,17.8
1953-11-13,29.1
1953-11-14,26.02
1953-11-15,26.67
1953-11-16,27.0
1953-11-17,28.31
1953-11-18,26.13
1953-11-19,22.08
1953-11-20,22.97
1953-11-21,23.29
1953-11-22,17.46
1953-11-23,19.33
1953-11-24,19.71
1953-11-25,19.99
1953-11-26,20.62
1953-11-27,20.91
1953-11-28,21.5
1953-11-29,20.67
1953-11-30,21.84
1953-12-01,22.5
1953-12-02,18.16
1953-12-03,25.77
1953-12-04,23.4
1953-12-05,22.9
1953-12-06,21.4
1953-12-07,23.01
1953-12-08,23.71
1953-12-09,20.1
1953-12-10,24.0
1953-12-11,26.53
1953-12-12,21.16
1953-12-13,19.88
1953-12-14,15.83
1953-12-15,18.32
1953-12-16,16.59
1953-12-17,15.97
1953-12-18,14.13
1953-12-19,13.76
1953-12-20,14.74
1953-12-21,14.31
1953-12-22,14.53
1953-12-23,14.22
1953-12-24,13.91
1953-12-25,13.91
1953-12-26,13.79
1953-12-27,14.62
1953-12-28,14.92
1953-12-29,15.37
1953-12-30,15.94
1953-12-31,16.51
1954-01-01,16.87
1954-01-02,17.22
1954-01-03,17.71
1954-01-04,17.76
1954-01-05,18.32
1954-01-06,17.96
1954-01-07,18.18
1954-01-08,19.0
1954-01-09,19.35
1954-01-10,18.62
1954-01-11,19.98
1954-01-12,23.01
1954-01-13,26.51
1954-01-14,35.78
1954-01-15,43.02
1954-01-16,40.69
1954-01-17,53.11
1954-01-18,60.34
1954-01-19,49.22
1954-01-20,55.41
1954-01-21,62.12
1954-01-22,54.18
1954-01-23,56.75
1954-01-24,41.52
1954-01-25,56.31
1954-01-26,57.74
1954-01-27,58.32
1954-01-28,76.56
1954-01-29,75.39
1954-01-30,58.37
1954-01-31,50.82
1954-02-01,49.02
1954-02-02,56.12
1954-02-03,59.9
1954-02-04,67.89
1954-02-05,71.56
1954-02-06,79.99
1954-02-07,85.17
1954-02-08,83.58
1954-02-09,87.46
1954-02-10,89.17
1954-02-11,80.63
1954-02-12,93.17
1954-02-13,107.56
1954-02-14,98.76
1954-02-15,95.44
1954-02-16,91.36
1954-02-17,89.65
1954-02-18,88.11
1954-02-19,88.11
1954-02-20,63.91
1954-02-21,58.33
1954-02-22,54.24
1954-02-23,50.12
1954-02-24,89.39
1954-02-25,113.62
1954-02-26,116.79
1954-02-27,123.75
1954-02-28,109.71
1954-03-01,63.44
1954-03-02,69.87
1954-03-03,117.01
1954-03-04,165.68
1954-03-05,159.17
1954-03-06,179.36
1954-03-07,161.25
1954-03-08,153.69
1954-03-09,146.26
1954-03-10,131.02
1954-03-11,124.78
1954-03-12,126.53
1954-03-13,111.83
1954-03-14,103.43
1954-03-15,98.54
1954-03-16,84.6
1954-03-17,82.72
1954-03-18,78.11
1954-03-19,76.0
1954-03-20,73.62
1954-03-21,67.35
1954-03-22,53.67
1954-03-23,41.33
1954-03-24,39.5
1954-03-25,37.12
1954-03-26,34.87
1954-03-27,31.35
1954-03-28,26.44
1954-03-29,23.71
1954-03-30,21.43
1954-03-31,19.96
1954-04-01,18.31
1954-04-02,17.34
1954-04-03,18.58
1954-04-04,16.95
1954-04-05,18.97
1954-04-06,16.55
1954-04-07,15.8
1954-04-08,17.1
1954-04-09,16.52
1954-04-10,16.18
1954-04-11,15.33
1954-04-12,20.07
1954-04-13,18.29
1954-04-14,19.64
1954-04-15,17.9
1954-04-16,17.13
1954-04-17,15.79
1954-04-18,16.77
1954-04-19,16.32
1954-04-20,15.43
1954-04-21,17.17
1954-04-22,14.87
1954-04-23,14.55
1954-04-24,15.07
1954-04-25,14.69
1954-04-26,14.21
1954-04-27,13.61
1954-04-28,13.03
1954-04-29,10.34
1954-04-30,10.11
1954-05-01,10.0
1954-05-02,9.97
1954-05-03,9.35
1954-05-04,8.91
1954-05-05,8.77
1954-05-06,7.21
1954-05-07,6.8
1954-05-08,6.62
1954-05-09,5.88
1954-05-10,5.46
1954-05-11,5.27
1954-05-12,5.18
1954-05-13,5.0
1954-05-14,4.98
1954-05-15,4.02
1954-05-16,3.97
1954-05-17,3.85
1954-05-18,3.83
1954-05-19,3.82
1954-05-20,3.82
1954-05-21,3.8
1954-05-22,3.62
1954-05-23,3.41
1954-05-24,3.18
1954-05-25,3.07
1954-05-26,3.0
1954-05-27,2.98
1954-05-28,2.98
1954-05-29,2.97
1954-05-30,2.97
1954-05-31,2.96
1954-06-01,2.96
1954-06-02,2.96
1954-06-03,2.96
1954-06-04,2.95
1954-06-05,2.95
1954-06-06,2.95
1954-06-07,2.94
1954-06-08,2.94
1954-06-09,2.94
1954-06-10,2.93
1954-06-11,2.92
1954-06-12,2.92
1954-06-13,2.92
1954-06-14,2.92
1954-06-15,2.91
1954-06-16,2.61
1954-06-17,2.6
1954-06-18,2.54
1954-06-19,2.53
1954-06-20,2.52
1954-06-21,2.52
1954-06-22,2.52
1954-06-23,2.52
1954-06-24,2.52
1954-06-25,2.52
1954-06-26,2.51
1954-06-27,2.51
1954-06-28,2.51
1954-06-29,2.51
1954-06-30,2.51
1954-07-01,2.5
1954-07-02,2.5
1954-07-03,2.49
1954-07-04,2.49
1954-07-05,2.47
1954-07-06,2.47
1954-07-07,2.46
1954-07-08,2.45
1954-07-09,2.45
1954-07-10,2.44
1954-07-11,2.44
1954-07-12,2.42
1954-07-13,2.41
1954-07-14,2.3
1954-07-15,2.3
1954-07-16,2.28
1954-07-17,2.2
1954-07-18,2.2
1954-07-19,2.19
1954-07-20,2.19
1954-07-21,2.17
1954-07-22,2.15
1954-07-23,2.15
1954-07-24,2.14
1954-07-25,2.14
1954-07-26,2.13
1954-07-27,2.13
1954-07-28,2.13
1954-07-29,2.12
1954-07-30,2.11
1954-07-31,2.1
1954-08-01,2.09
1954-08-02,2.09
1954-08-03,2.08
1954-08-04,2.08
1954-08-05,2.08
1954-08-06,2.08
1954-08-07,2.07
1954-08-08,2.07
1954-08-09,2.07
1954-08-10,2.07
1954-08-11,2.06
1954-08-12,2.06
1954-08-13,2.07
1954-08-14,2.06
1954-08-15,2.06
1954-08-16,2.06
1954-08-17,2.06
1954-08-18,2.05
1954-08-19,2.05
1954-08-20,2.04
1954-08-21,2.03
1954-08-22,2.02
1954-08-23,2.0
1954-08-24,1.99
1954-08-25,1.99
1954-08-26,1.99
1954-08-27,1.98
1954-08-28,1.98
1954-08-29,1.97
1954-08-30,1.95
1954-08-31,1.95
1954-09-01,1.94
1954-09-02,1.93
1954-09-03,1.93
1954-09-04,1.91
1954-09-05,1.9
1954-09-06,1.89
1954-09-07,1.88
1954-09-08,1.88
1954-09-09,1.87
1954-09-10,1.84
1954-09-11,1.84
1954-09-12,1.82
1954-09-13,1.8
1954-09-14,1.78
1954-09-15,1.76
1954-09-16,1.72
1954-09-17,1.7
1954-09-18,1.68
1954-09-19,1.61
1954-09-20,1.45
1954-09-21,1.4
1954-09-22,1.47
1954-09-23,1.48
1954-09-24,1.48
1954-09-25,1.48
1954-09-26,1.5
1954-09-27,1.5
1954-09-28,1.5
1954-09-29,1.51
1954-09-30,1.51
1954-10-01,1.51
1954-10-02,1.51
1954-10-03,1.53
1954-10-04,1.54
1954-10-05,1.63
1954-10-06,1.69
1954-10-07,1.7
1954-10-08,1.7
1954-10-09,1.69
1954-10-10,1.68
1954-10-11,1.53
1954-10-12,1.18
1954-10-13,1.69
1954-10-14,1.69
1954-10-15,1.71
1954-10-16,1.71
1954-10-17,1.7
1954-10-18,1.7
1954-10-19,1.72
1954-10-20,1.73
1954-10-21,1.73
1954-10-22,1.74
1954-10-23,1.74
1954-10-24,1.73
1954-10-25,1.76
1954-10-26,1.72
1954-10-27,1.98
1954-10-28,1.97
1954-10-29,2.0
1954-10-30,2.01
1954-10-31,2.94
1954-11-01,6.72
1954-11-02,8.41
1954-11-03,9.76
1954-11-04,10.33
1954-11-05,10.97
1954-11-06,12.11
1954-11-07,26.74
1954-11-08,21.28
1954-11-09,27.23
1954-11-10,34.82
1954-11-11,29.58
1954-11-12,34.23
1954-11-13,31.71
1954-11-14,35.9
1954-11-15,43.11
1954-11-16,37.73
1954-11-17,40.96
1954-11-18,59.36
1954-11-19,48.92
1954-11-20,52.1
1954-11-21,49.56
1954-11-22,37.28
1954-11-23,26.3
1954-11-24,28.34
1954-11-25,34.11
1954-11-26,26.75
1954-11-27,24.16
1954-11-28,21.39
1954-11-29,19.74
1954-11-30,18.01
1954-12-01,17.34
1954-12-02,15.61
1954-12-03,5.3
1954-12-04,4.76
1954-12-05,4.01
1954-12-06,3.23
1954-12-07,6.33
1954-12-08,7.89
1954-12-09,8.12
1954-12-10,8.75
1954-12-11,8.98
1954-12-12,9.56
1954-12-13,9.77
1954-12-14,10.14
1954-12-15,10.55
1954-12-16,11.33
1954-12-17,17.62
1954-12-18,18.97
1954-12-19,16.87
1954-12-20,14.17
1954-12-21,17.37
1954-12-22,19.43
1954-12-23,21.02
1954-12-24,19.66
1954-12-25,20.93
1954-12-26,21.1
1954-12-27,21.72
1954-12-28,20.36
1954-12-29,21.95
1954-12-30,39.67
1954-12-31,43.18
1955-01-01,36.11
1955-01-02,40.56
1955-01-03,39.02
1955-01-04,37.79
1955-01-05,39.33
1955-01-06,40.12
1955-01-07,43.77
1955-01-08,38.65
1955-01-09,37.4
1955-01-10,35.84
1955-01-11,51.62
1955-01-12,58.23
1955-01-13,122.11
1955-01-14,156.86
1955-01-15,159.33
1955-01-16,160.17
1955-01-17,163.73
1955-01-18,119.65
1955-01-19,134.28
1955-01-20,76.54
1955-01-21,57.28
1955-01-22,55.9
1955-01-23,53.48
1955-01-24,39.96
1955-01-25,37.45
1955-01-26,15.41
1955-01-27,15.14
1955-01-28,14.65
1955-01-29,14.65
1955-01-30,16.69
1955-01-31,19.25
1955-02-01,19.96
1955-02-02,22.67
1955-02-03,22.67
1955-02-04,24.81
1955-02-05,29.34
1955-02-06,32.49
1955-02-07,29.7
1955-02-08,29.97
1955-02-09,31.61
1955-02-10,32.22
1955-02-11,29.47
1955-02-12,32.56
1955-02-13,30.12
1955-02-14,32.8
1955-02-15,29.66
1955-02-16,31.34
1955-02-17,24.29
1955-02-18,27.19
1955-02-19,31.67
1955-02-20,32.89
1955-02-21,32.99
1955-02-22,37.23
1955-02-23,33.31
1955-02-24,33.31
1955-02-25,35.92
1955-02-26,42.68
1955-02-27,44.89
1955-02-28,47.17
1955-03-01,45.53
1955-03-02,31.9
1955-03-03,29.4
1955-03-04,36.41
1955-03-05,35.31
1955-03-06,27.99
1955-03-07,25.65
1955-03-08,26.39
1955-03-09,23.89
1955-03-10,25.14
1955-03-11,29.4
1955-03-12,30.64
1955-03-13,31.12
1955-03-14,31.9
1955-03-15,29.4
1955-03-16,35.91
1955-03-17,33.31
1955-03-18,36.94
1955-03-19,43.16
1955-03-20,44.01
1955-03-21,41.92
1955-03-22,41.92
1955-03-23,31.9
1955-03-24,30.64
1955-03-25,33.31
1955-03-26,29.4
1955-03-27,26.14
1955-03-28,26.14
1955-03-29,30.64
1955-03-30,29.4
1955-03-31,27.14
1955-04-01,26.39
1955-04-02,25.65
1955-04-03,23.89
1955-04-04,23.89
1955-04-05,20.64
1955-04-06,20.64
1955-04-07,19.13
1955-04-08,17.13
1955-04-09,17.13
1955-04-10,16.87
1955-04-11,16.69
1955-04-12,18.13
1955-04-13,17.83
1955-04-14,17.13
1955-04-15,17.13
1955-04-16,16.58
1955-04-17,16.4
1955-04-18,18.13
1955-04-19,17.38
1955-04-20,16.37
1955-04-21,16.4
1955-04-22,15.4
1955-04-23,15.0
1955-04-24,15.0
1955-04-25,14.87
1955-04-26,14.67
1955-04-27,10.86
1955-04-28,10.86
1955-04-29,13.13
1955-04-30,13.12
1955-05-01,10.37
1955-05-02,10.37
1955-05-03,10.02
1955-05-04,9.74
1955-05-05,9.74
1955-05-06,9.66
1955-05-07,8.67
1955-05-08,8.67
1955-05-09,8.39
1955-05-10,8.39
1955-05-11,7.51
1955-05-12,7.51
1955-05-13,7.51
1955-05-14,6.51
1955-05-15,6.38
1955-05-16,6.38
1955-05-17,5.38
1955-05-18,5.38
1955-05-19,5.25
1955-05-20,6.38
1955-05-21,5.25
1955-05-22,5.25
1955-05-23,6.38
1955-05-24,4.96
1955-05-25,4.96
1955-05-26,4.7
1955-05-27,4.7
1955-05-28,4.96
1955-05-29,4.7
1955-05-30,4.25
1955-05-31,4.25
1955-06-01,4.25
1955-06-02,4.7
1955-06-03,3.09
1955-06-04,3.09
1955-06-05,3.09
1955-06-06,2.84
1955-06-07,2.84
1955-06-08,3.09
1955-06-09,3.09
1955-06-10,2.84
1955-06-11,2.84
1955-06-12,3.56
1955-06-13,3.56
1955-06-14,2.24
1955-06-15,2.24
1955-06-16,2.84
1955-06-17,2.24
1955-06-18,2.24
1955-06-19,2.71
1955-06-20,2.71
1955-06-21,2.59
1955-06-22,2.59
1955-06-23,2.59
1955-06-24,2.71
1955-06-25,2.59
1955-06-26,2.84
1955-06-27,2.84
1955-06-28,2.18
1955-06-29,2.18
1955-06-30,2.07
1955-07-01,2.07
1955-07-02,2.07
1955-07-03,2.04
1955-07-04,2.04
1955-07-05,2.03
1955-07-06,2.03
1955-07-07,2.1
1955-07-08,2.1
1955-07-09,2.01
1955-07-10,2.01
1955-07-11,2.0
1955-07-12,2.0
1955-07-13,2.0
1955-07-14,1.98
1955-07-15,1.98
1955-07-16,1.96
1955-07-17,1.96
1955-07-18,1.96
1955-07-19,1.96
1955-07-20,1.96
1955-07-21,1.95
1955-07-22,1.95
1955-07-23,1.99
1955-07-24,1.99
1955-07-25,1.99
1955-07-26,1.96
1955-07-27,1.96
1955-07-28,1.94
1955-07-29,1.8
1955-07-30,1.8
1955-07-31,1.78
1955-08-01,1.75
1955-08-02,1.75
1955-08-03,1.71
1955-08-04,1.7
1955-08-05,1.7
1955-08-06,1.68
1955-08-07,1.68
1955-08-08,1.68
1955-08-09,1.68
1955-08-10,1.68
1955-08-11,1.68
1955-08-12,1.68
1955-08-13,1.67
1955-08-14,1.67
1955-08-15,1.67
1955-08-16,1.67
1955-08-17,1.67
1955-08-18,1.67
1955-08-19,1.65
1955-08-20,1.65
1955-08-21,1.65
1955-08-22,1.64
1955-08-23,1.62
1955-08-24,1.62
1955-08-25,1.64
1955-08-26,1.62
1955-08-27,1.62
1955-08-28,1.6
1955-08-29,1.6
1955-08-30,1.6
1955-08-31,1.59
1955-09-01,1.5
1955-09-02,1.5
1955-09-03,1.5
1955-09-04,1.5
1955-09-05,1.49
1955-09-06,1.49
1955-09-07,1.49
1955-09-08,1.49
1955-09-09,1.45
1955-09-10,1.45
1955-09-11,1.45
1955-09-12,1.45
1955-09-13,1.45
1955-09-14,1.47
1955-09-15,1.47
1955-09-16,1.47
1955-09-17,1.35
1955-09-18,1.35
1955-09-19,1.35
1955-09-20,1.36
1955-09-21,1.29
1955-09-22,1.29
1955-09-23,1.29
1955-09-24,1.29
1955-09-25,1.25
1955-09-26,1.25
1955-09-27,1.25
1955-09-28,1.12
1955-09-29,1.12
1955-09-30,1.12
1955-10-01,2.16
1955-10-02,2.57
1955-10-03,2.57
1955-10-04,2.99
1955-10-05,3.4
1955-10-06,5.9
1955-10-07,5.48
1955-10-08,4.65
1955-10-09,4.24
1955-10-10,3.82
1955-10-11,3.04
1955-10-12,3.04
1955-10-13,3.04
1955-10-14,3.04
1955-10-15,2.99
1955-10-16,2.99
1955-10-17,3.4
1955-10-18,3.4
1955-10-19,3.82
1955-10-20,3.82
1955-10-21,3.4
1955-10-22,3.82
1955-10-23,3.82
1955-10-24,3.82
1955-10-25,3.82
1955-10-26,3.4
1955-10-27,3.4
1955-10-28,2.99
1955-10-29,3.4
1955-10-30,3.4
1955-10-31,3.82
1955-11-01,1.55
1955-11-02,1.55
1955-11-03,1.55
1955-11-04,1.6
1955-11-05,1.6
1955-11-06,1.5
1955-11-07,1.55
1955-11-08,1.61
1955-11-09,1.61
1955-11-10,1.61
1955-11-11,1.5
1955-11-12,1.48
1955-11-13,1.48
1955-11-14,1.5
1955-11-15,1.5
1955-11-16,1.48
1955-11-17,1.48
1955-11-18,1.45
1955-11-19,1.45
1955-11-20,1.48
1955-11-21,1.48
1955-11-22,1.45
1955-11-23,1.5
1955-11-24,1.6
1955-11-25,1.5
1955-11-26,1.48
1955-11-27,1.6
1955-11-28,1.6
1955-11-29,1.61
1955-11-30,1.61
1955-12-01,1.61
1955-12-02,1.61
1955-12-03,1.61
1955-12-04,1.61
1955-12-05,1.61
1955-12-06,1.76
1955-12-07,1.76
1955-12-08,1.76
1955-12-09,1.85
1955-12-10,1.85
1955-12-11,1.85
1955-12-12,2.14
1955-12-13,2.14
1955-12-14,2.14
1955-12-15,2.44
1955-12-16,2.44
1955-12-17,4.24
1955-12-18,4.54
1955-12-19,11.57
1955-12-20,9.97
1955-12-21,5.95
1955-12-22,4.76
1955-12-23,3.87
1955-12-24,7.43
1955-12-25,13.05
1955-12-26,10.09
1955-12-27,8.61
1955-12-28,6.83
1955-12-29,5.65
1955-12-30,5.06
1955-12-31,3.87
1956-01-01,6.93
1956-01-02,6.93
1956-01-03,5.73
1956-01-04,6.03
1956-01-05,6.33
1956-01-06,5.43
1956-01-07,4.24
1956-01-08,4.54
1956-01-09,5.43
1956-01-10,6.33
1956-01-11,5.73
1956-01-12,4.84
1956-01-13,4.24
1956-01-14,3.64
1956-01-15,3.34
1956-01-16,3.04
1956-01-17,2.14
1956-01-18,2.14
1956-01-19,2.44
1956-01-20,3.04
1956-01-21,11.02
1956-01-22,13.71
1956-01-23,22.85
1956-01-24,27.74
1956-01-25,32.63
1956-01-26,30.67
1956-01-27,34.58
1956-01-28,37.52
1956-01-29,44.36
1956-01-30,54.14
1956-01-31,40.45
1956-02-01,22.85
1956-02-02,22.85
1956-02-03,17.96
1956-02-04,25.78
1956-02-05,27.74
1956-02-06,79.48
1956-02-07,118.75
1956-02-08,112.21
1956-02-09,96.5
1956-02-10,114.83
1956-02-11,112.21
1956-02-12,88.65
1956-02-13,92.57
1956-02-14,99.12
1956-02-15,105.66
1956-02-16,86.03
1956-02-17,75.56
1956-02-18,59.85
1956-02-19,68.54
1956-02-20,71.54
1956-02-21,72.54
1956-02-22,81.53
1956-02-23,86.52
1956-02-24,81.53
1956-02-25,101.51
1956-02-26,136.47
1956-02-27,96.51
1956-02-28,79.53
1956-02-29,66.54
1956-03-01,70.99
1956-03-02,62.99
1956-03-03,74.42
1956-03-04,68.7
1956-03-05,60.7
1956-03-06,57.27
1956-03-07,45.84
1956-03-08,40.13
1956-03-09,43.56
1956-03-10,34.41
1956-03-11,32.13
1956-03-12,65.27
1956-03-13,70.99
1956-03-14,76.7
1956-03-15,108.71
1956-03-16,105.28
1956-03-17,85.85
1956-03-18,72.13
1956-03-19,65.27
1956-03-20,62.99
1956-03-21,51.56
1956-03-22,45.84
1956-03-23,51.56
1956-03-24,48.13
1956-03-25,43.56
1956-03-26,38.99
1956-03-27,40.13
1956-03-28,37.84
1956-03-29,36.7
1956-03-30,35.56
1956-03-31,45.84
1956-04-01,39.17
1956-04-02,35.25
1956-04-03,43.1
1956-04-04,36.55
1956-04-05,30.01
1956-04-06,26.08
1956-04-07,24.77
1956-04-08,19.53
1956-04-09,22.15
1956-04-10,26.08
1956-04-11,45.72
1956-04-12,58.81
1956-04-13,52.27
1956-04-14,37.86
1956-04-15,26.08
1956-04-16,20.84
1956-04-17,16.91
1956-04-18,12.99
1956-04-19,10.08
1956-04-20,9.95
1956-04-21,9.68
1956-04-22,9.41
1956-04-23,9.14
1956-04-24,8.47
1956-04-25,8.2
1956-04-26,8.07
1956-04-27,7.67
1956-04-28,7.27
1956-04-29,7.13
1956-04-30,6.86
1956-05-01,6.73
1956-05-02,6.6
1956-05-03,6.46
1956-05-04,6.33
1956-05-05,6.19
1956-05-06,6.06
1956-05-07,5.93
1956-05-08,5.79
1956-05-09,5.66
1956-05-10,5.39
1956-05-11,5.01
1956-05-12,4.79
1956-05-13,4.58
1956-05-14,4.36
1956-05-15,4.36
1956-05-16,4.14
1956-05-17,4.14
1956-05-18,3.92
1956-05-19,3.71
1956-05-20,3.49
1956-05-21,3.27
1956-05-22,3.06
1956-05-23,3.06
1956-05-24,2.84
1956-05-25,2.84
1956-05-26,2.84
1956-05-27,2.62
1956-05-28,2.84
1956-05-29,2.62
1956-05-30,2.62
1956-05-31,2.62
1956-06-01,2.62
1956-06-02,2.62
1956-06-03,2.73
1956-06-04,2.62
1956-06-05,2.51
1956-06-06,2.41
1956-06-07,2.41
1956-06-08,2.51
1956-06-09,2.51
1956-06-10,2.41
1956-06-11,2.41
1956-06-12,2.41
1956-06-13,2.41
1956-06-14,2.41
1956-06-15,2.19
1956-06-16,2.3
1956-06-17,2.3
1956-06-18,2.19
1956-06-19,2.19
1956-06-20,2.19
1956-06-21,2.19
1956-06-22,2.19
1956-06-23,2.19
1956-06-24,2.19
1956-06-25,2.19
1956-06-26,1.97
1956-06-27,1.97
1956-06-28,1.97
1956-06-29,2.19
1956-06-30,2.19
1956-07-01,2.19
1956-07-02,2.19
1956-07-03,2.08
1956-07-04,2.08
1956-07-05,2.08
1956-07-06,2.08
1956-07-07,2.08
1956-07-08,1.97
1956-07-09,1.97
1956-07-10,1.86
1956-07-11,1.86
1956-07-12,1.86
1956-07-13,1.76
1956-07-14,1.76
1956-07-15,1.76
1956-07-16,1.76
1956-07-17,1.76
1956-07-18,1.75
1956-07-19,1.75
1956-07-20,1.75
1956-07-21,1.76
1956-07-22,1.75
1956-07-23,1.75
1956-07-24,1.7
1956-07-25,1.66
1956-07-26,1.66
1956-07-27,1.7
1956-07-28,1.6
1956-07-29,1.56
1956-07-30,1.6
1956-07-31,1.6
1956-08-01,1.7
1956-08-02,1.66
1956-08-03,1.66
1956-08-04,1.66
1956-08-05,1.7
1956-08-06,1.75
1956-08-07,1.75
1956-08-08,1.75
1956-08-09,1.75
1956-08-10,1.7
1956-08-11,1.7
1956-08-12,1.76
1956-08-13,1.8
1956-08-14,1.8
1956-08-15,1.8
1956-08-16,1.85
1956-08-17,1.85
1956-08-18,1.85
1956-08-19,1.88
1956-08-20,1.88
1956-08-21,1.81
1956-08-22,1.81
1956-08-23,1.85
1956-08-24,1.88
1956-08-25,1.88
1956-08-26,1.88
1956-08-27,1.9
1956-08-28,1.9
1956-08-29,1.9
1956-08-30,1.96
1956-08-31,1.96
1956-09-01,2.08
1956-09-02,2.08
1956-09-03,2.08
1956-09-04,2.08
1956-09-05,2.08
1956-09-06,2.11
1956-09-07,2.11
1956-09-08,2.11
1956-09-09,2.11
1956-09-10,2.08
1956-09-11,2.1
1956-09-12,2.1
1956-09-13,2.1
1956-09-14,2.15
1956-09-15,2.15
1956-09-16,2.15
1956-09-17,2.1
1956-09-18,2.1
1956-09-19,2.1
1956-09-20,2.1
1956-09-21,2.1
1956-09-22,2.0
1956-09-23,2.0
1956-09-24,2.09
1956-09-25,2.09
1956-09-26,2.09
1956-09-27,2.1
1956-09-28,2.1
1956-09-29,2.05
1956-09-30,2.05
1956-10-01,1.93
1956-10-02,2.0
1956-10-03,2.07
1956-10-04,2.15
1956-10-05,2.15
1956-10-06,2.07
1956-10-07,2.0
1956-10-08,2.0
1956-10-09,2.07
1956-10-10,2.07
1956-10-11,2.07
1956-10-12,2.07
1956-10-13,2.0
1956-10-14,2.07
1956-10-15,2.05
1956-10-16,2.0
1956-10-17,2.05
1956-10-18,2.05
1956-10-19,2.0
1956-10-20,2.0
1956-10-21,1.93
1956-10-22,2.0
1956-10-23,2.0
1956-10-24,2.05
1956-10-25,2.05
1956-10-26,2.0
1956-10-27,2.05
1956-10-28,2.0
1956-10-29,2.0
1956-10-30,2.0
1956-10-31,2.0
1956-11-01,2.07
1956-11-02,2.05
1956-11-03,2.05
1956-11-04,2.0
1956-11-05,2.0
1956-11-06,2.0
1956-11-07,1.92
1956-11-08,1.9
1956-11-09,1.9
1956-11-10,1.88
1956-11-11,1.88
1956-11-12,1.85
1956-11-13,1.85
1956-11-14,1.85
1956-11-15,1.8
1956-11-16,1.8
1956-11-17,1.8
1956-11-18,1.76
1956-11-19,1.75
1956-11-20,1.76
1956-11-21,1.76
1956-11-22,1.76
1956-11-23,1.7
1956-11-24,1.75
1956-11-25,1.75
1956-11-26,1.75
1956-11-27,1.7
1956-11-28,1.7
1956-11-29,1.7
1956-11-30,1.7
1956-12-01,1.7
1956-12-02,1.7
1956-12-03,1.67
1956-12-04,1.6
1956-12-05,1.6
1956-12-06,1.7
1956-12-07,1.65
1956-12-08,0.6
1956-12-09,1.75
1956-12-10,1.7
1956-12-11,1.6
1956-12-12,1.6
1956-12-13,1.55
1956-12-14,1.55
1956-12-15,1.5
1956-12-16,1.55
1956-12-17,1.55
1956-12-18,1.55
1956-12-19,1.75
1956-12-20,1.7
1956-12-21,1.7
1956-12-22,1.7
1956-12-23,1.7
1956-12-24,1.7
1956-12-25,1.77
1956-12-26,1.7
1956-12-27,1.72
1956-12-28,1.75
1956-12-29,1.77
1956-12-30,1.88
1956-12-31,1.78
1957-01-01,1.68
1957-01-02,1.5
1957-01-03,1.38
1957-01-04,1.3
1957-01-05,1.38
1957-01-06,1.16
1957-01-07,1.0
1957-01-08,0.95
1957-01-09,0.9
1957-01-10,0.95
1957-01-11,0.95
1957-01-12,1.0
1957-01-13,1.05
1957-01-14,1.1
1957-01-15,1.5
1957-01-16,2.0
1957-01-17,2.5
1957-01-18,3.0
1957-01-19,5.0
1957-01-20,4.0
1957-01-21,14.0
1957-01-22,25.0
1957-01-23,22.0
1957-01-24,13.0
1957-01-25,15.0
1957-01-26,20.0
1957-01-27,30.0
1957-01-28,50.0
1957-01-29,32.0
1957-01-30,33.0
1957-01-31,35.0
1957-02-01,31.0
1957-02-02,59.14
1957-02-03,49.04
1957-02-04,62.16
1957-02-05,74.29
1957-02-06,64.18
1957-02-07,69.27
1957-02-08,64.18
1957-02-09,59.14
1957-02-10,50.0
1957-02-11,33.0
1957-02-12,32.88
1957-02-13,31.87
1957-02-14,29.85
1957-02-15,31.87
1957-02-16,32.88
1957-02-17,33.88
1957-02-18,30.85
1957-02-19,23.79
1957-02-20,28.83
1957-02-21,38.93
1957-02-22,46.5
1957-02-23,40.0
1957-02-24,69.24
1957-02-25,77.3
1957-02-26,72.26
1957-02-27,66.2
1957-02-28,50.04
1957-03-01,41.43
1957-03-02,41.43
1957-03-03,32.81
1957-03-04,32.81
1957-03-05,49.45
1957-03-06,41.84
1957-03-07,53.44
1957-03-08,41.84
1957-03-09,41.84
1957-03-10,49.45
1957-03-11,52.67
1957-03-12,52.67
1957-03-13,47.12
1957-03-14,64.5
1957-03-15,66.93
1957-03-16,34.07
1957-03-17,38.22
1957-03-18,40.15
1957-03-19,34.18
1957-03-20,37.42
1957-03-21,49.21
1957-03-22,52.75
1957-03-23,69.26
1957-03-24,81.62
1957-03-25,80.17
1957-03-26,53.68
1957-03-27,50.33
1957-03-28,51.34
1957-03-29,43.33
1957-03-30,43.33
1957-03-31,41.68
1957-04-01,40.12
1957-04-02,44.17
1957-04-03,42.36
1957-04-04,32.51
1957-04-05,31.79
1957-04-06,30.62
1957-04-07,29.02
1957-04-08,27.13
1957-04-09,26.78
1957-04-10,26.45
1957-04-11,25.84
1957-04-12,25.29
1957-04-13,25.29
1957-04-14,25.29
1957-04-15,22.05
1957-04-16,21.98
1957-04-17,21.98
1957-04-18,20.32
1957-04-19,20.32
1957-04-20,19.02
1957-04-21,19.02
1957-04-22,22.48
1957-04-23,22.48
1957-04-24,25.76
1957-04-25,23.33
1957-04-26,22.61
1957-04-27,20.57
1957-04-28,20.07
1957-04-29,18.2
1957-04-30,18.2
1957-05-01,17.65
1957-05-02,16.65
1957-05-03,16.65
1957-05-04,14.59
1957-05-05,14.32
1957-05-06,13.7
1957-05-07,13.7
1957-05-08,11.4
1957-05-09,11.48
1957-05-10,11.1
1957-05-11,10.93
1957-05-12,10.34
1957-05-13,9.82
1957-05-14,3.4
1957-05-15,3.32
1957-05-16,3.09
1957-05-17,2.97
1957-05-18,2.45
1957-05-19,2.38
1957-05-20,2.3
1957-05-21,2.38
1957-05-22,2.09
1957-05-23,1.92
1957-05-24,1.89
1957-05-25,2.45
1957-05-26,2.45
1957-05-27,2.45
1957-05-28,2.0
1957-05-29,2.0
1957-05-30,2.45
1957-05-31,2.8
1957-06-01,2.09
1957-06-02,2.65
1957-06-03,2.8
1957-06-04,2.0
1957-06-05,1.87
1957-06-06,2.0
1957-06-07,2.11
1957-06-08,2.0
1957-06-09,2.0
1957-06-10,1.9
1957-06-11,1.9
1957-06-12,1.87
1957-06-13,1.87
1957-06-14,1.8
1957-06-15,1.76
1957-06-16,1.76
1957-06-17,1.7
1957-06-18,1.6
1957-06-19,1.6
1957-06-20,1.76
1957-06-21,1.76
1957-06-22,1.58
1957-06-23,1.49
1957-06-24,1.53
1957-06-25,1.53
1957-06-26,1.49
1957-06-27,1.58
1957-06-28,1.53
1957-06-29,1.58
1957-06-30,1.49
1957-07-01,1.49
1957-07-02,1.49
1957-07-03,1.43
1957-07-04,1.49
1957-07-05,1.43
1957-07-06,1.33
1957-07-07,1.43
1957-07-08,1.49
1957-07-09,1.33
1957-07-10,1.43
1957-07-11,1.49
1957-07-12,1.43
1957-07-13,1.49
1957-07-14,1.43
1957-07-15,1.33
1957-07-16,1.49
1957-07-17,1.24
1957-07-18,1.33
1957-07-19,1.28
1957-07-20,1.24
1957-07-21,1.39
1957-07-22,1.39
1957-07-23,1.28
1957-07-24,1.24
1957-07-25,1.24
1957-07-26,1.24
1957-07-27,1.02
1957-07-28,1.33
1957-07-29,1.24
1957-07-30,1.02
1957-07-31,1.02
1957-08-01,1.38
1957-08-02,1.4
1957-08-03,1.32
1957-08-04,1.33
1957-08-05,1.38
1957-08-06,1.33
1957-08-07,1.33
1957-08-08,1.32
1957-08-09,1.27
1957-08-10,1.33
1957-08-11,1.38
1957-08-12,1.33
1957-08-13,1.32
1957-08-14,1.32
1957-08-15,1.33
1957-08-16,1.32
1957-08-17,1.27
1957-08-18,1.32
1957-08-19,1.33
1957-08-20,1.38
1957-08-21,1.32
1957-08-22,1.33
1957-08-23,1.32
1957-08-24,1.33
1957-08-25,1.27
1957-08-26,1.32
1957-08-27,1.33
1957-08-28,1.32
1957-08-29,1.27
1957-08-30,1.33
1957-08-31,1.32
1957-09-01,1.02
1957-09-02,1.07
1957-09-03,1.12
1957-09-04,1.07
1957-09-05,1.02
1957-09-06,1.07
1957-09-07,1.07
1957-09-08,1.07
1957-09-09,1.02
1957-09-10,1.04
1957-09-11,1.04
1957-09-12,1.09
1957-09-13,1.09
1957-09-14,1.03
1957-09-15,1.09
1957-09-16,1.15
1957-09-17,1.15
1957-09-18,1.15
1957-09-19,1.18
1957-09-20,1.18
1957-09-21,1.09
1957-09-22,1.09
1957-09-23,1.09
1957-09-24,1.19
1957-09-25,1.19
1957-09-26,1.22
1957-09-27,1.22
1957-09-28,1.15
1957-09-29,1.06
1957-09-30,1.24
1957-10-01,1.24
1957-10-02,1.17
1957-10-03,1.17
1957-10-04,1.09
1957-10-05,1.09
1957-10-06,1.02
1957-10-07,0.96
1957-10-08,0.99
1957-10-09,1.02
1957-10-10,1.18
1957-10-11,1.18
1957-10-12,1.2
1957-10-13,1.2
1957-10-14,1.17
1957-10-15,1.17
1957-10-16,1.19
1957-10-17,1.19
1957-10-18,1.19
1957-10-19,1.19
1957-10-20,1.2
1957-10-21,1.2
1957-10-22,1.28
1957-10-23,1.31
1957-10-24,1.28
1957-10-25,1.3
1957-10-26,1.31
1957-10-27,1.3
1957-10-28,1.3
1957-10-29,1.28
1957-10-30,1.3
1957-10-31,1.34
1957-11-01,1.34
1957-11-02,1.34
1957-11-03,1.36
1957-11-04,1.39
1957-11-05,1.4
1957-11-06,1.42
1957-11-07,1.4
1957-11-08,1.42
1957-11-09,1.42
1957-11-10,1.4
1957-11-11,1.42
1957-11-12,1.42
1957-11-13,1.42
1957-11-14,1.38
1957-11-15,1.38
1957-11-16,1.38
1957-11-17,1.38
1957-11-18,1.38
1957-11-19,1.36
1957-11-20,1.37
1957-11-21,1.37
1957-11-22,1.38
1957-11-23,1.36
1957-11-24,1.38
1957-11-25,1.34
1957-11-26,1.36
1957-11-27,1.34
1957-11-28,1.34
1957-11-29,1.33
1957-11-30,1.34
1957-12-01,1.36
1957-12-02,1.42
1957-12-03,1.42
1957-12-04,1.38
1957-12-05,1.39
1957-12-06,1.4
1957-12-07,1.42
1957-12-08,1.41
1957-12-09,1.45
1957-12-10,1.45
1957-12-11,1.56
1957-12-12,1.56
1957-12-13,1.37
1957-12-14,1.37
1957-12-15,1.41
1957-12-16,1.54
1957-12-17,1.56
1957-12-18,1.58
1957-12-19,1.59
1957-12-20,1.64
1957-12-21,1.69
1957-12-22,2.96
1957-12-23,3.15
1957-12-24,3.89
1957-12-25,3.02
1957-12-26,2.54
1957-12-27,2.31
1957-12-28,4.29
1957-12-29,4.5
1957-12-30,4.24
1957-12-31,3.51
1958-01-01,2.74
1958-01-02,2.42
1958-01-03,4.58
1958-01-04,4.13
1958-01-05,4.31
1958-01-06,3.4
1958-01-07,2.92
1958-01-08,2.28
1958-01-09,2.13
1958-01-10,1.99
1958-01-11,4.98
1958-01-12,5.31
1958-01-13,6.55
1958-01-14,8.31
1958-01-15,9.98
1958-01-16,12.42
1958-01-17,17.75
1958-01-18,22.9
1958-01-19,25.33
1958-01-20,26.83
1958-01-21,23.74
1958-01-22,20.02
1958-01-23,10.5
1958-01-24,10.02
1958-01-25,9.44
1958-01-26,8.75
1958-01-27,8.1
1958-01-28,7.69
1958-01-29,6.61
1958-01-30,5.97
1958-01-31,5.99
1958-02-01,6.11
1958-02-02,6.11
1958-02-03,5.93
1958-02-04,5.27
1958-02-05,4.87
1958-02-06,6.97
1958-02-07,8.5
1958-02-08,6.96
1958-02-09,8.53
1958-02-10,10.28
1958-02-11,10.78
1958-02-12,10.62
1958-02-13,10.78
1958-02-14,11.3
1958-02-15,11.78
1958-02-16,12.76
1958-02-17,13.13
1958-02-18,15.63
1958-02-19,14.07
1958-02-20,13.53
1958-02-21,19.08
1958-02-22,17.21
1958-02-23,17.21
1958-02-24,17.84
1958-02-25,20.78
1958-02-26,25.78
1958-02-27,32.18
1958-02-28,28.57
1958-03-01,24.32
1958-03-02,60.66
1958-03-03,22.16
1958-03-04,22.35
1958-03-05,20.61
1958-03-06,19.12
1958-03-07,18.39
1958-03-08,20.47
1958-03-09,25.35
1958-03-10,29.98
1958-03-11,30.2
1958-03-12,32.0
1958-03-13,22.66
1958-03-14,20.92
1958-03-15,29.55
1958-03-16,23.44
1958-03-17,28.69
1958-03-18,24.76
1958-03-19,25.84
1958-03-20,23.74
1958-03-21,20.41
1958-03-22,19.72
1958-03-23,25.86
1958-03-24,23.31
1958-03-25,22.02
1958-03-26,26.23
1958-03-27,20.25
1958-03-28,19.71
1958-03-29,20.48
1958-03-30,19.98
1958-03-31,28.4
1958-04-01,27.95
1958-04-02,30.23
1958-04-03,27.7
1958-04-04,27.36
1958-04-05,27.04
1958-04-06,26.28
1958-04-07,25.92
1958-04-08,24.58
1958-04-09,20.52
1958-04-10,19.47
1958-04-11,18.0
1958-04-12,18.0
1958-04-13,17.33
1958-04-14,11.33
1958-04-15,11.06
1958-04-16,10.22
1958-04-17,9.6
1958-04-18,9.38
1958-04-19,9.21
1958-04-20,8.98
1958-04-21,8.98
1958-04-22,7.51
1958-04-23,7.51
1958-04-24,7.07
1958-04-25,6.72
1958-04-26,6.72
1958-04-27,7.07
1958-04-28,6.91
1958-04-29,3.38
1958-04-30,3.19
1958-05-01,2.72
1958-05-02,2.72
1958-05-03,2.55
1958-05-04,2.55
1958-05-05,2.72
1958-05-06,2.55
1958-05-07,2.5
1958-05-08,2.5
1958-05-09,2.5
1958-05-10,2.43
1958-05-11,2.43
1958-05-12,2.31
1958-05-13,2.14
1958-05-14,2.08
1958-05-15,2.08
1958-05-16,2.14
1958-05-17,2.08
1958-05-18,2.08
1958-05-19,2.08
1958-05-20,1.75
1958-05-21,1.71
1958-05-22,1.71
1958-05-23,1.71
1958-05-24,1.62
1958-05-25,1.57
1958-05-26,1.49
1958-05-27,1.49
1958-05-28,1.49
1958-05-29,1.44
1958-05-30,1.49
1958-05-31,1.49
1958-06-01,1.44
1958-06-02,1.44
1958-06-03,1.44
1958-06-04,1.37
1958-06-05,1.44
1958-06-06,1.49
1958-06-07,1.49
1958-06-08,1.44
1958-06-09,1.49
1958-06-10,1.49
1958-06-11,1.44
1958-06-12,1.44
1958-06-13,1.44
1958-06-14,1.44
1958-06-15,1.44
1958-06-16,1.37
1958-06-17,1.37
1958-06-18,1.37
1958-06-19,1.29
1958-06-20,1.44
1958-06-21,1.37
1958-06-22,1.37
1958-06-23,1.37
1958-06-24,1.29
1958-06-25,1.29
1958-06-26,1.29
1958-06-27,1.32
1958-06-28,1.32
1958-06-29,1.32
1958-06-30,1.25
1958-07-01,1.25
1958-07-02,1.2
1958-07-03,1.15
1958-07-04,1.15
1958-07-05,1.15
1958-07-06,1.15
1958-07-07,1.15
1958-07-08,1.09
1958-07-09,1.09
1958-07-10,1.09
1958-07-11,1.05
1958-07-12,1.09
1958-07-13,1.09
1958-07-14,1.15
1958-07-15,1.2
1958-07-16,1.15
1958-07-17,1.09
1958-07-18,1.09
1958-07-19,1.09
1958-07-20,1.15
1958-07-21,1.15
1958-07-22,1.15
1958-07-23,1.15
1958-07-24,1.09
1958-07-25,1.09
1958-07-26,1.15
1958-07-27,1.09
1958-07-28,1.05
1958-07-29,1.05
1958-07-30,1.09
1958-07-31,1.09
1958-08-01,1.19
1958-08-02,1.25
1958-08-03,1.25
1958-08-04,1.19
1958-08-05,1.25
1958-08-06,1.37
1958-08-07,1.41
1958-08-08,1.46
1958-08-09,1.53
1958-08-10,1.53
1958-08-11,1.53
1958-08-12,1.46
1958-08-13,1.53
1958-08-14,1.46
1958-08-15,1.53
1958-08-16,1.53
1958-08-17,1.46
1958-08-18,1.53
1958-08-19,1.46
1958-08-20,1.41
1958-08-21,1.46
1958-08-22,1.53
1958-08-23,1.53
1958-08-24,1.41
1958-08-25,1.41
1958-08-26,1.41
1958-08-27,1.46
1958-08-28,1.41
1958-08-29,1.3
1958-08-30,1.37
1958-08-31,1.37
1958-09-01,1.37
1958-09-02,1.25
1958-09-03,1.3
1958-09-04,1.37
1958-09-05,1.11
1958-09-06,1.11
1958-09-07,1.11
1958-09-08,1.06
1958-09-09,1.25
1958-09-10,1.25
1958-09-11,1.21
1958-09-12,1.21
1958-09-13,1.21
1958-09-14,1.25
1958-09-15,1.25
1958-09-16,1.25
1958-09-17,1.31
1958-09-18,1.31
1958-09-19,1.25
1958-09-20,1.21
1958-09-21,1.25
1958-09-22,1.31
1958-09-23,1.31
1958-09-24,1.36
1958-09-25,1.36
1958-09-26,1.31
1958-09-27,1.25
1958-09-28,1.25
1958-09-29,1.31
1958-09-30,1.42
1958-10-01,1.42
1958-10-02,1.42
1958-10-03,1.42
1958-10-04,1.42
1958-10-05,1.36
1958-10-06,1.7
1958-10-07,1.7
1958-10-08,1.7
1958-10-09,1.78
1958-10-10,1.73
1958-10-11,1.73
1958-10-12,1.7
1958-10-13,1.7
1958-10-14,1.65
1958-10-15,1.65
1958-10-16,1.65
1958-10-17,1.55
1958-10-18,1.55
1958-10-19,1.55
1958-10-20,1.42
1958-10-21,1.42
1958-10-22,1.38
1958-10-23,1.33
1958-10-24,1.33
1958-10-25,1.27
1958-10-26,1.27
1958-10-27,1.27
1958-10-28,1.22
1958-10-29,1.22
1958-10-30,1.22
1958-10-31,1.5
1958-11-01,1.5
1958-11-02,1.55
1958-11-03,1.78
1958-11-04,1.78
1958-11-05,1.94
1958-11-06,1.89
1958-11-07,1.81
1958-11-08,1.61
1958-11-09,1.58
1958-11-10,1.76
1958-11-11,1.76
1958-11-12,1.58
1958-11-13,1.58
1958-11-14,1.55
1958-11-15,1.58
1958-11-16,1.78
1958-11-17,1.78
1958-11-18,1.78
1958-11-19,1.58
1958-11-20,1.58
1958-11-21,1.58
1958-11-22,1.76
1958-11-23,1.76
1958-11-24,1.76
1958-11-25,1.76
1958-11-26,2.75
1958-11-27,2.75
1958-11-28,2.75
1958-11-29,2.73
1958-11-30,2.73
1958-12-01,2.73
1958-12-02,2.73
1958-12-03,2.59
1958-12-04,2.59
1958-12-05,2.3
1958-12-06,2.25
1958-12-07,2.17
1958-12-08,2.17
1958-12-09,2.25
1958-12-10,2.17
1958-12-11,2.31
1958-12-12,2.3
1958-12-13,2.25
1958-12-14,2.25
1958-12-15,2.11
1958-12-16,2.11
1958-12-17,2.11
1958-12-18,2.3
1958-12-19,2.3
1958-12-20,2.2
1958-12-21,2.1
1958-12-22,2.2
1958-12-23,2.1
1958-12-24,2.1
1958-12-25,1.94
1958-12-26,1.94
1958-12-27,1.94
1958-12-28,1.89
1958-12-29,1.89
1958-12-30,1.89
1958-12-31,1.78
1959-01-01,1.78
1959-01-02,1.55
1959-01-03,1.55
1959-01-04,1.55
1959-01-05,1.61
1959-01-06,1.48
1959-01-07,1.48
1959-01-08,1.52
1959-01-09,1.52
1959-01-10,1.56
1959-01-11,1.56
1959-01-12,1.66
1959-01-13,1.66
1959-01-14,1.66
1959-01-15,1.78
1959-01-16,1.78
1959-01-17,1.78
1959-01-18,1.66
1959-01-19,1.61
1959-01-20,1.54
1959-01-21,1.54
1959-01-22,1.54
1959-01-23,1.47
1959-01-24,1.47
1959-01-25,1.47
1959-01-26,1.43
1959-01-27,1.43
1959-01-28,1.43
1959-01-29,1.47
1959-01-30,1.47
1959-01-31,6.87
1959-02-01,6.73
1959-02-02,6.22
1959-02-03,5.91
1959-02-04,6.22
1959-02-05,6.75
1959-02-06,9.11
1959-02-07,10.47
1959-02-08,8.01
1959-02-09,8.01
1959-02-10,11.29
1959-02-11,10.88
1959-02-12,9.8
1959-02-13,11.23
1959-02-14,14.02
1959-02-15,60.02
1959-02-16,48.55
1959-02-17,52.36
1959-02-18,55.83
1959-02-19,52.36
1959-02-20,53.14
1959-02-21,54.92
1959-02-22,51.08
1959-02-23,60.58
1959-02-24,71.27
1959-02-25,74.02
1959-02-26,83.23
1959-02-27,88.21
1959-02-28,106.53
1959-03-01,128.35
1959-03-02,136.36
1959-03-03,80.16
1959-03-04,94.75
1959-03-05,154.08
1959-03-06,99.54
1959-03-07,106.37
1959-03-08,110.06
1959-03-09,120.42
1959-03-10,116.9
1959-03-11,103.56
1959-03-12,99.49
1959-03-13,102.31
1959-03-14,121.81
1959-03-15,104.51
1959-03-16,93.75
1959-03-17,90.02
1959-03-18,84.52
1959-03-19,81.98
1959-03-20,78.62
1959-03-21,83.52
1959-03-22,72.24
1959-03-23,33.64
1959-03-24,16.81
1959-03-25,16.0
1959-03-26,16.0
1959-03-27,15.32
1959-03-28,13.44
1959-03-29,14.99
1959-03-30,15.65
1959-03-31,15.01
1959-04-01,14.37
1959-04-02,16.79
1959-04-03,16.23
1959-04-04,15.0
1959-04-05,15.0
1959-04-06,43.69
1959-04-07,37.51
1959-04-08,39.22
1959-04-09,44.16
1959-04-10,40.75
1959-04-11,33.59
1959-04-12,34.07
1959-04-13,41.64
1959-04-14,36.74
1959-04-15,29.45
1959-04-16,21.14
1959-04-17,16.77
1959-04-18,17.83
1959-04-19,15.24
1959-04-20,12.65
1959-04-21,12.3
1959-04-22,12.0
1959-04-23,12.0
1959-04-24,12.37
1959-04-25,12.5
1959-04-26,10.74
1959-04-27,9.11
1959-04-28,8.55
1959-04-29,8.08
1959-04-30,7.39
1959-05-01,6.84
1959-05-02,6.81
1959-05-03,6.57
1959-05-04,6.57
1959-05-05,6.91
1959-05-06,6.71
1959-05-07,6.56
1959-05-08,6.56
1959-05-09,6.32
1959-05-10,6.32
1959-05-11,6.0
1959-05-12,5.9
1959-05-13,5.75
1959-05-14,5.6
1959-05-15,5.46
1959-05-16,5.17
1959-05-17,5.17
1959-05-18,4.83
1959-05-19,4.6
1959-05-20,4.29
1959-05-21,4.29
1959-05-22,4.42
1959-05-23,4.42
1959-05-24,4.31
1959-05-25,4.11
1959-05-26,3.93
1959-05-27,3.8
1959-05-28,3.8
1959-05-29,3.75
1959-05-30,3.6
1959-05-31,3.6
1959-06-01,3.5
1959-06-02,3.31
1959-06-03,3.31
1959-06-04,3.12
1959-06-05,3.12
1959-06-06,3.04
1959-06-07,2.89
1959-06-08,2.89
1959-06-09,2.86
1959-06-10,2.86
1959-06-11,2.8
1959-06-12,2.8
1959-06-13,2.8
1959-06-14,2.74
1959-06-15,2.74
1959-06-16,2.71
1959-06-17,2.69
1959-06-18,2.69
1959-06-19,2.69
1959-06-20,2.64
1959-06-21,2.64
1959-06-22,2.59
1959-06-23,2.5
1959-06-24,2.42
1959-06-25,2.42
1959-06-26,2.38
1959-06-27,2.38
1959-06-28,2.28
1959-06-29,2.22
1959-06-30,2.22
1959-07-01,2.17
1959-07-02,2.0
1959-07-03,1.91
1959-07-04,1.83
1959-07-05,1.83
1959-07-06,1.78
1959-07-07,1.72
1959-07-08,1.72
1959-07-09,1.69
1959-07-10,1.69
1959-07-11,1.68
1959-07-12,1.68
1959-07-13,1.6
1959-07-14,1.57
1959-07-15,1.57
1959-07-16,1.56
1959-07-17,1.56
1959-07-18,1.56
1959-07-19,1.53
1959-07-20,1.53
1959-07-21,1.56
1959-07-22,1.56
1959-07-23,1.53
1959-07-24,1.53
1959-07-25,1.53
1959-07-26,1.51
1959-07-27,1.51
1959-07-28,1.51
1959-07-29,1.5
1959-07-30,1.5
1959-07-31,1.49
1959-08-01,1.49
1959-08-02,1.5
1959-08-03,1.49
1959-08-04,1.49
1959-08-05,1.49
1959-08-06,1.47
1959-08-07,1.41
1959-08-08,1.41
1959-08-09,1.37
1959-08-10,1.33
1959-08-11,1.33
1959-08-12,1.29
1959-08-13,1.26
1959-08-14,1.26
1959-08-15,1.26
1959-08-16,1.26
1959-08-17,1.21
1959-08-18,1.21
1959-08-19,1.2
1959-08-20,1.2
1959-08-21,1.2
1959-08-22,1.19
1959-08-23,1.19
1959-08-24,1.19
1959-08-25,1.22
1959-08-26,1.22
1959-08-27,1.22
1959-08-28,1.2
1959-08-29,1.2
1959-08-30,1.19
1959-08-31,1.19
1959-09-01,1.21
1959-09-02,1.21
1959-09-03,1.24
1959-09-04,1.24
1959-09-05,1.24
1959-09-06,1.24
1959-09-07,1.2
1959-09-08,1.2
1959-09-09,1.19
1959-09-10,1.19
1959-09-11,1.1
1959-09-12,1.08
1959-09-13,1.01
1959-09-14,1.01
1959-09-15,1.05
1959-09-16,1.05
1959-09-17,1.19
1959-09-18,1.19
1959-09-19,1.19
1959-09-20,1.25
1959-09-21,1.25
1959-09-22,1.12
1959-09-23,1.12
1959-09-24,1.12
1959-09-25,1.04
1959-09-26,1.04
1959-09-27,1.04
1959-09-28,1.05
1959-09-29,1.05
1959-09-30,1.01
1959-10-01,1.01
1959-10-02,1.01
1959-10-03,0.99
1959-10-04,0.86
1959-10-05,0.86
1959-10-06,0.86
1959-10-07,1.0
1959-10-08,1.09
1959-10-09,5.89
1959-10-10,3.9
1959-10-11,2.67
1959-10-12,2.54
1959-10-13,2.18
1959-10-14,2.18
1959-10-15,1.87
1959-10-16,1.87
1959-10-17,1.8
1959-10-18,1.8
1959-10-19,1.57
1959-10-20,1.57
1959-10-21,1.57
1959-10-22,1.66
1959-10-23,1.66
1959-10-24,2.4
1959-10-25,2.13
1959-10-26,2.13
1959-10-27,2.03
1959-10-28,2.48
1959-10-29,2.03
1959-10-30,1.86
1959-10-31,1.86
1959-11-01,1.86
1959-11-02,1.86
1959-11-03,1.86
1959-11-04,1.75
1959-11-05,1.75
1959-11-06,1.68
1959-11-07,1.59
1959-11-08,1.59
1959-11-09,1.59
1959-11-10,1.51
1959-11-11,1.51
1959-11-12,1.51
1959-11-13,1.51
1959-11-14,1.33
1959-11-15,1.19
1959-11-16,1.19
1959-11-17,1.19
1959-11-18,1.24
1959-11-19,1.24
1959-11-20,1.41
1959-11-21,1.57
1959-11-22,1.57
1959-11-23,1.57
1959-11-24,1.9
1959-11-25,1.9
1959-11-26,1.93
1959-11-27,1.93
1959-11-28,1.78
1959-11-29,1.78
1959-11-30,1.67
1959-12-01,1.67
1959-12-02,1.76
1959-12-03,1.76
1959-12-04,1.66
1959-12-05,6.12
1959-12-06,6.73
1959-12-07,8.48
1959-12-08,7.81
1959-12-09,7.81
1959-12-10,6.93
1959-12-11,7.04
1959-12-12,6.7
1959-12-13,6.52
1959-12-14,5.46
1959-12-15,5.46
1959-12-16,5.32
1959-12-17,6.14
1959-12-18,5.47
1959-12-19,6.14
1959-12-20,5.78
1959-12-21,8.44
1959-12-22,12.27
1959-12-23,10.98
1959-12-24,10.38
1959-12-25,9.86
1959-12-26,9.41
1959-12-27,7.67
1959-12-28,6.76
1959-12-29,6.85
1959-12-30,7.3
1959-12-31,9.57
1960-01-01,11.74
1960-01-02,15.09
1960-01-03,12.25
1960-01-04,14.75
1960-01-05,17.0
1960-01-06,14.35
1960-01-07,14.35
1960-01-08,13.61
1960-01-09,14.83
1960-01-10,15.67
1960-01-11,12.33
1960-01-12,10.74
1960-01-13,10.74
1960-01-14,12.4
1960-01-15,13.19
1960-01-16,15.04
1960-01-17,17.22
1960-01-18,16.87
1960-01-19,16.24
1960-01-20,19.71
1960-01-21,36.24
1960-01-22,38.71
1960-01-23,40.21
1960-01-24,44.65
1960-01-25,47.02
1960-01-26,49.25
1960-01-27,45.89
1960-01-28,50.1
1960-01-29,53.46
1960-01-30,47.33
1960-01-31,42.06
1960-02-01,39.87
1960-02-02,31.45
1960-02-03,27.37
1960-02-04,20.17
1960-02-05,17.48
1960-02-06,17.48
1960-02-07,14.51
1960-02-08,11.82
1960-02-09,9.68
1960-02-10,9.68
1960-02-11,7.03
1960-02-12,7.47
1960-02-13,7.47
1960-02-14,12.41
1960-02-15,18.85
1960-02-16,21.55
1960-02-17,25.69
1960-02-18,26.08
1960-02-19,32.41
1960-02-20,30.78
1960-02-21,36.51
1960-02-22,32.99
1960-02-23,29.36
1960-02-24,29.36
1960-02-25,25.06
1960-02-26,21.84
1960-02-27,23.44
1960-02-28,23.57
1960-02-29,17.91
1960-03-01,21.07
1960-03-02,24.64
1960-03-03,26.1
1960-03-04,17.72
1960-03-05,17.72
1960-03-06,15.57
1960-03-07,11.92
1960-03-08,13.21
1960-03-09,12.54
1960-03-10,13.21
1960-03-11,14.78
1960-03-12,18.6
1960-03-13,17.31
1960-03-14,17.31
1960-03-15,14.06
1960-03-16,13.13
1960-03-17,13.13
1960-03-18,12.9
1960-03-19,12.22
1960-03-20,11.58
1960-03-21,10.39
1960-03-22,10.39
1960-03-23,9.69
1960-03-24,9.16
1960-03-25,8.65
1960-03-26,8.65
1960-03-27,8.47
1960-03-28,8.0
1960-03-29,7.86
1960-03-30,7.4
1960-03-31,6.92
1960-04-01,6.39
1960-04-02,5.7
1960-04-03,5.62
1960-04-04,5.62
1960-04-05,5.62
1960-04-06,5.38
1960-04-07,5.42
1960-04-08,5.42
1960-04-09,5.4
1960-04-10,5.4
1960-04-11,5.32
1960-04-12,5.22
1960-04-13,5.19
1960-04-14,5.62
1960-04-15,4.91
1960-04-16,5.24
1960-04-17,5.24
1960-04-18,5.18
1960-04-19,5.18
1960-04-20,4.98
1960-04-21,4.98
1960-04-22,4.98
1960-04-23,4.9
1960-04-24,4.9
1960-04-25,4.82
1960-04-26,4.76
1960-04-27,4.76
1960-04-28,4.7
1960-04-29,4.7
1960-04-30,4.8
1960-05-01,4.86
1960-05-02,4.86
1960-05-03,4.99
1960-05-04,4.99
1960-05-05,5.16
1960-05-06,4.99
1960-05-07,4.7
1960-05-08,4.7
1960-05-09,4.85
1960-05-10,4.51
1960-05-11,4.51
1960-05-12,4.0
1960-05-13,4.0
1960-05-14,3.91
1960-05-15,3.83
1960-05-16,3.83
1960-05-17,3.66
1960-05-18,3.61
1960-05-19,3.54
1960-05-20,3.5
1960-05-21,3.5
1960-05-22,3.43
1960-05-23,3.37
1960-05-24,3.37
1960-05-25,3.37
1960-05-26,3.32
1960-05-27,3.32
1960-05-28,3.14
1960-05-29,3.01
1960-05-30,2.88
1960-05-31,2.62
1960-06-01,2.36
1960-06-02,2.11
1960-06-03,2.11
1960-06-04,2.02
1960-06-05,1.92
1960-06-06,1.85
1960-06-07,1.85
1960-06-08,1.8
1960-06-09,1.76
1960-06-10,1.76
1960-06-11,1.72
1960-06-12,1.64
1960-06-13,1.58
1960-06-14,1.51
1960-06-15,1.43
1960-06-16,1.31
1960-06-17,1.31
1960-06-18,1.23
1960-06-19,1.29
1960-06-20,1.29
1960-06-21,1.29
1960-06-22,1.23
1960-06-23,1.16
1960-06-24,1.16
1960-06-25,1.16
1960-06-26,1.2
1960-06-27,1.2
1960-06-28,1.16
1960-06-29,1.2
1960-06-30,1.16
1960-07-01,1.07
1960-07-02,1.07
1960-07-03,1.07
1960-07-04,1.03
1960-07-05,1.03
1960-07-06,1.03
1960-07-07,1.03
1960-07-08,0.95
1960-07-09,1.03
1960-07-10,1.03
1960-07-11,0.95
1960-07-12,1.03
1960-07-13,1.03
1960-07-14,1.12
1960-07-15,1.12
1960-07-16,1.12
1960-07-17,1.09
1960-07-18,1.09
1960-07-19,1.19
1960-07-20,1.19
1960-07-21,1.19
1960-07-22,1.12
1960-07-23,1.12
1960-07-24,1.12
1960-07-25,1.02
1960-07-26,1.02
1960-07-27,1.02
1960-07-28,1.02
1960-07-29,1.06
1960-07-30,1.06
1960-07-31,1.06
1960-08-01,1.06
1960-08-02,1.01
1960-08-03,1.01
1960-08-04,1.01
1960-08-05,1.01
1960-08-06,1.01
1960-08-07,1.01
1960-08-08,1.01
1960-08-09,1.01
1960-08-10,1.06
1960-08-11,1.06
1960-08-12,1.01
1960-08-13,1.01
1960-08-14,1.01
1960-08-15,1.05
1960-08-16,1.05
1960-08-17,1.0
1960-08-18,1.0
1960-08-19,1.0
1960-08-20,0.97
1960-08-21,0.97
1960-08-22,0.97
1960-08-23,0.95
1960-08-24,0.95
1960-08-25,0.95
1960-08-26,0.91
1960-08-27,0.91
1960-08-28,0.95
1960-08-29,0.95
1960-08-30,0.89
1960-08-31,0.89
1960-09-01,0.81
1960-09-02,1.05
1960-09-03,1.32
1960-09-04,1.32
1960-09-05,1.41
1960-09-06,1.41
1960-09-07,1.26
1960-09-08,1.26
1960-09-09,1.21
1960-09-10,1.14
1960-09-11,1.14
1960-09-12,1.14
1960-09-13,1.14
1960-09-14,1.21
1960-09-15,1.3
1960-09-16,1.25
1960-09-17,1.19
1960-09-18,1.14
1960-09-19,1.2
1960-09-20,1.28
1960-09-21,1.28
1960-09-22,1.14
1960-09-23,1.28
1960-09-24,1.28
1960-09-25,1.1
1960-09-26,1.29
1960-09-27,1.29
1960-09-28,1.19
1960-09-29,1.19
1960-09-30,1.23
1960-10-01,1.2
1960-10-02,1.11
1960-10-03,0.95
1960-10-04,0.95
1960-10-05,0.99
1960-10-06,1.34
1960-10-07,1.34
1960-10-08,1.3
1960-10-09,1.43
1960-10-10,1.43
1960-10-11,1.37
1960-10-12,1.32
1960-10-13,1.24
1960-10-14,1.3
1960-10-15,1.3
1960-10-16,1.36
1960-10-17,1.36
1960-10-18,1.44
1960-10-19,1.36
1960-10-20,1.44
1960-10-21,1.54
1960-10-22,1.54
1960-10-23,1.54
1960-10-24,1.47
1960-10-25,1.47
1960-10-26,1.44
1960-10-27,1.44
1960-10-28,1.44
1960-10-29,1.44
1960-10-30,1.33
1960-10-31,1.3
1960-11-01,1.3
1960-11-02,1.34
1960-11-03,1.34
1960-11-04,1.34
1960-11-05,1.38
1960-11-06,1.38
1960-11-07,1.38
1960-11-08,1.35
1960-11-09,1.35
1960-11-10,1.39
1960-11-11,1.57
1960-11-12,6.54
1960-11-13,5.17
1960-11-14,1.76
1960-11-15,1.76
1960-11-16,1.61
1960-11-17,1.61
1960-11-18,1.68
1960-11-19,1.6
1960-11-20,1.47
1960-11-21,1.47
1960-11-22,1.49
1960-11-23,1.49
1960-11-24,1.58
1960-11-25,1.64
1960-11-26,1.81
1960-11-27,1.81
1960-11-28,1.81
1960-11-29,1.71
1960-11-30,1.58
1960-12-01,1.58
1960-12-02,1.84
1960-12-03,2.2
1960-12-04,2.0
1960-12-05,1.89
1960-12-06,1.82
1960-12-07,1.8
1960-12-08,1.89
1960-12-09,5.71
1960-12-10,3.01
1960-12-11,2.07
1960-12-12,2.26
1960-12-13,3.04
1960-12-14,2.44
1960-12-15,2.26
1960-12-16,2.01
1960-12-17,2.19
1960-12-18,2.1
1960-12-19,2.06
1960-12-20,2.06
1960-12-21,2.13
1960-12-22,2.13
1960-12-23,1.87
1960-12-24,1.87
1960-12-25,1.8
1960-12-26,1.8
1960-12-27,1.71
1960-12-28,1.71
1960-12-29,1.84
1960-12-30,1.84
1960-12-31,1.81
1961-01-01,5.42
1961-01-02,8.5
1961-01-03,6.96
1961-01-04,6.96
1961-01-05,7.16
1961-01-06,8.76
1961-01-07,8.76
1961-01-08,11.55
1961-01-09,15.2
1961-01-10,29.13
1961-01-11,33.79
1961-01-12,28.73
1961-01-13,28.73
1961-01-14,37.7
1961-01-15,32.04
1961-01-16,32.04
1961-01-17,35.91
1961-01-18,38.38
1961-01-19,27.99
1961-01-20,27.99
1961-01-21,29.47
1961-01-22,28.1
1961-01-23,28.1
1961-01-24,25.96
1961-01-25,18.46
1961-01-26,17.52
1961-01-27,17.52
1961-01-28,16.89
1961-01-29,18.6
1961-01-30,19.13
1961-01-31,20.18
1961-02-01,25.95
1961-02-02,21.07
1961-02-03,21.07
1961-02-04,23.85
1961-02-05,23.85
1961-02-06,28.15
1961-02-07,29.75
1961-02-08,28.75
1961-02-09,25.37
1961-02-10,35.23
1961-02-11,46.83
1961-02-12,40.63
1961-02-13,40.63
1961-02-14,47.8
1961-02-15,54.38
1961-02-16,47.63
1961-02-17,52.84
1961-02-18,52.32
1961-02-19,46.1
1961-02-20,46.1
1961-02-21,44.71
1961-02-22,44.71
1961-02-23,41.74
1961-02-24,45.61
1961-02-25,44.29
1961-02-26,45.61
1961-02-27,46.87
1961-02-28,46.87
1961-03-01,45.9
1961-03-02,54.87
1961-03-03,55.58
1961-03-04,55.58
1961-03-05,55.58
1961-03-06,53.67
1961-03-07,52.65
1961-03-08,52.65
1961-03-09,55.62
1961-03-10,55.73
1961-03-11,55.73
1961-03-12,51.91
1961-03-13,51.91
1961-03-14,52.65
1961-03-15,41.74
1961-03-16,41.74
1961-03-17,31.73
1961-03-18,31.73
1961-03-19,46.4
1961-03-20,51.59
1961-03-21,51.59
1961-03-22,52.1
1961-03-23,46.82
1961-03-24,43.04
1961-03-25,33.82
1961-03-26,33.82
1961-03-27,33.82
1961-03-28,34.17
1961-03-29,34.17
1961-03-30,34.63
1961-03-31,34.7
1961-04-01,46.82
1961-04-02,61.86
1961-04-03,64.63
1961-04-04,61.86
1961-04-05,51.59
1961-04-06,51.59
1961-04-07,45.9
1961-04-08,45.9
1961-04-09,41.74
1961-04-10,41.74
1961-04-11,41.74
1961-04-12,34.17
1961-04-13,31.73
1961-04-14,25.95
1961-04-15,20.43
1961-04-16,20.43
1961-04-17,18.07
1961-04-18,18.07
1961-04-19,16.86
1961-04-20,18.07
1961-04-21,16.86
1961-04-22,16.86
1961-04-23,16.86
1961-04-24,16.43
1961-04-25,14.93
1961-04-26,14.93
1961-04-27,13.56
1961-04-28,13.56
1961-04-29,13.56
1961-04-30,11.52
1961-05-01,11.52
1961-05-02,10.11
1961-05-03,9.6
1961-05-04,9.6
1961-05-05,9.6
1961-05-06,8.3
1961-05-07,6.48
1961-05-08,6.14
1961-05-09,6.14
1961-05-10,5.92
1961-05-11,5.92
1961-05-12,5.92
1961-05-13,5.92
1961-05-14,5.2
1961-05-15,6.99
1961-05-16,6.99
1961-05-17,12.14
1961-05-18,12.14
1961-05-19,10.66
1961-05-20,10.19
1961-05-21,9.6
1961-05-22,9.99
1961-05-23,8.25
1961-05-24,7.84
1961-05-25,7.84
1961-05-26,7.84
1961-05-27,6.61
1961-05-28,6.61
1961-05-29,5.65
1961-05-30,5.53
1961-05-31,5.53
1961-06-01,4.79
1961-06-02,4.79
1961-06-03,3.55
1961-06-04,3.37
1961-06-05,3.37
1961-06-06,3.14
1961-06-07,3.14
1961-06-08,2.62
1961-06-09,2.3
1961-06-10,2.19
1961-06-11,2.19
1961-06-12,2.19
1961-06-13,2.05
1961-06-14,2.05
1961-06-15,2.05
1961-06-16,2.05
1961-06-17,2.11
1961-06-18,2.11
1961-06-19,1.91
1961-06-20,1.91
1961-06-21,1.89
1961-06-22,1.89
1961-06-23,1.89
1961-06-24,1.7
1961-06-25,1.7
1961-06-26,1.7
1961-06-27,1.64
1961-06-28,1.51
1961-06-29,1.51
1961-06-30,1.51
1961-07-01,2.17
1961-07-02,2.17
1961-07-03,2.17
1961-07-04,2.17
1961-07-05,2.17
1961-07-06,2.02
1961-07-07,2.02
1961-07-08,1.97
1961-07-09,1.97
1961-07-10,1.6
1961-07-11,1.64
1961-07-12,1.6
1961-07-13,1.6
1961-07-14,1.6
1961-07-15,1.46
1961-07-16,1.91
1961-07-17,1.97
1961-07-18,2.02
1961-07-19,2.02
1961-07-20,1.97
1961-07-21,1.87
1961-07-22,1.82
1961-07-23,1.77
1961-07-24,1.62
1961-07-25,1.62
1961-07-26,1.62
1961-07-27,1.58
1961-07-28,1.58
1961-07-29,1.91
1961-07-30,2.17
1961-07-31,2.17
1961-08-01,1.91
1961-08-02,1.91
1961-08-03,1.35
1961-08-04,1.62
1961-08-05,1.62
1961-08-06,1.62
1961-08-07,1.58
1961-08-08,1.58
1961-08-09,1.26
1961-08-10,1.26
1961-08-11,1.26
1961-08-12,1.26
1961-08-13,1.33
1961-08-14,1.29
1961-08-15,1.29
1961-08-16,1.18
1961-08-17,1.2
1961-08-18,1.2
1961-08-19,1.2
1961-08-20,1.2
1961-08-21,1.12
1961-08-22,1.21
1961-08-23,1.21
1961-08-24,1.21
1961-08-25,1.21
1961-08-26,1.1
1961-08-27,1.05
1961-08-28,1.02
1961-08-29,0.97
1961-08-30,1.02
1961-08-31,1.07
1961-09-01,1.07
1961-09-02,1.07
1961-09-03,1.31
1961-09-04,1.31
1961-09-05,1.21
1961-09-06,1.1
1961-09-07,1.1
1961-09-08,1.02
1961-09-09,0.97
1961-09-10,0.97
1961-09-11,0.97
1961-09-12,1.02
1961-09-13,0.97
1961-09-14,1.07
1961-09-15,1.16
1961-09-16,1.11
1961-09-17,1.16
1961-09-18,1.16
1961-09-19,1.16
1961-09-20,0.97
1961-09-21,0.82
1961-09-22,0.88
1961-09-23,0.88
1961-09-24,1.02
1961-09-25,0.87
1961-09-26,1.09
1961-09-27,1.16
1961-09-28,1.16
1961-09-29,1.13
1961-09-30,1.16
1961-10-01,1.13
1961-10-02,1.05
1961-10-03,0.97
1961-10-04,0.97
1961-10-05,0.88
1961-10-06,0.88
1961-10-07,0.88
1961-10-08,1.11
1961-10-09,1.56
1961-10-10,1.56
1961-10-11,1.56
1961-10-12,1.5
1961-10-13,1.21
1961-10-14,1.13
1961-10-15,1.07
1961-10-16,1.02
1961-10-17,0.97
1961-10-18,0.97
1961-10-19,0.97
1961-10-20,1.02
1961-10-21,1.13
1961-10-22,1.16
1961-10-23,1.16
1961-10-24,1.13
1961-10-25,1.13
1961-10-26,0.79
1961-10-27,0.79
1961-10-28,0.79
1961-10-29,0.82
1961-10-30,0.82
1961-10-31,0.82
1961-11-01,1.03
1961-11-02,1.03
1961-11-03,1.82
1961-11-04,2.05
1961-11-05,6.25
1961-11-06,6.84
1961-11-07,5.46
1961-11-08,5.46
1961-11-09,6.84
1961-11-10,6.84
1961-11-11,6.9
1961-11-12,6.33
1961-11-13,5.25
1961-11-14,4.58
1961-11-15,4.16
1961-11-16,4.6
1961-11-17,5.46
1961-11-18,6.2
1961-11-19,7.14
1961-11-20,9.07
1961-11-21,9.85
1961-11-22,9.07
1961-11-23,8.66
1961-11-24,9.98
1961-11-25,22.5
1961-11-26,21.4
1961-11-27,16.14
1961-11-28,11.5
1961-11-29,31.3
1961-11-30,49.5
1961-12-01,61.26
1961-12-02,51.69
1961-12-03,41.25
1961-12-04,31.79
1961-12-05,36.04
1961-12-06,35.19
1961-12-07,26.67
1961-12-08,23.89
1961-12-09,25.84
1961-12-10,23.89
1961-12-11,23.4
1961-12-12,19.02
1961-12-13,15.61
1961-12-14,14.64
1961-12-15,20.97
1961-12-16,62.13
1961-12-17,58.65
1961-12-18,70.83
1961-12-19,67.35
1961-12-20,56.04
1961-12-21,45.6
1961-12-22,38.64
1961-12-23,32.64
1961-12-24,28.39
1961-12-25,32.64
1961-12-26,36.89
1961-12-27,37.77
1961-12-28,48.21
1961-12-29,59.52
1961-12-30,61.26
1961-12-31,56.91
1962-01-01,44.73
1962-01-02,42.99
1962-01-03,41.25
1962-01-04,34.34
1962-01-05,36.04
1962-01-06,33.49
1962-01-07,25.84
1962-01-08,23.4
1962-01-09,20.45
1962-01-10,17.56
1962-01-11,17.07
1962-01-12,21.45
1962-01-13,22.92
1962-01-14,24.38
1962-01-15,23.4
1962-01-16,22.92
1962-01-17,31.79
1962-01-18,46.68
1962-01-19,40.38
1962-01-20,40.38
1962-01-21,54.3
1962-01-22,62.13
1962-01-23,66.32
1962-01-24,61.7
1962-01-25,55.92
1962-01-26,68.23
1962-01-27,79.02
1962-01-28,136.25
1962-01-29,169.55
1962-01-30,122.53
1962-01-31,89.23
1962-02-01,81.39
1962-02-02,57.88
1962-02-03,44.7
1962-02-04,33.49
1962-02-05,25.35
1962-02-06,23.4
1962-02-07,21.94
1962-02-08,19.99
1962-02-09,17.56
1962-02-10,15.61
1962-02-11,13.18
1962-02-12,13.18
1962-02-13,11.71
1962-02-14,18.08
1962-02-15,21.94
1962-02-16,21.45
1962-02-17,39.75
1962-02-18,50.14
1962-02-19,69.63
1962-02-20,67.68
1962-02-21,77.47
1962-02-22,87.27
1962-02-23,89.23
1962-02-24,91.19
1962-02-25,89.23
1962-02-26,69.63
1962-02-27,85.31
1962-02-28,122.53
1962-03-01,104.9
1962-03-02,89.23
1962-03-03,87.27
1962-03-04,104.9
1962-03-05,106.86
1962-03-06,116.66
1962-03-07,136.25
1962-03-08,126.45
1962-03-09,106.86
1962-03-10,93.15
1962-03-11,73.55
1962-03-12,61.8
1962-03-13,59.84
1962-03-14,65.72
1962-03-15,65.72
1962-03-16,63.76
1962-03-17,53.61
1962-03-18,43.71
1962-03-19,36.04
1962-03-20,30.94
1962-03-21,25.84
1962-03-22,28.43
1962-03-23,21.94
1962-03-24,21.45
1962-03-25,22.92
1962-03-26,21.94
1962-03-27,19.94
1962-03-28,22.43
1962-03-29,25.84
1962-03-30,36.89
1962-03-31,51.3
1962-04-01,53.61
1962-04-02,45.69
1962-04-03,46.68
1962-04-04,41.73
1962-04-05,36.04
1962-04-06,37.77
1962-04-07,42.72
1962-04-08,40.74
1962-04-09,43.71
1962-04-10,54.76
1962-04-11,50.14
1962-04-12,36.89
1962-04-13,30.09
1962-04-14,24.86
1962-04-15,22.43
1962-04-16,19.99
1962-04-17,17.56
1962-04-18,16.1
1962-04-19,19.51
1962-04-20,19.51
1962-04-21,17.56
1962-04-22,15.61
1962-04-23,15.61
1962-04-24,15.61
1962-04-25,14.15
1962-04-26,12.69
1962-04-27,10.74
1962-04-28,8.79
1962-04-29,7.82
1962-04-30,6.56
1962-05-01,5.72
1962-05-02,5.27
1962-05-03,5.09
1962-05-04,5.09
1962-05-05,4.72
1962-05-06,4.17
1962-05-07,3.43
1962-05-08,3.43
1962-05-09,4.82
1962-05-10,4.82
1962-05-11,4.71
1962-05-12,7.61
1962-05-13,7.61
1962-05-14,4.5
1962-05-15,4.39
1962-05-16,4.12
1962-05-17,4.5
1962-05-18,4.61
1962-05-19,4.61
1962-05-20,4.61
1962-05-21,4.61
1962-05-22,4.5
1962-05-23,4.28
1962-05-24,4.28
1962-05-25,4.5
1962-05-26,4.5
1962-05-27,4.61
1962-05-28,4.82
1962-05-29,4.82
1962-05-30,4.71
1962-05-31,4.5
1962-06-01,4.5
1962-06-02,4.5
1962-06-03,4.39
1962-06-04,4.39
1962-06-05,4.28
1962-06-06,4.18
1962-06-07,4.18
1962-06-08,4.07
1962-06-09,3.98
1962-06-10,3.98
1962-06-11,3.8
1962-06-12,3.8
1962-06-13,3.8
1962-06-14,3.7
1962-06-15,3.7
1962-06-16,3.7
1962-06-17,3.59
1962-06-18,3.59
1962-06-19,3.59
1962-06-20,3.48
1962-06-21,3.48
1962-06-22,3.96
1962-06-23,3.96
1962-06-24,3.96
1962-06-25,3.75
1962-06-26,3.75
1962-06-27,3.59
1962-06-28,3.48
1962-06-29,3.38
1962-06-30,3.38
1962-07-01,3.32
1962-07-02,3.32
1962-07-03,3.0
1962-07-04,3.0
1962-07-05,2.84
1962-07-06,2.63
1962-07-07,2.63
1962-07-08,2.32
1962-07-09,2.32
1962-07-10,2.15
1962-07-11,2.15
1962-07-12,2.01
1962-07-13,2.01
1962-07-14,1.86
1962-07-15,1.86
1962-07-16,1.82
1962-07-17,1.82
1962-07-18,1.82
1962-07-19,1.81
1962-07-20,1.76
1962-07-21,1.7
1962-07-22,1.67
1962-07-23,1.67
1962-07-24,1.67
1962-07-25,1.73
1962-07-26,1.73
1962-07-27,1.73
1962-07-28,1.73
1962-07-29,1.73
1962-07-30,1.78
1962-07-31,1.78
1962-08-01,1.51
1962-08-02,1.67
1962-08-03,1.7
1962-08-04,1.67
1962-08-05,1.7
1962-08-06,1.75
1962-08-07,1.72
1962-08-08,1.72
1962-08-09,1.65
1962-08-10,1.65
1962-08-11,1.6
1962-08-12,1.6
1962-08-13,1.51
1962-08-14,1.51
1962-08-15,1.51
1962-08-16,1.51
1962-08-17,1.54
1962-08-18,1.49
1962-08-19,1.49
1962-08-20,1.43
1962-08-21,1.48
1962-08-22,1.48
1962-08-23,1.35
1962-08-24,1.31
1962-08-25,1.19
1962-08-26,1.19
1962-08-27,1.19
1962-08-28,1.19
1962-08-29,1.15
1962-08-30,1.15
1962-08-31,1.33
1962-09-01,1.38
1962-09-02,1.38
1962-09-03,1.43
1962-09-04,1.43
1962-09-05,1.43
1962-09-06,1.18
1962-09-07,1.18
1962-09-08,1.18
1962-09-09,1.13
1962-09-10,1.13
1962-09-11,1.18
1962-09-12,1.51
1962-09-13,1.63
1962-09-14,1.63
1962-09-15,1.63
1962-09-16,1.57
1962-09-17,1.52
1962-09-18,1.27
1962-09-19,1.27
1962-09-20,1.27
1962-09-21,1.22
1962-09-22,1.22
1962-09-23,1.08
1962-09-24,1.43
1962-09-25,1.64
1962-09-26,1.59
1962-09-27,1.59
1962-09-28,1.54
1962-09-29,1.49
1962-09-30,1.17
1962-10-01,1.12
1962-10-02,1.12
1962-10-03,1.12
1962-10-04,1.17
1962-10-05,1.12
1962-10-06,1.44
1962-10-07,1.59
1962-10-08,1.59
1962-10-09,1.59
1962-10-10,1.54
1962-10-11,1.54
1962-10-12,1.07
1962-10-13,1.03
1962-10-14,1.03
1962-10-15,1.03
1962-10-16,1.03
1962-10-17,1.17
1962-10-18,1.32
1962-10-19,1.52
1962-10-20,1.52
1962-10-21,1.47
1962-10-22,1.47
1962-10-23,1.42
1962-10-24,1.26
1962-10-25,1.21
1962-10-26,1.16
1962-10-27,1.16
1962-10-28,1.16
1962-10-29,1.16
1962-10-30,1.32
1962-10-31,1.51
1962-11-01,1.45
1962-11-02,1.51
1962-11-03,1.51
1962-11-04,1.32
1962-11-05,1.22
1962-11-06,1.22
1962-11-07,1.22
1962-11-08,1.29
1962-11-09,1.29
1962-11-10,1.29
1962-11-11,1.51
1962-11-12,1.63
1962-11-13,1.69
1962-11-14,1.75
1962-11-15,1.75
1962-11-16,1.69
1962-11-17,1.57
1962-11-18,1.57
1962-11-19,1.47
1962-11-20,1.23
1962-11-21,1.23
1962-11-22,1.23
1962-11-23,1.67
1962-11-24,1.87
1962-11-25,1.74
1962-11-26,1.8
1962-11-27,1.74
1962-11-28,1.67
1962-11-29,1.23
1962-11-30,1.38
1962-12-01,1.82
1962-12-02,2.03
1962-12-03,2.03
1962-12-04,2.03
1962-12-05,8.47
1962-12-06,6.95
1962-12-07,5.82
1962-12-08,6.2
1962-12-09,8.09
1962-12-10,16.91
1962-12-11,16.92
1962-12-12,14.58
1962-12-13,14.58
1962-12-14,7.08
1962-12-15,6.2
1962-12-16,5.44
1962-12-17,3.05
1962-12-18,2.61
1962-12-19,2.38
1962-12-20,2.38
1962-12-21,2.31
1962-12-22,2.16
1962-12-23,2.09
1962-12-24,2.16
1962-12-25,2.39
1962-12-26,3.76
1962-12-27,3.49
1962-12-28,3.39
1962-12-29,3.39
1962-12-30,8.34
1962-12-31,14.0
1963-01-01,14.97
1963-01-02,20.97
1963-01-03,55.96
1963-01-04,59.53
1963-01-05,58.19
1963-01-06,77.83
1963-01-07,42.03
1963-01-08,32.27
1963-01-09,23.89
1963-01-10,32.27
1963-01-11,30.94
1963-01-12,23.89
1963-01-13,18.53
1963-01-14,23.4
1963-01-15,42.78
1963-01-16,40.52
1963-01-17,36.77
1963-01-18,33.77
1963-01-19,56.85
1963-01-20,69.63
1963-01-21,108.82
1963-01-22,63.97
1963-01-23,65.12
1963-01-24,71.59
1963-01-25,97.07
1963-01-26,100.99
1963-01-27,93.15
1963-01-28,87.27
1963-01-29,79.43
1963-01-30,58.19
1963-01-31,48.64
1963-02-01,38.13
1963-02-02,35.27
1963-02-03,35.27
1963-02-04,41.95
1963-02-05,42.91
1963-02-06,47.68
1963-02-07,54.38
1963-02-08,76.09
1963-02-09,82.41
1963-02-10,72.93
1963-02-11,64.51
1963-02-12,80.31
1963-02-13,105.92
1963-02-14,113.76
1963-02-15,78.2
1963-02-16,59.24
1963-02-17,47.68
1963-02-18,41.95
1963-02-19,40.04
1963-02-20,35.27
1963-02-21,31.45
1963-02-22,25.72
1963-02-23,32.05
1963-02-24,37.18
1963-02-25,43.86
1963-02-26,52.46
1963-02-27,63.46
1963-02-28,64.51
1963-03-01,64.51
1963-03-02,67.67
1963-03-03,64.51
1963-03-04,77.15
1963-03-05,76.09
1963-03-06,123.55
1963-03-07,162.73
1963-03-08,105.92
1963-03-09,84.37
1963-03-10,102.0
1963-03-11,100.04
1963-03-12,96.12
1963-03-13,81.36
1963-03-14,68.72
1963-03-15,67.67
1963-03-16,72.93
1963-03-17,77.15
1963-03-18,96.12
1963-03-19,86.33
1963-03-20,73.99
1963-03-21,60.3
1963-03-22,55.33
1963-03-23,51.5
1963-03-24,43.86
1963-03-25,37.18
1963-03-26,32.4
1963-03-27,28.58
1963-03-28,26.67
1963-03-29,30.49
1963-03-30,30.49
1963-03-31,28.58
1963-04-01,28.58
1963-04-02,26.67
1963-04-03,27.63
1963-04-04,39.09
1963-04-05,58.19
1963-04-06,67.67
1963-04-07,62.4
1963-04-08,58.19
1963-04-09,59.24
1963-04-10,64.51
1963-04-11,62.4
1963-04-12,62.4
1963-04-13,54.38
1963-04-14,46.73
1963-04-15,42.91
1963-04-16,38.13
1963-04-17,35.27
1963-04-18,31.45
1963-04-19,27.63
1963-04-20,24.26
1963-04-21,22.33
1963-04-22,19.91
1963-04-23,17.97
1963-04-24,16.04
1963-04-25,15.07
1963-04-26,15.55
1963-04-27,14.1
1963-04-28,13.13
1963-04-29,12.65
1963-04-30,12.16
1963-05-01,11.68
1963-05-02,10.71
1963-05-03,10.23
1963-05-04,9.35
1963-05-05,8.91
1963-05-06,8.68
1963-05-07,8.46
1963-05-08,8.02
1963-05-09,7.8
1963-05-10,7.36
1963-05-11,6.7
1963-05-12,5.82
1963-05-13,5.61
1963-05-14,5.08
1963-05-15,5.08
1963-05-16,4.81
1963-05-17,4.81
1963-05-18,4.54
1963-05-19,4.54
1963-05-20,4.27
1963-05-21,3.66
1963-05-22,3.66
1963-05-23,3.39
1963-05-24,3.39
1963-05-25,3.19
1963-05-26,3.19
1963-05-27,3.19
1963-05-28,3.19
1963-05-29,3.19
1963-05-30,2.99
1963-05-31,2.99
1963-06-01,2.79
1963-06-02,2.59
1963-06-03,2.59
1963-06-04,2.59
1963-06-05,2.59
1963-06-06,2.59
1963-06-07,2.38
1963-06-08,2.38
1963-06-09,2.24
1963-06-10,2.24
1963-06-11,2.24
1963-06-12,2.24
1963-06-13,2.1
1963-06-14,2.1
1963-06-15,1.95
1963-06-16,2.59
1963-06-17,2.49
1963-06-18,2.49
1963-06-19,2.49
1963-06-20,2.49
1963-06-21,2.59
1963-06-22,2.59
1963-06-23,2.69
1963-06-24,2.49
1963-06-25,2.49
1963-06-26,2.49
1963-06-27,2.49
1963-06-28,2.49
1963-06-29,2.49
1963-06-30,2.49
1963-07-01,2.49
1963-07-02,2.38
1963-07-03,2.38
1963-07-04,2.38
1963-07-05,2.38
1963-07-06,2.38
1963-07-07,2.38
1963-07-08,2.69
1963-07-09,2.69
1963-07-10,2.8
1963-07-11,2.38
1963-07-12,2.28
1963-07-13,2.28
1963-07-14,2.28
1963-07-15,2.28
1963-07-16,2.09
1963-07-17,2.09
1963-07-18,2.09
1963-07-19,2.09
1963-07-20,2.09
1963-07-21,1.98
1963-07-22,1.98
1963-07-23,1.98
1963-07-24,1.98
1963-07-25,1.98
1963-07-26,1.88
1963-07-27,1.88
1963-07-28,1.88
1963-07-29,1.88
1963-07-30,1.98
1963-07-31,1.93
1963-08-01,1.8
1963-08-02,1.73
1963-08-03,1.73
1963-08-04,1.66
1963-08-05,1.73
1963-08-06,1.66
1963-08-07,1.66
1963-08-08,1.66
1963-08-09,1.66
1963-08-10,1.66
1963-08-11,1.66
1963-08-12,1.66
1963-08-13,1.66
1963-08-14,1.59
1963-08-15,1.59
1963-08-16,1.59
1963-08-17,1.59
1963-08-18,1.59
1963-08-19,1.42
1963-08-20,1.42
1963-08-21,1.42
1963-08-22,1.42
1963-08-23,1.42
1963-08-24,1.35
1963-08-25,1.35
1963-08-26,1.35
1963-08-27,1.35
1963-08-28,1.35
1963-08-29,1.42
1963-08-30,1.42
1963-08-31,1.48
1963-09-01,1.4976278118609407
1963-09-02,1.5152556237218813
1965-01-01,10.1
1965-01-02,8.25
1965-01-03,7.45
1965-01-04,7.25
1965-01-05,7.45
1965-01-06,11.6
1965-01-07,29.0
1965-01-08,32.3
1965-01-09,26.9
1965-01-10,20.8
1965-01-11,16.9
1965-01-12,15.6
1965-01-13,14.2
1965-01-14,13.8
1965-01-15,13.8
1965-01-16,10.5
1965-01-17,9.38
1965-01-18,7.85
1965-01-19,7.05
1965-01-20,5.35
1965-01-21,4.68
1965-01-22,4.0
1965-01-23,3.85
1965-01-24,3.85
1965-01-25,3.85
1965-01-26,4.9
1965-01-27,9.0
1965-01-28,7.25
1965-01-29,5.12
1965-01-30,4.22
1965-01-31,3.4
1965-02-01,10.5
1965-02-02,9.75
1965-02-03,8.25
1965-02-04,10.5
1965-02-05,16.9
1965-02-06,21.3
1965-02-07,18.2
1965-02-08,19.5
1965-02-09,19.5
1965-02-10,22.4
1965-02-11,24.0
1965-02-12,24.0
1965-02-13,65.5
1965-02-14,96.2
1965-02-15,91.1
1965-02-16,100.0
1965-02-17,101.0
1965-02-18,97.6
1965-02-19,108.0
1965-02-20,106.0
1965-02-21,97.6
1965-02-22,73.8
1965-02-23,61.0
1965-02-24,64.0
1965-02-25,74.6
1965-02-26,60.2
1965-02-27,60.2
1965-02-28,51.9
1965-03-01,38.8
1965-03-02,35.9
1965-03-03,55.0
1965-03-04,63.2
1965-03-05,55.8
1965-03-06,63.2
1965-03-07,57.2
1965-03-08,44.1
1965-03-09,38.1
1965-03-10,31.6
1965-03-11,26.2
1965-03-12,22.4
1965-03-13,23.0
1965-03-14,23.0
1965-03-15,23.0
1965-03-16,26.9
1965-03-17,29.0
1965-03-18,26.9
1965-03-19,31.6
1965-03-20,48.0
1965-03-21,44.1
1965-03-22,48.0
1965-03-23,38.8
1965-03-24,31.0
1965-03-25,28.3
1965-03-26,31.0
1965-03-27,29.0
1965-03-28,24.6
1965-03-29,24.0
1965-03-30,23.0
1965-03-31,19.0
1965-04-01,19.0
1965-04-02,16.0
1965-04-03,16.0
1965-04-04,13.8
1965-04-05,12.9
1965-04-06,11.2
1965-04-07,10.9
1965-04-08,10.5
1965-04-09,9.0
1965-04-10,9.0
1965-04-11,9.0
1965-04-12,8.25
1965-04-13,8.25
1965-04-14,7.45
1965-04-15,7.05
1965-04-16,6.45
1965-04-17,6.65
1965-04-18,6.65
1965-04-19,6.65
1965-04-20,6.25
1965-04-21,4.9
1965-04-22,4.22
1965-04-23,4.22
1965-04-24,4.22
1965-04-25,4.22
1965-04-26,3.4
1965-04-27,2.95
1965-04-28,2.95
1965-04-29,3.4
1965-04-30,3.1
1965-05-01,5.58
1965-05-02,4.9
1965-05-03,5.12
1965-05-04,4.68
1965-05-05,4.45
1965-05-06,4.0
1965-05-07,3.7
1965-05-08,3.7
1965-05-09,4.45
1965-05-10,3.1
1965-05-11,3.1
1965-05-12,3.4
1965-05-13,3.25
1965-05-14,2.5
1965-05-15,2.5
1965-05-16,2.5
1965-05-17,2.5
1965-05-18,2.65
1965-05-19,2.5
1965-05-20,2.5
1965-05-21,2.5
1965-05-22,2.25
1965-05-23,2.25
1965-05-24,2.25
1965-05-25,2.0
1965-05-26,1.88
1965-05-27,2.0
1965-05-28,1.88
1965-05-29,1.88
1965-05-30,2.0
1965-05-31,1.75
1965-06-01,1.88
1965-06-02,1.75
1965-06-03,1.5
1965-06-04,1.5
1965-06-05,1.62
1965-06-06,1.88
1965-06-07,1.75
1965-06-08,1.62
1965-06-09,1.5
1965-06-10,1.62
1965-06-11,1.38
1965-06-12,1.25
1965-06-13,1.25
1965-06-14,1.25
1965-06-15,1.25
1965-06-16,1.25
1965-06-17,1.25
1965-06-18,1.25
1965-06-19,1.25
1965-06-20,1.25
1965-06-21,1.2
1965-06-22,1.15
1965-06-23,1.2
1965-06-24,1.2
1965-06-25,1.25
1965-06-26,1.38
1965-06-27,1.25
1965-06-28,1.25
1965-06-29,1.25
1965-06-30,1.25
1965-07-01,1.15
1965-07-02,1.2
1965-07-03,1.15
1965-07-04,1.15
1965-07-05,1.15
1965-07-06,1.15
1965-07-07,1.15
1965-07-08,1.15
1965-07-09,1.15
1965-07-10,1.15
1965-07-11,1.15
1965-07-12,1.15
1965-07-13,1.15
1965-07-14,1.15
1965-07-15,1.15
1965-07-16,1.25
1965-07-17,1.25
1965-07-18,1.25
1965-07-19,1.25
1965-07-20,1.25
1965-07-21,1.15
1965-07-22,1.05
1965-07-23,1.05
1965-07-24,1.05
1965-07-25,1.05
1965-07-26,1.05
1965-07-27,1.1
1965-07-28,1.15
1965-07-29,1.15
1965-07-30,1.15
1965-07-31,1.1
1965-08-01,1.05
1965-08-02,1.0
1965-08-03,0.95
1965-08-04,0.95
1965-08-05,0.9
1965-08-06,0.9
1965-08-07,0.9
1965-08-08,1.0
1965-08-09,1.15
1965-08-10,1.15
1965-08-11,1.15
1965-08-12,1.1
1965-08-13,1.05
1965-08-14,0.95
1965-08-15,0.95
1965-08-16,0.95
1965-08-17,1.0
1965-08-18,0.95
1965-08-19,0.95
1965-08-20,1.05
1965-08-21,1.15
1965-08-22,1.1
1965-08-23,1.05
1965-08-24,1.1
1965-08-25,1.05
1965-08-26,1.05
1965-08-27,0.95
1965-08-28,0.95
1965-08-29,0.9
1965-08-30,0.9
1965-08-31,0.9
1965-09-01,1.0
1965-09-02,1.1
1965-09-03,1.15
1965-09-04,1.15
1965-09-05,1.15
1965-09-06,1.15
1965-09-07,1.05
1965-09-08,1.05
1965-09-09,0.95
1965-09-10,0.9
1965-09-11,0.85
1965-09-12,0.85
1965-09-13,0.85
1965-09-14,0.8
1965-09-15,0.85
1965-09-16,1.05
1965-09-17,1.1
1965-09-18,1.15
1965-09-19,1.05
1965-09-20,0.9
1965-09-21,0.85
1965-09-22,0.85
1965-09-23,0.85
1965-09-24,0.8
1965-09-25,0.9
1965-09-26,1.1
1965-09-27,1.15
1965-09-28,1.15
1965-09-29,1.2
1965-09-30,1.2
1965-10-01,1.2
1965-10-02,1.05
1965-10-03,0.85
1965-10-04,0.8
1965-10-05,0.8
1965-10-06,0.8
1965-10-07,0.75
1965-10-08,0.75
1965-10-09,1.0
1965-10-10,1.1
1965-10-11,1.05
1965-10-12,1.0
1965-10-13,0.95
1965-10-14,0.75
1965-10-15,0.5
1965-10-16,0.5
1965-10-17,0.5
1965-10-18,0.6
1965-10-19,1.0
1965-10-20,1.15
1965-10-21,1.15
1965-10-22,1.2
1965-10-23,1.38
1965-10-24,1.5
1965-10-25,1.25
1965-10-26,0.85
1965-10-27,0.6
1965-10-28,0.75
1965-10-29,0.85
1965-10-30,0.9
1965-10-31,1.2
1965-11-01,1.75
1965-11-02,1.62
1965-11-03,1.62
1965-11-04,1.38
1965-11-05,1.5
1965-11-06,1.25
1965-11-07,1.2
1965-11-08,1.25
1965-11-09,1.2
1965-11-10,1.25
1965-11-11,1.25
1965-11-12,1.75
1965-11-13,1.75
1965-11-14,1.62
1965-11-15,1.38
1965-11-16,1.25
1965-11-17,1.25
1965-11-18,1.15
1965-11-19,1.05
1965-11-20,1.05
1965-11-21,1.1
1965-11-22,1.15
1965-11-23,1.2
1965-11-24,1.5
1965-11-25,1.75
1965-11-26,1.62
1965-11-27,1.5
1965-11-28,1.75
1965-11-29,1.75
1965-11-30,1.62
1965-12-01,1.5
1965-12-02,1.62
1965-12-03,1.75
1965-12-04,1.62
1965-12-05,1.5
1965-12-06,1.75
1965-12-07,1.75
1965-12-08,1.75
1965-12-09,1.62
1965-12-10,1.62
1965-12-11,1.5
1965-12-12,1.5
1965-12-13,1.5
1965-12-14,1.25
1965-12-15,1.25
1965-12-16,1.25
1965-12-17,1.25
1965-12-18,1.25
1965-12-19,1.5
1965-12-20,1.5
1965-12-21,1.5
1965-12-22,1.62
1965-12-23,2.8
1965-12-24,4.0
1965-12-25,3.4
1965-12-26,3.1
1965-12-27,2.65
1965-12-28,2.5
1965-12-29,2.8
1965-12-30,14.2
1965-12-31,64.0
1966-01-01,17.0
1966-01-02,19.0
1966-01-03,18.5
1966-01-04,22.8
1966-01-05,24.0
1966-01-06,16.5
1966-01-07,13.4
1966-01-08,11.2
1966-01-09,9.1
1966-01-10,8.25
1966-01-11,7.15
1966-01-12,7.15
1966-01-13,7.42
1966-01-14,9.52
1966-01-15,8.25
1966-01-16,6.32
1966-01-17,5.3
1966-01-18,4.3
1966-01-19,7.7
1966-01-20,9.95
1966-01-21,8.25
1966-01-22,10.8
1966-01-23,14.3
1966-01-24,12.5
1966-01-25,10.8
1966-01-26,11.2
1966-01-27,7.7
1966-01-28,8.68
1966-01-29,21.1
1966-01-30,29.8
1966-01-31,31.6
1966-02-01,21.1
1966-02-02,16.5
1966-02-03,13.1
1966-02-04,9.95
1966-02-05,7.7
1966-02-06,6.32
1966-02-07,5.3
1966-02-08,4.9
1966-02-09,5.5
1966-02-10,4.9
1966-02-11,3.9
1966-02-12,3.2
1966-02-13,2.6
1966-02-14,2.45
1966-02-15,2.15
1966-02-16,2.6
1966-02-17,6.6
1966-02-18,10.4
1966-02-19,9.52
1966-02-20,9.52
1966-02-21,14.9
1966-02-22,13.4
1966-02-23,17.0
1966-02-24,44.5
1966-02-25,44.5
1966-02-26,44.5
1966-02-27,44.5
1966-02-28,59.0
1966-03-01,48.6
1966-03-02,49.9
1966-03-03,37.8
1966-03-04,29.8
1966-03-05,36.4
1966-03-06,63.0
1966-03-07,99.2
1966-03-08,93.5
1966-03-09,56.6
1966-03-10,37.8
1966-03-11,28.0
1966-03-12,22.2
1966-03-13,18.0
1966-03-14,15.2
1966-03-15,14.0
1966-03-16,13.7
1966-03-17,13.7
1966-03-18,15.2
1966-03-19,21.1
1966-03-20,17.5
1966-03-21,37.8
1966-03-22,46.2
1966-03-23,33.0
1966-03-24,25.1
1966-03-25,19.5
1966-03-26,16.5
1966-03-27,14.6
1966-03-28,14.0
1966-03-29,13.1
1966-03-30,11.6
1966-03-31,10.8
1966-04-01,9.1
1966-04-02,9.1
1966-04-03,7.42
1966-04-04,6.32
1966-04-05,6.05
1966-04-06,5.5
1966-04-07,5.1
1966-04-08,5.3
1966-04-09,7.15
1966-04-10,8.25
1966-04-11,9.52
1966-04-12,9.1
1966-04-13,7.42
1966-04-14,6.32
1966-04-15,5.78
1966-04-16,5.1
1966-04-17,4.9
1966-04-18,4.9
1966-04-19,4.7
1966-04-20,4.5
1966-04-21,4.3
1966-04-22,4.1
1966-04-23,4.1
1966-04-24,3.7
1966-04-25,3.5
1966-04-26,3.9
1966-04-27,4.7
1966-04-28,4.1
1966-04-29,3.7
1966-04-30,3.5
1966-05-01,3.2
1966-05-02,3.35
1966-05-03,3.05
1966-05-04,2.9
1966-05-05,2.9
1966-05-06,2.75
1966-05-07,3.2
1966-05-08,3.2
1966-05-09,3.05
1966-05-10,2.9
1966-05-11,2.75
1966-05-12,2.6
1966-05-13,2.6
1966-05-14,2.6
1966-05-15,2.3
1966-05-16,2.3
1966-05-17,2.15
1966-05-18,2.0
1966-05-19,1.9
1966-05-20,1.9
1966-05-21,1.9
1966-05-22,1.8
1966-05-23,1.8
1966-05-24,1.7
1966-05-25,1.6
1966-05-26,1.6
1966-05-27,1.5
1966-05-28,1.5
1966-05-29,1.4
1966-05-30,1.4
1966-05-31,1.4
1966-06-01,1.4
1966-06-02,1.3
1966-06-03,1.3
1966-06-04,1.2
1966-06-05,1.2
1966-06-06,1.2
1966-06-07,1.2
1966-06-08,1.2
1966-06-09,1.2
1966-06-10,1.2
1966-06-11,1.2
1966-06-12,1.2
1966-06-13,1.2
1966-06-14,1.2
1966-06-15,1.2
1966-06-16,1.2
1966-06-17,1.2
1966-06-18,1.2
1966-06-19,1.2
1966-06-20,1.2
1966-06-21,1.2
1966-06-22,1.2
1966-06-23,1.2
1966-06-24,1.2
1966-06-25,1.1
1966-06-26,1.1
1966-06-27,1.1
1966-06-28,1.1
1966-06-29,1.1
1966-06-30,1.1
1966-07-01,1.2
1966-07-02,1.2
1966-07-03,1.2
1966-07-04,1.2
1966-07-05,1.2
1966-07-06,1.1
1966-07-07,1.2
1966-07-08,1.3
1966-07-09,1.4
1966-07-10,1.3
1966-07-11,1.3
1966-07-12,1.2
1966-07-13,1.0
1966-07-14,0.93
1966-07-15,0.93
1966-07-16,1.0
1966-07-17,0.93
1966-07-18,0.93
1966-07-19,1.0
1966-07-20,1.2
1966-07-21,1.2
1966-07-22,1.2
1966-07-23,1.2
1966-07-24,1.1
1966-07-25,0.93
1966-07-26,0.85
1966-07-27,0.85
1966-07-28,0.85
1966-07-29,0.93
1966-07-30,1.0
1966-07-31,1.1
1966-08-01,1.2
1966-08-02,1.2
1966-08-03,1.2
1966-08-04,1.2
1966-08-05,1.1
1966-08-06,1.0
1966-08-07,0.85
1966-08-08,0.78
1966-08-09,0.78
1966-08-10,0.85
1966-08-11,0.85
1966-08-12,1.1
1966-08-13,1.2
1966-08-14,1.2
1966-08-15,1.1
1966-08-16,1.0
1966-08-17,1.0
1966-08-18,1.0
1966-08-19,0.85
1966-08-20,0.93
1966-08-21,0.93
1966-08-22,0.85
1966-08-23,0.85
1966-08-24,1.0
1966-08-25,1.2
1966-08-26,1.1
1966-08-27,1.1
1966-08-28,1.0
1966-08-29,1.0
1966-08-30,0.85
1966-08-31,0.78
1966-09-01,0.7
1966-09-02,0.7
1966-09-03,0.85
1966-09-04,0.85
1966-09-05,1.1
1966-09-06,1.5
1966-09-07,1.4
1966-09-08,1.3
1966-09-09,1.2
1966-09-10,1.0
1966-09-11,0.85
1966-09-12,0.78
1966-09-13,0.78
1966-09-14,0.7
1966-09-15,0.7
1966-09-16,0.7
1966-09-17,0.85
1966-09-18,1.0
1966-09-19,1.1
1966-09-20,1.1
1966-09-21,1.0
1966-09-22,1.0
1966-09-23,0.93
1966-09-24,0.85
1966-09-25,0.78
1966-09-26,0.78
1966-09-27,0.78
1966-09-28,0.7
1966-09-29,0.7
1966-09-30,0.85
1966-10-01,0.85
1966-10-02,0.85
1966-10-03,0.85
1966-10-04,0.93
1966-10-05,1.5
1966-10-06,3.05
1966-10-07,3.2
1966-10-08,2.6
1966-10-09,2.0
1966-10-10,2.0
1966-10-11,2.0
1966-10-12,2.0
1966-10-13,3.2
1966-10-14,4.9
1966-10-15,9.1
1966-10-16,13.4
1966-10-17,15.5
1966-10-18,17.5
1966-10-19,14.0
1966-10-20,14.9
1966-10-21,23.4
1966-10-22,21.6
1966-10-23,16.5
1966-10-24,15.5
1966-10-25,19.0
1966-10-26,21.1
1966-10-27,14.3
1966-10-28,11.2
1966-10-29,7.98
1966-10-30,6.05
1966-10-31,5.78
1966-11-01,6.05
1966-11-02,5.1
1966-11-03,4.7
1966-11-04,3.9
1966-11-05,3.7
1966-11-06,4.7
1966-11-07,5.5
1966-11-08,4.9
1966-11-09,4.3
1966-11-10,3.7
1966-11-11,3.35
1966-11-12,3.05
1966-11-13,2.75
1966-11-14,2.6
1966-11-15,2.3
1966-11-16,1.9
1966-11-17,1.8
1966-11-18,1.6
1966-11-19,1.6
1966-11-20,1.6
1966-11-21,1.6
1966-11-22,1.5
1966-11-23,1.4
1966-11-24,1.4
1966-11-25,1.7
1966-11-26,2.3
1966-11-27,3.5
1966-11-28,6.05
1966-11-29,7.42
1966-11-30,6.6
1966-12-01,4.7
1966-12-02,3.5
1966-12-03,3.05
1966-12-04,2.75
1966-12-05,2.45
1966-12-06,2.9
1966-12-07,7.15
1966-12-08,21.1
1966-12-09,31.0
1966-12-10,25.1
1966-12-11,20.5
1966-12-12,17.0
1966-12-13,20.0
1966-12-14,19.5
1966-12-15,24.5
1966-12-16,27.4
1966-12-17,30.4
1966-12-18,26.2
1966-12-19,19.5
1966-12-20,14.9
1966-12-21,13.1
1966-12-22,11.6
1966-12-23,9.52
1966-12-24,9.95
1966-12-25,9.1
1966-12-26,8.68
1966-12-27,7.98
1966-12-28,7.15
1966-12-29,8.68
1966-12-30,8.25
1966-12-31,9.1
1967-01-01,12.8
1967-01-02,12.0
1967-01-03,14.2
1967-01-04,21.6
1967-01-05,36.2
1967-01-06,27.2
1967-01-07,30.4
1967-01-08,51.7
1967-01-09,63.5
1967-01-10,64.5
1967-01-11,58.5
1967-01-12,60.5
1967-01-13,73.4
1967-01-14,49.7
1967-01-15,36.2
1967-01-16,31.6
1967-01-17,29.8
1967-01-18,28.5
1967-01-19,27.2
1967-01-20,27.9
1967-01-21,26.2
1967-01-22,30.4
1967-01-23,36.9
1967-01-24,56.6
1967-01-25,63.5
1967-01-26,68.5
1967-01-27,58.5
1967-01-28,44.5
1967-01-29,47.0
1967-01-30,53.6
1967-01-31,64.5
1967-02-01,85.2
1967-02-02,98.2
1967-02-03,119.0
1967-02-04,118.0
1967-02-05,111.0
1967-02-06,110.0
1967-02-07,94.2
1967-02-08,106.0
1967-02-09,108.0
1967-02-10,100.0
1967-02-11,88.2
1967-02-12,76.3
1967-02-13,61.5
1967-02-14,93.2
1967-02-15,77.3
1967-02-16,75.3
1967-02-17,76.3
1967-02-18,71.4
1967-02-19,68.5
1967-02-20,88.2
1967-02-21,100.0
1967-02-22,99.2
1967-02-23,94.2
1967-02-24,98.2
1967-02-25,128.0
1967-02-26,86.2
1967-02-27,94.2
1967-02-28,97.2
1967-03-01,83.2
1967-03-02,94.2
1967-03-03,74.4
1967-03-04,91.2
1967-03-05,82.2
1967-03-06,75.3
1967-03-07,78.2
1967-03-08,70.4
1967-03-09,62.5
1967-03-10,55.6
1967-03-11,53.6
1967-03-12,57.5
1967-03-13,72.4
1967-03-14,81.2
1967-03-15,86.2
1967-03-16,71.4
1967-03-17,78.2
1967-03-18,72.4
1967-03-19,97.2
1967-03-20,112.0
1967-03-21,97.2
1967-03-22,84.2
1967-03-23,64.5
1967-03-24,54.6
1967-03-25,45.4
1967-03-26,39.6
1967-03-27,39.6
1967-03-28,36.2
1967-03-29,33.5
1967-03-30,29.8
1967-03-31,31.0
1967-04-01,27.2
1967-04-02,26.2
1967-04-03,25.0
1967-04-04,23.4
1967-04-05,21.8
1967-04-06,21.2
1967-04-07,19.6
1967-04-08,17.4
1967-04-09,15.9
1967-04-10,15.2
1967-04-11,14.5
1967-04-12,14.8
1967-04-13,15.9
1967-04-14,17.9
1967-04-15,19.0
1967-04-16,24.5
1967-04-17,24.0
1967-04-18,22.8
1967-04-19,20.1
1967-04-20,17.4
1967-04-21,15.6
1967-04-22,14.8
1967-04-23,14.5
1967-04-24,13.4
1967-04-25,13.4
1967-04-26,13.4
1967-04-27,12.8
1967-04-28,12.0
1967-04-29,11.4
1967-04-30,10.3
1967-05-01,9.6
1967-05-02,8.98
1967-05-03,8.7
1967-05-04,8.42
1967-05-05,8.15
1967-05-06,7.88
1967-05-07,7.32
1967-05-08,6.78
1967-05-09,6.78
1967-05-10,6.5
1967-05-11,7.62
1967-05-12,6.5
1967-05-13,7.25
1967-05-14,7.25
1967-05-15,7.62
1967-05-16,7.62
1967-05-17,6.88
1967-05-18,6.5
1967-05-19,6.12
1967-05-20,5.75
1967-05-21,5.38
1967-05-22,5.38
1967-05-23,5.0
1967-05-24,4.62
1967-05-25,4.62
1967-05-26,4.25
1967-05-27,4.25
1967-05-28,4.25
1967-05-29,4.08
1967-05-30,3.9
1967-05-31,3.9
1967-06-01,3.55
1967-06-02,3.38
1967-06-03,3.38
1967-06-04,3.38
1967-06-05,3.38
1967-06-06,3.2
1967-06-07,2.85
1967-06-08,2.85
1967-06-09,2.85
1967-06-10,2.68
1967-06-11,2.68
1967-06-12,2.5
1967-06-13,2.5
1967-06-14,2.5
1967-06-15,2.5
1967-06-16,2.5
1967-06-17,2.25
1967-06-18,2.25
1967-06-19,2.38
1967-06-20,2.38
1967-06-21,2.38
1967-06-22,2.25
1967-06-23,2.25
1967-06-24,2.25
1967-06-25,2.12
1967-06-26,2.12
1967-06-27,2.25
1967-06-28,2.25
1967-06-29,2.25
1967-06-30,2.12
1967-07-01,2.0
1967-07-02,2.12
1967-07-03,2.12
1967-07-04,2.25
1967-07-05,2.0
1967-07-06,2.0
1967-07-07,2.0
1967-07-08,2.0
1967-07-09,2.0
1967-07-10,2.0
1967-07-11,2.0
1967-07-12,2.0
1967-07-13,2.0
1967-07-14,2.0
1967-07-15,2.0
1967-07-16,2.0
1967-07-17,2.0
1967-07-18,2.0
1967-07-19,2.12
1967-07-20,2.0
1967-07-21,2.12
1967-07-22,2.0
1967-07-23,2.0
1967-07-24,1.88
1967-07-25,1.88
1967-07-26,1.88
1967-07-27,1.88
1967-07-28,1.88
1967-07-29,1.88
1967-07-30,2.0
1967-07-31,2.0
1967-08-01,2.0
1967-08-02,2.0
1967-08-03,2.0
1967-08-04,2.0
1967-08-05,1.88
1967-08-06,1.75
1967-08-07,1.75
1967-08-08,1.75
1967-08-09,1.75
1967-08-10,1.88
1967-08-11,1.75
1967-08-12,1.62
1967-08-13,1.62
1967-08-14,1.5
1967-08-15,1.5
1967-08-16,1.5
1967-08-17,1.5
1967-08-18,1.5
1967-08-19,1.5
1967-08-20,1.38
1967-08-21,1.5
1967-08-22,1.5
1967-08-23,1.5
1967-08-24,1.5
1967-08-25,1.5
1967-08-26,1.62
1967-08-27,1.5
1967-08-28,1.5
1967-08-29,1.5
1967-08-30,1.5
1967-08-31,1.5
1967-09-01,1.62
1967-09-02,1.5
1967-09-03,1.5
1967-09-04,1.5
1967-09-05,1.5
1967-09-06,1.5
1967-09-07,1.5
1967-09-08,1.5
1967-09-09,1.38
1967-09-10,1.38
1967-09-11,1.38
1967-09-12,1.38
1967-09-13,1.38
1967-09-14,1.25
1967-09-15,1.25
1967-09-16,1.25
1967-09-17,1.25
1967-09-18,1.25
1967-09-19,1.25
1967-09-20,1.38
1967-09-21,1.5
1967-09-22,1.5
1967-09-23,1.5
1967-09-24,1.62
1967-09-25,1.75
1967-09-26,1.75
1967-09-27,1.5
1967-09-28,1.5
1967-09-29,1.38
1967-09-30,1.25
1967-10-01,1.38
1967-10-02,1.38
1967-10-03,1.75
1967-10-04,1.88
1967-10-05,2.68
1967-10-06,3.55
1967-10-07,3.55
1967-10-08,4.25
1967-10-09,5.75
1967-10-10,7.88
1967-10-11,13.1
1967-10-12,8.98
1967-10-13,7.6
1967-10-14,7.88
1967-10-15,8.98
1967-10-16,13.4
1967-10-17,9.95
1967-10-18,8.15
1967-10-19,6.5
1967-10-20,6.5
1967-10-21,5.38
1967-10-22,5.38
1967-10-23,4.25
1967-10-24,3.72
1967-10-25,3.38
1967-10-26,3.2
1967-10-27,3.02
1967-10-28,2.85
1967-10-29,3.02
1967-10-30,3.02
1967-10-31,2.85
1967-11-01,3.38
1967-11-02,3.72
1967-11-03,3.2
1967-11-04,3.02
1967-11-05,2.68
1967-11-06,2.68
1967-11-07,2.5
1967-11-08,2.5
1967-11-09,2.38
1967-11-10,2.25
1967-11-11,2.12
1967-11-12,2.0
1967-11-13,2.0
1967-11-14,2.0
1967-11-15,2.12
1967-11-16,2.12
1967-11-17,2.12
1967-11-18,2.12
1967-11-19,2.12
1967-11-20,2.38
1967-11-21,2.25
1967-11-22,2.25
1967-11-23,2.5
1967-11-24,2.38
1967-11-25,2.38
1967-11-26,2.25
1967-11-27,2.5
1967-11-28,3.2
1967-11-29,3.2
1967-11-30,3.02
1967-12-01,2.5
1967-12-02,3.02
1967-12-03,2.38
1967-12-04,2.5
1967-12-05,2.68
1967-12-06,3.55
1967-12-07,3.9
1967-12-08,3.2
1967-12-09,3.2
1967-12-10,3.2
1967-12-11,3.2
1967-12-12,2.85
1967-12-13,2.68
1967-12-14,2.5
1967-12-15,2.38
1967-12-16,2.12
1967-12-17,2.12
1967-12-18,3.38
1967-12-19,6.5
1967-12-20,12.8
1967-12-21,8.15
1967-12-22,6.5
1967-12-23,6.12
1967-12-24,4.62
1967-12-25,3.9
1967-12-26,3.55
1967-12-27,3.38
1967-12-28,3.02
1967-12-29,2.85
1967-12-30,2.68
1967-12-31,2.5
1968-01-01,2.18
1968-01-02,2.18
1968-01-03,2.06
1968-01-04,2.06
1968-01-05,2.62
1968-01-06,3.7
1968-01-07,4.34
1968-01-08,5.56
1968-01-09,5.3
1968-01-10,4.58
1968-01-11,4.82
1968-01-12,7.12
1968-01-13,15.02
1968-01-14,14.6
1968-01-15,14.22
1968-01-16,13.84
1968-01-17,15.44
1968-01-18,24.1
1968-01-19,30.26
1968-01-20,40.24
1968-01-21,31.7
1968-01-22,22.3
1968-01-23,27.42
1968-01-24,20.08
1968-01-25,15.86
1968-01-26,13.08
1968-01-27,12.7
1968-01-28,19.54
1968-01-29,18.08
1968-01-30,13.46
1968-01-31,10.68
1968-02-01,9.72
1968-02-02,9.1
1968-02-03,15.86
1968-02-04,17.62
1968-02-05,23.5
1968-02-06,22.9
1968-02-07,20.62
1968-02-08,16.28
1968-02-09,14.22
1968-02-10,12.7
1968-02-11,13.08
1968-02-12,11.0
1968-02-13,13.46
1968-02-14,15.02
1968-02-15,12.02
1968-02-16,10.04
1968-02-17,8.8
1968-02-18,7.9
1968-02-19,7.12
1968-02-20,10.36
1968-02-21,10.04
1968-02-22,7.64
1968-02-23,6.34
1968-02-24,5.56
1968-02-25,4.82
1968-02-26,4.34
1968-02-27,4.1
1968-02-28,5.3
1968-02-29,7.9
1968-03-01,13.84
1968-03-02,15.86
1968-03-03,15.02
1968-03-04,13.46
1968-03-05,13.08
1968-03-06,12.7
1968-03-07,21.16
1968-03-08,26.06
1968-03-09,39.98
1968-03-10,30.26
1968-03-11,25.38
1968-03-12,28.82
1968-03-13,29.54
1968-03-14,30.26
1968-03-15,26.74
1968-03-16,24.1
1968-03-17,30.26
1968-03-18,30.98
1968-03-19,28.1
1968-03-20,26.74
1968-03-21,24.7
1968-03-22,22.3
1968-03-23,18.54
1968-03-24,17.16
1968-03-25,20.62
1968-03-26,27.42
1968-03-27,23.5
1968-03-28,22.3
1968-03-29,19.0
1968-03-30,19.54
1968-03-31,19.54
1968-04-01,12.7
1968-04-02,14.22
1968-04-03,13.08
1968-04-04,11.34
1968-04-05,15.86
1968-04-06,16.7
1968-04-07,15.86
1968-04-08,15.44
1968-04-09,13.84
1968-04-10,12.36
1968-04-11,11.0
1968-04-12,10.68
1968-04-13,9.4
1968-04-14,8.5
1968-04-15,7.64
1968-04-16,6.86
1968-04-17,6.34
1968-04-18,5.56
1968-04-19,4.82
1968-04-20,4.34
1968-04-21,3.9
1968-04-22,3.3
1968-04-23,3.5
1968-04-24,3.5
1968-04-25,3.3
1968-04-26,3.1
1968-04-27,2.94
1968-04-28,2.62
1968-04-29,2.3
1968-04-30,2.3
1968-05-01,2.18
1968-05-02,2.06
1968-05-03,1.94
1968-05-04,1.82
1968-05-05,1.82
1968-05-06,1.7
1968-05-07,1.7
1968-05-08,1.82
1968-05-09,1.82
1968-05-10,1.82
1968-05-11,1.82
1968-05-12,1.7
1968-05-13,1.82
1968-05-14,1.82
1968-05-15,1.6
1968-05-16,1.4
1968-05-17,1.4
1968-05-18,1.3
1968-05-19,1.5
1968-05-20,1.5
1968-05-21,1.4
1968-05-22,1.7
1968-05-23,1.94
1968-05-24,1.94
1968-05-25,1.6
1968-05-26,1.4
1968-05-27,1.6
1968-05-28,1.6
1968-05-29,1.6
1968-05-30,1.6
1968-05-31,1.4
1968-06-01,1.6
1968-06-02,1.4
1968-06-03,1.4
1968-06-04,1.3
1968-06-05,1.2
1968-06-06,1.3
1968-06-07,1.3
1968-06-08,1.2
1968-06-09,1.3
1968-06-10,1.3
1968-06-11,1.4
1968-06-12,1.4
1968-06-13,1.3
1968-06-14,1.3
1968-06-15,1.3
1968-06-16,1.2
1968-06-17,1.3
1968-06-18,1.3
1968-06-19,1.4
1968-06-20,1.4
1968-06-21,1.3
1968-06-22,1.2
1968-06-23,1.2
1968-06-24,1.3
1968-06-25,1.3
1968-06-26,1.3
1968-06-27,1.3
1968-06-28,1.3
1968-06-29,1.2
1968-06-30,1.4
1968-07-01,1.14
1968-07-02,1.14
1968-07-03,1.14
1968-07-04,1.14
1968-07-05,1.08
1968-07-06,1.08
1968-07-07,1.08
1968-07-08,1.08
1968-07-09,1.08
1968-07-10,1.08
1968-07-11,1.08
1968-07-12,1.08
1968-07-13,1.02
1968-07-14,1.02
1968-07-15,1.02
1968-07-16,1.02
1968-07-17,1.02
1968-07-18,1.02
1968-07-19,1.02
1968-07-20,1.02
1968-07-21,0.96
1968-07-22,0.96
1968-07-23,0.96
1968-07-24,1.02
1968-07-25,1.08
1968-07-26,1.02
1968-07-27,1.02
1968-07-28,1.02
1968-07-29,1.02
1968-07-30,0.96
1968-07-31,0.96
1968-08-01,0.96
1968-08-02,0.96
1968-08-03,0.96
1968-08-04,0.96
1968-08-05,0.96
1968-08-06,0.96
1968-08-07,0.96
1968-08-08,0.96
1968-08-09,0.96
1968-08-10,1.02
1968-08-11,1.02
1968-08-12,0.96
1968-08-13,0.96
1968-08-14,0.96
1968-08-15,0.96
1968-08-16,0.96
1968-08-17,0.96
1968-08-18,0.9
1968-08-19,0.9
1968-08-20,0.9
1968-08-21,0.9
1968-08-22,0.9
1968-08-23,0.82
1968-08-24,0.82
1968-08-25,0.82
1968-08-26,0.82
1968-08-27,0.82
1968-08-28,0.82
1968-08-29,0.82
1968-08-30,0.82
1968-08-31,0.9
1968-09-01,0.82
1968-09-02,0.82
1968-09-03,0.82
1968-09-04,0.96
1968-09-05,1.02
1968-09-06,1.02
1968-09-07,1.02
1968-09-08,1.02
1968-09-09,0.96
1968-09-10,0.82
1968-09-11,0.82
1968-09-12,0.82
1968-09-13,0.82
1968-09-14,0.82
1968-09-15,0.82
1968-09-16,0.9
1968-09-17,0.9
1968-09-18,0.96
1968-09-19,1.02
1968-09-20,1.02
1968-09-21,0.96
1968-09-22,0.9
1968-09-23,0.9
1968-09-24,0.82
1968-09-25,0.74
1968-09-26,0.66
1968-09-27,0.66
1968-09-28,0.9
1968-09-29,1.14
1968-09-30,1.4
1968-10-01,1.3
1968-10-02,1.3
1968-10-03,1.14
1968-10-04,1.02
1968-10-05,0.9
1968-10-06,0.82
1968-10-07,0.74
1968-10-08,0.74
1968-10-09,0.74
1968-10-10,0.82
1968-10-11,0.82
1968-10-12,0.96
1968-10-13,1.08
1968-10-14,1.08
1968-10-15,1.14
1968-10-16,1.2
1968-10-17,1.3
1968-10-18,1.2
1968-10-19,1.14
1968-10-20,1.08
1968-10-21,1.02
1968-10-22,1.02
1968-10-23,1.08
1968-10-24,1.2
1968-10-25,1.2
1968-10-26,1.14
1968-10-27,1.3
1968-10-28,1.6
1968-10-29,1.3
1968-10-30,1.14
1968-10-31,1.14
1968-11-01,1.02
1968-11-02,1.02
1968-11-03,1.02
1968-11-04,1.2
1968-11-05,1.5
1968-11-06,2.06
1968-11-07,2.3
1968-11-08,3.3
1968-11-09,5.06
1968-11-10,4.34
1968-11-11,5.56
1968-11-12,9.72
1968-11-13,8.2
1968-11-14,6.08
1968-11-15,3.9
1968-11-16,3.1
1968-11-17,2.62
1968-11-18,2.3
1968-11-19,2.18
1968-11-20,1.94
1968-11-21,1.7
1968-11-22,1.7
1968-11-23,1.6
1968-11-24,1.6
1968-11-25,1.4
1968-11-26,1.4
1968-11-27,1.3
1968-11-28,1.3
1968-11-29,1.2
1968-11-30,1.3
1968-12-01,1.3
1968-12-02,1.2
1968-12-03,1.2
1968-12-04,1.4
1968-12-05,1.5
1968-12-06,1.08
1968-12-07,3.3
1968-12-08,5.06
1968-12-09,6.08
1968-12-10,8.5
1968-12-11,8.8
1968-12-12,7.64
1968-12-13,5.56
1968-12-14,4.82
1968-12-15,5.56
1968-12-16,11.68
1968-12-17,14.6
1968-12-18,11.34
1968-12-19,8.8
1968-12-20,6.6
1968-12-21,5.06
1968-12-22,4.58
1968-12-23,3.7
1968-12-24,3.3
1968-12-25,2.94
1968-12-26,2.94
1968-12-27,2.94
1968-12-28,2.78
1968-12-29,2.78
1968-12-30,2.78
1968-12-31,2.78
1969-01-01,2.774754098360656
1969-01-02,2.769508196721312
1969-09-01,1.5
1969-09-02,1.38
1969-09-03,1.05
1969-09-04,1.05
1969-09-05,1.05
1969-09-06,1.05
1969-09-07,1.25
1969-09-08,1.5
1969-09-09,1.62
1969-09-10,1.62
1969-09-11,1.62
1969-09-12,1.62
1969-09-13,1.75
1969-09-14,1.5
1969-09-15,1.15
1969-09-16,1.15
1969-09-17,1.25
1969-09-18,1.25
1969-09-19,1.15
1969-09-20,1.15
1969-09-21,1.38
1969-09-22,1.62
1969-09-23,1.62
1969-09-24,1.62
1969-09-25,1.5
1969-09-26,1.38
1969-09-27,1.25
1969-09-28,1.15
1969-09-29,1.15
1969-09-30,1.15
1969-10-01,1.15
1969-10-02,1.05
1969-10-03,0.95
1969-10-04,0.95
1969-10-05,1.62
1969-10-06,1.62
1969-10-07,1.62
1969-10-08,2.12
1969-10-09,2.25
1969-10-10,2.0
1969-10-11,1.62
1969-10-12,1.38
1969-10-13,2.0
1969-10-14,1.88
1969-10-15,1.62
1969-10-16,1.88
1969-10-17,7.05
1969-10-18,6.5
1969-10-19,5.6
1969-10-20,4.48
1969-10-21,4.25
1969-10-22,4.25
1969-10-23,3.9
1969-10-24,2.85
1969-10-25,2.5
1969-10-26,2.5
1969-10-27,2.38
1969-10-28,2.5
1969-10-29,2.68
1969-10-30,2.5
1969-10-31,2.5
1969-11-01,2.38
1969-11-02,2.38
1969-11-03,2.38
1969-11-04,2.5
1969-11-05,2.38
1969-11-06,4.7
1969-11-07,9.25
1969-11-08,8.42
1969-11-09,7.05
1969-11-10,5.15
1969-11-11,4.8
1969-11-12,3.72
1969-11-13,3.38
1969-11-14,3.02
1969-11-15,3.02
1969-11-16,2.85
1969-11-17,2.85
1969-11-18,2.85
1969-11-19,3.02
1969-11-20,2.85
1969-11-21,2.68
1969-11-22,2.68
1969-11-23,3.9
1969-11-24,6.28
1969-11-25,6.5
1969-11-26,7.32
1969-11-27,6.28
1969-11-28,4.92
1969-11-29,5.6
1969-11-30,14.8
1969-12-01,26.2
1969-12-02,26.2
1969-12-03,31.6
1969-12-04,36.2
1969-12-05,35.5
1969-12-06,31.0
1969-12-07,39.6
1969-12-08,31.6
1969-12-09,23.4
1969-12-10,19.6
1969-12-11,14.8
1969-12-12,13.4
1969-12-13,10.6
1969-12-14,9.95
1969-12-15,7.88
1969-12-16,8.98
1969-12-17,14.2
1969-12-18,17.4
1969-12-19,19.6
1969-12-20,27.2
1969-12-21,47.0
1969-12-22,48.8
1969-12-23,45.4
1969-12-24,55.6
1969-12-25,90.2
1969-12-26,108.0
1969-12-27,66.5
1969-12-28,56.6
1969-12-29,51.7
1969-12-30,58.5
1969-12-31,93.2
1970-01-01,65.5
1970-01-02,50.7
1970-01-03,38.9
1970-01-04,38.9
1970-01-05,36.9
1970-01-06,42.0
1970-01-07,69.5
1970-01-08,110.0
1970-01-09,78.2
1970-01-10,94.2
1970-01-11,82.2
1970-01-12,78.2
1970-01-13,96.2
1970-01-14,95.2
1970-01-15,98.2
1970-01-16,148.0
1970-01-17,110.0
1970-01-18,85.2
1970-01-19,70.4
1970-01-20,64.5
1970-01-21,58.5
1970-01-22,58.5
1970-01-23,66.5
1970-01-24,60.5
1970-01-25,65.5
1970-01-26,60.5
1970-01-27,63.5
1970-01-28,58.5
1970-01-29,61.5
1970-01-30,52.6
1970-01-31,41.1
1970-02-01,40.87598630136986
1970-02-02,40.651972602739725
1970-04-14,24.747
1970-04-15,19.018
1970-04-16,16.342
1970-04-17,15.086
1970-04-18,13.906
1970-04-19,13.86
1970-04-20,13.101
1970-04-21,11.667
1970-04-22,10.974
1970-04-23,10.047
1970-04-24,11.822
1970-04-25,10.212
1970-04-26,12.874
1970-04-27,22.643
1970-04-28,17.798
1970-04-29,25.336
1970-04-30,25.853
1970-05-01,24.384
1970-05-02,19.845
1970-05-03,16.064
1970-05-04,15.7065
1970-05-05,15.349
1970-05-06,13.44
1970-05-07,12.159
1970-05-08,11.086
1970-05-09,10.483
1970-05-10,9.928
1970-05-11,9.372
1970-05-12,9.375
1970-05-13,8.316
1970-05-14,7.645
1970-05-15,7.835
1970-05-16,14.369
1970-05-17,14.313
1970-05-18,11.038
1970-05-19,9.741
1970-05-20,9.117
1970-05-21,8.098
1970-05-22,7.473
1970-05-23,6.607
1970-05-24,5.811
1970-05-25,6.42
1970-05-26,5.294
1970-05-27,4.787
1970-05-28,4.457
1970-05-29,4.093
1970-05-30,4.058
1970-05-31,3.969
1970-06-01,5.233
1970-06-02,4.6955
1970-06-03,4.158
1970-06-04,4.021
1970-06-05,3.808
1970-06-06,3.422
1970-06-07,3.346
1970-06-08,3.412
1970-06-09,3.256
1970-06-10,3.157
1970-06-11,3.118
1970-06-12,3.248
1970-06-13,3.326
1970-06-14,3.134
1970-06-15,2.837
1970-06-16,2.885
1970-06-17,2.402
1970-06-18,2.305
1970-06-19,2.27
1970-06-20,2.365
1970-06-21,2.329
1970-06-22,2.328
1970-06-23,2.169
1970-06-24,1.995
1970-06-25,1.912
1970-06-26,2.0
1970-06-27,2.079
1970-06-28,2.013
1970-06-29,2.119
1970-06-30,1.952
1970-07-01,1.976
1970-07-02,1.9595
1970-07-03,1.943
1970-07-04,1.794
1970-07-05,1.802
1970-07-06,1.624
1970-07-07,1.558
1970-07-08,1.544
1970-07-09,1.517
1970-07-10,1.529
1970-07-11,1.677
1970-07-12,1.616
1970-07-13,1.514
1970-07-14,1.524
1970-07-15,1.545
1970-07-16,1.44
1970-07-17,1.405
1970-07-18,1.456
1970-07-19,1.521
1970-07-20,1.287
1970-07-21,1.273
1970-07-22,1.469
1970-07-23,1.409
1970-07-24,1.27
1970-07-25,1.269
1970-07-26,1.27
1970-07-27,1.22
1970-07-28,1.223
1970-07-29,1.205
1970-07-30,1.179
1970-07-31,1.122
1970-08-01,0.997
1970-08-02,0.952
1970-08-03,0.975
1970-08-04,0.998
1970-08-05,0.963
1970-08-06,0.949
1970-08-07,1.0092
1970-08-08,1.0694
1970-08-11,1.25
1970-08-12,1.179
1970-08-13,1.171
1970-08-14,1.171
1970-08-15,1.176
1970-08-16,1.097
1970-08-17,1.268
1970-08-18,1.275
1970-08-19,1.55
1970-08-20,1.256
1970-08-21,1.2
1970-08-22,1.226
1970-08-23,1.272
1970-08-24,1.209
1970-08-25,1.215
1970-08-26,1.23
1970-08-27,1.111
1970-08-28,1.187
1970-08-29,0.958
1970-08-30,0.955
1970-08-31,1.029
1970-09-01,0.955
1970-09-02,0.949
1970-09-03,0.943
1970-09-04,0.844
1970-09-05,0.838
1970-09-06,0.928
1970-09-07,0.98
1970-09-08,0.87
1970-09-09,0.891
1970-09-10,1.083
1970-09-11,1.164
1970-09-12,1.134
1970-09-13,1.5
1970-09-14,1.539
1970-09-15,1.353
1970-09-16,4.813
1970-09-17,4.32
1970-09-18,4.88
1970-09-19,4.007
1970-09-20,3.387
1970-09-21,3.316
1970-09-22,2.999
1970-09-23,2.486
1970-09-24,2.058
1970-09-25,1.966
1970-09-26,1.697
1970-09-27,1.484
1970-09-28,1.299
1970-09-29,1.325
1970-09-30,1.226
1970-10-01,1.569
1970-10-02,2.776
1970-10-03,3.983
1970-10-04,4.04
1970-10-05,2.998
1970-10-06,2.847
1970-10-07,2.63
1970-10-08,2.395
1970-10-09,1.943
1970-10-10,1.626
1970-10-11,1.458
1970-10-12,2.621
1970-10-13,2.819
1970-10-14,2.504
1970-10-15,2.386
1970-10-16,2.218
1970-10-17,3.959
1970-10-18,4.0
1970-10-19,3.96
1970-10-20,4.322
1970-10-21,5.12
1970-10-22,4.139
1970-10-23,3.436
1970-10-24,2.987
1970-10-25,2.964
1970-10-26,2.627
1970-10-27,2.479
1970-10-28,2.138
1970-10-29,2.303
1970-10-30,2.056
1970-10-31,1.955
1970-11-01,2.284
1970-11-02,2.5
1970-11-03,2.716
1970-11-04,1.964
1970-11-05,2.0
1970-11-06,2.068
1970-11-07,1.584
1970-11-08,1.668
1970-11-09,1.681
1970-11-10,1.601
1970-11-11,1.595
1970-11-12,1.619
1970-11-13,2.546
1970-11-14,1.982
1970-11-15,1.611
1970-11-16,1.618
1970-11-17,2.055
1970-11-18,2.076
1970-11-19,2.091
1970-11-20,1.841
1970-11-21,2.162
1970-11-22,2.556
1970-11-23,2.205
1970-11-24,2.644
1970-11-25,2.753
1970-11-26,2.107
1970-11-27,2.64
1970-11-28,3.162
1970-11-29,3.511
1970-11-30,4.046
1970-12-01,3.502
1970-12-02,8.940000000000001
1970-12-03,14.378
1970-12-04,13.196
1970-12-05,8.883
1970-12-06,8.41
1970-12-07,8.727
1970-12-08,32.745
1970-12-09,29.127
1970-12-10,23.218
1970-12-11,15.162
1970-12-12,11.967
1970-12-13,7.813
1970-12-14,6.451
1970-12-15,4.399
1970-12-16,4.652
1970-12-17,3.952
1970-12-18,3.49
1970-12-19,2.93
1970-12-20,2.762
1970-12-21,2.602
1970-12-22,2.587
1970-12-23,2.352
1970-12-24,2.931
1970-12-25,12.963
1970-12-26,13.025
1970-12-27,18.322
1970-12-28,34.424
1970-12-29,35.986
1970-12-30,44.307
1970-12-31,39.262
1971-01-01,59.565
1971-01-02,43.385
1971-01-03,35.002
1971-01-04,32.511
1971-01-05,30.02
1971-01-06,20.205
1971-01-07,27.887
1971-01-08,20.002
1971-01-09,23.643
1971-01-10,44.407
1971-01-11,62.023
1971-01-12,50.759
1971-01-13,46.654
1971-01-14,40.684
1971-01-15,50.133
1971-01-16,50.68
1971-01-17,51.244
1971-01-18,65.924
1971-01-19,65.691
1971-01-20,47.763
1971-01-21,41.312
1971-01-22,32.445
1971-01-23,35.828
1971-01-24,28.741
1971-01-25,21.605
1971-01-26,17.962
1971-01-27,16.614
1971-01-28,12.783
1971-01-29,12.571
1971-01-30,22.766
1971-01-31,23.377
1971-02-01,13.104
1971-02-02,12.944
1971-02-03,12.906079545454546
1971-02-04,12.868159090909092
1971-05-01,9.607
1971-05-02,8.666
1971-05-03,8.106
1971-05-04,7.546
1971-05-05,6.151
1971-05-06,5.48
1971-05-07,5.304
1971-05-08,4.714
1971-05-09,4.277
1971-05-10,3.936
1971-05-11,3.82
1971-05-12,3.583
1971-05-13,3.619
1971-05-14,3.294
1971-05-15,3.255
1971-05-16,3.093
1971-05-17,2.898
1971-05-18,3.18
1971-05-19,3.018
1971-05-20,2.639
1971-05-21,3.166
1971-05-22,2.562
1971-05-23,2.554
1971-05-24,2.577
1971-05-25,2.595
1971-05-26,2.491
1971-05-27,2.575
1971-05-28,2.154
1971-05-29,2.473
1971-05-30,2.532
1971-05-31,2.272
1971-06-01,2.51
1971-06-02,2.47
1971-06-03,2.4450000000000003
1971-06-04,2.42
1971-06-05,2.3
1971-06-06,2.27
1971-06-07,2.31
1971-06-08,2.05
1971-06-09,2.06
1971-06-10,1.88
1971-06-11,2.01
1971-06-12,1.89
1971-06-13,1.96
1971-06-14,1.89
1971-06-15,1.82
1971-06-16,1.88
1971-06-17,1.89
1971-06-18,1.9
1971-06-19,1.92
1971-06-20,1.88
1971-06-21,1.9
1971-06-22,1.76
1971-06-23,1.58
1971-06-24,1.61
1971-06-25,1.64
1971-06-26,1.38
1971-06-27,1.35
1971-06-28,1.41
1971-06-29,1.34
1971-06-30,1.26
1971-07-01,1.2
1971-07-02,1.19
1971-07-03,1.18
1971-07-04,1.32
1971-07-05,1.31
1971-07-06,1.03
1971-07-07,1.02
1971-07-08,1.08
1971-07-09,1.05
1971-07-10,1.07
1971-07-11,0.944
1971-07-12,1.09
1971-07-13,1.1
1971-07-14,1.04
1971-07-15,1.06
1971-07-16,1.02
1971-07-17,0.974
1971-07-18,0.965
1971-07-19,0.875
1971-07-20,0.965
1971-07-21,0.986
1971-07-22,0.987
1971-07-23,0.924
1971-07-24,0.949
1971-07-25,0.912
1971-07-26,0.937
1971-07-27,0.888
1971-07-28,0.929
1971-07-29,0.874
1971-07-30,0.944
1971-07-31,0.969
1971-08-01,0.857
1971-08-02,1.0535
1971-08-03,1.25
1971-08-04,1.11
1971-08-05,1.05
1971-08-06,1.2
1971-08-07,1.15
1971-08-08,1.18
1971-08-09,1.16
1971-08-10,0.917
1971-08-11,0.964
1971-08-12,0.915
1971-08-13,0.984
1971-08-14,0.97
1971-08-15,0.986
1971-08-16,0.888
1971-08-17,0.986
1971-08-18,0.896
1971-08-19,0.89
1971-08-20,0.831
1971-08-21,0.761
1971-08-22,1.2
1971-08-23,1.41
1971-08-24,1.18
1971-08-25,1.18
1971-08-26,1.22
1971-08-27,0.926
1971-08-28,0.933
1971-08-29,0.828
1971-08-30,0.744
1971-08-31,0.736
1971-09-01,0.479
1971-09-02,0.9145
1971-09-03,1.35
1971-09-04,1.569
1971-09-05,1.5618
1971-09-06,1.5546
1971-09-09,1.533
1971-09-10,0.979
1971-09-11,1.047375
1971-09-12,1.11575
1971-09-18,1.526
1971-09-19,1.345
1971-09-20,1.164
1971-09-21,0.983
1971-09-22,0.979
1971-09-23,1.04525
1971-09-24,1.1115
1971-09-30,1.509
1971-10-01,1.415
1971-10-02,1.153
1971-10-03,0.891
1971-10-04,0.889
1971-10-05,0.887
1971-10-06,1.143
1971-10-07,1.399
1971-10-08,1.517
1971-10-09,1.7305
1971-10-10,1.944
1971-10-11,1.757
1971-10-12,1.86
1971-10-13,1.7637500000000002
1971-10-14,1.6675
1971-10-16,1.475
1971-10-17,1.4245
1971-10-18,1.374
1971-10-20,1.273
1971-10-21,1.248142857142857
1971-10-22,1.2232857142857143
1971-10-27,1.099
1971-10-28,0.9855
1971-10-29,0.872
1971-10-30,0.848
1971-10-31,0.8445
1971-11-01,0.841
1971-11-02,0.858
1971-11-03,1.052
1971-11-04,1.246
1971-11-05,1.2166666666666666
1971-11-06,1.1873333333333334
1971-11-07,1.158
1971-11-08,0.878
1971-11-09,0.832
1971-11-10,0.849
1971-11-11,0.8674999999999999
1971-11-12,0.886
1971-11-14,0.923
1971-11-15,1.194
1971-11-16,1.1733333333333331
1971-11-17,1.1526666666666665
1971-11-18,1.132
1971-11-19,0.9825
1971-11-20,0.833
1971-11-21,0.8655999999999999
1971-11-22,0.8982
1971-11-25,0.996
1971-11-26,1.211
1971-11-27,1.426
1971-11-28,1.5365263157894735
1971-11-29,1.647052631578947
1972-04-27,18.226
1972-04-28,17.387
1972-04-29,16.913
1972-04-30,16.235
1972-05-01,14.31
1972-05-02,13.712
1972-05-03,13.114
1972-05-04,12.011
1972-05-05,11.352
1972-05-06,11.004
1972-05-07,10.233
1972-05-08,9.27
1972-05-09,9.0
1972-05-10,8.454
1972-05-11,8.278
1972-05-12,7.855
1972-05-13,7.992
1972-05-14,6.957
1972-05-15,6.629
1972-05-16,6.617
1972-05-17,6.07
1972-05-18,5.988
1972-05-19,5.579
1972-05-20,5.964
1972-05-21,5.134
1972-05-22,4.816
1972-05-23,4.879
1972-05-24,4.584
1972-05-25,4.786
1972-05-26,4.667
1972-05-27,4.499
1972-05-28,4.226
1972-05-29,4.295
1972-05-30,4.202500000000001
1972-05-31,4.11
1972-06-01,3.992
1972-06-02,4.04
1972-06-03,3.995
1972-06-04,4.006
1972-06-05,4.227
1972-06-06,3.969
1972-06-07,3.879
1972-06-08,3.789
1972-06-09,3.862
1972-06-10,3.546
1972-06-11,3.569
1972-06-12,3.25
1972-06-13,3.243
1972-06-14,3.332
1972-06-15,3.352
1972-06-16,3.364
1972-06-17,3.3233333333333333
1972-06-18,3.2826666666666666
1972-06-19,3.242
1972-06-20,3.178
1972-06-21,3.168
1972-06-22,3.143
1972-06-23,2.859
1972-06-24,2.938
1972-06-25,2.964
1972-06-26,2.955
1972-06-27,2.946
1972-07-01,2.91
1972-07-02,2.863
1972-07-03,2.8160000000000003
1972-07-04,2.769
1972-07-05,2.59
1972-07-06,2.529
1972-07-07,2.461
1972-07-08,2.426
1972-07-09,2.354
1972-07-10,2.282
1972-07-11,2.243
1972-07-12,2.2838333333333334
1972-07-13,2.3246666666666664
1972-07-17,2.488
1972-07-18,2.4065
1972-07-19,2.325
1972-07-21,2.162
1972-07-22,2.07
1972-07-23,2.048
1972-07-24,2.026
1972-07-27,1.96
1972-07-28,1.9898
1972-07-29,2.0196
1972-08-01,2.109
1972-08-02,2.06
1972-08-03,2.011
1972-08-04,1.962
1972-08-05,1.82
1972-08-06,1.89
1972-08-07,1.96
1972-08-08,1.702
1972-08-09,1.6945714285714286
1972-08-10,1.687142857142857
1972-08-15,1.65
1972-08-16,1.6275
1972-08-17,1.605
1972-08-19,1.56
1972-08-20,1.629
1972-08-21,1.619125
1972-08-22,1.60925
1972-08-28,1.55
1972-08-29,1.56325
1972-08-30,1.5765
1972-09-01,1.603
1972-09-02,1.926
1972-09-03,1.74
1972-09-04,1.901
1972-09-05,2.062
1972-09-06,2.22
1972-09-07,2.111
1972-09-08,2.002
1972-09-09,1.9755
1972-09-10,1.949
1972-09-11,1.8816666666666668
1972-09-12,1.8143333333333331
1972-09-13,1.747
1972-09-14,1.6643333333333334
1972-09-15,1.5816666666666668
1972-09-16,1.499
1972-09-17,1.7040000000000002
1972-09-18,1.909
1972-09-19,2.004
1972-09-20,1.9627272727272729
1972-09-21,1.9214545454545453
1972-09-30,1.55
1972-10-01,1.562
1972-10-02,1.7205
1972-10-03,1.879
1972-10-04,2.037
1972-10-05,1.871
1972-10-06,1.8638571428571429
1972-10-07,1.8567142857142855
1972-10-12,1.821
1972-10-13,2.028
1972-10-14,2.069
1972-10-15,2.08525
1972-10-16,2.1015
1972-10-18,2.134
1972-10-19,2.481
1972-10-20,2.5656666666666665
1972-10-21,2.650333333333333
1972-10-22,2.735
1972-10-23,2.524
1972-10-24,3.538
1972-10-25,3.347
1972-10-26,2.898
1972-10-27,3.971
1972-10-28,11.641
1972-10-29,8.241
1972-10-30,5.915
1972-10-31,4.69
1972-11-01,3.756
1972-11-02,3.467
1972-11-03,3.178
1972-11-04,2.91
1972-11-05,2.535
1972-11-06,2.5355
1972-11-07,2.536
1972-11-08,2.264
1972-11-09,1.964
1972-11-10,1.886
1972-11-11,1.874
1972-11-12,1.862
1972-11-13,1.558
1972-11-14,1.5562857142857145
1972-11-15,1.5545714285714287
1972-11-20,1.546
1972-11-21,1.675
1972-11-22,1.804
1972-11-23,1.946
1972-11-24,2.088
1972-11-27,2.514
1972-11-28,13.008
1972-11-29,14.807
1972-11-30,7.755
1972-12-01,5.915
1972-12-02,5.404
1972-12-03,5.288
1972-12-04,15.921
1972-12-05,26.554
1972-12-06,27.355
1972-12-07,28.156
1972-12-08,28.183
1972-12-09,31.599
1972-12-10,30.626
1972-12-11,30.623
1972-12-12,37.58
1972-12-13,35.79325
1972-12-14,34.0065
1972-12-16,30.433
1972-12-17,24.718
1972-12-18,20.302
1972-12-19,15.472
1972-12-20,13.404
1972-12-21,10.973
1972-12-22,10.412
1972-12-23,9.329
1972-12-24,8.283
1972-12-25,7.824
1972-12-26,7.426
1972-12-27,5.993
1972-12-28,5.662
1972-12-29,4.506
1972-12-30,3.953
1972-12-31,3.79
1973-01-01,5.091475
1973-01-02,6.39295
1973-02-09,55.849
1973-02-10,68.123
1973-02-11,63.75725
1973-02-12,59.3915
1973-02-14,50.66
1973-02-15,34.21
1973-02-16,30.149
1973-02-17,30.066
1973-02-18,28.774
1973-02-19,26.2
1973-02-20,23.626
1973-02-21,21.052
1973-02-22,32.302
1973-02-23,58.596
1973-02-24,58.781
1973-02-25,58.966
1973-02-28,59.521
1973-03-01,59.05421428571429
1973-03-02,58.587428571428575
1973-03-14,52.986
1973-03-15,54.774
1973-03-16,57.173
1973-03-17,57.04437037037037
1973-03-18,56.915740740740745
1973-04-12,53.7
1973-04-13,54.8115
1973-04-14,55.923
1973-04-15,55.971
1973-04-16,56.019
1973-04-17,56.067
1973-04-18,41.544
1973-04-19,34.931
1973-04-20,33.4625
1973-04-21,31.994
1973-04-22,28.269
1973-04-23,27.917246575342464
1973-04-24,27.56549315068493
1973-07-04,2.591
1973-07-05,2.6
1973-07-06,2.6785
1973-07-07,2.757
1973-07-08,2.6576666666666666
1973-07-09,2.5583333333333336
1973-07-10,2.459
1973-07-11,2.4396666666666667
1973-07-12,2.420333333333333
1973-07-13,2.401
1973-07-14,2.287
1973-07-15,2.173
1973-07-16,2.1305
1973-07-17,2.088
1973-07-18,2.091
1973-07-19,2.0940000000000003
1973-07-26,2.115
1973-07-27,2.096857142857143
1973-07-28,2.0787142857142857
1973-08-02,1.988
1973-08-03,1.9233333333333331
1973-08-04,1.8586666666666667
1973-08-05,1.794
1973-08-06,1.766
1973-08-07,1.738
1973-08-08,1.628
1973-08-09,1.518
1973-08-10,1.408
1973-08-11,1.4117777777777778
1973-08-12,1.4155555555555557
1973-08-19,1.442
1973-08-20,1.389
1973-08-21,1.336
1973-08-22,1.717
1973-08-23,1.7024
1973-08-24,1.6878
1973-08-27,1.644
1973-08-28,1.521
1973-08-29,1.4945
1973-08-30,1.468
1973-09-01,1.415
1973-09-02,1.341
1973-09-03,1.3484
1973-09-04,1.3558
1973-09-07,1.378
1973-09-08,1.3775714285714284
1973-09-09,1.377142857142857
1973-09-14,1.375
1973-09-15,1.2815
1973-09-16,1.188
1973-09-18,1.001
1973-09-19,0.96175
1973-09-20,0.9225
1973-09-22,0.844
1973-09-23,0.888
1973-09-24,0.932
1973-09-25,0.976
1973-09-26,4.326
1973-09-27,4.087
1973-09-28,3.848
1973-09-29,3.241
1973-09-30,3.808
1973-10-01,2.345
1973-10-02,2.226
1973-10-03,2.182
1973-10-04,2.138
1973-10-05,2.1688
1973-10-06,2.1996
1973-10-09,2.292
1973-10-10,2.214
1973-10-11,2.136
1973-10-12,1.8555
1973-10-13,1.575
1973-10-14,1.536
1973-10-15,1.497
1973-10-17,1.419
1973-10-18,1.335
1973-10-19,1.251
1973-10-20,1.569
1973-10-21,1.887
1973-10-22,3.486
1973-10-23,3.779
1973-10-24,3.7003333333333335
1973-10-25,3.6216666666666666
1973-11-01,3.071
1973-11-02,2.891
1973-11-03,2.764
1973-11-04,2.366
1973-11-05,2.69
1973-11-06,3.014
1973-11-08,3.662
1973-11-09,3.714333333333333
1973-11-10,3.7666666666666666
1973-11-11,3.819
1973-11-12,3.4066666666666667
1973-11-13,2.994333333333333
1973-11-14,2.582
1973-11-15,2.418
1973-11-16,2.419
1973-11-17,2.42
1973-11-18,2.665666666666666
1973-11-19,2.9113333333333333
1973-11-23,3.894
1973-11-24,3.926307692307693
1973-11-25,3.958615384615385
1973-12-06,4.314
1973-12-07,4.168
1973-12-08,5.0
1973-12-09,4.718500000000001
1973-12-10,4.437
1973-12-11,4.471
1973-12-12,13.834
1973-12-13,23.197
1973-12-14,25.189
1973-12-15,20.067
1973-12-16,14.945
1973-12-17,12.414
1973-12-18,16.309
1973-12-19,25.17
1973-12-20,22.542
1973-12-21,19.914
1973-12-22,31.57475
1973-12-23,43.2355
1973-12-25,66.557
1973-12-26,41.564
1973-12-27,48.87
1973-12-28,57.481
1973-12-29,44.092
1973-12-30,43.855
1973-12-31,38.77
1974-01-01,44.628
1974-01-02,58.5925
1974-01-03,72.557
1974-01-04,56.432500000000005
1974-01-05,40.308
1974-01-06,39.931
1974-01-07,54.377
1974-01-08,58.117
1974-01-09,61.857
1974-01-13,76.817
1974-01-14,65.829
1974-01-15,47.5
1974-01-16,39.648
1974-01-17,15.083
1974-01-18,29.781
1974-01-19,17.307
1974-01-20,26.888
1974-01-21,21.135
1974-01-22,18.2835
1974-01-23,15.432
1974-01-24,19.789
1974-01-25,22.048333333333336
1974-01-26,24.307666666666663
1974-01-27,26.567
1974-01-28,31.962666666666667
1974-01-29,37.35833333333333
1974-01-30,42.754
1974-01-31,44.5815
1974-02-01,46.409
1974-02-03,50.064
1974-02-04,42.138
1974-02-05,55.113
1974-02-06,54.92442857142857
1974-02-07,54.73585714285714
1974-02-12,53.793
1974-02-13,46.081
1974-02-14,32.173
1974-02-15,30.768
1974-02-16,31.187
1974-02-17,45.4835
1974-02-18,59.78
1974-02-19,59.69992
1974-02-20,59.61984
1974-03-15,57.778
1974-03-16,57.34642857142857
1974-03-17,56.91485714285714
1974-03-22,54.757
1974-03-23,49.273
1974-03-24,41.567
1974-03-25,35.192
1974-03-26,33.6015
1974-03-27,32.011
1974-03-28,32.433
1974-03-29,34.2485
1974-03-30,36.064
1974-04-01,39.695
1974-04-02,38.81
1974-04-03,37.925
1974-04-04,32.537
1974-04-05,34.943
1974-04-06,33.97333333333333
1974-04-07,33.00366666666667
1974-04-08,32.034
1974-04-09,27.44
1974-04-10,29.932
1974-04-11,28.117
1974-04-12,26.302
1974-04-13,25.042
1974-04-14,23.983666666666668
1974-04-15,22.92533333333333
1974-04-16,21.867
1974-04-17,20.348
1974-04-18,19.326
1974-04-19,18.35
1974-04-20,17.4195
1974-04-21,16.489
1974-04-22,15.869
1974-04-23,15.081
1974-04-24,14.056
1974-04-25,13.632
1974-04-26,12.45
1974-04-27,11.9635
1974-04-28,11.477
1974-04-29,10.743
1974-04-30,9.854
1974-05-01,9.176
1974-05-02,9.007
1974-05-03,8.571
1974-05-04,8.135
1974-05-05,7.753
1974-05-06,7.5255
1974-05-07,7.298
1974-05-08,7.244
1974-05-09,6.674
1974-05-10,6.267
1974-05-11,6.283
1974-05-12,5.9995
1974-05-13,5.716
1974-05-14,4.819
1974-05-15,4.534
1974-05-16,4.249
1974-05-17,4.355
1974-05-18,4.32225
1974-05-19,4.2895
1974-05-25,4.093
1974-05-26,4.121
1974-05-27,4.149
1974-05-28,4.1392
1974-05-29,4.1294
1974-06-01,4.1
1974-06-02,3.988
1974-06-03,3.876
1974-06-04,3.764
1974-06-05,3.2325
1974-06-06,2.701
1974-06-07,2.6555
1974-06-08,2.61
1974-06-09,2.673
1974-06-10,2.736
1974-06-11,2.565
1974-06-12,2.627
1974-06-13,2.689
1974-06-14,2.67
1974-06-15,2.651
1974-06-16,2.632
1974-06-17,2.64025
1974-06-18,2.6485000000000003
1974-06-20,2.665
1974-06-21,2.305
1974-06-22,1.945
1974-06-23,1.923
1974-06-24,1.8754
1974-06-25,1.8278
1974-06-28,1.685
1974-06-29,1.606
1974-06-30,1.527
1974-07-01,1.718
1974-07-02,1.6645
1974-07-03,1.611
1974-07-05,1.504
1974-07-06,1.4015
1974-07-07,1.299
1974-07-08,1.42125
1974-07-09,1.5435
1974-07-11,1.788
1974-07-12,1.800334862385321
1974-07-13,1.8126697247706425
1975-02-14,4.477
1975-02-15,3.86
1975-02-16,4.415
1975-02-17,4.97
1975-02-18,8.174333333333333
1975-02-19,11.378666666666666
1975-02-20,14.583
1975-02-21,20.551
1975-02-22,14.661
1975-02-23,27.827
1975-02-24,37.419
1975-02-25,38.3859
1975-02-26,39.3528
1975-03-26,66.426
1975-03-27,60.426
1975-03-28,45.067
1975-03-29,42.278625
1975-03-30,39.49025
1975-04-05,22.76
1975-04-06,25.058
1975-04-07,25.848666666666663
1975-04-08,26.639333333333333
1975-04-09,27.43
1975-04-10,26.218
1975-04-11,21.85
1975-04-12,21.13
1975-04-13,18.128
1975-04-14,16.196
1975-04-15,15.161
1975-04-16,13.961
1975-04-17,12.438
1975-04-18,11.19
1975-04-19,10.657
1975-04-20,10.041
1975-04-21,11.7135
1975-04-22,13.386
1975-04-23,11.18
1975-04-24,8.974
1975-04-25,8.722
1975-04-26,8.073
1975-04-27,9.153
1975-04-28,10.233
1975-04-29,8.601
1975-04-30,6.969
1975-05-01,6.706
1975-05-02,6.428000000000001
1975-05-03,6.15
1975-05-04,8.5175
1975-05-05,10.885
1975-05-06,12.882
1975-05-07,9.656
1975-05-08,10.189
1975-05-09,10.722
1975-05-10,9.3725
1975-05-11,8.023
1975-05-12,11.243
1975-05-13,14.463
1975-05-14,11.7835
1975-05-15,9.104
1975-05-16,8.906
1975-05-17,6.937
1975-05-18,6.436
1975-05-19,6.114
1975-05-20,6.399
1975-05-21,5.261
1975-05-22,4.7765
1975-05-23,4.292
1975-05-24,4.047
1975-05-25,3.802
1975-05-26,3.784666666666667
1975-05-27,3.767333333333333
1975-09-10,1.93
1975-09-11,1.9535
1975-09-12,1.977
1975-09-14,2.024
1975-09-15,1.954
1975-09-16,1.884
1975-09-17,2.02
1975-09-18,2.559
1975-09-19,2.3873333333333333
1975-09-20,2.215666666666667
1975-09-21,2.044
1975-09-22,2.1086666666666667
1975-09-23,2.1733333333333333
1975-09-24,2.238
1975-09-25,2.1625714285714284
1975-09-26,2.087142857142857
1975-10-01,1.71
1975-10-02,1.6865
1975-10-03,1.663
1975-10-04,1.932
1975-10-05,2.201
1975-10-06,2.0846
1975-10-07,1.9682
1975-10-10,1.619
1975-10-11,1.251
1975-10-12,1.2559999999999998
1975-10-13,1.261
1975-10-15,1.271
1975-10-16,1.4874999999999998
1975-10-17,1.704
1975-10-18,1.589
1975-10-19,1.6265
1975-10-20,1.664
1975-10-22,1.739
1975-10-23,1.554
1975-10-24,1.369
1975-10-25,1.184
1975-10-26,1.167
1975-10-27,1.1606666666666667
1975-10-28,1.1543333333333332
1975-10-29,1.148
1975-10-30,1.375
1975-10-31,1.504
1975-11-01,1.633
1975-11-02,1.762
1975-11-03,1.511
1975-11-04,1.2599999999999998
1975-11-05,1.009
1975-11-06,1.1012
1975-11-07,1.1934
1975-11-10,1.47
1975-11-11,2.085
1975-11-12,2.148333333333333
1975-11-13,2.2116666666666664
1975-11-14,2.275
1975-11-15,2.13175
1975-11-16,1.9885
1975-11-18,1.702
1975-11-19,2.272
1975-11-20,3.544
1975-11-21,4.937
1975-11-22,5.563
1975-11-23,16.557
1975-11-24,10.309
1975-11-25,7.788
1975-11-26,6.482
1975-11-27,5.351666666666667
1975-11-28,4.221333333333334
1975-11-29,3.091
1975-11-30,2.446
1975-12-01,2.385
1975-12-02,2.289
1975-12-03,2.193
1975-12-04,2.16425
1975-12-05,2.1355
1975-12-07,2.078
1975-12-08,2.1915
1975-12-09,2.305
1975-12-10,2.061
1975-12-11,1.817
1975-12-12,1.896125
1975-12-13,1.97525
1975-12-19,2.45
1975-12-20,6.915500000000001
1975-12-21,11.381
1975-12-22,16.8885
1975-12-23,22.396
1975-12-24,21.582
1975-12-25,20.768
1975-12-26,19.405
1975-12-27,16.087
1975-12-28,21.406
1975-12-29,25.597
1975-12-30,29.788
1975-12-31,33.979
1976-01-01,40.802
1976-01-02,32.956
1976-01-03,25.11
1976-01-04,17.264
1976-01-05,15.223
1976-01-06,13.182
1976-01-07,22.004
1976-01-08,33.907
1976-01-09,32.657
1976-01-10,28.3585
1976-01-11,24.06
1976-01-12,34.231
1976-01-13,56.655
1976-01-14,53.497
1976-01-15,50.339
1976-01-16,50.9104
1976-01-17,51.4818
1976-01-25,56.053
1976-01-26,40.802
1976-01-27,36.779
1976-01-28,34.761
1976-01-29,32.743
1976-01-30,34.48046666666667
1976-01-31,36.217933333333335
1976-02-13,58.805
1976-02-14,51.404
1976-02-15,41.159
1976-02-16,35.353
1976-02-17,32.053
1976-02-18,33.5005
1976-02-19,34.948
1976-02-20,36.87094117647059
1976-02-21,38.793882352941175
1976-03-07,67.638
1976-03-08,57.757000000000005
1976-03-09,47.876
1976-03-10,49.456
1976-03-11,51.226
1976-03-12,52.659333333333336
1976-03-13,54.092666666666666
1976-03-17,59.826
1976-03-18,49.019
1976-03-19,53.782
1976-03-20,58.695
1976-03-21,59.10466666666667
1976-03-22,59.51433333333333
1976-03-26,61.153
1976-03-27,58.18383333333333
1976-03-28,55.214666666666666
1976-04-01,43.338
1976-04-02,36.294
1976-04-03,32.602999999999994
1976-04-04,28.912
1976-04-05,33.508
1976-04-06,38.104
1976-04-07,42.284666666666666
1976-04-08,46.46533333333333
1976-04-09,50.646
1976-04-10,42.147000000000006
1976-04-11,33.648
1976-04-12,28.213
1976-04-13,15.753
1976-04-14,18.388
1976-04-15,21.023
1976-04-16,20.348
1976-04-17,18.258
1976-04-18,17.496499999999997
1976-04-19,16.735
1976-04-20,15.082
1976-04-21,15.0885
1976-04-22,15.095
1976-04-23,14.23
1976-04-24,13.69
1976-04-25,13.15
1976-04-27,12.07
1976-04-28,11.6285
1976-04-29,11.187
1976-04-30,10.934
1976-05-01,10.3895
1976-05-02,9.845
1976-05-03,9.385
1976-05-04,8.59325
1976-05-05,7.8015
1976-05-07,6.218
1976-05-08,6.198
1976-05-09,6.178
1976-05-10,6.158
1976-05-11,5.558
1976-05-12,5.458666666666667
1976-05-13,5.359333333333333
1976-05-14,5.26
1976-05-15,5.135666666666666
1976-05-16,5.011333333333333
1976-05-20,4.514
1976-05-21,4.563
1976-05-22,4.485545454545454
1976-05-23,4.408090909090909
1976-06-01,3.711
1976-06-02,4.579
1976-06-03,4.2845
1976-06-04,3.99
1976-06-08,2.812
1976-06-09,2.5435
1976-06-10,2.275
1976-06-11,2.717
1976-06-12,2.603
1976-06-13,2.489
1976-06-15,2.261
1976-06-16,2.3023333333333333
1976-06-17,2.3436666666666666
1976-06-18,2.385
1976-06-19,2.283
1976-06-20,2.181
1976-06-22,1.977
1976-06-23,2.0126
1976-06-24,2.0482
1976-06-27,2.155
1976-06-28,2.16
1976-06-29,2.165
1976-06-30,2.17
1976-07-01,1.988
1976-07-02,1.995
1976-07-03,1.9005
1976-07-04,1.806
1976-07-05,1.8153333333333332
1976-07-06,1.8246666666666669
1976-07-07,1.834
1976-07-08,1.448
1976-07-09,1.508
1976-07-10,1.4445
1976-07-11,1.381
1976-07-13,1.254
1976-07-14,1.243
1976-07-15,1.232
1976-07-16,1.2215
1976-07-17,1.211
1976-07-18,1.196923076923077
1976-07-19,1.182846153846154
1976-07-30,1.028
1976-07-31,1.017
1976-08-01,1.48
1976-08-02,1.481
1976-08-03,1.482
1976-08-04,1.483
1976-08-05,1.478
1976-08-06,1.478
1976-08-07,1.478
1976-08-08,1.4529999999999998
1976-08-09,1.428
1976-08-10,1.43
1976-08-11,1.432
1976-08-12,1.307
1976-08-13,1.321
1976-08-14,1.3472499999999998
1976-08-15,1.3735
1976-08-17,1.426
1976-08-18,1.3895
1976-08-19,1.353
1976-08-20,1.2986666666666666
1976-08-21,1.2443333333333333
1976-08-22,1.19
1976-08-23,1.1909999999999998
1976-08-24,1.192
1976-08-25,1.3065
1976-08-26,1.421
1976-08-27,1.39
1976-08-28,1.359
1976-08-29,1.328
1976-08-30,1.287
1976-08-31,1.246
1976-09-01,1.205
1976-09-02,1.159
1976-09-03,1.113
1976-09-05,1.021
1976-09-06,1.023
1976-09-07,1.0459999999999998
1976-09-08,1.069
1976-09-10,1.115
1976-09-11,1.122
1976-09-12,1.129
1976-09-13,1.1118571428571429
1976-09-14,1.0947142857142858
1976-09-19,1.009
1976-09-20,1.029
1976-09-21,1.0293333333333332
1976-09-22,1.0296666666666667
1976-09-23,1.03
1976-09-24,1.2115
1976-09-25,1.393
1976-09-26,1.343
1976-09-27,1.134
1976-09-28,1.262
1976-09-29,1.217
1976-09-30,1.172
1976-10-03,1.037
1976-10-04,0.998
1976-10-05,0.959
1976-10-06,0.996
1976-10-07,1.033
1976-10-08,0.9916666666666666
1976-10-09,0.9503333333333334
1976-10-10,0.909
1976-10-11,0.936
1976-10-12,0.911
1976-10-13,0.933818181818182
1976-10-14,0.9566363636363636
1976-10-23,1.162
1976-10-24,1.2133333333333334
1976-10-25,1.2646666666666666
1976-10-26,1.316
1976-10-27,1.461
1976-10-28,1.645
1976-10-29,1.7623333333333333
1976-10-30,1.8796666666666668
1976-10-31,1.997
1976-11-01,1.806
1976-11-02,1.746
1976-11-03,1.686
1976-11-04,1.66
1976-11-05,1.505
1976-11-06,1.319
1976-11-07,1.133
1976-11-08,1.2586666666666666
1976-11-09,1.3843333333333334
1976-11-10,1.51
1976-11-11,1.4745
1976-11-12,1.439
1976-11-13,1.434
1976-11-14,1.429
1976-11-17,1.414
1976-11-18,1.4169999999999998
1976-11-19,1.42
1976-11-20,1.477
1976-11-21,1.534
1976-11-25,1.762
1976-11-26,1.7083333333333333
1976-11-27,1.6546666666666667
1976-12-01,1.44
1976-12-02,1.5056
1976-12-03,1.5712
1976-12-06,1.768
1976-12-07,1.7994285714285714
1976-12-08,1.830857142857143
1976-12-13,1.988
1976-12-14,6.602
1976-12-15,6.112
1976-12-16,5.622
1976-12-17,4.871
1976-12-18,2.456
1976-12-19,2.261
1976-12-20,6.632499999999999
1976-12-21,11.004
1976-12-22,5.745
1976-12-23,5.301
1976-12-24,2.897
1976-12-25,2.416
1976-12-26,2.4
1976-12-27,1.744
1976-12-28,1.088
1976-12-29,1.1525
1976-12-30,1.217
1976-12-31,5.3935
1977-01-01,9.57
1977-01-02,13.712
1977-01-03,10.843
1977-01-04,11.8755
1977-01-05,12.908
1977-01-06,16.575666666666667
1977-01-07,20.24333333333333
1977-01-08,23.911
1977-01-09,24.586
1977-01-10,28.606
1977-01-11,27.18
1977-01-12,22.331
1977-01-13,19.2735
1977-01-14,16.216
1977-01-15,17.4605
1977-01-16,18.705
1977-01-17,17.39925
1977-01-18,16.0935
1977-01-20,13.482
1977-01-21,9.516
1977-01-22,9.403
1977-01-23,7.62
1977-01-24,7.77225
1977-01-25,7.9245
1977-01-27,8.229
1977-01-28,8.899999999999999
1977-01-29,9.571
1977-01-31,10.913
1977-02-01,10.840076086956522
1977-02-02,10.767152173913043
1977-05-03,4.204
1977-05-04,4.1635
1977-05-05,4.123
1977-05-06,3.59925
1977-05-07,3.0755
1977-05-09,2.028
1977-05-10,2.029
1977-05-11,4.917
1977-05-12,7.805
1977-05-13,5.69
1977-05-14,5.676500000000001
1977-05-15,5.663
1977-05-16,5.409
1977-05-17,5.154
1977-05-18,4.479
1977-05-19,4.3100000000000005
1977-05-20,4.141
1977-05-21,3.7701666666666656
1977-05-22,3.3993333333333333
1977-05-26,1.916
1977-05-27,1.7616666666666667
1977-05-28,1.6073333333333333
1977-05-29,1.453
1977-05-30,1.361
1977-05-31,1.269
1977-06-01,1.253
1977-06-02,1.2523333333333333
1977-06-03,1.2516666666666665
1977-06-04,1.251
1977-06-05,0.984
1977-06-06,0.982
1977-06-07,0.98
1977-06-08,0.978
1977-06-09,0.975
1977-06-10,0.972
1977-06-11,0.974
1977-06-12,0.9465
1977-06-13,0.919
1977-06-14,0.9301666666666668
1977-06-15,0.9413333333333334
1977-06-19,0.986
1977-06-20,0.9777142857142858
1977-06-21,0.9694285714285714
1977-07-03,0.87
1977-07-04,0.927
1977-07-05,0.9492
1977-07-06,0.9714
1977-07-09,1.038
1977-07-10,0.868
1977-07-11,0.695
1977-07-12,0.741
1977-07-13,0.787
1977-07-16,0.925
1977-07-17,0.9301666666666668
1977-07-18,0.9353333333333332
1977-07-22,0.956
1977-07-23,0.8234999999999999
1977-07-24,0.691
1977-07-25,0.7214999999999999
1977-07-26,0.752
1977-08-01,0.935
1977-08-02,0.8623333333333334
1977-08-03,0.7896666666666666
1977-08-04,0.717
1977-08-05,0.752
1977-08-06,0.787
1977-08-10,0.927
1977-08-11,0.71
1977-08-12,0.7264999999999999
1977-08-13,0.743
1977-08-14,0.7255
1977-08-15,0.708
1977-08-16,0.6775
1977-08-17,0.647
1977-08-18,0.6473333333333333
1977-08-19,0.6476666666666667
1977-08-20,0.648
1977-08-21,0.6835
1977-08-22,0.719
1977-08-23,0.7175
1977-08-24,0.716
1977-10-01,0.659
1977-10-02,0.7270000000000001
1977-10-03,0.795
1977-10-04,0.7934
1977-10-05,0.7918000000000001
1977-10-08,0.787
1977-10-09,0.9115
1977-10-10,1.036
1977-10-11,1.065
1977-10-12,1.094
1977-10-13,1.129
1977-10-14,1.1335
1977-10-15,1.138
1977-10-16,1.112
1977-10-17,0.887
1977-10-18,0.662
1977-10-19,0.6623
1977-10-20,0.6626000000000001
1977-10-28,0.665
1977-10-29,0.662
1977-10-30,0.659
1977-11-01,0.653
1977-11-02,0.719
1977-11-03,0.785
1977-11-07,1.049
1977-11-08,1.287
1977-11-09,4.751
1977-11-10,7.391
1977-11-11,5.488
1977-11-12,9.826
1977-11-13,11.324
1977-11-14,15.239
1977-11-15,10.427
1977-11-16,15.548
1977-11-17,20.669
1977-11-18,17.067
1977-11-19,13.465
1977-11-20,9.863
1977-11-21,10.204
1977-11-22,11.455
1977-11-23,9.961333333333334
1977-11-24,8.467666666666666
1977-11-25,6.974
1977-11-26,6.521166666666667
1977-11-27,6.068333333333333
1977-12-01,4.257
1977-12-02,4.096
1977-12-03,2.092
1977-12-04,2.1515
1977-12-05,2.211
1977-12-06,7.667
1977-12-07,13.123
1977-12-08,11.186
1977-12-09,15.206
1977-12-10,15.696
1977-12-11,18.605
1977-12-12,14.7685
1977-12-13,10.932
1977-12-14,9.896
1977-12-15,8.86
1977-12-16,6.893
1977-12-17,6.121499999999999
1977-12-18,5.35
1977-12-19,4.206
1977-12-20,4.111
1977-12-21,1.952
1977-12-22,1.9496666666666669
1977-12-23,1.9473333333333331
1977-12-24,1.945
1977-12-25,2.042
1977-12-26,2.8896666666666664
1977-12-27,3.737333333333333
1977-12-28,4.585
1977-12-29,3.91725
1977-12-30,3.2495
1978-01-01,1.914
1978-01-02,10.499999999999998
1978-01-03,19.086
1978-01-04,22.457
1978-01-05,24.432
1978-01-06,19.9735
1978-01-07,15.515
1978-01-08,13.369
1978-01-09,11.149
1978-01-10,8.929
1978-01-11,6.203
1978-01-12,7.174
1978-01-13,11.2865
1978-01-14,15.399
1978-01-15,16.135
1978-01-16,12.003
1978-01-17,7.871
1978-01-18,7.385
1978-01-19,7.24
1978-01-20,6.949
1978-01-21,14.609125
1978-01-22,22.26925
1978-01-28,68.23
1978-01-29,66.47025000000001
1978-01-30,64.7105
1978-02-05,54.152
1978-02-06,46.185
1978-02-07,26.261
1978-02-08,24.938
1978-02-09,21.302
1978-02-10,19.721
1978-02-11,21.489
1978-02-12,32.219
1978-02-13,32.25666666666667
1978-02-14,32.294333333333334
1978-02-21,32.558
1978-02-22,53.841
1978-02-23,52.948
1978-02-24,52.055
1978-02-26,50.269
1978-02-27,23.145
1978-02-28,23.0225
1978-03-01,22.9
1978-03-02,22.3
1978-03-03,20.8
1978-03-04,19.9
1978-03-05,20.7
1978-03-06,29.9
1978-03-07,26.2
1978-03-08,23.9
1978-03-09,20.8
1978-03-10,20.4
1978-03-11,19.0
1978-03-12,18.5
1978-03-13,16.3
1978-03-14,15.8
1978-03-15,17.2
1978-03-16,14.1
1978-03-17,12.4
1978-03-18,11.1
1978-03-19,10.7
1978-03-20,10.7
1978-03-21,11.6
1978-03-22,15.4
1978-03-23,17.6
1978-03-24,17.2
1978-03-25,18.1
1978-03-26,19.5
1978-03-27,19.0
1978-03-28,18.1
1978-03-29,17.2
1978-03-30,26.2
1978-03-31,33.9
1978-04-01,23.852
1978-04-02,20.477
1978-04-03,18.291
1978-04-04,15.897
1978-04-05,13.972
1978-04-06,15.084
1978-04-07,13.874
1978-04-08,12.229
1978-04-09,14.481
1978-04-10,13.81925
1978-04-11,13.1575
1978-04-13,11.834
1978-04-14,11.5145
1978-04-15,11.195
1978-04-16,17.312333333333335
1978-04-17,23.42966666666667
1978-04-18,29.547
1978-04-19,25.4975
1978-04-20,21.448
1978-04-21,19.658875
1978-04-22,17.86975
1978-04-28,7.135
1978-04-29,6.743
1978-04-30,6.351
1978-05-01,6.18165625
1978-05-02,6.0123125
1978-06-01,0.932
1978-06-02,0.9102
1978-06-03,0.8884
1978-06-06,0.823
1978-06-07,0.7999999999999999
1978-06-08,0.7769999999999999
1978-06-10,0.731
1978-06-11,0.82
1978-06-12,0.82975
1978-06-13,0.8394999999999999
1978-06-23,0.937
1978-06-24,0.926
1978-06-25,0.9083333333333332
1978-06-26,0.8906666666666667
1978-06-30,0.82
1978-07-01,0.686
1978-07-02,0.688
1978-07-03,0.6875
1978-07-04,0.687
1978-07-06,0.686
1978-07-07,0.6895
1978-07-08,0.6930000000000001
1978-07-10,0.7
1978-07-11,0.631
1978-07-12,0.5619999999999999
1978-07-13,0.493
1978-07-14,0.448
1978-07-15,0.403
1978-07-16,0.4096666666666667
1978-07-17,0.4163333333333333
1978-07-18,0.423
1978-07-19,0.422
1978-07-20,0.421
1978-07-24,0.417
1978-07-25,0.434
1978-07-26,0.451
1978-07-27,0.434
1978-07-28,0.417
1978-07-29,0.4
1978-07-30,0.461
1978-07-31,0.522
1978-08-01,0.583
1978-08-02,0.6014999999999999
1978-08-03,0.62
1978-08-04,0.493
1978-08-05,0.482
1978-08-06,0.443
1978-08-07,0.4525
1978-08-08,0.462
1978-08-09,0.453
1978-08-10,0.444
1978-08-11,0.435
1978-08-12,0.438
1978-08-13,0.441
1978-08-14,0.438
1978-08-15,0.435
1978-08-16,0.432
1978-08-17,0.452
1978-08-18,0.472
1978-08-19,0.492
1978-08-20,0.4663333333333333
1978-08-21,0.4406666666666666
1978-08-22,0.415
1978-08-23,0.4176666666666666
1978-08-24,0.4203333333333333
1978-08-25,0.423
1978-08-26,0.445
1978-08-27,0.467
1978-08-28,0.43325
1978-08-29,0.3995
1978-08-31,0.332
1978-09-01,0.338
1978-09-02,0.344
1978-10-01,0.518
1978-10-02,0.461
1978-10-03,0.421
1978-10-04,0.466
1978-10-05,0.572
1978-10-06,0.518
1978-10-07,0.464
1978-10-08,0.5013333333333333
1978-10-09,0.5386666666666666
1978-10-10,0.576
1978-10-11,0.521
1978-10-12,0.466
1978-10-13,0.515
1978-10-14,0.414
1978-10-15,0.313
1978-10-16,0.3296
1978-10-17,0.3462
1978-10-20,0.396
1978-10-21,0.368
1978-10-22,0.34
1978-10-23,0.312
1978-10-24,0.3766
1978-10-25,0.4412
1978-10-28,0.635
1978-10-29,0.603
1978-10-30,0.787
1978-10-31,0.855
1978-11-01,0.902
1978-11-02,1.257
1978-11-03,1.2216
1978-11-04,1.1862
1978-11-07,1.08
1978-11-08,0.9986666666666668
1978-11-09,0.9173333333333332
1978-11-10,0.836
1978-11-11,0.753
1978-11-12,0.67
1978-11-13,0.635
1978-11-14,0.564
1978-11-15,0.5613333333333334
1978-11-16,0.5586666666666666
1978-11-17,0.556
1978-11-18,0.54
1978-11-19,0.524
1978-11-20,0.508
1978-11-21,0.459
1978-11-22,2.414333333333333
1978-11-23,4.369666666666667
1978-11-27,12.191
1978-11-28,7.675
1978-11-29,7.085
1978-11-30,4.392
1978-12-01,4.287
1978-12-02,3.898
1978-12-03,3.509
1978-12-04,2.4185
1978-12-05,1.328
1978-12-06,1.28
1978-12-07,1.232
1978-12-08,1.119
1978-12-09,0.896
1978-12-10,0.8534
1978-12-11,0.8108000000000001
1978-12-14,0.683
1978-12-15,1.1116666666666668
1978-12-16,1.540333333333333
1978-12-20,3.255
1978-12-21,2.477
1978-12-22,1.699
1978-12-23,0.921
1978-12-24,8.785499999999999
1978-12-25,16.65
1978-12-26,30.462
1978-12-27,46.3645
1978-12-28,62.267
1978-12-29,38.61
1978-12-30,25.484
1978-12-31,23.883
1979-01-01,19.938
1979-01-02,17.337
1979-01-03,14.736
1979-01-04,10.038
1979-01-05,9.3255
1979-01-06,8.613
1979-01-07,7.959
1979-01-08,7.663
1979-01-09,6.664
1979-01-10,4.596
1979-01-11,3.617
1979-01-12,2.75
1979-01-13,1.958
1979-01-14,1.166
1979-01-15,1.21275
1979-01-16,1.2595
1979-01-18,1.353
1979-01-19,1.231
1979-01-20,1.109
1979-01-21,0.987
1979-01-22,1.066
1979-01-23,18.254
1979-01-24,25.639
1979-01-25,22.0435
1979-01-26,18.448
1979-01-27,12.412
1979-01-28,9.687
1979-01-29,8.938
1979-01-30,8.801
1979-01-31,8.664
1979-02-01,11.371
1979-02-02,10.04
1979-02-03,8.709
1979-02-04,12.1395
1979-02-05,15.57
1979-02-06,25.521
1979-02-07,74.969
1979-02-08,74.27799999999999
1979-02-09,73.587
1979-02-10,63.895
1979-02-11,54.203
1979-02-12,55.576
1979-02-13,56.949000000000005
1979-02-14,58.322
1979-02-15,49.506
1979-02-16,50.75257142857143
1979-02-17,51.99914285714286
1979-02-22,58.232
1979-02-23,51.26825
1979-02-24,44.3045
1979-02-26,30.377
1979-02-27,29.641
1979-02-28,28.905
1979-03-01,25.809
1979-03-02,23.421
1979-03-03,33.328
1979-03-04,45.376
1979-03-05,49.804
1979-03-06,58.871
1979-03-07,57.050625
1979-03-08,55.23025
1979-03-14,44.308
1979-03-15,49.797
1979-03-16,43.60433333333333
1979-03-17,37.41166666666667
1979-03-18,31.219
1979-03-19,44.6555
1979-03-20,58.092
1979-03-21,56.5945
1979-03-22,55.097
1979-03-23,55.72166666666666
1979-03-24,56.34633333333333
1979-03-28,58.845
1979-03-29,51.664
1979-03-30,44.483
1979-04-01,30.121
1979-04-02,26.685
1979-04-03,22.319
1979-04-04,21.556
1979-04-05,18.815
1979-04-06,19.229
1979-04-07,19.4364
1979-04-08,19.6438
1979-04-11,20.266
1979-04-12,16.81
1979-04-13,17.082
1979-04-14,17.0175
1979-04-15,16.953
1979-04-16,15.74
1979-04-17,15.446
1979-04-18,15.094666666666669
1979-04-19,14.743333333333332
1979-04-20,14.392
1979-04-21,12.7875
1979-04-22,11.183
1979-04-23,10.558
1979-04-24,9.193
1979-04-25,7.827999999999999
1979-04-26,6.463
1979-04-27,6.192666666666667
1979-04-28,5.922333333333333
1979-04-29,5.652
1979-04-30,4.625500000000001
1979-05-01,3.599
1979-05-02,3.256
1979-05-03,2.9130000000000003
1979-05-06,1.884
1979-05-07,1.942
1979-05-08,2.0
1979-05-09,1.8775
1979-05-10,1.755
1979-05-11,1.734
1979-05-12,1.9046666666666667
1979-05-13,2.075333333333333
1979-05-14,2.246
1979-05-15,1.859
1979-05-16,1.544
1979-05-17,1.5325
1979-05-18,1.521
1979-05-19,1.4573333333333334
1979-05-20,1.3936666666666666
1979-05-21,1.33
1979-05-22,1.3071428571428572
1979-05-23,1.2842857142857145
1979-05-28,1.17
1979-05-29,1.1855
1979-05-30,1.201
1979-05-31,1.2015
1979-06-01,1.202
1979-06-02,1.211
1979-06-03,0.994
1979-06-04,0.969
1979-06-05,0.944
1979-06-07,0.894
1979-06-08,0.9295
1979-06-09,0.965
1979-06-10,0.9518
1979-06-11,0.9386
1979-06-19,0.833
1979-06-20,0.871
1979-06-21,0.909
1979-06-22,0.994
1979-06-23,0.96
1979-06-24,0.926
1979-06-27,0.824
1979-06-28,0.7996666666666666
1979-06-29,0.7753333333333333
1979-06-30,0.751
1979-07-01,0.662
1979-07-02,0.6476666666666667
1979-07-03,0.6333333333333333
1979-07-04,0.619
1979-07-05,0.819
1979-07-06,0.7696666666666666
1979-07-07,0.7203333333333334
1979-07-08,0.671
1979-07-09,0.64975
1979-07-10,0.6285000000000001
1979-07-12,0.586
1979-07-13,0.5406666666666666
1979-07-14,0.4953333333333333
1979-07-15,0.45
1979-07-16,0.5635
1979-07-17,0.677
1979-07-18,0.7233333333333334
1979-07-19,0.7696666666666666
1979-07-20,0.816
1979-07-21,0.8154285714285714
1979-07-22,0.8148571428571428
1979-07-27,0.812
1979-07-28,0.753
1979-07-29,0.694
1979-07-31,0.576
1979-08-01,0.808
1979-08-02,0.585
1979-08-03,0.518
1979-08-04,0.451
1979-08-05,0.4705
1979-08-06,0.49
1979-08-10,0.568
1979-08-11,0.451
1979-08-12,0.4795
1979-08-13,0.508
1979-08-15,0.565
1979-08-16,0.5045
1979-08-17,0.444
1979-08-18,0.4676666666666667
1979-08-19,0.4913333333333333
1979-08-23,0.586
1979-08-24,0.5925
1979-08-25,0.599
1979-08-26,0.5976666666666667
1979-08-27,0.5963333333333333
1979-08-28,0.595
1979-08-29,0.5894999999999999
1979-08-30,0.584
1979-08-31,0.425
1979-09-01,0.4371935483870968
1979-09-02,0.4493870967741935
1979-10-01,0.803
1979-10-02,0.6910000000000001
1979-10-03,0.579
1979-10-04,0.542
1979-10-05,0.52
1979-10-06,0.498
1979-10-10,0.41
1979-10-11,0.4685999999999999
1979-10-12,0.5272
1979-10-15,0.703
1979-10-16,0.637
1979-10-17,0.5740000000000001
1979-10-18,0.511
1979-10-20,0.385
1979-10-21,0.376
1979-10-22,0.367
1979-10-23,0.4756666666666666
1979-10-24,0.5843333333333333
1979-10-25,0.693
1979-10-26,0.6893333333333334
1979-10-27,0.6856666666666666
1979-10-28,0.682
1979-10-29,0.5826666666666667
1979-10-30,0.4833333333333334
1979-10-31,0.384
1979-11-01,0.771
1979-11-02,0.781
1979-11-03,0.791
1979-11-04,0.7896666666666667
1979-11-05,0.7883333333333333
1979-11-09,0.783
1979-11-10,0.7796666666666667
1979-11-11,0.7763333333333333
1979-11-12,0.773
1979-11-13,0.7357142857142858
1979-11-14,0.6984285714285714
1979-11-19,0.512
1979-11-20,0.5285
1979-11-21,0.545
1979-11-22,0.53325
1979-11-23,0.5215000000000001
1979-11-25,0.498
1979-11-26,0.5367999999999999
1979-11-27,0.5756
1979-11-30,0.692
1979-12-01,1.014128205128205
1979-12-02,1.3362564102564105
1980-01-08,13.255
1980-01-09,16.998
1980-01-10,12.035
1980-01-11,9.304
1980-01-12,6.138
1980-01-13,6.212
1980-01-14,4.872
1980-01-15,4.874666666666666
1980-01-16,4.8773333333333335
1980-01-17,4.88
1980-01-18,4.62
1980-01-19,4.36
1980-01-20,17.553
1980-01-21,19.722
1980-01-22,13.087
1980-01-23,27.729
1980-01-24,25.146
1980-01-25,24.67683333333333
1980-01-26,24.207666666666668
1980-01-30,22.331
1980-01-31,17.7675
1980-02-01,13.204
1980-02-02,10.856
1980-02-03,13.453
1980-02-04,16.049999999999997
1980-02-05,18.647
1980-02-06,13.993
1980-02-07,13.645
1980-02-08,11.09
1980-02-09,11.312
1980-02-10,11.534
1980-02-12,11.978
1980-02-13,10.485
1980-02-14,7.999
1980-02-15,7.112
1980-02-16,6.158
1980-02-17,9.353
1980-02-18,12.548
1980-02-19,20.103
1980-02-20,27.309
1980-02-21,19.423
1980-02-22,14.045
1980-02-23,12.812
1980-02-24,11.579
1980-02-27,7.88
1980-02-28,6.801333333333333
1980-02-29,5.722666666666667
1980-03-01,4.644
1980-03-02,3.135
1980-03-03,2.697
1980-03-04,2.259
1980-03-05,2.1034
1980-03-06,1.9478
1980-03-09,1.481
1980-03-10,6.692076923076923
1980-03-11,11.903153846153844
1980-03-22,69.225
1980-03-23,44.286
1980-03-24,31.268500000000003
1980-03-25,18.251
1980-03-26,18.805666666666667
1980-03-27,19.360333333333333
1980-03-28,19.915
1980-03-29,41.429
1980-03-30,41.391000000000005
1980-03-31,41.353
1980-04-01,31.32
1980-04-02,27.6675
1980-04-03,24.015
1980-04-04,28.383
1980-04-05,21.752
1980-04-06,6.037
1980-04-07,15.633
1980-04-08,12.537
1980-04-09,10.152
1980-04-10,9.505
1980-04-11,8.322
1980-04-12,6.829
1980-04-13,7.3004
1980-04-14,7.7718
1980-04-17,9.186
1980-04-18,9.292333333333334
1980-04-19,9.398666666666667
1980-04-20,9.505
1980-04-21,5.148
1980-04-22,4.099
1980-04-23,3.9043333333333337
1980-04-24,3.7096666666666662
1980-04-25,3.515
1980-04-26,3.3432
1980-04-27,3.1714
1980-04-30,2.656
1980-05-01,1.81
1980-05-02,1.733
1980-05-03,1.656
1980-05-04,1.562
1980-05-05,1.774
1980-05-06,1.638
1980-05-07,1.502
1980-05-08,1.366
1980-05-09,1.284
1980-05-10,1.2020000000000002
1980-05-11,1.12
1980-05-12,1.1003333333333334
1980-05-13,1.0806666666666669
1980-05-14,1.061
1980-05-15,0.886
1980-05-16,0.843
1980-05-17,0.8
1980-05-18,0.8047272727272727
1980-05-19,0.8094545454545455
1980-05-28,0.852
1980-05-29,0.8162499999999999
1980-05-30,0.7805
1980-06-01,0.709
1980-06-02,0.710625
1980-06-03,0.7122499999999999
1980-06-09,0.722
1980-06-10,0.7198
1980-06-11,0.7176
1980-06-14,0.711
1980-06-15,0.707
1980-06-16,0.72075
1980-06-17,0.7344999999999999
1980-06-19,0.762
1980-06-20,0.862
1980-06-21,0.835125
1980-06-22,0.80825
1980-06-28,0.647
1980-06-29,0.606
1980-06-30,0.565
1980-07-01,0.714
1980-07-02,0.696
1980-07-03,0.6779999999999999
1980-07-06,0.624
1980-07-07,0.465
1980-07-08,0.515
1980-07-09,0.5650000000000001
1980-07-15,0.865
1980-07-16,0.802
1980-07-17,0.739
1980-07-22,0.424
1980-07-23,0.403
1980-07-24,0.4313333333333333
1980-07-25,0.4596666666666666
1980-08-01,0.658
1980-08-02,0.512
1980-08-03,0.506
1980-08-04,0.5037333333333334
1980-08-05,0.5014666666666666
1980-08-18,0.472
1980-08-19,0.4975
1980-08-20,0.523
1980-08-21,0.966
1980-08-22,0.8845000000000001
1980-08-23,0.803
1980-08-24,0.74
1980-08-25,0.726
1980-08-26,0.712
1980-08-27,0.6305000000000001
1980-08-28,0.549
1980-08-29,0.5888461538461539
1980-08-30,0.6286923076923078
1980-11-01,3.139
1980-11-02,2.955
1980-11-03,2.71
1980-11-04,2.465
1980-11-05,2.419
1980-11-06,2.373
1980-11-07,2.2925000000000004
1980-11-08,2.212
1980-11-09,2.092090909090909
1980-11-10,1.9721818181818185
1980-11-19,0.893
1980-11-20,0.766
1980-11-21,0.585
1980-11-22,0.5863333333333333
1980-11-23,0.5876666666666667
1980-11-24,0.589
1980-11-25,2.5565999999999995
1980-11-26,4.5242
1980-11-29,10.427
1980-11-30,12.285
1980-12-01,12.247652459016392
1980-12-02,12.210304918032788
1981-10-01,0.894
1981-10-02,0.779
1981-10-03,0.664
1981-10-04,0.5913333333333334
1981-10-05,0.5186666666666667
1981-10-06,0.446
1981-10-07,0.424
1981-10-08,0.492125
1981-10-09,0.5602499999999999
1981-10-15,0.969
1981-10-16,1.314
1981-10-17,1.4006666666666667
1981-10-18,1.4873333333333334
1981-10-25,2.094
1981-10-26,2.4130000000000003
1981-10-27,2.732
1981-10-28,2.5882
1981-10-29,2.4444
1981-11-01,2.013
1981-11-02,2.335
1981-11-03,2.204
1981-11-04,2.073
1981-11-05,1.934
1981-11-06,1.8883333333333328
1981-11-07,1.842666666666667
1981-11-08,1.797
1981-11-09,1.9127142857142856
1981-11-10,2.0284285714285715
1981-11-15,2.607
1981-11-16,2.6583333333333337
1981-11-17,2.7096666666666667
1981-11-18,2.761
1981-11-19,3.075875
1981-11-20,3.39075
1981-11-26,5.28
1981-11-27,6.3068
1981-11-28,7.333600000000001
1981-12-01,10.414
1981-12-02,7.597
1981-12-03,5.726
1981-12-04,5.7876666666666665
1981-12-05,5.849333333333333
1981-12-09,6.096
1981-12-10,5.685
1981-12-11,7.748749999999999
1981-12-12,9.8125
1981-12-14,13.94
1981-12-15,24.763
1981-12-16,30.033
1981-12-17,26.018500000000003
1981-12-18,22.004
1981-12-19,17.389
1981-12-20,13.783
1981-12-21,12.265
1981-12-22,13.570833333333336
1981-12-23,14.876666666666669
1981-12-27,20.1
1981-12-28,22.51475
1981-12-29,24.9295
1981-12-31,29.759
1982-01-01,29.671625
1982-01-02,29.58425
1982-02-17,25.565
1982-02-18,21.628
1982-02-19,26.677
1982-02-20,25.746
1982-02-21,29.8006
1982-02-22,33.8552
1982-02-25,46.019
1982-02-26,45.39895384615384
1982-02-27,44.77890769230769
1982-05-01,5.716
1982-05-02,5.477
1982-05-03,5.2788
1982-05-04,5.0806
1982-05-12,3.495
1982-05-13,3.40175
1982-05-14,3.3085
1982-05-16,3.122
1982-05-17,2.99
1982-05-18,2.858
1982-05-25,1.934
1982-05-26,1.804
1982-05-27,1.674
1982-05-29,1.414
1982-05-30,1.864
1982-05-31,1.674
1982-06-01,1.484
1982-06-02,1.4449999999999998
1982-06-03,1.406
1982-06-04,1.431
1982-06-05,1.456
1982-06-07,1.506
1982-06-08,1.5005000000000002
1982-06-09,1.495
1982-06-10,1.3893333333333333
1982-06-11,1.2836666666666667
1982-06-12,1.178
1982-06-13,1.227
1982-06-14,1.276
1982-06-15,1.304
1982-06-16,1.332
1982-06-18,1.388
1982-06-19,1.364
1982-06-20,1.34
1982-06-21,1.316
1982-06-22,1.286
1982-06-23,1.256
1982-06-25,1.196
1982-06-26,1.29
1982-06-27,1.384
1982-06-28,1.3286666666666669
1982-06-29,1.2733333333333332
1982-07-03,1.052
1982-07-04,1.0526666666666666
1982-07-05,1.0533333333333337
1982-07-06,1.054
1982-07-07,1.167
1982-07-08,1.28
1982-07-09,1.393
1982-07-10,1.731
1982-07-11,1.681
1982-07-12,1.631
1982-07-13,1.5586666666666666
1982-07-14,1.4863333333333333
1982-07-15,1.414
1982-07-16,1.056
1982-07-17,1.034
1982-07-18,1.007
1982-07-19,0.98
1982-07-20,0.953
1982-07-21,0.85
1982-07-22,1.153
1982-07-23,1.456
1982-07-24,1.3945714285714286
1982-07-25,1.3331428571428572
1982-07-30,1.026
1982-07-31,0.9415
1982-08-01,0.857
1982-08-02,1.034333333333333
1982-08-03,1.211666666666667
1982-08-04,1.389
1982-08-05,1.286
1982-08-06,1.183
1982-08-08,0.977
1982-08-09,0.961
1982-08-10,0.945
1982-08-15,0.865
1982-08-16,0.8478571428571429
1982-08-17,0.8307142857142857
1982-08-22,0.745
1982-08-23,0.694
1982-08-24,0.643
1982-08-25,0.7344999999999999
1982-08-26,0.826
1982-08-28,1.009
1982-08-29,0.9997941176470588
1982-08-30,0.9905882352941175
1982-10-01,0.696
1982-10-02,0.7905
1982-10-03,0.885
1982-10-05,1.074
1982-10-06,0.819
1982-10-07,0.812
1982-10-08,0.805
1982-10-09,0.7368
1982-10-10,0.6686000000000001
1982-10-13,0.464
1982-10-14,0.5308
1982-10-15,0.5976
1982-10-18,0.798
1982-10-19,1.033
1982-10-20,1.268
1982-10-21,1.379
1982-10-22,1.8416666666666663
1982-10-23,2.304333333333333
1982-10-24,2.767
1982-10-25,3.55
1982-10-26,4.668
1982-10-27,5.714
1982-10-28,13.872
1982-10-29,14.143
1982-10-30,14.414
1982-10-31,10.633
1982-11-01,10.016
1982-11-02,16.25
1982-11-03,13.975
1982-11-04,12.589
1982-11-05,10.6485
1982-11-06,8.708
1982-11-07,8.687999999999999
1982-11-08,8.668
1982-11-09,7.878
1982-11-10,7.088
1982-11-11,6.476
1982-11-12,5.918
1982-11-13,10.274857142857144
1982-11-14,14.631714285714285
1982-11-19,36.416
1982-11-20,30.820666666666664
1982-11-21,25.22533333333333
1982-11-22,19.63
1982-11-23,19.786416666666668
1982-11-24,19.942833333333333
1982-12-04,21.507
1982-12-05,18.625
1982-12-06,17.0975
1982-12-07,15.57
1982-12-08,16.924
1982-12-09,15.984
1982-12-10,15.044
1982-12-12,13.164
1982-12-13,12.1395
1982-12-14,11.115
1982-12-15,10.77
1982-12-16,9.583
1982-12-17,8.318
1982-12-18,7.644333333333333
1982-12-19,6.970666666666666
1982-12-20,6.297
1982-12-21,5.383
1982-12-22,5.229666666666667
1982-12-23,5.076333333333333
1982-12-24,4.923
1982-12-25,4.8584
1982-12-26,4.7938
1982-12-29,4.6
1982-12-30,4.452
1982-12-31,4.303999999999999
1983-01-01,4.156
1983-01-02,4.298
1983-01-03,4.44
1983-01-04,4.4606
1983-01-05,4.4812
1983-01-08,4.543
1983-01-09,4.0105
1983-01-10,3.478
1983-01-11,5.469
1983-01-12,5.345000000000001
1983-01-13,5.221
1983-01-14,4.921
1983-01-15,11.762
1983-01-16,18.603
1983-01-18,32.285
1983-01-19,29.8705
1983-01-20,27.456
1983-01-21,25.491
1983-01-22,25.464
1983-01-23,25.437
1983-01-24,25.41
1983-01-25,21.115
1983-01-26,16.82
1983-01-27,14.9025
1983-01-28,12.985
1983-02-01,5.315
1983-02-02,5.105
1983-02-03,4.895
1983-02-04,4.685
1983-02-05,4.601999999999999
1983-02-06,4.519
1983-02-07,4.436
1983-02-08,3.673
1983-02-09,2.132
1983-02-10,2.02
1983-02-11,1.908
1983-02-12,1.72
1983-02-13,3.2186
1983-02-14,4.7172
1983-02-22,16.706
1983-02-23,13.457
1983-02-24,13.776
1983-02-25,14.095
1983-02-26,14.771
1983-02-27,15.447
1983-03-03,18.151
1983-03-04,14.782
1983-03-05,17.064
1983-03-06,19.0375
1983-03-07,21.011
1983-03-09,24.958
1983-03-10,21.88
1983-03-11,20.188
1983-03-12,22.179692307692303
1983-03-13,24.17138461538461
1983-03-24,46.08
1983-03-25,34.367999999999995
1983-03-26,22.656
1983-03-27,21.803
1983-03-28,20.95
1983-03-29,19.9375
1983-03-30,18.925
1983-03-31,19.5024
1983-04-01,20.0798
1983-04-14,27.586
1983-04-15,27.6195
1983-04-16,27.653
1983-04-17,19.445
1983-04-18,20.112
1983-04-19,19.8085
1983-04-20,19.505
1983-04-21,18.8895
1983-04-22,18.274
1983-04-24,17.043
1983-04-25,15.917
1983-04-26,15.838
1983-04-27,15.395
1983-04-28,12.525
1983-04-29,12.3815
1983-04-30,12.238
1983-05-01,11.791
1983-05-02,10.9165
1983-05-03,10.042
1983-05-05,8.293
1983-05-06,8.034
1983-05-07,7.52
1983-05-08,7.006
1983-05-09,6.492
1983-05-10,6.194
1983-05-11,5.896
1983-05-13,5.3
1983-05-14,4.438
1983-05-15,4.0335
1983-05-16,3.629
1983-05-17,3.2805
1983-05-18,2.932
1983-05-19,2.7030000000000003
1983-05-20,2.474
1983-05-21,2.4530000000000003
1983-05-22,2.432
1983-05-23,2.411
1983-05-24,2.3316
1983-05-25,2.2522
1983-05-28,2.014
1983-05-29,1.876
1983-05-30,1.738
1983-06-01,1.462
1983-06-02,1.424
1983-06-03,1.404
1983-06-04,1.384
1983-06-05,1.24
1983-06-06,1.304
1983-06-07,1.368
1983-06-08,1.339
1983-06-09,1.31
1983-06-10,1.2938
1983-06-11,1.2776
1983-06-14,1.229
1983-06-15,1.2080000000000002
1983-06-16,1.187
1983-06-18,1.145
1983-06-19,1.1283333333333334
1983-06-20,1.1116666666666666
1983-06-21,1.095
1983-06-22,1.1002
1983-06-23,1.1054
1983-06-26,1.121
1983-06-27,1.0786
1983-06-28,1.0362
1983-07-01,0.909
1983-07-02,0.8525
1983-07-03,0.796
1983-07-04,0.84275
1983-07-05,0.8895
1983-07-07,0.983
1983-07-08,0.971
1983-07-09,0.959
1983-07-10,0.9295
1983-07-11,0.9
1983-07-15,0.782
1983-07-16,0.781
1983-07-17,0.76825
1983-07-18,0.7555000000000001
1983-07-20,0.73
1983-07-21,0.736
1983-07-22,0.742
1983-07-23,0.748
1983-07-24,0.732
1983-07-25,1.08
1983-07-26,1.060857142857143
1983-07-27,1.0417142857142858
1983-08-01,0.946
1983-08-02,0.929
1983-08-03,0.912
1983-08-05,0.878
1983-08-06,0.894
1983-08-07,0.91
1983-08-08,0.926
1983-08-09,1.142
1983-08-10,1.358
1983-08-12,1.79
1983-08-13,1.7233333333333334
1983-08-14,1.6566666666666667
1983-08-15,1.59
1983-08-16,1.128
1983-08-17,0.666
1983-08-18,0.938
1983-08-19,1.21
1983-08-20,1.643
1983-08-21,1.5996666666666666
1983-08-22,1.5563333333333331
1983-08-23,1.513
1983-08-24,1.4633999999999998
1983-08-25,1.4138
1983-08-28,1.265
1983-08-29,1.2447647058823528
1983-08-30,1.224529411764706
1983-10-01,0.577
1983-10-02,0.5673333333333334
1983-10-03,0.5576666666666666
1983-10-04,0.548
1983-10-05,0.776
1983-10-06,0.753
1983-10-07,0.73
1983-10-08,0.737
1983-10-09,0.9
1983-10-10,0.911
1983-10-11,0.922
1983-10-12,0.896
1983-10-13,0.87
1983-10-17,0.766
1983-10-18,0.7783333333333333
1983-10-19,0.7906666666666667
1983-10-20,0.803
1983-10-21,0.8170000000000001
1983-10-22,0.8310000000000001
1983-11-01,0.971
1983-11-02,0.9422857142857144
1983-11-03,0.9135714285714286
1983-11-08,0.77
1983-11-09,0.543
1983-11-10,0.6515
1983-11-11,0.76
1983-11-12,0.853
1983-11-13,0.946
1983-11-14,1.031
1983-11-15,1.202
1983-11-16,1.22125
1983-11-17,1.2405
1983-11-19,1.279
1983-11-20,1.119
1983-11-21,0.959
1983-11-22,0.8694999999999999
1983-11-23,0.78
1983-11-24,0.9416
1983-11-25,1.1032000000000002
1983-11-28,1.588
1983-11-29,1.413333333333333
1983-11-30,1.2386666666666668
1983-12-01,1.064
1983-12-02,0.9585
1983-12-03,0.853
1983-12-04,3.102666666666667
1983-12-05,5.352333333333333
1983-12-06,7.602
1983-12-07,5.464
1983-12-08,3.659
1983-12-09,3.605333333333333
1983-12-10,3.5516666666666667
1983-12-11,3.498
1983-12-12,11.617
1983-12-13,7.363
1983-12-14,12.231000000000002
1983-12-15,17.099
1983-12-16,11.392
1983-12-17,8.5345
1983-12-18,5.677
1983-12-19,5.745666666666667
1983-12-20,5.814333333333333
1983-12-21,5.883
1983-12-22,10.569
1983-12-23,15.255
1983-12-26,29.313
1983-12-27,28.94
1983-12-28,23.563
1983-12-29,17.205
1983-12-30,17.398
1983-12-31,17.590999999999998
1984-01-01,17.784
1984-01-02,17.839444444444442
1984-01-03,17.89488888888889
1984-01-10,18.283
1984-01-11,17.5175
1984-01-12,16.752
1984-01-13,14.933
1984-01-14,11.339
1984-01-15,9.392
1984-01-16,8.501
1984-01-17,14.2175
1984-01-18,19.934
1984-01-19,23.548
1984-01-20,27.162
1984-01-21,30.776
1984-01-22,30.98593103448276
1984-01-23,31.19586206896552
1984-03-19,42.952
1984-03-20,41.87659090909091
1984-03-21,40.80118181818182
1984-04-10,19.293
1984-04-11,24.448
1984-04-12,29.603
1984-04-13,26.505
1984-04-14,24.737
1984-04-15,24.37042857142857
1984-04-16,24.003857142857143
1984-04-21,22.171
1984-04-22,21.756
1984-04-23,17.882
1984-04-24,17.557
1984-04-25,17.4515
1984-04-26,17.346
1984-04-28,17.135
1984-04-29,16.379
1984-04-30,15.63275
1984-05-01,14.886500000000002
1984-05-03,13.394
1984-05-04,12.9375
1984-05-05,12.481
1984-05-06,12.500333333333334
1984-05-07,12.519666666666666
1984-05-08,12.539
1984-05-09,15.191
1984-05-10,15.011
1984-05-11,14.831
1984-05-12,14.2568
1984-05-13,13.6826
1984-05-16,11.96
1984-05-17,11.0975
1984-05-18,10.235
1984-05-20,8.51
1984-05-21,10.734666666666666
1984-05-22,12.959333333333332
1984-05-23,15.184
1984-05-24,12.53
1984-05-25,11.476166666666666
1984-05-26,10.422333333333333
1984-05-30,6.207
1984-05-31,6.207
1984-06-01,6.207
1984-06-02,6.44475
1984-06-03,6.6825
1984-06-05,7.158
1984-06-06,6.554
1984-06-07,5.95
1984-06-08,5.83625
1984-06-09,5.7225
1984-06-15,5.04
1984-06-16,4.729
1984-06-17,4.425333333333334
1984-06-18,4.121666666666667
1984-06-19,3.818
1984-06-20,4.121
1984-06-21,3.633
1984-06-22,3.631
1984-06-23,3.57
1984-06-24,3.509
1984-06-25,3.448
1984-06-26,3.407
1984-06-27,3.366
1984-06-28,3.325
1984-06-29,2.999
1984-06-30,2.673
1984-07-01,2.668
1984-07-02,2.693
1984-07-03,2.718
1984-07-04,2.463
1984-07-05,2.4935
1984-07-06,2.524
1984-07-08,2.585
1984-07-09,2.4606
1984-07-10,2.3362
1984-07-13,1.963
1984-07-14,1.9394166666666668
1984-07-15,1.9158333333333333
1984-07-25,1.68
1984-07-26,1.512
1984-07-27,1.344
1984-07-30,0.84
1984-07-31,1.563
1984-08-01,1.524
1984-08-02,1.485
1984-08-04,1.407
1984-08-05,1.4115
1984-08-06,1.416
1984-08-10,1.434
1984-08-11,1.411333333333333
1984-08-12,1.3886666666666667
1984-08-13,1.366
1984-08-14,1.3626
1984-08-15,1.3592
1984-08-18,1.349
1984-08-19,1.4233333333333331
1984-08-20,1.4976666666666667
1984-08-21,1.572
1984-08-22,1.5728
1984-08-23,1.5736
1984-08-26,1.576
1984-08-27,1.5649166666666667
1984-08-28,1.5538333333333334
1984-10-01,1.177
1984-10-02,1.075
1984-10-03,0.973
1984-10-04,1.1165
1984-10-05,1.26
1984-10-06,1.3594
1984-10-07,1.4588
1984-10-10,1.757
1984-10-11,2.064
1984-10-12,2.1215
1984-10-13,2.179
1984-10-14,2.215
1984-10-15,2.251
1984-10-16,2.287
1984-10-17,3.283
1984-10-18,16.726
1984-10-19,20.361
1984-10-20,14.877
1984-10-21,14.73975
1984-10-22,14.6025
1984-10-24,14.328
1984-10-25,11.898
1984-10-26,10.601
1984-10-27,9.304
1984-10-28,8.014
1984-10-29,6.724
1984-10-30,5.95975
1984-10-31,5.1955
1984-11-02,3.667
1984-11-03,3.57
1984-11-04,3.473
1984-11-05,3.011
1984-11-06,2.549
1984-11-07,2.349
1984-11-08,2.0783333333333336
1984-11-09,1.8076666666666663
1984-11-10,1.537
1984-11-11,1.478
1984-11-12,1.419
1984-11-15,1.242
1984-11-16,1.4415
1984-11-17,1.641
1984-11-21,2.439
1984-11-22,3.563
1984-11-23,12.464
1984-11-24,23.741
1984-11-25,33.599
1984-11-26,33.53481159420289
1984-11-27,33.4706231884058
1985-02-02,29.17
1985-02-03,26.89
1985-02-04,24.61
1985-02-05,22.256
1985-02-06,20.079
1985-02-07,17.902
1985-02-08,13.178
1985-02-09,17.211666666666666
1985-02-10,21.24533333333333
1985-02-11,25.279
1985-02-12,25.424
1985-02-13,25.569
1985-02-14,26.61745
1985-02-15,27.6659
1985-03-05,46.538
1985-03-06,45.071
1985-03-07,32.692
1985-03-08,30.615
1985-03-09,31.084
1985-03-10,37.25333333333333
1985-03-11,43.422666666666665
1985-03-12,49.592
1985-03-13,51.001333333333335
1985-03-14,52.41066666666666
1985-03-21,62.276
1985-03-22,63.25
1985-03-23,54.54
1985-03-24,45.83
1985-03-26,28.41
1985-03-27,36.324
1985-03-28,37.748
1985-03-29,47.6435
1985-03-30,57.539
1985-03-31,56.15466666666667
1985-04-01,54.77033333333333
1985-04-08,45.08
1985-04-09,36.941
1985-04-10,41.82933333333334
1985-04-11,46.717666666666666
1985-04-12,51.606
1985-04-13,49.499
1985-04-14,47.392
1985-04-16,43.178
1985-04-17,42.39
1985-04-18,41.602
1985-04-22,38.45
1985-04-23,31.378
1985-04-24,29.298
1985-04-25,27.964
1985-04-26,26.63
1985-04-27,23.055
1985-04-28,21.009
1985-04-29,18.963
1985-04-30,18.307
1985-05-01,17.655
1985-05-02,17.22416666666667
1985-05-03,16.793333333333333
1985-05-07,15.07
1985-05-08,11.025
1985-05-09,10.402
1985-05-10,10.22875
1985-05-11,10.0555
1985-05-13,9.709
1985-05-14,9.693
1985-05-15,9.677
1985-05-17,9.645
1985-05-18,8.995666666666667
1985-05-19,8.346333333333334
1985-05-20,7.697
1985-05-21,6.761
1985-05-22,6.146
1985-05-23,5.531000000000001
1985-05-26,3.686
1985-05-27,3.5456666666666665
1985-05-28,3.405333333333333
1985-05-29,3.265
1985-05-30,3.255
1985-05-31,3.245
1985-06-01,3.235
1985-06-02,4.965333333333334
1985-06-03,6.695666666666667
1985-06-04,8.426
1985-06-05,8.247
1985-06-06,7.227
1985-06-07,5.296
1985-06-08,3.365
1985-06-09,6.885
1985-06-10,3.417
1985-06-11,3.361
1985-06-12,3.305
1985-06-13,3.249
1985-06-14,3.126
1985-06-15,3.232
1985-06-16,3.338
1985-06-17,2.59
1985-06-18,2.607
1985-06-19,2.624
1985-06-20,2.5578333333333334
1985-06-21,2.4916666666666667
1985-06-25,2.227
1985-06-26,2.145
1985-06-27,2.063
1985-06-28,1.981
1985-06-29,1.924
1985-06-30,1.867
1985-07-01,1.81
1985-07-02,1.8434
1985-07-03,1.8768
1985-07-06,1.977
1985-07-07,1.888
1985-07-08,1.799
1985-07-09,1.7924444444444445
1985-07-10,1.7858888888888889
1985-07-17,1.74
1985-07-18,1.648
1985-07-19,1.556
1985-07-20,1.479666666666667
1985-07-21,1.403333333333333
1985-07-22,1.327
1985-07-23,1.4043333333333332
1985-07-24,1.481666666666667
1985-07-25,1.559
1985-07-26,1.349
1985-07-27,1.348666666666667
1985-07-28,1.3483333333333334
1985-08-01,1.347
1985-08-02,1.2365
1985-08-03,1.126
1985-08-04,1.234
1985-08-05,1.342
1985-08-06,1.45
1985-08-07,1.501
1985-08-08,1.4765
1985-08-09,1.452
1985-08-10,1.4302
1985-08-11,1.4084
1985-08-14,1.343
1985-08-15,1.294
1985-08-16,1.245
1985-08-17,1.196
1985-08-18,1.226
1985-08-19,1.256
1985-08-20,1.229
1985-08-21,1.202
1985-08-24,1.121
1985-08-25,1.1165714285714283
1985-08-26,1.112142857142857
1985-08-31,1.09
1985-09-01,1.1044516129032258
1985-09-02,1.1189032258064515
1985-10-01,1.538
1985-10-02,1.43925
1985-10-03,1.3405
1985-10-05,1.143
1985-10-06,1.0845
1985-10-07,1.026
1985-10-08,1.138
1985-10-09,1.043
1985-10-10,1.1287777777777777
1985-10-11,1.2145555555555556
1985-10-18,1.815
1985-10-19,1.7133333333333334
1985-10-20,1.6116666666666666
1985-10-21,1.51
1985-10-22,1.923
1985-10-23,1.62
1985-10-24,1.562
1985-10-25,1.504
1985-10-30,1.214
1985-10-31,1.216
1985-11-01,1.218
1985-11-02,1.22
1985-11-03,1.3165
1985-11-04,1.413
1985-11-05,1.39125
1985-11-06,1.3695
1985-11-08,1.326
1985-11-09,1.3016666666666667
1985-11-10,1.2773333333333334
1985-11-14,1.18
1985-11-15,1.4455
1985-11-16,1.711
1985-11-18,2.242
1985-11-19,2.61
1985-11-20,2.347
1985-11-21,2.110333333333333
1985-11-22,1.8736666666666664
1985-11-23,1.637
1985-11-24,1.5476666666666667
1985-11-25,1.4583333333333333
1985-11-26,1.369
1985-11-27,1.4322
1985-11-28,1.4954
1985-12-01,1.685
1985-12-02,1.717
1985-12-03,1.749
1985-12-07,1.877
1985-12-08,1.9408
1985-12-09,2.0046
1985-12-12,2.196
1985-12-13,2.593833333333333
1985-12-14,2.9916666666666667
1985-12-18,4.583
1985-12-19,19.537
1985-12-20,22.591
1985-12-21,39.464
1985-12-22,37.59733333333333
1985-12-23,35.730666666666664
1985-12-24,33.864
1985-12-25,40.119
1985-12-26,46.374
1985-12-27,30.7035
1985-12-28,15.033
1985-12-29,17.492666666666665
1985-12-30,19.95233333333333
1985-12-31,22.412
1986-01-01,24.056
1986-01-02,25.7
1986-01-03,26.3955
1986-01-04,27.091
1986-01-05,31.5495
1986-01-06,36.008
1986-01-07,39.536
1986-01-08,43.064
1986-01-09,42.677
1986-01-10,42.29
1986-01-11,42.471375
1986-01-12,42.65275
1986-01-18,43.741
1986-01-19,38.2285
1986-01-20,32.716
1986-01-21,32.912246153846155
1986-01-22,33.10849230769231
1986-03-26,45.472
1986-03-27,46.0742
1986-03-28,46.6764
1986-03-31,48.483
1986-04-01,39.67233333333333
1986-04-02,30.861666666666665
1986-04-03,22.051
1986-04-04,22.88414285714285
1986-04-05,23.717285714285712
1986-04-17,33.715
1986-04-18,35.4455
1986-04-19,37.176
1986-04-20,34.551
1986-04-21,31.926
1986-04-22,29.301
1986-04-23,25.686
1986-04-24,22.099
1986-04-25,21.467
1986-04-26,21.11833333333333
1986-04-27,20.769666666666662
1986-04-28,20.421
1986-04-29,19.87
1986-04-30,19.319
1986-05-01,22.21025
1986-05-02,25.1015
1986-05-04,30.884
1986-05-05,28.2332
1986-05-06,25.5824
1986-05-09,17.63
1986-05-10,17.372
1986-05-11,16.4905
1986-05-12,15.609
1986-05-13,14.660666666666666
1986-05-14,13.712333333333332
1986-05-15,12.764
1986-05-16,13.04
1986-05-17,10.329
1986-05-18,10.071
1986-05-19,9.813
1986-05-20,9.555
1986-05-21,9.294
1986-05-22,8.9638
1986-05-23,8.6336
1986-05-26,7.643
1986-05-27,7.468999999999999
1986-05-28,7.295
1986-06-08,5.381
1986-06-09,2.891
1986-06-10,2.876333333333333
1986-06-11,2.861666666666667
1986-06-12,2.847
1986-06-13,2.31
1986-06-14,2.609
1986-06-15,2.908
1986-06-16,2.376
1986-06-17,2.176
1986-06-18,1.976
1986-06-19,1.854
1986-06-20,2.147
1986-06-21,2.1545
1986-06-22,2.162
1986-06-24,2.177
1986-06-25,2.1606666666666667
1986-06-26,2.144333333333333
1986-06-27,2.128
1986-06-28,2.128
1986-06-29,2.128
1986-07-01,2.128
1986-07-02,2.004
1986-07-03,2.121
1986-07-04,2.08
1986-07-05,2.039
1986-07-08,1.916
1986-07-09,1.9055
1986-07-10,1.895
1986-07-14,1.853
1986-07-15,1.8105
1986-07-16,1.768
1986-07-18,1.683
1986-07-19,1.981
1986-07-20,1.8393333333333333
1986-07-21,1.6976666666666669
1986-07-22,1.556
1986-07-23,1.6446666666666667
1986-07-24,1.7333333333333334
1986-07-25,1.822
1986-07-26,1.851
1986-07-27,1.88
1986-07-31,1.996
1986-08-01,1.77
1986-08-02,1.641
1986-08-03,1.6516666666666666
1986-08-04,1.6623333333333334
1986-08-08,1.705
1986-08-09,1.765
1986-08-10,1.622
1986-08-11,1.479
1986-08-12,1.336
1986-08-13,1.3812222222222224
1986-08-14,1.4264444444444446
1986-08-21,1.743
1986-08-22,1.637
1986-08-23,1.5788
1986-08-24,1.5206
1986-08-27,1.346
1986-08-28,1.4201666666666668
1986-08-29,1.4943333333333333
1986-09-02,1.791
1986-09-03,1.629
1986-09-04,1.467
1986-09-06,1.143
1986-09-07,1.2933333333333334
1986-09-08,1.4436666666666669
1986-09-09,1.594
1986-09-10,1.558
1986-09-11,1.522
1986-09-18,1.27
1986-09-19,1.0
1986-09-20,0.96975
1986-09-21,0.9395
1986-09-23,0.879
1986-09-24,0.9064418604651164
1986-09-25,0.9338837209302324
1986-11-05,2.059
1986-11-06,2.367
1986-11-07,2.823
1986-11-08,2.516
1986-11-09,2.366
1986-11-10,2.216
1986-11-14,1.616
1986-11-15,1.489
1986-11-16,1.7761481481481485
1986-11-17,2.0632962962962966
1986-12-12,9.242
1986-12-13,14.954
1986-12-14,13.943666666666669
1986-12-15,12.933333333333334
1986-12-16,11.923
1986-12-17,9.125
1986-12-18,7.605
1986-12-19,5.348
1986-12-20,5.797
1986-12-21,6.246
1986-12-22,6.695
1986-12-23,9.18925
1986-12-24,11.6835
1986-12-26,16.672
1986-12-27,18.00042857142857
1986-12-28,19.328857142857142
1987-01-09,35.27
1987-01-10,31.166
1987-01-11,27.062
1987-01-12,22.958
1987-01-13,23.151333333333337
1987-01-14,23.344666666666665
1987-01-15,23.538
1987-01-16,27.885
1987-01-17,28.3735
1987-01-18,28.862
1987-02-05,37.655
1987-02-06,37.67990909090909
1987-02-07,37.70481818181818
1987-02-16,37.929
1987-02-17,34.62566666666667
1987-02-18,31.322333333333333
1987-02-19,28.019
1987-02-20,25.192
1987-02-21,22.74033333333333
1987-02-22,20.288666666666668
1987-02-23,17.837
1987-02-24,21.927
1987-02-25,17.758
1987-02-26,26.063
1987-02-27,34.368
1987-02-28,33.244
1987-03-01,32.12
1987-03-02,30.996
1987-03-03,27.383
1987-03-04,23.77
1987-03-05,21.902
1987-03-06,23.123857142857144
1987-03-07,24.345714285714287
1987-03-12,30.455
1987-03-13,24.47
1987-03-14,25.205
1987-03-15,25.94
1987-03-16,26.675
1987-03-17,25.418
1987-03-18,22.171
1987-03-19,23.733
1987-03-20,19.234
1987-03-21,19.1118
1987-03-22,18.989600000000003
1987-03-25,18.623
1987-03-26,17.627000000000002
1987-03-27,16.631
1987-03-28,15.069333333333333
1987-03-29,13.507666666666667
1987-03-30,11.946
1987-03-31,11.54
1987-04-01,11.134
1987-04-02,10.724
1987-04-03,10.314
1987-04-06,9.084
1987-04-07,8.64
1987-04-08,8.504999999999999
1987-04-09,8.37
1987-04-10,9.466
1987-04-11,10.136666666666668
1987-04-12,10.807333333333332
1987-04-13,11.478
1987-04-14,10.056
1987-04-15,9.661666666666664
1987-04-16,9.267333333333331
1987-04-20,7.69
1987-04-21,7.1370000000000005
1987-04-22,6.584
1987-04-23,6.031
1987-04-24,6.0235
1987-04-25,6.016
1987-04-27,6.001
1987-04-28,5.682625000000001
1987-04-29,5.36425
1987-05-05,3.454
1987-05-06,3.2725
1987-05-07,3.091
1987-05-08,3.0335
1987-05-09,2.976
1987-05-11,2.861
1987-05-12,2.6755000000000004
1987-05-13,2.49
1987-05-14,2.639
1987-05-15,2.609181818181818
1987-05-16,2.5793636363636363
1987-05-25,2.311
1987-05-26,2.23825
1987-05-27,2.1655
1987-05-29,2.02
1987-05-30,1.9812857142857143
1987-05-31,1.9425714285714288
1987-06-05,1.749
1987-06-06,1.6873333333333334
1987-06-07,1.6256666666666668
1987-06-08,1.564
1987-06-09,1.592625
1987-06-10,1.62125
1987-06-16,1.793
1987-06-17,1.858
1987-06-18,1.8015
1987-06-19,1.745
1987-06-20,1.6913333333333334
1987-06-21,1.6376666666666668
1987-06-25,1.423
1987-06-26,1.4203333333333334
1987-06-27,1.4176666666666666
1987-07-01,1.407
1987-07-02,1.4135
1987-07-03,1.42
1987-07-09,1.459
1987-07-10,1.806
1987-07-11,1.464
1987-07-12,1.417
1987-07-13,1.37
1987-07-17,1.182
1987-07-18,1.3113333333333332
1987-07-19,1.4406666666666663
1987-07-23,1.958
1987-07-24,1.39
1987-07-25,1.243
1987-07-26,1.235777777777778
1987-07-27,1.2285555555555556
1987-08-03,1.178
1987-08-04,1.263
1987-08-05,1.348
1987-08-06,1.433
1987-08-07,1.4275
1987-08-08,1.422
1987-08-09,1.434
1987-08-10,1.333
1987-08-11,1.232
1987-08-12,1.2856666666666667
1987-08-13,1.3393333333333333
1987-08-17,1.554
1987-08-18,1.53
1987-08-19,1.506
1987-08-23,1.41
1987-08-24,1.3915
1987-08-25,1.373
1987-08-26,1.354
1987-08-27,1.335
1987-09-01,1.24
1987-09-02,1.367
1987-09-03,1.494
1987-09-04,1.4326
1987-09-05,1.3712
1987-09-08,1.187
1987-09-09,1.3155
1987-09-10,1.444
1987-09-11,1.495
1987-09-12,1.42
1987-09-13,1.345
1987-09-14,1.2935
1987-09-15,1.242
1987-09-17,1.139
1987-09-18,1.1534468085106384
1987-09-19,1.1678936170212766
1987-11-03,1.818
1987-11-04,1.733
1987-11-05,1.648
1987-11-06,1.383
1987-11-07,1.4252
1987-11-08,1.4674
1987-11-11,1.594
1987-11-12,1.541
1987-11-13,1.488
1987-11-17,1.276
1987-11-18,1.3013333333333337
1987-11-19,1.3266666666666669
1987-11-20,1.352
1987-11-21,1.9483333333333333
1987-11-22,2.544666666666666
1987-11-23,3.141
1987-11-24,3.895
1987-11-25,3.7815
1987-11-26,3.668
1987-11-27,3.3716666666666666
1987-11-28,3.075333333333333
1987-12-02,1.89
1987-12-03,2.0796
1987-12-04,2.2692
1987-12-07,2.838
1987-12-08,4.692
1987-12-09,9.715
1987-12-10,8.354
1987-12-11,7.834
1987-12-12,11.761
1987-12-13,15.688
1987-12-14,19.615
1987-12-15,12.474
1987-12-16,12.115
1987-12-17,9.466
1987-12-18,8.2172
1987-12-19,6.968399999999999
1987-12-22,3.222
1987-12-23,4.056285714285714
1987-12-24,4.890571428571429
1987-12-29,9.062
1987-12-30,8.359333333333332
1987-12-31,7.656666666666666
1988-01-04,4.846
1988-01-05,4.270666666666667
1988-01-06,3.695333333333333
1988-01-07,3.12
1988-01-08,6.507
1988-01-09,9.894
1988-01-10,9.9075
1988-01-11,9.921
1988-01-12,8.089
1988-01-13,6.2
1988-01-14,6.763916666666667
1988-01-15,7.327833333333333
1988-02-18,26.501
1988-02-19,18.249
1988-02-20,18.732
1988-02-21,18.6185
1988-02-22,18.505
1988-03-03,17.37
1988-03-04,21.8945
1988-03-05,26.419
1988-03-06,23.994333333333337
1988-03-07,21.569666666666667
1988-03-08,19.145
1988-03-09,28.334
1988-03-10,23.08
1988-03-11,17.826
1988-03-12,17.341
1988-03-13,16.856
1988-03-15,15.886
1988-03-16,16.694499999999998
1988-03-17,17.503
1988-03-18,21.094
1988-03-19,21.448818181818183
1988-03-20,21.803636363636365
1988-03-29,24.997
1988-03-30,25.1999
1988-03-31,25.4028
1988-04-08,27.026
1988-04-09,24.08833333333333
1988-04-10,21.150666666666663
1988-04-11,18.213
1988-04-12,20.529333333333337
1988-04-13,22.845666666666663
1988-04-14,25.162
1988-04-15,21.9925
1988-04-16,18.823
1988-04-18,12.484
1988-04-19,11.68
1988-04-20,11.723
1988-04-21,12.864
1988-04-22,15.943
1988-04-23,16.2342
1988-04-24,16.5254
1988-04-27,17.399
1988-04-28,17.983
1988-04-29,18.567
1988-04-30,15.946333333333332
1988-05-01,13.325666666666669
1988-05-02,10.705
1988-05-03,13.572
1988-05-04,12.57525
1988-05-05,11.5785
1988-05-07,9.585
1988-05-08,9.915500000000002
1988-05-09,10.246
1988-05-10,10.095666666666666
1988-05-11,9.945333333333334
1988-05-18,8.893
1988-05-19,8.798
1988-05-20,7.970000000000001
1988-05-21,7.142
1988-05-22,6.3245000000000005
1988-05-23,5.507
1988-05-24,5.345666666666666
1988-05-25,5.184333333333333
1988-05-26,5.023
1988-05-27,4.489
1988-05-28,3.955
1988-05-30,2.887
1988-05-31,2.881
1988-06-01,2.13
1988-06-02,2.099
1988-06-03,2.068
1988-06-04,2.037
1988-06-05,2.02075
1988-06-06,2.0045
1988-06-08,1.972
1988-06-09,1.8987142857142856
1988-06-10,1.8254285714285716
1988-06-15,1.459
1988-06-16,1.672
1988-06-17,1.608
1988-06-18,1.544
1988-06-21,1.352
1988-06-22,1.314875
1988-06-23,1.2777500000000002
1988-06-29,1.055
1988-06-30,0.929
1988-07-01,1.0505
1988-07-02,1.1720000000000002
1988-07-04,1.415
1988-07-05,1.212
1988-07-06,1.1789999999999998
1988-07-07,1.146
1988-07-08,1.139
1988-07-09,1.132
1988-07-12,1.111
1988-07-13,1.0915
1988-07-14,1.072
1988-07-15,1.0646666666666669
1988-07-16,1.0573333333333337
1988-07-17,1.05
1988-07-18,1.0416
1988-07-19,1.0332
1988-07-22,1.008
1988-07-23,1.04375
1988-07-24,1.0795
1988-07-26,1.151
1988-07-27,1.029
1988-07-28,0.907
1988-07-29,0.91625
1988-07-30,0.9255
1988-08-01,0.944
1988-08-02,0.962
1988-08-03,0.98
1988-08-04,0.888
1988-08-05,0.796
1988-08-06,0.89025
1988-08-07,0.9845
1988-08-09,1.173
1988-08-10,1.14325
1988-08-11,1.1135000000000002
1988-08-17,0.935
1988-08-18,0.859
1988-08-19,0.783
1988-08-20,0.86
1988-08-21,0.937
1988-08-22,1.014
1988-08-23,1.0285
1988-08-24,1.043
1988-08-25,1.08775
1988-08-26,1.1324999999999998
1988-08-28,1.222
1988-08-29,1.1794
1988-08-30,1.1368
1988-09-02,1.009
1988-09-03,1.202
1988-09-04,1.252
1988-09-05,1.302
1988-09-06,1.259
1988-09-07,1.27
1988-09-08,1.281
1988-09-09,1.292
1988-09-10,1.168
1988-09-11,1.044
1988-09-12,0.92
1988-09-13,0.9241875
1988-09-14,0.928375
1988-09-28,0.987
1988-09-29,0.97
1988-09-30,0.953
1988-10-01,0.978657894736842
1988-10-02,1.0043157894736845
1988-11-07,1.928
1988-11-08,1.895
1988-11-09,1.862
1988-11-10,1.6615000000000002
1988-11-11,1.461
1988-11-12,1.529
1988-11-13,1.4386666666666663
1988-11-14,1.3483333333333334
1988-11-15,1.258
1988-11-16,1.044
1988-11-17,0.83
1988-11-18,0.8363333333333333
1988-11-19,0.8426666666666667
1988-11-20,0.849
1988-11-21,0.8531818181818182
1988-11-22,0.8573636363636363
1988-12-01,0.895
1988-12-02,1.016
1988-12-03,1.137
1988-12-04,1.258
1988-12-05,1.297125
1988-12-06,1.33625
1988-12-12,1.571
1988-12-13,1.82425
1988-12-14,2.0775
1988-12-16,2.584
1988-12-17,5.471
1988-12-18,4.711
1988-12-19,3.951
1988-12-20,4.433
1988-12-21,4.915
1988-12-22,6.729166666666667
1988-12-23,8.543333333333333
1988-12-27,15.8
1988-12-28,17.342
1988-12-29,18.884
1988-12-30,16.697499999999998
1988-12-31,14.511
1989-01-01,17.336
1989-01-02,20.161
1989-01-03,22.986
1989-01-04,22.194
1989-01-05,23.8562
1989-01-06,25.5184
1989-01-09,30.505
1989-01-10,21.133
1989-01-11,21.26232258064516
1989-01-12,21.39164516129032
1989-04-13,33.16
1989-04-14,31.4595
1989-04-15,29.759
1989-04-16,30.14433333333333
1989-04-17,30.529666666666667
1989-04-18,30.915
1989-04-19,24.589
1989-04-20,23.986
1989-04-21,23.533
1989-04-22,23.08
1989-04-23,23.7925
1989-04-24,24.505
1989-04-25,21.316
1989-04-26,21.1645
1989-04-27,21.013
1989-04-28,20.18566666666667
1989-04-29,19.35833333333333
1989-05-06,13.567
1989-05-07,12.5365
1989-05-08,11.506
1989-05-09,12.04
1989-05-10,12.574
1989-05-11,11.4305
1989-05-12,10.287
1989-05-13,10.02425
1989-05-14,9.761500000000002
1989-05-16,9.236
1989-05-17,9.68
1989-05-18,9.457
1989-05-19,9.234
1989-05-20,8.755
1989-05-21,6.541500000000001
1989-05-22,4.328
1989-05-23,4.1505
1989-05-24,3.973
1989-05-25,3.8065
1989-05-26,3.64
1989-05-27,3.5761000000000003
1989-05-28,3.5122
1989-06-05,3.001
1989-06-06,2.981
1989-06-07,2.961
1989-06-08,2.941
1989-06-09,2.92525
1989-06-10,2.9095
1989-06-12,2.878
1989-06-13,2.8235
1989-06-14,2.769
1989-06-15,2.865
1989-06-16,2.386
1989-06-17,2.4226666666666667
1989-06-18,2.459333333333334
1989-06-19,2.496
1989-06-20,2.3955
1989-06-21,2.295
1989-06-22,2.248333333333333
1989-06-23,2.2016666666666667
1989-06-24,2.155
1989-06-25,2.0522
1989-06-26,1.9494
1989-06-29,1.641
1989-06-30,1.6711111111111112
1989-07-01,1.7012222222222222
1989-07-08,1.912
1989-07-09,1.996
1989-07-10,2.08
1989-07-11,2.0166666666666666
1989-07-12,1.9533333333333331
1989-07-13,1.89
1989-07-14,1.8658
1989-07-15,1.8416
1989-07-18,1.769
1989-07-19,1.751
1989-07-20,1.832
1989-07-21,1.802
1989-07-22,1.772
1989-07-23,1.721666666666667
1989-07-24,1.6713333333333331
1989-07-25,1.621
1989-07-26,1.5345
1989-07-27,1.448
1989-07-28,1.4663333333333333
1989-07-29,1.4846666666666666
1989-07-30,1.503
1989-07-31,1.6616666666666666
1989-08-01,1.8203333333333331
1989-08-02,1.979
1989-08-03,1.871
1989-08-04,1.662
1989-08-05,1.6603333333333332
1989-08-06,1.6586666666666667
1989-08-07,1.657
1989-08-08,1.7305
1989-08-09,1.804
1989-08-11,1.951
1989-08-12,1.71
1989-08-13,1.6725
1989-08-14,1.635
1989-08-16,1.56
1989-08-17,1.568
1989-08-18,1.576
1989-08-19,1.534333333333333
1989-08-20,1.4926666666666668
1989-08-24,1.326
1989-08-25,1.30675
1989-08-26,1.2875
1989-08-28,1.249
1989-08-29,1.3185
1989-08-30,1.388
1989-08-31,1.3974
1989-09-01,1.4068
1989-09-04,1.435
1989-09-05,1.4475714285714285
1989-09-06,1.4601428571428572
1989-09-11,1.523
1989-09-12,1.522
1989-09-13,1.521
1989-09-14,1.52
1989-09-15,1.48675
1989-09-16,1.4535
1989-09-18,1.387
1989-09-19,1.2956666666666667
1989-09-20,1.2043333333333333
1989-09-21,1.113
1989-09-22,1.1015
1989-09-23,1.09
1989-09-24,1.13
1989-09-25,1.17
1989-09-27,1.25
1989-09-28,1.3394857142857144
1989-09-29,1.4289714285714286
1989-11-01,4.382
1989-11-02,5.03
1989-11-03,5.03
1989-11-04,5.03
1989-11-05,5.03
1989-11-06,5.03
1989-11-07,5.096
1989-11-08,5.289
1989-11-09,4.142
1989-11-10,3.797
1989-11-11,3.886
1989-11-12,3.973
1989-11-13,3.006
1989-11-14,3.125
1989-11-15,3.127
1989-11-16,2.543
1989-11-17,2.925
1989-11-18,1.777
1989-11-19,1.439
1989-11-20,1.851
1989-11-21,1.439
1989-11-22,1.277
1989-11-23,1.746
1989-11-24,1.501
1989-11-25,1.595
1989-11-26,1.595
1989-11-27,1.746
1989-11-28,1.439
1989-11-29,1.439
1989-11-30,2.031
1989-12-01,2.109
1989-12-02,2.32
1989-12-03,1.864
1989-12-04,1.475
1989-12-05,1.321
1989-12-06,1.436
1989-12-07,1.739
1989-12-08,1.739
1989-12-09,1.728
1989-12-10,1.739
1989-12-11,1.68
1989-12-12,1.739
1989-12-13,1.793
1989-12-14,1.739
1989-12-15,1.739
1989-12-16,1.984
1989-12-17,1.941
1989-12-18,1.984
1989-12-19,1.864
1989-12-20,2.202
1989-12-21,1.877
1989-12-22,2.212
1989-12-23,2.212
1989-12-24,2.135
1989-12-25,2.212
1989-12-26,2.212
1989-12-27,2.32
1989-12-28,2.425
1989-12-29,1.984
1989-12-30,1.864
1989-12-31,1.864
1990-01-01,1.863802715654952
1990-01-02,1.863605431309904
1993-06-05,1.617
1993-06-06,1.533
1993-06-07,1.449
1993-06-08,1.4063333333333334
1993-06-09,1.3636666666666666
1993-06-10,1.321
1993-06-11,1.25425
1993-06-12,1.1875
1993-06-14,1.054
1993-06-15,0.946
1993-06-16,0.9266666666666666
1993-06-17,0.9073333333333332
1993-06-21,0.83
1993-06-22,0.8119999999999999
1993-06-23,0.794
1993-06-25,0.758
1993-06-26,0.6806666666666666
1993-06-27,0.6033333333333334
1993-06-28,0.526
1993-06-29,0.491
1993-06-30,0.4966666666666666
1993-07-01,0.5023333333333333
1993-07-05,0.525
1993-07-06,0.5156666666666667
1993-07-07,0.5063333333333333
1993-07-08,0.497
1993-07-09,0.503
1993-07-10,0.56675
1993-07-11,0.6305000000000001
1993-07-13,0.758
1993-07-14,0.771
1993-07-15,0.7130000000000001
1993-07-16,0.655
1993-07-17,0.656
1993-07-18,0.652
1993-07-19,0.648
1993-07-20,0.644
1993-07-21,0.581
1993-07-22,0.5595
1993-07-23,0.538
1993-07-24,0.5414
1993-07-25,0.5448000000000001
1993-07-28,0.555
1993-07-29,0.6055
1993-07-30,0.656
1993-07-31,0.6466470588235295
1993-08-01,0.6372941176470589
1993-09-02,0.338
1993-09-03,0.329
1993-09-04,0.32
1993-09-05,0.311
1993-09-06,0.3285
1993-09-07,0.346
1993-09-09,0.381
1993-09-10,0.335
1993-09-11,0.289
1993-09-12,0.243
1993-09-13,0.2616666666666666
1993-09-14,0.2803333333333333
1993-09-15,0.299
1993-09-16,0.2823333333333333
1993-09-17,0.2656666666666666
1993-09-18,0.249
1993-09-19,0.261
1993-09-20,0.2503333333333333
1993-09-21,0.2396666666666666
1993-09-22,0.229
1993-09-23,0.28825
1993-09-24,0.3475
1993-09-26,0.466
1993-09-27,0.499
1993-09-28,0.532
1993-09-29,0.454
1993-09-30,0.498
1993-10-01,0.542
1993-10-02,0.5616666666666666
1993-10-03,0.5813333333333334
1993-10-04,0.601
1993-10-05,0.697
1993-10-06,0.7153333333333333
1993-10-07,0.7336666666666667
1993-10-08,0.752
1993-10-09,0.781
1993-10-10,0.75
1993-10-11,0.719
1993-10-12,0.748
1993-10-13,0.7769999999999999
1993-10-15,0.835
1993-10-16,1.1785
1993-10-17,1.522
1993-10-18,1.5313636363636365
1993-10-19,1.5407272727272727
1993-10-28,1.625
1993-10-29,1.7572241379310345
1993-10-30,1.889448275862069
1994-04-20,24.632
1994-04-21,25.39
1994-04-22,23.51775
1994-04-23,21.6455
1994-04-25,17.901
1994-04-26,18.776
1994-04-27,20.88625
1994-04-28,22.9965
1994-04-30,27.217
1994-05-01,25.618666666666662
1994-05-02,24.020333333333333
1994-05-03,22.422
1994-05-04,22.8515
1994-05-05,23.281
1994-05-06,24.816
1994-05-07,26.351
1994-05-10,30.956
1994-05-11,28.70583333333333
1994-05-12,26.455666666666666
1994-05-16,17.455
1994-05-17,15.986
1994-05-18,12.713
1994-05-19,11.728
1994-05-20,9.422
1994-05-21,9.409666666666666
1994-05-22,9.397333333333334
1994-05-23,9.385
1994-05-24,8.314
1994-05-25,8.102333333333334
1994-05-26,7.890666666666666
1994-05-30,7.044
1994-05-31,6.207
1994-06-01,6.1065
1994-06-02,6.006
1994-06-04,5.805
1994-06-05,5.734
1994-06-06,5.663
1994-06-07,5.226
1994-06-08,4.832
1994-06-09,4.6965
1994-06-10,4.561
1994-06-12,4.29
1994-06-13,4.201
1994-06-14,4.018
1994-06-15,3.835
1994-06-16,3.654
1994-06-17,3.699
1994-06-18,3.462
1994-06-19,3.225
1994-06-20,2.988
1994-06-21,2.970142857142857
1994-06-22,2.9522857142857144
1994-06-27,2.863
1994-06-28,2.856
1994-06-29,2.849
1994-07-01,2.835
1994-07-02,2.603666666666667
1994-07-03,2.372333333333333
1994-07-04,2.141
1994-07-05,2.069
1994-07-06,1.997
1994-07-08,1.853
1994-07-09,1.8146666666666669
1994-07-10,1.776333333333333
1994-07-11,1.738
1994-07-12,1.65975
1994-07-13,1.5815
1994-07-15,1.425
1994-07-16,1.421
1994-07-17,1.417
1994-07-18,1.413
1994-07-19,1.35
1994-07-20,1.287
1994-07-21,1.271
1994-07-22,1.255
1994-07-23,1.331
1994-07-24,1.407
1994-07-25,1.483
1994-07-26,1.4765
1994-07-27,1.47
1994-08-04,1.418
1994-08-05,1.33
1994-08-06,1.242
1994-08-07,1.09
1994-08-08,0.938
1994-08-09,0.9655
1994-08-10,0.993
1994-08-11,1.018
1994-08-12,1.043
1994-08-13,0.9935
1994-08-14,0.944
1994-08-15,1.015
1994-08-16,1.0384
1994-08-17,1.0618
1994-08-20,1.132
1994-08-21,1.0795
1994-08-22,1.027
1994-08-23,0.982
1994-08-24,0.937
1994-08-25,0.96275
1994-08-26,0.9885
1994-08-28,1.04
1994-08-29,1.0255
1994-08-30,1.011
1994-09-03,0.953
1994-09-04,1.089
1994-09-05,1.225
1994-09-06,1.361
1994-09-07,1.416
1994-09-08,1.471
1994-09-09,1.526
1994-09-10,1.615
1994-09-11,1.596
1994-09-12,1.577
1994-09-13,1.719
1994-09-14,1.4075000000000002
1994-09-15,1.096
1994-09-16,1.0755
1994-09-17,1.0550000000000002
1994-09-19,1.014
1994-09-20,0.968
1994-09-21,1.203
1994-09-22,0.959
1994-09-23,0.9646666666666668
1994-09-24,0.9703333333333332
1994-09-25,0.976
1994-09-26,1.069
1994-09-27,1.335
1994-09-28,1.6235
1994-09-29,1.912
1994-09-30,2.565
1994-10-01,2.51865625
1994-10-02,2.4723125
1994-11-01,1.082
1994-11-02,0.978
1994-11-03,1.1614
1994-11-04,1.3448
1994-11-07,1.895
1994-11-08,2.464
1994-11-09,5.467
1994-11-10,16.223
1994-11-11,15.168076923076924
1994-11-12,14.113153846153846
1994-11-23,2.509
1994-11-24,2.522
1994-11-25,1.807
1994-11-26,1.76025
1994-11-27,1.7135
1994-11-29,1.62
1994-11-30,1.669
1994-12-01,1.8915
1994-12-02,2.114
1994-12-03,2.26
1994-12-04,2.477
1994-12-05,2.814
1994-12-06,2.602
1994-12-07,2.39
1994-12-08,2.178
1994-12-09,2.3536
1994-12-10,2.5292
1994-12-13,3.056
1994-12-14,3.113574257425743
1994-12-15,3.171148514851485
1995-03-24,8.871
1995-03-25,7.467
1995-03-26,7.0316
1995-03-27,6.5962
1995-03-30,5.29
1995-03-31,5.57025
1995-04-01,5.8505
1995-04-03,6.411
1995-04-04,7.559333333333333
1995-04-05,8.707666666666666
1995-04-06,9.856
1995-04-07,9.449
1995-04-08,9.320714285714285
1995-04-09,9.192428571428572
1995-04-21,7.653
1995-04-22,7.045
1995-04-23,6.692333333333333
1995-04-24,6.339666666666667
1995-04-25,5.987
1995-04-26,6.072
1995-04-27,4.332
1995-04-28,4.181
1995-04-29,4.03
1995-04-30,4.0
1995-05-01,3.97
1995-05-02,3.468
1995-05-03,3.4425
1995-05-04,3.417
1995-05-05,3.325
1995-05-06,3.233
1995-05-07,2.2725
1995-05-08,1.312
1995-05-09,1.376
1995-05-10,1.3135
1995-05-11,1.251
1995-05-12,1.2325
1995-05-13,1.214
1995-05-14,1.17
1995-05-15,1.126
1995-05-16,1.082
1995-05-17,1.133
1995-05-18,1.184
1995-05-19,1.1665
1995-05-20,1.149
1995-05-21,1.0706666666666669
1995-05-22,0.9923333333333334
1995-05-23,0.914
1995-05-24,0.9005000000000001
1995-05-25,0.887
1995-05-27,0.86
1995-05-28,0.8426666666666667
1995-05-29,0.8253333333333334
1995-05-30,0.808
1995-05-31,0.832
1995-06-01,0.817
1995-06-02,0.808
1995-06-03,0.808
1995-06-04,0.787
1995-06-05,0.766
1995-06-06,0.7366666666666667
1995-06-07,0.7073333333333334
1995-06-08,0.678
1995-06-09,0.773
1995-06-10,0.868
1995-06-11,0.806
1995-06-12,0.7275
1995-06-13,0.649
1995-06-14,0.563
1995-06-15,0.5403333333333333
1995-06-16,0.5176666666666666
1995-06-17,0.495
1995-06-18,0.515
1995-06-19,0.529
1995-06-20,0.525
1995-06-21,0.5966666666666667
1995-06-22,0.6683333333333333
1995-06-23,0.74
1995-06-24,0.644
1995-06-25,0.6174999999999999
1995-06-26,0.591
1995-06-27,0.5881621621621621
1995-06-28,0.5853243243243242
1995-08-02,0.486
1995-08-03,0.492
1995-08-04,0.531
1995-08-05,0.631
1995-08-06,0.502
1995-08-07,0.5005
1995-08-08,0.499
1995-08-09,0.491
1995-08-10,0.506
1995-08-11,0.535
1995-08-12,0.533
1995-08-13,0.531
1995-08-14,0.485
1995-08-15,0.477
1995-08-16,0.469
1995-08-18,0.453
1995-08-19,0.436
1995-08-20,0.419
1995-08-21,0.426
1995-08-22,0.433
1995-08-23,0.424
1995-08-24,0.415
1995-08-25,0.491
1995-08-26,0.4805
1995-08-27,0.47
1995-08-28,0.4854
1995-08-29,0.5008
1995-09-01,0.547
1995-09-02,0.472
1995-09-03,0.584
1995-09-04,0.635
1995-09-05,0.686
1995-09-06,0.6671666666666667
1995-09-07,0.6483333333333333
1995-09-11,0.573
1995-09-12,0.56
1995-09-13,0.547
1995-09-14,0.5415454545454546
1995-09-15,0.5360909090909092
1995-09-24,0.487
1995-09-25,0.518
1995-09-26,0.549
1995-09-27,0.575
1995-09-28,0.497
1995-09-29,0.518
1995-09-30,0.539
1995-10-01,0.5565
1995-10-02,0.574
1995-10-03,0.5485
1995-10-04,0.523
1995-10-05,0.5346666666666667
1995-10-06,0.5463333333333333
1995-10-07,0.558
1995-10-08,0.5315000000000001
1995-10-09,0.505
1995-10-11,0.452
1995-10-12,0.539
1995-10-13,0.495
1995-10-14,0.451
1995-10-15,0.3805
1995-10-16,0.31
1995-10-17,0.31
1995-10-18,0.31
1995-10-19,0.603
1995-10-20,0.577
1995-10-21,0.494
1995-10-22,0.488
1995-10-23,0.482
1995-10-24,0.315
1995-10-25,0.4545
1995-10-26,0.594
1995-10-27,0.5865
1995-10-28,0.579
1995-10-30,0.564
1995-10-31,0.98875
1995-11-01,1.4135
1995-11-03,2.263
1995-11-04,1.733
1995-11-05,1.5605
1995-11-06,1.388
1995-11-07,0.955
1995-11-08,0.809
1995-11-09,0.8333333333333334
1995-11-10,0.8576666666666667
1995-11-11,0.882
1995-11-12,0.9045
1995-11-13,0.927
1995-11-14,4.149666666666667
1995-11-15,7.372333333333334
1995-11-16,10.595
1995-11-17,19.56
1995-11-18,15.56
1995-11-19,14.550666666666666
1995-11-20,13.541333333333334
1995-11-21,12.532
1995-11-22,10.434666666666669
1995-11-23,8.337333333333333
1995-11-24,6.24
1995-11-25,4.706
1995-11-26,4.099166666666667
1995-11-27,3.4923333333333337
1995-12-01,1.065
1995-12-02,1.04
1995-12-03,1.058
1995-12-04,0.8695
1995-12-05,0.681
1995-12-06,0.6585000000000001
1995-12-07,0.636
1995-12-08,0.5
1995-12-09,0.734
1995-12-10,0.533
1995-12-11,0.599
1995-12-12,0.645
1995-12-13,0.5375
1995-12-14,0.43
1995-12-15,0.502
1995-12-16,0.498
1995-12-17,0.494
1995-12-18,0.675
1995-12-19,0.6625000000000001
1995-12-20,0.65
1995-12-21,0.696
1995-12-22,0.742
1995-12-23,3.84475
1995-12-24,6.947500000000001
1995-12-26,13.153
1995-12-27,13.110062015503877
1995-12-28,13.067124031007753
1996-05-03,7.614
1996-05-04,6.395
1996-05-05,6.207
1996-05-06,6.055
1996-05-07,5.897
1996-05-08,5.712
1996-05-09,4.736
1996-05-10,4.916
1996-05-11,3.91
1996-05-12,4.051
1996-05-13,4.192
1996-05-14,4.006
1996-05-15,3.349
1996-05-16,3.3665000000000003
1996-05-17,3.384
1996-05-18,3.419
1996-05-19,3.162714285714286
1996-05-20,2.906428571428572
1996-05-25,1.625
1996-05-26,1.7265
1996-05-27,1.828
1996-05-28,1.515
1996-05-29,1.5355
1996-05-30,1.556
1996-05-31,1.4766666666666668
1996-06-01,1.397333333333333
1996-06-02,1.318
1996-06-03,1.3305
1996-06-04,1.343
1996-06-05,1.3443333333333334
1996-06-06,1.3456666666666666
1996-06-07,1.347
1996-06-08,1.04
1996-06-09,1.075
1996-06-10,0.973
1996-06-11,1.088
1996-06-12,1.0733333333333337
1996-06-13,1.0586666666666666
1996-06-14,1.044
1996-06-15,0.998
1996-06-16,0.952
1996-06-17,0.9455
1996-06-18,0.939
1996-06-20,0.926
1996-06-21,0.965
1996-06-22,0.962
1996-06-23,0.9606666666666668
1996-06-24,0.9593333333333331
1996-06-25,0.958
1996-06-26,0.8976666666666666
1996-06-27,0.8373333333333334
1996-06-28,0.777
1996-06-29,0.786
1996-06-30,0.7860303030303031
1996-07-01,0.7860606060606061
1996-08-01,0.787
1996-08-02,0.772
1996-08-03,0.757
1996-08-04,0.742
1996-08-05,0.6925
1996-08-06,0.643
1996-08-07,0.762
1996-08-08,0.845
1996-08-09,0.9156666666666666
1996-08-10,0.9863333333333332
1996-08-11,1.057
1996-08-12,1.0545
1996-08-13,1.052
1996-08-14,0.96925
1996-08-15,0.8865000000000001
1996-08-17,0.721
1996-08-18,0.762
1996-08-19,0.803
1996-08-20,0.812
1996-08-21,0.821
1996-08-23,0.839
1996-08-24,0.8654999999999999
1996-08-25,0.892
1996-08-26,0.8025
1996-08-27,0.713
1996-08-28,0.688
1996-08-29,0.663
1996-08-30,0.7110000000000001
1996-08-31,0.759
1996-09-01,0.807
1996-09-02,0.8106
1996-09-03,0.8142
1996-09-06,0.825
1996-09-07,0.757
1996-09-08,0.86
1996-09-09,0.583
1996-09-10,0.628
1996-09-11,0.628
1996-09-12,0.6253333333333333
1996-09-13,0.6226666666666667
1996-09-14,0.62
1996-09-15,0.6275
1996-09-16,0.635
1996-09-17,0.6286
1996-09-18,0.6222
1996-09-21,0.603
1996-09-22,0.61775
1996-09-23,0.6325000000000001
1996-09-25,0.662
1996-09-26,0.7076666666666667
1996-09-27,0.7533333333333334
1996-09-28,0.799
1996-09-29,0.7843333333333333
1996-09-30,0.7696666666666667
1996-10-01,0.755
1996-10-02,0.713
1996-10-03,0.671
1996-10-04,0.629
1996-10-05,0.6305000000000001
1996-10-06,0.632
1996-10-07,0.59
1996-10-08,0.548
1996-10-09,0.506
1996-10-10,0.4995
1996-10-11,0.493
1996-10-12,0.4885
1996-10-13,0.484
1996-10-14,0.4955
1996-10-15,0.507
1996-10-16,0.55
1996-10-17,0.593
1996-10-18,0.636
1996-10-19,0.6285000000000001
1996-10-20,0.621
1996-10-21,0.6425000000000001
1996-10-22,0.664
1996-10-23,0.6773333333333333
1996-10-24,0.6906666666666667
1996-10-25,0.704
1996-10-26,0.7064999999999999
1996-10-27,0.709
1996-10-28,0.6839999999999999
1996-10-29,0.659
1996-10-30,0.6726666666666666
1996-10-31,0.6863333333333334
1996-11-01,0.7
1996-11-02,0.7905
1996-11-03,0.881
1996-11-04,0.8586666666666667
1996-11-05,0.8363333333333333
1996-11-06,0.814
1996-11-07,0.705
1996-11-08,0.8385
1996-11-09,0.972
1996-11-10,0.9415
1996-11-11,0.911
1996-11-12,0.802
1996-11-13,0.76775
1996-11-14,0.7335
1996-11-16,0.665
1996-11-17,0.6950000000000001
1996-11-18,0.7250000000000001
1996-11-20,0.785
1996-11-21,0.7575000000000001
1996-11-22,0.73
1996-11-24,0.675
1996-11-25,0.8101489361702128
1996-11-26,0.9452978723404256
1997-01-10,7.027
1997-01-11,6.964909090909091
1997-01-12,6.902818181818182
1997-01-21,6.344
1997-01-22,5.731
1997-01-23,4.099
1997-01-24,3.724
1997-01-25,2.872
1997-01-26,2.02
1997-01-27,7.982
1997-01-28,7.606375
1997-01-29,7.23075
1997-02-04,4.977
1997-02-05,4.808
1997-02-06,5.112
1997-02-07,4.361
1997-02-08,4.356427495291902
1997-02-09,4.351854990583804
1998-07-23,1.933
1998-07-24,1.884
1998-07-25,1.6835
1998-07-26,1.483
1998-07-27,1.763
1998-07-28,1.6925
1998-07-29,1.622
1998-07-30,1.5826666666666669
1998-07-31,1.5433333333333334
1998-08-01,1.504
1998-08-02,1.617
1998-08-03,1.73
1998-08-04,1.692
1998-08-05,1.654
1998-08-06,1.6905
1998-08-07,1.727
1998-08-08,1.592
1998-08-09,1.5916666666666668
1998-08-10,1.5913333333333333
1998-08-11,1.591
1998-08-12,1.6155
1998-08-13,1.64
1998-08-15,1.689
1998-08-16,1.7825
1998-08-17,1.876
1998-08-18,1.817
1998-08-19,1.758
1998-08-20,1.714
1998-08-21,1.67
1998-08-22,1.646
1998-08-23,1.62
1998-08-24,1.594
1998-08-25,1.588
1998-08-26,1.548
1998-08-27,1.378
1998-08-28,1.3205
1998-08-29,1.263
1998-08-30,1.4083333333333332
1998-08-31,1.5536666666666668
1998-09-01,1.699
1998-09-02,1.633
1998-09-03,1.217
1998-09-04,1.3593333333333333
1998-09-05,1.5016666666666667
1998-09-06,1.644
1998-09-07,1.4275
1998-09-08,1.211
1998-09-09,1.417
1998-09-10,1.623
1998-09-11,1.415
1998-09-12,1.207
1998-09-13,1.229
1998-09-14,1.251
1998-09-15,1.255
1998-09-16,1.396
1998-09-17,1.537
1998-09-18,1.678
1998-09-19,1.304
1998-09-20,1.3250000000000002
1998-09-21,1.346
1998-09-22,1.2715
1998-09-23,1.197
1998-09-24,1.277
1998-09-25,1.301
1998-09-26,1.325
1998-09-27,1.4185
1998-09-28,1.512
1998-09-29,1.4786666666666666
1998-09-30,1.4453333333333334
1998-10-01,1.412
1998-10-02,1.362
1998-10-03,1.312
1998-10-04,1.3165
1998-10-05,1.321
1998-10-06,1.427
1998-10-07,1.533
1998-10-08,1.639
1998-10-09,1.665
1998-10-10,1.7073333333333334
1998-10-11,1.7496666666666667
1998-10-12,1.792
1998-10-13,1.806
1998-10-14,1.793
1998-10-15,1.953
1998-10-16,1.954
1998-10-17,1.955
1998-10-18,1.9415
1998-10-19,1.928
1998-10-20,1.722
1998-10-21,1.516
1998-10-22,1.69
1998-10-23,1.607
1998-10-24,1.5945
1998-10-25,1.582
1998-10-26,1.522
1998-10-27,1.462
1998-10-28,1.402
1998-10-29,1.3185
1998-10-30,1.235
1998-10-31,1.249
1998-11-01,1.263
1998-12-01,1.683
1998-12-02,1.539
1998-12-03,1.4885
1998-12-04,1.438
1998-12-05,1.332
1998-12-06,1.226
1998-12-07,1.236
1998-12-08,1.2295
1998-12-09,1.223
1998-12-10,1.367
1998-12-11,1.511
1998-12-12,1.512
1998-12-13,1.513
1998-12-14,1.75
1998-12-15,2.072
1998-12-16,3.72
1998-12-17,3.7124
1998-12-18,3.7048
1999-01-15,3.492
1999-01-16,4.4656
1999-01-17,5.4392
1999-01-25,13.228
1999-01-26,13.734444444444444
1999-01-27,14.24088888888889
1999-02-03,17.786
1999-02-04,16.412
1999-02-05,16.318961538461537
1999-02-06,16.225923076923078
1999-06-14,4.317
1999-06-15,4.538
1999-06-16,4.523
1999-06-17,4.4665
1999-06-18,4.41
1999-06-19,4.362
1999-06-20,3.954
1999-06-21,3.546
1999-06-22,3.138
1999-06-23,2.7735
1999-06-24,2.409
1999-06-25,2.4355
1999-06-26,2.462
1999-06-27,2.367
1999-06-28,2.272
1999-06-29,2.327
1999-06-30,2.382
1999-07-01,2.1205
1999-07-02,1.859
1999-07-03,2.035
1999-07-04,2.211
1999-07-05,2.387
1999-07-06,2.2715
1999-07-07,2.156
1999-07-08,2.148
1999-07-09,2.14
1999-07-10,2.106
1999-07-11,2.072
1999-07-12,2.038
1999-07-13,1.97
1999-07-14,1.902
1999-07-15,1.717
1999-07-16,1.833
1999-07-17,1.8416666666666663
1999-07-18,1.8503333333333332
1999-07-19,1.859
1999-07-20,1.834
1999-07-21,1.809
1999-07-22,1.627
1999-07-23,1.445
1999-07-24,1.4965000000000002
1999-07-25,1.548
1999-07-26,1.508
1999-07-27,1.468
1999-07-28,1.488
1999-07-29,1.508
1999-07-30,1.788
1999-07-31,1.7675
1999-08-01,1.747
1999-08-02,1.824
1999-08-03,1.901
1999-08-04,1.6495
1999-08-05,1.398
1999-08-06,1.85
1999-08-07,1.822
1999-08-08,1.7585000000000002
1999-08-09,1.695
1999-08-10,1.7315
1999-08-11,1.768
1999-08-13,1.841
1999-08-14,1.7454999999999998
1999-08-15,1.65
1999-08-16,1.6524
1999-08-17,1.6547999999999998
1999-08-20,1.662
1999-08-21,1.598
1999-08-22,1.534
1999-08-23,1.807
1999-08-24,1.606
1999-08-25,1.405
1999-08-26,1.3335
1999-08-27,1.262
1999-08-28,1.318
1999-08-29,1.374
1999-08-30,1.3565
1999-08-31,1.339
1999-09-01,1.247
1999-09-02,1.359
1999-09-03,1.471
1999-09-04,1.53
1999-09-05,1.589
1999-09-06,1.648
1999-09-07,1.548
1999-09-08,1.5845
1999-09-09,1.621
1999-09-10,1.665
1999-09-11,1.5025
1999-09-12,1.34
1999-09-13,1.3395
1999-09-14,1.339
1999-09-15,1.381
1999-09-16,1.423
1999-09-17,1.38
1999-09-18,1.337
1999-09-19,1.4
1999-09-20,1.463
1999-09-21,1.526
1999-09-22,1.535
1999-09-23,1.544
1999-09-24,1.381
1999-09-25,1.218
1999-09-26,1.2186666666666666
1999-09-27,1.2193333333333334
1999-09-28,1.22
1999-09-29,1.18
1999-09-30,1.3535
1999-10-01,1.527
1999-10-02,2.372
1999-10-03,1.924
1999-10-04,2.185
1999-10-05,2.446
1999-10-06,2.707
1999-10-07,2.999
1999-10-08,3.302
1999-10-09,2.801
1999-10-10,2.583666666666667
1999-10-11,2.3663333333333334
1999-10-12,2.149
1999-10-13,2.2145
1999-10-14,2.28
1999-10-15,2.3738
1999-10-16,2.4676
1999-10-19,2.749
1999-10-20,2.8885
1999-10-21,3.028
1999-10-22,2.8915
1999-10-23,2.755
1999-10-24,3.043287037037037
1999-10-25,3.331574074074074
2000-02-08,33.89
2000-02-09,30.784
2000-02-10,27.99
2000-02-11,27.0175
2000-02-12,26.045
2000-02-13,22.577
2000-02-14,21.088
2000-02-15,27.026
2000-02-16,27.488387096774197
2000-02-17,27.950774193548387
2000-03-17,41.36
2000-03-18,40.328
2000-03-19,40.6765
2000-03-20,41.025
2000-03-21,42.589
2000-03-22,42.264875
2000-03-23,41.94075
2000-03-29,39.996
2000-03-30,40.19383333333334
2000-03-31,40.391666666666666
2000-04-10,42.37
2000-04-11,38.486666666666665
2000-04-12,34.60333333333333
2000-04-13,30.72
2000-04-14,33.11
2000-04-15,33.631
2000-04-16,32.392
2000-04-17,31.153
2000-04-18,31.324
2000-04-19,29.946
2000-04-20,27.061
2000-04-21,24.176
2000-04-22,23.571
2000-04-23,22.966
2000-04-25,21.756
2000-04-26,20.83
2000-04-27,22.621
2000-04-28,24.412
2000-04-29,21.4995
2000-04-30,18.587
2000-05-01,18.1035
2000-05-02,17.62
2000-05-03,16.476
2000-05-04,16.630333333333333
2000-05-05,16.784666666666666
2000-05-06,16.939
2000-05-07,20.121
2000-05-08,23.303
2000-05-09,26.485
2000-05-10,25.372
2000-05-11,23.19333333333333
2000-05-12,21.014666666666667
2000-05-13,18.836
2000-05-14,17.6586
2000-05-15,16.481199999999998
2000-05-18,12.949
2000-05-19,13.653
2000-05-20,12.871666666666666
2000-05-21,12.090333333333334
2000-05-22,11.309
2000-05-23,10.864
2000-05-24,10.529
2000-05-25,9.567
2000-05-26,9.3265
2000-05-27,9.086
2000-05-28,9.3665
2000-05-29,9.647
2000-05-30,6.967
2000-05-31,6.333
2000-06-01,5.884
2000-06-02,5.8415
2000-06-03,5.799
2000-06-04,5.346500000000001
2000-06-05,4.894
2000-06-06,5.064500000000001
2000-06-07,5.235
2000-06-08,4.5795
2000-06-09,3.924
2000-06-10,3.9186666666666663
2000-06-11,3.913333333333333
2000-06-12,3.908
2000-06-13,3.9376666666666655
2000-06-14,3.967333333333333
2000-06-15,3.997
2000-06-16,4.1592
2000-06-17,4.3214
2000-06-20,4.808
2000-06-21,4.3095
2000-06-22,3.811
2000-06-23,3.800333333333333
2000-06-24,3.7896666666666663
2000-06-25,3.779
2000-06-26,3.773
2000-06-27,3.767
2000-06-28,3.602
2000-06-29,3.146
2000-06-30,3.188
2000-07-01,3.629
2000-07-02,3.74
2000-07-03,3.851
2000-07-04,3.888
2000-07-05,3.925
2000-07-06,3.962
2000-07-07,3.7845
2000-07-08,3.607
2000-07-09,3.60225
2000-07-10,3.5975
2000-07-12,3.588
2000-07-13,3.466333333333333
2000-07-14,3.3446666666666665
2000-07-15,3.223
2000-07-16,3.1805
2000-07-17,3.138
2000-07-18,3.2006666666666668
2000-07-19,3.263333333333333
2000-07-20,3.326
2000-07-21,3.016
2000-07-22,2.706
2000-07-23,2.967
2000-07-24,3.228
2000-07-25,2.9015000000000004
2000-07-26,2.575
2000-07-27,2.599
2000-07-28,2.623
2000-07-30,2.671
2000-07-31,2.6105
2000-08-01,2.55
2000-08-02,2.389
2000-08-03,2.228
2000-08-04,2.0905
2000-08-05,1.953
2000-08-06,2.111
2000-08-07,2.269
2000-08-08,2.224
2000-08-09,2.1578
2000-08-10,2.0916
2000-08-13,1.893
2000-08-14,2.015
2000-08-15,2.137
2000-08-16,2.582
2000-08-17,2.227
2000-08-18,1.872
2000-08-19,1.637
2000-08-20,1.7386666666666666
2000-08-21,1.8403333333333332
2000-08-22,1.942
2000-08-23,1.9123333333333328
2000-08-24,1.8826666666666667
2000-08-25,1.853
2000-08-26,1.64
2000-08-27,1.427
2000-08-28,1.545
2000-08-29,1.663
2000-08-30,1.4995
2000-08-31,1.336
2000-09-01,1.768
2000-09-02,2.1625
2000-09-03,2.557
2000-09-04,2.3455
2000-09-05,2.134
2000-09-06,2.275
2000-09-07,2.121
2000-09-08,1.967
2000-09-09,1.913
2000-09-10,1.859
2000-09-11,1.785
2000-09-12,1.961
2000-09-13,1.936
2000-09-14,1.7265
2000-09-15,1.517
2000-09-16,1.441
2000-09-17,1.6625
2000-09-18,1.884
2000-09-19,1.876
2000-09-20,1.8531666666666664
2000-09-21,1.8303333333333331
2000-09-25,1.739
2000-09-26,1.726
2000-09-27,1.713
2000-09-28,1.791
2000-09-29,1.869
2000-09-30,1.8795454545454544
2000-10-01,1.890090909090909
2000-11-01,2.217
2000-11-02,2.214
2000-11-03,2.211
2000-11-04,2.178
2000-11-05,2.145
2000-11-06,1.9186666666666667
2000-11-07,1.6923333333333332
2000-11-08,1.466
2000-11-09,1.6813333333333331
2000-11-10,1.8966666666666667
2000-11-11,2.112
2000-11-12,2.103
2000-11-13,1.999
2000-11-14,1.895
2000-11-15,1.8976666666666664
2000-11-16,1.9003333333333332
2000-11-17,1.903
2000-11-18,2.001
2000-11-19,2.099
2000-11-20,2.197
2000-11-21,2.35
2000-11-22,2.1833333333333336
2000-11-23,2.0166666666666666
2000-11-24,1.85
2000-11-25,1.9703333333333333
2000-11-26,2.0906666666666665
2000-11-27,2.211
2000-11-28,2.685
2000-11-29,3.566
2000-11-30,3.452
2000-12-01,21.324
2000-12-02,19.028
2000-12-03,16.315
2000-12-04,14.75
2000-12-05,13.185
2000-12-06,11.62
2000-12-07,6.256
2000-12-08,10.02375
2000-12-09,13.7915
2000-12-11,21.327
2000-12-12,19.578
2000-12-13,14.304
2000-12-14,12.191
2000-12-15,5.722
2000-12-16,4.778
2000-12-17,8.444666666666667
2000-12-18,12.111333333333333
2000-12-19,15.778
2000-12-20,17.8
2000-12-21,20.192166666666665
2000-12-22,22.584333333333333
2000-12-26,32.153
2000-12-27,22.55
2000-12-28,31.971
2000-12-29,32.97707142857143
2000-12-30,33.98314285714286
2001-01-11,46.056
2001-01-12,41.243
2001-01-13,39.561
2001-01-14,39.85834482758621
2001-01-15,40.15568965517242
2001-02-11,48.184
2001-02-12,38.031
2001-02-13,37.689
2001-02-14,44.92
2001-02-15,44.249
2001-02-16,43.578
2001-02-18,42.236
2001-02-19,43.361
2001-02-20,37.246
2001-02-21,31.872
2001-02-22,31.613
2001-02-23,27.907
2001-02-24,39.145
2001-02-25,40.691500000000005
2001-02-26,42.238
2001-02-28,45.331
2001-03-01,45.30157777777778
2001-03-02,45.27215555555556
2001-04-14,44.007
2001-04-15,39.3095
2001-04-16,34.612
2001-04-17,31.4865
2001-04-18,28.361
2001-04-19,27.318
2001-04-20,31.056
2001-04-21,32.906
2001-04-22,23.652
2001-04-23,26.43
2001-04-24,20.788
2001-04-25,20.4715
2001-04-26,20.155
2001-04-27,18.461
2001-04-28,18.105685714285716
2001-04-29,17.750371428571427
2001-06-01,6.025
2001-06-02,5.444000000000001
2001-06-03,4.863
2001-06-04,4.926
2001-06-05,4.7955000000000005
2001-06-06,4.665
2001-06-07,4.792
2001-06-08,4.919
2001-06-09,4.7316666666666665
2001-06-10,4.544333333333333
2001-06-11,4.357
2001-06-12,3.841
2001-06-13,3.402
2001-06-14,2.898
2001-06-15,2.394
2001-06-16,2.401666666666667
2001-06-17,2.409333333333333
2001-06-18,2.417
2001-06-19,2.4335
2001-06-20,2.45
2001-06-21,2.4855
2001-06-22,2.521
2001-06-23,2.687333333333333
2001-06-24,2.853666666666667
2001-06-25,3.02
2001-06-26,2.742
2001-06-27,2.464
2001-06-28,2.344
2001-06-29,2.373
2001-06-30,2.402
2001-07-01,2.431
2001-07-02,2.822
2001-07-03,2.4
2001-07-04,2.439
2001-07-05,2.426
2001-07-06,2.242
2001-07-07,2.167
2001-07-08,2.13925
2001-07-09,2.1115
2001-07-11,2.056
2001-07-12,1.906
2001-07-13,1.956
2001-07-14,1.9446666666666663
2001-07-15,1.9333333333333331
2001-07-16,1.922
2001-07-17,1.8065
2001-07-18,1.691
2001-07-19,1.6915
2001-07-20,1.692
2001-07-21,1.6425
2001-07-22,1.593
2001-07-23,2.1915
2001-07-24,2.79
2001-07-25,2.699
2001-07-26,2.232333333333333
2001-07-27,1.7656666666666667
2001-07-28,1.299
2001-07-29,1.4996
2001-07-30,1.7002
2001-08-02,2.302
2001-08-03,2.113
2001-08-04,2.193
2001-08-05,2.161666666666666
2001-08-06,2.1303333333333336
2001-08-07,2.099
2001-08-08,2.0543333333333336
2001-08-09,2.009666666666667
2001-08-10,1.965
2001-08-11,1.954
2001-08-12,1.943
2001-08-13,1.9516666666666669
2001-08-14,1.9603333333333333
2001-08-15,1.969
2001-08-16,1.955
2001-08-17,1.824
2001-08-18,1.9823333333333333
2001-08-19,2.1406666666666667
2001-08-20,2.299
2001-08-21,2.2475
2001-08-22,2.196
2001-08-23,2.1035000000000004
2001-08-24,2.011
2001-08-25,1.8936666666666668
2001-08-26,1.776333333333333
2001-08-27,1.659
2001-08-28,1.794
2001-08-29,1.929
2001-08-30,1.538
2001-08-31,1.504
2001-09-01,1.827
2001-09-02,1.887
2001-09-03,1.8365
2001-09-04,1.786
2001-09-05,1.9263333333333328
2001-09-06,2.0666666666666664
2001-09-07,2.207
2001-09-08,1.574
2001-09-09,1.6095000000000002
2001-09-10,1.645
2001-09-11,1.6095000000000002
2001-09-12,1.574
2001-09-13,1.856
2001-09-14,1.819
2001-09-15,1.8782
2001-09-16,1.9374
2001-09-19,2.115
2001-09-20,2.174
2001-09-21,2.2575000000000003
2001-09-22,2.341
2001-09-23,2.031
2001-09-24,1.9995
2001-09-25,1.968
2001-09-26,1.98875
2001-09-27,2.0095
2001-09-29,2.051
2001-09-30,2.03
2001-10-01,2.009
2001-10-02,2.082
2001-10-03,2.0395
2001-10-04,1.997
2001-10-06,1.912
2001-10-07,2.1095
2001-10-08,2.307
2001-10-09,2.236333333333333
2001-10-10,2.165666666666666
2001-10-11,2.095
2001-10-12,2.206
2001-10-13,2.107666666666667
2001-10-14,2.009333333333333
2001-10-15,1.911
2001-10-16,1.813
2001-10-17,1.715
2001-10-18,1.5976666666666668
2001-10-19,1.4803333333333333
2001-10-20,1.363
2001-10-21,1.535
2001-10-22,1.707
2001-10-23,1.9575
2001-10-24,2.208
2001-10-25,2.489
2001-10-26,2.291
2001-10-27,2.093
2001-10-28,2.036
2001-10-29,1.979
2001-10-30,1.711
2001-10-31,2.151
2001-11-01,2.591
2001-11-02,3.031
2001-11-03,3.3313333333333333
2001-11-04,3.631666666666667
2001-11-05,3.932
2001-11-06,3.0095
2001-11-07,2.087
2001-11-08,1.8705
2001-11-09,1.654
2001-11-10,1.631
2001-11-11,1.608
2001-11-12,1.591
2001-11-13,1.611
2001-11-14,1.543
2001-11-15,2.1775
2001-11-16,2.8120000000000003
2001-11-18,4.081
2001-11-19,3.784666666666667
2001-11-20,3.4883333333333337
2001-11-21,3.192
2001-11-22,2.564
2001-11-23,26.469
2001-11-24,38.932
2001-11-25,40.682
2001-11-26,42.432
2001-11-27,33.839
2001-11-28,43.325
2001-11-29,38.51975
2001-11-30,33.7145
2001-12-02,24.104
2001-12-03,18.95
2001-12-04,13.773
2001-12-05,12.9305
2001-12-06,12.088
2001-12-07,11.545
2001-12-08,10.872
2001-12-09,13.267
2001-12-10,15.021
2001-12-11,10.326
2001-12-12,9.942
2001-12-13,8.127
2001-12-14,5.599
2001-12-15,5.1395
2001-12-16,4.68
2001-12-17,3.929
2001-12-18,3.202
2001-12-19,3.588
2001-12-20,3.392
2001-12-21,3.196
2001-12-26,2.216
2001-12-27,2.2030000000000003
2001-12-28,2.19
2001-12-29,2.1681666666666666
2001-12-30,2.146333333333333
2002-01-03,2.059
2002-01-04,1.8265
2002-01-05,1.594
2002-01-06,1.443
2002-01-07,1.4025
2002-01-08,1.362
2002-01-09,1.2635
2002-01-10,1.165
2002-01-11,1.3250000000000002
2002-01-12,1.485
2002-01-13,2.328
2002-01-14,7.361
2002-01-15,4.579
2002-01-16,7.301
2002-01-17,7.433
2002-01-18,5.263
2002-01-19,4.242
2002-01-20,2.961
2002-01-21,3.061
2002-01-22,22.219
2002-01-23,36.862
2002-01-24,33.123000000000005
2002-01-25,29.384
2002-01-26,25.645
2002-01-27,32.999
2002-01-28,34.17725
2002-01-29,35.355500000000006
2002-01-31,37.712
2002-02-01,25.161
2002-02-02,29.6774
2002-02-03,34.1938
2002-02-06,47.743
2002-02-07,71.187
2002-02-08,55.769
2002-02-09,46.013
2002-02-10,36.044
2002-02-11,26.075
2002-02-12,22.788
2002-02-13,22.986
2002-02-14,21.159
2002-02-15,19.332
2002-02-16,17.279
2002-02-17,24.6125
2002-02-18,31.946
2002-02-19,48.968
2002-02-20,57.844
2002-02-21,66.72
2002-02-22,71.182
2002-02-23,59.4725
2002-02-24,47.763
2002-02-25,47.74766666666667
2002-02-26,47.73233333333333
2002-02-27,47.717
2002-02-28,52.312
2002-03-01,32.418
2002-03-02,36.353
2002-03-03,35.4795
2002-03-04,34.606
2002-03-06,32.859
2002-03-07,29.689
2002-03-08,30.392
2002-03-09,33.539
2002-03-10,36.895
2002-03-11,40.251
2002-03-12,30.828
2002-03-13,51.1565
2002-03-14,71.485
2002-03-15,71.70750000000001
2002-03-16,71.93
2002-03-17,52.824
2002-03-18,55.468
2002-03-19,58.112
2002-03-20,48.958
2002-03-21,51.501
2002-03-22,54.044
2002-03-23,56.587
2002-03-24,53.178
2002-03-25,49.769
2002-03-26,51.1325
2002-03-27,52.496
2002-04-04,63.404
2002-04-05,47.541
2002-04-06,43.511
2002-04-07,49.04366666666667
2002-04-08,54.57633333333334
2002-04-09,60.109
2002-04-10,71.309
2002-04-11,65.152
2002-04-12,58.995
2002-04-13,52.838
2002-04-14,53.05233333333334
2002-04-15,53.266666666666666
2002-04-16,53.481
2002-04-17,39.168
2002-04-18,31.767
2002-04-19,31.915
2002-04-20,37.057
2002-04-21,45.6985
2002-04-22,54.34
2002-04-23,39.234
2002-04-24,34.497
2002-04-25,29.76
2002-04-26,26.114
2002-04-27,23.651
2002-04-28,21.188
2002-04-29,18.725
2002-04-30,17.6025
2002-05-01,16.48
2002-05-02,16.2
2002-05-03,15.313333333333333
2002-05-04,14.426666666666666
2002-05-14,5.56
2002-05-15,5.225
2002-05-16,4.7885
2002-05-17,4.352
2002-05-18,6.018
2002-05-19,5.467
2002-05-20,4.176
2002-05-21,4.383
2002-05-22,4.42
2002-05-23,4.457
2002-05-24,4.525
2002-05-25,4.062666666666667
2002-05-26,3.6003333333333334
2002-05-27,3.138
2002-05-28,3.1105
2002-05-29,3.083
2002-05-30,2.544
2002-05-31,2.561
2002-06-01,2.723
2002-06-02,2.6775
2002-06-03,2.632
2002-06-11,2.268
2002-06-12,2.363
2002-06-13,2.38
2002-06-14,2.397
2002-06-15,2.354
2002-06-16,2.311
2002-06-17,2.23
2002-06-18,2.2925
2002-06-19,2.355
2002-06-20,2.0935
2002-06-21,1.832
2002-06-22,1.83
2002-06-23,1.828
2002-06-24,1.7885
2002-06-25,1.749
2002-06-26,1.693
2002-06-27,1.637
2002-06-28,1.581
2002-06-29,1.769
2002-06-30,1.7635
2002-07-01,1.758
2002-07-02,1.6995
2002-07-03,1.641
2002-07-04,1.55
2002-07-05,1.5495
2002-07-06,1.549
2002-07-07,1.59
2002-07-08,1.631
2002-07-09,1.78
2002-07-10,1.7555
2002-07-11,1.731
2002-07-12,1.676
2002-07-13,1.624
2002-07-14,1.572
2002-07-15,1.487
2002-07-16,1.557
2002-07-17,1.627
2002-07-18,1.178
2002-07-19,1.2022142857142857
2002-07-20,1.2264285714285714
2002-08-01,1.517
2002-08-02,1.294
2002-08-03,1.239
2002-08-04,1.184
2002-08-05,1.1103333333333332
2002-08-06,1.0366666666666666
2002-08-07,0.963
2002-08-08,1.0555
2002-08-09,1.148
2002-08-10,1.1523333333333332
2002-08-11,1.1566666666666667
2002-08-12,1.161
2002-08-13,1.023
2002-08-14,0.996
2002-08-15,0.969
2002-08-16,0.8365
2002-08-17,0.704
2002-08-18,0.6845
2002-08-19,0.665
2002-08-20,0.864
2002-08-21,0.8243333333333334
2002-08-22,0.7846666666666666
2002-08-23,0.745
2002-08-24,0.7206666666666667
2002-08-25,0.6963333333333334
2002-08-26,0.672
2002-08-27,0.6616666666666667
2002-08-28,0.6513333333333333
2002-08-29,0.641
2002-08-30,0.6376666666666667
2002-08-31,0.6343333333333333
2002-09-01,0.631
2002-09-02,0.986
2002-09-03,1.0325
2002-09-04,1.079
2002-09-05,1.0875
2002-09-06,1.096
2002-09-07,0.928
2002-09-08,0.7713333333333334
2002-09-09,0.6146666666666667
2002-09-10,0.458
2002-09-11,0.521
2002-09-12,0.584
2002-09-13,0.561
2002-09-14,0.6893333333333334
2002-09-15,0.8176666666666667
2002-09-16,0.946
2002-09-17,0.812
2002-09-18,0.906
2002-09-19,0.8512500000000001
2002-09-20,0.7965
2002-09-22,0.687
2002-09-23,0.638
2002-09-24,0.589
2002-09-26,0.491
2002-09-27,0.455
2002-09-28,0.4855
2002-09-29,0.516
2002-09-30,0.7113333333333334
2002-10-01,0.9066666666666668
2002-10-02,1.102
2002-10-03,1.0615
2002-10-04,1.021
2002-10-05,1.461
2002-10-06,1.426
2002-10-07,2.058
2002-10-08,2.69
2002-10-11,4.586
2002-10-12,4.019
2002-10-13,3.452
2002-10-14,3.1685
2002-10-15,2.885
2002-10-16,1.651
2002-10-17,1.169
2002-10-18,1.099
2002-10-19,1.029
2002-10-20,0.959
2002-10-21,1.137
2002-10-22,1.121
2002-10-23,1.105
2002-10-24,1.3632
2002-10-25,1.6214
2002-10-28,2.396
2002-10-29,2.264
2002-10-30,2.132
2002-10-31,1.739
2002-11-01,2.9720000000000004
2002-11-02,4.205
2002-11-03,3.995
2002-11-04,3.785
2002-11-05,3.358
2002-11-06,3.1498
2002-11-07,2.9416
2002-11-10,2.317
2002-11-11,2.5810000000000004
2002-11-12,2.845
2002-11-13,2.8230000000000004
2002-11-14,2.801
2002-11-15,2.7865
2002-11-16,2.772
2002-11-17,25.919
2002-11-18,27.42
2002-11-19,25.028
2002-11-20,25.247
2002-11-21,25.466
2002-11-22,29.256
2002-11-23,27.22725
2002-11-24,25.1985
2002-11-26,21.141
2002-11-27,25.026
2002-11-28,22.8725
2002-11-29,20.719
2002-11-30,16.728
2002-12-01,13.805
2002-12-02,16.931
2002-12-03,15.978000000000002
2002-12-04,15.025
2002-12-06,13.119
2002-12-07,11.644
2002-12-08,10.846
2002-12-09,9.86
2002-12-10,7.490666666666666
2002-12-11,5.121333333333333
2002-12-12,2.752
2002-12-13,2.6425
2002-12-14,2.533
2002-12-16,2.314
2002-12-17,2.307
2002-12-18,2.3
2002-12-19,7.991
2002-12-20,6.068
2002-12-21,6.758
2002-12-22,6.899
2002-12-23,11.077
2002-12-24,15.255
2002-12-26,23.611
2002-12-27,29.787
2002-12-28,35.963
2002-12-29,36.4305
2002-12-30,36.898
2003-01-05,39.703
2003-01-06,29.104
2003-01-07,31.209222222222223
2003-01-08,33.31444444444445
2003-01-15,48.051
2003-01-16,38.882
2003-01-17,34.7155
2003-01-18,30.549
2003-01-19,21.866
2003-01-20,20.899
2003-01-21,19.932
2003-01-22,18.0145
2003-01-23,16.097
2003-01-24,24.326
2003-01-25,32.555
2003-01-26,30.365
2003-01-27,34.95466666666667
2003-01-28,39.54433333333333
2003-01-29,44.134
2003-01-30,44.227755555555554
2003-01-31,44.32151111111112
2003-03-15,48.353
2003-03-16,45.783
2003-03-17,45.602
2003-03-18,45.421
2003-03-22,44.697
2003-03-23,45.088
2003-03-24,38.203
2003-03-25,42.04
2003-03-26,47.472
2003-03-27,42.49
2003-03-28,37.508
2003-03-29,36.61957142857143
2003-03-30,35.731142857142856
2003-05-02,6.413
2003-05-03,6.306
2003-05-04,6.199
2003-05-05,5.734
2003-05-06,5.269
2003-05-07,5.050000000000001
2003-05-08,4.831
2003-05-09,4.4665
2003-05-10,4.102
2003-05-11,3.9395
2003-05-12,3.777
2003-05-13,3.943
2003-05-14,3.796
2003-05-15,3.73
2003-05-16,3.274
2003-05-17,3.174
2003-05-18,3.0885
2003-05-19,3.003
2003-05-20,2.8520000000000003
2003-05-21,2.701
2003-05-22,2.548
2003-05-23,2.395
2003-05-24,2.4085
2003-05-25,2.422
2003-05-26,2.353
2003-05-27,2.284
2003-05-29,2.146
2003-05-30,2.1356
2003-05-31,2.1252
2003-06-03,2.094
2003-06-04,2.017333333333333
2003-06-05,1.9406666666666668
2003-06-06,1.864
2003-06-07,1.691
2003-06-08,1.7375
2003-06-09,1.784
2003-06-10,1.723
2003-06-11,1.45
2003-06-12,1.352
2003-06-13,1.121
2003-06-14,0.987
2003-06-15,1.383
2003-06-16,1.779
2003-06-17,1.956
2003-06-18,1.8016666666666667
2003-06-19,1.647333333333333
2003-06-23,1.03
2003-06-24,0.856
2003-06-25,0.7995
2003-06-26,0.743
2003-06-27,0.7255
2003-06-28,0.708
2003-06-29,0.737
2003-06-30,0.676
2003-07-01,0.8680000000000001
2003-07-02,1.06
2003-07-03,0.922
2003-07-04,0.784
2003-07-05,0.889
2003-07-06,0.994
2003-07-07,1.099
2003-07-08,1.0765
2003-07-09,1.0539999999999998
2003-07-11,1.009
2003-07-12,1.127
2003-07-13,1.245
2003-07-14,1.324
2003-07-15,1.029
2003-07-16,0.807
2003-07-17,0.774
2003-07-18,0.7775000000000001
2003-07-19,0.781
2003-07-20,0.786
2003-07-21,0.791
2003-07-22,0.771
2003-07-23,0.761
2003-07-24,0.751
2003-07-25,0.61
2003-07-26,0.958
2003-07-27,1.306
2003-07-28,1.306
2003-07-29,1.306
2003-07-30,1.294
2003-07-31,1.2356666666666667
2003-08-01,1.1773333333333331
2003-08-02,1.119
2003-08-03,0.991
2003-08-04,1.034
2003-08-05,1.077
2003-08-06,1.0705
2003-08-07,1.064
2003-08-08,1.24
2003-08-09,1.3545
2003-08-10,1.469
2003-08-11,1.3375
2003-08-12,1.206
2003-08-13,0.983
2003-08-14,0.992
2003-08-15,1.001
2003-08-16,1.0265
2003-08-17,1.052
2003-08-18,0.967
2003-08-19,0.866
2003-08-20,1.0175
2003-08-21,1.169
2003-08-22,1.247
2003-08-23,1.1776
2003-08-24,1.1082
2003-08-27,0.9
2003-08-28,0.8263333333333334
2003-08-29,0.7526666666666667
2003-08-30,0.679
2003-08-31,0.6775
2003-09-01,0.676
2003-09-02,0.676
2003-09-03,0.676
2003-09-04,0.673
2003-09-05,0.67
2003-09-06,0.6174999999999999
2003-09-07,0.565
2003-09-08,0.612
2003-09-09,0.6525
2003-09-10,0.693
2003-09-11,0.705
2003-09-12,0.717
2003-09-13,0.6739999999999999
2003-09-14,0.631
2003-09-15,0.6425000000000001
2003-09-16,0.654
2003-09-17,0.574
2003-09-18,0.516
2003-09-19,0.516
2003-09-20,0.516
2003-09-21,0.5135000000000001
2003-09-22,0.511
2003-09-23,0.714
2003-09-24,0.719
2003-09-25,0.724
2003-09-26,0.7235
2003-09-27,0.723
2003-09-28,0.601
2003-09-29,0.598
2003-09-30,0.6174999999999999
2003-10-01,0.637
2003-10-02,0.63825
2003-10-03,0.6395
2003-10-05,0.642
2003-10-06,0.6523333333333333
2003-10-07,0.6626666666666667
2003-10-08,0.673
2003-10-09,0.619
2003-10-10,0.6859999999999999
2003-10-11,0.753
2003-10-12,0.696
2003-10-13,0.639
2003-10-14,0.69
2003-10-15,0.741
2003-10-16,0.759
2003-10-17,0.76
2003-10-18,1.837
2003-10-19,2.914
2003-10-20,3.851
2003-10-21,0.662
2003-10-22,0.6585000000000001
2003-10-23,0.655
2003-10-24,0.7185
2003-10-25,0.782
2003-10-26,0.8913333333333334
2003-10-27,1.0006666666666668
2003-10-28,1.11
2003-10-29,1.131
2003-10-30,1.18
2003-10-31,1.3335
2003-11-01,1.487
2003-11-02,1.281
2003-11-03,1.2145714285714284
2003-11-04,1.1481428571428571
2003-11-09,0.816
2003-11-10,0.8805
2003-11-11,0.945
2003-11-12,0.91925
2003-11-13,0.8935
2003-11-15,0.842
2003-11-16,1.277
2003-11-17,1.712
2003-11-18,0.897
2003-11-19,0.804
2003-11-20,0.8265
2003-11-21,0.849
2003-11-22,0.894
2003-11-23,0.91
2003-11-24,0.8845000000000001
2003-11-25,0.859
2003-11-26,0.8706666666666667
2003-11-27,0.8823333333333333
2003-11-28,0.894
2003-11-29,1.117
2003-11-30,1.515
2003-12-01,2.33125
2003-12-02,3.1475
2003-12-04,4.78
2003-12-05,14.7375
2003-12-06,24.695
2003-12-07,25.2395
2003-12-08,25.784
2003-12-10,26.873
2003-12-11,26.138
2003-12-12,25.403
2003-12-13,21.306
2003-12-14,17.209
2003-12-15,13.112
2003-12-16,29.091
2003-12-17,45.07
2003-12-18,44.21157142857143
2003-12-19,43.353142857142856
2003-12-31,33.052
2004-01-01,32.3035
2004-01-02,31.555
2004-01-03,34.825
2004-01-04,33.256750000000004
2004-01-05,31.6885
2004-01-07,28.552
2004-01-08,26.8005
2004-01-09,25.049
2004-01-10,20.7715
2004-01-11,16.494
2004-01-12,15.082
2004-01-13,13.742
2004-01-14,11.139
2004-01-15,11.114
2004-01-16,5.767
2004-01-17,5.899
2004-01-18,5.123
2004-01-19,4.739
2004-01-20,3.9125
2004-01-21,3.086
2004-01-22,2.615
2004-01-23,2.144
2004-01-24,2.168
2004-01-25,2.192
2004-01-26,2.1173333333333333
2004-01-27,2.042666666666667
2004-01-28,1.968
2004-01-29,2.3665000000000003
2004-01-30,2.765
2004-01-31,7.8988
2004-02-01,13.0326
2004-02-04,28.434
2004-02-05,27.384
2004-02-06,28.53
2004-02-07,29.676
2004-02-18,42.282
2004-02-19,42.27285714285714
2004-02-20,42.263714285714286
2004-02-25,42.218
2004-02-26,33.885
2004-02-27,29.783
2004-02-28,26.282
2004-02-29,24.4195
2004-03-01,22.557
2004-03-03,18.832
2004-03-04,19.1195
2004-03-05,19.407
2004-03-06,19.47233333333333
2004-03-07,19.537666666666667
2004-03-08,19.603
2004-03-09,19.701
2004-03-10,24.547
2004-03-11,27.756
2004-03-12,30.965
2004-03-13,32.161
2004-03-14,34.187333333333335
2004-03-15,36.21366666666667
2004-03-16,38.24
2004-03-17,35.622
2004-03-18,31.022
2004-03-19,31.639818181818185
2004-03-20,32.257636363636365
2004-03-29,37.818
2004-03-30,26.122
2004-03-31,25.91314285714286
2004-04-01,25.704285714285717
2004-04-06,24.66
2004-04-07,28.475
2004-04-08,29.38888888888889
2004-04-09,30.30277777777778
2004-04-16,36.7
2004-04-17,30.766
2004-04-18,27.568
2004-04-19,24.37
2004-04-20,24.024
2004-04-21,20.673
2004-04-22,20.504
2004-04-23,20.335
2004-04-24,16.441
2004-04-25,13.376
2004-04-26,12.919
2004-04-27,12.462
2004-04-28,12.005
2004-04-29,8.37
2004-04-30,7.942
2004-05-01,8.008
2004-05-02,7.1775
2004-05-03,6.347
2004-05-04,6.136
2004-05-05,5.925
2004-05-06,5.539
2004-05-07,4.851
2004-05-08,4.753666666666667
2004-05-09,4.656333333333333
2004-05-10,4.559
2004-05-11,3.775
2004-05-12,3.417
2004-05-13,3.462
2004-05-14,3.507
2004-05-15,2.839
2004-05-16,2.726
2004-05-17,2.613
2004-05-18,2.463
2004-05-19,2.313
2004-05-20,2.205
2004-05-21,2.1500000000000004
2004-05-22,2.095
2004-05-23,2.028
2004-05-24,1.961
2004-05-25,1.8895
2004-05-26,1.818
2004-05-27,1.846
2004-05-28,1.874
2004-05-29,1.593
2004-05-30,1.5875
2004-05-31,1.582
2004-06-01,1.648
2004-06-02,1.536
2004-06-03,1.4815
2004-06-04,1.427
2004-06-05,1.3975
2004-06-06,1.368
2004-06-07,1.52
2004-06-08,1.762
2004-06-09,1.79
2004-06-10,1.7825
2004-06-11,1.775
2004-06-12,1.915
2004-06-13,1.931
2004-06-14,1.501
2004-06-15,1.5055
2004-06-16,1.51
2004-06-17,1.543
2004-06-18,1.576
2004-06-19,1.775
2004-06-20,1.974
2004-06-21,1.9395
2004-06-22,1.905
2004-06-23,1.967
2004-06-24,1.83275
2004-06-25,1.6985
2004-06-27,1.43
2004-06-28,1.408
2004-06-29,1.331
2004-06-30,1.3615
2004-07-01,1.392
2004-07-02,1.541
2004-07-03,1.5335
2004-07-04,1.526
2004-07-05,1.5545
2004-07-06,1.583
2004-07-07,1.5154999999999998
2004-07-08,1.448
2004-07-09,1.41
2004-07-10,1.372
2004-07-11,1.408
2004-07-12,1.221
2004-07-13,1.2125
2004-07-14,1.204
2004-07-15,1.176
2004-07-16,1.507
2004-07-17,1.485
2004-07-18,1.463
2004-07-19,1.367
2004-07-20,1.3784999999999998
2004-07-21,1.39
2004-07-22,1.191
2004-07-23,1.1625
2004-07-24,1.134
2004-07-25,1.1215
2004-07-26,1.109
2004-07-27,1.3295
2004-07-28,1.55
2004-07-29,1.5253333333333334
2004-07-30,1.5006666666666666
2004-07-31,1.476
2004-08-01,1.495
2004-08-02,1.37
2004-08-03,1.245
2004-08-04,1.2275
2004-08-05,1.21
2004-08-06,1.24
2004-08-07,1.11
2004-08-08,1.12
2004-08-09,1.13
2004-08-10,1.122
2004-08-11,1.0785
2004-08-12,1.035
2004-08-13,1.013
2004-08-14,0.9955
2004-08-15,0.978
2004-08-16,0.876
2004-08-17,0.9096666666666666
2004-08-18,0.9433333333333334
2004-08-19,0.977
2004-08-20,1.183
2004-08-21,1.404
2004-08-22,1.2855
2004-08-23,1.167
2004-08-24,1.2065
2004-08-25,1.246
2004-08-26,1.1805
2004-08-27,1.115
2004-08-28,1.041
2004-08-29,0.967
2004-08-30,0.9695
2004-08-31,0.972
2004-09-01,0.838
2004-09-02,0.9335
2004-09-03,1.029
2004-09-04,1.027
2004-09-05,1.025
2004-09-06,1.008
2004-09-07,0.991
2004-09-08,0.974
2004-09-09,0.831
2004-09-10,0.841
2004-09-11,0.851
2004-09-12,0.9605
2004-09-13,1.07
2004-09-14,1.06
2004-09-15,1.05
2004-09-16,0.999
2004-09-17,1.029
2004-09-18,1.02225
2004-09-19,1.0154999999999998
2004-09-21,1.002
2004-09-22,0.866
2004-09-23,0.865
2004-09-24,0.846
2004-09-25,0.829
2004-09-26,0.812
2004-09-27,0.795
2004-09-28,1.117
2004-09-29,1.225
2004-09-30,1.178
2004-10-01,1.131
2004-10-02,1.1235
2004-10-03,1.116
2004-10-04,1.0195
2004-10-05,0.923
2004-10-06,0.957
2004-10-07,0.991
2004-10-08,1.162
2004-10-09,1.333
2004-10-10,1.33
2004-10-11,1.327
2004-10-12,1.505
2004-10-13,1.268
2004-10-14,1.209
2004-10-15,1.15
2004-10-16,1.1389999999999998
2004-10-17,1.128
2004-10-18,1.244
2004-10-19,1.2015
2004-10-20,1.159
2004-10-21,1.187
2004-10-22,1.022
2004-10-23,0.857
2004-10-24,0.855
2004-10-25,0.89
2004-10-26,0.993
2004-10-27,1.096
2004-10-28,1.639
2004-10-29,1.57
2004-10-30,1.79
2004-10-31,4.44
2004-11-01,4.655
2004-11-02,7.306714285714285
2004-11-03,9.95842857142857
2004-11-08,23.217
2004-11-09,26.856
2004-11-10,23.814
2004-11-11,18.52
2004-11-12,15.6885
2004-11-13,12.857
2004-11-14,10.73125
2004-11-15,8.6055
2004-11-17,4.354
2004-11-18,3.622
2004-11-19,3.14
2004-11-20,2.864
2004-11-21,2.469
2004-11-22,2.104
2004-11-23,1.959
2004-11-24,1.814
2004-11-25,1.454
2004-11-26,1.521
2004-11-27,1.511
2004-11-28,1.5335
2004-11-29,1.556
2004-11-30,1.527
2004-12-01,1.45
2004-12-02,1.373
2004-12-03,1.296
2004-12-04,1.634
2004-12-05,1.972
2004-12-06,2.116
2004-12-07,2.75
2004-12-08,17.891
2004-12-09,27.806
2004-12-10,37.721
2004-12-11,47.636
2004-12-12,48.152
2004-12-13,48.668
2004-12-14,36.461
2004-12-15,38.0625
2004-12-16,39.664
2004-12-24,52.476
2004-12-25,43.915
2004-12-26,35.354
2004-12-27,32.5895
2004-12-28,29.825
2004-12-29,25.997
2004-12-30,25.831
2004-12-31,25.665
2005-01-01,30.822
2005-01-02,35.979
2005-01-03,41.136
2005-01-04,42.133
2005-01-05,43.13
2005-01-08,46.121
2005-01-09,44.801
2005-01-10,43.481
2005-01-11,41.353625
2005-01-12,39.22625
2005-01-18,26.462
2005-01-19,23.7475
2005-01-20,21.033
2005-01-21,19.453
2005-01-22,17.873
2005-01-24,14.713
2005-01-25,12.631
2005-01-26,12.703
2005-01-27,12.775
2005-01-28,12.7135
2005-01-29,12.652
2005-01-30,12.59
2005-01-31,12.528
2005-02-01,34.56
2005-02-02,34.0405
2005-02-03,33.521
2005-02-04,34.21
2005-02-05,34.899
2005-02-06,28.496333333333336
2005-02-07,22.09366666666667
2005-02-08,15.691
2005-02-09,23.5995
2005-02-10,31.508
2005-02-11,36.201
2005-02-12,35.2315
2005-02-13,34.262
2005-02-14,44.058
2005-02-15,53.854
2005-02-16,46.864
2005-02-17,35.919
2005-02-18,35.544
2005-02-19,38.16
2005-02-20,40.776
2005-02-22,46.008
2005-02-23,41.271
2005-02-24,41.813
2005-02-25,37.767
2005-02-26,33.721
2005-02-27,30.588
2005-02-28,30.678
2005-03-01,30.768
2005-03-02,31.20046153846154
2005-03-03,31.63292307692308
2005-04-09,47.634
2005-04-10,38.816
2005-04-11,34.157
2005-04-12,32.4555
2005-04-13,30.754
2005-04-14,31.72
2005-04-15,42.173
2005-04-16,38.061
2005-04-17,33.059
2005-04-18,30.4365
2005-04-19,27.814
2005-04-20,27.67
2005-04-21,27.754
2005-04-22,26.1635
2005-04-23,24.573
2005-04-24,22.063
2005-04-25,20.0785
2005-04-26,18.094
2005-04-27,16.5055
2005-04-28,14.917
2005-04-29,10.7245
2005-04-30,6.532
2005-05-01,5.886
2005-05-02,5.9055
2005-05-03,5.925
2005-05-04,4.804
2005-05-05,4.7316666666666665
2005-05-06,4.6593333333333335
2005-05-07,4.587
2005-05-08,4.16
2005-05-09,3.8615
2005-05-10,3.563
2005-05-11,3.282
2005-05-12,2.971
2005-05-13,2.634
2005-05-14,2.605
2005-05-15,2.6525
2005-05-16,2.7
2005-05-17,2.312
2005-05-18,2.196
2005-05-19,2.08
2005-05-20,2.022
2005-05-21,1.964
2005-05-22,1.937
2005-05-23,1.91
2005-05-24,1.797
2005-05-25,1.6495
2005-05-26,1.502
2005-05-27,1.5315
2005-05-28,1.561
2005-05-29,1.248
2005-05-30,1.334
2005-05-31,1.42
2005-06-01,1.506
2005-06-02,1.463
2005-06-03,1.42
2005-06-04,1.377
2005-06-05,1.3965
2005-06-06,1.416
2005-06-07,1.377
2005-06-08,1.3635000000000002
2005-06-09,1.35
2005-06-10,1.35
2005-06-11,1.35
2005-06-12,1.087
2005-06-13,1.059
2005-06-14,0.993
2005-06-15,0.938
2005-06-16,1.0705
2005-06-17,1.203
2005-06-18,1.2045
2005-06-19,1.206
2005-06-20,1.224
2005-06-21,1.242
2005-06-22,1.2685
2005-06-23,1.295
2005-06-24,1.05
2005-06-25,1.0675
2005-06-26,1.085
2005-06-27,0.884
2005-06-28,0.9495
2005-06-29,1.015
2005-06-30,1.2374999999999998
2005-07-01,1.46
2005-07-02,1.4249999999999998
2005-07-03,1.39
2005-07-04,1.3935
2005-07-05,1.397
2005-07-06,0.838
2005-07-07,1.412
2005-07-08,1.4085
2005-07-09,1.405
2005-07-10,1.439
2005-07-11,1.4355
2005-07-12,1.432
2005-07-13,1.336
2005-07-14,1.24
2005-07-15,1.0555
2005-07-16,0.871
2005-07-17,0.8714999999999999
2005-07-18,0.872
2005-07-19,0.7969999999999999
2005-07-20,0.722
2005-07-21,0.763
2005-07-22,0.804
2005-07-23,0.812
2005-07-24,1.276
2005-07-25,1.269
2005-07-26,1.262
2005-07-27,1.3315
2005-07-28,1.401
2005-07-29,1.133
2005-07-30,0.865
2005-07-31,0.754
2005-08-01,0.874
2005-08-02,0.8625
2005-08-03,0.851
2005-08-04,0.75
2005-08-05,0.924
2005-08-06,0.963
2005-08-07,1.002
2005-08-08,0.928
2005-08-09,0.854
2005-08-10,0.977
2005-08-11,0.864
2005-08-12,0.827
2005-08-13,0.833
2005-08-14,0.839
2005-08-15,0.744
2005-08-16,0.739
2005-08-17,0.734
2005-08-18,0.995
2005-08-19,1.0175
2005-08-20,1.04
2005-08-21,1.0045
2005-08-22,0.969
2005-08-23,0.84
2005-08-24,0.711
2005-08-25,0.572
2005-08-26,0.556
2005-08-27,0.54
2005-08-28,0.5505
2005-08-29,0.561
2005-08-30,0.6316666666666667
2005-08-31,0.7023333333333334
2005-09-01,0.773
2005-09-02,0.773
2005-09-03,0.773
2005-09-04,1.108
2005-09-05,1.142
2005-09-06,1.1605
2005-09-07,1.179
2005-09-08,0.886
2005-09-09,0.802
2005-09-10,0.8435
2005-09-11,0.885
2005-09-12,0.881
2005-09-13,0.938
2005-09-14,0.995
2005-09-15,0.907
2005-09-16,0.819
2005-09-17,0.7024999999999999
2005-09-18,0.586
2005-09-19,0.618
2005-09-20,0.65
2005-09-21,0.529
2005-09-22,0.53
2005-09-23,0.58575
2005-09-24,0.6415
2005-09-26,0.753
2005-09-27,0.7535000000000001
2005-09-28,0.754
2005-09-29,0.6873333333333334
2005-09-30,0.6206666666666667
2005-10-01,0.554
2005-10-02,0.5513333333333333
2005-10-03,0.5486666666666667
2005-10-04,0.546
2005-10-05,0.546
2005-10-06,0.623
2005-10-07,0.6165
2005-10-08,0.61
2005-10-09,0.6074999999999999
2005-10-10,0.605
2005-10-11,0.663
2005-10-12,0.664
2005-10-13,0.665
2005-10-14,0.595
2005-10-15,0.525
2005-10-16,0.421
2005-10-17,0.431
2005-10-18,0.5235
2005-10-19,0.616
2005-10-20,0.6096666666666667
2005-10-21,0.6033333333333333
2005-10-22,0.597
2005-10-23,0.6
2005-10-24,0.6045
2005-10-25,0.609
2005-10-26,0.5575
2005-10-27,0.506
2005-10-28,0.4975
2005-10-29,0.489
2005-10-30,0.477
2005-10-31,0.5585
2005-11-01,0.64
2005-11-02,0.6425000000000001
2005-11-03,0.645
2005-11-04,0.6699999999999999
2005-11-05,0.695
2005-11-06,0.7084999999999999
2005-11-07,0.722
2005-11-08,0.686
2005-11-09,0.752
2005-11-10,0.71
2005-11-11,0.7585
2005-11-12,0.807
2005-11-13,0.888
2005-11-14,0.8815
2005-11-15,0.875
2005-11-16,0.662
2005-11-17,0.449
2005-11-18,0.451
2005-11-19,0.4545
2005-11-20,0.458
2005-11-21,0.723
2005-11-22,0.684
2005-11-23,0.6923333333333334
2005-11-24,0.7006666666666667
2005-11-25,0.709
2005-11-26,0.745
2005-11-27,0.953
2005-11-28,1.161
2005-11-29,0.948
2005-11-30,0.957
2005-12-01,0.966
2005-12-02,0.83
2005-12-03,0.694
2005-12-04,0.6903333333333334
2005-12-05,0.6866666666666666
2005-12-06,0.683
2005-12-07,0.814
2005-12-08,0.999
2005-12-09,0.984
2005-12-10,1.0963333333333334
2005-12-11,1.2086666666666666
2005-12-12,1.321
2005-12-13,1.06
2005-12-14,0.937
2005-12-15,0.814
2005-12-16,3.2495
2005-12-17,5.685
2005-12-18,7.8315
2005-12-19,9.978
2005-12-20,20.196
2005-12-21,30.414
2005-12-22,24.824
2005-12-23,41.5
2005-12-24,31.147
2005-12-25,30.4095
2005-12-26,29.672
2005-12-27,60.407
2005-12-28,60.072
2005-12-29,59.737
2005-12-30,43.874
2005-12-31,40.638333333333335
2006-01-01,37.40266666666667
2006-01-02,34.167
2006-01-03,27.04
2006-01-04,27.2025
2006-01-05,27.365
2006-01-06,37.9705
2006-01-07,48.576
2006-01-08,42.848
2006-01-09,37.12
2006-01-10,32.859
2006-01-11,42.9145
2006-01-12,52.97
2006-01-13,60.044
2006-01-14,48.825
2006-01-15,37.606
2006-01-16,33.597
2006-01-17,42.603
2006-01-18,59.64
2006-01-19,59.411
2006-01-20,59.182
2006-02-18,52.541
2006-02-19,48.7295
2006-02-20,44.918
2006-02-21,52.055
2006-02-22,43.702
2006-02-23,56.61
2006-02-24,53.5095
2006-02-25,50.409
2006-02-26,51.687
2006-02-27,51.81358490566038
2006-02-28,51.94016981132075
2006-04-20,58.396
2006-04-21,50.046
2006-04-22,48.327
2006-04-23,47.147
2006-04-24,45.492
2006-04-25,39.56
2006-04-26,38.051
2006-04-27,38.7585
2006-04-28,39.466
2006-04-29,37.023
2006-04-30,34.58
2006-05-01,33.1485
2006-05-02,31.717
2006-05-03,30.93
2006-05-04,30.143
2006-05-05,27.583
2006-05-06,27.753
2006-05-07,25.584
2006-05-08,23.415
2006-05-09,21.0505
2006-05-10,18.686
2006-05-11,15.296
2006-05-12,14.513
2006-05-13,14.237
2006-05-14,12.261
2006-05-15,10.285
2006-05-16,9.505
2006-05-17,8.725
2006-05-18,8.697
2006-05-19,8.669
2006-05-20,8.293
2006-05-21,7.891999999999999
2006-05-22,7.491
2006-05-23,7.522
2006-05-24,7.426
2006-05-25,7.33
2006-05-26,7.0065
2006-05-27,6.683
2006-05-28,6.341
2006-05-29,5.665
2006-05-30,5.569
2006-05-31,5.473
2006-06-01,5.386
2006-06-02,5.3995
2006-06-03,5.413
2006-06-04,5.4475
2006-06-05,5.482
2006-06-06,5.365
2006-06-07,5.248
2006-06-08,4.665
2006-06-09,4.493
2006-06-10,4.298
2006-06-11,4.17
2006-06-12,4.042
2006-06-13,4.227
2006-06-14,4.1555
2006-06-15,4.084
2006-06-16,4.172
2006-06-17,3.9665
2006-06-18,3.761
2006-06-20,3.35
2006-06-21,3.48
2006-06-22,3.61
2006-06-23,3.506
2006-06-24,3.402
2006-06-25,3.393
2006-06-26,3.384
2006-06-27,3.326
2006-06-28,3.268
2006-06-29,3.321
2006-06-30,3.374
2006-07-01,3.0570000000000004
2006-07-02,2.74
2006-07-03,2.6045
2006-07-04,2.469
2006-07-05,2.5855
2006-07-06,2.702
2006-07-07,2.72
2006-07-08,2.6195000000000004
2006-07-09,2.519
2006-07-10,2.3785
2006-07-11,2.238
2006-07-12,2.242
2006-07-13,2.246
2006-07-14,2.215
2006-07-15,2.2385
2006-07-16,2.262
2006-07-17,2.38
2006-07-18,2.498
2006-07-19,2.4505
2006-07-20,2.403
2006-07-21,2.43
2006-07-22,2.457
2006-07-23,2.656
2006-07-24,2.596
2006-07-25,2.536
2006-07-26,2.52
2006-07-27,2.504
2006-07-28,2.507
2006-07-29,2.51
2006-07-30,2.4775
2006-07-31,2.445
2006-08-01,2.463
2006-08-02,2.481
2006-08-03,2.499
2006-08-04,2.563
2006-08-05,2.627
2006-08-06,2.6535
2006-08-07,2.68
2006-08-08,2.7045000000000003
2006-08-09,2.729
2006-08-10,2.702
2006-08-11,2.421
2006-08-12,1.91
2006-08-13,2.081
2006-08-14,2.101
2006-08-15,2.0536666666666665
2006-08-16,2.006333333333333
2006-08-17,1.959
2006-08-18,2.055
2006-08-19,2.0425
2006-08-20,2.03
2006-08-21,1.89
2006-08-22,1.8565
2006-08-23,1.823
2006-08-24,1.767
2006-08-25,1.7705
2006-08-26,1.774
2006-08-27,1.7965
2006-08-28,1.819
2006-08-29,1.9955
2006-08-30,2.172
2006-08-31,1.946
2006-09-01,1.72
2006-09-02,1.794
2006-09-03,1.868
2006-09-04,1.8875
2006-09-05,1.907
2006-09-06,1.428
2006-09-07,1.4225
2006-09-08,1.417
2006-09-09,1.4635
2006-09-10,1.51
2006-09-11,1.551
2006-09-12,1.859
2006-09-13,1.87
2006-09-14,1.881
2006-09-15,1.8185
2006-09-16,1.756
2006-09-17,1.7645
2006-09-18,1.773
2006-09-19,1.77
2006-09-20,1.767
2006-09-21,1.769
2006-09-22,1.771
2006-09-23,2.082
2006-09-24,2.393
2006-09-25,2.417
2006-09-26,2.441
2006-09-27,2.183
2006-09-28,1.966
2006-09-29,1.749
2006-09-30,1.7535
2006-10-01,1.758
2006-10-02,1.732
2006-10-03,1.3965
2006-10-04,1.061
2006-10-05,1.019
2006-10-06,1.0505
2006-10-07,1.082
2006-10-08,1.09
2006-10-09,1.098
2006-10-10,1.446
2006-10-11,1.501
2006-10-12,1.556
2006-10-13,1.611
2006-10-14,1.542
2006-10-15,1.473
2006-10-16,1.476
2006-10-17,1.479
2006-10-18,1.3255
2006-10-19,1.172
2006-10-20,1.1095
2006-10-21,1.047
2006-10-22,1.051
2006-10-23,1.055
2006-10-24,1.64
2006-10-25,1.74
2006-10-26,1.766
2006-10-27,2.945
2006-10-28,3.25
2006-10-29,3.576
2006-10-30,3.005
2006-10-31,2.879
2006-11-01,2.753
2006-11-02,2.5745
2006-11-03,2.396
2006-11-04,5.093
2006-11-05,4.881
2006-11-06,4.669
2006-11-07,3.972
2006-11-08,4.0415
2006-11-09,4.111
2006-11-10,4.322666666666667
2006-11-11,4.5343333333333335
2006-11-12,4.746
2006-11-13,16.096
2006-11-14,11.212
2006-11-15,9.3345
2006-11-16,7.457
2006-11-17,7.733
2006-11-18,10.664
2006-11-19,9.1985
2006-11-20,7.733
2006-11-21,7.142
2006-11-22,6.551
2006-11-23,6.765750000000001
2006-11-24,6.9805
2006-11-26,7.41
2006-11-27,9.6215
2006-11-28,11.833
2006-11-29,16.797
2006-11-30,14.621333333333334
2006-12-01,12.445666666666668
2006-12-02,10.27
2006-12-03,10.118
2006-12-04,9.451
2006-12-05,8.289
2006-12-06,7.127
2006-12-07,7.885
2006-12-08,8.8975
2006-12-09,9.91
2006-12-10,9.585
2006-12-11,9.506
2006-12-12,9.427
2006-12-13,8.666
2006-12-14,7.905
2006-12-15,8.766333333333334
2006-12-16,9.627666666666666
2006-12-17,10.489
2006-12-18,11.3094375
2006-12-19,12.129875
2007-01-18,36.743
2007-01-19,36.181
2007-01-20,35.619
2007-01-27,31.685
2007-01-28,33.186
2007-01-29,35.119
2007-01-30,32.017
2007-01-31,32.375750000000004
2007-02-01,32.7345
2007-02-03,33.452
2007-02-04,32.079
2007-02-05,30.706
2007-02-06,29.333
2007-02-07,37.242
2007-02-08,36.59046153846153
2007-02-09,35.938923076923075
2007-02-20,28.772
2007-02-21,28.659921875
2007-02-22,28.54784375
2007-04-25,21.599
2007-04-26,21.114
2007-04-27,19.337
2007-04-28,18.72
2007-04-29,17.371
2007-04-30,17.2075
2007-05-01,17.044
2007-05-02,16.28
2007-05-03,15.516
2007-05-04,14.265666666666666
2007-05-05,13.015333333333334
2007-05-06,11.765
2007-05-07,12.299
2007-05-08,12.833
2007-05-09,13.388
2007-05-10,13.943
2007-05-11,13.8845
2007-05-12,13.826
2007-05-13,13.7975
2007-05-14,13.769
2007-05-15,13.5395
2007-05-16,13.31
2007-05-17,12.0755
2007-05-18,10.841
2007-05-19,10.553999999999998
2007-05-20,10.267
2007-05-21,9.695
2007-05-22,9.049
2007-05-23,8.114
2007-05-24,7.755
2007-05-25,7.359
2007-05-26,7.145666666666667
2007-05-27,6.932333333333333
2007-05-28,6.719
2007-05-29,6.755
2007-05-30,6.017
2007-05-31,6.225
2007-06-01,6.433
2007-06-02,6.285
2007-06-03,6.092666666666667
2007-06-04,5.900333333333333
2007-06-05,5.708
2007-06-06,5.474
2007-06-07,5.24
2007-06-08,5.186
2007-06-09,5.132
2007-06-10,4.923
2007-06-11,4.714
2007-06-12,4.517
2007-06-13,4.503
2007-06-14,4.489
2007-06-15,4.475
2007-06-16,4.348
2007-06-17,4.221
2007-06-18,4.229
2007-06-19,4.189666666666667
2007-06-20,4.150333333333333
2007-06-21,4.111
2007-06-22,3.969
2007-06-23,3.974
2007-06-24,3.979
2007-06-25,3.304
2007-06-26,3.2985
2007-06-27,3.293
2007-06-28,3.3245
2007-06-29,3.356
2007-06-30,2.863
2007-07-01,2.37
2007-07-02,2.3283333333333336
2007-07-03,2.286666666666666
2007-07-04,2.245
2007-07-05,2.33
2007-07-06,2.415
2007-07-07,2.366
2007-07-08,2.317
2007-07-09,2.318
2007-07-10,2.319
2007-07-11,2.2335000000000003
2007-07-12,2.148
2007-07-13,2.003
2007-07-14,2.005
2007-07-15,2.007
2007-07-16,2.288
2007-07-17,2.106
2007-07-18,1.924
2007-07-19,1.951
2007-07-20,1.978
2007-07-21,2.243
2007-07-22,2.508
2007-07-23,2.773
2007-07-24,2.7555
2007-07-25,2.738
2007-07-26,2.428
2007-07-27,2.47
2007-07-28,2.3440000000000003
2007-07-29,2.218
2007-07-30,2.289
2007-07-31,2.36
2007-08-01,2.899
2007-08-02,2.7173333333333334
2007-08-03,2.5356666666666667
2007-08-04,2.354
2007-08-05,2.519333333333333
2007-08-06,2.6846666666666668
2007-08-07,2.85
2007-08-08,2.606
2007-08-09,2.362
2007-08-10,2.3925
2007-08-11,2.423
2007-08-12,2.206
2007-08-13,2.1455
2007-08-14,2.085
2007-08-15,2.035
2007-08-16,3.729
2007-08-17,3.715
2007-08-18,3.701
2007-08-19,3.641
2007-08-20,3.581
2007-08-21,3.644
2007-08-22,3.707
2007-08-23,1.977
2007-08-24,2.008
2007-08-25,2.007
2007-08-26,2.0115
2007-08-27,2.016
2007-08-28,3.536
2007-08-29,3.655
2007-08-30,3.661
2007-08-31,3.667
2007-09-01,2.88
2007-09-02,2.511
2007-09-03,2.142
2007-09-04,1.9945
2007-09-05,1.847
2007-09-06,2.103
2007-09-07,2.248
2007-09-08,2.393
2007-09-09,2.244
2007-09-10,2.1630000000000003
2007-09-11,2.082
2007-09-12,2.1905
2007-09-13,2.299
2007-09-14,2.21
2007-09-15,2.121
2007-09-16,1.83
2007-09-17,1.81
2007-09-18,1.8135
2007-09-19,1.817
2007-09-20,1.789
2007-09-21,1.8245
2007-09-22,1.86
2007-09-23,2.248
2007-09-24,2.205
2007-09-25,2.1620000000000004
2007-09-26,2.119
2007-09-27,2.1155
2007-09-28,2.112
2007-09-29,1.776
2007-09-30,1.7615
2007-10-01,1.747
2007-10-03,1.718
2007-10-04,1.7235
2007-10-05,1.729
2007-10-07,1.74
2007-10-08,1.769
2007-10-09,1.798
2007-10-10,1.758
2007-10-11,1.701
2007-10-12,1.6665
2007-10-13,1.632
2007-10-14,1.612
2007-10-15,1.592
2007-10-16,1.5955
2007-10-17,1.599
2007-10-18,1.615
2007-10-19,1.611
2007-10-20,1.607
2007-10-21,1.603
2007-10-22,1.7135
2007-10-23,1.824
2007-10-24,1.9305
2007-10-25,2.037
2007-10-26,2.2425
2007-10-27,2.448
2007-10-28,2.485
2007-10-29,2.751
2007-10-30,2.749
2007-10-31,6.017
2007-11-01,11.24
2007-11-02,7.575
2007-11-03,7.31
2007-11-04,6.433
2007-11-05,4.7965
2007-11-06,3.16
2007-11-07,3.298
2007-11-08,3.022
2007-11-09,2.8666666666666667
2007-11-10,2.711333333333333
2007-11-11,2.556
2007-11-12,2.5156666666666667
2007-11-13,2.4753333333333334
2007-11-14,2.435
2007-11-15,1.96
2007-11-16,1.9675
2007-11-17,1.975
2007-11-18,2.829
2007-11-19,2.289
2007-11-20,2.538
2007-11-21,3.017
2007-11-22,3.192
2007-11-23,8.402
2007-11-24,8.238
2007-11-25,7.804
2007-11-26,7.014
2007-11-27,5.8795
2007-11-28,4.745
2007-11-29,4.183
2007-11-30,3.923
2007-12-01,3.672
2007-12-02,3.506
2007-12-03,3.495
2007-12-04,3.484
2007-12-05,3.473
2007-12-06,3.305
2007-12-07,3.137
2007-12-09,2.801
2007-12-10,2.7880000000000003
2007-12-11,2.775
2007-12-12,3.094
2007-12-13,3.413
2007-12-14,3.5595
2007-12-15,3.706
2007-12-16,4.6905
2007-12-17,5.675
2007-12-18,5.9545
2007-12-19,6.234
2007-12-20,8.1295
2007-12-21,10.025
2007-12-22,10.1975
2007-12-23,10.37
2007-12-24,8.617
2007-12-25,14.809
2007-12-26,21.001
2007-12-27,19.391
2007-12-28,17.781
2007-12-29,36.178
2007-12-30,26.947
2007-12-31,24.414
2008-01-01,18.6895
2008-01-02,12.965
2008-01-03,17.7584
2008-01-04,22.5518
2008-01-07,36.932
2008-01-08,50.767
2008-01-09,50.863125
2008-01-10,50.95925
2008-02-01,53.074
2008-02-02,40.587
2008-02-03,35.329
2008-02-04,32.332
2008-02-05,30.584
2008-02-06,28.836
2008-02-07,27.63
2008-02-08,26.424
2008-02-09,24.795
2008-02-10,23.166
2008-02-11,19.672
2008-02-12,20.67738461538461
2008-02-13,21.68276923076923
2008-03-08,45.812
2008-03-09,40.5015
2008-03-10,35.191
2008-03-11,46.183
2008-03-12,46.55755555555555
2008-03-13,46.93211111111111
2008-03-20,49.554
2008-03-21,48.946714285714286
2008-03-22,48.33942857142857
2008-03-27,45.303
2008-03-28,49.995
2008-03-29,45.625
2008-03-30,44.12688888888889
2008-03-31,42.62877777777778
2008-04-07,32.142
2008-04-08,33.919
2008-04-09,33.682
2008-04-10,33.299
2008-04-11,31.251
2008-04-12,30.483
2008-04-13,29.715
2008-04-14,28.174
2008-04-15,26.633
2008-04-16,24.8055
2008-04-17,22.978
2008-04-18,22.992
2008-04-19,22.968
2008-04-20,22.944
2008-04-21,23.0125
2008-04-22,23.081
2008-04-23,20.396
2008-04-24,16.619
2008-04-25,16.6635
2008-04-26,16.708
2008-04-27,15.538666666666666
2008-04-28,14.369333333333332
2008-04-29,13.2
2008-04-30,12.491
2008-05-01,12.353
2008-05-02,13.995
2008-05-03,15.637
2008-05-04,15.353333333333332
2008-05-05,15.069666666666668
2008-05-06,14.786
2008-05-07,12.523
2008-05-08,11.869
2008-05-09,11.215
2008-05-10,10.562
2008-05-11,9.909
2008-05-12,9.931
2008-05-13,9.953
2008-05-14,9.46
2008-05-15,8.967
2008-05-16,9.073
2008-05-17,8.9
2008-05-18,8.792
2008-05-19,8.645
2008-05-20,8.498
2008-05-21,8.147499999999999
2008-05-22,7.797
2008-05-23,7.7895
2008-05-24,7.782
2008-05-25,7.43
2008-05-26,7.199999999999999
2008-05-27,6.97
2008-05-28,6.314
2008-05-29,6.764
2008-05-30,6.662450980392157
2008-05-31,6.560901960784314
2008-07-19,1.585
2008-07-20,1.5773333333333333
2008-07-21,1.5696666666666668
2008-07-22,1.562
2008-07-23,1.5495
2008-07-24,1.537
2008-07-25,1.5606666666666666
2008-07-26,1.5843333333333334
2008-07-27,1.608
2008-07-28,1.57
2008-07-29,1.532
2008-07-30,1.494
2008-07-31,1.481
2008-08-01,1.468
2008-08-02,1.487
2008-08-03,1.506
2008-08-04,1.505
2008-08-05,1.504
2008-08-07,1.502
2008-08-08,1.5125
2008-08-09,1.523
2008-08-10,1.5295
2008-08-11,1.536
2008-08-12,1.6213333333333333
2008-08-13,1.7066666666666668
2008-08-14,1.792
2008-08-15,1.673
2008-08-16,1.554
2008-08-17,1.522
2008-08-18,1.49
2008-08-19,1.424
2008-08-20,1.8
2008-08-21,1.537
2008-08-22,1.4874999999999998
2008-08-23,1.438
2008-08-24,1.4365
2008-08-25,1.435
2008-08-26,1.335
2008-08-27,1.235
2008-08-28,1.2095
2008-08-29,1.184
2008-08-30,1.1825
2008-08-31,1.181
2008-09-01,1.524
2008-09-02,1.867
2008-09-04,2.553
2008-09-05,2.5626666666666664
2008-09-06,2.572333333333334
2008-09-07,2.582
2008-09-08,2.6235
2008-09-09,2.665
2008-09-10,2.128
2008-09-11,1.591
2008-09-12,1.6164999999999998
2008-09-13,1.642
2008-09-14,1.6255
2008-09-15,1.609
2008-09-16,1.5995
2008-09-17,1.59
2008-09-18,1.6055
2008-09-19,1.621
2008-09-20,1.611
2008-09-21,1.6795
2008-09-22,1.748
2008-09-23,1.578
2008-09-24,1.356
2008-09-25,1.368
2008-09-26,1.38
2008-09-27,1.36
2008-09-28,1.34
2008-09-29,1.436
2008-09-30,1.532
2008-10-01,1.36
2008-10-02,1.3535
2008-10-03,1.347
2008-10-04,1.5893333333333333
2008-10-05,1.8316666666666663
2008-10-06,2.074
2008-10-07,2.331
2008-10-08,2.161
2008-10-09,1.991
2008-10-10,2.0295
2008-10-11,2.068
2008-10-12,1.8905
2008-10-13,1.713
2008-10-14,1.7816666666666667
2008-10-15,1.8503333333333332
2008-10-16,1.919
2008-10-17,1.8495
2008-10-18,1.78
2008-10-19,1.921
2008-10-20,1.9205
2008-10-21,1.92
2008-10-22,1.8585
2008-10-23,1.797
2008-10-24,1.8095
2008-10-25,1.822
2008-10-26,1.833
2008-10-27,1.844
2008-10-28,1.59
2008-10-29,1.503
2008-10-30,1.5034999999999998
2008-10-31,1.504
2008-11-01,3.012
2008-11-02,2.871
2008-11-03,2.73
2008-11-04,2.8666666666666667
2008-11-05,3.0033333333333334
2008-11-06,3.14
2008-11-07,3.052
2008-11-08,3.782
2008-11-09,3.775
2008-11-10,3.8085
2008-11-11,3.842
2008-11-12,3.682
2008-11-13,3.522
2008-11-14,2.648
2008-11-15,2.588
2008-11-16,2.6925
2008-11-17,2.797
2008-11-18,2.7985
2008-11-19,2.8
2008-11-20,2.051
2008-11-21,1.9985
2008-11-22,1.946
2008-11-23,1.939
2008-11-24,1.932
2008-11-25,2.464
2008-11-26,2.5595
2008-11-27,2.655
2008-11-28,2.449
2008-11-29,2.243
2008-11-30,2.4625
2008-12-01,2.682
2008-12-02,5.138
2008-12-03,7.593999999999999
2008-12-04,10.05
2008-12-05,7.836500000000001
2008-12-06,5.623
2008-12-07,6.944
2008-12-08,4.641
2008-12-09,4.890000000000001
2008-12-10,5.139
2008-12-11,5.533
2008-12-12,5.219
2008-12-13,3.429
2008-12-14,3.487
2008-12-15,3.545
2008-12-16,4.324
2008-12-17,3.648
2008-12-18,3.07
2008-12-19,4.612
2008-12-20,7.379
2008-12-21,12.6805
2008-12-22,17.982
2008-12-23,27.816
2008-12-24,37.65
2008-12-25,29.956
2008-12-26,22.262
2008-12-27,14.568
2008-12-28,13.564
2008-12-29,10.992
2008-12-30,10.583
2008-12-31,6.436
2009-01-01,14.941
2009-01-02,23.446
2009-01-03,36.635
2009-01-04,33.27066666666666
2009-01-05,29.906333333333333
2009-01-06,26.542
2009-01-07,22.137
2009-01-08,17.732
2009-01-09,27.4
2009-01-10,26.35033333333333
2009-01-11,25.300666666666668
2009-01-12,24.251
2009-01-13,23.201
2009-01-14,21.659
2009-01-15,21.5071
2009-01-16,21.3552
2009-01-24,20.14
2009-01-25,27.5975
2009-01-26,35.055
2009-01-27,31.36
2009-01-28,27.665
2009-01-29,27.51775268817204
2009-01-30,27.370505376344084
2009-05-01,13.971
2009-05-02,13.749
2009-05-03,13.527
2009-05-06,12.861
2009-05-07,11.87
2009-05-08,11.077
2009-05-09,12.586
2009-05-10,14.095
2009-05-11,15.604
2009-05-12,14.905
2009-05-13,14.206
2009-05-14,13.404
2009-05-15,12.859
2009-05-16,12.314
2009-05-17,12.0625
2009-05-18,11.811
2009-05-19,11.4785
2009-05-20,11.146
2009-05-21,10.580666666666668
2009-05-22,10.015333333333333
2009-05-23,9.45
2009-05-24,9.236
2009-05-25,9.022
2009-05-26,8.978
2009-05-27,9.888
2009-05-28,10.798
2009-05-29,8.714
2009-05-30,8.101
2009-05-31,6.0825000000000005
2009-06-01,4.064
2009-06-02,4.12
2009-06-03,4.176
2009-06-04,4.125
2009-06-05,4.074
2009-06-06,3.564
2009-06-07,3.549
2009-06-08,3.35
2009-06-09,3.151
2009-06-10,3.0515
2009-06-11,2.952
2009-06-12,2.8555
2009-06-13,2.759
2009-06-14,2.7573333333333334
2009-06-15,2.7556666666666665
2009-06-16,2.754
2009-06-17,2.859
2009-06-18,2.8245
2009-06-19,2.79
2009-06-20,2.457
2009-06-21,2.421333333333333
2009-06-22,2.385666666666667
2009-06-23,2.35
2009-06-24,2.3615000000000004
2009-06-25,2.373
2009-06-26,2.334
2009-06-27,2.357
2009-06-28,2.38
2009-06-29,1.769
2009-06-30,1.739
2009-07-01,1.709
2009-07-02,1.7315
2009-07-03,1.754
2009-07-04,1.357
2009-07-05,1.387
2009-07-06,1.417
2009-07-07,1.5113333333333334
2009-07-08,1.6056666666666666
2009-07-09,1.7
2009-07-10,1.7045
2009-07-11,1.709
2009-07-12,1.758
2009-07-13,1.807
2009-07-14,1.581
2009-07-15,1.638
2009-07-16,1.695
2009-07-17,1.6515
2009-07-18,1.608
2009-07-19,1.5995
2009-07-20,1.591
2009-07-21,1.514
2009-07-22,1.437
2009-07-23,1.4435
2009-07-24,1.45
2009-07-25,1.4265
2009-07-26,1.403
2009-07-27,1.535
2009-07-28,1.4913333333333332
2009-07-29,1.4476666666666669
2009-07-30,1.404
2009-07-31,1.404
2009-08-01,1.404
2009-08-02,1.336
2009-08-03,1.3643333333333334
2009-08-04,1.3926666666666667
2009-08-05,1.421
2009-08-06,1.3995
2009-08-07,1.378
2009-08-08,1.362
2009-08-09,1.346
2009-08-10,1.255
2009-08-11,1.29
2009-08-12,1.325
2009-08-13,1.285
2009-08-14,1.245
2009-08-15,1.205
2009-08-16,1.226
2009-08-17,1.247
2009-08-18,1.258
2009-08-19,1.269
2009-08-20,1.469
2009-08-21,1.556
2009-08-22,1.651
2009-08-23,1.644
2009-08-24,1.637
2009-08-25,1.49
2009-08-26,1.343
2009-08-27,1.196
2009-08-28,1.1915
2009-08-29,1.187
2009-08-30,1.1995
2009-08-31,1.212
2009-09-01,1.331
2009-09-02,1.45
2009-09-03,1.569
2009-09-04,1.462
2009-09-05,1.476
2009-09-06,1.355
2009-09-07,1.382
2009-09-08,1.409
2009-09-09,1.3495
2009-09-10,1.29
2009-09-11,1.293
2009-09-12,1.296
2009-09-13,1.3170000000000002
2009-09-14,1.338
2009-09-15,1.492
2009-09-16,1.646
2009-09-17,1.448
2009-09-18,1.4715
2009-09-19,1.495
2009-09-20,1.4885000000000002
2009-09-21,1.482
2009-09-22,1.348
2009-09-23,1.3136666666666668
2009-09-24,1.2793333333333334
2009-09-25,1.245
2009-09-26,1.2200000000000002
2009-09-27,1.195
2009-09-28,1.2135
2009-09-29,1.232
2009-09-30,1.519
2009-10-01,1.449
2009-10-02,1.3735
2009-10-03,1.298
2009-10-05,1.147
2009-10-06,1.1485
2009-10-07,1.15
2009-10-08,1.491
2009-10-09,1.094
2009-10-10,1.1295000000000002
2009-10-11,1.165
2009-10-12,1.124
2009-10-13,1.083
2009-10-14,1.0595
2009-10-15,1.036
2009-10-16,0.979
2009-10-17,0.922
2009-10-18,0.9315
2009-10-19,0.941
2009-10-20,1.156
2009-10-21,1.949
2009-10-22,2.919
2009-10-23,3.8276666666666666
2009-10-24,4.736333333333333
2009-10-25,5.645
2009-10-26,9.03
2009-10-27,20.377
2009-10-28,14.5705
2009-10-29,8.764
2009-10-30,7.324999999999999
2009-10-31,5.886
2009-11-01,4.393
2009-11-02,4.026
2009-11-03,3.832333333333333
2009-11-04,3.6386666666666665
2009-11-05,3.445
2009-11-06,2.7205
2009-11-07,1.996
2009-11-08,2.909
2009-11-09,2.233
2009-11-10,1.977
2009-11-11,1.794
2009-11-12,1.611
2009-11-13,1.604
2009-11-14,1.522
2009-11-15,1.743
2009-11-16,1.964
2009-11-17,2.449
2009-11-18,3.5
2009-11-19,3.797
2009-11-20,4.094
2009-11-21,5.1555333333333335
2009-11-22,6.217066666666667
2009-12-05,20.017
2009-12-06,18.011
2009-12-07,13.588
2009-12-08,13.6325
2009-12-09,13.677
2009-12-10,20.099
2009-12-11,17.311
2009-12-12,15.0155
2009-12-13,12.72
2009-12-14,13.5285
2009-12-15,14.337
2009-12-16,12.526
2009-12-17,10.715
2009-12-18,12.88
2009-12-19,13.291133333333336
2009-12-20,13.702266666666668
2010-01-02,19.047
2010-01-03,19.116185185185184
2010-01-04,19.18537037037037
2010-01-29,20.915
2010-01-30,20.125
2010-01-31,19.335
2010-02-01,14.306
2010-02-02,9.277
2010-02-03,9.577
2010-02-04,8.532
2010-02-05,7.8035
2010-02-06,7.075
2010-02-07,8.472
2010-02-08,6.973
2010-02-09,7.146
2010-02-10,9.833
2010-02-11,12.52
2010-02-12,15.207
2010-02-13,15.185968253968255
2010-02-14,15.164936507936508
2010-04-16,13.882
2010-04-17,13.068333333333332
2010-04-18,12.254666666666669
2010-04-19,11.441
2010-04-20,10.276
2010-04-21,9.111
2010-04-22,7.783
2010-04-23,6.913
2010-04-24,5.985
2010-04-25,5.841
2010-04-26,5.697
2010-04-27,5.553
2010-04-28,5.4055
2010-04-29,5.258
2010-04-30,5.4812
2010-05-01,5.7044
2010-05-04,6.374
2010-05-05,6.0296666666666665
2010-05-06,5.685333333333333
2010-05-07,5.341
2010-05-08,4.944333333333334
2010-05-09,4.547666666666666
2010-05-10,4.151
2010-05-11,3.944
2010-05-12,3.563
2010-05-13,3.358
2010-05-14,3.111
2010-05-15,3.2365000000000004
2010-05-16,3.362
2010-05-17,3.2465
2010-05-18,3.131
2010-05-19,2.976
2010-05-20,2.821
2010-05-21,2.6950000000000003
2010-05-22,2.569
2010-05-23,2.443
2010-05-24,2.382
2010-05-25,2.321
2010-05-26,2.2925
2010-05-27,2.264
2010-05-28,2.049
2010-05-29,1.9885
2010-05-30,1.928
2010-05-31,1.8585
2010-06-01,1.789
2010-06-02,1.6565
2010-06-03,1.524
2010-06-04,1.539
2010-06-05,1.554
2010-06-06,1.5
2010-06-07,1.446
2010-06-08,1.4083333333333332
2010-06-09,1.3706666666666667
2010-06-10,1.333
2010-06-11,1.3199999999999998
2010-06-12,1.307
2010-06-13,1.338
2010-06-14,1.369
2010-06-15,1.241
2010-06-16,1.2445
2010-06-17,1.248
2010-06-18,1.286
2010-06-19,1.324
2010-06-20,1.295
2010-06-21,1.266
2010-06-22,1.26
2010-06-23,1.254
2010-06-24,1.3166666666666669
2010-06-25,1.3793333333333333
2010-06-26,1.442
2010-06-27,1.4405
2010-06-28,1.439
2010-06-29,1.474
2010-06-30,1.509
2010-07-01,1.447
2010-07-02,1.3223333333333334
2010-07-03,1.1976666666666669
2010-07-04,1.073
2010-07-05,1.0325
2010-07-06,0.992
2010-07-07,1.016
2010-07-08,1.04
2010-07-09,1.0065
2010-07-10,0.973
2010-07-11,0.988
2010-07-12,1.003
2010-07-13,1.1355
2010-07-14,1.268
2010-07-15,1.32
2010-07-16,1.372
2010-07-17,1.286
2010-07-18,1.2000000000000002
2010-07-19,1.114
2010-07-20,1.1255000000000002
2010-07-21,1.137
2010-07-22,1.291
2010-07-23,1.445
2010-07-24,1.599
2010-07-25,1.613
2010-07-26,1.627
2010-07-27,1.598
2010-07-28,1.569
2010-07-29,1.54
2010-07-30,1.6055
2010-07-31,1.671
2010-08-01,1.64878125
2010-08-02,1.6265625
2010-09-01,0.96
2010-09-02,0.922
2010-09-03,0.9333333333333332
2010-09-04,0.9446666666666668
2010-09-05,0.956
2010-09-06,0.958
2010-09-07,0.96
2010-09-08,0.95925
2010-09-09,0.9585
2010-09-11,0.957
2010-09-12,0.9115
2010-09-13,0.866
2010-09-15,0.775
2010-09-16,0.7782
2010-09-17,0.7814
2010-09-20,0.791
2010-09-21,0.651
2010-09-22,0.6273333333333333
2010-09-23,0.6036666666666667
2010-09-24,0.58
2010-09-25,0.897
2010-09-26,0.8705
2010-09-27,0.8440000000000001
2010-09-29,0.791
2010-09-30,0.9565
2010-10-01,1.122
2010-10-02,1.0423333333333331
2010-10-03,0.9626666666666668
2010-10-04,0.883
2010-10-05,0.8636666666666667
2010-10-06,0.8443333333333333
2010-10-07,0.825
2010-10-08,0.79525
2010-10-09,0.7655
2010-10-11,0.706
2010-10-12,0.7064999999999999
2010-10-13,0.707
2010-10-15,0.708
2010-10-16,0.6859999999999999
2010-10-17,0.6639999999999999
2010-10-20,0.598
2010-10-21,0.833
2010-10-22,1.068
2010-10-23,1.303
2010-10-24,1.408
2010-10-25,0.869
2010-10-26,0.7835
2010-10-27,0.698
2010-10-28,0.67225
2010-10-29,0.6465
2010-10-31,0.595
2010-11-01,0.613
2010-11-02,0.631
2010-11-03,0.6433333333333333
2010-11-04,0.6556666666666666
2010-11-08,0.705
2010-11-09,0.761
2010-11-10,0.817
2010-11-12,0.929
2010-11-13,0.9483333333333334
2010-11-14,0.9676666666666668
2010-11-15,0.987
2010-11-16,1.1875
2010-11-17,1.388
2010-11-18,1.1515
2010-11-19,0.915
2010-11-20,0.863
2010-11-21,0.811
2010-11-22,0.759
2010-11-23,0.8133333333333334
2010-11-24,0.8676666666666667
2010-11-25,0.922
2010-11-26,0.9915
2010-11-27,1.061
2010-11-29,1.2
2010-11-30,2.08
2010-12-01,2.194234482758621
2010-12-02,2.3084689655172417
2011-04-24,18.644
2011-04-25,16.878
2011-04-26,17.010666666666665
2011-04-27,17.143333333333334
2011-05-01,17.674
2011-05-02,17.17025
2011-05-03,16.6665
2011-05-05,15.659
2011-05-06,15.825
2011-05-07,15.991
2011-05-08,15.6066
2011-05-09,15.2222
2011-05-12,14.069
2011-05-13,13.436307692307691
2011-05-14,12.803615384615386
2011-05-25,5.844
2011-05-26,5.644333333333334
2011-05-27,5.4446666666666665
2011-05-28,5.245
2011-05-29,4.5605
2011-05-30,3.876
2011-05-31,4.027
2011-06-01,3.431
2011-06-02,3.251
2011-06-03,3.071
2011-06-05,2.711
2011-06-06,2.66575
2011-06-07,2.6205
2011-06-13,2.349
2011-06-14,2.285
2011-06-15,2.221
2011-06-17,2.093
2011-06-18,1.9884
2011-06-19,1.8838
2011-06-22,1.57
2011-06-23,1.5958333333333334
2011-06-24,1.6216666666666668
2011-06-28,1.725
2011-06-29,1.6575000000000002
2011-06-30,1.59
2011-07-01,1.5113333333333334
2011-07-02,1.4326666666666668
2011-07-03,1.354
2011-07-04,1.2845
2011-07-05,1.215
2011-07-06,1.2346666666666668
2011-07-07,1.2543333333333333
2011-07-08,1.274
2011-07-09,1.212
2011-07-10,1.19975
2011-07-11,1.1875
2011-07-13,1.163
2011-07-14,1.096
2011-07-15,1.029
2011-07-16,1.0266666666666666
2011-07-17,1.024333333333333
2011-07-21,1.015
2011-07-22,0.974
2011-07-23,0.933
2011-07-24,0.947175
2011-07-25,0.96135
2011-09-01,1.5
2011-09-02,1.5
2011-09-03,1.5
2011-09-04,1.5
2011-09-05,1.5
2011-09-06,1.5
2011-09-07,1.5
2011-09-08,1.5
2011-09-09,1.5
2011-09-10,1.5
2011-09-11,1.5
2011-09-12,1.5
2011-09-13,1.5
2011-09-14,1.5
2011-09-15,1.5
2011-09-16,1.5
2011-09-17,1.5
2011-09-18,1.5
2011-09-19,1.5
2011-09-20,1.5
2011-09-21,1.2
2011-09-22,1.2
2011-09-23,1.2
2011-09-24,1.2
2011-09-25,1.2
2011-09-26,1.2
2011-09-27,1.2
2011-09-28,1.2
2011-09-29,1.2
2011-09-30,1.2
2011-10-01,1.2
2011-10-02,1.2
2011-10-03,1.2
2011-10-04,1.2
2011-10-05,1.2
2011-10-06,1.2
2011-10-07,1.2
2011-10-08,1.2
2011-10-09,1.2
2011-10-10,1.2
2011-10-11,1.2
2011-10-12,1.2
2011-10-13,1.2
2011-10-14,1.2
2011-10-15,1.2
2011-10-16,1.2
2011-10-17,1.2
2011-10-18,1.6
2011-10-19,1.6
2011-10-20,1.6
2011-10-21,1.6
2011-10-22,1.6
2011-10-23,1.6
2011-10-24,1.6
2011-10-25,1.6
2011-10-26,1.6
2011-10-27,1.6
2011-10-28,1.6
2011-10-29,1.6
2011-10-30,1.6
2011-10-31,1.6
2011-11-01,1.6
2011-11-02,1.6
2011-11-03,1.6
2011-11-04,1.5
2011-11-05,1.5
2011-11-06,1.5
2011-11-07,1.5
2011-11-08,1.5
2011-11-09,1.5
2011-11-10,1.5
2011-11-11,1.5
2011-11-12,1.5
2011-11-13,1.5
2011-11-14,1.5
2011-11-15,1.5
2011-11-16,1.5
2011-11-17,1.5
2011-11-18,1.5
2011-11-19,1.5
2011-11-20,1.5
2011-11-21,1.5
2011-11-22,1.5
2011-11-23,3.3
2011-11-24,3.3
2011-11-25,3.3
2011-11-26,3.3
2011-11-27,3.3
2011-11-28,4.3
2011-11-29,4.3
2011-11-30,4.3
2011-12-01,12.0
2011-12-02,12.0
2011-12-03,12.0
2011-12-04,12.0
2011-12-05,12.0
2011-12-06,12.0
2011-12-07,12.0
2011-12-08,12.0
2011-12-09,12.0
2011-12-10,12.0
2011-12-11,12.0
2011-12-12,12.0
2011-12-13,9.5
2011-12-14,9.5
2011-12-15,9.5
2011-12-16,9.5
2011-12-17,9.5
2011-12-18,9.5
2011-12-19,9.5
2011-12-20,9.5
2011-12-21,9.5
2011-12-22,12.0
2011-12-23,15.0
2011-12-24,15.0
2011-12-25,15.0
2011-12-26,15.0
2011-12-27,15.0
2011-12-28,17.0
2011-12-29,18.0
2011-12-30,18.0
2011-12-31,18.0
2012-01-01,19.0
2012-01-02,19.0
2012-01-03,19.0
2012-01-04,19.0
2012-01-05,19.0
2012-01-06,19.0
2012-01-07,20.0
2012-01-08,20.0
2012-01-09,20.0
2012-01-10,20.0
2012-01-11,20.0
2012-01-12,20.0
2012-01-13,20.0
2012-01-14,20.0
2012-01-15,20.0
2012-01-16,20.0
2012-01-17,20.0
2012-01-18,20.0
2012-01-19,20.0
2012-01-20,20.0
2012-01-21,19.0
2012-01-22,19.0
2012-01-23,20.0
2012-01-24,20.05
2012-01-25,20.15
2012-01-26,20.15
2012-01-27,20.17
2012-01-28,20.2
2012-01-29,20.2
2012-01-30,20.2
2012-01-31,20.8
2012-02-01,21.0
2012-02-02,21.1
2012-02-03,50.0
2012-02-04,51.0
2012-02-05,51.0
2012-02-06,51.0
2012-02-07,51.0
2012-02-08,120.0
2012-02-09,85.0
2012-02-10,104.0
2012-02-11,55.0
2012-02-12,56.0
2012-02-13,57.0
2012-02-14,57.0
2012-02-15,58.0
2012-02-16,52.0
2012-02-17,40.0
2012-02-18,38.0
2012-02-19,36.0
2012-02-20,34.0
2012-02-21,34.0
2012-02-22,36.0
2012-02-23,32.0
2012-02-24,28.0
2012-02-25,24.0
2012-02-26,22.0
2012-02-27,22.0
2012-02-28,28.0
2012-02-29,24.0
2012-03-01,22.0
2012-03-02,18.0
2012-03-03,26.3
2012-03-04,31.7
2012-03-05,36.9
2012-03-06,42.0
2012-03-07,80.0
2012-03-08,60.0
2012-03-09,71.0
2012-03-10,95.0
2012-03-11,131.0
2012-03-12,140.0
2012-03-13,112.0
2012-03-14,85.0
2012-03-15,65.0
2012-03-16,55.0
2012-03-17,58.0
2012-03-18,55.5
2012-03-19,52.0
2012-03-20,50.0
2012-03-21,42.0
2012-03-22,41.0
2012-03-23,29.0
2012-03-24,28.0
2012-03-25,25.0
2012-03-26,25.0
2012-03-27,22.0
2012-03-28,65.0
2012-03-29,65.0
2012-03-30,52.0
2012-03-31,52.0
2012-04-01,52.0
2012-04-02,45.0
2012-04-03,35.0
2012-04-04,37.0
2012-04-05,34.0
2012-04-06,47.0
2012-04-07,44.0
2012-04-08,49.0
2012-04-09,54.0
2012-04-10,51.0
2012-04-11,45.0
2012-04-12,56.0
2012-04-13,52.0
2012-04-14,35.0
2012-04-15,35.0
2012-04-16,35.0
2012-04-17,35.0
2012-04-18,36.0
2012-04-19,36.0
2012-04-20,36.0
2012-04-21,36.0
2012-04-22,41.0
2012-04-23,41.0
2012-04-24,42.0
2012-04-25,38.0
2012-04-26,36.0
2012-04-27,38.0
2012-04-28,38.0
2012-04-29,29.38
2012-04-30,37.0
2012-05-01,37.0
2012-05-02,37.0
2012-05-03,34.0
2012-05-04,32.0
2012-05-05,32.0
2012-05-06,31.0
2012-05-07,31.0
2012-05-08,30.0
2012-05-09,29.0
2012-05-10,29.0
2012-05-11,25.0
2012-05-12,23.0
2012-05-13,20.0
2012-05-14,18.0
2012-05-15,15.0
2012-05-16,10.0
2012-05-17,6.3
2012-05-18,6.3
2012-05-19,6.2
2012-05-20,6.1
2012-05-21,6.1
2012-05-22,4.7
2012-05-23,4.6
2012-05-24,4.2
2012-05-25,4.2
2012-05-26,4.1
2012-05-27,4.0
2012-05-28,3.5
2012-05-29,3.4
2012-05-30,3.2
2012-05-31,3.0
2012-06-01,2.9
2012-06-02,2.9
2012-06-03,2.91
2012-06-04,2.91
2012-06-05,2.6
2012-06-06,2.6
2012-06-07,2.5
2012-06-08,2.4
2012-06-09,2.4
2012-06-10,2.4
2012-06-11,2.4
2012-06-12,2.3
2012-06-13,2.3
2012-06-14,2.2
2012-06-15,2.1
2012-06-16,2.1
2012-06-17,2.0
2012-06-18,2.0
2012-06-19,1.9
2012-06-20,1.8
2012-06-21,1.8
2012-06-22,1.8
2012-06-23,1.8
2012-06-24,1.8
2012-06-25,1.8
2012-06-26,1.8
2012-06-27,1.8
2012-06-28,1.8
2012-06-29,1.8
2012-06-30,1.8
2012-07-01,1.8
2012-07-02,1.8
2012-07-03,1.8
2012-07-04,1.8
2012-07-05,1.8
2012-07-06,1.8
2012-07-07,1.8
2012-08-21,1.6
2012-08-22,1.6
2012-08-23,1.6
2012-08-24,1.6
2012-08-25,1.6
2012-08-26,1.6
2012-08-27,1.6
2012-08-28,1.6
2012-08-29,1.6
2012-08-30,1.6
2012-08-31,1.6
2012-09-01,1.6
2012-09-02,1.6
2012-09-03,1.6
2012-09-04,1.6
2012-09-05,1.3
2012-09-06,1.4
2012-09-07,1.4
2012-09-08,1.0
2012-09-09,1.0
2012-09-10,0.9
2012-09-11,0.9
2012-09-12,0.9
2012-09-13,0.7
2012-09-14,0.7
2012-09-15,0.3
2012-09-16,0.3
2012-09-17,0.3
2012-09-18,0.3
2012-09-19,0.3
2012-09-20,0.3
2012-09-21,0.3
2012-09-22,0.3
2012-09-23,0.3
2012-09-24,0.3
2012-09-25,0.3
2012-09-26,0.4
2012-09-27,0.4
2012-09-28,0.4
2012-09-29,0.4
2012-09-30,0.4
2012-10-01,0.4
2012-10-02,0.4
2012-10-03,1.8
2012-10-04,1.8
2012-10-05,1.5
2012-10-06,1.5
2012-10-07,1.5
2012-10-08,1.5
2012-10-09,1.5
2012-10-10,1.5
2012-10-11,1.2
2012-10-12,1.2
2012-10-13,1.2
2012-10-14,1.2
2012-10-15,1.2
2012-10-16,1.2
2012-10-17,1.1
2012-10-18,1.1
2012-10-19,1.1
2012-10-20,1.3
2012-10-21,1.3
2012-10-22,1.3
2012-10-23,2.8
2012-10-24,2.5
2012-10-25,2.4
2012-10-26,2.4
2012-10-27,2.4
2012-10-28,2.5
2012-10-29,2.7
2012-10-30,2.3
2012-10-31,2.9
2012-11-01,3.4
2012-11-02,3.4
2012-11-03,3.4
2012-11-04,3.4
2012-11-05,3.4
2012-11-06,4.5
2012-11-07,7.7
2012-11-08,8.3
2012-11-09,8.4
2012-11-10,8.6
2012-11-11,9.1
2012-11-12,9.7
2012-11-13,5.7
2012-11-14,4.6
2012-11-15,4.2
2012-11-16,4.2
2012-11-17,4.25
2012-11-18,4.3
2012-11-19,4.5
2012-11-20,4.8
2012-11-21,4.6
2012-11-22,4.0
2012-11-23,4.0
2012-11-24,3.9
2012-11-25,3.5
2012-11-26,2.0
2012-11-27,2.4
2012-11-28,2.3
2012-11-29,2.2
2012-11-30,2.2
2012-12-01,2.2
2012-12-02,3.3
2012-12-03,3.3
2012-12-04,2.8
2012-12-05,2.8
2012-12-06,2.7
2012-12-07,3.0
2012-12-08,4.0
2012-12-09,4.5
2012-12-10,4.5
2012-12-11,4.5
2012-12-12,5.2
2012-12-13,3.4
2012-12-14,2.8
2012-12-15,2.8
2012-12-16,2.9
2012-12-17,3.0
2012-12-18,3.1
2012-12-19,3.0
2012-12-20,5.4
2012-12-21,6.0
2012-12-22,6.3
2012-12-23,7.5
2012-12-24,10.5
2012-12-25,17.1
2012-12-26,27.5
2012-12-27,33.5
2012-12-28,56.4
2012-12-29,52.1
2012-12-30,52.1
2012-12-31,52.1
2013-01-01,47.3
2013-01-02,45.8
2013-01-03,41.8
2013-01-04,41.8
2013-01-05,41.8
2013-01-06,41.8
2013-01-07,41.8
2013-01-08,22.7
2013-01-09,19.8
2013-01-10,18.0
2013-01-11,12.2
2013-01-12,18.2
2013-01-13,20.1
2013-01-14,22.3
2013-01-15,21.2
2013-01-16,15.2
2013-03-01,0.6023333333333334
2013-03-02,1.2046666666666668
2013-03-30,18.07
2013-03-31,17.806
2013-04-01,17.406156250000002
2013-04-02,17.0063125
2013-05-02,5.011
2013-05-03,4.6906
2013-05-04,4.3702
2013-05-07,3.409
2013-05-08,3.367
2013-05-09,3.325
2013-05-10,3.283
2013-05-11,3.3626666666666667
2013-05-12,3.442333333333333
2013-05-13,3.522
2013-05-14,3.454333333333333
2013-05-15,3.3866666666666667
2013-05-16,3.319
2013-05-17,3.6284
2013-05-18,3.9378
2013-05-21,4.866
2013-05-22,3.71
2013-05-23,3.456
2013-05-24,3.202
2013-05-25,3.4725
2013-05-26,3.743
2013-05-27,3.722
2013-05-28,3.701
2013-05-29,3.5467142857142857
2013-05-30,3.392428571428572
2013-06-04,2.621
2013-06-05,2.481
2013-06-06,2.341
2013-06-08,2.061
2013-06-09,2.0474
2013-06-10,2.0338
2013-06-13,1.993
2013-06-14,1.916
2013-06-15,1.839
2013-06-16,1.81175
2013-06-17,1.7845
2013-06-19,1.73
2013-06-20,1.699
2013-06-21,1.668
2013-06-22,1.637
2013-06-23,1.6253333333333333
2013-06-24,1.6136666666666668
2013-06-25,1.602
2013-06-26,1.623
2013-06-27,1.644
2013-06-28,1.6293333333333333
2013-06-29,1.6146666666666667
2013-06-30,1.6
2013-07-01,1.39
2013-07-02,1.18
2013-07-03,1.22075
2013-07-04,1.2614999999999998
2013-07-06,1.343
2013-07-07,1.2978
2013-07-08,1.2526
2013-07-11,1.117
2013-07-12,1.1286666666666667
2013-07-13,1.1403333333333332
2013-07-14,1.152
2013-07-15,1.137
2013-07-16,1.122
2013-07-17,1.107
2013-07-18,1.365
2013-07-19,1.623
2013-07-20,1.4300000000000002
2013-07-21,1.237
2013-07-22,1.22
2013-07-23,1.203
2013-07-24,1.186
2013-07-25,1.224
2013-07-26,1.262
2013-07-27,1.3
2013-07-28,1.2435
2013-07-29,1.187
2013-07-30,1.206323529411765
2013-07-31,1.2256470588235295
2013-09-01,1.844
2013-09-02,1.844
2013-09-03,1.844
2013-09-04,1.641
2013-09-05,1.526
2013-09-06,1.526
2013-09-07,1.526
2013-09-08,1.526
2013-09-09,1.886
2013-09-10,2.016
2013-09-11,2.016
2013-09-12,2.016
2013-09-13,2.016
2013-09-14,1.886
2013-09-15,1.526
2013-09-16,1.526
2013-09-17,1.526
2013-09-18,1.139
2013-09-19,0.937
2013-09-20,1.069
2013-09-21,0.937
2013-09-22,0.937
2013-09-23,1.274
2013-09-24,1.823
2013-09-25,1.929
2013-09-26,1.929
2013-09-27,1.929
2013-09-28,1.802
2013-09-29,1.761
2013-09-30,1.761
2013-10-01,1.886
2013-10-02,1.701
2013-10-03,1.443
2013-10-04,1.311
2013-10-05,1.311
2013-10-06,1.354
2013-10-07,1.844
2013-10-08,1.936
2013-10-09,1.893
2013-10-10,1.994
2013-10-11,2.016
2013-10-12,2.031
2013-10-13,1.929
2013-10-14,1.994
2013-10-15,2.016
2013-10-16,1.987
2013-10-17,1.823
2013-10-18,1.886
2013-10-19,1.628
2013-10-20,1.311
2013-10-21,1.311
2013-10-22,1.311
2013-10-23,1.681
2013-10-24,1.929
2013-10-25,1.929
2013-10-26,1.983
2013-10-27,2.831
2013-10-28,3.566
2013-10-29,3.628
2013-10-30,3.555
2014-04-01,35.0
2014-04-02,34.0
2014-04-03,34.0
2014-04-04,32.0
2014-04-05,32.0
2014-04-06,30.0
2014-04-07,30.0
2014-04-08,35.0
2014-04-09,35.0
2014-04-10,34.0
2014-04-11,32.0
2014-04-12,30.0
2014-04-13,30.0
2014-04-14,26.0
2014-04-15,25.0
2014-04-16,25.0
2014-04-17,22.0
2014-04-18,22.0
2014-04-19,20.0
2014-04-20,20.0
2014-04-21,20.0
2014-04-22,18.0
2014-04-23,18.0
2014-04-24,18.0
2014-04-25,17.0
2014-04-26,17.0
2014-04-27,17.0
2014-04-28,17.0
2014-04-29,16.0
2014-04-30,16.0
2014-05-01,16.0
2014-05-02,16.0
2014-05-03,15.5
2014-05-04,15.5
2014-05-05,15.0
2014-05-06,15.0
2014-05-07,15.0
2014-05-08,14.5
2014-05-09,14.5
2014-05-10,14.5
2014-05-11,14.0
2014-05-12,14.0
2014-05-13,14.0
2014-05-14,13.5
2014-05-15,13.5
2014-05-16,13.5
2014-05-17,13.0
2014-05-18,13.0
2014-05-19,12.5
2014-05-20,12.0
2014-05-21,11.5
2014-05-22,11.0
2014-05-23,10.5
2014-05-24,10.0
2014-05-25,9.5
2014-05-26,9.0
2014-05-27,8.5
2014-05-28,8.0
2014-05-29,7.5
2014-05-30,7.0
2014-05-31,6.5
2014-06-01,2.2
2014-06-02,2.2
2014-06-03,2.2
2014-06-04,2.2
2014-06-05,2.1
2014-06-06,2.1
2014-06-07,2.1
2014-06-08,2.1
2014-06-09,2.0
2014-06-10,2.0
2014-06-11,1.9
2014-06-12,1.9
2014-06-13,1.9
2014-06-14,1.9
2014-06-15,1.9
2014-06-16,1.8
2014-06-17,1.8
2014-06-18,1.8
2014-06-19,1.9
2014-06-20,1.9
2014-06-21,1.9
2014-06-22,1.9
2014-06-23,1.9
2014-06-24,1.9
2014-06-25,1.9
2014-06-26,1.9
2014-06-27,1.9
2014-06-28,1.9
2014-06-29,1.9
2014-06-30,1.9
2014-07-01,1.9
2014-07-02,1.9
2014-07-03,1.93
2014-07-04,1.9
2014-07-05,1.9
2014-07-06,1.9
2014-07-07,1.8
2014-07-08,1.8
2014-07-09,1.8
2014-07-10,1.8
2014-07-11,1.8
2014-07-12,1.8
2014-07-13,1.8
2014-07-14,1.5
2014-07-15,1.8
2014-07-16,1.5
2014-07-17,1.5
2014-07-18,1.5
2014-07-19,1.5
2014-07-20,1.5
2014-07-21,1.4
2014-07-22,1.4
2014-07-23,1.4
2014-07-24,1.4
2014-07-25,1.5
2014-07-26,1.5
2014-07-27,1.5
2014-07-28,1.5
2014-07-29,1.5
2014-07-30,1.5
2014-07-31,1.5
2014-08-01,1.5
2014-08-02,1.5
2014-08-03,1.5
2014-08-04,1.5
2014-08-05,1.1
2014-08-06,1.1
2014-08-07,1.1
2014-08-08,1.2
2014-08-09,1.2
2014-08-10,1.2
2014-08-11,1.2
2014-08-12,1.2
2014-08-13,1.2
2014-08-14,1.2
2014-08-15,1.2
2014-08-16,1.2
2014-08-17,1.2
2014-08-18,1.2
2014-08-19,1.2
2014-08-20,1.2
2014-08-21,1.1
2014-08-22,1.1
2014-08-23,1.1
2014-08-24,1.1
2014-08-25,1.2
2014-08-26,1.2
2014-08-27,0.96
2014-08-28,0.96
2014-08-29,0.96
2014-08-30,0.96
2014-08-31,0.96
2014-09-01,1.023
2014-09-02,1.023
2014-09-03,1.023
2014-09-04,1.023
2014-09-05,1.008
2014-09-06,0.963
2014-09-07,0.963
2014-09-08,0.963
2014-09-09,0.963
2014-09-10,0.768
2014-09-11,0.94
2014-09-12,0.94
2014-09-13,0.94
2014-09-14,0.94
2014-09-15,0.94
2014-09-16,0.942
2014-09-17,0.942
2014-09-18,0.942
2014-09-19,0.942
2014-09-20,0.942
2014-09-21,0.942
2014-09-22,0.942
2014-09-23,0.925
2014-09-24,0.925
2014-09-25,0.925
2014-09-26,0.925
2014-09-27,1.088
2014-09-28,1.088
2014-09-29,1.128
2014-09-30,1.0
2014-10-01,1.5
2014-10-02,1.5
2014-10-03,1.5
2014-10-04,1.45
2014-10-05,1.45
2014-10-06,1.45
2014-10-07,1.4
2014-10-08,1.4
2014-10-09,1.35
2014-10-10,1.4
2014-10-11,1.4
2014-10-12,1.5
2014-10-13,1.5
2014-10-14,1.6
2014-10-15,1.6
2014-10-16,1.8
2014-10-17,2.3
2014-10-18,2.5
2014-10-19,3.0
2014-10-20,3.0
2014-10-21,3.5
2014-10-22,5.0
2014-10-23,8.0
2014-10-24,9.0
2014-10-25,7.0
2014-10-26,6.0
2014-10-27,5.0
2014-10-28,5.0
2014-10-29,4.0
2014-10-30,4.0
2014-10-31,3.5
2014-11-01,3.0
2014-11-02,2.5
2014-11-03,2.5
2014-11-04,2.4
2014-11-05,2.4
2014-11-06,2.3
2014-11-07,2.2
2014-11-08,2.2
2014-11-09,2.1
2014-11-10,2.0
2014-11-11,2.2
2014-11-12,3.0
2014-11-13,4.0
2014-11-14,5.0
2014-11-15,8.0
2014-11-16,10.0
2014-11-17,12.0
2014-11-18,12.0
2014-11-19,12.0
2014-11-20,10.0
2014-11-21,10.0
2014-11-22,10.0
2014-11-23,11.0
2014-11-24,10.0
2014-11-25,8.0
2014-11-26,6.0
2014-11-27,4.0
2014-11-28,3.0
2014-11-29,3.0
2014-11-30,3.0
2014-12-01,1.21
2014-12-02,1.21
2014-12-03,1.21
2014-12-04,1.21
2014-12-05,1.21
2014-12-06,1.21
2014-12-07,1.21
2014-12-08,1.21
2014-12-09,1.21
2014-12-10,6.749
2014-12-11,7.561
2014-12-12,7.561
2014-12-13,14.252
2014-12-14,14.252
2014-12-15,14.252
2014-12-16,14.252
2014-12-17,14.252
2014-12-18,14.252
2014-12-19,14.252
2014-12-20,14.252
2014-12-21,14.252
2014-12-22,8.701
2014-12-23,9.972
2014-12-24,9.972
2014-12-25,9.972
2014-12-26,9.972
2014-12-27,9.972
2014-12-28,9.972
2014-12-29,9.972
2014-12-30,9.972
2014-12-31,9.972
2015-01-01,47.1
2015-01-02,49.0
2015-01-03,51.5
2015-01-04,52.2
2015-01-05,52.8
2015-01-06,52.8
2015-01-07,63.07
2015-01-08,57.664
2015-01-09,38.7
2015-01-10,36.5
2015-01-11,35.0
2015-01-12,33.0
2015-01-13,30.9
2015-01-14,31.2
2015-01-15,29.7
2015-01-16,23.1
2015-01-17,19.1
2015-01-18,19.1
2015-01-19,19.1
2015-01-20,19.1
2015-01-21,9.4
2015-01-22,16.3
2015-01-23,23.0
2015-01-24,29.1
2015-01-25,29.1
2015-01-26,29.1
2015-01-27,39.9
2015-01-28,41.9
2015-01-29,43.5
2015-01-30,43.5
2015-01-31,41.6
2015-02-01,41.6
2015-02-02,41.6
2015-02-03,38.2
2015-02-04,38.2
2015-02-05,38.318
2015-02-06,34.2
2015-02-07,33.0
2015-02-08,33.0
2015-02-09,33.0
2015-02-10,33.6
2015-02-11,34.8
2015-02-12,41.1
2015-02-13,35.2
2015-02-14,33.0
2015-02-15,33.5
2015-02-16,32.8
2015-02-17,40.7
2015-02-18,40.2
2015-02-19,39.0
2015-02-20,40.0
2015-02-21,42.0
2015-02-22,41.3
2015-02-23,37.0
2015-02-24,38.0
2015-02-25,41.0
2015-02-26,42.5
2015-02-27,43.5
2015-02-28,44.0
2015-03-01,45.0
2015-03-02,46.8
2015-03-03,37.8
2015-03-04,45.0
2015-03-05,54.0
2015-03-06,75.0
2015-03-07,96.0
2015-03-08,110.0
2015-03-09,121.0
2015-03-10,66.0
2015-03-11,66.0
2015-03-12,55.0
2015-03-13,43.8
2015-03-14,44.0
2015-03-15,43.0
2015-03-16,43.5
2015-03-17,45.8
2015-03-18,56.6
2015-03-19,64.0
2015-03-20,70.9
2015-03-21,68.7
2015-03-22,68.0
2015-03-23,68.0
2015-03-24,95.8
2015-03-25,105.9
2015-03-26,110.3
2015-03-27,105.9
2015-03-28,92.0
2015-03-29,92.0
2015-03-30,92.6
2015-03-31,49.7
2015-04-01,42.3
2015-04-02,37.2
2015-04-03,37.2
2015-04-04,37.2
2015-04-05,37.2
2015-04-06,37.2
2015-04-07,37.2
2015-04-08,37.2
2015-04-09,43.3
2015-04-10,36.9
2015-04-11,36.9
2015-04-12,36.9
2015-04-13,36.9
2015-04-14,42.3
2015-04-15,39.6
2015-04-16,39.6
2015-04-17,42.3
2015-04-18,42.8
2015-04-19,42.8
2015-04-20,42.8
2015-04-21,17.5
2015-04-22,17.5
2015-04-23,17.0
2015-04-24,8.0
2015-04-25,8.3
2015-04-26,8.0
2015-04-27,8.0
2015-04-28,8.0
2015-04-29,3.0
2015-04-30,3.0
2015-05-01,8.1
2015-05-02,8.0
2015-05-03,8.0
2015-05-04,7.0
2015-05-05,7.2
2015-05-06,7.0
2015-05-07,8.7
2015-05-08,8.7
2015-05-09,8.4
2015-05-10,8.4
2015-05-11,8.4
2015-05-12,8.0
2015-05-13,7.7
2015-05-14,7.6
2015-05-15,7.4
2015-05-16,6.8
2015-05-17,6.5
2015-05-18,6.0
2015-05-19,5.0
2015-05-20,4.2
2015-05-21,3.9
2015-05-22,4.2
2015-05-23,3.9
2015-05-24,3.6
2015-05-25,2.9
2015-05-26,1.1
2015-05-27,1.2
2015-05-28,1.0
2015-05-29,0.44
2015-05-30,5.1
2015-05-31,5.0
2015-06-01,4.9
2015-06-02,5.0
2015-06-03,4.9
2015-06-04,5.0
2015-06-05,4.8
2015-06-06,4.7
2015-06-07,4.5
2015-06-08,4.5
2015-06-09,4.1
2015-06-10,4.0
2015-06-11,4.0
2015-06-12,4.0
2015-06-13,4.1
2015-06-14,3.9
2015-06-15,3.9
2015-06-16,3.8
2015-06-17,3.8
2015-06-18,3.9
2015-06-19,3.8
2015-06-20,3.8
2015-06-21,3.8
2015-06-22,3.9
2015-06-23,3.8
2015-06-24,3.7
2015-06-25,2.5
2015-06-26,2.7
2015-06-27,2.5
2015-06-28,2.5
2015-06-29,2.6
2015-06-30,2.6
2015-07-01,2.5
2015-07-02,2.7
2015-07-03,2.8
2015-07-04,2.9
2015-07-05,3.0
2015-07-06,3.1
2015-07-07,3.2
2015-07-08,3.5
2015-07-09,3.2
2015-07-10,3.2
2015-07-11,3.2
2015-07-12,3.2
2015-07-13,3.2
2015-07-14,3.2
2015-07-15,3.5
2015-07-16,3.5
2015-07-17,3.5
2015-07-18,3.5
2015-07-19,3.5
2015-07-20,3.4
2015-07-21,3.2
2015-07-22,3.2
2015-07-23,3.2
2015-07-24,3.2
2015-07-25,3.2
2015-07-26,3.2
2015-07-27,3.1
2015-07-28,3.1
2015-07-29,3.1
2015-07-30,3.1
2015-07-31,3.1
2015-08-01,2.8
2015-08-02,2.8
2015-08-03,2.7
2015-08-04,2.7
2015-08-05,2.7
2015-08-06,2.5
2015-08-07,2.4
2015-08-08,2.2
2015-08-09,2.0
2015-08-10,2.0
2015-08-11,1.8
2015-08-12,1.5
2015-08-13,1.5
2015-08-14,1.5
2015-08-15,1.4
2015-08-16,1.4
2015-08-17,1.4
2015-08-18,1.3
2015-08-19,1.2
2015-08-20,1.5
2015-08-21,1.7
2015-08-22,1.9
2015-08-23,2.1
2015-08-24,2.2
2015-08-25,2.2
2015-08-26,2.2
2015-08-27,2.1
2015-08-28,2.1
2015-08-29,2.1
2015-08-30,2.1
2015-08-31,2.1
2015-09-01,2.0
2015-09-02,2.1
2015-09-03,2.1
2015-09-04,2.1
2015-09-05,2.1
2015-09-06,2.1
2015-09-07,2.1
2015-09-08,2.1
2015-09-09,2.1
2015-09-10,2.1
2015-09-11,2.1
2015-09-12,2.2
2015-09-13,2.0
2015-09-14,2.0
2015-09-15,1.9
2015-09-16,1.9
2015-09-17,2.0
2015-09-18,2.0
2015-09-19,1.9
2015-09-20,1.9
2015-09-21,2.0
2015-09-22,1.9
2015-09-23,1.9
2015-09-24,1.9
2015-09-25,2.0
2015-09-26,1.9
2015-09-27,1.9
2015-09-28,1.9
2015-09-29,2.0
2015-09-30,1.9
2015-10-01,1.9
2015-10-02,1.9
2015-10-03,1.9
2015-10-04,1.9
2015-10-05,1.9
2015-10-06,2.0
2015-10-07,2.0
2015-10-08,1.9
2015-10-09,1.9
2015-10-10,1.9
2015-10-11,2.0
2015-10-12,2.0
2015-10-13,1.9
2015-10-14,1.9
2015-10-15,1.9
2015-10-16,1.9
2015-10-17,1.9
2015-10-18,1.9
2015-10-19,1.9
2015-10-20,2.0
2015-10-21,2.0
2015-10-22,2.0
2015-10-23,2.1
2015-10-24,2.0
2015-10-25,2.0
2015-10-26,2.0
2015-10-27,2.0
2015-10-28,1.5
2015-10-29,1.5
2015-10-30,1.5
2015-10-31,1.5
2015-11-01,1.3
2015-11-02,1.3
2015-11-03,1.3
2015-11-04,1.2
2015-11-05,1.2
2015-11-06,1.1
2015-11-07,1.1
2015-11-08,1.1
2015-11-09,1.1
2015-11-10,1.0
2015-11-11,1.0
2015-11-12,1.0
2015-11-13,1.0
2015-11-14,1.5
2015-11-15,1.5
2015-11-16,1.5
2015-11-17,1.5
2015-11-18,1.3
2015-11-19,1.3
2015-11-20,1.2
2015-11-21,1.2
2015-11-22,1.1
2015-11-23,1.1
2015-11-24,1.1
2015-11-25,1.1
2015-11-26,1.1
2015-11-27,1.1
2015-11-28,1.1
2015-11-29,1.1
2015-11-30,1.1
2015-12-01,1.1
2015-12-02,1.1
2015-12-03,1.1
2015-12-04,1.1
2015-12-05,1.1
2015-12-06,1.1
2015-12-07,1.1
2015-12-08,1.1
2015-12-09,1.5
2015-12-10,1.5
2015-12-11,1.7
2015-12-12,1.7
2015-12-13,1.8
2015-12-14,1.9
2015-12-15,1.9
2015-12-16,2.2
2015-12-17,2.2
2015-12-18,2.7
2015-12-19,3.2
2015-12-20,3.5
2015-12-21,4.2
2015-12-22,4.8
2015-12-23,7.5
2015-12-24,7.5
2015-12-25,7.5
2015-12-26,7.5
2015-12-27,7.5
2015-12-28,7.5
2015-12-29,8.3
2015-12-30,8.3
2015-12-31,8.3
2016-01-01,5.6
2016-01-02,5.6
2016-01-03,5.6
2016-01-04,5.6
2016-01-05,2.5
2016-01-06,2.5
2016-01-07,3.5
2016-01-08,3.1
2016-01-09,2.5
2016-01-10,2.2
2016-01-11,1.8
2016-01-12,1.5
2016-01-13,1.3
2016-01-14,1.2
2016-01-15,1.0
2016-01-16,1.0
2016-01-17,1.0
2016-01-18,0.9
2016-01-19,0.8
2016-01-20,0.7
2016-01-21,0.7
2016-01-22,0.9
2016-01-23,1.3
2016-01-24,1.3
2016-01-25,1.3
2016-01-26,1.3
2016-01-27,1.3
2016-01-28,1.7
2016-01-29,1.7
2016-01-30,1.7
2016-01-31,1.6
2016-02-01,1.7
2016-02-02,1.7
2016-02-03,3.5
2016-02-04,3.5
2016-02-05,3.8
2016-02-06,4.2
2016-02-07,5.1
2016-02-08,4.2
2016-02-09,4.2
2016-02-10,7.5
2016-02-11,8.2
2016-02-12,9.0
2016-02-13,9.0
2016-02-14,9.0
2016-02-15,6.8
2016-02-16,5.6
2016-02-17,5.8
2016-02-18,6.9
2016-02-19,8.3
2016-02-20,8.3
2016-02-21,8.3
2016-02-22,7.2
2016-02-23,6.9
2016-02-24,9.2
2016-02-25,11.9
2016-02-26,18.3
2016-02-27,18.3
2016-02-28,20.0
2016-02-29,8.1
2016-03-01,47.48
2016-03-02,47.0
2016-03-03,47.8
2016-03-04,38.0
2016-03-05,45.04525
2016-03-06,52.0905
2016-03-08,66.181
2016-03-09,61.0
2016-03-10,54.0
2016-03-11,59.1
2016-03-12,59.1
2016-03-13,59.1
2016-03-14,59.1
2016-03-15,46.9
2016-03-16,46.9
2016-03-17,46.9
2016-03-18,22.1
2016-03-19,22.1
2016-03-20,24.0
2016-03-21,18.7
2016-03-22,22.2
2016-03-23,22.2
2016-03-24,22.2
2016-03-25,20.6
2016-03-26,20.6
2016-03-27,20.6
2016-03-28,17.19
2016-03-29,20.7
2016-03-30,22.8
2016-03-31,22.8
2016-04-01,22.2
2016-04-02,24.2
2016-04-03,24.2
2016-04-04,31.5
2016-04-05,21.4
2016-04-06,20.85
2016-04-07,17.8
2016-04-08,17.8
2016-04-09,12.65
2016-04-10,12.65
2016-04-11,12.65
2016-04-12,16.9
2016-04-13,16.9
2016-04-14,11.19
2016-04-15,16.9
2016-04-16,16.9
2016-04-17,11.19
2016-04-18,10.34
2016-04-19,15.0
2016-04-20,19.08
2016-04-21,19.08
2016-04-22,19.96
2016-04-23,19.96
2016-04-24,19.96
2016-04-25,12.13
2016-04-26,9.72
2016-04-27,8.87
2016-04-28,7.98
2016-04-29,7.98
2016-04-30,7.48
2016-05-01,7.48
2016-05-02,4.54
2016-05-03,4.16
2016-05-04,3.5
2016-05-05,3.81
2016-05-06,2.76
2016-05-07,2.76
2016-05-08,2.76
2016-05-09,2.76
2016-05-10,0.68
2016-05-11,1.0
2016-05-12,1.47
2016-05-13,1.0
2016-05-14,1.0
2016-05-15,1.0
2016-05-16,1.18
2016-05-17,1.18
2016-05-18,1.13
2016-05-19,1.05
2016-05-20,1.05
2016-05-21,1.05
2016-05-22,1.05
2016-05-23,0.5
2016-05-24,0.5
2016-05-25,0.34
2016-05-26,1.0
2016-05-27,0.97
2016-05-28,0.97
2016-05-29,0.97
2016-05-30,0.97
2016-05-31,0.97
2016-06-01,1.0
2016-06-02,1.0
2016-06-03,1.0
2016-06-04,1.0
2016-06-05,1.0
2016-06-06,1.0
2016-06-07,1.0
2016-06-08,1.0
2016-06-09,1.0
2016-06-10,1.0
2016-06-11,1.0
2016-06-12,1.0
2016-06-13,1.0
2016-06-14,1.0
2016-06-15,1.0
2016-06-16,1.0
2016-06-17,1.0
2016-06-18,1.0
2016-06-19,1.0
2016-06-20,1.0
2016-06-21,1.0
2016-06-22,1.0
2016-06-23,1.0
2016-06-24,1.0
2016-06-25,1.0
2016-06-26,1.0
2016-06-27,1.0
2016-06-28,1.331
2016-10-28,1.3
2016-10-29,1.3
2016-10-30,1.3
2016-10-31,1.3
2016-11-01,1.3
2016-11-02,1.2
2016-11-03,1.3
2016-11-04,1.3
2016-11-05,1.3
2016-11-06,1.3
2016-11-07,1.3
2016-11-08,1.3
2016-11-09,1.2
2016-11-10,1.2
2016-11-11,1.2
2016-11-12,1.2
2016-11-13,1.2
2016-11-14,1.2
2016-11-15,1.2
2016-11-16,2.5
2016-11-17,1.2
2016-11-18,1.2
2016-11-19,1.2
2016-11-20,1.2
2016-11-21,1.2
2016-11-22,1.0
2016-11-23,1.0
2016-11-24,1.0
2016-11-25,1.0
2016-11-26,1.0
2016-11-27,1.0
2016-11-28,1.0
2016-11-29,1.193
2016-11-30,1.0
2016-12-01,1.0
2016-12-02,1.0
2016-12-03,1.0
2016-12-04,1.0
2016-12-05,1.0
2016-12-06,1.0
2016-12-07,1.0
2016-12-08,1.0
2016-12-09,1.0
2016-12-10,1.0
2016-12-11,1.0
2016-12-12,1.0
2016-12-13,1.0
2016-12-14,1.0
2016-12-15,1.0
2016-12-16,1.0
2016-12-17,1.0
2016-12-18,1.0
2016-12-19,1.0
2016-12-20,1.0
2016-12-21,1.0
2016-12-22,1.0
2016-12-23,1.0
2016-12-24,1.0
2016-12-25,1.0
2016-12-26,1.0
2016-12-27,1.0
2016-12-28,2.0
2016-12-29,3.0
2016-12-30,3.0
2016-12-31,3.0
2017-01-01,5.0
2017-01-02,5.0
2017-01-03,8.5
2017-01-04,10.2
2017-01-05,9.5
2017-01-06,21.0
2017-01-07,22.0
2017-01-08,24.0
2017-01-09,22.0
2017-01-10,26.0
2017-01-11,23.0
2017-01-12,27.0
2017-01-13,65.0
2017-01-14,68.0
2017-01-15,70.0
2017-01-16,77.0
2017-01-17,74.66875
2017-01-18,72.3375
2017-02-01,39.7
2017-02-02,41.208
2017-02-03,42.925
2017-02-04,50.21375
2017-02-05,57.5025
2017-02-07,72.08
2017-02-08,76.826
2017-02-09,101.898
2017-02-10,110.959
2017-02-11,120.02
2017-02-12,115.78525
2017-02-13,111.5505
2017-02-15,103.081
2017-02-16,65.025
2017-02-17,63.580000000000005
2017-02-18,62.135
2017-02-19,60.69
2017-02-20,60.12
2017-02-21,59.55
2017-02-22,58.51349999999999
2017-02-23,57.477
2017-02-24,91.106
2017-02-25,108.664
2017-02-26,108.324
2017-02-27,156.38
2017-02-28,144.67
2017-03-01,143.29290999999998
2017-03-02,141.91582
2017-06-08,6.961
2017-06-09,6.86875
2017-06-10,6.7765
2017-06-12,6.592
2017-06-13,6.335999999999999
2017-06-14,6.08
2017-06-15,5.824
2017-06-16,5.58425
2017-06-17,5.3445
2017-06-19,4.865
2017-06-20,4.790333333333334
2017-06-21,4.7156666666666665
2017-06-22,4.641
2017-06-23,4.5274
2017-06-24,4.4138
2017-06-27,4.073
2017-06-28,3.972
2017-06-29,3.871
2017-07-01,3.669
2017-07-02,3.611
2017-07-03,3.553
2017-07-04,3.495
2017-07-05,3.486
2017-07-06,3.4770000000000003
2017-07-09,3.45
2017-07-10,3.2190000000000003
2017-07-11,2.988
2017-07-12,2.757
2017-07-13,2.776
2017-07-14,2.795
2017-07-18,2.871
2017-07-19,2.7783333333333333
2017-07-20,2.685666666666666
2017-07-21,2.593
2017-07-22,2.5833
2017-07-23,2.5736
2017-07-31,2.496
2017-08-01,2.4385
2017-08-02,2.381
2017-08-03,2.37075
2017-08-04,2.3605
2017-08-06,2.34
2017-08-07,2.30225
2017-08-08,2.2645
2017-08-14,2.038
2017-08-15,2.035285714285714
2017-08-16,2.0325714285714285
2017-08-21,2.019
2017-08-22,2.0124285714285715
2017-08-23,2.005857142857143
2017-08-28,1.973
2017-08-29,1.8794
2017-08-30,1.7858
2017-09-02,1.505
2017-09-03,1.4868
2017-09-04,1.4686
2017-09-07,1.414
2017-09-08,1.4862
2017-09-09,1.5584
2017-09-12,1.775
2017-09-13,1.7606666666666666
2017-09-14,1.7463333333333333
2017-09-15,1.732
2017-09-16,1.695142857142857
2017-09-17,1.6582857142857144
2017-09-22,1.474
2017-09-23,1.476
2017-09-24,1.478
2017-09-25,1.4996666666666667
2017-09-26,1.5213333333333332
2017-09-27,1.543
2017-09-28,1.5799999999999998
2017-09-29,1.617
2017-10-03,1.765
2017-10-04,1.83925
2017-10-05,1.9135
2017-10-07,2.062
2017-10-08,2.011
2017-10-09,1.96
2017-10-10,1.909
2017-10-11,1.94175
2017-10-12,1.9745
2017-10-14,2.04
2017-10-15,2.333333333333333
2017-10-16,2.6266666666666665
2017-10-17,2.92
2017-10-18,2.868
2017-10-19,2.816
2017-10-20,2.764
2017-10-21,3.171
2017-10-22,3.5780000000000003
2017-10-25,4.799
2017-10-26,6.091
2017-10-27,7.383
2017-10-28,5.974
2017-10-29,4.565
2017-10-30,4.333500000000001
2017-10-31,4.102
2017-11-01,3.791
2017-11-02,3.4800000000000004
2017-11-05,2.547
2017-11-06,2.4835000000000003
2017-11-07,2.42
2017-11-08,2.137
2017-11-09,2.0278
2017-11-10,1.9186
2017-11-13,1.591
2017-11-14,1.6215
2017-11-15,1.652
2017-11-17,1.713
2017-11-18,1.7148
2017-11-19,1.7166
2017-11-22,1.722
2017-11-23,1.6976666666666669
2017-11-24,1.6733333333333331
2017-11-25,1.649
2017-11-26,2.439333333333334
2017-11-27,3.2296666666666667
2017-11-28,4.02
2017-11-29,3.856571428571428
2017-11-30,3.6931428571428566
2017-12-05,2.876
2017-12-06,2.823
2017-12-07,2.632
2017-12-08,2.688
2017-12-09,2.744
2017-12-11,2.856
2017-12-12,2.9106666666666667
2017-12-13,2.965333333333333
2017-12-14,3.02
2017-12-15,3.3315
2017-12-16,3.643
2017-12-18,4.266
2017-12-19,4.673090909090909
2017-12-20,5.080181818181818
2017-12-29,8.744
2017-12-30,7.763
2017-12-31,7.777481481481481
2018-01-01,7.791962962962962
2018-05-14,9.718
2018-05-15,9.002
2018-05-16,8.286
2018-05-17,7.57
2018-05-18,7.340666666666666
2018-05-19,7.1113333333333335
2018-05-20,6.882
2018-05-21,6.675
2018-05-22,6.42
2018-05-23,6.165
2018-05-24,5.81
2018-05-25,5.2555
2018-05-26,4.701
2018-05-27,4.783
2018-05-28,4.865
2018-05-29,4.6215
2018-05-30,4.378
2018-05-31,3.9995
2018-06-01,3.621
2018-06-02,3.7916
2018-06-03,3.9622
2018-06-06,4.474
2018-06-07,4.1706666666666665
2018-06-08,3.867333333333333
2018-06-09,3.564
2018-06-10,3.197
2018-06-11,2.83
2018-06-12,2.5
2018-06-13,2.3713333333333333
2018-06-14,2.2426666666666666
2018-06-15,2.114
2018-06-16,2.2116666666666664
2018-06-17,2.309333333333333
2018-06-18,2.407
2018-06-19,2.181
2018-06-20,2.1020000000000003
2018-06-21,2.023
2018-06-22,1.963
2018-06-23,1.903
2018-06-26,1.723
2018-06-27,1.715
2018-06-28,1.707
2018-07-05,1.651
2018-07-06,1.6456
2018-07-07,1.6402
2018-07-10,1.624
2018-07-11,1.614
2018-07-12,1.604
2018-07-14,1.584
2018-07-15,1.5215
2018-07-16,1.459
2018-07-17,1.463375
2018-07-18,1.46775
2018-07-24,1.494
2018-07-25,1.498
2018-07-26,1.502
2018-07-30,1.518
2018-07-31,2.259
2018-08-01,3.0
2018-08-02,3.0
2018-08-03,3.0
2018-08-04,3.0
2018-08-05,3.0
2018-08-06,3.0
2018-08-07,3.0
2018-08-08,3.0
2018-08-09,3.0
2018-08-10,3.0
2018-08-11,3.0
2018-08-12,3.0
2018-08-13,3.0
2018-08-14,3.0
2018-08-15,3.0
2018-08-16,3.0
2018-08-17,3.0
2018-08-18,3.0
2018-08-19,3.0
2018-08-20,3.0
2018-08-21,3.0
2018-08-22,3.0
2018-08-23,3.0
2018-10-09,3.0
2018-10-10,3.0
2018-10-11,3.0
2018-10-12,4.0
2018-10-13,4.0
2018-10-14,4.0
2018-10-15,4.0
2018-10-16,4.0
2018-10-17,4.0
2018-10-18,4.0
2018-10-19,4.0
2018-10-20,4.0
2018-10-21,4.0
2018-10-22,4.0
2018-10-23,4.0
2018-10-24,4.0
2018-10-25,4.0
2018-10-26,4.0
2018-10-27,4.0
2018-10-28,4.0
2018-10-29,4.0
2018-10-30,4.0
2018-10-31,5.0
2018-11-01,5.0
2018-11-02,5.0
2018-11-03,5.0
2018-11-04,5.0
2018-11-05,5.0
2018-11-06,5.0
2018-11-07,5.0
2018-11-08,5.0
2018-11-09,6.0
2018-11-10,7.0
2018-11-11,7.0
2018-11-12,7.0
2018-11-13,8.0
2018-11-14,7.5
2018-11-15,7.0
2018-11-16,6.0
2018-11-17,6.0
2018-11-18,6.0
2018-11-19,6.0
2018-11-20,7.0
2018-11-21,6.0
2018-11-22,6.0
2018-11-23,6.0
2018-11-24,6.0
2018-11-25,6.0
2018-11-26,7.0
2018-11-27,7.0
2018-11-28,7.0
2018-11-29,7.0
2018-11-30,7.0
2018-12-01,7.0
2018-12-02,7.0
2018-12-03,7.0
2018-12-04,6.0
2018-12-05,6.0
2018-12-06,6.0
2018-12-07,7.0
2018-12-08,7.0
2018-12-09,7.0
2018-12-10,6.0
2018-12-11,6.0
2018-12-12,6.0
2018-12-13,6.0
2018-12-14,4.0
2018-12-15,4.0
2018-12-16,4.0
2018-12-17,4.5
2018-12-18,5.0
2018-12-19,5.0
2018-12-20,7.0
2018-12-21,6.0
2018-12-22,6.0
2018-12-23,5.0
2018-12-24,4.0
2018-12-25,4.0
2018-12-26,6.0
2018-12-27,6.0
2018-12-28,6.2
2018-12-29,6.4
2019-01-01,7.0
2019-01-02,7.5
2019-01-03,8.0
2019-01-04,3.0
2019-01-05,3.0
2019-01-06,3.0
2019-01-07,3.0
2019-01-08,3.0
2019-01-09,3.0
2019-01-10,3.0
2019-01-11,3.0
2019-01-12,4.0
2019-01-13,4.0
2019-01-14,4.0
2019-01-15,7.0
2019-01-16,8.0
2019-01-17,10.0
2019-01-18,12.0
2019-01-19,14.0
2019-01-20,12.0
2019-01-21,12.5
2019-01-22,13.0
2019-01-23,16.0
2019-01-24,53.0
2019-01-25,50.0
2019-01-26,55.0
2019-01-27,55.0
2019-01-28,50.0
2019-01-29,50.0
2019-01-30,45.0
2019-01-31,42.0
2019-02-01,30.0
2019-02-02,31.0
2019-02-03,32.0
2019-02-04,27.0
2019-02-05,35.0
2019-02-06,45.0
2019-02-07,38.0
2019-02-08,35.0
2019-02-09,32.0
2019-02-10,45.0
2019-02-11,35.0
2019-02-12,40.0
2019-02-13,37.0
2019-02-14,38.0
2019-02-15,35.0
2019-02-16,38.0
2019-02-17,33.0
2019-02-18,25.0
2019-02-19,25.0
2019-02-20,35.0
2019-02-21,30.0
2019-02-22,33.0
2019-02-23,32.0
2019-02-24,35.0
2019-02-25,50.0
2019-02-26,55.0
2019-02-27,45.0
2019-02-28,48.0
2019-03-01,45.0
2019-03-02,47.0
2019-03-03,45.0
2019-03-04,44.0
2019-03-05,55.0
2019-03-06,50.0
2019-03-07,80.0
2019-03-08,73.0
2019-03-09,75.0
2019-03-10,72.0
2019-03-11,52.0
2019-03-12,48.0
2019-03-13,37.0
2019-03-14,38.0
2019-03-15,35.0
2019-03-16,35.0
2019-03-17,35.0
2019-03-18,35.0
2019-03-19,35.0
2019-03-20,35.0
2019-03-21,42.0
2019-03-22,40.0
2019-03-23,42.0
2019-03-24,43.0
2019-03-25,48.0
2019-03-26,38.0
2019-03-27,30.0
2019-03-28,35.0
2019-03-29,30.0
2019-03-30,29.0
2019-03-31,30.0
2019-04-01,29.0
2019-04-02,28.0
2019-04-03,27.0
2019-04-04,25.0
2019-04-05,25.0
2019-04-06,25.0
2019-04-07,25.0
2019-04-08,23.0
2019-04-09,23.0
2019-04-10,22.5
2019-04-11,22.0
2019-04-12,22.0
2019-04-13,21.0
2019-04-14,20.0
2019-04-15,21.0
2019-04-16,20.0
2019-04-17,15.0
2019-04-18,15.0
2019-04-19,14.0
2019-04-20,15.0
2019-04-21,15.0
2019-04-22,20.0
2019-04-23,18.0
2019-04-24,18.0
2019-04-25,19.0
2019-04-26,18.0
2019-04-27,17.0
2019-04-28,18.0
2019-04-29,18.0
2019-04-30,18.0
2019-05-01,17.0
2019-05-02,15.0
2019-05-03,12.0
2019-05-04,11.0
2019-05-05,10.0
2019-05-06,11.0
2019-05-07,9.5
2019-05-08,9.0
2019-05-09,9.0
2019-05-10,9.0
2019-05-11,9.0
2019-05-12,8.0
2019-05-13,8.0
2019-05-14,9.0
2019-05-15,8.0
2019-05-16,8.0
2019-05-17,8.0
2019-05-18,8.0
2019-05-19,8.0
2019-05-20,9.0
2019-05-21,6.0
2019-05-22,6.0
2019-05-23,8.0
2019-05-24,7.0
2019-05-25,7.0
2019-05-26,7.0
2019-05-27,7.0
2019-05-28,7.0
2019-05-29,7.0
2019-05-30,7.0
2019-05-31,7.0
2019-06-01,6.0
2019-06-02,6.0
2019-06-03,6.0
2019-06-04,6.0
2019-06-05,6.0
2019-06-06,6.0
2019-06-07,6.0
2019-06-08,6.0
2019-06-09,6.0
2019-06-10,6.0
2019-06-11,6.0
2019-06-12,6.0
2019-06-13,6.0
2019-06-14,6.0
2019-06-15,6.0
2019-06-16,6.0
2019-06-17,5.0
2019-06-18,5.0
2019-06-19,6.0
2019-06-20,5.5
2019-06-21,5.0
2019-06-22,5.0
2019-06-23,5.0
2019-06-24,5.0
2019-06-25,5.0
2019-06-26,5.0
2019-06-27,5.0
2019-06-28,5.0
2019-06-29,5.0
2019-06-30,5.0
2019-07-01,5.0
2019-07-02,5.0
2019-07-03,5.0
2019-07-04,5.0
2019-07-05,5.0
2019-07-06,5.0
2019-07-07,5.0
2019-07-08,4.0
2019-07-09,4.0
2019-07-10,4.0
2019-07-11,4.0
2019-07-12,4.0
2019-07-13,4.0
2019-07-14,4.0
2019-07-15,4.0
2019-07-16,4.0
2019-07-17,4.0
2019-07-18,4.0
2019-07-19,3.5
2019-07-20,3.5
2019-07-21,3.5
2019-07-22,3.5
2019-07-23,3.5
2019-07-24,3.5
2019-07-25,3.0
2019-07-26,3.0
2019-07-27,3.0
2019-07-28,3.0
2019-07-29,3.0
2019-07-30,3.0
2019-07-31,3.0
2019-08-01,3.0
2019-08-02,3.0
2019-08-03,3.0
2019-08-04,3.0
2019-08-05,3.0
2019-08-06,3.0
2019-08-07,3.0
2019-08-08,3.0
2019-08-09,3.0
2019-08-10,3.0
2019-08-11,3.0
2019-08-12,3.0
2019-08-13,3.0
2019-08-14,3.0
2019-08-15,3.0
2019-08-16,3.0
2019-08-17,3.0
2019-08-18,3.0
2019-08-19,3.0
2019-08-20,3.0
2019-08-21,2.5
2019-08-22,2.5
2019-08-23,2.5
2019-08-24,2.5
2019-08-25,2.5
2019-08-26,2.5
2019-08-27,2.5
2019-08-28,2.5
2019-08-29,2.5
2019-08-30,2.5
2019-08-31,2.5
2019-09-01,2.5
2019-09-02,2.5
2019-09-03,2.0
2019-09-04,2.5
2019-09-05,2.5
2019-09-06,2.2
2019-09-07,2.2
2019-09-08,2.0
2019-09-09,2.5
2019-09-10,2.5
2019-09-11,2.5
2019-09-12,2.5
2019-09-13,2.0
2019-09-14,2.0
2019-09-15,2.0
2019-09-16,2.0
2019-09-17,2.0
2019-09-18,2.0
2019-09-19,2.0
2019-09-20,2.5
2019-09-21,2.5
2019-09-22,2.5
2019-09-23,2.5
2019-09-24,2.5
2019-09-25,2.5
2019-09-26,2.5
2019-09-27,2.5
2019-09-28,2.5
2019-09-29,2.5
2019-09-30,2.5
2019-10-01,2.5
2019-10-02,2.5
2019-10-03,2.5
2019-10-04,2.0
2019-10-05,2.0
2019-10-06,2.0
2019-10-07,2.0
2019-10-08,2.0
2019-10-09,2.0
2019-10-10,2.0
2019-10-11,2.0
2019-10-12,2.0
2019-10-13,2.0
2019-10-14,2.0
2019-10-15,2.0
2019-10-16,2.0
2019-10-17,2.2
2019-10-18,2.5
2019-10-19,3.0
2019-10-20,3.0
2019-10-21,3.0
2019-10-22,3.0
2019-10-23,3.0
2019-10-24,3.0
2019-10-25,3.0
2019-10-26,3.0
2019-10-27,3.0
2019-10-28,3.0
2019-10-29,3.0
2019-10-30,3.0
2019-10-31,3.0
2019-11-01,3.0
2019-11-02,3.0
2019-11-03,3.0
2019-11-04,3.0
2019-11-05,3.0
2019-11-06,3.0
2019-11-07,3.0
2019-11-08,4.0
2019-11-09,4.0
2019-11-10,4.0
2019-11-11,5.0
2019-11-12,5.0
2019-11-13,5.0
2019-11-14,5.0
2019-11-15,5.0
2019-11-16,5.0
2019-11-17,5.0
2019-11-18,4.0
2019-11-19,4.0
2019-11-20,4.0
2019-11-21,4.0
2019-11-22,4.0
2019-11-23,3.0
2019-11-24,3.0
2019-11-25,4.0
2019-11-26,4.0
2019-11-27,6.0
2019-11-28,9.0
2019-11-29,8.0
2019-11-30,8.0
2019-12-01,9.0
2019-12-02,11.0
2019-12-03,11.5
2019-12-04,12.0
2019-12-05,12.0
2019-12-06,12.0
2019-12-07,12.0
2019-12-08,11.0
2019-12-09,13.0
2019-12-10,13.5
2019-12-11,14.0
2019-12-12,14.0
2019-12-13,14.0
2019-12-14,15.0
2019-12-15,16.0
2019-12-16,19.0
2019-12-17,22.0
2019-12-18,25.0
2019-12-19,25.0
2019-12-20,23.846153846153847
2019-12-21,22.692307692307693
2020-01-01,10.0
2020-01-02,11.0
2020-01-03,12.0
2020-01-04,11.0
2020-01-05,11.0
2020-01-06,12.0
2020-01-07,12.0
2020-01-08,11.0
2020-01-09,10.0
2020-01-10,11.0
2020-01-11,11.0
2020-01-12,11.0
2020-01-13,8.0
2020-01-14,9.0
2020-01-15,11.0
2020-01-16,15.0
2020-01-17,15.0
2020-01-18,16.0
2020-01-19,16.0
2020-01-20,25.0
2020-01-21,30.0
2020-01-22,35.0
2020-01-23,32.0
2020-01-24,32.0
2020-01-25,37.0
2020-01-26,38.0
2020-01-27,35.0
2020-01-28,38.0
2020-01-29,37.0
2020-01-30,38.0
2020-01-31,41.0
2020-02-01,48.0
2020-02-02,52.0
2020-02-03,55.0
2020-02-04,70.0
2020-02-05,60.0
2020-02-06,60.0
2020-02-07,57.0
2020-02-08,48.0
2020-02-09,53.0
2020-02-10,45.0
2020-02-11,44.0
2020-02-12,40.0
2020-02-13,40.0
2020-02-14,35.0
2020-02-15,36.0
2020-02-16,37.0
2020-02-17,38.0
2020-02-18,40.0
2020-02-19,40.0
2020-02-20,40.0
2020-02-21,31.0
2020-02-22,30.0
2020-02-23,31.0
2020-02-24,30.0
2020-02-25,28.0
2020-02-26,30.0
2020-02-27,30.0
2020-02-28,30.0
2020-02-29,33.0
2020-03-01,36.0
2020-03-02,43.0
2020-03-03,45.0
2020-03-04,45.0
2020-03-05,40.0
2020-03-06,45.0
2020-03-07,43.0
2020-03-08,42.0
2020-03-09,41.0
2020-03-10,35.0
2020-03-11,37.0
2020-03-12,38.0
2020-03-13,30.0
2020-03-14,31.0
2020-03-15,30.0
2020-03-16,30.0
2020-03-17,33.0
2020-03-18,35.0
2020-03-19,35.0
2020-03-20,35.0
2020-03-21,35.0
2020-03-22,35.0
2020-03-23,35.0
2020-03-24,33.0
2020-03-25,34.0
2020-03-26,40.0
2020-03-27,52.0
2020-03-28,55.0
2020-03-29,53.0
2020-03-30,52.0
2020-03-31,52.0
2020-04-01,50.0
2020-04-02,40.0
2020-04-03,30.0
2020-04-04,30.0
2020-04-05,33.0
2020-04-06,34.0
2020-04-07,30.0
2020-04-08,30.0
2020-04-09,30.0
2020-04-10,30.0
2020-04-11,29.0
2020-04-12,28.0
2020-04-13,28.0
2020-04-14,26.0
2020-04-15,25.0
2020-04-16,24.0
2020-04-17,21.0
2020-04-18,20.0
2020-04-19,21.0
2020-04-20,21.0
2020-04-21,20.0
2020-04-22,20.0
2020-04-23,18.0
2020-04-24,17.0
2020-04-25,15.0
2020-04-26,14.0
2020-04-27,14.0
2020-04-28,13.0
2020-04-29,13.0
2020-04-30,13.0
2020-05-01,12.0
2020-05-02,18.0
2020-05-03,18.0
2020-05-04,20.0
2020-05-05,21.0
2020-05-06,20.0
2020-05-07,20.0
2020-05-08,18.0
2020-05-09,15.0
2020-05-10,14.0
2020-05-11,14.0
2020-05-12,13.0
2020-05-13,14.0
2020-05-14,12.0
2020-05-15,11.0
2020-05-16,10.0
2020-05-17,10.0
2020-05-18,9.0
2020-05-19,8.0
2020-05-20,8.0
2020-05-21,8.0
2020-05-22,8.0
2020-05-23,8.0
2020-05-24,7.0
2020-05-25,7.0
2020-05-26,8.0
2020-05-27,6.0
2020-05-28,7.0
2020-05-29,6.0
2020-05-30,6.0
2020-05-31,5.0
2020-06-01,6.0
2020-06-02,5.0
2020-06-03,5.0
2020-06-04,5.0
2020-06-05,5.0
2020-06-06,4.0
2020-06-07,4.0
2020-06-08,5.0
2020-06-09,4.0
2020-06-10,4.0
2020-06-11,4.0
2020-06-12,4.0
2020-06-13,3.5
2020-06-14,3.5
2020-06-15,3.5
2020-06-16,3.5
2020-06-17,3.4
2020-06-18,3.5
2020-06-19,3.4
2020-06-20,3.1
2020-06-21,3.1
2020-06-22,3.1
2020-06-23,3.0
2020-06-24,3.0
2020-06-25,3.0
2020-06-26,3.0
2020-06-27,3.0
2020-06-28,3.0
2020-06-29,3.0
2020-06-30,3.0
2020-07-01,3.0
2020-07-02,3.0
2020-07-03,3.0
2020-07-04,3.0
2020-07-05,3.0
2020-07-06,3.0
2020-07-07,3.0
2020-07-08,3.0
2020-07-09,3.0
2020-07-10,2.8
2020-07-11,2.5
2020-07-12,2.5
2020-07-13,2.5
2020-07-14,3.0
2020-07-15,3.0
2020-07-16,2.5
2020-07-17,2.5
2020-07-18,2.5
2020-07-19,2.5
2020-07-20,2.5
2020-07-21,2.5
2020-07-22,2.5
2020-07-23,2.5
2020-07-24,2.5
2020-07-25,2.0
2020-07-26,2.0
2020-07-27,2.0
2020-07-28,2.0
2020-07-29,2.0
2020-07-30,2.0
2020-07-31,2.0
2020-08-01,2.0
2020-08-02,2.0
2020-08-03,2.0
2020-08-04,2.0
2020-08-05,2.0
2020-08-06,2.0
2020-08-07,2.0
2020-08-08,2.0
2020-08-09,2.0
2020-08-10,2.0
2020-08-11,1.5
2020-08-12,1.5
2020-08-13,1.5
2020-08-14,1.4
2020-08-15,1.3
2020-08-16,1.3
2020-08-17,1.3
2020-08-18,1.3
2020-08-19,1.3
2020-08-20,1.2
2020-08-21,1.2
2020-08-22,1.0
2020-08-23,1.2
2020-08-24,1.0
2020-08-25,1.0
2020-08-26,1.0
2020-08-27,1.0
2020-08-28,1.0
2020-08-29,1.0
2020-08-30,1.0
2020-08-31,1.0
2020-09-01,1.0
2020-09-02,1.0
2020-09-03,1.0
2020-09-04,1.0
2020-09-05,1.0
2020-09-06,1.0
2020-09-07,1.0
2020-09-08,1.1
2020-09-09,1.1
2020-09-10,1.1
2020-09-11,1.2
2020-09-12,4.2
2020-09-13,1.2
2020-09-14,1.2
2020-09-15,1.2
2020-09-16,1.2
2020-09-17,1.2
2020-09-18,1.2
2020-09-19,1.2
2020-09-20,1.2
2020-09-21,1.2
2020-09-22,1.2
2020-09-23,1.2
2020-09-24,12.0
2020-09-25,1.3
2020-09-26,1.3
2020-09-27,1.3
2020-09-28,1.3
2020-09-29,1.3
2020-09-30,1.3
2020-10-01,1.4
2020-10-02,1.5
2020-10-03,1.5
2020-10-04,1.5
2020-10-05,1.8
2020-10-06,2.0
2020-10-07,2.0
2020-10-08,2.3
2020-10-09,2.5
2020-10-10,2.5
2020-10-11,2.5
2020-10-12,2.5
2020-10-13,2.5
2020-10-14,2.5
2020-10-15,2.5
2020-10-16,2.5
2020-10-17,2.5
2020-10-18,2.5
2020-10-19,2.5
2020-10-20,2.5
2020-10-21,2.5
2020-10-22,2.5
2020-10-23,2.5
2020-10-24,2.5
2020-10-25,2.5
2020-10-26,3.0
2020-10-27,3.0
2020-10-28,3.0
2020-10-29,3.0
2020-10-30,3.0
2020-10-31,3.0
2020-11-01,3.0
2020-11-02,3.0
2020-11-03,3.0
2020-11-04,3.0
2020-11-05,3.0
2020-11-06,14.0
2020-11-07,3.0
2020-11-08,3.0
2020-11-09,3.0
2020-11-10,3.5
2020-11-11,3.5
2020-11-12,3.5
2020-11-13,2.3
2020-11-14,2.3
2020-11-15,2.5
2020-11-16,1.5
2020-11-17,1.5
2020-11-18,1.2
2020-11-19,1.2
2020-11-20,1.5
2020-11-21,1.5
2020-11-22,1.5
2020-11-23,1.5
2020-11-24,1.5
2020-11-25,1.5
2020-11-26,1.5
2020-11-27,1.2
2020-11-28,1.2
2020-11-29,1.2
2020-11-30,2.0
2020-12-01,2.5
2020-12-02,2.8
2020-12-03,2.5
2020-12-04,4.0
2020-12-05,5.0
2020-12-06,7.0
2020-12-07,15.0
2020-12-08,22.0
2020-12-09,20.0
2020-12-10,17.0
2020-12-11,11.0
2020-12-12,12.0
2020-12-13,13.0
2020-12-14,12.0
2020-12-15,11.0
2020-12-16,12.0
2020-12-17,14.0
2020-12-18,19.0
2020-12-19,22.0
2020-12-20,22.0
2020-12-21,20.0
2020-12-22,18.0
2020-12-23,19.0
2020-12-24,20.0
2020-12-25,19.0
2020-12-26,18.0
2020-12-27,18.0
2020-12-28,23.0
2020-12-29,22.0
2020-12-30,22.0
2020-12-31,19.0
2021-01-01,22.0
2021-01-02,25.0
2021-01-03,27.0
2021-01-04,60.0
2021-01-05,65.0
2021-01-06,60.0
2021-01-07,72.0
2021-01-08,65.0
2021-01-09,62.0
2021-01-10,63.0
2021-01-11,64.0
2021-01-12,64.0
2021-01-13,74.0
2021-01-14,67.0
2021-01-15,70.0
2021-01-16,72.0
2021-01-17,75.0
2021-01-18,70.0
2021-01-19,56.0
2021-01-20,48.0
2021-01-21,58.0
2021-01-22,48.0
2021-01-23,47.0
2021-01-24,49.0
2021-01-25,60.0
2021-01-26,66.0
2021-01-27,54.0
2021-01-28,46.0
2021-01-29,40.0
2021-01-30,42.0
2021-01-31,45.0
2021-02-01,48.0
2021-02-02,53.0
2021-02-03,53.0
2021-02-04,52.0
2021-02-05,52.0
2021-02-06,43.0
2021-02-07,45.0
2021-02-08,55.0
2021-02-09,50.0
2021-02-10,45.0
2021-02-11,43.0
2021-02-12,42.0
2021-02-13,40.0
2021-02-14,35.0
2021-02-15,28.0
2021-02-16,27.0
2021-02-17,24.0
2021-02-18,22.0
2021-02-19,22.0
2021-02-20,21.0
2021-02-21,20.0
2021-02-22,18.0
2021-02-23,17.0
2021-02-24,16.0
2021-02-25,16.0
2021-02-26,15.0
2021-02-27,16.0
2021-02-28,16.0
2021-03-01,19.0
2021-03-02,30.0
2021-03-03,34.0
2021-03-04,38.0
2021-03-05,38.0
2021-03-06,45.0
2021-03-07,47.0
2021-03-08,69.0
2021-03-09,70.0
2021-03-10,65.0
2021-03-11,70.0
2021-03-12,65.0
2021-03-13,58.0
2021-03-14,55.0
2021-03-15,58.0
2021-03-16,53.0
2021-03-17,50.0
2021-03-18,50.0
2021-03-19,48.0
2021-03-20,38.0
2021-03-21,39.0
2021-03-22,32.0
2021-03-23,42.0
2021-03-24,48.0
2021-03-25,60.0
2021-03-26,62.0
2021-03-27,55.0
2021-03-28,63.0
2021-03-29,54.0
2021-03-30,60.0
2021-03-31,54.333333333333336
2021-04-01,48.66666666666666
2021-04-02,43.0
2021-04-03,44.0
2021-04-04,45.0
2021-04-05,51.0
2021-04-06,44.0
2021-04-07,45.0
2021-04-08,45.0
2021-04-09,37.0
2021-04-10,35.0
2021-04-11,30.0
2021-04-12,39.0
2021-04-13,33.0
2021-04-14,39.0
2021-04-15,39.0
2021-04-16,42.0
2021-04-17,40.0
2021-04-18,40.0
2021-04-19,28.0
2021-04-20,28.0
2021-04-21,28.0
2021-04-22,20.0
2021-04-23,15.0
2021-04-24,15.0
2021-04-25,15.0
2021-04-26,22.0
2021-04-27,15.0
2021-04-28,15.0
2021-04-29,13.0
2021-04-30,18.0
2021-05-01,13.0
2021-05-02,13.0
2021-05-03,8.0
2021-05-04,8.0
2021-05-05,7.0
2021-05-06,7.0
2021-05-07,7.0
2021-05-08,7.0
2021-05-09,6.5
2021-05-10,5.0
2021-05-11,5.0
2021-05-12,5.0
2021-05-13,5.0
2021-05-14,5.0
2021-05-15,4.0
2021-05-16,3.5
2021-05-17,6.0
2021-05-18,6.0
2021-05-19,6.5
2021-05-20,6.5
2021-05-21,5.0
2021-05-22,5.0
2021-05-23,5.25
2021-05-24,5.5
2021-05-25,5.5
2021-05-26,6.0
2021-05-27,5.5
2021-05-28,5.0
2021-05-29,6.0
2021-05-30,5.0
2021-05-31,4.8
2021-06-01,6.0
2021-06-02,5.0
2021-06-03,5.0
2021-06-04,6.0
2021-06-05,6.0
2021-06-06,6.0
2021-06-07,5.0
2021-06-08,5.2
2021-06-09,4.0
2021-06-10,5.5
2021-06-11,5.0
2021-06-12,4.5
2021-06-13,4.5
2021-06-14,4.8
2021-06-15,3.0
2021-06-16,2.5
2021-06-17,2.8
2021-06-18,3.0
2021-06-19,3.0
2021-06-20,3.0
2021-06-21,3.0
2021-06-22,2.5
2021-06-23,2.5
2021-06-24,2.5
2021-06-25,2.5
2021-06-26,2.5
2021-06-27,2.5
2021-06-28,2.4
2021-06-29,2.4
2021-06-30,2.5
2021-07-01,2.5
2021-07-02,2.0
2021-07-03,2.0
2021-07-04,2.0
2021-07-05,2.0
2021-07-06,1.8
2021-07-07,1.8
2021-07-08,1.8
2021-07-09,1.8
2021-07-10,1.7
2021-07-11,1.8
2021-07-12,1.7
2021-07-13,1.8
2021-07-14,1.7
2021-07-15,1.6
2021-07-16,1.5
2021-07-17,1.5
2021-07-18,1.5
2021-07-19,1.5
2021-07-20,1.5
2021-07-21,1.5
2021-07-22,1.5
2021-07-23,1.5
2021-07-24,1.5
2021-07-25,1.5
2021-07-26,1.5
2021-07-27,1.4
2021-07-28,1.4
2021-07-29,1.5
2021-07-30,1.4
2021-07-31,1.4
2021-08-01,1.4
2021-08-02,1.3
2021-08-03,1.2
2021-08-04,1.2
2021-08-05,1.4
2021-08-06,1.4
2021-08-07,1.4
2021-08-08,1.4
2021-08-09,1.2
2021-08-10,1.4
2021-08-11,1.4
2021-08-12,1.2
2021-08-13,1.5
2021-08-14,1.5
2021-08-15,1.5
2021-08-16,1.5
2021-08-17,1.5
2021-08-18,1.5
2021-08-19,1.4
2021-08-20,1.5
2021-08-21,1.5
2021-08-22,1.5
2021-08-23,1.5
2021-08-24,4.0
2021-08-25,3.7
2021-08-26,3.5
2021-08-27,1.6
2021-08-28,1.5
2021-08-29,1.5
2021-08-30,1.5
2021-08-31,1.5
2021-09-01,1.2
2021-09-02,1.2
2021-09-03,1.0
2021-09-04,1.0
2021-09-05,1.0
2021-09-06,1.0
2021-09-07,1.7
2021-09-08,1.0
2021-09-09,1.1
2021-09-10,1.2
2021-09-11,1.2
2021-09-12,1.2
2021-09-13,1.1
2021-09-14,1.1
2021-09-15,1.1
2021-09-16,1.2
2021-09-17,1.1
2021-09-18,1.1
2021-09-19,1.1
2021-09-20,1.5
2021-09-21,1.8
2021-09-22,2.0
2021-09-23,2.0
2021-09-24,2.5
2021-09-25,2.5
2021-09-26,2.5
2021-09-27,2.8
2021-09-28,2.8
2021-09-29,2.8
2021-09-30,2.8
2021-10-01,3.0
2021-10-02,3.0
2021-10-03,3.0
2021-10-04,3.1
2021-10-05,3.2
2021-10-06,3.0
2021-10-07,3.25
2021-10-08,3.5
2021-10-09,3.5
2021-10-10,3.5
2021-10-11,3.5
2021-10-12,3.5
2021-10-13,4.1
2021-10-14,4.0
2021-10-15,3.8
2021-10-16,3.8
2021-10-17,4.0
2021-10-18,4.5
2021-10-19,4.5
2021-10-20,3.5
2021-10-21,3.5
2021-10-22,4.5
2021-10-23,4.5
2021-10-24,4.5
2021-10-25,4.5
2021-10-26,4.5
2021-10-27,4.5
2021-10-28,4.5
2021-10-29,4.3
2021-10-30,4.3
2021-10-31,4.5
2021-11-01,4.5
2021-11-02,4.4
2021-11-03,4.3
2021-11-04,4.5
2021-11-05,4.1
2021-11-06,4.1
2021-11-07,4.1
2021-11-08,3.8
2021-11-09,4.0
2021-11-10,4.0
2021-11-11,3.5
2021-11-12,3.5
2021-11-13,3.5
2021-11-14,3.5
2021-11-15,3.7
2021-11-16,3.5
2021-11-17,3.8
2021-11-18,4.3
2021-11-19,2.0
2021-11-20,2.0
2021-11-21,2.0
2021-11-22,2.1
2021-11-23,1.8
2021-11-24,2.0
2021-11-25,2.0
2021-11-26,4.1
2021-11-27,4.0
2021-11-28,4.3
2021-11-29,5.8
2021-11-30,6.5
2021-12-01,7.5
2021-12-02,6.8
2021-12-03,25.0
2021-12-04,28.0
2021-12-05,33.0
2021-12-06,35.0
2021-12-07,38.0
2021-12-08,35.0
2021-12-09,41.0
2021-12-10,31.0
2021-12-11,30.0
2021-12-12,30.0
2021-12-13,24.0
2021-12-14,24.0
2021-12-15,22.0
2021-12-16,22.0
2021-12-17,8.0
2021-12-18,7.0
2021-12-19,7.0
2021-12-20,6.25
2021-12-21,5.5
2021-12-22,6.5
2021-12-23,6.5
2021-12-24,6.8
2021-12-25,6.8
2021-12-26,7.0
2021-12-27,7.2
2021-12-28,5.2
2021-12-29,5.5
2021-12-30,6.0
2021-12-31,5.8
2022-01-01,7.0
2022-01-02,9.0
2022-01-03,10.8
2022-01-04,15.0
2022-01-05,10.5
2022-01-06,11.0
2022-01-07,18.0
2022-01-08,21.0
2022-01-09,20.0
2022-01-10,16.0
2022-01-11,12.0
2022-01-12,10.0
2022-01-13,12.0
2022-01-14,9.2
2022-01-15,9.0
2022-01-16,9.5
2022-01-17,10.5
2022-01-18,25.0
2022-01-19,41.0
2022-01-20,40.0
2022-01-21,35.0
2022-01-22,37.0
2022-01-23,38.0
2022-01-24,23.0
2022-01-25,25.0
2022-01-26,40.0
2022-01-27,38.0
2022-01-28,35.0
2022-01-29,35.0
2022-01-30,35.0
2022-01-31,35.0
2022-02-01,30.0
2022-02-02,25.0
2022-02-03,25.0
2022-02-04,30.0
2022-02-05,32.0
2022-02-06,35.0
2022-02-07,35.0
2022-02-08,25.0
2022-02-09,25.0
2022-02-10,25.0
2022-02-11,55.0
2022-02-12,58.0
2022-02-13,60.0
2022-02-14,50.0
2022-02-15,40.0
2022-02-16,42.0
2022-02-17,50.0
2022-02-18,65.0
2022-02-19,68.0
2022-02-20,70.0
2022-02-21,65.0
2022-02-22,45.0
2022-02-23,40.0
2022-02-24,40.0
2022-02-25,40.0
2022-02-26,44.0
2022-02-27,45.0
2022-02-28,55.0
2022-03-01,55.0
2022-03-02,55.0
2022-03-03,55.0
2022-03-04,60.0
2022-03-05,58.0
2022-03-06,60.0
2022-03-07,60.0
2022-03-08,58.0
2022-03-09,60.0
2022-03-10,55.0
2022-03-11,74.0
2022-03-12,75.0
2022-03-13,80.0
2022-03-14,80.0
2022-03-15,75.0
2022-03-16,70.0
2022-03-17,60.0
2022-03-18,45.0
2022-03-19,47.0
2022-03-20,48.0
2022-03-21,48.0
2022-03-22,45.0
2022-03-23,40.0
2022-03-24,40.0
2022-03-25,50.0
2022-03-26,55.0
2022-03-27,55.0
2022-03-28,55.0
2022-03-29,65.0
2022-03-30,65.0
2022-03-31,75.0
2022-04-01,72.5
2022-04-02,70.0
2022-04-03,75.0
2022-04-04,78.0
2022-04-05,69.0
2022-04-06,65.0
2022-04-07,50.0
2022-04-08,52.0
2022-04-09,50.0
2022-04-10,48.0
2022-04-11,42.0
2022-04-12,35.0
2022-04-13,27.0
2022-04-14,26.0
2022-04-15,25.0
2022-04-16,24.0
2022-04-17,22.0
2022-04-18,18.0
2022-04-19,16.0
2022-04-20,15.0
2022-04-21,14.0
2022-04-22,14.0
2022-04-23,13.0
2022-04-24,13.0
2022-04-25,12.0
2022-04-26,12.0
2022-04-27,11.0
2022-04-28,11.0
2022-04-29,11.0
2022-04-30,10.5
2022-05-01,10.0
2022-05-02,10.0
2022-05-03,9.0
2022-05-04,8.0
2022-05-05,8.0
2022-05-06,9.0
2022-05-07,8.0
2022-05-08,8.0
2022-05-09,8.0
2022-05-10,7.0
2022-05-11,5.8
2022-05-12,6.0
2022-05-13,6.0
2022-05-14,6.0
2022-05-15,6.0
2022-05-16,5.0
2022-05-17,5.0
2022-05-18,5.0
2022-05-19,5.0
2022-05-20,4.0
2022-05-21,4.2
2022-05-22,4.0
2022-05-23,4.0
2022-05-24,4.0
2022-05-25,4.0
2022-05-26,4.0
2022-05-27,4.0
2022-05-28,4.0
2022-05-29,4.0
2022-05-30,4.0
2022-05-31,4.0
2022-06-01,3.2
2022-06-02,3.1
2022-06-03,3.0
2022-06-04,3.0
2022-06-05,3.0
2022-06-06,3.2
2022-06-07,3.2
2022-06-08,3.0
2022-06-09,3.0
2022-06-10,3.0
2022-06-11,3.0
2022-06-12,3.0
2022-06-13,3.0
2022-06-14,3.0
2022-06-15,2.8
2022-06-16,2.5
2022-06-17,2.5
2022-06-18,2.5
2022-06-19,2.5
2022-06-20,12.5
2022-06-21,2.5
2022-06-22,2.5
2022-06-23,2.3
2022-06-24,2.2
2022-06-25,2.2
2022-06-26,2.2
2022-06-27,2.2
2022-06-28,2.4
2022-06-29,2.4
2022-06-30,2.2
2022-07-01,2.3
2022-07-02,2.3
2022-07-03,2.3
2022-07-04,2.4
2022-07-05,2.0
2022-07-06,2.3
2022-07-07,2.3
2022-07-08,2.5
2022-07-09,2.5
2022-07-10,2.5
2022-07-11,1.9
2022-07-12,1.8
2022-07-13,1.8
2022-07-14,1.8
2022-07-15,1.8
2022-07-16,1.8
2022-07-17,1.8
2022-07-18,1.8
2022-07-19,1.8
2022-07-20,1.8
2022-07-21,1.8
2022-07-22,1.8
2022-07-23,1.8
2022-07-24,1.8
2022-07-25,1.8
2022-07-26,1.7
2022-07-27,1.8
2022-07-28,1.7
2022-07-29,1.8
2022-07-30,1.7
2022-07-31,1.7
2022-08-01,1.7
2022-08-02,1.8
2022-08-03,1.8
2022-08-04,1.7
2022-08-05,1.7
2022-08-06,1.7
2022-08-07,1.7
2022-08-08,1.7
2022-08-09,1.5
2022-08-10,1.7
2022-08-11,1.7
2022-08-12,1.7
2022-08-13,1.7
2022-08-14,1.7
2022-08-15,1.7
2022-08-16,1.7
2022-08-17,1.7
2022-08-18,1.7
2022-08-19,1.7
2022-08-20,1.7
2022-08-21,1.7
2022-08-22,1.7
2022-08-23,1.7
2022-08-24,1.6
2022-08-25,1.7
2022-08-26,1.7
2022-08-27,1.7
2022-08-28,1.7
2022-08-29,1.7
2022-08-30,1.7
2022-08-31,1.6
2022-09-01,1.5
2022-09-02,1.6
2022-09-03,1.6
2022-09-04,1.6
2022-09-05,1.6
2022-09-06,1.7
2022-09-07,1.7
2022-09-08,1.7
2022-09-09,1.7
2022-09-10,1.7
2022-09-11,1.7
2022-09-12,1.7
2022-09-13,1.6
2022-09-14,1.8
2022-09-15,2.0
2022-09-16,2.0
2022-09-17,2.0
2022-09-18,2.0
2022-09-19,2.5
2022-09-20,2.0
2022-09-21,2.3
2022-09-22,1.8
2022-09-23,2.0
2022-09-24,2.0
2022-09-25,2.0
2022-09-26,2.0
2022-09-27,2.0
2022-09-28,2.0
2022-09-29,2.2
2022-09-30,2.0
2022-10-01,2.0
2022-10-02,2.0
2022-10-03,2.0
2022-10-04,2.1
2022-10-05,1.8
2022-10-06,1.9
2022-10-07,1.8
2022-10-08,1.8
2022-10-09,1.8
2022-10-10,1.8
2022-10-11,1.7
2022-10-12,1.5
2022-10-13,1.5
2022-10-14,1.2
2022-10-15,1.2
2022-10-16,1.2
2022-10-17,1.3
2022-10-18,1.3
2022-10-19,1.3
2022-10-20,1.3
2022-10-21,1.9
2022-10-22,1.9
2022-10-23,2.1
2022-10-24,2.2
2022-10-25,1.4
2022-10-26,2.0
2022-10-27,1.4
2022-10-28,1.8
2022-10-29,1.7
2022-10-30,1.7
2022-10-31,1.7
2022-11-01,1.7
2022-11-02,1.4
2022-11-03,1.2
2022-11-04,1.8
2022-11-05,1.8
2022-11-06,1.8
2022-11-07,1.5
2022-11-08,1.4
2022-11-09,1.4
2022-11-10,11.8
2022-11-11,1.2
2022-11-12,1.2
2022-11-13,1.2
2022-11-14,1.2
2022-11-15,1.2
2022-11-16,1.1
2022-11-17,1.1
2022-11-18,1.1
2022-11-19,1.1
2022-11-20,1.1
2022-11-21,1.1
2022-11-22,1.1
2022-11-23,1.1
2022-11-24,1.1
2022-11-25,1.1
2022-11-26,1.1
2022-11-27,1.0
2022-11-28,1.0
2022-11-29,1.4
2022-11-30,1.5
2022-12-01,1.5
2022-12-02,1.5333333333333334
2022-12-03,1.5666666666666669
2022-12-04,1.6
2022-12-05,1.5
2022-12-06,1.5
2022-12-07,1.7
2022-12-08,1.8
2022-12-09,1.9
2022-12-10,1.8
2022-12-11,1.8
2022-12-12,1.8
2022-12-13,2.0
2022-12-14,2.3
2022-12-15,2.5
2022-12-16,8.5
2022-12-17,12.0
2022-12-18,14.0
2022-12-19,12.5
2022-12-20,15.0
2022-12-21,12.2
2022-12-22,11.35
2022-12-23,10.5
2022-12-24,13.0
2022-12-25,13.5
2022-12-26,14.2
2022-12-27,14.5
2022-12-28,13.0
2022-12-29,22.0
2022-12-30,24.0
2022-12-31,25.0
2023-01-01,25.0
2023-01-02,26.0
2023-01-03,26.0
2023-01-04,25.0
2023-01-05,22.0
2023-01-06,21.0
2023-01-07,20.0
2023-01-08,20.0
2023-01-09,20.0
2023-01-10,20.0
2023-01-11,20.5
2023-01-12,20.0
2023-01-13,19.0
2023-01-14,19.0
2023-01-15,19.0
2023-01-16,17.0
2023-01-17,19.0
2023-01-18,28.0
2023-01-19,37.0
2023-01-20,23.0
2023-01-21,23.5
2023-01-22,24.0
2023-01-23,25.0
2023-01-24,25.0
2023-01-25,25.0
2023-01-26,27.0
2023-01-27,28.0
2023-01-28,29.0
2023-01-29,30.0
2023-01-30,29.0
2023-01-31,29.0
2023-02-01,29.0
2023-02-02,30.0
2023-02-03,72.0
2023-02-04,78.0
2023-02-05,80.0
2023-02-06,75.0
2023-02-07,55.0
2023-02-08,42.0
2023-02-09,40.0
2023-02-10,42.0
2023-02-11,42.0
2023-02-12,44.0
2023-02-13,46.0
2023-02-14,40.0
2023-02-15,41.0
2023-02-16,55.0
2023-02-17,60.0
2023-02-18,74.0
2023-02-19,72.0
2023-02-20,85.0
2023-02-21,90.0
2023-02-22,85.0
2023-02-23,77.0
2023-02-24,63.0
2023-02-25,60.0
2023-02-26,60.0
2023-02-27,55.0
2023-02-28,43.0
2023-03-01,33.0
2023-03-02,31.0
2023-03-03,27.0
2023-03-04,30.0
2023-03-05,35.0
2023-03-06,35.0
2023-03-07,38.0
2023-03-08,42.0
2023-03-09,50.0
2023-03-10,48.0
2023-03-11,50.0
2023-03-12,55.0
2023-03-13,66.0
2023-03-14,84.0
2023-03-15,80.0
2023-03-16,96.0
2023-03-17,110.0
2023-03-18,92.0
2023-03-19,90.0
2023-03-20,75.0
2023-03-21,65.0
2023-03-22,57.0
2023-03-23,50.0
2023-03-24,45.0
2023-03-25,52.0
2023-03-26,54.0
2023-03-27,50.0
2023-03-28,46.0
2023-03-29,55.0
2023-03-30,58.0
2023-03-31,46.0
2023-04-01,44.0
2023-04-02,43.0
2023-04-03,41.0
2023-04-04,40.0
2023-04-05,40.0
2023-04-06,38.0
2023-04-07,35.0
2023-04-08,33.0
2023-04-09,32.0
2023-04-10,40.0
2023-04-11,40.0
2023-04-12,39.0
2023-04-13,36.0
2023-04-14,33.0
2023-04-15,31.0
2023-04-16,30.0
2023-04-17,32.0
2023-04-18,30.0
2023-04-19,28.0
2023-04-20,26.0
2023-04-21,22.0
2023-04-22,23.0
2023-04-23,22.0
2023-04-24,20.0
2023-04-25,19.0
2023-04-26,20.0
2023-04-27,18.0
2023-04-28,16.0
2023-04-29,15.0
2023-04-30,14.0
2023-05-01,13.0
2023-05-02,13.0
2023-05-03,14.0
2023-05-04,13.0
2023-05-05,12.0
2023-05-06,12.0
2023-05-07,12.0
2023-05-08,12.0
2023-05-09,11.0
2023-05-10,10.0
2023-05-11,10.0
2023-05-12,10.0
2023-05-13,10.0
2023-05-14,9.8
2023-05-15,9.0
2023-05-16,9.0
2023-05-17,8.0
2023-05-18,8.0
2023-05-19,8.0
2023-05-20,8.0
2023-05-21,7.5
2023-05-22,7.5
2023-05-23,6.0
2023-05-24,6.0
2023-05-25,6.0
2023-05-26,6.0
2023-05-27,6.0
2023-05-28,6.0
2023-05-29,5.1
2023-05-30,4.5
2023-05-31,5.0
2023-06-01,5.0
2023-06-02,4.4
2023-06-03,4.3
2023-06-04,4.2
2023-06-05,4.0
2023-06-06,3.8
2023-06-07,3.5
2023-06-08,4.5
2023-06-09,3.5
2023-06-10,3.6
2023-06-11,3.7
2023-06-12,3.8
2023-06-13,3.2
2023-06-14,3.2
2023-06-15,3.2
2023-06-16,3.3
2023-06-17,3.2
2023-06-18,3.2
2023-06-19,3.3
2023-06-20,3.0
2023-06-21,3.0
2023-06-22,3.2
2023-06-23,3.0
2023-06-24,2.7
2023-06-25,2.6
2023-06-26,3.1
2023-06-27,3.4
2023-06-28,2.4
2023-06-29,2.4
2023-06-30,2.45
2023-07-01,2.35
2023-07-02,2.4
2023-07-03,2.7
2023-07-04,2.5
2023-07-05,2.8
2023-07-06,3.0
2023-07-07,3.0
2023-07-08,3.1
2023-07-09,3.0
2023-07-10,2.6
2023-07-11,2.6
2023-07-12,2.8
2023-07-13,3.0
2023-07-14,3.0
2023-07-15,2.9
2023-07-16,2.8
2023-07-17,2.5
2023-07-18,2.3
2023-07-19,2.5
2023-07-20,2.7
2023-07-21,1.9
2023-07-22,1.9
2023-07-23,2.0
2023-07-24,2.0
2023-07-25,1.6
2023-07-26,1.7
2023-07-27,1.7
2023-07-28,1.8
2023-07-29,1.8
2023-07-30,1.9
2023-07-31,1.7
2023-08-01,1.7
2023-08-02,1.7
2023-08-03,1.6
2023-08-04,1.5
2023-08-05,1.6
2023-08-06,1.6
2023-08-07,1.6
2023-08-08,1.6
2023-08-09,1.5
2023-08-10,1.5
2023-08-11,1.5
2023-08-12,1.5
2023-08-13,1.5
2023-08-14,1.5
2023-08-15,1.5
2023-08-16,1.6
2023-08-17,1.6
2023-08-18,1.6
2023-08-19,1.6
2023-08-20,1.6
2023-08-21,1.6
2023-08-22,1.5
2023-08-23,1.5
2023-08-24,1.5
2023-08-25,1.5
2023-08-26,1.5
2023-08-27,1.5
2023-08-28,1.5
2023-08-29,1.8
2023-08-30,2.0
2023-08-31,2.1
2023-09-01,2.2
2023-09-02,2.4
2023-09-03,2.5
2023-09-04,2.1
2023-09-05,2.1
2023-09-06,1.9
2023-09-07,1.7
2023-09-08,1.8
2023-09-09,1.8
2023-09-10,1.8
2023-09-11,1.9
2023-09-12,1.8
2023-09-13,1.8
2023-09-14,1.8
2023-09-15,2.5
2023-09-16,2.6
2023-09-17,2.8
2023-09-18,2.0
2023-09-19,1.5
2023-09-20,1.5
2023-09-21,1.5
2023-09-22,1.5
2023-09-23,1.5
2023-09-24,1.5
2023-09-25,1.5
2023-09-26,1.5
2023-09-27,1.5
2023-09-28,1.5
2023-09-29,1.8
2023-09-30,1.7
2023-10-01,2.0
2023-10-02,2.4
2023-10-03,4.0
2023-10-04,6.5
2023-10-05,8.1
2023-10-06,9.5
2023-10-07,9.0
2023-10-08,9.0
2023-10-09,6.0
2023-10-10,6.0
2023-10-11,4.1
2023-10-12,4.7
2023-10-13,5.0
2023-10-14,5.0
2023-10-15,5.0
2023-10-16,5.0
2023-10-17,4.5
2023-10-18,4.5
2023-10-19,7.5
2023-10-20,9.5
2023-10-21,9.5
2023-10-22,11.1
2023-10-23,9.1
2023-10-24,15.0
2023-10-25,15.5
2023-10-26,19.0
2023-10-27,17.0
2023-10-28,13.0
2023-10-29,10.5
2023-10-30,10.0
2023-10-31,7.5
2023-11-01,6.0
2023-11-02,5.0
2023-11-03,4.5
2023-11-04,3.9
2023-11-05,3.7
2023-11-06,8.5
2023-11-07,8.0
2023-11-08,7.3
2023-11-09,6.2
2023-11-10,5.1
2023-11-11,4.8
2023-11-12,4.5
2023-11-13,4.8
2023-11-14,5.0
2023-11-15,4.2
2023-11-16,3.8
2023-11-17,3.5
2023-11-18,3.7
2023-11-19,4.2
2023-11-20,4.4
2023-11-21,4.5
2023-11-22,4.5
2023-11-23,4.5
2023-11-24,6.5
2023-11-25,8.5
2023-11-26,13.5
2023-11-27,18.5
2023-11-28,23.8
2023-11-29,23.5
2023-11-30,17.5
2023-12-01,22.5
2023-12-02,30.5
2023-12-03,29.1
2023-12-04,32.0
2023-12-05,23.4
2023-12-06,19.5
2023-12-07,19.2
2023-12-08,18.1
2023-12-09,19.0
2023-12-10,19.3
2023-12-11,25.5
2023-12-12,26.1
2023-12-13,26.4
2023-12-14,21.3
2023-12-15,19.0
2023-12-16,20.8
2023-12-17,19.6
2023-12-18,21.5
2023-12-19,26.0
2023-12-20,27.8
2023-12-21,26.5
2023-12-22,25.0
2023-12-23,22.0
2023-12-24,27.5
2023-12-25,31.5
2023-12-26,28.3
2023-12-27,26.0
2023-12-28,35.2
2023-12-29,45.0
2023-12-30,72.0
2023-12-31,75.0
2024-01-01,58.0
2024-01-02,59.2
2024-01-03,62.0
2024-01-04,58.0
2024-01-05,68.0
2024-01-06,70.0
2024-01-07,55.0
2024-01-08,41.0
2024-01-09,49.0
2024-01-10,45.0
2024-01-11,42.0
2024-01-12,78.0
2024-01-13,93.0
2024-01-14,85.0
2024-01-15,60.0
2024-01-16,62.0
2024-01-17,70.0
2024-01-18,80.0
2024-01-19,79.0
2024-01-20,85.0
2024-01-21,90.0
2024-01-22,85.0
2024-01-23,85.0
2024-01-24,90.0
2024-01-25,88.0
2024-01-26,75.0
2024-01-27,55.0
2024-01-28,55.0
2024-01-29,65.0
2024-01-30,75.0
2024-01-31,69.0
2024-02-01,70.0
2024-02-02,72.0
2024-02-03,75.0
2024-02-04,70.0
2024-02-05,68.0
2024-02-06,61.0
2024-02-07,56.0
2024-02-08,52.0
2024-02-09,45.0
2024-02-10,42.0
2024-02-11,39.0
2024-02-12,30.0
2024-02-13,28.0
2024-02-14,35.0
2024-02-15,39.0
2024-02-16,30.0
2024-02-17,32.0
2024-02-18,33.0
2024-02-19,48.0
2024-02-20,43.0
2024-02-21,32.0
2024-02-22,32.0
2024-02-23,25.0
2024-02-24,35.0
2024-02-25,52.0
2024-02-26,65.0
2024-02-27,60.0
2024-02-28,84.0
2024-02-29,93.0
2024-03-01,78.0
2024-03-02,99.0
2024-03-03,92.0
2024-03-04,65.5
2024-03-05,55.0
2024-03-06,47.0
2024-03-07,43.0
2024-03-08,40.0
2024-03-09,40.0
2024-03-10,42.0
2024-03-11,38.0
2024-03-12,38.0
2024-03-13,30.0
2024-03-14,27.0
2024-03-15,25.0
2024-03-16,33.0
2024-03-17,44.0
2024-03-18,47.0
2024-03-19,51.0
2024-03-20,46.0
2024-03-21,44.0
2024-03-22,52.0
2024-03-23,75.0
2024-03-24,90.0
2024-03-25,83.0
2024-03-26,85.0
2024-03-27,62.0
2024-03-28,58.0
2024-03-29,55.0
2024-03-30,65.0
2024-03-31,35.0
2024-04-01,36.0
2024-04-02,48.0
2024-04-03,58.0
2024-04-04,63.0
2024-04-05,60.0
2024-04-06,65.0
2024-04-07,55.0
2024-04-08,50.0
2024-04-09,50.0
2024-04-10,54.0
2024-04-11,48.0
2024-04-12,45.0
2024-04-13,41.0
2024-04-14,35.0
2024-04-15,29.0
2024-04-16,25.0
2024-04-17,22.0
2024-04-18,20.0
2024-04-19,21.0
2024-04-20,20.0
2024-04-21,19.0
2024-04-22,18.0
2024-04-23,17.0
2024-04-24,15.0
2024-04-25,14.0
2024-04-26,13.0
2024-04-27,13.0
2024-04-28,12.0
2024-04-29,10.0
2024-04-30,10.0
2024-05-01,10.0
2024-05-02,10.0
2024-05-03,9.0
2024-05-04,9.0
2024-05-05,8.0
2024-05-06,9.0
2024-05-07,8.0
2024-05-08,8.0
2024-05-09,7.3
2024-05-10,7.0
2024-05-11,7.0
2024-05-12,6.0
2024-05-13,6.2
2024-05-14,6.0
2024-05-15,5.8
2024-05-16,5.5
2024-05-17,5.2
2024-05-18,5.0
2024-05-19,5.0
2024-05-20,5.0
2024-05-21,4.7
2024-05-22,4.0
2024-05-23,4.5
2024-05-24,4.5
2024-05-25,4.3
2024-05-26,4.3
2024-05-27,4.0
2024-05-28,4.0
2024-05-29,3.5
2024-05-30,3.5
2024-05-31,3.5
2024-06-01,3.5
2024-06-02,3.5
2024-06-03,3.0
2024-06-04,3.0
2024-06-05,3.0
2024-06-06,2.6
2024-06-07,2.5
2024-06-08,2.5
2024-06-09,2.5
2024-06-10,2.5
2024-06-11,2.5
2024-06-12,2.5
2024-06-13,3.0
2024-06-14,3.3
2024-06-15,3.2
2024-06-16,3.5
2024-06-17,3.0
2024-06-18,3.0
2024-06-19,3.5
2024-06-20,3.4
2024-06-21,3.0
2024-06-22,3.0
2024-06-23,3.0
2024-06-24,3.2
2024-06-25,3.7
2024-06-26,3.8
2024-06-27,3.2
2024-06-28,2.8
2024-06-29,2.7
2024-06-30,2.9
2024-07-01,2.8
2024-07-02,2.8
2024-07-03,2.8
2024-07-04,3.1
2024-07-05,2.9
2024-07-06,3.0
2024-07-07,3.0
2024-07-08,3.0
2024-07-09,2.5
2024-07-10,2.5
2024-07-11,2.8
2024-07-12,2.6
2024-07-13,2.5
2024-07-14,2.5
2024-07-15,2.5
2024-07-16,2.2
2024-07-17,2.0
2024-07-18,2.0
2024-07-19,2.0
2024-07-20,2.0
2024-07-21,2.0
2024-07-22,2.0
2024-07-23,2.0
2024-07-24,2.0
2024-07-25,2.0
2024-07-26,1.8
2024-07-27,1.8
2024-07-28,1.5
2024-07-29,1.5
2024-07-30,1.5
2024-07-31,1.3
2024-08-01,1.3
2024-08-02,1.3
2024-08-03,1.3
2024-08-04,1.3
2024-08-05,1.3
2024-08-06,1.3
2024-08-07,1.3
2024-08-08,1.3
2024-08-09,1.3
2024-08-10,1.3
2024-08-11,1.3
2024-08-12,1.3
2024-08-13,1.3
2024-08-14,1.3
2024-08-15,1.3
2024-08-16,1.3133333333333337
2024-08-17,1.3266666666666669
2024-08-18,1.34
2024-08-19,1.34
2024-08-20,1.34
2024-08-21,1.34
2024-08-22,1.34
2024-08-23,1.34
2024-08-24,1.34
2024-08-26,1.34
2024-08-27,1.34
2024-08-28,1.34
2024-08-29,1.3166666666666669
2024-08-30,1.2933333333333334
2024-08-31,1.27
2024-09-01,1.56
2024-09-02,1.56
2024-09-03,1.56
2024-09-04,1.56
2024-09-05,1.56
2024-09-06,1.4866666666666668
2024-09-07,1.413333333333333
2024-09-08,1.34
2024-09-09,1.34
2024-09-10,1.34
2024-09-11,1.34
2024-09-12,1.395
2024-09-13,1.4500000000000002
2024-09-15,1.56
2024-09-16,1.64
2024-09-17,1.8
2024-09-18,1.8
2024-09-19,1.8
2024-09-20,1.8
2024-09-21,1.9
2024-09-22,1.8
2024-09-23,1.8
2024-09-24,1.8
2024-09-27,1.8
2024-09-28,1.8
2024-09-29,1.8
2024-09-30,2.8
2024-10-01,2.8
2024-10-02,2.8
2024-10-03,2.8
2024-10-04,2.8
2024-10-05,2.8
2024-10-06,2.8
2024-10-07,2.8
2024-10-08,2.8
2024-10-09,2.8
2024-10-10,2.8
2024-10-11,2.8
2024-10-12,2.8
2024-10-13,2.8
2024-10-14,2.8
2024-10-15,2.8
2024-10-16,2.8
2024-10-17,2.8
2024-10-18,2.8
2024-10-19,2.8
2024-10-20,2.8
2024-10-21,2.8
2024-10-22,2.88
2024-10-23,2.07
2024-10-24,2.07
2024-10-25,2.07
2024-10-26,2.07
2024-10-27,2.07
2024-10-28,2.07
2024-10-29,2.07
2024-10-30,2.07
2024-10-31,2.07
2024-11-01,2.07
2024-11-02,2.07
2024-11-03,2.07
2024-11-04,2.07
2024-11-05,2.07
2024-11-06,2.07
2024-11-07,2.07
2024-11-08,2.07
2024-11-09,2.07
2024-11-10,2.07
2024-11-11,2.21
2024-11-12,2.65
2024-11-13,2.65
2024-11-14,2.65
2024-11-15,2.65
2024-11-16,2.65
2024-11-17,2.65
2024-11-18,2.65
2024-11-19,2.65
2024-11-20,2.49
2024-11-21,2.49
2024-11-22,2.49
2024-11-23,3.66
2024-11-24,5.12
2024-11-25,6.96
2024-11-26,16.97
2024-11-27,11.38
2024-11-28,14.28
2024-11-29,39.46
2024-11-30,26.88
2024-12-01,21.73
2024-12-02,21.23
2024-12-03,29.45
2024-12-04,29.45
2024-12-05,29.45
