date,discharge_m3s
1954-01-01,4.83
1954-01-02,4.56
1954-01-03,5.03
1954-01-04,5.09
1954-01-05,5.14
1954-01-06,5.38
1954-01-07,5.32
1954-01-08,5.73
1954-01-09,6.2
1954-01-10,7.31
1954-01-11,7.57
1954-01-12,8.0
1954-01-13,8.28
1954-01-14,9.13
1954-01-15,10.09
1954-01-16,13.49
1954-01-17,15.13
1954-01-18,14.66
1954-01-19,14.84
1954-01-20,13.88
1954-01-21,14.07
1954-01-22,12.09
1954-01-23,12.52
1954-01-24,11.98
1954-01-25,11.3
1954-01-26,10.64
1954-01-27,10.29
1954-01-28,10.0
1954-01-29,9.5
1954-01-30,9.5
1954-01-31,9.0
1954-02-01,9.5
1954-02-02,9.5
1954-02-03,10.0
1954-02-04,10.0
1954-02-05,10.35
1954-02-06,9.06
1954-02-07,8.21
1954-02-08,8.69
1954-02-09,8.72
1954-02-10,7.34
1954-02-11,6.29
1954-02-12,6.03
1954-02-13,6.12
1954-02-14,5.62
1954-02-15,5.0
1954-02-16,5.03
1954-02-17,5.14
1954-02-18,4.58
1954-02-19,4.16
1954-02-20,3.89
1954-02-21,3.84
1954-02-22,4.46
1954-02-23,4.85
1954-02-24,5.19
1954-02-25,5.52
1954-02-26,5.6
1954-02-27,5.05
1954-02-28,5.08
1954-03-01,5.66
1954-03-02,6.71
1954-03-03,8.97
1954-03-04,9.15
1954-03-05,9.76
1954-03-06,12.33
1954-03-07,11.52
1954-03-08,9.37
1954-03-09,8.6
1954-03-10,7.5
1954-03-11,7.65
1954-03-12,7.65
1954-03-13,7.87
1954-03-14,8.34
1954-03-15,7.81
1954-03-16,8.55
1954-03-17,8.24
1954-03-18,7.63
1954-03-19,7.95
1954-03-20,8.07
1954-03-21,8.5
1954-03-22,8.54
1954-03-23,8.37
1954-03-24,8.03
1954-03-25,7.65
1954-03-26,6.91
1954-03-27,6.29
1954-03-28,6.17
1954-03-29,5.86
1954-03-30,5.68
1954-03-31,5.75
1954-04-01,5.84
1954-04-02,5.16
1954-04-03,5.14
1954-04-04,5.34
1954-04-05,4.92
1954-04-06,5.17
1954-04-07,5.45
1954-04-08,5.01
1954-04-09,4.65
1954-04-10,4.96
1954-04-11,5.27
1954-04-12,5.05
1954-04-13,5.35
1954-04-14,5.25
1954-04-15,4.54
1954-04-16,4.2
1954-04-17,4.17
1954-04-18,4.94
1954-04-19,5.48
1954-04-20,4.89
1954-04-21,4.65
1954-04-22,4.47
1954-04-23,4.72
1954-04-24,4.74
1954-04-25,5.32
1954-04-26,5.24
1954-04-27,4.88
1954-04-28,4.65
1954-04-29,4.51
1954-04-30,4.56
1954-05-01,4.34
1954-05-02,4.07
1954-05-03,3.83
1954-05-04,4.05
1954-05-05,4.25
1954-05-06,5.02
1954-05-07,4.44
1954-05-08,3.72
1954-05-09,3.47
1954-05-10,3.28
1954-05-11,3.01
1954-05-12,2.9
1954-05-13,3.13
1954-05-14,3.18
1954-05-15,3.25
1954-05-16,3.3
1954-05-17,3.21
1954-05-18,2.73
1954-05-19,2.7
1954-05-20,2.71
1954-05-21,2.71
1954-05-22,2.71
1954-05-23,2.67
1954-05-24,2.69
1954-05-25,2.65
1954-05-26,2.72
1954-05-27,2.61
1954-05-28,2.69
1954-05-29,2.69
1954-05-30,2.72
1954-05-31,2.75
1954-06-01,2.65
1954-06-02,2.67
1954-06-03,2.56
1954-06-04,2.53
1954-06-05,2.54
1954-06-06,2.74
1954-06-07,2.72
1954-06-08,2.65
1954-06-09,2.77
1954-06-10,2.69
1954-06-11,2.59
1954-06-12,2.59
1954-06-13,2.61
1954-06-14,2.64
1954-06-15,2.73
1954-06-16,2.91
1954-06-17,2.99
1954-06-18,3.2
1954-06-19,2.91
1954-06-20,2.7
1954-06-21,2.75
1954-06-22,2.92
1954-06-23,2.87
1954-06-24,2.8
1954-06-25,2.75
1954-06-26,2.76
1954-06-27,2.96
1954-06-28,3.01
1954-06-29,3.03
1954-06-30,2.4
1954-07-01,2.95
1954-07-02,2.88
1954-07-03,2.78
1954-07-04,2.57
1954-07-05,2.59
1954-07-06,2.59
1954-07-07,2.56
1954-07-08,2.55
1954-07-09,2.59
1954-07-10,2.59
1954-07-11,2.74
1954-07-12,2.84
1954-07-13,2.86
1954-07-14,2.79
1954-07-15,2.46
1954-07-16,2.4
1954-07-17,2.41
1954-07-18,2.45
1954-07-19,2.39
1954-07-20,2.48
1954-07-21,2.52
1954-07-22,2.45
1954-07-23,2.52
1954-07-24,2.56
1954-07-25,2.53
1954-07-26,2.77
1954-07-27,2.71
1954-07-28,2.55
1954-07-29,2.43
1954-07-30,2.28
1954-07-31,2.5
1954-08-01,2.52
1954-08-02,2.42
1954-08-03,2.49
1954-08-04,2.31
1954-08-05,2.45
1954-08-06,2.29
1954-08-07,2.34
1954-08-08,2.15
1954-08-09,2.22
1954-08-10,2.21
1954-08-11,2.14
1954-08-12,2.11
1954-08-13,2.12
1954-08-14,2.17
1954-08-15,2.12
1954-08-16,2.11
1954-08-17,2.21
1954-08-18,2.31
1954-08-19,2.2
1954-08-20,2.42
1954-08-21,2.46
1954-08-22,2.38
1954-08-23,2.46
1954-08-24,2.26
1954-08-25,2.21
1954-08-26,2.33
1954-08-27,2.33
1954-08-28,2.29
1954-08-29,2.47
1954-08-30,2.69
1954-08-31,2.8
1954-09-01,2.66
1954-09-02,2.47
1954-09-03,2.55
1954-09-04,2.7
1954-09-05,2.57
1954-09-06,2.52
1954-09-07,2.31
1954-09-08,2.26
1954-09-09,2.07
1954-09-10,2.34
1954-09-11,2.39
1954-09-12,2.38
1954-09-13,1.9
1954-09-14,2.02
1954-09-15,1.97
1954-09-16,1.79
1954-09-17,1.97
1954-09-18,2.11
1954-09-19,2.05
1954-09-20,2.0
1954-09-21,1.97
1954-09-22,2.01
1954-09-23,1.98
1954-09-24,2.12
1954-09-25,2.18
1954-09-26,2.11
1954-09-27,2.2
1954-09-28,2.44
1954-09-29,2.37
1954-09-30,2.46
1954-10-01,2.6
1954-10-02,2.94
1954-10-03,2.58
1954-10-04,2.38
1954-10-05,2.29
1954-10-06,2.31
1954-10-07,2.27
1954-10-08,2.21
1954-10-09,2.27
1954-10-10,2.23
1954-10-11,2.13
1954-10-12,1.99
1954-10-13,1.99
1954-10-14,1.97
1954-10-15,1.97
1954-10-16,2.08
1954-10-17,2.27
1954-10-18,2.25
1954-10-19,2.51
1954-10-20,2.55
1954-10-21,2.41
1954-10-22,2.66
1954-10-23,3.2
1954-10-24,3.18
1954-10-25,2.87
1954-10-26,2.81
1954-10-27,2.56
1954-10-28,2.53
1954-10-29,2.44
1954-10-30,2.39
1954-10-31,2.36
1954-11-01,2.37
1954-11-02,2.47
1954-11-03,2.33
1954-11-04,2.35
1954-11-05,2.39
1954-11-06,2.46
1954-11-07,2.73
1954-11-08,2.8
1954-11-09,2.51
1954-11-10,2.49
1954-11-11,2.48
1954-11-12,3.01
1954-11-13,3.63
1954-11-14,3.72
1954-11-15,3.8
1954-11-16,3.32
1954-11-17,3.15
1954-11-18,2.75
1954-11-19,2.75
1954-11-20,2.75
1954-11-21,2.75
1954-11-22,2.69
1954-11-23,2.69
1954-11-24,2.69
1954-11-25,2.69
1954-11-26,2.91
1954-11-27,3.24
1954-11-28,3.57
1954-11-29,3.67
1954-11-30,3.51
1954-12-01,3.75
1954-12-02,3.51
1954-12-03,3.35
1954-12-04,3.5
1954-12-05,3.39
1954-12-06,3.39
1954-12-07,3.85
1954-12-08,3.63
1954-12-09,3.18
1954-12-10,3.64
1954-12-11,4.65
1954-12-12,5.1
1954-12-13,4.33
1954-12-14,3.84
1954-12-15,3.74
1954-12-16,4.25
1954-12-17,4.48
1954-12-18,5.09
1954-12-19,5.07
1954-12-20,5.49
1954-12-21,5.65
1954-12-22,4.7
1954-12-23,4.44
1954-12-24,4.44
1954-12-25,5.11
1954-12-26,5.11
1954-12-27,5.49
1954-12-28,5.65
1954-12-29,5.42
1954-12-30,7.39
1954-12-31,7.11
1955-01-01,7.205312500000001
1955-01-02,7.300625
1955-02-01,10.16
1955-02-02,11.4
1955-02-03,9.48
1955-02-04,6.96
1955-02-05,6.34
1955-02-06,6.77
1955-02-07,7.85
1955-02-08,9.19
1955-02-09,9.48
1955-02-10,9.8
1955-02-11,10.38
1955-02-12,10.34
1955-02-13,10.31
1955-02-14,11.23
1955-02-15,10.77
1955-02-16,8.93
1955-02-17,10.37
1955-02-18,10.53
1955-02-19,10.77
1955-02-20,10.14
1955-02-21,11.46
1955-02-22,10.67
1955-02-23,9.65
1955-02-24,10.71
1955-02-25,11.18
1955-02-26,14.48
1955-02-27,11.09
1955-02-28,10.42
1955-03-01,8.89
1955-03-02,8.4
1955-03-03,7.65
1955-03-04,6.95
1955-03-05,6.68
1955-03-06,6.89
1955-03-07,7.23
1955-03-08,8.08
1955-03-09,8.92
1955-03-10,7.68
1955-03-11,7.88
1955-03-12,8.45
1955-03-13,9.13
1955-03-14,9.16
1955-03-15,10.7
1955-03-16,11.14
1955-03-17,9.0
1955-03-18,7.43
1955-03-19,8.42
1955-03-20,7.22
1955-03-21,5.8
1955-03-22,6.02
1955-03-23,7.71
1955-03-24,7.3
1955-03-25,5.71
1955-03-26,5.52
1955-03-27,6.59
1955-03-28,7.36
1955-03-29,8.82
1955-03-30,7.91
1955-03-31,8.04
1955-04-01,8.48
1955-04-02,11.07
1955-04-03,9.55
1955-04-04,8.01
1955-04-05,6.46
1955-04-06,5.4
1955-04-07,5.4
1955-04-08,5.65
1955-04-09,6.29
1955-04-10,7.36
1955-04-11,7.23
1955-04-12,7.68
1955-04-13,7.02
1955-04-14,7.06
1955-04-15,6.63
1955-04-16,5.56
1955-04-17,6.99
1955-04-18,6.26
1955-04-19,6.08
1955-04-20,5.66
1955-04-21,5.33
1955-04-22,4.92
1955-04-23,4.39
1955-04-24,4.01
1955-04-25,3.93
1955-04-26,3.91
1955-04-27,3.83
1955-04-28,3.73
1955-04-29,3.61
1955-04-30,3.66
1955-05-01,3.64
1955-05-02,3.45
1955-05-03,3.31
1955-05-04,2.93
1955-05-05,2.84
1955-05-06,2.82
1955-05-07,2.72
1955-05-08,2.58
1955-05-09,2.57
1955-05-10,2.55
1955-05-11,2.56
1955-05-12,2.51
1955-05-13,2.67
1955-05-14,2.52
1955-05-15,2.41
1955-05-16,2.38
1955-05-17,2.42
1955-05-18,2.45
1955-05-19,2.47
1955-05-20,2.57
1955-05-21,2.51
1955-05-22,2.53
1955-05-23,2.61
1955-05-24,2.9
1955-05-25,2.87
1955-05-26,3.09
1955-05-27,2.85
1955-05-28,2.82
1955-05-29,2.8
1955-05-30,2.76
1955-05-31,2.76
1955-06-01,2.66
1955-06-02,2.58
1955-06-03,2.55
1955-06-04,2.62
1955-06-05,2.67
1955-06-06,2.63
1955-06-07,2.67
1955-06-08,2.64
1955-06-09,2.65
1955-06-10,2.55
1955-06-11,2.39
1955-06-12,2.37
1955-06-13,2.29
1955-06-14,2.1
1955-06-15,2.03
1955-06-16,2.01
1955-06-17,1.98
1955-06-18,1.97
1955-06-19,2.01
1955-06-20,2.03
1955-06-21,2.01
1955-06-22,2.03
1955-06-23,2.02
1955-06-24,1.97
1955-06-25,1.96
1955-06-26,1.98
1955-06-27,1.99
1955-06-28,1.98
1955-06-29,2.02
1955-06-30,2.05
1955-07-01,2.09
1955-07-02,2.13
1955-07-03,2.11
1955-07-04,2.18
1955-07-05,2.16
1955-07-06,2.08
1955-07-07,2.12
1955-07-08,2.05
1955-07-09,2.03
1955-07-10,2.09
1955-07-11,2.08
1955-07-12,2.02
1955-07-13,2.03
1955-07-14,1.93
1955-07-15,1.91
1955-07-16,1.95
1955-07-17,1.93
1955-07-18,1.92
1955-07-19,1.96
1955-07-20,1.94
1955-07-21,1.94
1955-07-22,1.98
1955-07-23,2.03
1955-07-24,2.02
1955-07-25,2.03
1955-07-26,2.02
1955-07-27,1.98
1955-07-28,1.95
1955-07-29,1.96
1955-07-30,1.98
1955-07-31,1.96
1955-08-01,1.93
1955-08-02,1.88
1955-08-03,1.88
1955-08-04,1.88
1955-08-05,1.88
1955-08-06,1.93
1955-08-07,1.99
1955-08-08,2.02
1955-08-09,2.0
1955-08-10,1.97
1955-08-11,1.99
1955-08-12,1.97
1955-08-13,1.97
1955-08-14,1.97
1955-08-15,1.97
1955-08-16,1.97
1955-08-17,1.97
1955-08-18,1.97
1955-08-19,1.97
1955-08-20,2.09
1955-08-21,2.2
1955-08-22,2.22
1955-08-23,2.16
1955-08-24,2.11
1955-08-25,2.06
1955-08-26,2.06
1955-08-27,2.11
1955-08-28,2.11
1955-08-29,2.11
1955-08-30,2.17
1955-08-31,2.11
1955-09-01,2.11
1955-09-02,2.11
1955-09-03,2.15
1955-09-04,2.27
1955-09-05,2.15
1955-09-06,2.11
1955-09-07,2.11
1955-09-08,2.085238095238095
1955-09-09,2.0604761904761904
1955-09-28,1.59
1955-09-29,1.55
1955-09-30,1.59
1955-10-01,1.65
1955-10-02,1.7
1955-10-03,1.68
1955-10-04,1.66
1955-10-05,1.66
1955-10-06,1.67
1955-10-07,1.73
1955-10-08,2.05
1955-10-09,2.15
1955-10-10,2.19
1955-10-11,2.02
1955-10-12,1.92
1955-10-13,2.53
1955-10-14,3.09
1955-10-15,3.27
1955-10-16,3.21
1955-10-17,3.18
1955-10-18,2.78
1955-10-19,2.65
1955-10-20,2.18
1955-10-21,2.08
1955-10-22,2.13
1955-10-23,2.03
1955-10-24,1.99
1955-10-25,2.04
1955-10-26,2.13
1955-10-27,2.32
1955-10-28,2.5
1955-10-29,2.76
1955-10-30,2.57
1955-10-31,2.41
1955-11-01,2.42
1955-11-02,2.9
1955-11-03,3.13
1955-11-04,2.95
1955-11-05,2.59
1955-11-06,2.21
1955-11-07,2.27
1955-11-08,2.38
1955-11-09,2.39
1955-11-10,2.48
1955-11-11,2.26
1955-11-12,2.32
1955-11-13,2.36
1955-11-14,2.44
1955-11-15,2.62
1955-11-16,2.76
1955-11-17,2.73
1955-11-18,2.72
1955-11-19,3.07
1955-11-20,2.85
1955-11-21,2.83
1955-11-22,2.83
1955-11-23,2.83
1955-11-24,3.08
1955-11-25,3.21
1955-11-26,3.13
1955-11-27,2.92
1955-11-28,2.7
1955-11-29,2.96
1955-11-30,3.11
1955-12-01,3.1
1955-12-02,3.52
1955-12-03,3.77
1955-12-04,3.77
1955-12-05,3.92
1955-12-06,3.95
1955-12-07,4.13
1955-12-08,3.74
1955-12-09,3.64
1955-12-10,3.79
1955-12-11,3.8
1955-12-12,3.96
1955-12-13,3.9
1955-12-14,3.72
1955-12-15,4.35
1955-12-16,5.49
1955-12-17,5.49
1955-12-18,5.51
1955-12-19,6.26
1955-12-20,6.93
1955-12-21,6.03
1955-12-22,4.99
1955-12-23,4.4
1955-12-24,4.36
1955-12-25,4.14
1955-12-26,4.32
1955-12-27,4.49
1955-12-28,4.57
1955-12-29,4.47
1955-12-30,4.66
1955-12-31,4.42
1956-01-01,4.58
1956-01-02,4.77
1956-01-03,4.5
1956-01-04,4.38
1956-01-05,4.6
1956-01-06,4.69
1956-01-07,4.59
1956-01-08,4.6
1956-01-09,4.45
1956-01-10,4.09
1956-01-11,4.08
1956-01-12,3.94
1956-01-13,3.76
1956-01-14,3.88
1956-01-15,3.49
1956-01-16,3.51
1956-01-17,3.68
1956-01-18,4.02
1956-01-19,3.83
1956-01-20,3.53
1956-01-21,3.93
1956-01-22,4.44
1956-01-23,4.36
1956-01-24,4.31
1956-01-25,5.2
1956-01-26,6.87
1956-01-27,7.91
1956-01-28,8.98
1956-01-29,10.38
1956-01-30,9.29
1956-01-31,7.09
1956-02-01,7.84
1956-02-02,8.39
1956-02-03,7.41
1956-02-04,6.94
1956-02-05,7.85
1956-02-06,7.55
1956-02-07,9.46
1956-02-08,9.64
1956-02-09,9.52
1956-02-10,8.01
1956-02-11,9.13
1956-02-12,8.58
1956-02-13,8.03
1956-02-14,6.61
1956-02-15,9.38
1956-02-16,9.67
1956-02-17,9.59
1956-02-18,9.15
1956-02-19,9.7
1956-02-20,10.34
1956-02-21,9.62
1956-02-22,12.79
1956-02-23,15.75
1956-02-24,13.39
1956-02-25,10.55
1956-02-26,9.16
1956-02-27,8.86
1956-02-28,9.06
1956-02-29,8.75
1956-03-01,7.66
1956-03-02,8.02
1956-03-03,8.61
1956-03-04,8.0
1956-03-05,7.6
1956-03-06,7.2
1956-03-07,7.15
1956-03-08,6.71
1956-03-09,6.5
1956-03-10,6.68
1956-03-11,7.15
1956-03-12,7.52
1956-03-13,8.05
1956-03-14,9.57
1956-03-15,9.38
1956-03-16,8.77
1956-03-17,8.19
1956-03-18,8.97
1956-03-19,8.34
1956-03-20,8.29
1956-03-21,7.74
1956-03-22,7.39
1956-03-23,7.15
1956-03-24,7.39
1956-03-25,6.9
1956-03-26,7.16
1956-03-27,7.41
1956-03-28,7.41
1956-03-29,7.17
1956-03-30,7.16
1956-03-31,7.14
1956-04-01,7.55
1956-04-02,7.65
1956-04-03,7.81
1956-04-04,8.08
1956-04-05,8.5
1956-04-06,8.46
1956-04-07,8.91
1956-04-08,9.18
1956-04-09,8.73
1956-04-10,8.64
1956-04-11,9.15
1956-04-12,9.34
1956-04-13,9.41
1956-04-14,9.83
1956-04-15,9.84
1956-04-16,9.42
1956-04-17,8.92
1956-04-18,8.92
1956-04-19,8.19
1956-04-20,6.96
1956-04-21,6.49
1956-04-22,6.58
1956-04-23,6.53
1956-04-24,6.36
1956-04-25,5.98
1956-04-26,5.5
1956-04-27,5.05
1956-04-28,5.08
1956-04-29,5.08
1956-04-30,4.87
1956-05-01,4.59
1956-05-02,4.39
1956-05-03,4.21
1956-05-04,4.43
1956-05-05,4.56
1956-05-06,3.49
1956-05-07,4.07
1956-05-08,4.13
1956-05-09,4.2
1956-05-10,3.99
1956-05-11,3.8
1956-05-12,3.68
1956-05-13,3.8
1956-05-14,3.7
1956-05-15,3.52
1956-05-16,3.27
1956-05-17,3.32
1956-05-18,3.3
1956-05-19,2.85
1956-05-20,3.2
1956-05-21,3.21
1956-05-22,3.04
1956-05-23,3.06
1956-05-24,3.12
1956-05-25,3.03
1956-05-26,2.93
1956-05-27,2.92
1956-05-28,3.0
1956-05-29,2.98
1956-05-30,2.91
1956-05-31,2.82
1956-06-01,2.71
1956-06-02,2.82
1956-06-03,2.78
1956-06-04,2.7
1956-06-05,2.66
1956-06-06,2.64
1956-06-07,2.6
1956-06-08,2.7
1956-06-09,2.76
1956-06-10,2.7
1956-06-11,2.67
1956-06-12,2.59
1956-06-13,2.63
1956-06-14,2.64
1956-06-15,2.62
1956-06-16,2.58
1956-06-17,2.53
1956-06-18,2.49
1956-06-19,2.49
1956-06-20,2.55
1956-06-21,2.4
1956-06-22,2.43
1956-06-23,2.46
1956-06-24,2.48
1956-06-25,2.49
1956-06-26,2.52
1956-06-27,2.39
1956-06-28,2.38
1956-06-29,2.44
1956-06-30,2.49
1956-07-01,2.51
1956-07-02,2.4
1956-07-03,2.3
1956-07-04,2.35
1956-07-05,2.31
1956-07-06,2.45
1956-07-07,2.5
1956-07-08,2.35
1956-07-09,2.32
1956-07-10,2.32
1956-07-11,2.27
1956-07-12,2.3
1956-07-13,2.08
1956-07-14,1.92
1956-07-15,1.88
1956-07-16,1.89
1956-07-17,1.88
1956-07-18,1.87
1956-07-19,1.85
1956-07-20,1.86
1956-07-21,1.86
1956-07-22,1.85
1956-07-23,1.87
1956-07-24,1.88
1956-07-25,1.86
1956-07-26,2.0
1956-07-27,1.96
1956-07-28,1.94
1956-07-29,1.91
1956-07-30,1.97
1956-07-31,2.0
1956-08-01,1.98
1956-08-02,1.97
1956-08-03,1.96
1956-08-04,1.96
1956-08-05,1.95
1956-08-06,2.01
1956-08-07,2.1
1956-08-08,2.13
1956-08-09,2.11
1956-08-10,1.97
1956-08-11,2.0
1956-08-12,2.1
1956-08-13,2.0
1956-08-14,2.07
1956-08-15,2.08
1956-08-16,2.06
1956-08-17,2.08
1956-08-18,2.14
1956-08-19,2.02
1956-08-20,2.02
1956-08-21,2.04
1956-08-22,2.16
1956-08-23,2.16
1956-08-24,2.01
1956-08-25,2.01
1956-08-26,2.02
1956-08-27,2.04
1956-08-28,1.94
1956-08-29,1.97
1956-08-30,1.99
1956-08-31,2.06
1956-09-01,1.99
1956-09-02,1.96
1956-09-03,1.93
1956-09-04,1.9
1956-09-05,2.0
1956-09-06,2.0
1956-09-07,2.12
1956-09-08,2.17
1956-09-09,2.09
1956-09-10,2.09
1956-09-11,2.18
1956-09-12,2.26
1956-09-13,2.37
1956-09-14,2.4
1956-09-15,2.37
1956-09-16,2.17
1956-09-17,2.16
1956-09-18,1.99
1956-09-19,1.94
1956-09-20,1.87
1956-09-21,1.84
1956-09-22,1.88
1956-09-23,1.91
1956-09-24,2.01
1956-09-25,2.09
1956-09-26,2.0
1956-09-27,1.89
1956-09-28,2.08
1956-09-29,2.11
1956-09-30,2.08
1956-10-01,2.31
1956-10-02,2.46
1956-10-03,2.59
1956-10-04,3.15
1956-10-05,2.78
1956-10-06,2.59
1956-10-07,2.92
1956-10-08,2.96
1956-10-09,3.23
1956-10-10,3.22
1956-10-11,3.24
1956-10-12,3.24
1956-10-13,3.15
1956-10-14,3.05
1956-10-15,2.9
1956-10-16,2.85
1956-10-17,2.71
1956-10-18,2.68
1956-10-19,2.63
1956-10-20,2.62
1956-10-21,2.71
1956-10-22,2.58
1956-10-23,2.38
1956-10-24,2.53
1956-10-25,2.77
1956-10-26,2.58
1956-10-27,2.49
1956-10-28,2.46
1956-10-29,2.46
1956-10-30,2.48
1956-10-31,2.58
1956-11-01,2.71
1956-11-02,2.67
1956-11-03,2.83
1956-11-04,3.46
1956-11-05,3.55
1956-11-06,3.22
1956-11-07,3.23
1956-11-08,3.4
1956-11-09,3.41
1956-11-10,3.32
1956-11-11,3.44
1956-11-12,3.22
1956-11-13,2.99
1956-11-14,3.03
1956-11-15,3.05
1956-11-16,2.93
1956-11-17,3.12
1956-11-18,3.25
1956-11-19,3.3
1956-11-20,3.39
1956-11-21,3.34
1956-11-22,3.44
1956-11-23,3.61
1956-11-24,3.6
1956-11-25,3.84
1956-11-26,3.75
1956-11-27,3.56
1956-11-28,3.4
1956-11-29,3.0
1956-11-30,2.95
1956-12-01,3.0
1956-12-02,3.1
1956-12-03,3.32
1956-12-04,3.5
1956-12-05,3.59
1956-12-06,3.61
1956-12-07,3.92
1956-12-08,3.74
1956-12-09,3.65
1956-12-10,3.75
1956-12-11,3.54
1956-12-12,3.92
1956-12-13,4.07
1956-12-14,3.83
1956-12-15,3.56
1956-12-16,3.67
1956-12-17,3.99
1956-12-18,4.27
1956-12-19,4.46
1956-12-20,4.58
1956-12-21,4.46
1956-12-22,4.41
1956-12-23,4.81
1956-12-24,5.0
1956-12-25,5.77
1956-12-26,5.77
1956-12-27,6.3
1956-12-28,5.9
1956-12-29,5.37
1956-12-30,5.61
1956-12-31,5.26
1957-01-01,6.07
1957-01-02,5.9
1957-01-03,5.78
1957-01-04,5.98
1957-01-05,6.35
1957-01-06,6.32
1957-01-07,6.55
1957-01-08,6.64
1957-01-09,6.49
1957-01-10,6.11
1957-01-11,5.83
1957-01-12,5.68
1957-01-13,5.89
1957-01-14,6.0
1957-01-15,6.2
1957-01-16,6.4
1957-01-17,6.21
1957-01-18,6.23
1957-01-19,6.88
1957-01-20,6.52
1957-01-21,6.27
1957-01-22,6.36
1957-01-23,6.59
1957-01-24,6.36
1957-01-25,7.35
1957-01-26,7.99
1957-01-27,8.82
1957-01-28,8.73
1957-01-29,7.67
1957-01-30,7.77
1957-01-31,7.41
1957-02-01,6.7
1957-02-02,6.36
1957-02-03,6.4
1957-02-04,7.34
1957-02-05,11.33
1957-02-06,12.11
1957-02-07,11.68
1957-02-08,13.73
1957-02-09,12.51
1957-02-10,10.8
1957-02-11,11.54
1957-02-12,10.87
1957-02-13,10.23
1957-02-14,9.99
1957-02-15,9.79
1957-02-16,9.29
1957-02-17,9.32
1957-02-18,9.49
1957-02-19,10.37
1957-02-20,9.97
1957-02-21,9.69
1957-02-22,10.33
1957-02-23,14.24
1957-02-24,12.31
1957-02-25,11.06
1957-02-26,10.06
1957-02-27,9.55
1957-02-28,9.82
1957-03-01,9.82
1957-03-02,9.19
1957-03-03,8.95
1957-03-04,9.12
1957-03-05,9.69
1957-03-06,10.15
1957-03-07,9.79
1957-03-08,12.61
1957-03-09,10.93
1957-03-10,11.2
1957-03-11,11.5
1957-03-12,12.1
1957-03-13,11.58
1957-03-14,11.18
1957-03-15,12.05
1957-03-16,11.24
1957-03-17,9.82
1957-03-18,9.39
1957-03-19,12.73
1957-03-20,12.35
1957-03-21,11.58
1957-03-22,12.86
1957-03-23,15.31
1957-03-24,14.04
1957-03-25,12.56
1957-03-26,10.94
1957-03-27,10.05
1957-03-28,9.45
1957-03-29,9.02
1957-03-30,8.55
1957-03-31,8.9
1957-04-01,8.93
1957-04-02,9.72
1957-04-03,9.45
1957-04-04,8.78
1957-04-05,8.34
1957-04-06,9.09
1957-04-07,9.45
1957-04-08,9.52
1957-04-09,8.82
1957-04-10,8.61
1957-04-11,8.08
1957-04-12,7.23
1957-04-13,7.36
1957-04-14,8.2
1957-04-15,8.84
1957-04-16,7.94
1957-04-17,11.89
1957-04-18,12.64
1957-04-19,11.24
1957-04-20,10.22
1957-04-21,10.74
1957-04-22,10.61
1957-04-23,9.07
1957-04-24,8.64
1957-04-25,8.0
1957-04-26,7.72
1957-04-27,7.98
1957-04-28,8.73
1957-04-29,9.59
1957-04-30,8.7
1957-05-01,8.39
1957-05-02,8.06
1957-05-03,7.57
1957-05-04,7.33
1957-05-05,7.0
1957-05-06,6.95
1957-05-07,7.04
1957-05-08,7.95
1957-05-09,7.85
1957-05-10,6.89
1957-05-11,6.51
1957-05-12,6.45
1957-05-13,6.23
1957-05-14,6.36
1957-05-15,6.47
1957-05-16,6.63
1957-05-17,6.41
1957-05-18,6.25
1957-05-19,6.0
1957-05-20,5.98
1957-05-21,6.19
1957-05-22,6.08
1957-05-23,5.79
1957-05-24,6.47
1957-05-25,6.0
1957-05-26,5.86
1957-05-27,6.13
1957-05-28,6.33
1957-05-29,6.09
1957-05-30,6.37
1957-05-31,6.21
1957-06-01,5.46
1957-06-02,6.48
1957-06-03,6.49
1957-06-04,6.56
1957-06-05,6.12
1957-06-06,3.92
1957-06-07,3.77
1957-06-08,4.07
1957-06-09,4.05
1957-06-10,3.9
1957-06-11,3.74
1957-06-12,3.5
1957-06-13,3.21
1957-06-14,3.15
1957-06-15,3.04
1957-06-16,3.31
1957-06-17,3.22
1957-06-18,3.24
1957-06-19,3.07
1957-06-20,3.0
1957-06-21,2.8
1957-06-22,2.64
1957-06-23,2.7
1957-06-24,2.9
1957-06-25,2.97
1957-06-26,2.85
1957-06-27,2.99
1957-06-28,3.04
1957-06-29,3.15
1957-06-30,3.2
1957-07-01,3.19
1957-07-02,3.27
1957-07-03,3.09
1957-07-04,3.05
1957-07-05,3.01
1957-07-06,2.8
1957-07-07,2.72
1957-07-08,2.67
1957-07-09,2.83
1957-07-10,3.05
1957-07-11,3.31
1957-07-12,3.38
1957-07-13,3.19
1957-07-14,3.12
1957-07-15,3.43
1957-07-16,3.39
1957-07-17,3.62
1957-07-18,3.83
1957-07-19,4.0
1957-07-20,4.14
1957-07-21,3.79
1957-07-22,3.47
1957-07-23,3.67
1957-07-24,3.65
1957-07-25,3.61
1957-07-26,3.82
1957-07-27,3.88
1957-07-28,3.89
1957-07-29,4.02
1957-07-30,3.52
1957-07-31,3.62
1957-08-01,3.63
1957-08-02,3.48
1957-08-03,3.05
1957-08-04,3.15
1957-08-05,3.08
1957-08-06,3.11
1957-08-07,3.4
1957-08-08,3.68
1957-08-09,3.62
1957-08-10,3.45
1957-08-11,3.55
1957-08-12,3.28
1957-08-13,3.17
1957-08-14,3.13
1957-08-15,3.17
1957-08-16,3.47
1957-08-17,3.63
1957-08-18,3.68
1957-08-19,3.48
1957-08-20,3.94
1957-08-21,3.97
1957-08-22,3.66
1957-08-23,3.0
1957-08-24,2.84
1957-08-25,2.95
1957-08-26,3.2
1957-08-27,3.2
1957-08-28,2.92
1957-08-29,3.37
1957-08-30,3.19
1957-08-31,3.5
1957-09-01,3.45
1957-09-02,3.45
1957-09-03,3.31
1957-09-04,3.43
1957-09-05,3.09
1957-09-06,2.93
1957-09-07,3.03
1957-09-08,3.2
1957-09-09,3.41
1957-09-10,3.45
1957-09-11,3.79
1957-09-12,3.86
1957-09-13,3.89
1957-09-14,3.51
1957-09-15,3.47
1957-09-16,3.39
1957-09-17,3.56
1957-09-18,3.74
1957-09-19,3.81
1957-09-20,3.92
1957-09-21,4.06
1957-09-22,4.23
1957-09-23,4.77
1957-09-24,4.27
1957-09-25,3.85
1957-09-26,4.12
1957-09-27,3.79
1957-09-28,3.61
1957-09-29,3.43
1957-09-30,3.39
1957-10-01,3.75
1957-10-02,4.2
1957-10-03,3.83
1957-10-04,3.42
1957-10-05,3.27
1957-10-06,3.46
1957-10-07,3.56
1957-10-08,3.91
1957-10-09,4.05
1957-10-10,3.79
1957-10-11,3.59
1957-10-12,3.93
1957-10-13,4.13
1957-10-14,3.6
1957-10-15,3.7
1957-10-16,3.86
1957-10-17,4.02
1957-10-18,4.08
1957-10-19,4.2
1957-10-20,4.95
1957-10-21,5.5
1957-10-22,6.22
1957-10-23,6.16
1957-10-24,6.1
1957-10-25,5.57
1957-10-26,5.02
1957-10-27,4.92
1957-10-28,5.11
1957-10-29,5.42
1957-10-30,5.29
1957-10-31,5.03
1957-11-01,5.27
1957-11-02,6.09
1957-11-03,7.04
1957-11-04,7.98
1957-11-05,7.59
1957-11-06,7.32
1957-11-07,7.54
1957-11-08,7.44
1957-11-09,7.37
1957-11-10,7.12
1957-11-11,7.59
1957-11-12,7.35
1957-11-13,6.64
1957-11-14,6.42
1957-11-15,6.63
1957-11-16,6.87
1957-11-17,7.18
1957-11-18,7.47
1957-11-19,6.76
1957-11-20,6.14
1957-11-21,6.12
1957-11-22,4.91
1957-11-23,4.49
1957-11-24,4.7
1957-11-25,5.03
1957-11-26,5.51
1957-11-27,5.11
1957-11-28,5.29
1957-11-29,5.27
1957-11-30,5.55
1957-12-01,5.98
1957-12-02,5.98
1957-12-03,5.79
1957-12-04,6.67
1957-12-05,6.7
1957-12-06,6.61
1957-12-07,7.41
1957-12-08,7.67
1957-12-09,7.24
1957-12-10,7.5
1957-12-11,7.87
1957-12-12,7.03
1957-12-13,6.06
1957-12-14,6.07
1957-12-15,6.55
1957-12-16,7.11
1957-12-17,7.36
1957-12-18,6.64
1957-12-19,6.98
1957-12-20,9.38
1957-12-21,10.04
1957-12-22,9.79
1957-12-23,9.71
1957-12-24,11.41
1957-12-25,10.72
1957-12-26,9.98
1957-12-27,10.79
1957-12-28,9.79
1957-12-29,9.25
1957-12-30,9.35
1957-12-31,8.96
1958-01-01,8.81
1958-01-02,9.65
1958-01-03,9.91
1958-01-04,11.09
1958-01-05,12.44
1958-01-06,13.36
1958-01-07,12.59
1958-01-08,10.96
1958-01-09,11.7
1958-01-10,11.7
1958-01-11,10.5
1958-01-12,10.2
1958-01-13,9.8
1958-01-14,9.1
1958-01-15,8.0
1958-01-16,8.14
1958-01-17,7.44
1958-01-18,7.67
1958-01-19,7.93
1958-01-20,7.93
1958-01-21,7.59
1958-01-22,7.86
1958-01-23,8.92
1958-01-24,8.5
1958-01-25,8.72
1958-01-26,8.52
1958-01-27,8.57
1958-01-28,7.615
1958-01-29,6.66
1958-01-30,6.48
1958-01-31,6.57
1958-02-01,6.72
1958-02-02,6.65
1958-02-03,6.89
1958-02-04,6.99
1958-02-05,7.45
1958-02-06,7.27
1958-02-07,7.16
1958-02-08,7.21
1958-02-09,6.43
1958-02-10,6.48
1958-02-11,6.97
1958-02-12,6.63
1958-02-13,7.01
1958-02-14,9.04
1958-02-15,9.4
1958-02-16,10.63
1958-02-17,9.19
1958-02-18,8.21
1958-02-19,8.4
1958-02-20,9.15
1958-02-21,8.55
1958-02-22,9.05
1958-02-23,9.99
1958-02-24,10.29
1958-02-25,12.38
1958-02-26,13.23
1958-02-27,11.97
1958-02-28,10.63
1958-03-01,9.92
1958-03-02,9.82
1958-03-03,9.45
1958-03-04,9.19
1958-03-05,9.19
1958-03-06,9.12
1958-03-07,9.29
1958-03-08,9.95
1958-03-09,10.2
1958-03-10,9.82
1958-03-11,9.52
1958-03-12,9.65
1958-03-13,9.62
1958-03-14,9.6
1958-03-15,9.8
1958-03-16,10.7
1958-03-17,12.05
1958-03-18,13.89
1958-03-19,13.36
1958-03-20,13.45
1958-03-21,14.43
1958-03-22,16.25
1958-03-23,16.29
1958-03-24,16.13
1958-03-25,15.86
1958-03-26,16.07
1958-03-27,15.5
1958-03-28,15.0
1958-03-29,14.3
1958-03-30,13.5
1958-03-31,12.0
1958-04-01,11.85
1958-04-02,11.7
1958-04-03,11.52
1958-04-04,11.37
1958-04-05,11.88
1958-04-06,12.22
1958-04-07,12.53
1958-04-08,11.8
1958-04-09,11.26
1958-04-10,11.22
1958-04-11,10.81
1958-04-12,10.83
1958-04-13,12.03
1958-04-14,12.65
1958-04-15,12.33
1958-04-16,11.52
1958-04-17,11.06
1958-04-18,10.83
1958-04-19,11.17
1958-04-20,11.41
1958-04-21,10.66
1958-04-22,9.52
1958-04-23,8.5
1958-04-24,8.12
1958-04-25,8.6
1958-04-26,8.19
1958-04-27,8.41
1958-04-28,8.73
1958-04-29,9.14
1958-04-30,9.02
1958-05-01,9.2
1958-05-02,9.1
1958-05-03,8.82
1958-05-04,9.35
1958-05-05,8.95
1958-05-06,8.32
1958-05-07,7.72
1958-05-08,7.57
1958-05-09,7.1
1958-05-10,6.75
1958-05-11,6.71
1958-05-12,6.73
1958-05-13,6.43
1958-05-14,6.46
1958-05-15,6.78
1958-05-16,6.39
1958-05-17,6.32
1958-05-18,6.21
1958-05-19,5.85
1958-05-20,5.92
1958-05-21,5.53
1958-05-22,5.69
1958-05-23,5.6
1958-05-24,5.81
1958-05-25,5.72
1958-05-26,5.49
1958-05-27,5.88
1958-05-28,6.3
1958-05-29,6.62
1958-05-30,6.32
1958-05-31,5.9
1958-06-01,6.1
1958-06-02,6.28
1958-06-03,6.09
1958-06-04,6.14
1958-06-05,5.6
1958-06-06,4.83
1958-06-07,4.6
1958-06-08,4.56
1958-06-09,4.73
1958-06-10,4.88
1958-06-11,4.94
1958-06-12,5.26
1958-06-13,4.79
1958-06-14,4.58
1958-06-15,4.95
1958-06-16,4.54
1958-06-17,4.54
1958-06-18,5.35
1958-06-19,4.4
1958-06-20,4.19
1958-06-21,4.01
1958-06-22,3.85
1958-06-23,3.95
1958-06-24,3.89
1958-06-25,3.91
1958-06-26,3.93
1958-06-27,3.88
1958-06-28,3.97
1958-06-29,4.1
1958-06-30,4.26
1958-07-01,4.26
1958-07-02,3.71
1958-07-03,3.9
1958-07-04,4.05
1958-07-05,4.13
1958-07-06,3.92
1958-07-07,3.95
1958-07-08,4.03
1958-07-09,3.89
1958-07-10,4.03
1958-07-11,3.92
1958-07-12,4.02
1958-07-13,4.19
1958-07-14,4.29
1958-07-15,4.6
1958-07-16,4.48
1958-07-17,4.58
1958-07-18,4.51
1958-07-19,4.27
1958-07-20,4.31
1958-07-21,3.94
1958-07-22,3.81
1958-07-23,4.08
1958-07-24,4.36
1958-07-25,4.44
1958-07-26,4.2
1958-07-27,4.31
1958-07-28,4.42
1958-07-29,4.16
1958-07-30,4.36
1958-07-31,4.27
1958-08-01,4.36
1958-08-02,4.1
1958-08-03,3.97
1958-08-04,3.87
1958-08-05,4.01
1958-08-06,4.05
1958-08-07,4.28
1958-08-08,4.4
1958-08-09,4.37
1958-08-10,3.73
1958-08-11,3.75
1958-08-12,3.72
1958-08-13,3.7
1958-08-14,3.95
1958-08-15,4.11
1958-08-16,4.14
1958-08-17,4.24
1958-08-18,4.6
1958-08-19,4.8
1958-08-20,4.95
1958-08-21,4.28
1958-08-22,3.84
1958-08-23,3.73
1958-08-24,3.74
1958-08-25,3.82
1958-08-26,3.91
1958-08-27,4.01
1958-08-28,4.36
1958-08-29,4.62
1958-08-30,3.97
1958-08-31,4.05
1958-09-01,4.14
1958-09-02,4.4
1958-09-03,5.14
1958-09-04,3.88
1958-09-05,3.88
1958-09-06,3.6
1958-09-07,3.91
1958-09-08,4.0
1958-09-09,4.05
1958-09-10,4.18
1958-09-11,4.56
1958-09-12,3.89
1958-09-13,4.58
1958-09-14,4.93
1958-09-15,3.4
1958-09-16,4.28
1958-09-17,4.05
1958-09-18,3.94
1958-09-19,4.28
1958-09-20,3.87
1958-09-21,4.7
1958-09-22,5.14
1958-09-23,5.55
1958-09-24,6.0
1958-09-25,6.73
1958-09-26,6.41
1958-09-27,6.02
1958-09-28,4.64
1958-09-29,4.19
1958-09-30,4.47
1958-10-01,3.98
1958-10-02,4.04
1958-10-03,4.26
1958-10-04,5.18
1958-10-05,5.61
1958-10-06,5.15
1958-10-07,4.06
1958-10-08,3.86
1958-10-09,3.86
1958-10-10,3.81
1958-10-11,4.19
1958-10-12,4.98
1958-10-13,5.57
1958-10-14,5.1
1958-10-15,4.8
1958-10-16,5.46
1958-10-17,5.51
1958-10-18,7.04
1958-10-19,6.77
1958-10-20,6.34
1958-10-21,6.57
1958-10-22,6.08
1958-10-23,5.94
1958-10-24,6.48
1958-10-25,6.77
1958-10-26,6.86
1958-10-27,7.26
1958-10-28,7.1
1958-10-29,7.24
1958-10-30,7.39
1958-10-31,7.83
1958-11-01,8.39
1958-11-02,9.34
1958-11-03,9.78
1958-11-04,10.26
1958-11-05,9.75
1958-11-06,7.92
1958-11-07,7.89
1958-11-08,8.97
1958-11-09,10.05
1958-11-10,10.08
1958-11-11,9.31
1958-11-12,9.78
1958-11-13,10.54
1958-11-14,10.33
1958-11-15,9.94
1958-11-16,10.57
1958-11-17,10.65
1958-11-18,9.67
1958-11-19,10.91
1958-11-20,11.16
1958-11-21,9.33
1958-11-22,8.43
1958-11-23,7.48
1958-11-24,6.99
1958-11-25,6.99
1958-11-26,6.5
1958-11-27,6.2
1958-11-28,6.79
1958-11-29,7.85
1958-11-30,8.0
1958-12-01,8.0
1958-12-02,8.15
1958-12-03,8.46
1958-12-04,8.16
1958-12-05,7.44
1958-12-06,6.96
1958-12-07,7.49
1958-12-08,8.0
1958-12-09,8.5
1958-12-10,9.59
1958-12-11,9.84
1958-12-12,10.46
1958-12-13,11.05
1958-12-14,11.04
1958-12-15,10.9
1958-12-16,11.59
1958-12-17,12.7
1958-12-18,13.77
1958-12-19,13.1
1958-12-20,12.94
1958-12-21,12.92
1958-12-22,13.83
1958-12-23,14.47
1958-12-24,13.67
1958-12-25,12.27
1958-12-26,11.09
1958-12-27,10.48
1958-12-28,10.64
1958-12-29,10.99
1958-12-30,11.92
1958-12-31,11.92
1959-01-01,12.101666666666668
1959-01-02,12.283333333333331
1959-01-06,13.01
1959-01-07,14.24
1959-01-08,13.78
1959-01-09,13.07
1959-01-10,12.29
1959-01-11,12.07
1959-01-12,10.86
1959-01-13,10.8
1959-01-14,11.31
1959-01-15,12.25
1959-01-16,13.66
1959-01-17,15.09
1959-01-18,16.06
1959-01-19,16.11
1959-01-20,15.88
1959-01-21,17.77
1959-01-22,14.77
1959-01-23,14.34
1959-01-24,14.8
1959-01-25,15.2
1959-01-26,15.52
1959-01-27,14.03
1959-01-28,14.18
1959-01-29,12.23
1959-01-30,11.64
1959-01-31,15.06
1959-02-01,15.04
1959-02-02,14.77
1959-02-03,15.1
1959-02-04,15.05
1959-02-05,14.22
1959-02-06,14.22
1959-02-07,14.44
1959-02-08,14.45
1959-02-09,12.17
1959-02-10,11.52
1959-02-11,11.71
1959-02-12,12.11
1959-02-13,13.08
1959-02-14,13.36
1959-02-15,12.79
1959-02-16,12.82
1959-02-17,17.33
1959-02-18,16.67
1959-02-19,13.39
1959-02-20,11.54
1959-02-21,10.73
1959-02-22,10.76
1959-02-23,10.67
1959-02-24,10.71
1959-02-25,10.66
1959-02-26,11.27
1959-02-27,11.88
1959-02-28,12.49
1959-03-01,11.96
1959-03-02,11.8
1959-03-03,11.55
1959-03-04,9.5
1959-03-05,10.34
1959-03-06,11.37
1959-03-07,12.12
1959-03-08,12.096
1959-03-09,12.072
1959-03-17,11.88
1959-03-18,12.1
1959-03-19,15.97
1959-03-20,15.44
1959-03-21,15.86
1959-03-22,12.86
1959-03-23,12.58
1959-03-24,11.39
1959-03-25,11.67
1959-03-26,10.6
1959-03-27,9.15
1959-03-28,9.72
1959-03-29,9.42
1959-03-30,8.86
1959-03-31,9.071428571428571
1959-04-01,9.282857142857145
1959-04-06,10.34
1959-04-07,10.24
1959-04-08,10.12
1959-04-09,9.69
1959-04-10,8.99
1959-04-11,8.43
1959-04-12,7.73
1959-04-13,7.43
1959-04-14,7.42
1959-04-15,7.41
1959-04-16,7.49
1959-04-17,6.54
1959-04-18,6.89
1959-04-19,6.81
1959-04-20,6.5
1959-04-21,6.16
1959-04-22,6.23
1959-04-23,6.161875
1959-04-24,6.09375
1959-05-08,5.14
1959-05-09,4.87
1959-05-10,4.85
1959-05-11,4.6
1959-05-12,4.6
1959-05-13,4.43
1959-05-14,4.46
1959-05-15,4.35
1959-05-16,4.21
1959-05-17,4.25
1959-05-18,4.33
1959-05-19,4.32
1959-05-20,4.14
1959-05-21,4.24
1959-05-22,4.27
1959-05-23,4.21
1959-05-24,4.14
1959-05-25,4.01
1959-05-26,3.82
1959-05-27,3.73
1959-05-28,3.75
1959-05-29,3.72
1959-05-30,3.62
1959-05-31,3.66
1959-06-01,3.64
1959-06-02,3.66
1959-06-03,3.48
1959-06-04,3.54
1959-06-05,4.03
1959-06-06,4.01
1959-06-07,4.0
1959-06-08,4.14
1959-06-09,4.0
1959-06-10,4.1
1959-06-11,4.22
1959-06-12,4.39
1959-06-13,4.54
1959-06-14,4.47
1959-06-15,4.37
1959-06-16,3.9
1959-06-17,3.69
1959-06-18,3.48
1959-06-19,3.3
1959-06-20,3.25
1959-06-21,3.15
1959-06-22,3.06
1959-06-23,3.01
1959-06-24,3.29
1959-06-25,3.16
1959-06-26,3.11
1959-06-27,3.11
1959-06-28,3.0625
1959-06-29,3.015
1959-07-05,2.73
1959-07-06,2.74
1959-07-07,2.78
1959-07-08,2.95
1959-07-09,3.17
1959-07-10,3.35
1959-07-11,3.09
1959-07-12,3.22
1959-07-13,3.18
1959-07-14,3.27
1959-07-15,3.44
1959-07-16,3.31
1959-07-17,3.21
1959-07-18,3.19
1959-07-19,3.31
1959-07-20,3.27
1959-07-21,3.27
1959-07-22,3.58
1959-07-23,3.16
1959-07-24,3.05
1959-07-25,3.09
1959-07-26,3.07
1959-07-27,3.44
1959-07-28,3.4
1959-07-29,3.88
1959-07-30,3.41
1959-07-31,3.41
1959-08-01,4.25
1959-08-02,3.74
1959-08-03,3.98
1959-08-04,3.25
1959-08-05,3.48
1959-08-06,3.8
1959-08-07,3.75
1959-08-08,3.62
1959-08-09,3.65
1959-08-10,3.68
1959-08-11,3.86
1959-08-12,3.88
1959-08-13,4.09
1959-08-14,4.24
1959-08-15,4.02
1959-08-16,4.03
1959-08-17,4.3
1959-08-18,3.92
1959-08-19,3.92
1959-08-20,3.87
1959-08-21,3.34
1959-08-22,3.0
1959-08-23,3.08
1959-08-24,3.0
1959-08-25,2.95
1959-08-26,3.07
1959-08-27,3.13
1959-08-28,3.0
1959-08-29,3.2
1959-08-30,3.47
1959-08-31,3.36
1959-09-01,2.97
1959-09-02,2.84
1959-09-03,2.97
1959-09-04,2.68
1959-09-05,2.64
1959-09-06,2.64
1959-09-07,2.39
1959-09-08,2.72
1959-09-09,2.9
1959-09-10,3.26
1959-09-11,3.2
1959-09-12,3.4
1959-09-13,2.93
1959-09-14,2.61
1959-09-15,2.67
1959-09-16,2.12
1959-09-17,3.45
1959-09-18,3.76
1959-09-19,3.36
1959-09-20,4.0
1959-09-21,4.34
1959-09-22,4.57
1959-09-23,4.5
1959-09-24,3.8
1959-09-25,3.3
1959-09-26,3.4
1959-09-27,3.64
1959-09-28,4.25
1959-09-29,3.71
1959-09-30,3.95
1959-10-01,3.78
1959-10-02,3.86
1959-10-03,3.78
1959-10-04,3.73
1959-10-05,3.83
1959-10-06,4.06
1959-10-07,3.75
1959-10-08,4.02
1959-10-09,4.22
1959-10-10,4.34
1959-10-11,4.23
1959-10-12,4.22
1959-10-13,4.14
1959-10-14,4.19
1959-10-15,3.74
1959-10-16,3.74
1959-10-17,3.9
1959-10-18,4.24
1959-10-19,3.85
1959-10-20,3.91
1959-10-21,3.73
1959-10-22,3.82
1959-10-23,4.51
1959-10-24,5.42
1959-10-25,6.47
1959-10-26,6.73
1959-10-27,6.44
1959-10-28,6.43
1959-10-29,6.2
1959-10-30,5.73
1959-10-31,5.2
1959-11-01,5.18
1959-11-02,4.96
1959-11-03,4.65
1959-11-04,4.29
1959-11-05,4.09
1959-11-06,4.65
1959-11-07,4.54
1959-11-08,4.66
1959-11-09,4.89
1959-11-10,5.42
1959-11-11,5.79
1959-11-12,6.29
1959-11-13,6.21
1959-11-14,6.14
1959-11-15,6.12
1959-11-16,5.89
1959-11-17,5.8
1959-11-18,5.56
1959-11-19,5.31
1959-11-20,5.07
1959-11-21,4.77
1959-11-22,5.08
1959-11-23,5.26
1959-11-24,5.1
1959-11-25,5.11
1959-11-26,5.39
1959-11-27,5.05
1959-11-28,5.58
1959-11-29,5.6
1959-11-30,5.76
1959-12-01,6.63
1959-12-02,6.23
1959-12-03,6.18
1959-12-04,7.03
1959-12-05,6.4
1959-12-06,5.89
1959-12-07,6.69
1959-12-08,7.23
1959-12-09,7.25
1959-12-10,9.24
1959-12-11,10.83
1959-12-12,9.84
1959-12-13,8.53
1959-12-14,7.9
1959-12-15,7.41
1959-12-16,7.38
1959-12-17,7.24
1959-12-18,7.81
1959-12-19,10.58
1959-12-20,11.68
1959-12-21,8.96
1959-12-22,8.0
1959-12-23,8.5
1959-12-24,8.43
1959-12-25,8.39
1959-12-26,7.99
1959-12-27,8.27
1959-12-28,7.84
1959-12-29,7.35
1959-12-30,7.42
1959-12-31,8.55
1960-01-01,7.988
1960-01-02,7.426
1960-01-05,5.74
1960-01-06,5.47
1960-01-07,5.75
1960-01-08,5.69
1960-01-09,5.79
1960-01-10,6.11
1960-01-11,5.7
1960-01-12,5.29
1960-01-13,5.32
1960-01-14,5.25
1960-01-15,5.29
1960-01-16,5.41
1960-01-17,5.55
1960-01-18,6.67
1960-01-19,5.22
1960-01-20,6.1925
1960-01-21,7.164999999999999
1960-01-23,9.11
1960-01-24,8.41
1960-01-25,7.59
1960-01-26,6.74
1960-01-27,6.45
1960-01-28,6.15
1960-01-29,5.71
1960-01-30,5.93
1960-01-31,6.13
1960-02-01,5.97
1960-02-02,5.94
1960-02-03,6.06
1960-02-04,5.93
1960-02-05,5.9
1960-02-06,5.81
1960-02-07,6.13
1960-02-08,5.79
1960-02-09,5.7
1960-02-10,5.78
1960-02-11,5.64
1960-02-12,5.53
1960-02-13,5.81
1960-02-14,6.57
1960-02-15,7.11
1960-02-16,7.2
1960-02-17,8.04
1960-02-18,7.23
1960-02-19,7.07
1960-02-20,6.75
1960-02-21,6.57
1960-02-22,6.84
1960-02-23,7.57
1960-02-24,7.93
1960-02-25,7.74
1960-02-26,7.52
1960-02-27,8.01
1960-02-28,7.62
1960-02-29,7.3
1960-03-01,7.54
1960-03-02,8.06
1960-03-03,8.18
1960-03-04,8.39
1960-03-05,7.63
1960-03-06,7.23
1960-03-07,7.05
1960-03-08,7.06
1960-03-09,6.9
1960-03-10,6.739999999999999
1960-03-23,4.66
1960-03-24,4.7
1960-03-25,4.71
1960-03-26,4.35
1960-03-27,4.81
1960-03-28,5.31
1960-03-29,5.04
1960-03-30,4.35
1960-03-31,5.39
1960-04-01,5.34
1960-04-02,5.08
1960-04-03,4.97
1960-04-04,4.92
1960-04-05,5.23
1960-04-06,5.19
1960-04-07,5.192142857142858
1960-04-08,5.194285714285715
1960-04-20,5.22
1960-04-21,5.04
1960-04-22,4.89
1960-04-23,4.84
1960-04-24,4.76
1960-04-25,4.65
1960-04-26,4.46
1960-04-27,4.42
1960-04-28,4.48
1960-04-29,4.55
1960-04-30,4.22
1960-05-01,3.98
1960-05-02,3.95
1960-05-03,3.84
1960-05-04,3.88
1960-05-05,3.84
1960-05-06,3.74
1960-05-07,3.65
1960-05-08,3.61
1960-05-09,3.53
1960-05-10,3.38
1960-05-11,3.21
1960-05-12,3.22
1960-05-13,3.18
1960-05-14,3.08
1960-05-15,3.17
1960-05-16,3.22
1960-05-17,3.19
1960-05-18,3.18
1960-05-19,3.13
1960-05-20,3.15
1960-05-21,3.14
1960-05-22,3.14
1960-05-23,3.26
1960-05-24,3.21
1960-05-25,3.15
1960-05-26,3.13
1960-05-27,3.2
1960-05-28,3.3
1960-05-29,3.3
1960-05-30,3.3
1960-05-31,3.24
1960-06-01,3.13
1960-06-02,3.26
1960-06-03,3.24
1960-06-04,3.21
1960-06-05,3.19
1960-06-06,3.18
1960-06-07,3.18
1960-06-08,3.23
1960-06-09,3.21
1960-06-10,3.18
1960-06-11,3.18
1960-06-12,3.33
1960-06-13,3.36
1960-06-14,3.16
1960-06-15,2.94
1960-06-16,2.84
1960-06-17,2.88
1960-06-18,3.02
1960-06-19,2.96
1960-06-20,2.99
1960-06-21,3.03
1960-06-22,3.02
1960-06-23,3.08
1960-06-24,3.05
1960-06-25,3.03
1960-06-26,3.12
1960-06-27,2.95
1960-06-28,2.93
1960-06-29,2.92
1960-06-30,2.9
1960-07-01,2.87
1960-07-02,2.8
1960-07-03,2.88
1960-07-04,3.03
1960-07-05,3.1
1960-07-06,2.94
1960-07-07,3.15
1960-07-08,3.1
1960-07-09,3.07
1960-07-10,3.06
1960-07-11,3.13
1960-07-12,3.18
1960-07-13,3.21
1960-07-14,3.12
1960-07-15,3.09
1960-07-16,3.03
1960-07-17,3.21
1960-07-18,3.4
1960-07-19,3.26
1960-07-20,3.08
1960-07-21,2.86
1960-07-22,3.01
1960-07-23,2.99
1960-07-24,2.84
1960-07-25,2.85
1960-07-26,2.84
1960-07-27,2.65
1960-07-28,2.3
1960-07-29,2.45
1960-07-30,2.49
1960-07-31,2.65
1960-08-01,2.78
1960-08-02,2.69
1960-08-03,2.7
1960-08-04,2.6
1960-08-05,2.4
1960-08-06,2.33
1960-08-07,2.43
1960-08-08,2.45
1960-08-09,2.45
1960-08-10,2.44
1960-08-11,2.4
1960-08-12,2.43
1960-08-13,2.5
1960-08-14,2.45
1960-08-15,2.5
1960-08-16,2.44
1960-08-17,2.57
1960-08-18,2.8
1960-08-19,2.94
1960-08-20,2.71
1960-08-21,2.76
1960-08-22,2.66
1960-08-23,2.64
1960-08-24,2.9
1960-08-25,2.75
1960-08-26,2.68
1960-08-27,2.68
1960-08-28,3.02
1960-08-29,2.81
1960-08-30,2.71
1960-08-31,2.49
1960-09-01,2.49
1960-09-02,2.54
1960-09-03,2.51
1960-09-04,2.39
1960-09-05,2.33
1960-09-06,2.32
1960-09-07,2.37
1960-09-08,2.56
1960-09-09,2.62
1960-09-10,2.44
1960-09-11,2.42
1960-09-12,2.41
1960-09-13,2.37375
1960-09-14,2.3375000000000004
1960-09-20,2.12
1960-09-21,2.21
1960-09-22,2.38
1960-09-23,2.59
1960-09-24,2.66
1960-09-25,2.91
1960-09-26,2.95
1960-09-27,2.67
1960-09-28,2.49
1960-09-29,2.45
1960-09-30,2.4
1960-10-01,2.31
1960-10-02,2.4
1960-10-03,2.41
1960-10-04,2.36
1960-10-05,2.49
1960-10-06,2.55
1960-10-07,2.59
1960-10-08,2.64
1960-10-09,2.66
1960-10-10,2.8
1960-10-11,2.97
1960-10-12,2.89
1960-10-13,3.05
1960-10-14,3.34
1960-10-15,3.28
1960-10-16,3.64
1960-10-17,3.69
1960-10-18,3.68
1960-10-19,3.83
1960-10-20,3.95
1960-10-21,3.92
1960-10-22,4.02
1960-10-23,4.02
1960-10-24,4.23
1960-10-25,4.33
1960-10-26,4.52
1960-10-27,4.58
1960-10-28,4.28
1960-10-29,4.0
1960-10-30,4.03
1960-10-31,3.9
1960-11-01,4.5
1960-11-02,4.76
1960-11-03,4.75
1960-11-04,4.37
1960-11-05,4.45
1960-11-06,4.42
1960-11-07,4.39
1960-11-08,4.21
1960-11-09,4.82
1960-11-10,5.3
1960-11-11,5.61
1960-11-12,4.9
1960-11-13,4.49
1960-11-14,4.46
1960-11-15,4.47
1960-11-16,4.41
1960-11-17,4.34
1960-11-18,4.44
1960-11-19,4.41
1960-11-20,4.41
1960-11-21,4.39
1960-11-22,4.52
1960-11-23,4.64
1960-11-24,5.01
1960-11-25,5.31
1960-11-26,5.55
1960-11-27,5.2
1960-11-28,5.15
1960-11-29,5.37
1960-11-30,5.14
1960-12-01,4.98
1960-12-02,5.45
1960-12-03,5.11
1960-12-04,4.69
1960-12-05,4.64
1960-12-06,4.63
1960-12-07,4.92
1960-12-08,5.05
1960-12-09,5.05
1960-12-10,5.17
1960-12-11,5.27
1960-12-12,5.2
1960-12-13,5.19
1960-12-14,5.0
1960-12-15,5.24
1960-12-16,5.42
1960-12-17,5.52
1960-12-18,5.33
1960-12-19,5.37
1960-12-20,5.52
1960-12-21,5.34
1960-12-22,5.17
1960-12-23,5.45
1960-12-24,5.15
1960-12-25,4.79
1960-12-26,5.31
1960-12-27,5.45
1960-12-28,5.55
1960-12-29,5.6
1960-12-30,5.61
1960-12-31,5.66
1961-01-01,5.67
1961-01-02,5.67
1961-01-03,5.63
1961-01-04,5.58
1961-01-05,6.06
1961-01-06,6.45
1961-01-07,6.46
1961-01-08,6.18
1961-01-09,5.84
1961-01-10,5.92
1961-01-11,6.7
1961-01-12,6.32
1961-01-13,7.0
1961-01-14,9.76
1961-01-15,9.93
1961-01-16,6.02
1961-01-17,7.37
1961-01-18,5.77
1961-01-19,6.61
1961-01-20,5.09
1961-01-21,4.12
1961-01-22,3.66
1961-01-23,3.9
1961-01-24,4.09
1961-01-25,3.77
1961-01-26,3.72
1961-01-27,3.96
1961-01-28,3.79
1961-01-29,3.63
1961-01-30,3.52
1961-01-31,3.16
1961-02-01,3.215217391304348
1961-02-02,3.270434782608696
1961-02-23,4.43
1961-02-24,3.86
1961-02-25,5.41
1961-02-26,6.01
1961-02-27,4.8
1961-02-28,4.61
1961-03-01,6.13
1961-03-02,6.28
1961-03-03,7.34
1961-03-04,7.08
1961-03-05,6.93
1961-03-06,6.44
1961-03-07,6.35
1961-03-08,7.86
1961-03-09,8.17
1961-03-10,7.74
1961-03-11,10.49
1961-03-12,10.22
1961-03-13,7.99
1961-03-14,7.0
1961-03-15,6.77
1961-03-16,7.65
1961-03-17,7.59
1961-03-18,9.14
1961-03-19,10.78
1961-03-20,10.5
1961-03-21,10.23
1961-03-22,10.48
1961-03-23,9.53
1961-03-24,8.06
1961-03-25,7.09
1961-03-26,6.45
1961-03-27,5.99
1961-03-28,6.08
1961-03-29,6.01
1961-03-30,7.71
1961-03-31,6.35
1961-04-01,8.2
1961-04-02,8.41
1961-04-03,10.29
1961-04-04,12.12
1961-04-05,10.06
1961-04-06,9.724285714285717
1961-04-07,9.38857142857143
1961-04-19,5.36
1961-04-20,5.42
1961-04-21,6.01
1961-04-22,5.79
1961-04-23,5.49
1961-04-24,4.95
1961-04-25,5.04
1961-04-26,5.32
1961-04-27,5.33
1961-04-28,4.61
1961-04-29,4.37
1961-04-30,4.35
1961-05-01,4.44
1961-05-02,4.29
1961-05-03,4.04
1961-05-04,3.9
1961-05-05,3.75
1961-05-06,3.83
1961-05-07,3.87
1961-05-08,3.99
1961-05-09,3.88
1961-05-10,3.81
1961-05-11,3.82
1961-05-12,3.74
1961-05-13,3.96
1961-05-14,4.0
1961-05-15,4.47
1961-05-16,4.12
1961-05-17,3.65
1961-05-18,3.54
1961-05-19,3.58
1961-05-20,3.52
1961-05-21,3.6
1961-05-22,3.75
1961-05-23,3.42
1961-05-24,3.45
1961-05-25,3.43
1961-05-26,3.26
1961-05-27,3.27
1961-05-28,3.48
1961-05-29,3.45
1961-05-30,3.44
1961-05-31,3.43
1961-06-01,3.42
1961-06-02,3.72
1961-06-03,3.81
1961-06-04,3.75
1961-06-05,3.29
1961-06-06,3.2694117647058825
1961-06-07,3.248823529411765
1961-06-22,2.94
1961-06-23,2.92
1961-06-24,2.89
1961-06-25,2.92
1961-06-26,2.86
1961-06-27,2.79
1961-06-28,2.9
1961-06-29,2.92
1961-06-30,2.89
1961-07-01,2.87
1961-07-02,2.96
1961-07-03,3.04
1961-07-04,3.09
1961-07-05,3.09
1961-07-06,2.96
1961-07-07,3.05
1961-07-08,2.95
1961-07-09,3.04
1961-07-10,3.21
1961-07-11,3.19
1961-07-12,3.01
1961-07-13,3.05
1961-07-14,3.0
1961-07-15,2.92
1961-07-16,3.02
1961-07-17,3.05
1961-07-18,3.11
1961-07-19,3.04
1961-07-20,2.93
1961-07-21,2.79
1961-07-22,2.78
1961-07-23,2.8
1961-07-24,2.82
1961-07-25,2.84
1961-07-26,2.91
1961-07-27,2.99
1961-07-28,2.98
1961-07-29,2.87
1961-07-30,2.96
1961-07-31,3.01
1961-08-01,2.98
1961-08-02,2.8
1961-08-03,2.75
1961-08-04,2.83
1961-08-05,2.86
1961-08-06,2.86
1961-08-07,2.84
1961-08-08,2.88
1961-08-09,3.07
1961-08-10,3.18
1961-08-11,3.0
1961-08-12,3.09
1961-08-13,3.25
1961-08-14,3.34
1961-08-15,3.23
1961-08-16,3.15
1961-08-17,3.31
1961-08-18,3.57
1961-08-19,3.35
1961-08-20,3.24
1961-08-21,3.3
1961-08-22,3.9
1961-08-23,3.11
1961-08-24,2.92
1961-08-25,2.88
1961-08-26,2.9
1961-08-27,2.94
1961-08-28,2.81
1961-08-29,2.71
1961-08-30,2.78
1961-08-31,2.75
1961-09-01,2.7
1961-09-02,2.68
1961-09-03,2.65
1961-09-04,2.88
1961-09-05,2.94
1961-09-06,2.9
1961-09-07,2.97
1961-09-08,2.83
1961-09-09,2.73
1961-09-10,2.66
1961-09-11,2.59
1961-09-12,2.54
1961-09-13,2.62
1961-09-14,2.74
1961-09-15,2.57
1961-09-16,2.35
1961-09-17,2.17
1961-09-18,2.18
1961-09-19,2.22
1961-09-20,2.24
1961-09-21,2.63
1961-09-22,2.62
1961-09-23,2.57
1961-09-24,2.41
1961-09-25,2.39
1961-09-26,2.38
1961-09-27,2.34
1961-09-28,2.36
1961-09-29,2.36
1961-09-30,2.35
1961-10-01,2.33
1961-10-02,2.44
1961-10-03,2.45
1961-10-04,2.44
1961-10-05,2.38
1961-10-06,2.39
1961-10-07,2.33
1961-10-08,2.29
1961-10-09,2.29
1961-10-10,2.28
1961-10-11,2.35
1961-10-12,2.38
1961-10-13,2.75
1961-10-14,2.72
1961-10-15,2.87
1961-10-16,3.14
1961-10-17,3.11
1961-10-18,3.07
1961-10-19,3.16
1961-10-20,3.05
1961-10-21,3.29
1961-10-22,3.46
1961-10-23,3.93
1961-10-24,3.23
1961-10-25,3.06
1961-10-26,3.11
1961-10-27,2.92
1961-10-28,3.13
1961-10-29,3.45
1961-10-30,4.03
1961-10-31,3.66
1961-11-01,4.06
1961-11-02,4.09
1961-11-03,4.77
1961-11-04,4.67
1961-11-05,4.9
1961-11-06,4.56
1961-11-07,4.18
1961-11-08,4.15
1961-11-09,3.86
1961-11-10,3.41
1961-11-11,3.08
1961-11-12,2.9625
1961-11-13,2.845
1961-11-15,2.61
1961-11-16,2.95
1961-11-17,3.8
1961-11-18,3.16
1961-11-19,3.09
1961-11-20,3.39
1961-11-21,3.55
1961-11-22,3.59
1961-11-23,3.77
1961-11-24,3.894375
1961-11-25,4.01875
1962-01-10,9.74
1962-01-11,9.78
1962-01-12,9.99
1962-01-13,10.06
1962-01-14,9.79
1962-01-15,9.34
1962-01-16,9.53
1962-01-17,10.07
1962-01-18,10.05
1962-01-19,9.75
1962-01-20,9.45
1962-01-21,9.98
1962-01-22,10.15
1962-01-23,11.22
1962-01-24,11.15
1962-01-25,11.325
1962-01-26,11.5
1962-01-27,11.5
1962-01-28,11.28
1962-01-29,11.38
1962-01-30,11.58
1962-01-31,11.03
1962-02-01,11.006521739130434
1962-02-02,10.98304347826087
1962-02-23,10.49
1962-02-24,10.66
1962-02-25,10.52
1962-02-26,10.32
1962-02-27,10.42
1962-02-28,10.71
1962-03-01,10.7184375
1962-03-02,10.726875
1962-04-01,10.98
1962-04-02,10.54
1962-04-03,10.71
1962-04-04,10.5
1962-04-05,10.12
1962-04-06,10.08
1962-04-07,10.07
1962-04-08,10.0
1962-04-09,9.87
1962-04-10,9.74
1962-04-11,9.65
1962-04-12,9.49
1962-04-13,9.29
1962-04-14,9.34
1962-04-15,9.33
1962-04-16,9.2
1962-04-17,9.3
1962-04-18,9.36
1962-04-19,9.36
1962-04-20,9.26
1962-04-21,9.11
1962-04-22,8.83
1962-04-23,8.58
1962-04-24,8.53
1962-04-25,8.32
1962-04-26,7.92
1962-04-27,6.58
1962-04-28,6.0
1962-04-29,5.51
1962-04-30,5.5
1962-05-01,8.53
1962-05-02,8.71
1962-05-03,8.79
1962-05-04,8.78
1962-05-05,8.78
1962-05-06,8.69
1962-05-07,8.8
1962-05-08,8.74
1962-05-09,8.13
1962-05-10,8.31
1962-05-11,7.44
1962-05-12,7.37
1962-05-13,7.68
1962-05-14,8.05
1962-05-15,6.88
1962-05-16,7.0
1962-05-17,7.6
1962-05-18,7.85
1962-05-19,6.87
1962-05-20,6.23
1962-05-21,5.85
1962-05-22,5.6
1962-05-23,5.43
1962-05-24,6.04
1962-05-25,5.66
1962-05-26,5.15
1962-05-27,5.46
1962-05-28,5.16
1962-05-29,5.11
1962-05-30,5.67
1962-05-31,5.93
1962-06-01,5.47
1962-06-02,5.08
1962-06-03,4.76
1962-06-04,4.28
1962-06-05,4.21
1962-06-06,5.04
1962-06-07,5.46
1962-06-08,5.46
1962-06-09,5.55
1962-06-10,5.9
1962-06-11,5.2
1962-06-12,4.32
1962-06-13,4.36
1962-06-14,4.4
1962-06-15,4.7
1962-06-16,4.69
1962-06-17,4.53
1962-06-18,4.45
1962-06-19,4.45
1962-06-20,4.52
1962-06-21,4.35
1962-06-22,4.28
1962-06-23,4.12
1962-06-24,3.78
1962-06-25,3.64
1962-06-26,3.26
1962-06-27,3.28
1962-06-28,3.35
1962-06-29,3.7
1962-06-30,3.93
1962-07-01,3.95
1962-07-02,3.96
1962-07-03,4.11
1962-07-04,4.34
1962-07-05,4.76
1962-07-06,4.89
1962-07-07,5.01
1962-07-08,4.9
1962-07-09,4.8
1962-07-10,4.6
1962-07-11,4.39
1962-07-12,3.44
1962-07-13,3.32
1962-07-14,3.42
1962-07-15,3.4
1962-07-16,3.51
1962-07-17,3.6
1962-07-18,3.44
1962-07-19,3.23
1962-07-20,2.87
1962-07-21,2.87
1962-07-22,3.04
1962-07-23,3.05
1962-07-24,2.93
1962-07-25,2.87
1962-07-26,2.95
1962-07-27,3.1
1962-07-28,3.41
1962-07-29,3.44
1962-07-30,3.3
1962-07-31,3.0
1962-08-01,3.01
1962-08-02,3.1
1962-08-03,3.19
1962-08-04,3.26
1962-08-05,3.23
1962-08-06,3.3
1962-08-07,3.16
1962-08-08,3.22
1962-08-09,3.21
1962-08-10,3.21
1962-08-11,3.16
1962-08-12,3.18
1962-08-13,3.15
1962-08-14,3.21
1962-08-15,3.26
1962-08-16,3.01
1962-08-17,2.87
1962-08-18,2.92
1962-08-19,3.03
1962-08-20,3.06
1962-08-21,3.13
1962-08-22,3.13
1962-08-23,2.97
1962-08-24,2.6
1962-08-25,2.58
1962-08-26,2.85
1962-08-27,2.92
1962-08-28,2.96
1962-08-29,3.05
1962-08-30,3.14
1962-08-31,3.04
1962-09-01,2.99
1962-09-02,3.39
1962-09-03,3.03
1962-09-04,2.98
1962-09-05,3.11
1962-09-06,3.07
1962-09-07,2.93
1962-09-08,3.09
1962-09-09,3.13
1962-09-10,3.4
1962-09-11,3.19
1962-09-12,3.08
1962-09-13,3.07
1962-09-14,3.15
1962-09-15,2.49
1962-09-16,2.42
1962-09-17,2.59
1962-09-18,2.8
1962-09-19,2.61
1962-09-20,2.6
1962-09-21,2.56
1962-09-22,2.62
1962-09-23,2.43
1962-09-24,2.41
1962-09-25,2.58
1962-09-26,2.62
1962-09-27,3.63
1962-09-28,3.55
1962-09-29,3.45
1962-09-30,3.38
1962-10-01,3.25
1962-10-02,3.07
1962-10-03,2.98
1962-10-04,2.91
1962-10-05,2.59
1962-10-06,2.99
1962-10-07,3.25
1962-10-08,3.63
1962-10-09,3.69
1962-10-10,3.5
1962-10-11,3.67
1962-10-12,3.56
1962-10-13,3.12
1962-10-14,3.26
1962-10-15,3.19
1962-10-16,3.18
1962-10-17,3.53
1962-10-18,3.33
1962-10-19,3.33
1962-10-20,3.22
1962-10-21,3.29
1962-10-22,3.29
1962-10-23,3.43
1962-10-24,3.56
1962-10-25,3.59
1962-10-26,3.59
1962-10-27,3.99
1962-10-28,4.28
1962-10-29,3.9
1962-10-30,3.75
1962-10-31,3.95
1962-11-01,5.59
1962-11-02,4.84
1962-11-03,4.76
1962-11-04,6.45
1962-11-05,6.52
1962-11-06,5.4
1962-11-07,5.61
1962-11-08,5.74
1962-11-09,5.64
1962-11-10,5.09
1962-11-11,5.03
1962-11-12,4.87
1962-11-13,4.91
1962-11-14,4.5
1962-11-15,4.79
1962-11-16,5.03
1962-11-17,5.0
1962-11-18,5.01
1962-11-19,5.0
1962-11-20,4.75
1962-11-21,5.05
1962-11-22,4.6
1962-11-23,5.09
1962-11-24,5.42
1962-11-25,4.84
1962-11-26,4.67
1962-11-27,4.68
1962-11-28,4.52
1962-11-29,5.33
1962-11-30,5.5
1962-12-01,6.34
1962-12-02,6.82
1962-12-03,6.85
1962-12-04,6.35
1962-12-05,6.01
1962-12-06,5.12
1962-12-07,6.01
1962-12-08,6.38
1962-12-09,6.89
1962-12-10,7.06
1962-12-11,7.18
1962-12-12,7.18
1962-12-13,7.05
1962-12-14,6.19
1962-12-15,5.08
1962-12-16,5.12
1962-12-17,5.5
1962-12-18,6.16
1962-12-19,7.07
1962-12-20,7.18
1962-12-21,7.41
1962-12-22,7.8
1962-12-23,7.88
1962-12-24,7.15
1962-12-25,6.28
1962-12-26,6.56
1962-12-27,6.29
1962-12-28,6.65
1962-12-29,6.8
1962-12-30,6.79
1962-12-31,6.44
1963-01-01,6.41
1963-01-02,6.34
1963-01-03,5.83
1963-01-04,5.6
1963-01-05,6.06
1963-01-06,6.96
1963-01-07,6.09
1963-01-08,6.21
1963-01-09,6.33
1963-01-10,6.21
1963-01-11,6.52
1963-01-12,6.28
1963-01-13,6.51
1963-01-14,6.95
1963-01-15,6.75
1963-01-16,6.13
1963-01-17,6.66
1963-01-18,6.8
1963-01-19,6.55
1963-01-20,6.4
1963-01-21,6.49
1963-01-22,6.73
1963-01-23,6.69
1963-01-24,6.24
1963-01-25,6.24
1963-01-26,5.82
1963-01-27,5.44
1963-01-28,6.96
1963-01-29,8.55
1963-01-30,6.88
1963-01-31,6.69
1963-02-01,7.06
1963-02-02,6.59
1963-02-03,6.2
1963-02-04,5.98
1963-02-05,8.51
1963-02-06,11.68
1963-02-07,13.4
1963-02-08,14.0
1963-02-09,14.88
1963-02-10,15.0
1963-02-11,15.36
1963-02-12,12.95
1963-02-13,8.86
1963-02-14,7.94
1963-02-15,8.27
1963-02-16,8.08
1963-02-17,7.74
1963-02-18,7.04
1963-02-19,6.45
1963-02-20,6.25
1963-02-21,5.93
1963-02-22,5.93
1963-02-23,5.74
1963-02-24,6.0
1963-02-25,7.04
1963-02-26,7.48
1963-02-27,9.1
1963-02-28,9.27
1963-03-01,8.51
1963-03-02,13.9
1963-03-03,16.96
1963-03-04,16.88
1963-03-05,15.1
1963-03-06,13.53
1963-03-07,14.36
1963-03-08,16.29
1963-03-09,15.68
1963-03-10,15.78
1963-03-11,16.61
1963-03-12,16.22
1963-03-13,14.69
1963-03-14,12.97
1963-03-15,11.64
1963-03-16,10.65
1963-03-17,12.62
1963-03-18,14.09
1963-03-19,14.21
1963-03-20,14.23
1963-03-21,14.82
1963-03-22,17.05
1963-03-23,17.85
1963-03-24,20.04
1963-03-25,19.53
1963-03-26,18.21
1963-03-27,17.57
1963-03-28,16.61
1963-03-29,15.68
1963-03-30,14.94
1963-03-31,13.62
1963-04-01,9.4
1963-04-02,7.13
1963-04-03,6.95
1963-04-04,6.82
1963-04-05,7.13
1963-04-06,8.8
1963-04-07,14.81
1963-04-08,14.44
1963-04-09,17.21
1963-04-10,14.83
1963-04-11,12.89
1963-04-12,13.48
1963-04-13,10.28
1963-04-14,9.47
1963-04-15,8.72
1963-04-16,7.68
1963-04-17,8.05
1963-04-18,8.41
1963-04-19,8.81
1963-04-20,9.28
1963-04-21,9.21
1963-04-22,8.8
1963-04-23,8.56
1963-04-24,8.37
1963-04-25,8.11
1963-04-26,8.57
1963-04-27,7.59
1963-04-28,7.13
1963-04-29,6.9
1963-04-30,6.67
1963-05-01,6.74
1963-05-02,6.58
1963-05-03,6.63
1963-05-04,6.36
1963-05-05,5.75
1963-05-06,5.66
1963-05-07,5.55
1963-05-08,5.5
1963-05-09,5.46
1963-05-10,5.4
1963-05-11,5.03
1963-05-12,5.24
1963-05-13,5.43
1963-05-14,5.31
1963-05-15,5.03
1963-05-16,4.87
1963-05-17,5.1
1963-05-18,5.5
1963-05-19,5.33
1963-05-20,4.99
1963-05-21,4.67
1963-05-22,4.63
1963-05-23,4.67
1963-05-24,4.4
1963-05-25,4.4
1963-05-26,4.15
1963-05-27,4.93
1963-05-28,4.28
1963-05-29,4.02
1963-05-30,4.02
1963-05-31,3.71
1963-06-01,3.76
1963-06-02,4.0
1963-06-03,4.05
1963-06-04,4.12
1963-06-05,4.1
1963-06-06,5.02
1963-06-07,4.79
1963-06-08,4.6
1963-06-09,4.38
1963-06-10,4.12
1963-06-11,3.92
1963-06-12,4.21
1963-06-13,3.97
1963-06-14,3.57
1963-06-15,3.52
1963-06-16,3.54
1963-06-17,3.16
1963-06-18,3.25
1963-06-19,3.16
1963-06-20,3.23
1963-06-21,2.56
1963-06-22,2.54
1963-06-23,2.6
1963-06-24,2.82
1963-06-25,2.91
1963-06-26,2.83
1963-06-27,2.95
1963-06-28,2.73
1963-06-29,2.42
1963-06-30,2.87
1963-07-01,2.67
1963-07-02,2.7
1963-07-03,2.94
1963-07-04,3.06
1963-07-05,3.02
1963-07-06,2.99
1963-07-07,3.03
1963-07-08,2.95
1963-07-09,2.76
1963-07-10,2.95
1963-07-11,3.1
1963-07-12,3.15
1963-07-13,3.06
1963-07-14,2.76
1963-07-15,2.65
1963-07-16,2.83
1963-07-17,2.75
1963-07-18,2.81
1963-07-19,3.09
1963-07-20,3.09
1963-07-21,3.19
1963-07-22,3.15
1963-07-23,3.09
1963-07-24,2.85
1963-07-25,2.59
1963-07-26,2.65
1963-07-27,2.71
1963-07-28,2.79
1963-07-29,2.81
1963-07-30,2.09
1963-07-31,2.78
1963-08-01,2.65
1963-08-02,2.82
1963-08-03,2.95
1963-08-04,2.9
1963-08-05,2.58
1963-08-06,2.38
1963-08-07,2.27
1963-08-08,2.13
1963-08-09,2.39
1963-08-10,2.44
1963-08-11,2.14
1963-08-12,2.01
1963-08-13,2.12
1963-08-14,2.36
1963-08-15,2.41
1963-08-16,2.54
1963-08-17,2.5881818181818184
1963-08-18,2.636363636363636
1963-08-27,3.07
1963-08-28,3.1
1963-08-29,3.13
1963-08-30,3.88
1963-08-31,4.57
1963-09-01,3.51
1963-09-02,2.85
1963-09-03,2.81
1963-09-04,2.75
1963-09-05,3.28
1963-09-06,2.96
1963-09-07,3.2
1963-09-08,3.26
1963-09-09,3.07
1963-09-10,2.73
1963-09-11,2.77
1963-09-12,2.82
1963-09-13,3.16
1963-09-14,3.64
1963-09-15,3.88
1963-09-16,3.91
1963-09-17,3.27
1963-09-18,3.43
1963-09-19,4.8
1963-09-20,4.37
1963-09-21,3.43
1963-09-22,3.35
1963-09-23,4.34
1963-09-24,3.34
1963-09-25,3.29
1963-09-26,4.0
1963-09-27,4.37
1963-09-28,4.21
1963-09-29,4.2
1963-09-30,5.25
1963-10-01,4.48
1963-10-02,4.1
1963-10-03,3.64
1963-10-04,3.12
1963-10-05,2.93
1963-10-06,2.83
1963-10-07,3.73
1963-10-08,3.11
1963-10-09,2.45
1963-10-10,2.27
1963-10-11,2.19
1963-10-12,2.63
1963-10-13,2.62
1963-10-14,2.67
1963-10-15,3.26
1963-10-16,4.66
1963-10-17,4.83
1963-10-18,4.11
1963-10-19,3.23
1963-10-20,2.96
1963-10-21,3.07
1963-10-22,3.0
1963-10-23,2.88
1963-10-24,3.06
1963-10-25,3.64
1963-10-26,5.51
1963-10-27,4.58
1963-10-28,4.41
1963-10-29,3.7
1963-10-30,4.28
1963-10-31,4.53
1963-11-01,4.18
1963-11-02,4.15
1963-11-03,4.28
1963-11-04,7.02
1963-11-05,7.16
1963-11-06,6.13
1963-11-07,5.07
1963-11-08,4.26
1963-11-09,4.13
1963-11-10,4.01
1963-11-11,3.86
1963-11-12,3.79
1963-11-13,3.73
1963-11-14,3.63
1963-11-15,3.42
1963-11-16,3.45
1963-11-17,3.66
1963-11-18,3.98
1963-11-19,3.75
1963-11-20,4.44
1963-11-21,6.31
1963-11-22,6.22
1963-11-23,9.38
1963-11-24,8.03
1963-11-25,6.74
1963-11-26,5.6
1963-11-27,5.46
1963-11-28,5.43
1963-11-29,6.76
1963-11-30,8.06
1963-12-01,10.26
1963-12-02,11.3
1963-12-03,11.52
1963-12-04,11.9
1963-12-05,11.52
1963-12-06,11.42
1963-12-07,11.63
1963-12-08,10.54
1963-12-09,8.9
1963-12-10,8.1
1963-12-11,8.09
1963-12-12,8.01
1963-12-13,9.15
1963-12-14,9.28
1963-12-15,10.47
1963-12-16,10.31
1963-12-17,10.01
1963-12-18,10.98
1963-12-19,11.44
1963-12-20,10.52
1963-12-21,9.46
1963-12-22,8.99
1963-12-23,8.0
1963-12-24,7.18
1963-12-25,7.18
1963-12-26,7.35
1963-12-27,7.74
1963-12-28,8.13
1963-12-29,7.94
1963-12-30,7.89
1963-12-31,7.6
1964-01-01,8.22
1964-01-02,7.78
1964-01-03,8.37
1964-01-04,8.17
1964-01-05,8.57
1964-01-06,8.16
1964-01-07,7.85
1964-01-08,8.12
1964-01-09,8.6
1964-01-10,8.6
1964-01-11,8.5
1964-01-12,8.68
1964-01-13,9.65
1964-01-14,10.01
1964-01-15,9.6
1964-01-16,9.54
1964-01-17,9.48
1964-01-18,8.8
1964-01-19,8.73
1964-01-20,9.36
1964-01-21,10.4
1964-01-22,10.48
1964-01-23,11.1
1964-01-24,11.21
1964-01-25,11.37
1964-01-26,11.84
1964-01-27,10.1
1964-01-28,11.96
1964-01-29,12.07
1964-01-30,11.52
1964-01-31,10.9
1964-02-01,10.73
1964-02-02,11.26
1964-02-03,11.23
1964-02-04,11.28
1964-02-05,11.16
1964-02-06,10.74
1964-02-07,10.63
1964-02-08,10.93
1964-02-09,10.35
1964-02-10,11.28
1964-02-11,11.02
1964-02-12,11.21
1964-02-13,11.2
1964-02-14,11.6
1964-02-15,11.24
1964-02-16,11.22
1964-02-17,11.4
1964-02-18,12.77
1964-02-19,13.11
1964-02-20,17.04
1964-02-21,15.62
1964-02-22,15.44
1964-02-23,13.39
1964-02-24,11.83
1964-02-25,10.57
1964-02-26,10.0
1964-02-27,10.02
1964-02-28,9.6
1964-02-29,9.27
1964-03-01,9.51
1964-03-02,9.8
1964-03-03,9.67
1964-03-04,9.74
1964-03-05,9.9
1964-03-06,9.63
1964-03-07,9.07
1964-03-08,9.33
1964-03-09,8.97
1964-03-10,9.05
1964-03-11,9.29
1964-03-12,9.54
1964-03-13,9.43
1964-03-14,9.53
1964-03-15,9.64
1964-03-16,9.33
1964-03-17,9.31
1964-03-18,9.55
1964-03-19,9.52
1964-03-20,10.51
1964-03-21,9.73
1964-03-22,10.37
1964-03-23,10.27
1964-03-24,10.29
1964-03-25,9.9
1964-03-26,9.92
1964-03-27,10.33
1964-03-28,10.89
1964-03-29,11.46
1964-03-30,11.19
1964-03-31,10.55
1964-04-01,11.9
1964-04-02,11.63
1964-04-03,10.68
1964-04-04,9.98
1964-04-05,9.78
1964-04-06,9.9
1964-04-07,9.88
1964-04-08,9.3
1964-04-09,9.08
1964-04-10,9.13
1964-04-11,9.6
1964-04-12,9.84
1964-04-13,9.86
1964-04-14,8.92
1964-04-15,8.76
1964-04-16,8.65
1964-04-17,7.92
1964-04-18,7.13
1964-04-19,7.66
1964-04-20,7.04
1964-04-21,6.57
1964-04-22,6.95
1964-04-23,6.77
1964-04-24,8.23
1964-04-25,7.76
1964-04-26,8.08
1964-04-27,7.69
1964-04-28,7.78
1964-04-29,8.13
1964-04-30,8.11
1964-05-01,8.51
1964-05-02,8.04
1964-05-03,8.6
1964-05-04,7.76
1964-05-05,6.98
1964-05-06,7.18
1964-05-07,6.82
1964-05-08,6.49
1964-05-09,6.22
1964-05-10,6.07
1964-05-11,5.82
1964-05-12,5.26
1964-05-13,4.67
1964-05-14,4.41
1964-05-15,4.61
1964-05-16,4.35
1964-05-17,4.14
1964-05-18,4.05
1964-05-19,4.27
1964-05-20,3.95
1964-05-21,4.53
1964-05-22,4.36
1964-05-23,5.0
1964-05-24,3.51
1964-05-25,4.19
1964-05-26,3.55
1964-05-27,3.33
1964-05-28,3.35
1964-05-29,3.21
1964-05-30,3.51
1964-05-31,3.57
1964-06-01,3.31
1964-06-02,3.25
1964-06-03,3.21
1964-06-04,3.13
1964-06-05,3.06
1964-06-06,3.03
1964-06-07,3.09
1964-06-08,3.1
1964-06-09,3.77
1964-06-10,3.42
1964-06-11,3.11
1964-06-12,2.92
1964-06-13,3.1
1964-06-14,2.85
1964-06-15,2.45
1964-06-16,2.37
1964-06-17,2.36
1964-06-18,2.42
1964-06-19,2.3
1964-06-20,2.31
1964-06-21,2.34
1964-06-22,2.15
1964-06-23,2.17
1964-06-24,2.45
1964-06-25,2.58
1964-06-26,2.51
1964-06-27,2.45
1964-06-28,2.68
1964-06-29,2.82
1964-06-30,2.83
1964-07-01,3.41
1964-07-02,5.15
1964-07-03,4.19
1964-07-04,3.66
1964-07-05,4.0
1964-07-06,3.95
1964-07-07,3.42
1964-07-08,3.34
1964-07-09,3.13
1964-07-10,2.86
1964-07-11,2.85
1964-07-12,2.89
1964-07-13,2.81
1964-07-14,2.72
1964-07-15,3.03
1964-07-16,3.26
1964-07-17,3.47
1964-07-18,4.47
1964-07-19,4.7
1964-07-20,3.75
1964-07-21,3.64
1964-07-22,3.96
1964-07-23,3.33
1964-07-24,2.95
1964-07-25,3.43
1964-07-26,3.67
1964-07-27,3.38
1964-07-28,2.98
1964-07-29,2.78
1964-07-30,2.83
1964-07-31,2.9
1964-08-01,2.87
1964-08-02,3.03
1964-08-03,3.11
1964-08-04,2.61
1964-08-05,2.47
1964-08-06,2.49
1964-08-07,2.65
1964-08-08,2.76
1964-08-09,2.76
1964-08-10,2.79
1964-08-11,2.65
1964-08-12,2.62
1964-08-13,2.54
1964-08-14,2.57
1964-08-15,2.92
1964-08-16,2.9
1964-08-17,2.9
1964-08-18,2.91
1964-08-19,2.81
1964-08-20,2.96
1964-08-21,2.8
1964-08-22,3.14
1964-08-23,2.86
1964-08-24,2.79
1964-08-25,2.5
1964-08-26,2.45
1964-08-27,2.46
1964-08-28,2.78
1964-08-29,2.81
1964-08-30,2.44
1964-08-31,2.37
1964-09-01,2.09
1964-09-02,1.95
1964-09-03,1.99
1964-09-04,1.82
1964-09-05,1.73
1964-09-06,1.76
1964-09-07,1.81
1964-09-08,1.83
1964-09-09,2.0
1964-09-10,1.75
1964-09-11,1.73
1964-09-12,1.65
1964-09-13,1.55
1964-09-14,1.55
1964-09-15,1.6
1964-09-16,1.65
1964-09-17,1.75
1964-09-18,1.85
1964-09-19,1.91
1964-09-20,2.01
1964-09-21,2.03
1964-09-22,2.23
1964-09-23,2.31
1964-09-24,2.7
1964-09-25,2.48
1964-09-26,2.26
1964-09-27,2.27
1964-09-28,2.23
1964-09-29,2.03
1964-09-30,2.04
1964-10-01,2.52
1964-10-02,2.92
1964-10-03,2.86
1964-10-04,3.36
1964-10-05,3.22
1964-10-06,2.84
1964-10-07,2.81
1964-10-08,3.14
1964-10-09,3.88
1964-10-10,5.6
1964-10-11,4.22
1964-10-12,3.53
1964-10-13,3.2
1964-10-14,3.05
1964-10-15,3.04
1964-10-16,3.04
1964-10-17,2.91
1964-10-18,2.56
1964-10-19,2.48
1964-10-20,2.32
1964-10-21,2.23
1964-10-22,2.58
1964-10-23,2.65
1964-10-24,2.59
1964-10-25,3.44
1964-10-26,3.75
1964-10-27,3.07
1964-10-28,3.3
1964-10-29,4.9
1964-10-30,5.7
1964-10-31,5.64
1964-11-01,6.53
1964-11-02,7.1
1964-11-03,9.52
1964-11-04,8.84
1964-11-05,7.99
1964-11-06,7.44
1964-11-07,6.31
1964-11-08,5.75
1964-11-09,5.11
1964-11-10,4.7
1964-11-11,4.5
1964-11-12,4.4
1964-11-13,4.04
1964-11-14,3.76
1964-11-15,3.61
1964-11-16,3.28
1964-11-17,3.46
1964-11-18,3.92
1964-11-19,5.67
1964-11-20,7.61
1964-11-21,5.94
1964-11-22,4.93
1964-11-23,4.31
1964-11-24,3.7
1964-11-25,3.7
1964-11-26,3.78
1964-11-27,3.75
1964-11-28,3.55
1964-11-29,3.65
1964-11-30,3.65
1964-12-01,3.68
1964-12-02,3.8
1964-12-03,4.09
1964-12-04,4.04
1964-12-05,3.78
1964-12-06,3.87
1964-12-07,3.4
1964-12-08,3.07
1964-12-09,3.13
1964-12-10,3.45
1964-12-11,3.49
1964-12-12,3.63
1964-12-13,3.96
1964-12-14,4.04
1964-12-15,4.44
1964-12-16,4.93
1964-12-17,5.2
1964-12-18,5.28
1964-12-19,5.58
1964-12-20,5.53
1964-12-21,5.38
1964-12-22,5.16
1964-12-23,5.24
1964-12-24,4.59
1964-12-25,4.33
1964-12-26,5.87
1964-12-27,6.98
1964-12-28,7.24
1964-12-29,6.54
1964-12-30,5.41
1964-12-31,4.84
1965-01-01,4.65
1965-01-02,4.39
1965-01-03,4.5
1965-01-04,4.32
1965-01-05,4.45
1965-01-06,5.57
1965-01-07,7.29
1965-01-08,7.81
1965-01-09,6.85
1965-01-10,6.29
1965-01-11,6.08
1965-01-12,5.55
1965-01-13,5.33
1965-01-14,5.55
1965-01-15,6.56
1965-01-16,6.9
1965-01-17,7.68
1965-01-18,6.26
1965-01-19,5.55
1965-01-20,5.7
1965-01-21,5.94
1965-01-22,6.34
1965-01-23,6.96
1965-01-24,7.64
1965-01-25,6.72
1965-01-26,6.3
1965-01-27,6.91
1965-01-28,7.34
1965-01-29,6.21
1965-01-30,6.34
1965-01-31,7.4
1965-02-01,7.35
1965-02-02,7.13
1965-02-03,6.43
1965-02-04,6.27
1965-02-05,6.12
1965-02-06,5.25
1965-02-07,4.8
1965-02-08,5.4
1965-02-09,6.35
1965-02-10,6.8
1965-02-11,6.56
1965-02-12,5.82
1965-02-13,5.9
1965-02-14,6.52
1965-02-15,6.38
1965-02-16,6.01
1965-02-17,5.21
1965-02-18,6.38
1965-02-19,8.5
1965-02-20,10.55
1965-02-21,10.63
1965-02-22,10.6
1965-02-23,11.18
1965-02-24,10.93
1965-02-25,10.0
1965-02-26,9.56
1965-02-27,9.92
1965-02-28,9.25
1965-03-01,8.98
1965-03-02,8.95
1965-03-03,8.7
1965-03-04,9.52
1965-03-05,12.89
1965-03-06,12.31
1965-03-07,12.39
1965-03-08,12.58
1965-03-09,12.78
1965-03-10,11.83
1965-03-11,11.68
1965-03-12,12.18
1965-03-13,11.69
1965-03-14,11.25
1965-03-15,11.48
1965-03-16,10.09
1965-03-17,8.78
1965-03-18,9.52
1965-03-19,9.93
1965-03-20,9.43
1965-03-21,8.89
1965-03-22,8.78
1965-03-23,8.46
1965-03-24,7.79
1965-03-25,6.79
1965-03-26,7.05
1965-03-27,7.14
1965-03-28,6.73
1965-03-29,6.51
1965-03-30,6.19
1965-03-31,6.06
1965-04-01,5.86
1965-04-02,5.7
1965-04-03,5.84
1965-04-04,5.85
1965-04-05,5.85
1965-04-06,5.64
1965-04-07,5.4
1965-04-08,5.56
1965-04-09,5.75
1965-04-10,5.59
1965-04-11,5.31
1965-04-12,6.26
1965-04-13,6.5
1965-04-14,6.39
1965-04-15,6.19
1965-04-16,6.03
1965-04-17,5.92
1965-04-18,5.98
1965-04-19,5.2
1965-04-20,4.47
1965-04-21,4.3
1965-04-22,4.52
1965-04-23,4.23
1965-04-24,3.99
1965-04-25,4.27
1965-04-26,4.59
1965-04-27,4.62
1965-04-28,5.97
1965-04-29,5.98
1965-04-30,6.41
1965-05-01,6.58
1965-05-02,5.92
1965-05-03,5.32
1965-05-04,5.18
1965-05-05,4.89
1965-05-06,4.66
1965-05-07,3.63
1965-05-08,3.46
1965-05-09,3.28
1965-05-10,3.27
1965-05-11,3.19
1965-05-12,3.13
1965-05-13,3.21
1965-05-14,3.26
1965-05-15,3.25
1965-05-16,3.17
1965-05-17,2.99
1965-05-18,2.98
1965-05-19,3.15
1965-05-20,3.18
1965-05-21,2.99
1965-05-22,2.93
1965-05-23,2.77
1965-05-24,2.87
1965-05-25,3.04
1965-05-26,3.03
1965-05-27,2.84
1965-05-28,2.78
1965-05-29,2.94
1965-05-30,2.84
1965-05-31,2.69
1965-06-01,2.72
1965-06-02,2.65
1965-06-03,2.59
1965-06-04,2.43
1965-06-05,2.42
1965-06-06,2.55
1965-06-07,2.61
1965-06-08,2.82
1965-06-09,2.77
1965-06-10,2.9
1965-06-11,2.85
1965-06-12,2.99
1965-06-13,3.24
1965-06-14,3.35
1965-06-15,3.3
1965-06-16,2.95
1965-06-17,2.83
1965-06-18,2.94
1965-06-19,2.67
1965-06-20,2.62
1965-06-21,2.7
1965-06-22,2.71
1965-06-23,2.64
1965-06-24,2.62
1965-06-25,2.77
1965-06-26,2.67
1965-06-27,2.51
1965-06-28,2.4
1965-06-29,2.54
1965-06-30,2.66
1965-07-01,2.64
1965-07-02,2.72
1965-07-03,3.39
1965-07-04,3.43
1965-07-05,2.76
1965-07-06,2.39
1965-07-07,2.37
1965-07-08,2.47
1965-07-09,2.18
1965-07-10,2.36
1965-07-11,2.5
1965-07-12,2.48
1965-07-13,2.29
1965-07-14,2.34
1965-07-15,2.33
1965-07-16,2.46
1965-07-17,2.55
1965-07-18,3.0
1965-07-19,3.05
1965-07-20,2.99
1965-07-21,2.88
1965-07-22,2.57
1965-07-23,2.42
1965-07-24,2.38
1965-07-25,2.69
1965-07-26,2.68
1965-07-27,2.67
1965-07-28,2.81
1965-07-29,2.61
1965-07-30,2.58
1965-07-31,2.61
1965-08-01,2.58
1965-08-02,2.73
1965-08-03,2.75
1965-08-04,2.84
1965-08-05,2.49
1965-08-06,2.45
1965-08-07,2.47
1965-08-08,2.63
1965-08-09,2.93
1965-08-10,2.7
1965-08-11,2.5
1965-08-12,2.3
1965-08-13,2.26
1965-08-14,2.34
1965-08-15,2.5
1965-08-16,2.71
1965-08-17,2.86
1965-08-18,3.13
1965-08-19,2.97
1965-08-20,2.75
1965-08-21,2.81
1965-08-22,2.77
1965-08-23,2.8
1965-08-24,2.98
1965-08-25,2.84
1965-08-26,2.62
1965-08-27,2.7
1965-08-28,2.45
1965-08-29,2.37
1965-08-30,2.66
1965-08-31,2.75
1965-09-01,2.69
1965-09-02,2.81
1965-09-03,3.37
1965-09-04,3.12
1965-09-05,2.73
1965-09-06,2.56
1965-09-07,2.52
1965-09-08,2.67
1965-09-09,2.72
1965-09-10,2.96
1965-09-11,2.93
1965-09-12,2.9
1965-09-13,3.05
1965-09-14,3.01
1965-09-15,2.75
1965-09-16,2.66
1965-09-17,2.79
1965-09-18,2.9
1965-09-19,3.05
1965-09-20,2.88
1965-09-21,2.78
1965-09-22,2.61
1965-09-23,2.75
1965-09-24,3.02
1965-09-25,3.2
1965-09-26,3.14
1965-09-27,3.78
1965-09-28,3.87
1965-09-29,4.45
1965-09-30,4.47
1965-10-01,4.77
1965-10-02,4.15
1965-10-03,4.63
1965-10-04,4.43
1965-10-05,3.53
1965-10-06,3.61
1965-10-07,3.48
1965-10-08,3.42
1965-10-09,3.32
1965-10-10,3.32
1965-10-11,3.18
1965-10-12,3.63
1965-10-13,3.62
1965-10-14,3.79
1965-10-15,4.19
1965-10-16,4.39
1965-10-17,5.03
1965-10-18,5.22
1965-10-19,4.98
1965-10-20,4.9
1965-10-21,4.91
1965-10-22,5.16
1965-10-23,5.82
1965-10-24,5.53
1965-10-25,5.09
1965-10-26,5.24
1965-10-27,5.77
1965-10-28,5.23
1965-10-29,5.14
1965-10-30,5.36
1965-10-31,4.98
1965-11-01,4.82
1965-11-02,5.3
1965-11-03,5.66
1965-11-04,6.23
1965-11-05,6.19
1965-11-06,5.71
1965-11-07,5.56
1965-11-08,5.54
1965-11-09,5.39
1965-11-10,5.87
1965-11-11,6.01
1965-11-12,5.14
1965-11-13,5.08
1965-11-14,5.56
1965-11-15,5.81
1965-11-16,6.34
1965-11-17,6.64
1965-11-18,7.14
1965-11-19,7.21
1965-11-20,6.9
1965-11-21,6.82
1965-11-22,6.93
1965-11-23,6.2
1965-11-24,5.74
1965-11-25,5.59
1965-11-26,5.32
1965-11-27,5.23
1965-11-28,4.77
1965-11-29,4.91
1965-11-30,5.37
1965-12-01,4.97
1965-12-02,5.44
1965-12-03,5.66
1965-12-04,5.36
1965-12-05,6.64
1965-12-06,7.3
1965-12-07,7.46
1965-12-08,6.38
1965-12-09,6.32
1965-12-10,6.4
1965-12-11,6.43
1965-12-12,6.61
1965-12-13,6.89
1965-12-14,6.92
1965-12-15,7.41
1965-12-16,7.79
1965-12-17,7.9
1965-12-18,8.67
1965-12-19,9.7
1965-12-20,9.83
1965-12-21,9.97
1965-12-22,9.62
1965-12-23,9.08
1965-12-24,10.18
1965-12-25,10.07
1965-12-26,9.36
1965-12-27,8.61
1965-12-28,8.43
1965-12-29,9.25
1965-12-30,10.46
1965-12-31,14.33
1966-01-01,17.07
1966-01-02,16.88
1966-01-03,15.81
1966-01-04,13.8
1966-01-05,11.55
1966-01-06,10.89
1966-01-07,10.29
1966-01-08,9.94
1966-01-09,9.77
1966-01-10,9.46
1966-01-11,10.51
1966-01-12,10.39
1966-01-13,9.61
1966-01-14,9.66
1966-01-15,9.66
1966-01-16,8.64
1966-01-17,7.57
1966-01-18,7.03
1966-01-19,7.57
1966-01-20,8.71
1966-01-21,8.71
1966-01-22,10.16
1966-01-23,9.06
1966-01-24,8.74
1966-01-25,8.9
1966-01-26,8.68
1966-01-27,9.46
1966-01-28,9.36
1966-01-29,10.29
1966-01-30,10.66
1966-01-31,10.59
1966-02-01,10.42
1966-02-02,10.15
1966-02-03,10.05
1966-02-04,10.61
1966-02-05,10.71
1966-02-06,11.06
1966-02-07,10.64
1966-02-08,9.97
1966-02-09,9.68
1966-02-10,9.39
1966-02-11,9.9
1966-02-12,10.52
1966-02-13,10.08
1966-02-14,10.2
1966-02-15,10.48
1966-02-16,10.29
1966-02-17,10.08
1966-02-18,10.08
1966-02-19,9.85
1966-02-20,9.65
1966-02-21,9.98
1966-02-22,10.73
1966-02-23,9.95
1966-02-24,9.33
1966-02-25,9.3
1966-02-26,9.38
1966-02-27,9.6
1966-02-28,9.62
1966-03-01,9.14
1966-03-02,9.2
1966-03-03,9.49
1966-03-04,9.77
1966-03-05,8.95
1966-03-06,8.63
1966-03-07,8.62
1966-03-08,8.08
1966-03-09,7.83
1966-03-10,7.33
1966-03-11,7.01
1966-03-12,6.41
1966-03-13,6.0
1966-03-14,6.0
1966-03-15,5.54
1966-03-16,5.56
1966-03-17,5.35
1966-03-18,4.94
1966-03-19,6.02
1966-03-20,6.03
1966-03-21,5.76
1966-03-22,5.74
1966-03-23,5.37
1966-03-24,5.37
1966-03-25,5.9
1966-03-26,6.28
1966-03-27,6.22
1966-03-28,6.31
1966-03-29,5.7
1966-03-30,5.29
1966-03-31,5.09
1966-04-01,4.8
1966-04-02,5.33
1966-04-03,6.06
1966-04-04,6.82
1966-04-05,6.05
1966-04-06,5.8
1966-04-07,5.8
1966-04-08,6.66
1966-04-09,7.89
1966-04-10,8.24
1966-04-11,8.26
1966-04-12,6.39
1966-04-13,5.94
1966-04-14,6.04
1966-04-15,6.05
1966-04-16,6.04
1966-04-17,5.68
1966-04-18,5.46
1966-04-19,5.56
1966-04-20,5.52
1966-04-21,5.33
1966-04-22,5.0
1966-04-23,6.41
1966-04-24,6.32
1966-04-25,6.16
1966-04-26,6.29
1966-04-27,5.84
1966-04-28,6.0
1966-04-29,6.05
1966-04-30,5.91
1966-05-01,6.18
1966-05-02,5.62
1966-05-03,5.13
1966-05-04,5.98
1966-05-05,6.02
1966-05-06,5.29
1966-05-07,4.28
1966-05-08,4.26
1966-05-09,4.2
1966-05-10,4.08
1966-05-11,4.06
1966-05-12,4.2
1966-05-13,4.34
1966-05-14,4.4
1966-05-15,4.34
1966-05-16,4.2
1966-05-17,4.61
1966-05-18,4.86
1966-05-19,4.63
1966-05-20,4.53
1966-05-21,4.31
1966-05-22,4.19
1966-05-23,4.08
1966-05-24,4.01
1966-05-25,3.91
1966-05-26,4.01
1966-05-27,3.85
1966-05-28,3.85
1966-05-29,3.88
1966-05-30,3.84
1966-05-31,3.66
1966-06-01,3.66
1966-06-02,3.65
1966-06-03,3.46
1966-06-04,3.51
1966-06-05,3.66
1966-06-06,3.58
1966-06-07,3.64
1966-06-08,3.86
1966-06-09,3.84
1966-06-10,3.79
1966-06-11,3.82
1966-06-12,3.8
1966-06-13,3.64
1966-06-14,3.31
1966-06-15,3.63
1966-06-16,3.75
1966-06-17,3.73
1966-06-18,3.57
1966-06-19,3.48
1966-06-20,3.39
1966-06-21,3.34
1966-06-22,3.52
1966-06-23,3.83
1966-06-24,4.02
1966-06-25,3.66
1966-06-26,3.32
1966-06-27,3.35
1966-06-28,3.28
1966-06-29,3.65
1966-06-30,3.91
1966-07-01,3.97
1966-07-02,3.84
1966-07-03,4.0
1966-07-04,3.87
1966-07-05,3.77
1966-07-06,3.77
1966-07-07,3.66
1966-07-08,3.71
1966-07-09,3.59
1966-07-10,3.35
1966-07-11,3.41
1966-07-12,3.55
1966-07-13,3.63
1966-07-14,3.84
1966-07-15,3.65
1966-07-16,3.27
1966-07-17,3.18
1966-07-18,3.26
1966-07-19,3.37
1966-07-20,3.22
1966-07-21,3.19
1966-07-22,3.5
1966-07-23,3.56
1966-07-24,3.58
1966-07-25,3.6
1966-07-26,3.14
1966-07-27,3.02
1966-07-28,3.02
1966-07-29,3.05
1966-07-30,3.14
1966-07-31,3.33
1966-08-01,3.11
1966-08-02,2.83
1966-08-03,2.83
1966-08-04,3.11
1966-08-05,3.22
1966-08-06,3.36
1966-08-07,3.57
1966-08-08,3.59
1966-08-09,3.44
1966-08-10,3.41
1966-08-11,3.38
1966-08-12,3.66
1966-08-13,4.2
1966-08-14,3.71
1966-08-15,3.27
1966-08-16,3.53
1966-08-17,3.46
1966-08-18,3.67
1966-08-19,3.65
1966-08-20,3.7
1966-08-21,3.77
1966-08-22,3.23
1966-08-23,3.33
1966-08-24,3.83
1966-08-25,3.75
1966-08-26,3.59
1966-08-27,4.03
1966-08-28,4.26
1966-08-29,4.66
1966-08-30,4.72
1966-08-31,5.17
1966-09-01,5.39
1966-09-02,5.7
1966-09-03,5.61
1966-09-04,5.02
1966-09-05,5.04
1966-09-06,5.36
1966-09-07,5.69
1966-09-08,5.73
1966-09-09,4.77
1966-09-10,4.12
1966-09-11,3.88
1966-09-12,3.75
1966-09-13,3.5
1966-09-14,3.25
1966-09-15,3.04
1966-09-16,3.09
1966-09-17,3.02
1966-09-18,3.36
1966-09-19,2.94
1966-09-20,2.87
1966-09-21,2.87
1966-09-22,2.81
1966-09-23,3.02
1966-09-24,2.78
1966-09-25,2.9
1966-09-26,3.15
1966-09-27,3.34
1966-09-28,3.52
1966-09-29,3.76
1966-09-30,3.76
1966-10-01,4.07
1966-10-02,3.61
1966-10-03,3.76
1966-10-04,4.17
1966-10-05,4.0
1966-10-06,4.33
1966-10-07,4.12
1966-10-08,4.13
1966-10-09,4.69
1966-10-10,5.01
1966-10-11,4.91
1966-10-12,5.16
1966-10-13,6.92
1966-10-14,8.14
1966-10-15,7.26
1966-10-16,6.52
1966-10-17,5.34
1966-10-18,4.87
1966-10-19,5.16
1966-10-20,5.75
1966-10-21,6.06
1966-10-22,5.79
1966-10-23,5.19
1966-10-24,5.52
1966-10-25,6.47
1966-10-26,6.59
1966-10-27,5.88
1966-10-28,5.29
1966-10-29,4.99
1966-10-30,4.98
1966-10-31,5.38
1966-11-01,5.95
1966-11-02,5.32
1966-11-03,6.54
1966-11-04,8.01
1966-11-05,8.41
1966-11-06,7.73
1966-11-07,7.06
1966-11-08,6.56
1966-11-09,6.52
1966-11-10,6.54
1966-11-11,6.54
1966-11-12,6.46
1966-11-13,6.39
1966-11-14,6.43
1966-11-15,6.44
1966-11-16,6.37
1966-11-17,6.11
1966-11-18,6.47
1966-11-19,6.56
1966-11-20,6.31
1966-11-21,6.17
1966-11-22,6.16
1966-11-23,5.98
1966-11-24,6.08
1966-11-25,6.0
1966-11-26,6.11
1966-11-27,8.49
1966-11-28,10.22
1966-11-29,9.11
1966-11-30,7.52
1966-12-01,6.33
1966-12-02,6.22
1966-12-03,6.08
1966-12-04,6.23
1966-12-05,5.97
1966-12-06,7.25
1966-12-07,9.77
1966-12-08,8.49
1966-12-09,7.67
1966-12-10,7.79
1966-12-11,7.45
1966-12-12,6.82
1966-12-13,6.21
1966-12-14,5.95
1966-12-15,5.9
1966-12-16,6.09
1966-12-17,5.87
1966-12-18,5.6
1966-12-19,5.48
1966-12-20,5.69
1966-12-21,5.97
1966-12-22,6.22
1966-12-23,6.56
1966-12-24,5.77
1966-12-25,5.46
1966-12-26,5.58
1966-12-27,5.41
1966-12-28,5.4
1966-12-29,5.03
1966-12-30,5.05
1966-12-31,5.13
1967-01-01,4.8
1967-01-02,4.2
1967-01-03,4.73
1967-01-04,4.77
1967-01-05,4.36
1967-01-06,4.45
1967-01-07,4.67
1967-01-08,4.78
1967-01-09,4.81
1967-01-10,4.96
1967-01-11,5.62
1967-01-12,6.66
1967-01-13,9.01
1967-01-14,10.29
1967-01-15,9.15
1967-01-16,7.56
1967-01-17,9.72
1967-01-18,9.84
1967-01-19,10.72
1967-01-20,11.25
1967-01-21,11.0
1967-01-22,10.98
1967-01-23,10.94
1967-01-24,10.62
1967-01-25,11.01
1967-01-26,10.92
1967-01-27,11.28
1967-01-28,10.65
1967-01-29,9.53
1967-01-30,10.55
1967-01-31,10.93
1967-02-01,10.58
1967-02-02,14.6
1967-02-03,14.64
1967-02-04,11.28
1967-02-05,11.56
1967-02-06,11.8
1967-02-07,12.03
1967-02-08,15.89
1967-02-09,15.74
1967-02-10,11.66
1967-02-11,10.28
1967-02-12,10.14
1967-02-13,9.57
1967-02-14,8.86
1967-02-15,9.61
1967-02-16,9.98
1967-02-17,8.61
1967-02-18,9.8
1967-02-19,10.48
1967-02-20,14.08
1967-02-21,16.45
1967-02-22,15.23
1967-02-23,14.92
1967-02-24,17.22
1967-02-25,17.77
1967-02-26,18.43
1967-02-27,17.99
1967-02-28,19.8
1967-03-01,19.29
1967-03-02,19.97
1967-03-03,18.85
1967-03-04,17.45
1967-03-05,18.47
1967-03-06,17.6
1967-03-07,17.3
1967-03-08,18.42
1967-03-09,16.93
1967-03-10,14.89
1967-03-11,14.2
1967-03-12,13.6
1967-03-13,14.94
1967-03-14,18.58
1967-03-15,20.8
1967-03-16,20.96
1967-03-17,21.06
1967-03-18,24.33
1967-03-19,23.72
1967-03-20,22.67
1967-03-21,24.53
1967-03-22,22.51
1967-03-23,20.3
1967-03-24,18.4
1967-03-25,17.31
1967-03-26,16.35
1967-03-27,13.87
1967-03-28,11.29
1967-03-29,10.72
1967-03-30,9.52
1967-03-31,8.66
1967-04-01,8.35
1967-04-02,8.2
1967-04-03,8.18
1967-04-04,8.24
1967-04-05,7.76
1967-04-06,7.19
1967-04-07,6.51
1967-04-08,6.23
1967-04-09,6.01
1967-04-10,5.79
1967-04-11,5.68
1967-04-12,5.71
1967-04-13,5.55
1967-04-14,5.24
1967-04-15,5.13
1967-04-16,5.21
1967-04-17,5.19
1967-04-18,5.07
1967-04-19,5.1
1967-04-20,5.18
1967-04-21,5.15
1967-04-22,5.9
1967-04-23,5.86
1967-04-24,5.83
1967-04-25,5.65
1967-04-26,5.38
1967-04-27,5.11
1967-04-28,5.0
1967-04-29,5.26
1967-04-30,5.15
1967-05-01,4.83
1967-05-02,4.38
1967-05-03,4.46
1967-05-04,4.19
1967-05-05,4.09
1967-05-06,4.05
1967-05-07,3.96
1967-05-08,3.86
1967-05-09,3.89
1967-05-10,3.85
1967-05-11,3.81
1967-05-12,4.21
1967-05-13,4.8
1967-05-14,4.95
1967-05-15,4.78
1967-05-16,4.88
1967-05-17,5.04
1967-05-18,5.4
1967-05-19,5.19
1967-05-20,4.95
1967-05-21,5.19
1967-05-22,5.49
1967-05-23,5.19
1967-05-24,5.06
1967-05-25,4.89
1967-05-26,5.0
1967-05-27,4.91
1967-05-28,4.45
1967-05-29,4.47
1967-05-30,4.53
1967-05-31,4.69
1967-06-01,4.61
1967-06-02,4.29
1967-06-03,4.46
1967-06-04,4.56
1967-06-05,4.39
1967-06-06,4.52
1967-06-07,4.7
1967-06-08,4.98
1967-06-09,4.6
1967-06-10,4.39
1967-06-11,4.42
1967-06-12,4.41
1967-06-13,4.49
1967-06-14,4.54
1967-06-15,4.23
1967-06-16,4.02
1967-06-17,3.82
1967-06-18,3.96
1967-06-19,4.0
1967-06-20,3.91
1967-06-21,3.81
1967-06-22,3.79
1967-06-23,3.83
1967-06-24,3.71
1967-06-25,3.56
1967-06-26,3.55
1967-06-27,3.4
1967-06-28,3.29
1967-06-29,3.27
1967-06-30,3.34
1967-07-01,3.24
1967-07-02,3.19
1967-07-03,3.52
1967-07-04,3.37
1967-07-05,3.26
1967-07-06,3.16
1967-07-07,3.1
1967-07-08,3.05
1967-07-09,3.11
1967-07-10,3.14
1967-07-11,3.29
1967-07-12,3.47
1967-07-13,3.55
1967-07-14,3.53
1967-07-15,3.47
1967-07-16,3.32
1967-07-17,3.28
1967-07-18,3.43
1967-07-19,3.59
1967-07-20,3.72
1967-07-21,3.69
1967-07-22,3.42
1967-07-23,3.32
1967-07-24,3.24
1967-07-25,3.28
1967-07-26,3.19
1967-07-27,2.99
1967-07-28,2.9
1967-07-29,2.92
1967-07-30,2.92
1967-07-31,2.92
1967-08-01,3.01
1967-08-02,2.99
1967-08-03,2.87
1967-08-04,2.64
1967-08-05,2.54
1967-08-06,2.65
1967-08-07,2.62
1967-08-08,2.59
1967-08-09,2.61
1967-08-10,2.65
1967-08-11,2.68
1967-08-12,2.73
1967-08-13,2.73
1967-08-14,2.88
1967-08-15,3.1
1967-08-16,3.22
1967-08-17,3.08
1967-08-18,2.94
1967-08-19,3.08
1967-08-20,3.0
1967-08-21,2.92
1967-08-22,2.85
1967-08-23,2.88
1967-08-24,2.96
1967-08-25,3.03
1967-08-26,3.01
1967-08-27,3.03
1967-08-28,3.08
1967-08-29,3.04
1967-08-30,3.21
1967-08-31,3.29
1967-09-01,3.34
1967-09-02,3.31
1967-09-03,3.09
1967-09-04,2.99
1967-09-05,3.07
1967-09-06,3.1
1967-09-07,3.46
1967-09-08,3.37
1967-09-09,3.33
1967-09-10,3.49
1967-09-11,3.45
1967-09-12,3.41
1967-09-13,3.54
1967-09-14,3.52
1967-09-15,3.51
1967-09-16,3.23
1967-09-17,2.96
1967-09-18,2.82
1967-09-19,2.85
1967-09-20,2.9
1967-09-21,2.76
1967-09-22,2.69
1967-09-23,2.49
1967-09-24,2.51
1967-09-25,2.69
1967-09-26,2.63
1967-09-27,2.39
1967-09-28,2.47
1967-09-29,2.95
1967-09-30,3.01
1967-10-01,3.0
1967-10-02,3.27
1967-10-03,3.68
1967-10-04,3.75
1967-10-05,3.42
1967-10-06,3.34
1967-10-07,3.98
1967-10-08,4.18
1967-10-09,4.09
1967-10-10,4.2
1967-10-11,4.87
1967-10-12,5.95
1967-10-13,7.06
1967-10-14,8.88
1967-10-15,8.69
1967-10-16,7.24
1967-10-17,7.97
1967-10-18,8.29
1967-10-19,6.88
1967-10-20,6.14
1967-10-21,5.91
1967-10-22,5.69
1967-10-23,5.52
1967-10-24,5.25
1967-10-25,5.63
1967-10-26,6.64
1967-10-27,6.96
1967-10-28,6.01
1967-10-29,5.68
1967-10-30,5.26
1967-10-31,5.47
1967-11-01,5.87
1967-11-02,5.71
1967-11-03,5.98
1967-11-04,5.98
1967-11-05,6.05
1967-11-06,6.02
1967-11-07,6.04
1967-11-08,6.19
1967-11-09,6.54
1967-11-10,6.68
1967-11-11,6.95
1967-11-12,7.18
1967-11-13,7.5
1967-11-14,7.85
1967-11-15,7.55
1967-11-16,7.1
1967-11-17,7.13
1967-11-18,7.89
1967-11-19,10.06
1967-11-20,10.59
1967-11-21,9.71
1967-11-22,8.59
1967-11-23,7.47
1967-11-24,6.35
1967-11-25,6.21
1967-11-26,5.04
1967-11-27,5.04
1967-11-28,5.07
1967-11-29,5.28
1967-11-30,5.15
1967-12-01,5.19
1967-12-02,5.52
1967-12-03,5.78
1967-12-04,5.97
1967-12-05,5.69
1967-12-06,5.36
1967-12-07,5.27
1967-12-08,5.44
1967-12-09,5.62
1967-12-10,5.46
1967-12-11,5.48
1967-12-12,5.08
1967-12-13,4.75
1967-12-14,5.03
1967-12-15,5.3
1967-12-16,5.57
1967-12-17,5.69
1967-12-18,5.79
1967-12-19,6.19
1967-12-20,5.8
1967-12-21,5.35
1967-12-22,5.22
1967-12-23,5.48
1967-12-24,5.72
1967-12-25,5.99
1967-12-26,6.09
1967-12-27,6.07
1967-12-28,6.69
1967-12-29,6.58
1967-12-30,5.82
1967-12-31,5.88
1968-01-01,6.06
1968-01-02,6.33
1968-01-03,5.95
1968-01-04,5.76
1968-01-05,5.64
1968-01-06,6.4
1968-01-07,5.81
1968-01-08,5.34
1968-01-09,5.38
1968-01-10,5.31
1968-01-11,6.48
1968-01-12,5.86
1968-01-13,6.38
1968-01-14,7.94
1968-01-15,7.69
1968-01-16,6.64
1968-01-17,10.99
1968-01-18,12.51
1968-01-19,9.84
1968-01-20,8.63
1968-01-21,8.68
1968-01-22,9.17
1968-01-23,9.72
1968-01-24,8.93
1968-01-25,9.17
1968-01-26,9.17
1968-01-27,9.28
1968-01-28,8.5
1968-01-29,7.21
1968-01-30,6.78
1968-01-31,6.48
1968-02-01,6.22
1968-02-02,6.01
1968-02-03,6.64
1968-02-04,7.83
1968-02-05,8.79
1968-02-06,7.92
1968-02-07,7.41
1968-02-08,7.53
1968-02-09,6.99
1968-02-10,6.43
1968-02-11,6.28
1968-02-12,5.97
1968-02-13,5.72
1968-02-14,5.36
1968-02-15,4.85
1968-02-16,4.95
1968-02-17,5.58
1968-02-18,6.94
1968-02-19,7.56
1968-02-20,7.9
1968-02-21,7.4
1968-02-22,6.33
1968-02-23,6.74
1968-02-24,6.14
1968-02-25,5.89
1968-02-26,5.42
1968-02-27,5.58
1968-02-28,5.49
1968-02-29,5.29
1968-03-01,5.87
1968-03-02,6.45
1968-03-03,5.88
1968-03-04,5.37
1968-03-05,5.18
1968-03-06,4.93
1968-03-07,4.84
1968-03-08,4.95
1968-03-09,5.19
1968-03-10,5.68
1968-03-11,8.03
1968-03-12,9.53
1968-03-13,9.47
1968-03-14,8.19
1968-03-15,7.47
1968-03-16,7.35
1968-03-17,9.7
1968-03-18,10.88
1968-03-19,9.21
1968-03-20,7.73
1968-03-21,6.73
1968-03-22,6.22
1968-03-23,5.91
1968-03-24,6.41
1968-03-25,6.6
1968-03-26,6.38
1968-03-27,6.1
1968-03-28,6.1
1968-03-29,6.2
1968-03-30,6.04
1968-03-31,5.57
1968-04-01,5.17
1968-04-02,4.77
1968-04-03,4.79
1968-04-04,5.1
1968-04-05,6.29
1968-04-06,6.34
1968-04-07,6.03
1968-04-08,6.38
1968-04-09,6.31
1968-04-10,5.76
1968-04-11,5.6
1968-04-12,5.42
1968-04-13,5.01
1968-04-14,4.49
1968-04-15,4.27
1968-04-16,4.17
1968-04-17,4.15
1968-04-18,4.12
1968-04-19,3.94
1968-04-20,3.83
1968-04-21,3.88
1968-04-22,3.95
1968-04-23,3.8
1968-04-24,3.7
1968-04-25,3.55
1968-04-26,3.61
1968-04-27,3.7
1968-04-28,4.03
1968-04-29,4.47
1968-04-30,4.59
1968-05-01,4.59
1968-05-02,4.31
1968-05-03,4.06
1968-05-04,4.28
1968-05-05,4.6
1968-05-06,4.71
1968-05-07,4.68
1968-05-08,4.64
1968-05-09,4.78
1968-05-10,4.61
1968-05-11,4.55
1968-05-12,3.92
1968-05-13,3.36
1968-05-14,2.76
1968-05-15,2.76
1968-05-16,2.6
1968-05-17,2.98
1968-05-18,2.86
1968-05-19,2.64
1968-05-20,2.41
1968-05-21,2.4
1968-05-22,2.5
1968-05-23,2.55
1968-05-24,2.6
1968-05-25,2.63
1968-05-26,2.68
1968-05-27,2.69
1968-05-28,2.66
1968-05-29,2.66
1968-05-30,2.77
1968-05-31,2.93
1968-06-01,2.86
1968-06-02,3.0
1968-06-03,2.78
1968-06-04,2.61
1968-06-05,2.47
1968-06-06,2.47
1968-06-07,2.6
1968-06-08,2.73
1968-06-09,2.53
1968-06-10,2.53
1968-06-11,2.4
1968-06-12,2.45
1968-06-13,2.5
1968-06-14,2.47
1968-06-15,2.46
1968-06-16,2.49
1968-06-17,2.54
1968-06-18,2.62
1968-06-19,2.62
1968-06-20,2.71
1968-06-21,2.86
1968-06-22,2.92
1968-06-23,2.83
1968-06-24,2.68
1968-06-25,2.62
1968-06-26,2.65
1968-06-27,2.83
1968-06-28,2.9
1968-06-29,2.71
1968-06-30,2.68
1968-07-01,2.78
1968-07-02,2.88
1968-07-03,2.85
1968-07-04,2.78
1968-07-05,2.39
1968-07-06,2.23
1968-07-07,2.32
1968-07-08,2.29
1968-07-09,2.12
1968-07-10,2.23
1968-07-11,2.29
1968-07-12,2.08
1968-07-13,1.98
1968-07-14,2.1
1968-07-15,2.27
1968-07-16,2.14
1968-07-17,2.13
1968-07-18,2.08
1968-07-19,1.97
1968-07-20,1.88
1968-07-21,1.87
1968-07-22,1.92
1968-07-23,1.99
1968-07-24,2.06
1968-07-25,2.11
1968-07-26,2.19
1968-07-27,2.3
1968-07-28,2.3
1968-07-29,2.26
1968-07-30,2.11
1968-07-31,2.06
1968-08-01,2.24
1968-08-02,2.23
1968-08-03,2.23
1968-08-04,2.24
1968-08-05,2.27
1968-08-06,2.35
1968-08-07,2.3
1968-08-08,2.27
1968-08-09,2.26
1968-08-10,2.24
1968-08-11,2.23
1968-08-12,2.22
1968-08-13,2.23
1968-08-14,2.23
1968-08-15,2.24
1968-08-16,2.25
1968-08-17,2.25
1968-08-18,2.26
1968-08-19,2.26
1968-08-20,2.26
1968-08-21,2.25
1968-08-22,2.26
1968-08-23,2.28
1968-08-24,2.3
1968-08-25,2.34
1968-08-26,2.63
1968-08-27,2.48
1968-08-28,2.39
1968-08-29,2.35
1968-08-30,2.38
1968-08-31,2.41
1968-09-01,2.3
1968-09-02,2.22
1968-09-03,2.28
1968-09-04,2.53
1968-09-05,2.46
1968-09-06,2.42
1968-09-07,2.32
1968-09-08,2.3
1968-09-09,2.39
1968-09-10,2.41
1968-09-11,2.47
1968-09-12,2.43
1968-09-13,2.45
1968-09-14,2.56
1968-09-15,2.67
1968-09-16,2.51
1968-09-17,2.36
1968-09-18,2.34
1968-09-19,2.39
1968-09-20,2.43
1968-09-21,2.47
1968-09-22,2.68
1968-09-23,2.41
1968-09-24,2.25
1968-09-25,2.26
1968-09-26,2.35
1968-09-27,2.39
1968-09-28,2.61
1968-09-29,2.87
1968-09-30,3.12
1968-10-01,3.05
1968-10-02,2.56
1968-10-03,2.33
1968-10-04,2.33
1968-10-05,2.4
1968-10-06,2.63
1968-10-07,2.94
1968-10-08,3.68
1968-10-09,4.04
1968-10-10,3.47
1968-10-11,2.86
1968-10-12,2.41
1968-10-13,2.47
1968-10-14,4.31
1968-10-15,4.62
1968-10-16,4.7
1968-10-17,4.53
1968-10-18,4.0
1968-10-19,3.76
1968-10-20,3.56
1968-10-21,3.58
1968-10-22,3.36
1968-10-23,3.38
1968-10-24,3.41
1968-10-25,3.55
1968-10-26,3.89
1968-10-27,4.38
1968-10-28,4.22
1968-10-29,3.71
1968-10-30,3.62
1968-10-31,4.04
1968-11-01,4.5
1968-11-02,3.93
1968-11-03,3.45
1968-11-04,3.82
1968-11-05,4.62
1968-11-06,4.77
1968-11-07,4.81
1968-11-08,4.85
1968-11-09,5.1
1968-11-10,4.9
1968-11-11,5.42
1968-11-12,5.37
1968-11-13,4.73
1968-11-14,4.46
1968-11-15,4.27
1968-11-16,4.22
1968-11-17,4.41
1968-11-18,4.35
1968-11-19,4.39
1968-11-20,4.19
1968-11-21,4.36
1968-11-22,4.52
1968-11-23,4.48
1968-11-24,4.57
1968-11-25,4.5
1968-11-26,4.45
1968-11-27,4.17
1968-11-28,4.23
1968-11-29,4.47
1968-11-30,4.77
1968-12-01,4.93
1968-12-02,4.89
1968-12-03,4.86
1968-12-04,4.82
1968-12-05,5.09
1968-12-06,4.53
1968-12-07,4.38
1968-12-08,4.74
1968-12-09,4.55
1968-12-10,4.62
1968-12-11,4.63
1968-12-12,5.43
1968-12-13,5.71
1968-12-14,6.08
1968-12-15,6.47
1968-12-16,6.48
1968-12-17,5.93
1968-12-18,5.79
1968-12-19,6.34
1968-12-20,6.5
1968-12-21,6.83
1968-12-22,5.57
1968-12-23,5.39
1968-12-24,5.25
1968-12-25,5.29
1968-12-26,5.39
1968-12-27,5.6
1968-12-28,6.21
1968-12-29,6.48
1968-12-30,6.67
1968-12-31,6.26
1969-01-01,6.27
1969-01-02,6.01
1969-01-03,5.65
1969-01-04,5.33
1969-01-05,5.88
1969-01-06,6.29
1969-01-07,6.1
1969-01-08,6.19
1969-01-09,5.86
1969-01-10,5.84
1969-01-11,6.47
1969-01-12,6.98
1969-01-13,7.82
1969-01-14,7.69
1969-01-15,6.87
1969-01-16,7.18
1969-01-17,7.14
1969-01-18,6.71
1969-01-19,6.37
1969-01-20,6.08
1969-01-21,5.77
1969-01-22,6.01
1969-01-23,5.64
1969-01-24,5.35
1969-01-25,5.57
1969-01-26,5.79
1969-01-27,6.41
1969-01-28,6.36
1969-01-29,6.04
1969-01-30,6.0
1969-01-31,5.61
1969-02-01,5.37
1969-02-02,5.74
1969-02-03,5.86
1969-02-04,5.85
1969-02-05,6.16
1969-02-06,6.69
1969-02-07,7.25
1969-02-08,7.35
1969-02-09,7.63
1969-02-10,7.38
1969-02-11,6.58
1969-02-12,6.88
1969-02-13,8.82
1969-02-14,8.92
1969-02-15,7.93
1969-02-16,7.06
1969-02-17,6.7
1969-02-18,6.39
1969-02-19,6.29
1969-02-20,6.83
1969-02-21,7.47
1969-02-22,7.66
1969-02-23,7.44
1969-02-24,7.43
1969-02-25,7.75
1969-02-26,7.77
1969-02-27,7.52
1969-02-28,7.95
1969-03-01,7.63
1969-03-02,7.6
1969-03-03,7.45
1969-03-04,7.473333333333334
1969-03-05,7.496666666666667
1969-03-12,7.66
1969-03-13,6.4
1969-03-14,6.26
1969-03-15,6.43
1969-03-16,6.18
1969-03-17,6.49
1969-03-18,7.54
1969-03-19,7.92
1969-03-20,10.17
1969-03-21,11.9
1969-03-22,10.96
1969-03-23,9.69
1969-03-24,8.47
1969-03-25,7.44
1969-03-26,7.34
1969-03-27,8.61
1969-03-28,11.08
1969-03-29,12.88
1969-03-30,13.49
1969-03-31,11.06
1969-04-01,10.2
1969-04-02,8.61
1969-04-03,7.48
1969-04-04,8.74
1969-04-05,8.98
1969-04-06,8.3
1969-04-07,8.06
1969-04-08,8.02111111111111
1969-04-09,7.982222222222223
1969-04-16,7.71
1969-04-17,7.29
1969-04-18,6.38
1969-04-19,6.13
1969-04-20,6.16
1969-04-21,5.96
1969-04-22,5.88
1969-04-23,5.7
1969-04-24,5.13
1969-04-25,5.06
1969-04-26,5.15
1969-04-27,4.91
1969-04-28,4.92
1969-04-29,5.08
1969-04-30,5.24
1969-05-01,4.79
1969-05-02,4.53
1969-05-03,4.55
1969-05-04,4.78
1969-05-05,4.68
1969-05-06,4.84
1969-05-07,4.75
1969-05-08,4.23
1969-05-09,3.9
1969-05-10,3.95
1969-05-11,4.39
1969-05-12,4.64
1969-05-13,4.94
1969-05-14,4.64
1969-05-15,3.83
1969-05-16,3.53
1969-05-17,2.63
1969-05-18,2.34
1969-05-19,2.37
1969-05-20,2.51
1969-05-21,2.38
1969-05-22,2.45
1969-05-23,2.42
1969-05-24,2.32
1969-05-25,2.38
1969-05-26,2.41
1969-05-27,2.4
1969-05-28,2.3
1969-05-29,2.28
1969-05-30,2.29
1969-05-31,2.25
1969-06-01,2.29
1969-06-02,2.28
1969-06-03,2.29
1969-06-04,2.25
1969-06-05,2.27
1969-06-06,2.28
1969-06-07,2.27
1969-06-08,2.28
1969-06-09,2.27
1969-06-10,2.25
1969-06-11,2.24
1969-06-12,2.24
1969-06-13,2.26
1969-06-14,2.29
1969-06-15,2.3
1969-06-16,2.33
1969-06-17,2.24
1969-06-18,2.27
1969-06-19,2.3
1969-06-20,2.31
1969-06-21,2.23
1969-06-22,2.24
1969-06-23,2.24
1969-06-24,2.24
1969-06-25,2.24
1969-06-26,2.25
1969-06-27,2.27
1969-06-28,2.36
1969-06-29,2.36
1969-06-30,2.29
1969-07-01,2.79
1969-07-02,2.84
1969-07-03,2.89
1969-07-04,2.86
1969-07-05,2.92
1969-07-06,3.02
1969-07-07,2.88
1969-07-08,2.82
1969-07-09,2.76
1969-07-10,2.76
1969-07-11,2.6
1969-07-12,2.63
1969-07-13,2.82
1969-07-14,2.91
1969-07-15,2.94
1969-07-16,2.98
1969-07-17,3.0
1969-07-18,2.97
1969-07-19,2.88
1969-07-20,2.66
1969-07-21,2.68
1969-07-22,2.54
1969-07-23,2.51
1969-07-24,2.42
1969-07-25,2.14
1969-07-26,2.52
1969-07-27,2.57
1969-07-28,2.61
1969-07-29,2.84
1969-07-30,2.58
1969-07-31,2.72
1969-08-01,2.98
1969-08-02,2.66
1969-08-03,2.67
1969-08-04,2.73
1969-08-05,2.91
1969-08-06,2.87
1969-08-07,2.77
1969-08-08,2.48
1969-08-09,2.57
1969-08-10,2.82
1969-08-11,2.59
1969-08-12,2.64
1969-08-13,2.89
1969-08-14,2.87
1969-08-15,2.57
1969-08-16,2.99
1969-08-17,2.44
1969-08-18,2.76
1969-08-19,3.06
1969-08-20,3.33
1969-08-21,3.71
1969-08-22,3.76
1969-08-23,3.65
1969-08-24,3.51
1969-08-25,3.17
1969-08-26,2.96
1969-08-27,2.92
1969-08-28,2.73
1969-08-29,2.65
1969-08-30,2.79
1969-08-31,2.7
1969-09-01,2.6
1969-09-02,2.76
1969-09-03,2.96
1969-09-04,3.03
1969-09-05,3.15
1969-09-06,3.16
1969-09-07,3.23
1969-09-08,3.44
1969-09-09,3.05
1969-09-10,3.05
1969-09-11,2.97
1969-09-12,2.78
1969-09-13,2.83
1969-09-14,2.82
1969-09-15,2.57
1969-09-16,2.63
1969-09-17,2.88
1969-09-18,2.91
1969-09-19,2.68
1969-09-20,2.8
1969-09-21,3.17
1969-09-22,3.06
1969-09-23,3.09
1969-09-24,3.31
1969-09-25,2.97
1969-09-26,2.83
1969-09-27,2.97
1969-09-28,2.97
1969-09-29,3.43
1969-09-30,3.99
1969-10-01,4.41
1969-10-02,4.81
1969-10-03,4.93
1969-10-04,5.23
1969-10-05,4.91
1969-10-06,4.68
1969-10-07,4.63
1969-10-08,4.91
1969-10-09,4.87
1969-10-10,4.48
1969-10-11,4.1
1969-10-12,3.93
1969-10-13,3.93
1969-10-14,4.18
1969-10-15,4.73
1969-10-16,4.73
1969-10-17,4.96
1969-10-18,4.56
1969-10-19,4.36
1969-10-20,4.39
1969-10-21,4.71
1969-10-22,4.88
1969-10-23,4.89
1969-10-24,5.24
1969-10-25,5.0
1969-10-26,4.83
1969-10-27,4.66
1969-10-28,4.49
1969-10-29,4.18
1969-10-30,3.84
1969-10-31,4.0
1969-11-01,4.21
1969-11-02,4.52
1969-11-03,4.52
1969-11-04,4.51
1969-11-05,4.33
1969-11-06,4.61
1969-11-07,4.86
1969-11-08,5.12
1969-11-09,5.29
1969-11-10,5.35
1969-11-11,6.01
1969-11-12,5.76
1969-11-13,4.66
1969-11-14,4.38
1969-11-15,4.46
1969-11-16,5.14
1969-11-17,5.57
1969-11-18,6.1
1969-11-19,5.86
1969-11-20,5.75
1969-11-21,5.71
1969-11-22,5.46
1969-11-23,5.86
1969-11-24,6.59
1969-11-25,6.47
1969-11-26,6.82
1969-11-27,7.35
1969-11-28,8.48
1969-11-29,9.0
1969-11-30,9.5
1969-12-01,9.448125
1969-12-02,9.39625
1970-01-01,7.84
1970-01-02,7.72
1970-01-03,7.98
1970-01-04,7.81
1970-01-05,8.3
1970-01-06,8.39
1970-01-07,8.64
1970-01-08,8.63
1970-01-09,8.8
1970-01-10,8.56
1970-01-11,8.81
1970-01-12,9.29
1970-01-13,9.75
1970-01-14,10.72
1970-01-15,13.02
1970-01-16,12.16
1970-01-17,10.1
1970-01-18,9.39
1970-01-19,8.84
1970-01-20,9.11
1970-01-21,8.71
1970-01-22,8.87
1970-01-23,8.43
1970-01-24,8.11
1970-01-25,7.61
1970-01-26,7.02
1970-01-27,6.97
1970-01-28,7.01
1970-01-29,6.89
1970-01-30,6.82
1970-01-31,6.58
1970-02-01,6.5
1970-02-02,6.42
1970-02-03,6.34
1970-02-04,6.27
1970-02-05,6.24
1970-02-06,5.88
1970-02-07,6.34
1970-02-08,8.17
1970-02-09,8.7
1970-02-10,8.12
1970-02-11,6.91
1970-02-12,6.42
1970-02-13,6.02
1970-02-14,6.92
1970-02-15,5.82
1970-02-16,5.76
1970-02-17,5.79
1970-02-18,5.75
1970-02-19,5.87
1970-02-20,6.09
1970-02-21,6.32
1970-02-22,6.05
1970-02-23,6.36
1970-02-24,6.73
1970-02-25,6.91
1970-02-26,6.78
1970-02-27,6.42
1970-02-28,6.47
1970-03-01,6.58
1970-03-02,6.74
1970-03-03,6.6
1970-03-04,6.55
1970-03-05,6.35
1970-03-06,6.22
1970-03-07,6.3
1970-03-08,7.01
1970-03-09,7.14
1970-03-10,6.96
1970-03-11,7.41
1970-03-12,9.07
1970-03-13,9.69
1970-03-14,9.6
1970-03-15,10.31
1970-03-16,9.49
1970-03-17,8.83
1970-03-18,8.27
1970-03-19,7.62
1970-03-20,6.95
1970-03-21,6.75
1970-03-22,6.82
1970-03-23,6.71
1970-03-24,6.58
1970-03-25,6.11
1970-03-26,6.05
1970-03-27,6.14
1970-03-28,6.13
1970-03-29,6.07
1970-03-30,6.0
1970-03-31,6.0
1970-04-01,5.84
1970-04-02,5.86
1970-04-03,6.88
1970-04-04,7.92
1970-04-05,7.97
1970-04-06,7.7
1970-04-07,8.25
1970-04-08,7.51
1970-04-09,6.34
1970-04-10,6.24
1970-04-11,6.36
1970-04-12,6.17
1970-04-13,6.17
1970-04-14,6.06
1970-04-15,6.12
1970-04-16,6.03
1970-04-17,5.81
1970-04-18,5.55
1970-04-19,5.55
1970-04-20,5.63
1970-04-21,5.61
1970-04-22,5.3
1970-04-23,5.29
1970-04-24,5.29
1970-04-25,5.26
1970-04-26,5.48
1970-04-27,5.54
1970-04-28,5.35
1970-04-29,6.75
1970-04-30,6.76
1970-05-01,6.68
1970-05-02,6.51
1970-05-03,6.26
1970-05-04,6.01
1970-05-05,5.76
1970-05-06,5.56
1970-05-07,5.54
1970-05-08,5.49
1970-05-09,5.97
1970-05-10,6.01
1970-05-11,5.88
1970-05-12,5.75
1970-05-13,5.65
1970-05-14,5.55
1970-05-15,5.69
1970-05-16,6.04
1970-05-17,6.06
1970-05-18,5.65
1970-05-19,5.59
1970-05-20,5.35
1970-05-21,5.33
1970-05-22,5.49
1970-05-23,5.37
1970-05-24,5.05
1970-05-25,4.96
1970-05-26,4.97
1970-05-27,4.83
1970-05-28,4.63
1970-05-29,4.6
1970-05-30,4.61
1970-05-31,4.604032697547685
1970-06-01,4.598065395095368
1971-06-01,2.42
1971-06-02,2.37
1971-06-03,2.37
1971-06-04,2.47
1971-06-05,2.9
1971-06-06,2.98
1971-06-07,2.62
1971-06-08,2.62
1971-06-09,2.55
1971-06-10,2.61
1971-06-11,2.66
1971-06-12,2.59
1971-06-13,2.5
1971-06-14,2.6
1971-06-15,2.55
1971-06-16,2.62
1971-06-17,2.63
1971-06-18,2.85
1971-06-19,3.32
1971-06-20,3.42
1971-06-21,3.46
1971-06-22,3.67
1971-06-23,3.67
1971-06-24,3.66
1971-06-25,3.59
1971-06-26,3.49
1971-06-27,3.51
1971-06-28,3.54
1971-06-29,3.49
1971-06-30,3.37
1971-07-01,3.4
1971-07-02,3.35
1971-07-03,3.35
1971-07-04,3.38
1971-07-05,3.38
1971-07-06,3.24
1971-07-07,3.28
1971-07-08,3.29
1971-07-09,3.19
1971-07-10,3.18
1971-07-11,3.14
1971-07-12,3.35
1971-07-13,3.43
1971-07-14,3.36
1971-07-15,3.32
1971-07-16,3.29
1971-07-17,3.31
1971-07-18,3.35
1971-07-19,3.38
1971-07-20,3.42
1971-07-21,3.46
1971-07-22,3.42
1971-07-23,3.33
1971-07-24,3.34
1971-07-25,3.29
1971-07-26,3.28
1971-07-27,3.26
1971-07-28,3.27
1971-07-29,3.26
1971-07-30,3.21
1971-07-31,3.21
1971-08-01,3.2440625
1971-08-02,3.278125
1971-09-01,4.3
1971-09-02,4.41
1971-09-03,4.18
1971-09-04,4.24
1971-09-05,4.58
1971-09-06,4.52
1971-09-07,4.64
1971-09-08,4.24
1971-09-09,3.38
1971-09-10,3.6
1971-09-11,3.78
1971-09-12,3.45
1971-09-13,3.3
1971-09-14,3.14
1971-09-15,3.18
1971-09-16,3.18
1971-09-17,2.97
1971-09-18,2.57
1971-09-19,2.61
1971-09-20,2.51
1971-09-21,2.56
1971-09-22,2.69
1971-09-23,2.91
1971-09-24,2.86
1971-09-25,2.71
1971-09-26,2.69
1971-09-27,2.69
1971-09-28,2.69
1971-09-29,2.97
1971-09-30,2.86
1971-10-01,2.6
1971-10-02,2.4
1971-10-03,2.29
1971-10-04,2.32
1971-10-05,2.45
1971-10-06,2.8
1971-10-07,2.76
1971-10-08,2.68
1971-10-09,2.84
1971-10-10,2.97
1971-10-11,3.14
1971-10-12,3.32
1971-10-13,3.66
1971-10-14,3.89
1971-10-15,3.94
1971-10-16,4.0
1971-10-17,3.89
1971-10-18,3.8
1971-10-19,3.6
1971-10-20,3.55
1971-10-21,3.72
1971-10-22,3.95
1971-10-23,4.24
1971-10-24,3.92
1971-10-25,3.78
1971-10-26,3.8
1971-10-27,3.78
1971-10-28,3.95
1971-10-29,4.45
1971-10-30,4.41
1971-10-31,4.35
1971-11-01,4.49
1971-11-02,4.7
1971-11-03,4.35
1971-11-04,4.3
1971-11-05,4.35
1971-11-06,4.41
1971-11-07,4.64
1971-11-08,4.79
1971-11-09,4.42
1971-11-10,4.35
1971-11-11,4.41
1971-11-12,4.35
1971-11-13,4.24
1971-11-14,4.12
1971-11-15,4.06
1971-11-16,4.28
1971-11-17,4.24
1971-11-18,4.35
1971-11-19,4.5
1971-11-20,4.4
1971-11-21,4.2
1971-11-22,5.35
1971-11-23,5.6
1971-11-24,5.06
1971-11-25,5.45
1971-11-26,5.75
1971-11-27,6.07
1971-11-28,6.36
1971-11-29,5.86
1971-11-30,6.05
1971-12-01,7.58
1971-12-02,9.64
1971-12-03,9.64
1971-12-04,8.12
1971-12-05,7.56
1971-12-06,7.2
1971-12-07,6.84
1971-12-08,7.2
1971-12-09,7.16
1971-12-10,6.84
1971-12-11,6.59
1971-12-12,6.5
1971-12-13,6.36
1971-12-14,6.42
1971-12-15,6.68
1971-12-16,6.5
1971-12-17,7.16
1971-12-18,7.37
1971-12-19,7.2
1971-12-20,7.22
1971-12-21,7.96
1971-12-22,7.85
1971-12-23,7.49
1971-12-24,7.58
1971-12-25,7.94
1971-12-26,7.85
1971-12-27,7.56
1971-12-28,7.4
1971-12-29,6.93
1971-12-30,7.4
1971-12-31,6.23
1972-01-01,7.3
1972-01-02,7.25
1972-01-03,7.13
1972-01-04,7.39
1972-01-05,7.79
1972-01-06,8.26
1972-01-07,7.97
1972-01-08,8.21
1972-01-09,7.97
1972-01-10,7.61
1972-01-11,7.67
1972-01-12,8.39
1972-01-13,9.23
1972-01-14,8.5
1972-01-15,7.93
1972-01-16,7.73
1972-01-17,7.58
1972-01-18,7.55
1972-01-19,7.45
1972-01-20,7.34
1972-01-21,7.51
1972-01-22,7.57
1972-01-23,7.43
1972-01-24,7.28
1972-01-25,7.16
1972-01-26,7.13
1972-01-27,7.04
1972-01-28,7.01
1972-01-29,6.88
1972-01-30,7.15
1972-01-31,7.76
1972-02-01,7.16
1972-02-02,8.29
1972-02-03,7.83
1972-02-04,6.91
1972-02-05,6.76
1972-02-06,6.46
1972-02-07,6.79
1972-02-08,7.61
1972-02-09,10.37
1972-02-10,11.14
1972-02-11,12.14
1972-02-12,11.3
1972-02-13,10.58
1972-02-14,9.83
1972-02-15,8.77
1972-02-16,8.31
1972-02-17,7.95
1972-02-18,7.61
1972-02-19,7.46
1972-02-20,7.82
1972-02-21,7.32
1972-02-22,7.03
1972-02-23,7.02
1972-02-24,7.0
1972-02-25,6.91
1972-02-26,7.36
1972-02-27,11.1
1972-02-28,10.24
1972-02-29,11.07
1972-03-01,9.91
1972-03-02,8.58
1972-03-03,7.53
1972-03-04,7.85
1972-03-05,9.5
1972-03-06,8.78
1972-03-07,9.12
1972-03-08,11.56
1972-03-09,12.86
1972-03-10,17.48
1972-03-11,18.7
1972-03-12,16.84
1972-03-13,15.29
1972-03-14,14.45
1972-03-15,14.63
1972-03-16,18.02
1972-03-17,18.77
1972-03-18,17.97
1972-03-19,19.04
1972-03-20,19.5
1972-03-21,21.77
1972-03-22,21.73
1972-03-23,18.0
1972-03-24,18.65
1972-03-25,19.25
1972-03-26,20.7
1972-03-27,10.8
1972-03-28,10.61
1972-03-29,10.17
1972-03-30,9.0
1972-03-31,8.43
1972-04-01,8.42
1972-04-02,7.81
1972-04-03,7.42
1972-04-04,7.75
1972-04-05,7.57
1972-04-06,7.42
1972-04-07,6.89
1972-04-08,6.47
1972-04-09,6.61
1972-04-10,6.95
1972-04-11,7.33
1972-04-12,7.32
1972-04-13,7.13
1972-04-14,8.35
1972-04-15,8.99
1972-04-16,8.53
1972-04-17,8.61
1972-04-18,8.87
1972-04-19,9.18
1972-04-20,8.34
1972-04-21,7.96
1972-04-22,7.99
1972-04-23,7.58
1972-04-24,7.82
1972-04-25,7.76
1972-04-26,7.43
1972-04-27,7.2
1972-04-28,7.31
1972-04-29,6.77
1972-04-30,6.23
1972-05-01,6.14
1972-05-02,5.61
1972-05-03,5.08
1972-05-04,5.35
1972-05-05,6.19
1972-05-06,6.07
1972-05-07,5.96
1972-05-08,5.79
1972-05-09,5.54
1972-05-10,5.33
1972-05-11,5.46
1972-05-12,5.52
1972-05-13,5.43
1972-05-14,5.37
1972-05-15,5.37
1972-05-16,5.35
1972-05-17,5.27
1972-05-18,5.16
1972-05-19,5.09
1972-05-20,5.23
1972-05-21,5.36
1972-05-22,5.5
1972-05-23,5.63
1972-05-24,5.55
1972-05-25,5.37
1972-05-26,5.48
1972-05-27,5.46
1972-05-28,5.21
1972-05-29,4.89
1972-05-30,4.84
1972-05-31,4.76
1972-06-01,4.82
1972-06-02,4.98
1972-06-03,5.05
1972-06-04,5.07
1972-06-05,4.91
1972-06-06,4.83
1972-06-07,4.73
1972-06-08,4.7
1972-06-09,4.63
1972-06-10,4.63
1972-06-11,4.77
1972-06-12,4.84
1972-06-13,4.82
1972-06-14,4.76
1972-06-15,4.89
1972-06-16,4.63
1972-06-17,4.48
1972-06-18,4.42
1972-06-19,4.38
1972-06-20,4.29
1972-06-21,4.36
1972-06-22,4.27
1972-06-23,4.26
1972-06-24,4.11
1972-06-25,4.02
1972-06-26,3.99
1972-06-27,3.88
1972-06-28,3.94
1972-06-29,3.86
1972-06-30,3.77
1972-07-01,3.74
1972-07-02,3.76
1972-07-03,3.76
1972-07-04,3.83
1972-07-05,3.87
1972-07-06,4.04
1972-07-07,4.23
1972-07-08,4.61
1972-07-09,4.28
1972-07-10,4.45
1972-07-11,4.34
1972-07-12,4.05
1972-07-13,4.11
1972-07-14,4.05
1972-07-15,4.06
1972-07-16,3.99
1972-07-17,3.98
1972-07-18,3.97
1972-07-19,3.89
1972-07-20,3.96
1972-07-21,4.23
1972-07-22,4.18
1972-07-23,4.28
1972-07-24,4.21
1972-07-25,4.43
1972-07-26,5.09
1972-07-27,5.08
1972-07-28,5.13
1972-07-29,5.27
1972-07-30,5.24
1972-07-31,5.14
1972-08-01,5.16
1972-08-02,5.04
1972-08-03,5.15
1972-08-04,5.0
1972-08-05,5.06
1972-08-06,5.2
1972-08-07,5.1
1972-08-08,4.96
1972-08-09,4.89
1972-08-10,4.94
1972-08-11,4.99
1972-08-12,4.92
1972-08-13,4.95
1972-08-14,4.9
1972-08-15,4.93
1972-08-16,4.93
1972-08-17,4.97
1972-08-18,4.96
1972-08-19,5.08
1972-08-20,5.1
1972-08-21,5.04
1972-08-22,4.76
1972-08-23,4.68
1972-08-24,4.59
1972-08-25,4.61
1972-08-26,4.59
1972-08-27,4.75
1972-08-28,4.68
1972-08-29,4.81
1972-08-30,5.08
1972-08-31,5.11
1972-09-01,5.04
1972-09-02,4.98
1972-09-03,5.16
1972-09-04,4.97
1972-09-05,4.62
1972-09-06,4.57
1972-09-07,4.67
1972-09-08,4.62
1972-09-09,4.68
1972-09-10,4.59
1972-09-11,4.63
1972-09-12,4.76
1972-09-13,4.98
1972-09-14,5.16
1972-09-15,5.01
1972-09-16,4.89
1972-09-17,5.2
1972-09-18,5.22
1972-09-19,5.33
1972-09-20,5.23
1972-09-21,5.35
1972-09-22,5.24
1972-09-23,5.27
1972-09-24,4.96
1972-09-25,4.9
1972-09-26,4.9
1972-09-27,4.93
1972-09-28,4.98
1972-09-29,5.14
1972-09-30,5.02
1972-10-01,5.08
1972-10-02,4.95
1972-10-03,4.89
1972-10-04,4.83
1972-10-05,5.17
1972-10-06,5.3
1972-10-07,5.54
1972-10-08,5.38
1972-10-09,5.17
1972-10-10,5.09
1972-10-11,5.26
1972-10-12,4.23
1972-10-13,5.24
1972-10-14,5.18
1972-10-15,5.34
1972-10-16,5.37
1972-10-17,5.35
1972-10-18,5.34
1972-10-19,5.28
1972-10-20,5.29
1972-10-21,5.28
1972-10-22,5.14
1972-10-23,5.32
1972-10-24,5.1
1972-10-25,5.07
1972-10-26,5.1
1972-10-27,5.1
1972-10-28,4.96
1972-10-29,5.01
1972-10-30,4.92
1972-10-31,5.37
1972-11-01,4.99
1972-11-02,5.15
1972-11-03,5.34
1972-11-04,4.71
1972-11-05,4.88
1972-11-06,4.87
1972-11-07,5.18
1972-11-08,5.19
1972-11-09,4.93
1972-11-10,4.8
1972-11-11,4.59
1972-11-12,4.7
1972-11-13,5.41
1972-11-14,5.0
1972-11-15,5.42
1972-11-16,5.63
1972-11-17,5.2
1972-11-18,4.9
1972-11-19,4.24
1972-11-20,4.15
1972-11-21,5.93
1972-11-22,5.63
1972-11-23,4.91
1972-11-24,5.39
1972-11-25,5.68
1972-11-26,6.75
1972-11-27,7.18
1972-11-28,7.17
1972-11-29,7.1
1972-11-30,7.69
1972-12-01,7.74
1972-12-02,7.57
1972-12-03,7.27
1972-12-04,7.6
1972-12-05,7.96
1972-12-06,8.16
1972-12-07,9.24
1972-12-08,9.12
1972-12-09,7.57
1972-12-10,5.48
1972-12-11,5.88
1972-12-12,5.42
1972-12-13,4.37
1972-12-14,5.63
1972-12-15,5.78
1972-12-16,5.57
1972-12-17,9.61
1972-12-18,6.7
1972-12-19,5.6
1972-12-20,5.85
1972-12-21,5.53
1972-12-22,6.12
1972-12-23,6.09
1972-12-24,5.71
1972-12-25,5.6
1972-12-26,6.44
1972-12-27,6.61
1972-12-28,8.29
1972-12-29,6.81
1972-12-30,5.92
1972-12-31,5.07
1973-01-01,6.25
1973-01-02,7.42
1973-01-03,7.81
1973-01-04,8.01
1973-01-05,7.9
1973-01-06,3.72
1973-01-07,3.51
1973-01-08,4.4
1973-01-09,3.71
1973-01-10,6.88
1973-01-11,7.72
1973-01-12,4.74
1973-01-13,3.54
1973-01-14,3.9
1973-01-15,6.23
1973-01-16,8.65
1973-01-17,11.75
1973-01-18,11.18
1973-01-19,13.89
1973-01-20,11.87
1973-01-21,15.06
1973-01-22,15.29
1973-01-23,19.04
1973-01-24,16.49
1973-01-25,17.24
1973-01-26,15.89
1973-01-27,16.0
1973-01-28,13.68
1973-01-29,14.8
1973-01-30,14.38
1973-01-31,16.04
1973-02-01,11.94
1973-02-02,12.61
1973-02-03,14.97
1973-02-04,15.56
1973-02-05,8.56
1973-02-06,13.13
1973-02-07,9.75
1973-02-08,11.17
1973-02-09,11.27
1973-02-10,9.21
1973-02-11,8.62
1973-02-12,9.32
1973-02-13,10.04
1973-02-14,11.62
1973-02-15,12.21
1973-02-16,10.32
1973-02-17,12.98
1973-02-18,11.96
1973-02-19,11.87
1973-02-20,10.95
1973-02-21,11.26
1973-02-22,12.14
1973-02-23,11.65
1973-02-24,10.76
1973-02-25,11.92
1973-02-26,11.38
1973-02-27,11.43
1973-02-28,10.49
1973-03-01,9.79
1973-03-02,11.27
1973-03-03,9.46
1973-03-04,13.3
1973-03-05,11.17
1973-03-06,8.29
1973-03-07,9.81
1973-03-08,13.35
1973-03-09,13.71
1973-03-10,13.3
1973-03-11,14.65
1973-03-12,14.09
1973-03-13,15.18
1973-03-14,16.42
1973-03-15,14.39
1973-03-16,12.1
1973-03-17,15.63
1973-03-18,12.89
1973-03-19,11.01
1973-03-20,11.23
1973-03-21,10.35
1973-03-22,9.88
1973-03-23,10.18
1973-03-24,10.68
1973-03-25,11.15
1973-03-26,11.24
1973-03-27,11.51
1973-03-28,10.73
1973-03-29,10.45
1973-03-30,10.5
1973-03-31,11.72
1973-04-01,10.74
1973-04-02,12.7
1973-04-03,10.71
1973-04-04,11.19
1973-04-05,11.38
1973-04-06,10.97
1973-04-07,12.57
1973-04-08,12.72
1973-04-09,11.27
1973-04-10,11.02
1973-04-11,10.93
1973-04-12,11.37
1973-04-13,10.5
1973-04-14,10.93
1973-04-15,10.57
1973-04-16,11.39
1973-04-17,10.9
1973-04-18,9.76
1973-04-19,9.62
1973-04-20,9.35
1973-04-21,9.2
1973-04-22,9.35
1973-04-23,9.54
1973-04-24,9.04
1973-04-25,8.33
1973-04-26,8.25
1973-04-27,8.01
1973-04-28,7.96
1973-04-29,8.05
1973-04-30,8.18
1973-05-01,8.24
1973-05-02,8.25
1973-05-03,9.13
1973-05-04,8.24
1973-05-05,7.66
1973-05-06,7.36
1973-05-07,7.56
1973-05-08,7.48
1973-05-09,7.31
1973-05-10,7.24
1973-05-11,7.06
1973-05-12,6.92
1973-05-13,7.1
1973-05-14,7.2
1973-05-15,6.75
1973-05-16,5.03
1973-05-17,4.89
1973-05-18,4.93
1973-05-19,4.79
1973-05-20,4.72
1973-05-21,4.76
1973-05-22,4.72
1973-05-23,4.65
1973-05-24,4.62
1973-05-25,4.67
1973-05-26,4.67
1973-05-27,4.57
1973-05-28,4.59
1973-05-29,4.57
1973-05-30,4.55
1973-05-31,4.6
1973-06-01,4.58
1973-06-02,4.57
1973-06-03,4.6
1973-06-04,4.45
1973-06-05,3.23
1973-06-06,3.37
1973-06-07,3.63
1973-06-08,3.46
1973-06-09,3.62
1973-06-10,3.52
1973-06-11,3.57
1973-06-12,3.89
1973-06-13,3.94
1973-06-14,3.8
1973-06-15,3.68
1973-06-16,3.75
1973-06-17,3.75
1973-06-18,3.59
1973-06-19,3.41
1973-06-20,3.94
1973-06-21,3.84
1973-06-22,3.82
1973-06-23,3.81
1973-06-24,3.89
1973-06-25,3.96
1973-06-26,3.66
1973-06-27,3.67
1973-06-28,3.84
1973-06-29,3.75
1973-06-30,3.69
1973-07-01,3.68
1973-07-02,3.49
1973-07-03,3.14
1973-07-04,3.13
1973-07-05,3.33
1973-07-06,3.67
1973-07-07,2.95
1973-07-08,2.83
1973-07-09,2.9
1973-07-10,2.64
1973-07-11,2.57
1973-07-12,2.76
1973-07-13,2.77
1973-07-14,2.93
1973-07-15,3.09
1973-07-16,3.21
1973-07-17,3.02
1973-07-18,3.27
1973-07-19,3.21
1973-07-20,3.16
1973-07-21,3.22
1973-07-22,3.28
1973-07-23,3.19
1973-07-24,3.1
1973-07-25,3.21
1973-07-26,3.15
1973-07-27,3.19
1973-07-28,3.05
1973-07-29,3.12
1973-07-30,3.03
1973-07-31,2.91
1973-08-01,2.9
1973-08-02,3.28
1973-08-03,3.11
1973-08-04,3.15
1973-08-05,3.03
1973-08-06,2.9
1973-08-07,2.95
1973-08-08,3.03
1973-08-09,3.19
1973-08-10,3.17
1973-08-11,3.15
1973-08-12,3.07
1973-08-13,2.93
1973-08-14,2.83
1973-08-15,2.85
1973-08-16,3.02
1973-08-17,3.14
1973-08-18,3.09
1973-08-19,3.14
1973-08-20,3.27
1973-08-21,3.09
1973-08-22,2.97
1973-08-23,2.61
1973-08-24,2.81
1973-08-25,2.87
1973-08-26,2.75
1973-08-27,2.88
1973-08-28,3.08
1973-08-29,2.95
1973-08-30,3.11
1973-08-31,2.99
1973-09-01,2.99
1973-09-02,2.65
1973-09-03,2.88
1973-09-04,2.87
1973-09-05,2.66
1973-09-06,2.67
1973-09-07,2.67
1973-09-08,2.74
1973-09-09,2.79
1973-09-10,2.71
1973-09-11,2.54
1973-09-12,2.47
1973-09-13,2.41
1973-09-14,2.44
1973-09-15,2.34
1973-09-16,2.39
1973-09-17,2.63
1973-09-18,2.77
1973-09-19,2.87
1973-09-20,2.69
1973-09-21,3.13
1973-09-22,3.03
1973-09-23,3.2
1973-09-24,3.3
1973-09-25,3.47
1973-09-26,3.57
1973-09-27,3.57
1973-09-28,3.29
1973-09-29,3.08
1973-09-30,3.05
1973-10-01,3.0
1973-10-02,3.27
1973-10-03,3.27
1973-10-04,3.23
1973-10-05,3.07
1973-10-06,3.23
1973-10-07,3.24
1973-10-08,3.27
1973-10-09,3.09
1973-10-10,3.33
1973-10-11,4.09
1973-10-12,3.03
1973-10-13,3.08
1973-10-14,4.41
1973-10-15,4.42
1973-10-16,4.92
1973-10-17,5.06
1973-10-18,4.5
1973-10-19,6.41
1973-10-20,7.84
1973-10-21,6.69
1973-10-22,7.01
1973-10-23,6.67
1973-10-24,7.06
1973-10-25,7.01
1973-10-26,6.99
1973-10-27,6.47
1973-10-28,5.91
1973-10-29,6.14
1973-10-30,6.37
1973-10-31,6.13
1973-11-01,5.69
1973-11-02,5.9
1973-11-03,6.08
1973-11-04,5.72
1973-11-05,5.81
1973-11-06,5.72
1973-11-07,6.21
1973-11-08,5.37
1973-11-09,5.5
1973-11-10,6.0
1973-11-11,6.21
1973-11-12,6.22
1973-11-13,6.2
1973-11-14,6.01
1973-11-15,6.15
1973-11-16,5.63
1973-11-17,5.86
1973-11-18,6.94
1973-11-19,7.15
1973-11-20,7.03
1973-11-21,7.15
1973-11-22,7.03
1973-11-23,7.2
1973-11-24,6.78
1973-11-25,8.19
1973-11-26,6.66
1973-11-27,6.12
1973-11-28,5.93
1973-11-29,6.13
1973-11-30,5.72
1973-12-01,5.67
1973-12-02,5.69
1973-12-03,6.27
1973-12-04,5.66
1973-12-05,5.49
1973-12-06,5.53
1973-12-07,5.09
1973-12-08,4.83
1973-12-09,4.5
1973-12-10,4.73
1973-12-11,4.18
1973-12-12,5.13
1973-12-13,7.13
1973-12-14,7.92
1973-12-15,6.96
1973-12-16,7.87
1973-12-17,7.04
1973-12-18,7.15
1973-12-19,6.66
1973-12-20,6.79
1973-12-21,7.31
1973-12-22,6.82
1973-12-23,6.47
1973-12-24,6.49
1973-12-25,5.46
1973-12-26,4.92
1973-12-27,5.49
1973-12-28,12.13
1973-12-29,13.33
1973-12-30,13.5
1973-12-31,17.29
1974-01-01,18.18
1974-01-02,18.19
1974-01-03,14.77
1974-01-04,12.14
1974-01-05,12.15
1974-01-06,11.6
1974-01-07,11.84
1974-01-08,12.34
1974-01-09,12.53
1974-01-10,11.63
1974-01-11,11.4
1974-01-12,11.48
1974-01-13,12.72
1974-01-14,14.56
1974-01-15,14.72
1974-01-16,13.02
1974-01-17,11.67
1974-01-18,11.07
1974-01-19,10.4
1974-01-20,9.22
1974-01-21,8.11
1974-01-22,7.82
1974-01-23,8.45
1974-01-24,8.23
1974-01-25,7.87
1974-01-26,8.14
1974-01-27,7.83
1974-01-28,7.78
1974-01-29,8.25
1974-01-30,9.17
1974-01-31,10.56
1974-02-01,15.35
1974-02-02,15.64
1974-02-03,14.99
1974-02-04,15.75
1974-02-05,13.69
1974-02-06,12.64
1974-02-07,16.62
1974-02-08,19.76
1974-02-09,18.13
1974-02-10,18.62
1974-02-11,21.17
1974-02-12,16.89
1974-02-13,14.99
1974-02-14,18.62
1974-02-15,15.64
1974-02-16,13.51
1974-02-17,17.59
1974-02-18,20.08
1974-02-19,12.22
1974-02-20,17.05
1974-02-21,22.47
1974-02-22,16.29
1974-02-23,14.86
1974-02-24,17.7
1974-02-25,16.65
1974-02-26,15.91
1974-02-27,14.12
1974-02-28,13.04
1974-03-01,12.1
1974-03-02,14.26
1974-03-03,14.6
1974-03-04,12.46
1974-03-05,13.41
1974-03-06,12.28
1974-03-07,11.81
1974-03-08,11.69
1974-03-09,11.27
1974-03-10,10.86
1974-03-11,10.92
1974-03-12,11.45
1974-03-13,10.39
1974-03-14,10.27
1974-03-15,10.39
1974-03-16,9.56
1974-03-17,9.08
1974-03-18,9.44
1974-03-19,9.74
1974-03-20,10.62
1974-03-21,10.33
1974-03-22,9.56
1974-03-23,11.57
1974-03-24,11.1
1974-03-25,11.1
1974-03-26,9.14
1974-03-27,8.79
1974-03-28,9.44
1974-03-29,9.2
1974-03-30,9.15
1974-03-31,10.68
1974-04-01,12.46
1974-04-02,10.8
1974-04-03,11.21
1974-04-04,10.45
1974-04-05,9.26
1974-04-06,8.49
1974-04-07,7.9
1974-04-08,7.86
1974-04-09,7.46
1974-04-10,7.27
1974-04-11,7.35
1974-04-12,7.32
1974-04-13,7.35
1974-04-14,7.02
1974-04-15,7.02
1974-04-16,7.55
1974-04-17,7.38
1974-04-18,6.8
1974-04-19,5.81
1974-04-20,5.22
1974-04-21,2.94
1974-04-22,4.15
1974-04-23,6.12
1974-04-24,6.47
1974-04-25,6.2
1974-04-26,6.25
1974-04-27,4.22
1974-04-28,3.7
1974-04-29,3.75
1974-04-30,3.75
1974-05-01,3.86
1974-05-02,4.3
1974-05-03,4.57
1974-05-04,4.49
1974-05-05,4.31
1974-05-06,4.45
1974-05-07,4.35
1974-05-08,4.35
1974-05-09,4.47
1974-05-10,4.68
1974-05-11,4.4
1974-05-12,4.52
1974-05-13,4.47
1974-05-14,4.31
1974-05-15,4.28
1974-05-16,4.52
1974-05-17,4.69
1974-05-18,5.04
1974-05-19,4.93
1974-05-20,5.01
1974-05-21,5.87
1974-05-22,5.76
1974-05-23,5.76
1974-05-24,5.15
1974-05-25,5.04
1974-05-26,5.09
1974-05-27,5.31
1974-05-28,5.33
1974-05-29,4.96
1974-05-30,4.73
1974-05-31,4.68
1974-06-01,5.01
1974-06-02,5.07
1974-06-03,5.07
1974-06-04,4.85
1974-06-05,4.63
1974-06-06,4.69
1974-06-07,4.69
1974-06-08,4.77
1974-06-09,4.75
1974-06-10,4.59
1974-06-11,4.8
1974-06-12,4.07
1974-06-13,4.09
1974-06-14,4.16
1974-06-15,4.23
1974-06-16,4.16
1974-06-17,4.24
1974-06-18,4.26
1974-06-19,4.25
1974-06-20,4.23
1974-06-21,4.16
1974-06-22,4.18
1974-06-23,4.14
1974-06-24,4.0
1974-06-25,4.08
1974-06-26,4.01
1974-06-27,4.05
1974-06-28,4.12
1974-06-29,3.98
1974-06-30,3.96
1974-07-01,3.96
1974-07-02,3.96
