date,discharge_m3s
1955-07-01,2.9
1955-07-02,3.02
1955-07-03,2.9
1955-07-04,3.02
1955-07-05,3.02
1955-07-06,3.15
1955-07-07,3.29
1955-07-08,3.29
1955-07-09,3.29
1955-07-10,3.15
1955-07-11,3.29
1955-07-12,3.29
1955-07-13,3.56
1955-07-14,3.42
1955-07-15,3.29
1955-07-16,3.29
1955-07-17,3.29
1955-07-18,3.42
1955-07-19,3.29
1955-07-20,3.42
1955-07-21,3.42
1955-07-22,3.42
1955-07-23,3.29
1955-07-24,3.29
1955-07-25,3.29
1955-07-26,3.29
1955-07-27,3.29
1955-07-28,3.29
1955-07-29,3.29
1955-07-30,3.29
1955-07-31,3.29
1955-08-01,3.29
1955-08-02,3.15
1955-08-03,3.03
1955-08-04,3.03
1955-08-05,3.03
1955-08-06,3.03
1955-08-07,3.15
1955-08-08,3.42
1955-08-09,3.42
1955-08-10,3.42
1955-08-11,3.42
1955-08-12,3.29
1955-08-13,3.29
1955-08-14,3.03
1955-08-15,2.78
1955-08-16,2.78
1955-08-17,2.78
1955-08-18,2.78
1955-08-19,2.65
1955-08-20,2.65
1955-08-21,2.78
1955-08-22,2.9
1955-08-23,2.9
1955-08-24,2.9
1955-08-25,2.9
1955-08-26,2.9
1955-08-27,2.9
1955-08-28,2.9
1955-08-29,2.9
1955-08-30,2.9
1955-08-31,3.03
1955-09-01,3.03
1955-09-02,3.03
1955-09-03,3.03
1955-09-04,3.03
1955-09-05,3.03
1955-09-06,3.03
1955-09-07,2.9
1955-09-08,2.9
1955-09-09,2.78
1955-09-10,2.78
1955-09-11,2.78
1955-09-12,2.15
1955-09-13,2.15
1955-09-14,2.15
1955-09-15,2.15
1955-09-16,1.9
1955-09-17,1.9
1955-09-18,1.9
1955-09-19,1.9
1955-09-20,2.15
1955-09-21,1.9
1955-09-22,1.65
1955-09-23,1.53
1955-09-24,1.53
1955-09-25,1.53
1955-09-26,1.75
1955-09-27,1.65
1955-09-28,1.53
1955-09-29,1.65
1955-09-30,1.78
1955-10-01,1.9
1955-10-02,2.03
1955-10-03,2.15
1955-10-04,2.15
1955-10-05,2.15
1955-10-06,2.15
1955-10-13,2.15
1955-10-14,2.28
1955-10-15,2.4
1955-10-16,2.15
1955-10-17,1.9
1955-10-18,1.78
1955-10-19,1.53
1955-10-20,1.4
1955-10-21,1.15
1955-10-22,1.15
1955-10-23,1.15
1955-10-24,1.15
1955-10-25,1.4
1955-10-26,1.65
1955-10-27,1.9
1955-10-28,2.15
1955-10-29,2.28
1955-10-30,2.28
1955-10-31,2.28
1955-11-01,2.4
1955-11-02,2.4
1955-11-03,2.53
1955-11-04,2.65
1955-11-05,2.4
1955-11-06,2.15
1955-11-07,2.15
1955-11-08,2.15
1955-11-09,2.4
1955-11-10,2.53
1955-11-11,2.4
1955-11-12,2.4
1955-11-13,2.53
1955-11-14,2.65
1955-11-15,2.9
1955-11-16,3.03
1955-11-17,3.29
1955-11-18,3.29
1955-11-19,3.42
1955-11-20,3.29
1955-11-21,3.29
1955-11-22,3.42
1955-11-23,3.29
1955-11-24,3.29
1955-11-25,3.42
1955-11-26,3.15
1955-11-27,3.03
1955-11-28,2.9
1955-11-29,2.9
1955-11-30,3.03
1955-12-01,3.03
1955-12-02,3.15
1955-12-03,3.42
1955-12-04,3.42
1955-12-05,3.56
1955-12-06,3.42
1955-12-07,3.42
1955-12-08,3.29
1955-12-09,3.29
1955-12-10,3.15
1955-12-11,3.29
1955-12-12,3.29
1955-12-13,3.15
1955-12-14,3.03
1955-12-15,3.15
1955-12-16,3.69
1955-12-17,3.69
1955-12-18,3.42
1955-12-19,3.29
1955-12-20,3.42
1955-12-21,3.29
1955-12-22,3.15
1955-12-23,3.03
1955-12-24,3.15
1955-12-25,3.29
1955-12-26,3.42
1955-12-27,3.69
1955-12-28,4.23
1955-12-29,4.1
1955-12-30,4.65
1955-12-31,4.95
1956-01-01,4.8
1956-01-02,5.4
1956-01-03,5.4
1956-01-04,5.1
1956-01-05,4.65
1956-01-06,4.8
1956-01-07,5.1
1956-01-08,6.0
1956-01-09,6.32
1956-01-10,5.4
1956-01-11,4.65
1956-01-12,4.5
1956-01-13,4.23
1956-01-14,4.23
1956-01-15,4.1
1956-01-16,3.42
1956-01-17,3.42
1956-01-18,3.42
1956-01-19,3.29
1956-01-20,3.29
1956-01-21,3.29
1956-01-22,3.29
1956-01-23,3.42
1956-01-24,3.42
1956-01-25,3.56
1956-01-26,4.23
1956-01-27,4.8
1956-01-28,6.16
1956-01-29,7.12
1956-01-30,7.44
1956-01-31,7.12
1956-02-01,6.64
1956-02-02,6.0
1956-02-03,5.25
1956-02-04,5.1
1956-02-05,5.25
1956-02-06,6.0
1956-02-07,6.48
1956-02-08,5.85
1956-02-09,5.55
1956-02-10,5.7
1956-02-11,5.25
1956-02-12,5.7
1956-02-13,7.12
1956-02-14,6.96
1956-02-15,6.8
1956-02-16,6.64
1956-02-17,6.0
1956-02-18,5.1
1956-02-19,4.65
1956-02-20,4.8
1956-02-21,6.32
1956-02-22,8.52
1956-02-23,9.44
1956-02-24,9.21
1956-02-25,9.21
1956-02-26,8.52
1956-02-27,7.6
1956-02-28,7.6
1956-02-29,7.6
1956-03-01,7.23
1956-03-02,7.23
1956-03-03,7.08
1956-03-04,6.92
1956-03-05,6.92
1956-03-06,6.77
1956-03-07,6.3
1956-03-08,5.66
1956-03-09,5.34
1956-03-10,5.34
1956-03-11,5.34
1956-03-12,6.61
1956-03-13,6.67
1956-03-14,6.92
1956-03-15,6.92
1956-03-16,7.08
1956-03-17,6.77
1956-03-18,6.61
1956-03-19,6.3
1956-03-20,5.66
1956-03-21,5.02
1956-03-22,4.36
1956-03-23,4.2
1956-03-24,4.36
1956-03-25,4.03
1956-03-26,3.87
1956-03-27,3.7
1956-03-28,3.7
1956-03-29,3.7
1956-03-30,3.7
1956-03-31,3.7
1956-04-01,3.7
1956-04-02,4.36
1956-04-03,5.02
1956-04-04,4.69
1956-04-05,5.02
1956-04-06,5.02
1956-04-07,5.02
1956-04-08,5.02
1956-04-09,4.69
1956-04-10,4.03
1956-04-11,3.7
1956-04-12,3.7
1956-04-13,4.03
1956-04-14,4.03
1956-04-15,4.03
1956-04-16,4.03
1956-04-17,4.03
1956-04-18,4.03
1956-04-19,4.03
1956-04-20,4.03
1956-04-21,4.03
1956-04-22,3.7
1956-04-23,3.7
1956-04-24,3.7
1956-04-25,3.7
1956-04-26,3.7
1956-04-27,3.53
1956-04-28,3.53
1956-04-29,3.7
1956-04-30,3.7
1956-05-01,3.7
1956-05-02,3.53
1956-05-03,3.36
1956-05-04,3.36
1956-05-05,3.53
1956-05-06,3.53
1956-05-07,3.36
1956-05-08,3.36
1956-05-09,3.36
1956-05-10,3.36
1956-05-11,3.36
1956-05-12,3.36
1956-05-13,3.2
1956-05-14,3.2
1956-05-15,3.36
1956-05-16,3.2
1956-05-17,3.02
1956-05-18,2.986
1956-05-19,2.952
1956-06-01,2.51
1956-06-02,2.51
1956-06-03,2.68
1956-06-04,2.51
1956-06-05,2.51
1956-06-06,2.51
1956-06-07,2.51
1956-06-08,2.51
1956-06-09,2.51
1956-06-10,2.68
1956-06-11,2.51
1956-06-12,2.17
1956-06-13,2.17
1956-06-14,2.34
1956-06-15,2.34
1956-06-16,2.34
1956-06-17,2.17
1956-06-18,2.0
1956-06-19,2.0
1956-06-20,2.0
1956-06-21,1.82
1956-06-22,1.65
1956-06-23,1.47
1956-06-24,1.65
1956-06-25,1.82
1956-06-26,1.82
1956-06-27,1.82
1956-06-28,1.75
1956-06-29,1.75
1956-06-30,1.75
1956-07-01,1.83
1956-07-02,1.65
1956-07-03,1.47
1956-07-04,1.47
1956-07-05,1.47
1956-07-06,1.65
1956-07-07,1.83
1956-07-08,1.83
1956-07-09,1.83
1956-07-10,2.0
1956-07-11,2.0
1956-07-12,2.0
1956-07-13,2.0
1956-07-14,1.83
1956-07-15,1.47
1956-07-16,1.3
1956-07-17,1.47
1956-07-18,1.47
1956-07-19,1.3
1956-07-20,1.3
1956-07-21,1.3
1956-07-22,1.12
1956-07-23,1.3
1956-07-24,1.3
1956-07-25,1.47
1956-07-26,1.65
1956-07-27,1.83
1956-07-28,1.83
1956-07-29,1.65
1956-07-30,1.65
1956-07-31,1.65
1956-08-01,2.0
1956-08-02,2.0
1956-08-03,2.0
1956-08-04,2.0
1956-08-05,2.0
1956-08-06,2.0
1956-08-07,2.0
1956-08-08,2.0
1956-08-09,2.17
1956-08-10,2.17
1956-08-11,2.17
1956-08-12,2.17
1956-08-13,2.17
1956-08-14,2.17
1956-08-15,2.17
1956-08-16,2.17
1956-08-17,2.34
1956-08-18,2.51
1956-08-19,2.17
1956-08-20,1.83
1956-08-21,1.65
1956-08-22,1.83
1956-08-23,2.0
1956-08-24,2.34
1956-08-25,2.34
1956-08-26,2.0
1956-08-27,2.34
1956-08-28,2.17
1956-08-29,2.17
1956-08-30,2.17
1956-08-31,2.34
1956-09-01,2.51
1956-09-02,2.51
1956-09-03,2.51
1956-09-04,2.0
1956-09-05,2.0
1956-09-06,2.0
1956-09-07,2.17
1956-09-08,2.51
1956-09-09,2.68
1956-09-10,2.68
1956-09-11,2.51
1956-09-12,2.34
1956-09-13,2.68
1956-09-14,2.85
1956-09-15,3.19
1956-09-16,3.36
1956-09-17,3.36
1956-09-18,3.3
1956-09-19,3.2
1956-09-20,3.1
1956-09-21,3.05
1956-09-22,3.02
1956-09-23,2.68
1956-09-24,2.34
1956-09-25,2.41
1956-09-26,3.02
1956-09-27,3.36
1956-09-28,3.36
1956-09-29,3.7
1956-09-30,3.87
1956-10-01,3.87
1956-10-02,3.87
1956-10-03,4.03
1956-10-04,4.03
1956-10-05,3.87
1956-10-06,3.54
1956-10-07,3.19
1956-10-08,3.19
1956-10-09,3.36
1956-10-10,3.36
1956-10-11,3.36
1956-10-12,3.36
1956-10-13,3.36
1956-10-14,3.36
1956-10-15,3.02
1956-10-16,3.36
1956-10-17,3.19
1956-10-18,3.19
1956-10-19,3.36
1956-10-20,3.54
1956-10-21,3.7
1956-10-22,3.85
1956-10-23,4.03
1956-10-24,4.2
1956-10-25,4.53
1956-10-26,4.591428571428572
1956-10-27,4.652857142857143
1956-11-01,4.96
1956-11-02,4.85
1956-11-03,4.85
1956-11-04,5.34
1956-11-05,5.66
1956-11-06,5.98
1956-11-07,6.45
1956-11-08,6.3
1956-11-09,6.14
1956-11-10,5.98
1956-11-11,5.98
1956-11-12,5.98
1956-11-13,5.66
1956-11-14,5.66
1956-11-15,5.66
1956-11-16,5.34
1956-11-17,5.34
1956-11-18,5.34
1956-11-19,5.34
1956-11-20,5.34
1956-11-21,5.5
1956-11-22,5.5
1956-11-23,5.66
1956-11-24,5.98
1956-11-25,5.98
1956-11-26,5.98
1956-11-27,5.98
1956-11-28,5.82
1956-11-29,5.66
1956-11-30,5.34
1956-12-01,5.34
1956-12-02,5.34
1956-12-03,5.66
1956-12-04,6.14
1956-12-05,6.3
1956-12-06,6.61
1956-12-07,6.61
1956-12-08,6.61
1956-12-09,6.61
1956-12-10,6.61
1956-12-11,6.61
1956-12-12,7.23
1956-12-13,7.54
1956-12-14,7.23
1956-12-15,6.3
1956-12-16,6.3
1956-12-17,6.61
1956-12-18,7.23
1956-12-19,8.29
1956-12-20,8.88
1956-12-21,8.74
1956-12-22,8.29
1956-12-23,8.44
1956-12-24,9.03
1956-12-25,9.61
1956-12-26,9.9
1956-12-27,9.9
1956-12-28,9.9
1956-12-29,9.61
1956-12-30,9.61
1956-12-31,9.61
1957-01-01,8.07
1957-01-02,7.38
1957-01-03,6.84
1957-01-04,5.26
1957-01-05,4.75
1957-01-06,4.75
1957-01-07,5.13
1957-01-08,5.26
1957-01-09,5.0
1957-01-10,4.75
1957-01-11,4.75
1957-01-12,4.75
1957-01-13,4.87
1957-01-14,5.13
1957-01-15,5.13
1957-01-16,5.26
1957-01-17,5.26
1957-01-18,5.78
1957-01-19,6.3
1957-01-20,6.84
1957-01-21,6.17
1957-01-22,5.75
1957-01-23,5.78
1957-01-24,5.52
1957-01-25,5.39
1957-01-26,5.39
1957-01-27,5.26
1957-01-28,5.26
1957-01-29,5.13
1957-01-30,5.13
1957-01-31,5.13
1957-02-01,5.0
1957-02-02,4.75
1957-02-03,4.62
1957-02-04,4.75
1957-02-05,5.26
1957-02-06,6.3
1957-02-07,6.57
1957-02-08,7.11
1957-02-09,7.65
1957-02-10,7.38
1957-02-11,7.11
1957-02-12,6.57
1957-02-13,6.04
1957-02-14,5.65
1957-02-15,5.26
1957-02-16,5.13
1957-02-17,5.26
1957-02-18,5.26
1957-02-19,5.26
1957-02-20,5.26
1957-02-21,5.26
1957-02-22,5.26
1957-02-23,5.26
1957-02-24,5.26
1957-02-25,5.26
1957-02-26,5.26
1957-02-27,5.13
1957-02-28,5.13
1957-03-01,5.13
1957-03-02,5.13
1957-03-03,5.65
1957-03-04,5.78
1957-03-05,5.78
1957-03-06,6.04
1957-03-07,6.04
1957-03-08,6.04
1957-03-09,6.17
1957-03-10,5.78
1957-03-11,5.78
1957-03-12,5.78
1957-03-13,5.78
1957-03-14,6.04
1957-03-15,6.3
1957-03-16,5.52
1957-03-17,5.26
1957-03-18,6.3
1957-03-19,6.44
1957-03-20,6.3
1957-03-21,5.78
1957-03-22,5.78
1957-03-23,5.78
1957-03-24,5.52
1957-03-25,5.26
1957-03-26,5.26
1957-03-27,5.26
1957-03-28,5.39
1957-03-29,5.26
1957-03-30,5.52
1957-03-31,5.52
1957-04-01,5.39
1957-04-02,5.52
1957-04-03,5.52
1957-04-04,5.26
1957-04-05,5.26
1957-04-06,5.52
1957-04-07,5.91
1957-04-08,6.17
1957-04-09,5.78
1957-04-10,5.78
1957-04-11,5.78
1957-04-12,5.65
1957-04-13,5.52
1957-04-14,5.65
1957-04-15,5.52
1957-04-16,5.39
1957-04-17,6.04
1957-04-18,6.17
1957-04-19,6.17
1957-04-20,6.04
1957-04-21,5.52
1957-04-22,5.39
1957-04-23,5.52
1957-04-24,5.52
1957-04-25,5.26
1957-04-26,5.26
1957-04-27,5.26
1957-04-28,5.26
1957-04-29,5.26
1957-04-30,5.26
1957-05-01,5.26
1957-05-02,5.26
1957-05-03,5.26
1957-05-04,5.26
1957-05-05,5.26
1957-05-06,5.26
1957-05-07,5.26
1957-05-08,5.26
1957-05-09,5.26
1957-05-10,5.26
1957-05-11,5.26
1957-05-12,5.26
1957-05-13,5.13
1957-05-14,5.13
1957-05-15,5.26
1957-05-16,5.26
1957-05-17,5.26
1957-05-18,5.26
1957-05-19,5.26
1957-05-20,5.26
1957-05-21,5.26
1957-05-22,5.26
1957-05-23,5.26
1957-05-24,5.26
1957-05-25,5.13
1957-05-26,5.13
1957-05-27,5.13
1957-05-28,5.13
1957-05-29,5.13
1957-05-30,5.26
1957-05-31,5.26
1957-06-01,5.26
1957-06-02,5.26
1957-06-03,5.39
1957-06-04,5.39
1957-06-05,5.13
1957-06-06,4.75
1957-06-07,4.74
1957-06-08,4.87
1957-06-09,4.87
1957-06-10,4.87
1957-06-11,4.75
1957-06-12,4.37
1957-06-13,4.25
1957-06-14,4.25
1957-06-15,4.37
1957-06-16,4.5
1957-06-17,4.5
1957-06-18,4.37
1957-06-19,4.37
1957-06-20,4.12
1957-06-21,4.12
1957-06-22,4.12
1957-06-23,4.25
1957-06-24,4.37
1957-06-25,4.37
1957-06-26,4.12
1957-06-27,4.25
1957-06-28,4.37
1957-06-29,4.62
1957-06-30,4.62
1957-07-01,4.62
1957-07-02,4.62
1957-07-03,4.5
1957-07-04,4.5
1957-07-05,4.5
1957-07-06,4.5
1957-07-07,4.37
1957-07-08,4.37
1957-07-09,4.25
1957-07-10,4.37
1957-07-11,4.5
1957-07-12,4.5
1957-07-13,4.5
1957-07-14,4.37
1957-07-15,4.37
1957-07-16,4.62
1957-07-17,4.75
1957-07-18,4.75
1957-07-19,4.87
1957-07-20,5.0
1957-07-21,5.0
1957-07-22,4.62
1957-07-23,4.62
1957-07-24,4.87
1957-07-25,5.0
1957-07-26,5.0
1957-07-27,5.0
1957-07-28,5.0
1957-07-29,5.0
1957-07-30,4.87
1957-07-31,4.75
1957-08-01,4.87
1957-08-02,4.75
1957-08-03,4.62
1957-08-04,4.5
1957-08-05,4.5
1957-08-06,4.75
1957-08-07,4.62
1957-08-08,5.0
1957-08-09,5.0
1957-08-10,4.87
1957-08-11,4.75
1957-08-12,4.5
1957-08-13,4.37
1957-08-14,4.5
1957-08-15,4.62
1957-08-16,4.75
1957-08-17,4.87
1957-08-18,5.13
1957-08-19,5.0
1957-08-20,4.12
1957-08-21,4.12
1957-08-22,4.12
1957-08-23,4.0
1957-08-24,3.51
1957-08-25,3.51
1957-08-26,3.75
1957-08-27,4.0
1957-08-28,3.87
1957-08-29,3.87
1957-08-30,4.12
1957-08-31,4.25
1957-09-01,4.25
1957-09-02,4.0
1957-09-03,3.75
1957-09-04,3.63
1957-09-05,3.51
1957-09-06,3.51
1957-09-07,3.63
1957-09-08,3.87
1957-09-09,4.12
1957-09-10,4.25
1957-09-11,4.25
1957-09-12,4.25
1957-09-13,4.12
1957-09-14,3.87
1957-09-15,3.75
1957-09-16,3.51
1957-09-17,3.63
1957-09-18,3.75
1957-09-19,2.87
1957-09-20,2.87
1957-09-21,2.87
1957-09-22,2.75
1957-09-23,2.75
1957-09-24,2.75
1957-09-25,2.75
1957-09-26,2.75
1957-09-27,2.75
1957-09-28,2.75
1957-09-29,2.75
1957-09-30,2.75
1957-10-01,2.75
1957-10-02,2.87
1957-10-03,2.87
1957-10-04,2.87
1957-10-05,3.63
1957-10-06,3.63
1957-10-07,3.63
1957-10-08,3.75
1957-10-09,3.87
1957-10-10,4.12
1957-10-11,4.25
1957-10-12,4.12
1957-10-13,4.25
1957-10-14,4.12
1957-10-15,4.12
1957-10-16,4.25
1957-10-17,4.25
1957-10-18,4.25
1957-10-19,4.25
1957-10-20,4.25
1957-10-21,4.37
1957-10-22,4.5
1957-10-23,4.37
1957-10-24,4.37
1957-10-25,4.37
1957-10-26,4.25
1957-10-27,4.25
1957-10-28,4.25
1957-10-29,4.25
1957-10-30,4.37
1957-10-31,4.5
1957-11-01,4.62
1957-11-02,4.62
1957-11-03,4.75
1957-11-04,4.87
1957-11-05,4.75
1957-11-06,4.75
1957-11-07,4.75
1957-11-08,4.75
1957-11-09,5.13
1957-11-10,5.26
1957-11-11,5.39
1957-11-12,5.78
1957-11-13,5.91
1957-11-14,5.78
1957-11-15,5.78
1957-11-16,5.65
1957-11-17,5.52
1957-11-18,5.52
1957-11-19,5.39
1957-11-20,5.52
1957-11-21,5.13
1957-11-22,4.62
1957-11-23,4.25
1957-11-24,4.12
1957-11-25,4.264117647058824
1957-11-26,4.408235294117647
1957-12-11,6.57
1957-12-12,5.91
1957-12-13,4.87
1957-12-14,4.25
1957-12-15,4.75
1957-12-16,5.78
1957-12-17,6.84
1957-12-18,6.57
1957-12-19,6.84
1957-12-20,7.24
1957-12-21,7.38
1957-12-22,7.65
1957-12-23,7.93
1957-12-24,8.49
1957-12-25,8.77
1957-12-26,9.34
1957-12-27,9.63
1957-12-28,9.05
1957-12-29,8.91
1957-12-30,8.63
1957-12-31,8.91
1958-01-01,9.05
1958-01-02,9.48
1958-01-03,9.92
1958-01-04,10.5
1958-01-05,10.97
1958-01-06,10.79
1958-01-07,10.5
1958-01-08,9.63
1958-01-09,9.48
1958-01-10,9.92
1958-01-11,9.92
1958-01-12,9.63
1958-01-13,9.19
1958-01-14,9.34
1958-01-15,9.05
1958-01-16,8.35
1958-01-17,7.79
1958-01-18,7.65
1958-01-19,6.98
1958-01-20,7.38
1958-01-21,8.21
1958-01-22,9.05
1958-01-23,9.19
1958-01-24,8.77
1958-01-25,8.35
1958-01-26,7.65
1958-01-27,7.31
1958-01-28,6.84
1958-01-29,6.44
1958-01-30,6.3
1958-01-31,6.44
1958-02-01,6.44
1958-02-02,6.3
1958-02-03,6.57
1958-02-04,7.11
1958-02-05,7.25
1958-02-06,7.65
1958-02-07,7.79
1958-02-08,8.07
1958-02-09,7.11
1958-02-10,7.11
1958-02-11,6.84
1958-02-12,7.11
1958-02-13,7.11
1958-02-14,7.51
1958-02-15,8.07
1958-02-16,9.05
1958-02-17,8.91
1958-02-18,7.79
1958-02-19,7.93
1958-02-20,8.05
1958-02-21,7.79
1958-02-22,8.21
1958-02-23,8.63
1958-02-24,8.63
1958-02-25,9.19
1958-02-26,9.63
1958-02-27,9.63
1958-02-28,9.19
1958-03-01,9.19
1958-03-02,8.77
1958-03-03,9.05
1958-03-04,9.05
1958-03-05,8.77
1958-03-06,7.93
1958-03-07,7.38
1958-03-08,7.11
1958-03-09,7.93
1958-03-10,8.21
1958-03-11,7.93
1958-03-12,7.65
1958-03-13,7.24
1958-03-14,7.24
1958-03-15,7.79
1958-03-16,8.21
1958-03-17,8.35
1958-03-18,8.63
1958-03-19,9.05
1958-03-20,9.19
1958-03-21,9.34
1958-03-22,9.63
1958-03-23,9.63
1958-03-24,9.19
1958-03-25,9.19
1958-03-26,9.05
1958-03-27,9.05
1958-03-28,8.91
1958-03-29,8.77
1958-03-30,8.35
1958-03-31,7.65
1958-04-01,7.11
1958-04-02,7.38
1958-04-03,7.65
1958-04-04,6.98
1958-04-05,7.24
1958-04-06,7.65
1958-04-07,7.79
1958-04-08,7.93
1958-04-09,7.79
1958-04-10,7.93
1958-04-11,7.79
1958-04-12,7.52
1958-04-13,7.79
1958-04-14,8.07
1958-04-15,7.79
1958-04-16,7.38
1958-04-17,7.25
1958-04-18,7.11
1958-04-19,7.11
1958-04-20,7.52
1958-04-21,7.79
1958-04-22,6.57
1958-04-23,6.04
1958-04-24,5.78
1958-04-25,5.78
1958-04-26,7.38
1958-04-27,7.38
1958-04-28,7.65
1958-04-29,7.79
1958-04-30,7.65
1958-05-01,7.38
1958-05-02,7.52
1958-05-03,7.93
1958-05-04,8.21
1958-05-05,8.21
1958-05-06,7.79
1958-05-07,7.65
1958-05-08,7.11
1958-05-09,6.84
1958-05-10,6.84
1958-05-11,6.84
1958-05-12,6.57
1958-05-13,6.57
1958-05-14,6.44
1958-05-15,6.71
1958-05-16,6.3
1958-05-17,7.11
1958-05-18,6.98
1958-05-19,6.3
1958-05-20,6.04
1958-05-21,5.65
1958-05-22,5.91
1958-05-23,5.78
1958-05-24,5.78
1958-05-25,6.04
1958-05-26,6.17
1958-05-27,5.26
1958-05-28,5.91
1958-05-29,5.65
1958-05-30,6.04
1958-05-31,6.17
1958-06-01,6.17
1958-06-02,6.04
1958-06-03,5.78
1958-06-04,6.04
1958-06-05,6.3
1958-06-06,6.04
1958-06-07,5.65
1958-06-08,5.52
1958-06-09,5.78
1958-06-10,6.04
1958-06-11,6.3
1958-06-12,6.57
1958-06-13,6.44
1958-06-14,6.17
1958-06-15,6.17
1958-06-16,6.44
1958-06-17,6.84
1958-06-18,6.98
1958-06-19,6.17
1958-06-20,5.78
1958-06-21,5.26
1958-06-22,5.13
1958-06-23,5.26
1958-06-24,5.26
1958-06-25,5.26
1958-06-26,5.26
1958-06-27,5.39
1958-06-28,5.13
1958-06-29,5.26
1958-06-30,5.26
1958-07-01,4.26
1958-07-02,4.26
1958-07-03,4.26
1958-07-04,4.26
1958-07-05,4.26
1958-07-06,4.14
1958-07-07,4.14
1958-07-08,4.14
1958-07-09,3.9
1958-07-10,3.68
1958-07-11,3.79
1958-07-12,3.9
1958-07-13,4.02
1958-07-14,4.02
1958-07-15,4.14
1958-07-16,4.02
1958-07-17,4.02
1958-07-18,4.26
1958-07-19,4.26
1958-07-20,4.02
1958-07-21,3.79
1958-07-22,3.57
1958-07-23,3.68
1958-07-24,4.02
1958-07-25,4.26
1958-07-26,4.14
1958-07-27,4.02
1958-07-28,4.02
1958-07-29,4.14
1958-07-30,4.14
1958-07-31,4.14
1958-08-01,4.02
1958-08-02,3.9
1958-08-03,3.68
1958-08-04,3.46
1958-08-05,3.35
1958-08-06,3.46
1958-08-07,3.6
1958-08-08,3.9
1958-08-09,4.14
1958-08-10,4.5
1958-08-11,3.46
1958-08-12,3.46
1958-08-13,3.57
1958-08-14,3.68
1958-08-15,4.5
1958-08-16,3.9
1958-08-17,4.02
1958-08-18,4.14
1958-08-19,4.38
1958-08-20,4.5
1958-08-21,4.14
1958-08-22,3.9
1958-08-23,3.57
1958-08-24,3.68
1958-08-25,3.68
1958-08-26,3.68
1958-08-27,4.5
1958-08-28,4.02
1958-08-29,4.26
1958-08-30,4.02
1958-08-31,4.02
1958-09-01,4.14
1958-09-02,4.26
1958-09-03,4.5
1958-09-04,4.38
1958-09-05,4.14
1958-09-06,4.38
1958-09-07,4.62
1958-09-08,4.5
1958-09-09,3.9
1958-09-10,3.9
1958-09-11,3.9
1958-09-12,3.46
1958-09-13,3.46
1958-09-14,3.68
1958-09-15,3.9
1958-09-16,3.68
1958-09-17,3.57
1958-09-18,3.46
1958-09-19,3.68
1958-09-20,3.68
1958-09-21,3.9
1958-09-22,4.26
1958-09-23,4.62
1958-09-24,5.24
1958-09-25,5.94
1958-09-26,5.66
1958-09-27,5.66
1958-09-28,4.5
1958-09-29,3.68
1958-09-30,3.68
1958-10-01,3.57
1958-10-02,3.24
1958-10-03,3.02
1958-10-04,3.24
1958-10-05,3.24
1958-10-06,3.02
1958-10-07,2.62
1958-10-08,3.44
1958-10-09,2.35
1958-10-10,2.44
1958-10-11,2.53
1958-10-12,2.71
1958-10-13,2.8
1958-10-14,2.8
1958-10-15,3.02
1958-10-16,3.02
1958-10-17,3.02
1958-10-18,3.02
1958-10-19,3.02
1958-10-20,3.02
1958-10-21,3.02
1958-10-22,3.13
1958-10-23,3.24
1958-10-24,3.24
1958-10-25,3.24
1958-10-26,3.24
1958-10-27,3.35
1958-10-28,3.46
1958-10-29,3.46
1958-10-30,3.46
1958-10-31,3.46
1958-11-01,3.57
1958-11-02,3.68
1958-11-03,3.68
1958-11-04,3.68
1958-11-05,5.66
1958-11-06,6.5
1958-11-07,5.94
1958-11-08,5.929230769230769
1958-11-09,5.918461538461539
1958-12-03,5.66
1958-12-04,5.52
1958-12-05,5.38
1958-12-06,5.1
1958-12-07,5.1
1958-12-08,5.1
1958-12-09,5.1
1958-12-10,4.96
1958-12-11,4.96
1958-12-12,5.1
1958-12-13,5.24
1958-12-14,5.24
1958-12-15,5.1
1958-12-16,5.1
1958-12-17,5.1
1959-01-10,5.1
1959-01-11,5.1
1959-01-12,5.1
1959-01-13,5.1
1959-01-14,5.1
1959-01-15,5.1
1959-01-16,5.1
1959-01-17,5.1
1959-01-18,5.1
1959-01-19,5.1
1959-01-20,5.66
1959-01-21,5.66
1959-01-22,5.38
1959-01-23,5.66
1959-01-24,5.66
1959-01-25,5.66
1959-01-26,5.66
1959-01-27,5.66
1959-01-28,5.66
1959-01-29,5.38
1959-01-30,5.1
1959-01-31,5.38
1959-02-01,5.363333333333333
1959-02-02,5.346666666666667
1959-04-01,4.38
1959-04-02,4.62
1959-04-03,5.38
1959-04-04,5.66
1959-04-05,5.94
1959-04-06,5.66
1959-04-07,5.52
1959-04-08,5.24
1959-04-09,4.98
1959-04-10,4.86
1959-04-11,4.74
1959-04-12,4.62
1959-04-13,4.62
1959-04-14,4.62
1959-04-15,4.62
1959-04-16,4.62
1959-04-17,4.14
1959-04-18,4.14
1959-04-19,4.14
1959-04-20,4.02
1959-04-21,3.78
1959-04-22,4.02
1959-04-23,3.9
1959-04-24,3.9
1959-04-25,4.5
1959-04-26,4.96
1959-04-27,4.62
1959-04-28,4.62
1959-04-29,4.96
1959-04-30,4.62
1959-05-01,4.38
1959-05-02,4.38
1959-05-03,4.5
1959-05-04,4.26
1959-05-05,4.14
1959-05-06,4.14
1959-05-07,4.14
1959-05-08,3.9
1959-05-09,3.68
1959-05-10,3.68
1959-05-11,3.68
1959-05-12,3.46
1959-05-13,3.13
1959-05-14,2.8
1959-05-15,2.8
1959-05-16,2.8
1959-05-17,2.8
1959-05-18,2.8
1959-05-19,2.91
1959-05-20,2.91
1959-05-21,3.02
1959-05-22,3.02
1959-05-23,3.02
1959-05-24,2.8
1959-05-25,2.8
1959-05-26,2.8
1959-05-27,2.8
1959-05-28,2.8
1959-05-29,2.8
1959-05-30,2.8
1959-05-31,2.8
1959-06-01,2.4
1959-06-02,2.2
1959-06-03,2.2
1959-06-04,2.2
1959-06-05,2.3
1959-06-06,2.4
1959-06-07,2.3
1959-06-08,2.2
1959-06-09,2.2
1959-06-10,2.2
1959-06-11,2.2
1959-06-12,2.2
1959-06-13,2.2
1959-06-14,2.3
1959-06-15,2.3
1959-06-16,2.4
1959-06-17,2.4
1959-06-18,2.3
1959-06-19,2.2
1959-06-20,2.1
1959-06-21,2.1
1959-06-22,2.0
1959-06-23,1.9
1959-06-24,1.9
1959-06-25,2.0
1959-06-26,2.0
1959-06-27,1.9
1959-06-28,1.8
1959-06-29,1.7
1959-06-30,1.8
1959-07-01,1.7
1959-07-02,1.6
1959-07-03,1.3
1959-07-04,1.4
1959-07-05,1.6
1959-07-06,1.7
1959-07-07,1.8
1959-07-08,1.85
1959-07-09,1.9
1959-07-23,2.6
1959-07-24,2.4
1959-07-25,2.4
1959-07-26,2.4
1959-07-27,2.4
1959-07-28,2.6
1959-07-29,2.7
1959-07-30,2.5
1959-07-31,2.6
1959-08-01,2.8
1959-08-02,3.02
1959-08-03,3.02
1959-08-04,2.8
1959-08-05,2.4
1959-08-06,2.4
1959-08-07,2.4
1959-08-08,2.5
1959-08-09,2.4
1959-08-10,2.4
1959-08-11,2.7
1959-08-12,2.8
1959-08-13,2.8
1959-08-14,2.8
1959-08-15,2.7
1959-08-16,2.8
1959-08-17,2.8
1959-08-18,2.8
1959-08-19,2.8
1959-08-20,2.7
1959-08-21,2.7
1959-08-22,2.4
1959-08-23,2.4
1959-08-24,2.4
1959-08-25,2.4
1959-08-26,2.4
1959-08-27,2.4
1959-08-28,2.4
1959-08-29,2.4
1959-08-30,2.4
1959-08-31,2.4
1959-09-01,2.4
1959-09-02,2.5
1959-09-03,2.0
1959-09-04,1.9
1959-09-05,1.8
1959-09-06,1.8
1959-09-07,1.7
1959-09-08,1.6
1959-09-09,1.8
1959-09-10,2.2
1959-09-11,2.4
1959-09-12,2.6
1959-09-13,2.1
1959-09-14,1.9
1959-09-15,1.8
1959-09-16,2.0
1959-09-17,2.3
1959-09-18,2.6
1959-09-19,2.7
1959-09-20,2.88
1959-09-21,3.02
1959-09-22,3.24
1959-09-23,3.24
1959-09-24,2.8
1959-09-25,2.5
1959-09-26,2.5
1959-09-27,2.6
1959-09-28,2.7
1959-09-29,2.6
1959-09-30,2.7
1959-10-01,3.02
1959-10-02,3.24
1959-10-03,3.02
1959-10-04,2.6
1959-10-05,2.5
1959-10-06,2.8
1959-10-07,2.8
1959-10-08,2.5
1959-10-09,2.3
1959-10-10,2.2
1959-10-11,2.2
1959-10-12,2.4
1959-10-13,2.6
1959-10-14,2.7
1959-10-15,2.6
1959-10-16,2.4
1959-10-17,2.3
1959-10-18,2.4
1959-10-19,2.3
1959-10-20,2.1
1959-10-21,2.0
1959-10-22,2.0
1959-10-23,2.2
1959-10-24,2.5
1959-10-25,2.7
1959-10-26,2.8
1959-10-27,2.6
1959-10-28,2.5
1959-10-29,2.6
1959-10-30,2.5
1959-10-31,2.3
1959-11-01,2.2
1959-11-02,2.2
1959-11-03,2.2
1959-11-04,2.2
1959-11-05,2.2
1959-11-06,2.4
1959-11-07,2.7
1959-11-08,2.7
1959-11-09,2.8
1959-11-10,2.8
1959-11-11,2.8
1959-11-12,3.24
1959-11-13,3.24
1959-11-14,2.7
1959-11-15,2.4
1959-11-16,2.4
1959-11-17,2.4
1959-11-18,2.7
1959-11-19,2.8
1959-11-20,2.8
1959-11-21,2.7
1959-11-22,2.8
1959-11-23,3.13
1959-11-24,3.24
1959-11-25,3.24
1959-11-26,3.35
1959-11-27,3.46
1959-11-28,3.35
1959-11-29,3.46
1959-11-30,3.35
1959-12-01,3.68
1959-12-02,3.46
1959-12-03,3.35
1959-12-04,3.68
1959-12-05,3.68
1959-12-06,3.35
1959-12-07,3.9
1959-12-08,4.38
1959-12-09,4.26
1959-12-10,4.5
1959-12-11,4.62
1959-12-12,4.476
1959-12-13,4.332
1959-12-16,3.9
1959-12-17,3.9
1959-12-18,4.02
1959-12-19,4.62
1959-12-20,4.98
1959-12-21,4.74
1959-12-22,4.5
1959-12-23,4.38
1959-12-24,4.5
1959-12-25,4.5
1959-12-26,4.62
1959-12-27,4.74
1959-12-28,4.62
1959-12-29,4.5
1959-12-30,4.62
1959-12-31,4.5
1960-01-01,6.83
1960-01-02,6.88
1960-01-03,7.09
1960-01-04,6.87
1960-01-05,6.92
1960-01-06,6.88
1960-01-07,6.97
1960-01-08,7.13
1960-01-09,7.22
1960-01-10,7.52
1960-01-11,7.58
1960-01-12,7.12
1960-01-13,6.48
1960-01-14,6.32
1960-01-15,6.47
1960-01-16,7.05
1960-01-17,7.48
1960-01-18,7.66
1960-01-19,7.71
1960-01-20,7.73
1960-01-21,8.57
1960-01-22,9.02
1960-01-23,8.72
1960-01-24,8.63
1960-01-25,8.6
1960-01-26,8.19
1960-01-27,8.12
1960-01-28,8.12
1960-01-29,8.12
1960-01-30,7.91
1960-01-31,7.5
1960-02-01,7.5
1960-02-02,7.5
1960-02-03,7.92
1960-02-04,8.12
1960-02-05,8.12
1960-02-06,8.02
1960-02-07,7.88
1960-02-08,7.98
1960-02-09,7.63
1960-02-10,7.27
1960-02-11,7.2
1960-02-12,6.99
1960-02-13,6.99
1960-02-14,7.42
1960-02-15,7.99
1960-02-16,8.29
1960-02-17,8.97
1960-02-18,9.15
1960-02-19,8.57
1960-02-20,8.33
1960-02-21,8.2
1960-02-22,9.93
1960-02-23,8.28
1960-02-24,9.49
1960-02-25,9.49
1960-02-26,9.54
1960-02-27,9.31
1960-02-28,8.79
1960-02-29,8.4
1960-03-01,8.29
1960-03-02,8.93
1960-03-03,9.08
1960-03-04,9.04
1960-03-05,9.05
1960-03-06,8.86
1960-03-07,8.83
1960-03-08,8.29
1960-03-09,8.09
1960-03-10,8.04
1960-03-11,7.89
1960-03-12,7.66
1960-03-13,7.45
1960-03-14,7.37
1960-03-15,7.34
1960-03-16,7.21
1960-03-17,7.19
1960-03-18,7.39
1960-03-19,7.5
1960-03-20,7.5
1960-03-21,7.41
1960-03-22,7.24
1960-03-23,7.36
1960-03-24,7.45
1960-03-25,7.47
1960-03-26,7.43
1960-03-27,7.49
1960-03-28,7.47
1960-03-29,7.49
1960-03-30,7.37
1960-03-31,7.25
1960-04-01,7.28
1960-04-02,7.27
1960-04-03,7.34
1960-04-04,7.32
1960-04-05,7.37
1960-04-06,7.3
1960-04-07,7.09
1960-04-08,7.02
1960-04-09,6.94
1960-04-10,6.96
1960-04-11,6.94
1960-04-12,6.97
1960-04-13,7.02
1960-04-14,6.99
1960-04-15,7.11
1960-04-16,7.3
1960-04-17,7.3
1960-04-18,7.38
1960-04-19,7.38
1960-04-20,7.5
1960-04-21,7.5
1960-04-22,7.45
1960-04-23,7.24
1960-04-24,6.94
1960-04-25,6.93
1960-04-26,6.93
1960-04-27,6.91
1960-04-28,6.88
1960-04-29,6.93
1960-04-30,6.7
1960-05-01,6.5
1960-05-02,6.52
1960-05-03,6.71
1960-05-04,6.01
1960-05-05,6.26
1960-05-06,5.79
1960-05-07,5.7
1960-05-08,5.61
1960-05-09,5.55
1960-05-10,5.4
1960-05-11,5.09
1960-05-12,4.86
1960-05-13,4.86
1960-05-14,4.86
1960-05-15,4.94
1960-05-16,5.12
1960-05-17,5.38
1960-05-18,5.39
1960-05-19,5.55
1960-05-20,5.7
1960-05-21,5.7
1960-05-22,5.7
1960-05-23,5.78
1960-05-24,6.27
1960-05-25,6.34
1960-05-26,6.32
1960-05-27,6.32
1960-05-28,6.37
1960-05-29,6.37
1960-05-30,6.32
1960-05-31,6.31
1960-06-01,6.03
1960-06-02,6.24
1960-06-03,6.49
1960-06-04,6.61
1960-06-05,6.46
1960-06-06,6.35
1960-06-07,6.32
1960-06-08,6.32
1960-06-09,6.65
1960-06-10,6.88
1960-06-11,6.93
1960-06-12,6.91
1960-06-13,6.91
1960-06-14,6.91
1960-06-15,6.84
1960-06-16,6.48
1960-06-17,6.3
1960-06-18,6.46
1960-06-19,6.84
1960-06-20,6.88
1960-06-21,6.75
1960-06-22,6.62
1960-06-23,6.59
1960-06-24,6.6
1960-06-25,6.39
1960-06-26,6.46
1960-06-27,6.36
1960-06-28,6.32
1960-06-29,6.33
1960-06-30,6.46
1960-07-01,6.41
1960-07-02,6.25
1960-07-03,6.32
1960-07-04,6.58
1960-07-05,6.97
1960-07-06,7.08
1960-07-07,6.9
1960-07-08,6.66
1960-07-09,6.49
1960-07-10,6.32
1960-07-11,6.32
1960-07-12,6.32
1960-07-13,6.32
1960-07-14,6.32
1960-07-15,6.32
1960-07-16,6.25
1960-07-17,6.43
1960-07-18,7.02
1960-07-19,7.23
1960-07-20,5.29
1960-07-21,4.82
1960-07-22,4.73
1960-07-23,5.03
1960-07-24,4.85
1960-07-25,4.65
1960-07-26,4.56
1960-07-27,4.37
1960-07-28,4.08
1960-07-29,4.08
1960-07-30,4.24
1960-07-31,4.42
1960-08-01,4.6
1960-08-02,4.91
1960-08-03,5.03
1960-08-04,4.56
1960-08-05,4.3
1960-08-06,4.11
1960-08-07,4.04
1960-08-08,4.2
1960-08-09,4.39
1960-08-10,4.56
1960-08-11,4.56
1960-08-12,4.76
1960-08-13,5.06
1960-08-14,5.12
1960-08-15,5.04
1960-08-16,5.04
1960-08-17,5.06
1960-08-18,5.48
1960-08-19,6.01
1960-08-20,5.88
1960-08-21,5.38
1960-08-22,5.06
1960-08-23,5.19
1960-08-24,5.86
1960-08-25,6.19
1960-08-26,6.32
1960-08-27,6.27
1960-08-28,6.34
1960-08-29,6.14
1960-08-30,5.49
1960-08-31,4.79
1960-09-01,4.45
1960-09-02,4.37
1960-09-03,4.37
1960-09-04,4.12
1960-09-05,3.87
1960-09-06,3.71
1960-09-07,4.0
1960-09-08,4.29
1960-09-09,4.21
1960-09-10,3.87
1960-09-11,3.27
1960-09-12,3.27
1960-09-13,3.66
1960-09-14,3.69
1960-09-15,3.8
1960-09-16,3.87
1960-09-17,3.69
1960-09-18,3.71
1960-09-19,3.88
1960-09-20,3.88
1960-09-21,3.88
1960-09-22,3.75
1960-09-23,3.88
1960-09-24,3.88
1960-09-25,3.79
1960-09-26,3.71
1960-09-27,3.69
1960-09-28,3.87
1960-09-29,3.88
1960-09-30,4.03
1960-10-01,3.97
1960-10-02,3.88
1960-10-03,3.88
1960-10-04,3.81
1960-10-05,4.0
1960-10-06,4.04
1960-10-07,4.02
1960-10-08,3.88
1960-10-09,3.88
1960-10-10,3.97
1960-10-11,4.04
1960-10-12,4.02
1960-10-13,3.88
1960-10-14,3.89
1960-10-15,4.04
1960-10-16,4.04
1960-10-17,4.04
1960-10-18,3.88
1960-10-19,3.94
1960-10-20,5.28
1960-10-21,5.39
1960-10-22,5.39
1960-10-23,5.46
1960-10-24,5.74
1960-10-25,5.74
1960-10-26,5.38
1960-10-27,6.4
1960-10-28,6.5
1960-10-29,5.96
1960-10-30,5.48
1960-10-31,5.11
1960-11-01,4.86
1960-11-02,5.22
1960-11-03,5.86
1960-11-04,5.77
1960-11-05,5.31
1960-11-06,5.23
1960-11-07,5.01
1960-11-08,4.73
1960-11-09,4.75
1960-11-10,5.52
1960-11-11,6.28
1960-11-12,6.1
1960-11-13,5.78
1960-11-14,5.62
1960-11-15,5.7
1960-11-16,5.7
1960-11-17,5.7
1960-11-18,5.7
1960-11-19,5.7
1960-11-20,5.68
1960-11-21,5.54
1960-11-22,5.73
1960-11-23,5.773333333333333
1960-11-24,5.816666666666667
1960-12-01,6.12
1960-12-02,6.19
1960-12-03,5.86
1960-12-04,5.7
1960-12-05,5.7
1960-12-06,5.7
1960-12-07,5.87
1960-12-08,6.31
1960-12-09,6.52
1960-12-10,6.67
1960-12-11,6.62
1960-12-12,6.62
1960-12-13,6.81
1960-12-14,6.77
1960-12-15,6.92
1960-12-16,6.93875
1960-12-17,6.9575
1961-01-24,7.67
1961-01-25,7.5
1961-01-26,7.5
1961-01-27,7.5
1961-01-28,7.5
1961-01-29,7.27
1961-01-30,6.97
1961-01-31,6.98
1961-02-01,6.72
1961-02-02,5.86
1961-02-03,5.16
1961-02-04,4.9
1961-02-05,4.14
1961-02-06,3.65
1961-02-07,4.68
1961-02-08,5.25
1961-02-09,5.03
1961-02-10,4.93
1961-02-11,4.73
1961-02-12,4.62
1961-02-13,4.69
1961-02-14,4.93
1961-02-15,4.76
1961-02-16,4.71
1961-02-17,4.71
1961-02-18,4.81
1961-02-19,4.97
1961-02-20,4.99
1961-02-21,5.18
1961-02-22,5.29
1961-02-23,5.46
1961-02-24,6.24
1961-02-25,6.46
1961-02-26,6.52
1961-02-27,6.69
1961-02-28,6.67
1961-03-01,6.51
1961-03-02,6.26
1961-03-03,6.35
1961-03-04,6.55
1961-03-05,6.61
1961-03-06,6.62
1961-03-07,6.58
1961-03-08,6.58
1961-03-09,6.13
1961-03-10,6.01
1961-03-11,5.81
1961-03-12,5.7
1961-03-13,5.7
1961-03-14,6.0
1961-03-15,6.31
1961-03-16,6.32
1961-03-17,6.17
1961-03-18,6.27
1961-03-19,6.32
1961-03-20,5.96
1961-03-21,5.73
1961-03-22,5.7
1961-03-23,5.78
1961-03-24,6.3
1961-03-25,6.32
1961-03-26,6.31
1961-03-27,6.02
1961-03-28,5.71
1961-03-29,5.71
1961-03-30,6.13
1961-03-31,6.4
1961-04-01,6.5
1961-04-02,6.48
1961-04-03,6.33
1961-04-04,6.32
1961-04-05,5.81
1961-04-06,5.7
1961-04-07,5.7
1961-04-08,5.58
1961-04-09,5.7
1961-04-10,5.7
1961-04-11,5.66
1961-04-12,5.46
1961-04-13,5.35
1961-04-14,5.38
1961-04-15,5.3
1961-04-16,5.269108910891089
1961-04-17,5.238217821782178
1961-07-25,2.18
1961-07-26,2.18
1961-07-27,2.06
1961-07-28,2.05
1961-07-29,2.21
1961-07-30,2.39
1961-07-31,2.59
1961-08-01,3.02
1961-08-02,3.09
1961-08-03,2.92
1961-08-04,2.73
1961-08-05,2.59
1961-08-06,2.5
1961-08-07,2.34
1961-08-08,2.37
1961-08-09,2.6
1961-08-10,2.67
1961-08-11,2.95
1961-08-12,3.0
1961-08-13,3.11
1961-08-14,3.11
1961-08-15,3.0
1961-08-16,2.58
1961-08-17,2.22
1961-08-18,2.25
1961-08-19,2.17
1961-08-20,1.85
1961-08-21,1.78
1961-08-22,1.89
1961-08-23,2.18
1961-08-24,2.6
1961-08-25,2.7
1961-08-26,2.95
1961-08-27,3.0
1961-08-28,3.0
1961-08-29,2.81
1961-08-30,2.62
1961-08-31,2.78
1961-09-01,2.39
1961-09-02,1.9
1961-09-03,1.68
1961-09-04,1.81
1961-09-05,2.2
1961-09-06,2.57
1961-09-07,2.64
1961-09-08,2.41
1961-09-09,1.86
1961-09-10,1.52
1961-09-11,1.52
1961-09-12,1.59
1961-09-13,1.64
1961-09-14,1.64
1961-09-15,1.62
1961-09-16,1.67
1961-09-17,1.66
1961-09-18,1.34
1961-09-19,1.24
1961-09-20,1.27
1961-09-21,1.28
1961-09-22,1.3
1961-09-23,1.29
1961-09-24,1.27
1961-09-25,1.23
1961-09-26,1.23
1961-09-27,1.23
1961-09-28,1.28
1961-09-29,1.27
1961-09-30,1.25
1961-10-01,1.1
1961-10-02,0.9
1961-10-03,0.9
1961-10-04,0.9
1961-10-05,0.9
1961-10-06,0.9
1961-10-07,0.94
1961-10-08,1.05
1961-10-09,1.08
1961-10-10,1.07
1961-10-11,1.03
1961-10-12,1.07
1961-10-13,1.07
1961-10-14,1.07
1961-10-15,1.06
1961-10-16,1.02
1961-10-17,1.07
1961-10-18,1.07
1961-10-19,1.01
1961-10-20,1.06
1961-10-21,1.3383333333333334
1961-10-22,1.6166666666666667
1961-10-26,2.73
1961-10-27,2.62
1961-10-28,2.73
1961-10-29,3.16
1961-10-30,3.87
1961-10-31,3.51
1961-11-01,3.546216216216216
1961-11-02,3.5824324324324324
1961-12-07,4.85
1961-12-08,5.18
1961-12-09,5.4
1961-12-10,5.25
1961-12-11,5.31
1961-12-12,4.98
1961-12-13,5.01
1961-12-14,4.99
1961-12-15,5.01
1961-12-16,5.04
1961-12-17,4.96
1961-12-18,5.12
1961-12-19,5.37
1961-12-20,5.84
1961-12-21,6.1
1961-12-22,6.18
1961-12-23,5.5
1961-12-24,5.1
1961-12-25,5.1
1961-12-26,5.16
1961-12-27,5.04
1961-12-28,4.96
1961-12-29,4.96
1961-12-30,5.09
1961-12-31,5.55
1962-01-01,5.67
1962-01-02,5.52
1962-01-03,5.18
1962-01-04,5.53
1962-01-05,6.28
1962-01-06,6.58
1962-01-07,6.88
1962-01-08,6.77
1962-01-09,6.23
1962-01-10,5.99
1962-01-11,6.13
1962-01-12,6.3
1962-01-13,6.73
1962-01-14,6.54
1962-01-15,6.45
1962-01-16,6.45
1962-01-17,6.48
1962-01-18,6.46
1962-01-19,6.29
1962-01-20,6.29
1962-01-21,6.44
1962-01-22,6.65
1962-01-23,6.84
1962-01-24,6.46
1962-01-25,6.73
1962-01-26,8.32
1962-01-27,9.39
1962-01-28,9.01
1962-01-29,8.9
1962-01-30,8.63
1962-01-31,8.12
1962-02-01,8.57
1962-02-02,9.38
1962-02-03,10.36
1962-02-04,10.5
1962-02-05,9.53
1962-02-06,8.94
1962-02-07,9.01
1962-02-08,9.26
1962-02-09,9.96
1962-02-10,10.0
1962-02-11,10.06
1962-02-12,10.56
1962-02-13,10.24
1962-02-14,9.13
1962-02-15,8.29
1962-02-16,8.17
1962-02-17,8.08
1962-02-18,8.57
1962-02-19,7.93
1962-02-20,7.68
1962-02-21,7.45
1962-02-22,7.1
1962-02-23,7.08
1962-02-24,6.88
1962-02-25,6.75
1962-02-26,6.74
1962-02-27,6.69
1962-02-28,7.03
1962-03-01,7.01
1962-03-02,6.74
1962-03-03,6.6
1962-03-04,6.73
1962-03-05,6.8
1962-03-06,6.76
1962-03-07,6.6
1962-03-08,7.25
1962-03-09,9.13
1962-03-10,9.76
1962-03-11,9.55
1962-03-12,10.28
1962-03-13,10.66
1962-03-14,10.32
1962-03-15,8.89
1962-03-16,7.43
1962-03-17,6.89
1962-03-18,6.6
1962-03-19,6.55
1962-03-20,6.66
1962-03-21,6.79
1962-03-22,6.8
1962-03-23,6.9
1962-03-24,7.12
1962-03-25,7.38
1962-03-26,7.56
1962-03-27,7.45
1962-03-28,6.92
1962-03-29,6.8
1962-03-30,6.8
1962-03-31,6.99
1962-04-01,6.84
1962-04-02,6.8
1962-04-03,6.8
1962-04-04,6.8
1962-04-05,6.8
1962-04-06,6.8
1962-04-07,6.8
1962-04-08,6.8
1962-04-09,6.8
1962-04-10,6.8
1962-04-11,6.61
1962-04-12,6.21
1962-04-13,6.2
1962-04-14,6.2
1962-04-15,6.11
1962-04-16,5.77
1962-04-17,5.5
1962-04-18,5.27
1962-04-19,5.28
1962-04-20,5.35
1962-04-21,5.05
1962-04-22,4.71
1962-04-23,4.4
1962-04-24,4.37
1962-04-25,4.37
1962-04-26,4.26
1962-04-27,4.15
1962-04-28,4.08
1962-04-29,4.05
1962-04-30,4.15
1962-05-01,4.15
1962-05-02,4.15
1962-05-03,4.15
1962-05-04,4.08
1962-05-05,3.62
1962-05-06,3.36
1962-05-07,3.02
1962-05-08,2.91
1962-05-09,2.8
1962-05-10,3.03
1962-05-11,3.41
1962-05-12,3.49
1962-05-13,4.02
1962-05-14,4.09
1962-05-15,4.12
1962-05-16,4.21
1962-05-17,4.08
1962-05-18,3.92
1962-05-19,3.33
1962-05-20,2.76
1962-05-21,2.36
1962-05-22,2.03
1962-05-23,2.05
1962-05-24,2.02
1962-05-25,1.68
1962-05-26,1.83
1962-05-27,1.93
1962-05-28,2.17
1962-05-29,2.37
1962-05-30,2.57
1962-05-31,2.69
1962-06-01,2.96
1962-06-02,2.87
1962-06-03,2.74
1962-06-04,2.4
1962-06-05,2.28
1962-06-06,2.05
1962-06-07,1.74
1962-06-08,1.8
1962-06-09,2.23
1962-06-10,2.6
1962-06-11,2.54
1962-06-12,2.38
1962-06-13,2.27
1962-06-14,2.37
1962-06-15,2.57
1962-06-16,2.57
1962-06-17,2.57
1962-06-18,2.57
1962-06-19,2.57
1962-06-20,2.62
1962-06-21,2.59
1962-06-22,2.57
1962-06-23,2.55
1962-06-24,2.46
1962-06-25,2.11
1962-06-26,1.85
1962-06-27,1.61
1962-06-28,1.48
1962-06-29,1.46
1962-06-30,1.52
1962-07-01,1.54
1962-07-02,1.54
1962-07-03,1.53
1962-07-04,1.51
1962-07-05,1.57
1962-07-06,1.66
1962-07-07,1.79
1962-07-08,1.9
1962-07-09,1.85
1962-07-10,1.7
1962-07-11,1.6
1962-07-12,1.58
1962-07-13,1.57
1962-07-14,1.56
1962-07-15,1.6
1962-07-16,1.69
1962-07-17,1.83
1962-07-18,1.9
1962-07-19,1.75
1962-07-20,1.9
1962-07-21,1.6
1962-07-22,1.75
1962-07-23,1.75
1962-07-24,1.6
1962-07-25,1.75
1962-07-26,1.9
1962-07-27,1.9
1962-07-28,1.9
1962-07-29,2.05
1962-07-30,2.05
1962-07-31,1.9
1962-08-01,2.05
1962-08-02,2.05
1962-08-03,2.09
1962-08-04,2.15
1962-08-05,2.15
1962-08-06,2.34
1962-08-07,2.15
1962-08-08,2.03
1962-08-09,1.93
1962-08-10,1.84
1962-08-11,1.71
1962-08-12,1.63
1962-08-13,1.55
1962-08-14,1.58
1962-08-15,1.65
1962-08-16,1.73
1962-08-17,1.48
1962-08-18,1.39
1962-08-19,1.54
1962-08-20,1.7
1962-08-21,1.63
1962-08-22,1.3
1962-08-23,1.3
1962-08-24,1.4
1962-08-25,1.4
1962-08-26,1.5
1962-08-27,1.5
1962-08-28,1.5
1962-08-29,1.6
1962-08-30,1.7
1962-08-31,1.6
1962-09-01,1.6
1962-09-02,1.5
1962-09-03,1.7
1962-09-04,1.6
1962-09-05,1.7
1962-09-06,1.7
1962-09-07,1.5
1962-09-08,1.6
1962-09-09,1.6
1962-09-10,1.5
1962-09-11,1.5
1962-09-12,1.5
1962-09-13,1.5
1962-09-14,1.63
1962-09-15,1.73
1962-09-16,1.7
1962-09-17,1.76
1962-09-18,2.14
1962-09-19,2.52
1962-09-20,2.72
1962-09-21,2.47
1962-09-22,2.0
1962-09-23,1.76
1962-09-24,1.74
1962-09-25,1.83
1962-09-26,4.38
1962-09-27,6.0
1962-09-28,4.34
1962-09-29,3.53
1962-09-30,3.13
1962-10-01,2.74
1962-10-02,2.43
1962-10-03,2.15
1962-10-04,2.05
1962-10-05,1.93
1962-10-06,2.07
1962-10-07,2.5
1962-10-08,2.79
1962-10-09,2.63
1962-10-10,2.19
1962-10-11,2.39
1962-10-12,2.56
1962-10-13,2.65
1962-10-14,2.47
1962-10-15,2.17
1962-10-16,2.170172413793104
1962-10-17,2.1703448275862067
1962-12-12,2.18
1962-12-13,1.97
1962-12-14,1.96
1962-12-15,1.85
1962-12-16,1.94
1962-12-17,2.25
1962-12-18,2.52
1962-12-19,2.73
1962-12-20,2.75
1962-12-21,2.79
1962-12-22,2.81
1962-12-23,2.84
1962-12-24,2.63
1962-12-25,2.38
1962-12-26,2.22
1962-12-27,2.34
1962-12-28,2.3
1962-12-29,2.38
1962-12-30,2.62
1962-12-31,2.6
1963-01-01,2.32
1963-01-02,2.77
1963-01-03,2.7
1963-01-04,2.38
1963-01-05,2.23
1963-01-06,2.08
1963-01-07,2.0725
1963-01-08,2.065
1963-01-18,1.99
1963-01-19,1.89
1963-01-20,2.11
1963-01-21,2.25
1963-01-22,2.29
1963-01-23,2.31
1963-01-24,2.31
1963-01-25,2.32
1963-01-26,2.37
1963-01-27,2.31
1963-01-28,2.74
1963-01-29,3.03
1963-01-30,3.05
1963-01-31,2.93
1963-02-01,2.72
1963-02-02,2.58
1963-02-03,2.48
1963-02-04,2.7
1963-02-05,2.692727272727273
1963-02-06,2.685454545454545
1963-02-15,2.62
1963-02-16,2.45
1963-02-17,2.21
1963-02-18,2.02
1963-02-19,1.94
1963-02-20,1.9
1963-02-21,1.86
1963-02-22,1.84
1963-02-23,1.69
1963-02-24,1.8
1963-02-25,1.99
1963-02-26,1.95
1963-02-27,2.03
1963-02-28,2.52
1963-03-01,2.6884615384615387
1963-03-02,2.856923076923077
1963-03-13,4.71
1963-03-14,3.99
1963-03-15,3.76
1963-03-16,3.55
1963-03-17,3.74
1963-03-18,4.24
1963-03-19,4.45
1963-03-20,4.73
1963-03-21,5.05
1963-03-22,5.25
1963-03-23,5.84
1963-03-24,7.11
1963-03-25,7.57
1963-03-26,7.53
1963-03-27,6.93
1963-03-28,6.29
1963-03-29,5.95
1963-03-30,5.72
1963-03-31,5.47
1963-04-01,4.97
1963-04-02,4.56
1963-04-03,4.2
1963-04-04,3.91
1963-04-05,3.68
1963-04-06,3.6294736842105264
1963-04-07,3.5789473684210527
1963-04-24,2.72
1963-04-25,2.71
1963-04-26,2.57
1963-04-27,2.51
1963-04-28,2.35
1963-04-29,2.13
1963-04-30,1.95
1963-05-01,2.2
1963-05-02,2.1
1963-05-03,2.0
1963-05-04,2.14
1963-05-05,2.17
1963-05-06,2.03
1963-05-07,1.81
1963-05-08,1.66
1963-05-09,1.61
1963-05-10,1.65
1963-05-11,1.68
1963-05-12,1.67
1963-05-13,1.68
1963-05-14,1.68
1963-05-15,1.86
1963-05-16,1.95
1963-05-17,1.92
1963-05-18,1.71
1963-05-19,1.72
1963-05-20,1.63
1963-05-21,1.67
1963-05-22,1.53
1963-05-23,1.52
1963-05-24,1.61
1963-05-25,1.76
1963-05-26,1.71
1963-05-27,1.59
1963-05-28,1.52
1963-05-29,1.43
1963-05-30,1.42
1963-05-31,1.39
1963-06-01,1.38
1963-06-02,1.38
1963-06-03,1.38
1963-06-04,1.43
1963-06-05,1.47
1963-06-06,1.68
1963-06-07,1.76
1963-06-08,1.9
1963-06-09,1.99
1963-06-10,2.01
1963-06-11,1.98
1963-06-12,1.88
1963-06-13,1.68
1963-06-14,1.67
1963-06-15,1.59
1963-06-16,1.64
1963-06-17,1.62
1963-06-18,1.56
1963-06-19,1.46
1963-06-20,1.23
1963-06-21,1.11
1963-06-22,1.11
1963-06-23,1.12
1963-06-24,1.11
1963-06-25,1.18
1963-06-26,1.2
1963-06-27,1.22
1963-06-28,1.22
1963-06-29,1.18
1963-06-30,1.15
1963-07-01,1.21
1963-07-02,1.26
1963-07-03,1.35
1963-07-04,1.4
1963-07-05,1.41
1963-07-06,1.6
1963-07-07,1.49
1963-07-08,1.52
1963-07-09,1.46
1963-07-10,1.45
1963-07-11,1.47
1963-07-12,1.5
1963-07-13,1.49
1963-07-14,1.42
1963-07-15,1.29
1963-07-16,1.28
1963-07-17,1.32
1963-07-18,1.32
1963-07-19,1.41
1963-07-20,1.44
1963-07-21,1.52
1963-07-22,1.54
1963-07-23,1.49
1963-07-24,1.22
1963-07-25,1.04
1963-07-26,1.02
1963-07-27,1.04
1963-07-28,1.05
1963-07-29,1.03
1963-07-30,1.02
1963-07-31,1.05
1963-08-01,1.14
1963-08-02,1.43
1963-08-03,1.52
1963-08-04,1.48
1963-08-05,1.45
1963-08-06,1.48
1963-08-07,1.45
1963-08-08,1.38
1963-08-09,1.43
1963-08-10,1.47
1963-08-11,1.3
1963-08-12,1.27
1963-08-13,1.33
1963-08-14,1.35
1963-08-15,1.39
1963-08-16,1.5
1963-08-17,1.63
1963-08-18,1.61
1963-08-19,1.61
1963-08-20,1.55
1963-08-21,1.39
1963-08-22,1.42
1963-08-23,1.45
1963-08-24,1.51
1963-08-25,1.69
1963-08-26,1.86
1963-08-27,1.87
1963-08-28,1.9
1963-08-29,1.95
1963-08-30,2.05
1963-08-31,2.13
1963-09-01,1.85
1963-09-02,1.5
1963-09-03,1.41
1963-09-04,1.34
1963-09-05,1.34
1963-09-06,1.4
1963-09-07,1.47
1963-09-08,1.56
1963-09-09,1.48
1963-09-10,1.31
1963-09-11,1.23
1963-09-12,1.31
1963-09-13,1.45
1963-09-14,1.57
1963-09-15,1.72
1963-09-16,1.85
1963-09-17,1.77
1963-09-18,1.51
1963-09-19,1.43
1963-09-20,1.53
1963-09-21,1.57
1963-09-22,1.54
1963-09-23,1.76
1963-09-24,1.67
1963-09-25,1.69
1963-09-26,1.9
1963-09-27,2.05
1963-09-28,2.1
1963-09-29,1.95
1963-09-30,1.95
1963-10-01,1.88
1963-10-02,1.81
1963-10-09,1.32
1963-10-10,1.24
1963-10-11,1.27
1963-10-12,1.36
1963-10-13,1.35
1963-10-14,1.41
1963-10-15,1.69
1963-10-16,1.85
1963-10-17,1.94
1963-10-18,1.8
1963-10-19,1.49
1963-10-20,1.26
1963-10-21,1.28
1963-10-22,1.42
1963-10-23,1.52
1963-10-24,1.58
1963-10-25,1.78
1963-10-26,2.01
1963-10-27,2.01
1963-10-28,1.92
1963-10-29,1.84
1963-10-30,1.86
1963-10-31,1.92
1963-11-01,1.95
1963-11-02,2.15
1963-11-03,2.25
1963-11-04,2.37
1963-11-05,2.78
1963-11-06,2.71
1963-11-07,2.44
1963-11-08,2.06
1963-11-09,1.9
1963-11-10,1.86
1963-11-11,1.89
1963-11-12,1.91
1963-11-13,1.96
1963-11-14,1.95
1963-11-15,1.9
1963-11-16,1.83
1963-11-17,2.02
1963-11-18,2.16
1963-11-19,2.17
1963-11-20,2.22
1963-11-21,2.53
1963-11-22,3.12
1963-11-23,3.27
1963-11-24,3.31
1963-11-25,3.11
1963-11-26,2.7
1963-11-27,2.35
1963-11-28,1.78
1963-11-29,2.36
1963-11-30,2.5
1963-12-01,2.54
1963-12-02,2.66
1963-12-03,2.94
1963-12-04,3.32
1963-12-05,3.29
1963-12-06,3.27
1963-12-07,3.29
1963-12-08,3.17
1963-12-09,2.97
1963-12-10,2.85
1963-12-11,2.9
1963-12-12,3.13
1963-12-13,3.38
1963-12-14,3.53
1963-12-15,3.59
1963-12-16,3.66
1963-12-17,3.65
1963-12-18,3.95
1963-12-19,3.96
1963-12-20,3.74
1963-12-21,3.54
1963-12-22,3.43
1963-12-23,3.39
1963-12-24,3.26
1963-12-25,3.35
1963-12-26,3.52
1963-12-27,3.57
1963-12-28,3.62
1963-12-29,3.66
1963-12-30,3.69
1963-12-31,3.81
1964-01-01,3.62
1964-01-02,3.47
1964-01-03,3.49
1964-01-04,3.5
1964-01-05,3.51
1964-01-06,3.52
1964-01-07,3.53
1964-01-08,3.67
1964-01-09,3.86
1964-01-10,4.15
1964-01-11,4.26
1964-01-12,4.24
1964-01-13,4.1
1964-01-14,4.07
1964-01-15,4.16
1964-01-16,4.32
1964-01-17,4.51
1964-01-18,4.53
1964-01-19,4.51
1964-01-20,4.64
1964-01-21,4.9
1964-01-22,5.16
1964-01-23,5.19
1964-01-24,4.93
1964-01-25,4.62
1964-01-26,4.38
1964-01-27,4.18
1964-01-28,3.95
1964-01-29,3.97
1964-01-30,3.99
1964-01-31,3.69
1964-02-01,3.44
1964-02-02,3.3
1964-02-03,3.39
1964-02-04,3.29
1964-02-05,3.35
1964-02-06,3.41
1964-02-07,3.46
1964-02-08,3.48
1964-02-09,3.48
1964-02-10,3.51
1964-02-11,3.54
1964-02-12,3.72
1964-02-13,3.9
1964-02-14,4.3
1964-02-15,4.55
1964-02-16,4.73
1964-02-17,4.6
1964-02-18,4.51
1964-02-19,4.53
1964-02-20,4.77
1964-02-21,4.65
1964-02-22,4.65
1964-02-23,4.7
1964-02-24,4.35
1964-02-25,3.91
1964-02-26,3.53
1964-02-27,3.37
1964-02-28,4.44
1964-02-29,3.43
1964-03-01,3.48
1964-03-02,3.58
1964-03-03,3.47
1964-03-04,3.51
1964-03-05,3.48
1964-03-06,3.49
1964-03-07,3.45
1964-03-08,3.4
1964-03-09,3.28
1964-03-10,3.42
1964-03-11,3.48
1964-03-12,3.63
1964-03-13,3.53
1964-03-14,3.44
1964-03-15,3.44
1964-03-16,3.44
1964-03-17,3.44
1964-03-18,3.4
1964-03-19,3.43
1964-03-20,3.61
1964-03-21,3.49
1964-03-22,3.36
1964-03-23,3.28
1964-03-24,3.24
1964-03-25,3.24
1964-03-26,3.3
1964-03-27,3.57
1964-03-28,3.45
1964-03-29,3.44
1964-03-30,3.5
1964-03-31,3.51
1964-04-01,3.52
1964-04-02,3.53
1964-04-03,3.64
1964-04-04,3.52
1964-04-05,3.43
1964-04-06,3.32
1964-04-07,3.21
1964-04-08,3.27
1964-04-09,3.44
1964-04-10,3.42
1964-04-11,3.34
1964-04-12,3.16
1964-04-13,3.05
1964-04-14,3.06
1964-04-15,3.05
1964-04-16,3.0
1964-04-17,2.91
1964-04-18,2.83
1964-04-19,2.78
1964-04-20,2.67
1964-04-21,2.58
1964-04-22,2.82
1964-04-23,2.84
1964-04-24,2.86
1964-04-25,2.85
1964-04-26,2.73
1964-04-27,2.82
1964-04-28,2.84
1964-04-29,3.0
1964-04-30,3.13
1964-05-01,3.18
1964-05-02,3.09
1964-05-03,3.05
1964-05-04,3.02
1964-05-05,2.91
1964-05-06,2.87
1964-05-07,2.81
1964-05-08,2.73
1964-05-09,2.58
1964-05-10,2.52
1964-05-11,2.51
1964-05-12,2.52
1964-05-13,2.4
1964-05-14,2.21
1964-05-15,2.07
1964-05-16,2.17
1964-05-17,2.04
1964-05-18,2.08
1964-05-19,2.13
1964-05-20,2.17
1964-05-21,2.23
1964-05-22,2.33
1964-05-23,2.24
1964-05-24,2.16
1964-05-25,2.13
1964-05-26,2.0
1964-05-27,1.88
1964-05-28,1.87
1964-05-29,1.83
1964-05-30,1.81
1964-05-31,1.8
1964-06-01,1.84
1964-06-02,1.84
1964-06-03,1.83
1964-06-04,1.82
1964-06-05,1.82
1964-06-06,1.71
1964-06-07,1.69
1964-06-08,1.66
1964-06-09,1.64
1964-06-10,1.66
1964-06-11,1.72
1964-06-12,1.81
1964-06-13,1.85
1964-06-14,1.73
1964-06-15,1.47
1964-06-16,1.38
1964-06-17,1.3
1964-06-18,1.25
1964-06-19,1.23
1964-06-20,1.25
1964-06-21,1.23
1964-06-22,1.24
1964-06-23,1.27
1964-06-24,1.35
1964-06-25,1.4
1964-06-26,1.34
1964-06-27,1.2
1964-06-28,1.15
1964-06-29,1.23
1964-06-30,1.32
1964-07-01,1.43
1964-07-02,1.51
1964-07-03,1.54
1964-07-04,1.55
1964-07-05,1.62
1964-07-06,1.66
1964-07-07,1.67
1964-07-08,1.68
1964-07-09,1.61
1964-07-10,1.49
1964-07-11,1.41
1964-07-12,1.47
1964-07-13,1.48
1964-07-14,1.49
1964-07-15,1.53
1964-07-16,1.62
1964-07-17,1.7
1964-07-18,1.79
1964-07-19,1.84
1964-07-20,1.78
1964-07-21,1.78
1964-07-22,1.83
1964-07-23,1.71
1964-07-24,1.57
1964-07-25,1.53
1964-07-26,1.49
1964-07-27,1.44
1964-07-28,1.41
1964-07-29,1.4
1964-07-30,1.42
1964-07-31,1.44
1964-08-01,1.45
1964-08-02,1.41
1964-08-03,1.44
1964-08-04,1.43
1964-08-05,1.43
1964-08-06,1.43
1964-08-07,1.43
1964-08-08,1.48
1964-08-09,1.54
1964-08-10,1.48
1964-08-11,1.33
1964-08-12,1.24
1964-08-13,1.23
1964-08-14,1.25
1964-08-15,1.35
1964-08-16,1.48
1964-08-17,1.43
1964-08-18,1.39
1964-08-19,1.33
1964-08-20,1.31
1964-08-21,1.32
1964-08-22,1.26
1964-08-23,1.24
1964-08-24,1.3
1964-08-25,1.41
1964-08-26,1.37
1964-08-27,1.29
1964-08-28,1.17
1964-08-29,0.99
1964-08-30,0.86
1964-08-31,0.79
1964-09-01,0.76
1964-09-02,0.76
1964-09-03,0.76
1964-09-04,0.82
1964-09-05,0.94
1964-09-06,1.04
1964-09-07,1.1
1964-09-08,1.06
1964-09-09,1.06
1964-09-10,1.03
1964-09-11,1.06
1964-09-12,1.01
1964-09-13,0.91
1964-09-14,0.82
1964-09-15,0.8
1964-09-16,0.86
1964-09-17,1.0
1964-09-18,1.1
1964-09-19,1.1
1964-09-20,1.1
1964-09-21,1.1
1964-09-22,1.1
1964-09-23,1.15
1964-09-24,1.2
1964-09-25,1.15
1964-09-26,1.16
1964-09-27,0.89
1964-09-28,0.6
1964-09-29,0.64
1964-09-30,0.64
1964-10-01,0.68
1964-10-02,0.68
1964-10-03,0.68
1964-10-04,0.69
1964-10-05,0.71
1964-10-06,0.76
1964-10-07,0.67
1964-10-08,0.69
1964-10-09,0.66
1964-10-10,0.69
1964-10-11,0.75
1964-10-12,0.74
1964-10-13,0.7
1964-10-14,0.68
1964-10-15,0.79
1964-10-16,0.96
1964-10-17,1.31
1964-10-18,1.49
1964-10-19,1.45
1964-10-20,1.41
1964-10-21,1.41
1964-10-22,1.53
1964-10-23,1.75
1964-10-24,1.86
1964-10-25,1.99
1964-10-26,2.2
1964-10-27,2.18
1964-10-28,2.0
1964-10-29,1.99
1964-10-30,1.97
1964-10-31,1.88
1964-11-01,1.88
1964-11-02,2.12
1964-11-03,2.58
1964-11-04,2.86
1964-11-05,2.78
1964-11-06,2.57
1964-11-07,2.4
1964-11-08,2.21
1964-11-09,2.21
1964-11-10,2.18
1964-11-11,2.14
1964-11-12,2.04
1964-11-13,1.91
1964-11-14,1.89
1964-11-15,1.86
1964-11-16,1.9
1964-11-17,1.98
1964-11-18,1.6
1964-11-19,2.36
1964-11-20,2.48
1964-11-21,2.28
1964-11-22,2.07
1964-11-23,1.96
1964-11-24,1.91
1964-11-25,1.88
1964-11-26,1.82
1964-11-27,1.81
1964-11-28,1.82
1964-11-29,1.88
1964-11-30,1.96
1964-12-01,2.0
1964-12-02,2.09
1964-12-03,2.23
1964-12-04,2.18
1964-12-05,2.03
1964-12-06,1.98
1964-12-07,1.85
1964-12-08,1.84
1964-12-09,1.83
1964-12-10,1.98
1964-12-11,2.04
1964-12-12,2.12
1964-12-13,2.17
1964-12-14,2.16
1964-12-15,2.3
1964-12-16,2.43
1964-12-17,2.41
1964-12-18,2.28
1964-12-19,2.15
1964-12-20,2.17
1964-12-21,2.24
1964-12-22,2.37
1964-12-23,2.5
1964-12-24,2.25
1964-12-25,1.97
1964-12-26,2.13
1964-12-27,2.22
1964-12-28,2.23
1964-12-29,1.89
1964-12-30,1.72
1964-12-31,1.85
1965-01-01,1.79
1965-01-02,1.72
1965-01-03,1.7
1965-01-04,1.68
1965-01-05,1.68
1965-01-06,1.69
1965-01-07,1.85
1965-01-08,1.85
1965-01-09,1.85
1965-01-10,1.83
1965-01-11,1.76
1965-01-12,1.71
1965-01-13,1.71
1965-01-14,1.72
1965-01-15,1.84
1965-01-16,2.14
1965-01-17,2.48
1965-01-18,2.42
1965-01-19,2.3
1965-01-20,2.28
1965-01-21,2.24
1965-01-22,2.38
1965-01-23,2.64
1965-01-24,2.86
1965-01-25,2.9
1965-01-26,2.9
1965-01-27,2.9
1965-01-28,2.94
1965-01-29,2.85
1965-01-30,2.74
1965-01-31,2.88
1965-02-01,3.01
1965-02-02,3.1
1965-02-03,3.09
1965-02-04,2.94
1965-02-05,2.89
1965-02-06,2.86
1965-02-07,2.69
1965-02-08,2.81
1965-02-09,3.81
1965-02-10,3.49
1965-02-11,3.47
1965-02-12,3.12
1965-02-13,3.5
1965-02-14,3.14
1965-02-15,3.29
1965-02-16,3.11
1965-02-17,2.83
1965-02-18,2.82
1965-02-19,3.13
1965-02-20,3.51
1965-02-21,3.83
1965-02-22,3.83
1965-02-23,3.77
1965-02-24,3.8
1965-02-25,3.66
1965-02-26,3.42
1965-02-27,3.54
1965-02-28,3.56
1965-03-01,3.54
1965-03-02,3.47
1965-03-03,3.46
1965-03-04,3.6
1965-03-05,3.86
1965-03-06,4.19
1965-03-07,4.2
1965-03-08,4.2
1965-03-09,4.15
1965-03-10,4.03
1965-03-11,3.93
1965-03-12,3.77
1965-03-13,3.72
1965-03-14,3.75
1965-03-15,3.57
1965-03-16,3.41
1965-03-17,3.31
1965-03-18,3.34
1965-03-19,3.48
1965-03-20,3.35
1965-03-21,3.25
1965-03-22,3.13
1965-03-23,3.06
1965-03-24,2.91
1965-03-25,2.92
1965-03-26,3.04
1965-03-27,2.95
1965-03-28,2.93
1965-03-29,3.06
1965-03-30,2.74
1965-03-31,2.68
1965-04-01,2.697142857142857
1965-04-02,2.7142857142857144
1965-04-14,2.92
1965-04-15,2.82
1965-04-16,2.72
1965-04-17,2.71
1965-04-18,2.79
1965-04-19,2.66
1965-04-20,2.51
1965-04-21,2.49
1965-04-22,2.46
1965-04-23,2.48
1965-04-24,2.29
1965-04-25,2.07
1965-04-26,1.96
1965-04-27,1.96
1965-04-28,2.36
1965-04-29,2.68
1965-04-30,2.87
1965-05-01,2.94
1965-05-02,2.71
1965-05-03,2.41
1965-05-04,2.24
1965-05-05,2.16
1965-05-06,2.12
1965-05-07,2.14
1965-05-08,2.19
1965-05-09,2.27
1965-05-10,2.35
1965-05-11,2.35
1965-05-12,2.35
1965-05-13,2.35
1965-05-14,2.23
1965-05-15,2.17
1965-05-16,2.15
1965-05-17,2.04
1965-05-18,1.96
1965-05-19,1.88
1965-05-20,1.86
1965-05-21,1.84
1965-05-22,1.85
1965-05-23,1.79
1965-05-24,1.76
1965-05-25,1.81
1965-05-26,1.84
1965-05-27,1.8
1965-05-28,1.8
1965-05-29,1.85
1965-05-30,1.87
1965-05-31,1.86
1965-06-01,1.85
1965-06-02,1.81
1965-06-03,1.7
1965-06-04,1.56
1965-06-05,1.49
1965-06-06,1.58
1965-06-07,1.63
1965-06-08,1.67
1965-06-09,1.64
1965-06-10,1.57
1965-06-11,1.6
1965-06-12,1.65
1965-06-13,1.7
1965-06-14,1.72
1965-06-15,1.74
1965-06-16,1.7
1965-06-17,1.71
1965-06-18,1.76
1965-06-19,1.66
1965-06-20,1.64
1965-06-21,1.63
1965-06-22,1.62
1965-06-23,1.59
1965-06-24,1.6
1965-06-25,1.62
1965-06-26,1.59
1965-06-27,1.5
1965-06-28,1.48
1965-06-29,1.47
1965-06-30,1.47
1965-07-01,1.43
1965-07-02,1.45
1965-07-03,1.45
1965-07-04,1.48
1965-07-05,1.47
1965-07-06,1.47
1965-07-07,1.49
1965-07-08,1.47
1965-07-09,1.38
1965-07-10,1.32
1965-07-11,1.38
1965-07-12,1.37
1965-07-13,1.25
1965-07-14,1.26
1965-07-15,1.29
1965-07-16,1.43
1965-07-17,1.58
1965-07-18,1.72
1965-07-19,1.82
1965-07-20,1.85
1965-07-21,1.82
1965-07-22,1.64
1965-07-23,1.54
1965-07-24,1.5
1965-07-25,1.48
1965-07-26,1.54
1965-07-27,1.57
1965-07-28,1.61
1965-07-29,1.49
1965-07-30,1.41
1965-07-31,1.36
1965-08-01,1.4
1965-08-02,1.49
1965-08-03,1.63
1965-08-04,1.69
1965-08-05,1.55
1965-08-06,1.43
1965-08-07,1.48
1965-08-08,1.41
1965-08-09,1.39
1965-08-10,1.4
1965-08-11,1.43
1965-08-12,1.48
1965-08-13,1.44
1965-08-14,1.49
1965-08-15,1.56
1965-08-16,1.68
1965-08-17,1.79
1965-08-18,1.9
1965-08-19,1.94
1965-08-20,1.86
1965-08-21,1.71
1965-08-22,1.65
1965-08-23,1.61
1965-08-24,1.5
1965-08-25,1.46
1965-08-26,1.47
1965-08-27,1.46
1965-08-28,1.33
1965-08-29,1.27
1965-08-30,1.35
1965-08-31,1.46
1965-09-01,1.58
1965-09-02,1.67
1965-09-03,1.81
1965-09-04,1.76
1965-09-05,1.66
1965-09-06,1.71
1965-09-07,1.66
1965-09-08,1.63
1965-09-09,1.65
1965-09-10,1.64
1965-09-11,1.63
1965-09-12,1.61
1965-09-13,1.67
1965-09-14,1.72
1965-09-15,1.73
1965-09-16,1.68
1965-09-17,1.64
1965-09-18,1.64
1965-09-19,1.69
1965-09-20,1.66
1965-09-21,1.7
1965-09-22,1.72
1965-09-23,1.72
1965-09-24,1.79
1965-09-25,1.87
1965-09-26,1.85
1965-09-27,1.9
1965-09-28,2.02
1965-09-29,2.08
1965-09-30,2.06
1965-10-01,2.1
1965-10-02,2.14
1965-10-03,2.18
1965-10-04,2.12
1965-10-05,2.02
1965-10-06,1.95
1965-10-07,1.83
1965-10-08,1.87
1965-10-09,1.87
1965-10-10,1.83
1965-10-11,1.83
1965-10-12,1.85
1965-10-13,1.84
1965-10-14,1.99
1965-10-15,2.13
1965-10-16,2.27
1965-10-17,2.35
1965-10-18,2.4
1965-10-19,2.47
1965-10-20,2.67
1965-10-21,2.89
1965-10-22,2.82
1965-10-23,2.68
1965-10-24,2.48
1965-10-25,2.66
1965-10-26,2.98
1965-10-27,3.08
1965-10-28,3.06
1965-10-29,3.04
1965-10-30,3.04
1965-10-31,2.95
1965-11-01,2.96
1965-11-02,3.07
1965-11-03,3.22
1965-11-04,3.31
1965-11-05,3.25
1965-11-06,3.05
1965-11-07,2.72
1965-11-08,2.59
1965-11-09,2.61
1965-11-10,2.71
1965-11-11,2.85
1965-11-12,2.85
1965-11-13,2.97
1965-11-14,3.12
1965-11-15,3.28
1965-11-16,3.45
1965-11-17,3.61
1965-11-18,3.77
1965-11-19,3.88
1965-11-20,3.82
1965-11-21,3.6
1965-11-22,3.42
1965-11-23,3.06
1965-11-24,2.92
1965-11-25,2.9
1965-11-26,2.9
1965-11-27,2.89
1965-11-28,2.89
1965-11-29,3.06
1965-11-30,3.26
1965-12-01,3.3
1965-12-02,3.33
1965-12-03,3.46
1965-12-04,3.62
1965-12-05,3.8
1965-12-06,3.8
1965-12-07,3.68
1965-12-08,3.35
1965-12-09,3.35
1965-12-10,3.55
1965-12-11,3.67
1965-12-12,3.83
1965-12-13,4.03
1965-12-14,4.27
1965-12-15,4.59
1965-12-16,4.63
1965-12-17,4.37
1965-12-18,4.05
1965-12-19,3.93
1965-12-20,3.82
1965-12-21,3.66
1965-12-22,3.58
1965-12-23,3.55
1965-12-24,3.71
1965-12-25,4.0
1965-12-26,3.88
1965-12-27,3.78
1965-12-28,3.42
1965-12-29,3.53
1965-12-30,3.84
1965-12-31,4.32
1966-01-01,4.47
1966-01-02,4.61
1966-01-03,4.57
1966-01-04,4.54
1966-01-05,4.52
1966-01-06,4.34
1966-01-07,4.21
1966-01-08,4.14
1966-01-09,4.02
1966-01-10,3.91
1966-01-11,3.9
1966-01-12,3.82
1966-01-13,3.69
1966-01-14,3.66
1966-01-15,3.6
1966-01-16,3.44
1966-01-17,3.28
1966-01-18,3.17
1966-01-19,3.25
1966-01-20,3.44
1966-01-21,3.56
1966-01-22,4.07
1966-01-23,3.75
1966-01-24,3.64
1966-01-25,3.55
1966-01-26,3.74
1966-01-27,3.58
1966-01-28,3.58
1966-01-29,3.89
1966-01-30,4.13
1966-01-31,4.39
1966-02-01,4.51
1966-02-02,4.43
1966-02-03,4.54
1966-02-04,4.86
1966-02-05,5.13
1966-02-06,5.11
1966-02-07,4.83
1966-02-08,4.43
1966-02-09,4.15
1966-02-10,4.07
1966-02-11,4.2
1966-02-12,4.47
1966-02-13,4.61
1966-02-14,4.35
1966-02-15,4.85
1966-02-16,4.82
1966-02-17,4.82
1966-02-18,4.81
1966-02-19,4.82
1966-02-20,4.78
1966-02-21,4.82
1966-02-22,4.12
1966-02-23,4.03
1966-02-24,4.22
1966-02-25,4.34
1966-02-26,4.28
1966-02-27,4.15
1966-02-28,4.09
1966-03-01,3.97
1966-03-02,4.01
1966-03-03,4.05
1966-03-04,4.08
1966-03-05,3.95
1966-03-06,3.87
1966-03-07,3.88
1966-03-08,3.87
1966-03-09,3.76
1966-03-10,3.59
1966-03-11,3.5
1966-03-12,3.38
1966-03-13,3.3
1966-03-14,3.31
1966-03-15,3.15
1966-03-16,3.07
1966-03-17,2.98
1966-03-18,2.89
1966-03-19,3.06
1966-03-20,3.09
1966-03-21,3.36
1966-03-22,3.48
1966-03-23,3.34
1966-03-24,3.25
1966-03-25,3.28
1966-03-26,3.47
1966-03-27,3.47
1966-03-28,3.29
1966-03-29,3.15
1966-03-30,3.0
1966-03-31,3.0
1966-04-01,2.99
1966-04-02,3.09
1966-04-03,3.15
1966-04-04,3.25
1966-04-05,3.32
1966-04-06,3.38
1966-04-07,3.43
1966-04-08,3.47
1966-04-09,3.41
1966-04-10,3.31
1966-04-11,3.21
1966-04-12,3.08
1966-04-13,2.96
1966-04-14,2.99
1966-04-15,3.12
1966-04-16,3.28
1966-04-17,3.22
1966-04-18,3.12
1966-04-19,3.08
1966-04-20,2.99
1966-04-21,2.82
1966-04-22,2.72
1966-04-23,2.77
1966-04-24,2.77
1966-04-25,2.76
1966-04-26,2.69
1966-04-27,2.52
1966-04-28,2.55
1966-04-29,2.72
1966-04-30,2.85
1966-05-01,2.88
1966-05-02,2.8
1966-05-03,2.66
1966-05-04,2.87
1966-05-05,3.06
1966-05-06,2.96
1966-05-07,2.83
1966-05-08,2.75
1966-05-09,2.72
1966-05-10,2.67
1966-05-11,2.62
1966-05-12,2.71
1966-05-13,2.78
1966-05-14,2.87
1966-05-15,2.83
1966-05-16,2.72
1966-05-17,2.84
1966-05-18,3.02
1966-05-19,3.0
1966-05-20,2.88
1966-05-21,2.81
1966-05-22,2.79
1966-05-23,2.75
1966-05-24,2.8
1966-05-25,2.8
1966-05-26,2.77
1966-05-27,2.74
1966-05-28,2.64
1966-05-29,2.58
1966-05-30,2.54
1966-05-31,2.58
1966-06-01,2.55
1966-06-02,2.49
1966-06-03,2.35
1966-06-04,2.35
1966-06-05,2.37
1966-06-06,2.37
1966-06-07,2.38
1966-06-08,2.19
1966-06-09,2.14
1966-06-10,2.19
1966-06-11,2.24
1966-06-12,2.41
1966-06-13,2.32
1966-06-14,2.06
1966-06-15,2.09
1966-06-16,2.26
1966-06-17,2.27
1966-06-18,2.06
1966-06-19,2.12
1966-06-20,2.19
1966-06-21,2.22
1966-06-22,2.26
1966-06-23,2.35
1966-06-24,2.62
1966-06-25,2.37
1966-06-26,2.04
1966-06-27,2.04
1966-06-28,2.09
1966-06-29,2.28
1966-06-30,2.35
1966-07-01,2.37
1966-07-02,2.31
1966-07-03,2.49
1966-07-04,2.55
1966-07-05,2.53
1966-07-06,2.57
1966-07-07,2.56
1966-07-08,2.55
1966-07-09,2.52
1966-07-10,2.4
1966-07-11,2.4
1966-07-12,2.5
1966-07-13,2.59
1966-07-14,2.72
1966-07-15,2.75
1966-07-16,2.68
1966-07-17,2.66
1966-07-18,2.49
1966-07-19,2.41
1966-07-20,2.44
1966-07-21,2.58
1966-07-22,2.74
1966-07-23,2.86
1966-07-24,2.91
1966-07-25,2.89
1966-07-26,2.37
1966-07-27,2.15
1966-07-28,2.25
1966-07-29,2.46
1966-07-30,2.52
1966-07-31,2.61
1966-08-01,2.46
1966-08-02,2.24
1966-08-03,2.17
1966-08-04,2.38
1966-08-05,2.57
1966-08-06,2.49
1966-08-07,2.84
1966-08-08,3.04
1966-08-09,3.01
1966-08-10,2.91
1966-08-11,2.87
1966-08-12,2.83
1966-08-13,2.8
1966-08-14,2.45
1966-08-15,2.12
1966-08-16,2.2
1966-08-17,2.19
1966-08-18,2.4
1966-08-19,2.53
1966-08-20,2.43
1966-08-21,2.56
1966-08-22,2.39
1966-08-23,2.49
1966-08-24,2.67
1966-08-25,2.6
1966-08-26,2.48
1966-08-27,2.73
1966-08-28,3.0
1966-08-29,3.13
1966-08-30,3.16
1966-08-31,3.15
1966-09-01,3.3
1966-09-02,3.45
1966-09-03,3.5
1966-09-04,3.29
1966-09-05,2.91
1966-09-06,2.97
1966-09-07,3.04
1966-09-08,3.25
1966-09-09,3.16
1966-09-10,2.7
1966-09-11,2.41
1966-09-12,2.26
1966-09-13,2.17
1966-09-14,1.97
1966-09-15,1.91
1966-09-16,1.97
1966-09-17,1.92
1966-09-18,2.06
1966-09-19,1.93
1966-09-20,1.8
1966-09-21,1.86
1966-09-22,1.84
1966-09-23,1.78
1966-09-24,1.64
1966-09-25,1.72
1966-09-26,1.86
1966-09-27,2.12
1966-09-28,2.39
1966-09-29,2.64
1966-09-30,2.7
1966-10-01,2.73
1966-10-02,2.45
1966-10-03,2.28
1966-10-04,2.19
1966-10-05,2.33
1966-10-06,2.41
1966-10-07,2.2
1966-10-08,2.28
1966-10-09,2.52
1966-10-10,2.56
1966-10-11,2.4
1966-10-12,2.33
1966-10-13,2.22
1966-10-14,2.23
1966-10-15,2.2
1966-10-16,2.28
1966-10-17,2.1
1966-10-18,1.94
1966-10-19,2.04
1966-10-20,2.17
1966-10-21,2.13
1966-10-22,2.08
1966-10-23,2.13
1966-10-24,2.22
1966-10-25,2.85
1966-10-26,2.89
1966-10-27,2.78
1966-10-28,2.62
1966-10-29,2.41
1966-10-30,2.32
1966-10-31,2.29
1966-11-01,2.27
1966-11-02,2.3
1966-11-03,2.49
1966-11-04,2.81
1966-11-05,2.91
1966-11-06,3.05
1966-11-07,2.96
1966-11-08,2.77
1966-11-09,2.87
1966-11-10,3.01
1966-11-11,3.07
1966-11-12,3.0
1966-11-13,2.92
1966-11-14,3.06
1966-11-15,3.13
1966-11-16,3.13
1966-11-17,3.15
1966-11-18,3.04
1966-11-19,2.91
1966-11-20,2.83
1966-11-21,2.88
1966-11-22,2.91
1966-11-23,2.86
1966-11-24,2.83
1966-11-25,2.83
1966-11-26,2.75
1966-11-27,3.05
1966-11-28,3.53
1966-11-29,3.41
1966-11-30,3.0
1966-12-01,2.91
1966-12-02,3.11
1966-12-03,3.39
1966-12-04,3.56
1966-12-05,3.57
1966-12-06,3.48
1966-12-07,3.62
1966-12-08,3.4
1966-12-09,3.2
1966-12-10,3.26
1966-12-11,3.24
1966-12-12,3.17
1966-12-13,3.05
1966-12-14,3.01
1966-12-15,3.07
1966-12-16,3.13
1966-12-17,3.01
1966-12-18,2.86
1966-12-19,2.76
1966-12-20,2.94
1966-12-21,3.27
1966-12-22,3.2
1966-12-23,3.14
1966-12-24,3.15
1966-12-25,2.91
1966-12-26,2.86
1966-12-27,2.84
1966-12-28,2.91
1966-12-29,2.85
1966-12-30,2.81
1966-12-31,2.71
1967-01-01,2.64
1967-01-02,2.66
1967-01-03,2.66
1967-01-04,2.59
1967-01-05,2.5
1967-01-06,2.57
1967-01-07,2.61
1967-01-08,2.59
1967-01-09,2.53
1967-01-10,2.58
1967-01-11,2.74
1967-01-12,3.05
1967-01-13,3.22
1967-01-14,3.3
1967-01-15,3.07
1967-01-16,2.94
1967-01-17,3.21
1967-01-18,3.32
1967-01-19,3.37
1967-01-20,3.52
1967-01-21,3.55
1967-01-22,3.38
1967-01-23,3.1
1967-01-24,3.06
1967-01-25,3.25
1967-01-26,3.58
1967-01-27,3.76
1967-01-28,3.63
1967-01-29,3.38
1967-01-30,3.26
1967-01-31,3.28
1967-02-01,3.34
1967-02-02,3.8
1967-02-03,4.15
1967-02-04,4.02
1967-02-05,3.83
1967-02-06,3.72
1967-02-07,3.79
1967-02-08,4.02
1967-02-09,4.31
1967-02-10,3.91
1967-02-11,3.88
1967-02-12,3.82
1967-02-13,3.78
1967-02-14,3.83
1967-02-15,4.29
1967-02-16,4.37
1967-02-17,4.34
1967-02-18,4.51
1967-02-19,4.53
1967-02-20,4.7
1967-02-21,5.1
1967-02-22,5.26
1967-02-23,4.96
1967-02-24,4.88
1967-02-25,4.86
1967-02-26,4.71
1967-02-27,4.72
1967-02-28,4.69
1967-03-01,4.54
1967-03-02,4.46
1967-03-03,4.31
1967-03-04,4.29
1967-03-05,4.19
1967-03-06,4.01
1967-03-07,4.05
1967-03-08,4.25
1967-03-09,4.23
1967-03-10,3.99
1967-03-11,3.85
1967-03-12,3.81
1967-03-13,4.15
1967-03-14,4.81
1967-03-15,5.23
1967-03-16,5.34
1967-03-17,5.32
1967-03-18,5.27
1967-03-19,5.51
1967-03-20,5.32
1967-03-21,4.93
1967-03-22,4.62
1967-03-23,4.29
1967-03-24,4.01
1967-03-25,3.88
1967-03-26,3.78
1967-03-27,3.64
1967-03-28,3.52
1967-03-29,3.48
1967-03-30,3.39
1967-03-31,4.05
1967-04-01,3.19
1967-04-02,3.16
1967-04-03,3.13
1967-04-04,3.03
1967-04-05,2.94
1967-04-06,2.83
1967-04-07,2.67
1967-04-08,2.46
1967-04-09,2.4
1967-04-10,2.31
1967-04-11,2.24
1967-04-12,2.35
1967-04-13,2.4
1967-04-14,2.45
1967-04-15,2.49
1967-04-16,2.54
1967-04-17,2.52
1967-04-18,2.5
1967-04-19,2.44
1967-04-20,2.5
1967-04-21,2.48
1967-04-22,2.59
1967-04-23,2.56
1967-04-24,2.53
1967-04-25,2.43
1967-04-26,2.29
1967-04-27,2.2
1967-04-28,2.19
1967-04-29,2.19
1967-04-30,2.18
1967-05-01,2.1
1967-05-02,2.01
1967-05-03,2.02
1967-05-04,2.03
1967-05-05,2.09
1967-05-06,2.08
1967-05-07,2.05
1967-05-08,1.87
1967-05-09,1.72
1967-05-10,1.68
1967-05-11,1.7
1967-05-12,1.86
1967-05-13,2.02
1967-05-14,2.16
1967-05-15,2.17
1967-05-16,2.13
1967-05-17,2.12
1967-05-18,2.02
1967-05-19,2.04
1967-05-20,2.11
1967-05-21,2.11
1967-05-22,2.06
1967-05-23,1.95
1967-05-24,1.88
1967-05-25,1.83
1967-05-26,1.87
1967-05-27,1.97
1967-05-28,1.9
1967-05-29,1.85
1967-05-30,1.84
1967-05-31,1.89
1967-06-01,1.89
1967-06-02,1.82
1967-06-03,1.86
1967-06-04,1.91
1967-06-05,1.94
1967-06-06,1.98
1967-06-07,1.99
1967-06-08,2.08
1967-06-09,1.89
1967-06-10,1.75
1967-06-11,1.66
1967-06-12,1.68
1967-06-13,1.78
1967-06-14,1.85
1967-06-15,1.74
1967-06-16,1.54
1967-06-17,1.52
1967-06-18,1.58
1967-06-19,1.7
1967-06-20,1.76
1967-06-21,1.7
1967-06-22,1.64
1967-06-23,1.64
1967-06-24,1.52
1967-06-25,1.41
1967-06-26,1.39
1967-06-27,1.39
1967-06-28,1.41
1967-06-29,1.49
1967-06-30,1.54
1967-07-01,1.55
1967-07-02,1.59
1967-07-03,1.62
1967-07-04,1.53
1967-07-05,1.5
1967-07-06,1.43
1967-07-07,1.39
1967-07-08,1.37
1967-07-09,1.39
1967-07-10,1.35
1967-07-11,1.41
1967-07-12,1.52
1967-07-13,1.52
1967-07-14,1.5
1967-07-15,1.38
1967-07-16,1.25
1967-07-17,1.26
1967-07-18,1.31
1967-07-19,1.33
1967-07-20,1.48
1967-07-21,1.43
1967-07-22,1.38
1967-07-23,1.26
1967-07-24,1.23
1967-07-25,1.3
1967-07-26,1.34
1967-07-27,1.29
1967-07-28,1.24
1967-07-29,1.25
1967-07-30,1.26
1967-07-31,1.28
1967-08-01,1.39
1967-08-02,1.41
1967-08-03,1.32
1967-08-04,1.15
1967-08-05,1.04
1967-08-06,1.01
1967-08-07,1.01
1967-08-08,1.02
1967-08-09,1.02
1967-08-10,1.05
1967-08-11,1.08
1967-08-12,1.13
1967-08-13,1.2
1967-08-14,1.27
1967-08-15,1.4
1967-08-16,1.51
1967-08-17,1.47
1967-08-18,1.41
1967-08-19,1.31
1967-08-20,1.25
1967-08-21,1.26
1967-08-22,1.28
1967-08-23,1.27
1967-08-24,1.28
1967-08-25,1.37
1967-08-26,1.47
1967-08-27,1.52
1967-08-28,1.51
1967-08-29,1.41
1967-08-30,1.35
1967-08-31,1.38
1967-09-01,1.43
1967-09-02,1.33
1967-09-03,1.22
1967-09-04,1.23
1967-09-05,1.28
1967-09-06,1.38
1967-09-07,1.55
1967-09-08,1.66
1967-09-09,1.79
1967-09-10,1.94
1967-09-11,1.97
1967-09-12,1.96
1967-09-13,2.02
1967-09-14,2.11
1967-09-15,2.02
1967-09-16,1.71
1967-09-17,1.42
1967-09-18,1.31
1967-09-19,1.29
1967-09-20,1.33
1967-09-21,1.28
1967-09-22,1.2
1967-09-23,1.06
1967-09-24,0.91
1967-09-25,0.85
1967-09-26,1.0
1967-09-27,1.07
1967-09-28,1.14
1967-09-29,1.18
1967-09-30,1.24
1967-10-01,1.36
1967-10-02,1.45
1967-10-03,1.44
1967-10-04,1.39
1967-10-05,1.32
1967-10-06,1.25
1967-10-07,1.37
1967-10-08,1.48
1967-10-09,1.39
1967-10-10,1.28
1967-10-11,1.23
1967-10-12,1.35
1967-10-13,1.77
1967-10-14,2.34
1967-10-15,2.39
1967-10-16,2.19
1967-10-17,2.12
1967-10-18,2.17
1967-10-19,1.97
1967-10-20,1.79
1967-10-21,1.65
1967-10-22,1.59
1967-10-23,1.63
1967-10-24,1.63
1967-10-25,1.64
1967-10-26,1.69
1967-10-27,1.69
1967-10-28,1.66
1967-10-29,1.57
1967-10-30,1.52
1967-10-31,1.51
1967-11-01,1.55
1967-11-02,1.64
1967-11-03,1.79
1967-11-04,1.84
1967-11-05,1.89
1967-11-06,2.08
1967-11-07,2.24
1967-11-08,2.35
1967-11-09,2.42
1967-11-10,2.53
1967-11-11,2.66
1967-11-12,2.83
1967-11-13,2.87
1967-11-14,2.88
1967-11-15,2.71
1967-11-16,2.5
1967-11-17,2.38
1967-11-18,2.48
1967-11-19,3.21
1967-11-20,3.47
1967-11-21,3.25
1967-11-22,2.97
1967-11-23,2.78
1967-11-24,2.79
1967-11-25,2.68
1967-11-26,2.54
1967-11-27,2.4
1967-11-28,2.46
1967-11-29,2.63
1967-11-30,2.62
1967-12-01,2.6
1967-12-02,2.87
1967-12-03,3.08
1967-12-04,3.21
1967-12-05,3.17
1967-12-06,2.9
1967-12-07,2.72
1967-12-08,2.82
1967-12-09,2.94
1967-12-10,3.06
1967-12-11,3.09
1967-12-12,3.0
1967-12-13,2.87
1967-12-14,3.01
1967-12-15,3.32
1967-12-16,3.63
1967-12-17,3.84
1967-12-18,3.87
1967-12-19,3.64
1967-12-20,3.37
1967-12-21,3.19
1967-12-22,2.97
1967-12-23,3.02
1967-12-24,3.13
1967-12-25,3.29
1967-12-26,3.4
1967-12-27,3.49
1967-12-28,3.51
1967-12-29,3.14
1967-12-30,2.91
1967-12-31,2.99
1968-01-01,3.11
1968-01-02,3.25
1968-01-03,3.17
1968-01-04,2.93
1968-01-05,2.72
1968-01-06,2.74
1968-01-07,2.57
1968-01-08,2.37
1968-01-09,2.34
1968-01-10,2.34
1968-01-11,2.46
1968-01-12,2.71
1968-01-13,2.77
1968-01-14,2.88
1968-01-15,2.93
1968-01-16,2.78
1968-01-17,3.24
1968-01-18,3.64
1968-01-19,3.48
1968-01-20,3.14
1968-01-21,2.98
1968-01-22,3.12
1968-01-23,3.46
1968-01-24,3.81
1968-01-25,4.13
1968-01-26,4.2
1968-01-27,4.23
1968-01-28,4.19
1968-01-29,4.14
1968-01-30,3.99
1968-01-31,3.77
1968-02-01,3.63
1968-02-02,3.49
1968-02-03,3.54
1968-02-04,3.85
1968-02-05,4.18
1968-02-06,4.16
1968-02-07,3.89
1968-02-08,3.78
1968-02-09,3.71
1968-02-10,3.61
1968-02-11,3.49
1968-02-12,3.37
1968-02-13,3.32
1968-02-14,3.24
1968-02-15,3.32
1968-02-16,3.03
1968-02-17,2.76
1968-02-18,3.01
1968-02-19,3.04
1968-02-20,2.87
1968-02-21,2.92
1968-02-22,3.01
1968-02-23,3.16
1968-02-24,3.04
1968-02-25,2.76
1968-02-26,2.68
1968-02-27,2.66
1968-02-28,2.59
1968-02-29,2.58
1968-03-01,2.54
1968-03-02,2.44
1968-03-03,2.31
1968-03-04,2.23
1968-03-05,2.18
1968-03-06,2.12
1968-03-07,2.18
1968-03-08,2.17
1968-03-09,2.17
1968-03-10,2.19
1968-03-11,2.6
1968-03-12,3.14
1968-03-13,3.2
1968-03-14,2.99
1968-03-15,2.78
1968-03-16,2.72
1968-03-17,3.05
1968-03-18,3.33
1968-03-19,3.31
1968-03-20,3.09
1968-03-21,2.85
1968-03-22,2.74
1968-03-23,2.64
1968-03-24,2.59
1968-03-25,2.55
1968-03-26,2.61
1968-03-27,2.6
1968-03-28,2.6
1968-03-29,2.52
1968-03-30,2.52
1968-03-31,2.44
1968-04-01,2.34
1968-04-02,2.28
1968-04-03,2.27
1968-04-04,2.4
1968-04-05,2.67
1968-04-06,2.75
1968-04-07,2.62
1968-04-08,2.62
1968-04-09,2.63
1968-04-10,2.57
1968-04-11,2.57
1968-04-12,2.61
1968-04-13,2.53
1968-04-14,2.36
1968-04-15,2.23
1968-04-16,2.21
1968-04-17,2.19
1968-04-18,2.16
1968-04-19,2.11
1968-04-20,2.05
1968-04-21,2.1
1968-04-22,2.11
1968-04-23,2.08
1968-04-24,2.0
1968-04-25,1.95
1968-04-26,1.96
1968-04-27,2.08
1968-04-28,2.15
1968-04-29,2.14
1968-04-30,2.23
1968-05-01,2.27
1968-05-02,2.15
1968-05-03,2.05
1968-05-04,2.03
1968-05-05,2.09
1968-05-06,2.15
1968-05-07,2.15
1968-05-08,2.09
1968-05-09,2.09
1968-05-10,2.05
1968-05-11,2.02
1968-05-12,1.99
1968-05-13,1.84
1968-05-14,1.75
1968-05-15,1.75
1968-05-16,1.78
1968-05-17,1.94
1968-05-18,1.93
1968-05-19,1.83
1968-05-20,1.64
1968-05-21,1.65
1968-05-22,1.76
1968-05-23,1.8
1968-05-24,1.84
1968-05-25,1.87
1968-05-26,1.9
1968-05-27,1.85
1968-05-28,1.78
1968-05-29,1.76
1968-05-30,1.78
1968-05-31,1.78
1968-06-01,1.82
1968-06-02,1.81
1968-06-03,1.78
1968-06-04,1.77
1968-06-05,1.71
1968-06-06,1.68
1968-06-07,1.76
1968-06-08,1.8
1968-06-09,1.71
1968-06-10,1.58
1968-06-11,1.3
1968-06-12,1.32
1968-06-13,1.48
1968-06-14,1.56
1968-06-15,1.56
1968-06-16,1.54
1968-06-17,1.65
1968-06-18,1.71
1968-06-19,1.77
1968-06-20,1.85
1968-06-21,1.9
1968-06-22,1.98
1968-06-23,1.88
1968-06-24,1.75
1968-06-25,1.71
1968-06-26,1.75
1968-06-27,1.85
1968-06-28,1.93
1968-06-29,1.88
1968-06-30,1.85
1968-07-01,1.84
1968-07-02,1.86
1968-07-03,1.88
1968-07-04,1.83
1968-07-05,1.59
1968-07-06,1.31
1968-07-07,1.37
1968-07-08,1.52
1968-07-09,1.62
1968-07-10,1.7
1968-07-11,1.7
1968-07-12,1.37
1968-07-13,1.26
1968-07-14,1.3
1968-07-15,1.46
1968-07-16,1.37
1968-07-17,1.34
1968-07-18,1.28
1968-07-19,1.18
1968-07-20,1.1
1968-07-21,1.13
1968-07-22,1.24
1968-07-23,1.37
1968-07-24,1.46
1968-07-25,1.56
1968-07-26,1.4
1968-07-27,1.74
1968-07-28,1.84
1968-07-29,1.9
1968-07-30,1.82
1968-07-31,1.61
1968-08-01,1.26
1968-08-02,1.05
1968-08-03,1.04
1968-08-04,1.08
1968-08-05,1.08
1968-08-06,1.24
1968-08-07,1.34
1968-08-08,1.32
1968-08-09,1.25
1968-08-10,1.26
1968-08-11,1.21
1968-08-12,1.16
1968-08-13,1.21
1968-08-14,1.28
1968-08-15,1.37
1968-08-16,1.4
1968-08-17,1.41
1968-08-18,1.42
1968-08-19,1.4
1968-08-20,1.38
1968-08-21,1.41
1968-08-22,1.45
1968-08-23,1.55
1968-08-24,1.49
1968-08-25,1.56
1968-08-26,1.78
1968-08-27,1.78
1968-08-28,1.76
1968-08-29,1.69
1968-08-30,1.72
1968-08-31,1.68
1968-09-01,1.53
1968-09-02,1.53
1968-09-03,1.68
1968-09-04,1.91
1968-09-05,1.94
1968-09-06,1.84
1968-09-07,1.82
1968-09-08,1.82
1968-09-09,1.93
1968-09-10,1.86
1968-09-11,1.75
1968-09-12,1.69
1968-09-13,1.55
1968-09-14,1.62
1968-09-15,1.66
1968-09-16,1.69
1968-09-17,1.64
1968-09-18,1.57
1968-09-19,1.54
1968-09-20,1.68
1968-09-21,1.83
1968-09-22,1.82
1968-09-23,1.64
1968-09-24,1.51
1968-09-25,1.51
1968-09-26,1.64
1968-09-27,1.67
1968-09-28,1.6
1968-09-29,1.59
1968-09-30,1.69
1968-10-01,1.58
1968-10-02,1.49
1968-10-03,1.45
1968-10-04,1.46
1968-10-05,1.54
1968-10-06,1.59
1968-10-07,1.7
1968-10-08,1.89
1968-10-09,1.89
1968-10-10,1.81
1968-10-11,1.68
1968-10-12,1.53
1968-10-13,1.5
1968-10-14,1.94
1968-10-15,2.21
1968-10-16,2.39
1968-10-17,2.38
1968-10-18,2.14
1968-10-19,1.99
1968-10-20,1.94
1968-10-21,1.87
1968-10-22,1.89
1968-10-23,1.95
1968-10-24,1.99
1968-10-25,2.01
1968-10-26,2.0
1968-10-27,1.99
1968-10-28,2.05
1968-10-29,1.99
1968-10-30,1.95
1968-10-31,2.19
1968-11-01,2.37
1968-11-02,2.23
1968-11-03,2.03
1968-11-04,2.19
1968-11-05,2.36
1968-11-06,2.53
1968-11-07,2.43
1968-11-08,2.4
1968-11-09,2.4
1968-11-10,2.37
1968-11-11,2.57
1968-11-12,2.76
1968-11-13,2.57
1968-11-14,2.43
1968-11-15,2.34
1968-11-16,2.31
1968-11-17,2.38
1968-11-18,2.43
1968-11-19,2.5
1968-11-20,2.43
1968-11-21,2.52
1968-11-22,2.68
1968-11-23,2.7
1968-11-24,2.8
1968-11-25,2.86
1968-11-26,2.84
1968-11-27,2.64
1968-11-28,2.58
1968-11-29,2.73
1968-11-30,3.06
1968-12-01,3.27
1968-12-02,3.32
1968-12-03,3.06
1968-12-04,3.0
1968-12-05,3.23
1968-12-06,3.17
1968-12-07,2.92
1968-12-08,2.96
1968-12-09,3.05
1968-12-10,3.05
1968-12-11,2.95
1968-12-12,2.98
1968-12-13,3.05
1968-12-14,3.08
1968-12-15,3.22
1968-12-16,3.44
1968-12-17,3.38
1968-12-18,3.24
1968-12-19,3.26
1968-12-20,3.27
1968-12-21,3.27
1968-12-22,3.21
1968-12-23,3.23
1968-12-24,3.18
1968-12-25,3.16
1968-12-26,3.27
1968-12-27,3.46
1968-12-28,3.67
1968-12-29,3.95
1968-12-30,4.12
1968-12-31,4.23
1969-01-01,4.32
1969-01-02,4.13
1969-01-03,3.78
1969-01-04,3.37
1969-01-05,3.48
1969-01-06,3.47
1969-01-07,3.27
1969-01-08,3.28
1969-01-09,3.28
1969-01-10,3.32
1969-01-11,3.57
1969-01-12,4.06
1969-01-13,4.83
1969-01-14,5.07
1969-01-15,4.68
1969-01-16,4.38
1969-01-17,4.32
1969-01-18,4.15
1969-01-19,3.84
1969-01-20,3.66
1969-01-21,3.5
1969-01-22,3.54
1969-01-23,3.6
1969-01-24,3.42
1969-01-25,3.32
1969-01-26,3.28
1969-01-27,3.38
1969-01-28,3.35
1969-01-29,3.05
1969-01-30,2.91
1969-01-31,2.86
1969-02-01,2.9
1969-02-02,3.13
1969-02-03,3.54
1969-02-04,3.52
1969-02-05,3.38
1969-02-06,3.55
1969-02-07,3.76
1969-02-08,3.71
1969-02-09,3.66
1969-02-10,3.49
1969-02-11,3.33
1969-02-12,3.37
1969-02-13,3.56
1969-02-14,3.64
1969-02-15,3.34
1969-02-16,3.04
1969-02-17,2.91
1969-02-18,2.95
1969-02-19,3.0
1969-02-20,3.05
1969-02-21,3.22
1969-02-22,3.49
1969-02-23,3.0
1969-02-24,3.81
1969-02-25,3.92
1969-02-26,3.89
1969-02-27,3.73
1969-02-28,4.03
1969-03-01,4.2
1969-03-02,4.06
1969-03-03,3.88
1969-03-04,3.86
1969-03-05,3.67
1969-03-06,3.86
1969-03-07,4.23
1969-03-08,4.48
1969-03-09,4.3
1969-03-10,4.34
1969-03-11,4.43
1969-03-12,4.11
1969-03-13,3.87
1969-03-14,3.72
1969-03-15,3.71
1969-03-16,3.68
1969-03-17,3.68
1969-03-18,3.79
1969-03-19,3.86
1969-03-20,4.13
1969-03-21,4.24
1969-03-22,3.86
1969-03-23,3.53
1969-03-24,3.32
1969-03-25,3.17
1969-03-26,3.23
1969-03-27,3.52
1969-03-28,3.83
1969-03-29,4.32
1969-03-30,4.71
1969-03-31,4.65
1969-04-01,4.32
1969-04-02,3.94
1969-04-03,3.16
1969-04-04,4.11
1969-04-05,4.31
1969-04-06,4.41
1969-04-07,4.44
1969-04-08,4.37
1969-04-09,4.18
1969-04-10,3.95
1969-04-11,3.92
1969-04-12,4.24
1969-04-13,4.24
1969-04-14,3.97
1969-04-15,3.63
1969-04-16,3.7
1969-04-17,3.68
1969-04-18,3.44
1969-04-19,3.3
1969-04-20,3.15
1969-04-21,3.02
1969-04-22,2.99
1969-04-23,3.09
1969-04-24,3.07
1969-04-25,3.05
1969-04-26,3.19
1969-04-27,3.39
1969-04-28,3.51
1969-04-29,3.68
1969-04-30,3.74
1969-05-01,3.55
1969-05-02,3.3
1969-05-03,3.29
1969-05-04,3.3
1969-05-05,3.29
1969-05-06,3.44
1969-05-07,3.49
1969-05-08,3.28
1969-05-09,2.96
1969-05-10,2.92
1969-05-11,3.1
1969-05-12,3.28
1969-05-13,3.5
1969-05-14,3.34
1969-05-15,3.02
1969-05-16,2.77
1969-05-17,2.63
1969-05-18,2.59
1969-05-19,2.58
1969-05-20,2.69
1969-05-21,2.92
1969-05-22,3.14
1969-05-23,3.08
1969-05-24,2.83
1969-05-25,2.81
1969-05-26,2.87
1969-05-27,2.85
1969-05-28,2.83
1969-05-29,2.56
1969-05-30,2.4
1969-05-31,2.33
1969-06-01,2.42
1969-06-02,2.54
1969-06-03,2.54
1969-06-04,2.33
1969-06-05,2.26
1969-06-06,2.09
1969-06-07,1.8
1969-06-08,2.39
1969-06-09,2.42
1969-06-10,2.36
1969-06-11,2.31
1969-06-12,2.29
1969-06-13,2.25
1969-06-14,2.46
1969-06-15,2.71
1969-06-16,2.72
1969-06-17,2.43
1969-06-18,2.34
1969-06-19,2.46
1969-06-20,2.45
1969-06-21,2.32
1969-06-22,2.2
1969-06-23,2.22
1969-06-24,2.29
1969-06-25,2.31
1969-06-26,2.33
1969-06-27,2.44
1969-06-28,2.52
1969-06-29,2.42
1969-06-30,2.17
1969-07-01,1.93
1969-07-02,1.84
1969-07-03,1.85
1969-07-04,1.98
1969-07-05,2.14
1969-07-06,2.27
1969-07-07,2.25
1969-07-08,2.07
1969-07-09,1.99
1969-07-10,1.92
1969-07-11,1.89
1969-07-12,1.96
1969-07-13,2.08
1969-07-14,2.15
1969-07-15,2.14
1969-07-16,2.14
1969-07-17,2.15
1969-07-18,2.2
1969-07-19,2.19
1969-07-20,2.04
1969-07-21,1.9
1969-07-22,1.82
1969-07-23,1.8
1969-07-24,1.85
1969-07-25,1.82
1969-07-26,1.85
1969-07-27,1.85
1969-07-28,1.93
1969-07-29,2.01
1969-07-30,2.07
1969-07-31,2.18
1969-08-01,2.18
1969-08-02,2.11
1969-08-03,1.98
1969-08-04,1.91
1969-08-05,1.96
1969-08-06,1.96
1969-08-07,2.01
1969-08-08,1.96
1969-08-09,1.85
1969-08-10,1.89
1969-08-11,1.93
1969-08-12,1.86
1969-08-13,1.98
1969-08-14,2.01
1969-08-15,1.92
1969-08-16,2.1
1969-08-17,1.68
1969-08-18,1.73
1969-08-19,1.93
1969-08-20,2.24
1969-08-21,2.42
1969-08-22,2.51
1969-08-23,2.49
1969-08-24,2.38
1969-08-25,2.02
1969-08-26,1.72
1969-08-27,1.59
1969-08-28,1.46
1969-08-29,1.43
1969-08-30,1.49
1969-08-31,1.47
1969-09-01,1.42
1969-09-02,1.48
1969-09-03,1.72
1969-09-04,2.01
1969-09-05,2.14
1969-09-06,2.2
1969-09-07,2.26
1969-09-08,2.41
1969-09-09,2.17
1969-09-10,1.92
1969-09-11,1.88
1969-09-12,1.86
1969-09-13,1.89
1969-09-14,1.8
1969-09-15,1.58
1969-09-16,1.56
1969-09-17,1.75
1969-09-18,1.82
1969-09-19,1.74
1969-09-20,1.76
1969-09-21,1.94
1969-09-22,2.09
1969-09-23,2.19
1969-09-24,2.24
1969-09-25,2.1
1969-09-26,1.94
1969-09-27,2.03
1969-09-28,2.38
1969-09-29,2.79
1969-09-30,3.12
1969-10-01,3.38
1969-10-02,3.55
1969-10-03,3.52
1969-10-04,3.64
1969-10-05,3.47
1969-10-06,3.12
1969-10-07,2.9
1969-10-08,2.84
1969-10-09,2.73
1969-10-10,2.57
1969-10-11,2.35
1969-10-12,2.19
1969-10-13,2.2
1969-10-14,2.43
1969-10-15,2.52
1969-10-16,2.37
1969-10-17,2.38
1969-10-18,2.29
1969-10-19,2.38
1969-10-20,2.38
1969-10-21,2.43
1969-10-22,2.56
1969-10-23,2.58
1969-10-24,2.99
1969-10-25,2.93
1969-10-26,2.65
1969-10-27,2.48
1969-10-28,2.38
1969-10-29,2.23
1969-10-30,2.04
1969-10-31,2.1
1969-11-01,2.36
1969-11-02,2.58
1969-11-03,2.54
1969-11-04,2.44
1969-11-05,2.37
1969-11-06,2.51
1969-11-07,2.8
1969-11-08,3.08
1969-11-09,3.12
1969-11-10,3.01
1969-11-11,3.12
1969-11-12,3.06
1969-11-13,2.72
1969-11-14,2.64
1969-11-15,2.67
1969-11-16,2.97
1969-11-17,3.39
1969-11-18,3.82
1969-11-19,3.84
1969-11-20,3.74
1969-11-21,3.52
1969-11-22,3.28
1969-11-23,3.55
1969-11-24,3.69
1969-11-25,3.81
1969-11-26,3.94
1969-11-27,4.24
1969-11-28,4.61
1969-11-29,4.72
1969-11-30,4.56
1969-12-01,4.527187499999999
1969-12-02,4.494375
1970-01-01,3.51
1970-01-02,3.47
1970-01-03,3.54
1970-01-04,3.57
1970-01-05,3.82
1970-01-06,4.11
1970-01-07,4.18
1970-01-08,4.24
1970-01-09,4.43
1970-01-10,4.41
1970-01-11,4.21
1970-01-12,4.22
1970-01-13,4.38
1970-01-14,4.73
1970-01-15,5.3
1970-01-16,5.52
1970-01-17,5.1
1970-01-18,4.46
1970-01-19,4.12
1970-01-20,3.97
1970-01-21,3.66
1970-01-22,3.51
1970-01-23,3.57
1970-01-24,3.53
1970-01-25,3.5507142857142857
1970-01-26,3.571428571428571
1970-02-07,3.82
1970-02-08,4.19
1970-02-09,4.7
1970-02-10,4.73
1970-02-11,4.37
1970-02-12,3.93
1970-02-13,3.73
1970-02-14,2.98
1970-02-15,3.4
1970-02-16,3.43
1970-02-17,3.48
1970-02-18,3.46
1970-02-19,3.48
1970-02-20,3.6
1970-02-21,3.65
1970-02-22,3.58
1970-02-23,3.72
1970-02-24,3.77
1970-02-25,3.74
1970-02-26,3.73
1970-02-27,3.62
1970-02-28,3.64
1970-03-01,3.9
1970-03-02,4.18
1970-03-03,4.29
1970-03-04,4.32
1970-03-05,4.31
1970-03-06,4.15
1970-03-07,3.94
1970-03-08,3.91
1970-03-09,3.78
1970-03-10,3.69
1970-03-11,3.86
1970-03-12,4.08
1970-03-13,4.15
1970-03-14,4.17
1970-03-15,4.38
1970-03-16,4.34
1970-03-17,4.0
1970-03-18,3.66
1970-03-19,3.49
1970-03-20,3.48
1970-03-21,3.57
1970-03-22,3.62
1970-03-23,3.63
1970-03-24,3.62
1970-03-25,3.3
1970-03-26,3.08
1970-03-27,3.09
1970-03-28,3.12
1970-03-29,3.09
1970-03-30,3.14
1970-03-31,3.26
1970-04-01,3.22
1970-04-02,3.28
1970-04-03,4.31
1970-04-04,4.87
1970-04-05,4.79
1970-04-06,4.63
1970-04-07,4.61
1970-04-08,4.36
1970-04-09,3.9
1970-04-10,3.52
1970-04-11,3.43
1970-04-12,3.34
1970-04-13,3.26
1970-04-14,3.31
1970-04-15,3.46
1970-04-16,3.68
1970-04-17,3.78
1970-04-18,3.86
1970-04-19,4.47
1970-04-20,3.84
1970-04-21,3.75
1970-04-22,3.72
1970-04-23,3.74
1970-04-24,3.69
1970-04-25,3.61
1970-04-26,3.57
1970-04-27,3.49
1970-04-28,3.01
1970-04-29,3.59
1970-04-30,3.73
1970-05-01,3.66
1970-05-02,3.52
1970-05-03,3.42
1970-05-04,3.26
1970-05-05,3.33
1970-05-06,3.68
1970-05-07,3.73
1970-05-08,3.57
1970-05-09,3.24
1970-05-10,3.1
1970-05-11,3.13
1970-05-12,3.08
1970-05-13,2.91
1970-05-14,2.75
1970-05-15,2.76
1970-05-16,2.91
1970-05-17,2.99
1970-05-18,2.87
1970-05-19,2.75
1970-05-20,2.55
1970-05-21,2.5
1970-05-22,2.52
1970-05-23,2.52
1970-05-24,2.35
1970-05-25,2.2
1970-05-26,2.2
1970-05-27,2.27
1970-05-28,2.22
1970-05-29,2.21
1970-05-30,2.28
1970-05-31,2.34
1970-06-01,2.273333333333333
1970-06-02,2.2066666666666666
1970-06-15,1.34
1970-06-16,1.35
1970-06-17,1.26
1970-06-18,1.09
1970-06-19,1.04
1970-06-20,0.99
1970-06-21,1.16
1970-06-22,1.24
1970-06-23,1.14
1970-06-24,1.05
1970-06-25,0.95
1970-06-26,0.97
1970-06-27,0.99
1970-06-28,1.14
1970-06-29,1.18
1970-06-30,1.21
1970-07-01,1.3
1970-07-02,1.44
1970-07-03,1.78
1970-07-04,4.07
1970-07-05,6.36
1970-07-06,6.02
1970-07-07,4.85
1970-07-08,4.03
1970-07-09,5.15
1970-07-10,5.23
1970-07-11,3.63
1970-07-12,3.29
1970-07-13,3.31
1970-07-14,3.34
1970-07-15,3.43
1970-07-16,3.42
1970-07-17,3.34
1970-07-18,3.2
1970-07-19,3.65
1970-07-20,3.74
1970-07-21,3.47
1970-07-22,2.98
1970-07-23,2.63
1970-07-24,2.48
1970-07-25,2.75
1970-07-26,3.22
1970-07-27,3.3
1970-07-28,3.14
1970-07-29,3.08
1970-07-30,3.22
1970-07-31,3.09
1970-08-01,2.31
1970-08-02,2.61
1970-08-03,3.62
1970-08-04,3.4
1970-08-05,3.2
1970-08-06,3.15
1970-08-07,2.97
1970-08-08,2.89
1970-08-09,2.88
1970-08-10,2.85
1970-08-11,2.85
1970-08-12,2.88
1970-08-13,2.8
1970-08-14,3.46
1970-08-15,3.16
1970-08-16,2.98
1970-08-17,2.47
1970-08-18,2.53
1970-08-19,2.95
1970-08-20,2.68
1970-08-21,2.79
1970-08-22,3.53
1970-08-23,3.61
1970-08-24,3.49
1970-08-25,2.83
1970-08-26,2.81
1970-08-27,2.4
1970-08-28,2.45
1970-08-29,2.73
1970-08-30,2.82
1970-08-31,2.47
1970-09-01,2.33
1970-09-02,2.72
1970-09-03,2.52
1970-09-04,2.75
1970-09-05,2.47
1970-09-06,2.39
1970-09-07,2.23
1970-09-08,2.42
1970-09-09,2.77
1970-09-10,2.71
1970-09-11,2.37
1970-09-12,2.07
1970-09-13,2.06
1970-09-14,1.98
1970-09-15,2.1
1970-09-16,1.94
1970-09-17,1.85
1970-09-18,1.7
1970-09-19,1.96
1970-09-20,2.08
1970-09-21,1.89
1970-09-22,1.79
1970-09-23,1.7
1970-09-24,1.87
1970-09-25,1.59
1970-09-26,1.55
1970-09-27,1.85
1970-09-28,1.89
1970-09-29,1.78
1970-09-30,1.84
1970-10-01,2.08
1970-10-02,1.89
1970-10-03,2.05
1970-10-04,2.0776470588235294
1970-10-05,2.1052941176470585
1970-10-20,2.52
1970-10-21,2.42
1970-10-22,2.37
1970-10-23,2.18
1970-10-24,2.42
1970-10-25,2.51
1970-10-26,2.38
1970-10-27,2.33
1970-10-28,2.02
1970-10-29,2.12
1970-10-30,2.03
1970-10-31,2.23
1970-11-01,2.37
1970-11-02,2.42
1970-11-03,2.53
1970-11-04,2.56
1970-11-05,2.84
1970-11-06,3.19
1970-11-07,3.05
1970-11-08,2.98
1970-11-09,2.9
1970-11-10,2.96
1970-11-11,2.94
1970-11-12,2.84
1970-11-13,2.62
1970-11-14,2.46
1970-11-15,2.31
1970-11-16,1.92
1970-11-17,2.01
1970-11-18,2.26
1970-11-19,2.81
1970-11-20,2.82
1970-11-21,2.58
1970-11-22,2.42
1970-11-23,2.38
1970-11-24,2.36
1970-11-25,2.28
1970-11-26,2.25
1970-11-27,2.24
1970-11-28,2.32
1970-11-29,2.45
1970-11-30,2.55
1970-12-01,2.35
1970-12-02,2.29
1970-12-03,2.38
1970-12-04,2.57
1970-12-05,2.76
1970-12-06,3.06
1970-12-07,3.08
1970-12-08,2.67
1970-12-09,2.83
1970-12-10,2.99
1970-12-11,2.94
1970-12-12,3.03
1970-12-13,3.32
1970-12-14,2.75
1970-12-15,2.97
1970-12-16,2.94
1970-12-17,2.64
1970-12-18,2.83
1970-12-19,2.9
1970-12-20,3.32
1970-12-21,2.92
1970-12-22,2.7
1970-12-23,2.6
1970-12-24,3.31
1970-12-25,3.93
1970-12-26,3.84
1970-12-27,3.62
1970-12-28,3.12
1970-12-29,2.96
1970-12-30,3.18
1970-12-31,3.5
1971-01-01,3.86
1971-01-02,3.86
1971-01-03,3.73
1971-01-04,3.65
1971-01-05,3.82
1971-01-06,3.59
1971-01-07,3.88
1971-01-08,4.02
1971-01-09,3.87
1971-01-10,3.75
1971-01-11,3.7
1971-01-12,3.63
1971-01-13,3.12
1971-01-14,2.75
1971-01-15,1.45
1971-01-16,2.11
1971-01-17,3.07
1971-01-18,3.63
1971-01-19,4.71
1971-01-20,4.03
1971-01-21,3.43
1971-01-22,3.03
1971-01-23,2.95
1971-01-24,3.23
1971-01-25,2.77
1971-01-26,2.67
1971-01-27,2.92
1971-01-28,3.4
1971-01-29,3.75
1971-01-30,3.86
1971-01-31,3.94
1971-02-01,3.71
1971-02-02,3.23
1971-02-03,3.37
1971-02-04,3.403684210526316
1971-02-05,3.437368421052632
1971-03-13,4.65
1971-03-14,4.58
1971-03-15,4.52
1971-03-16,4.75
1971-03-17,5.06
1971-03-18,5.35
1971-03-19,5.33
1971-03-20,5.11
1971-03-21,4.84
1971-03-22,5.33
1971-03-23,4.84
1971-03-24,5.35
1971-03-25,5.52
1971-03-26,5.38
1971-03-27,5.14
1971-03-28,5.01
1971-03-29,5.08
1971-03-30,4.99
1971-03-31,4.79
1971-04-01,4.55
1971-04-02,4.26
1971-04-03,4.13
1971-04-04,4.22
1971-04-05,4.23
1971-04-06,4.1
1971-04-07,3.92
1971-04-08,3.82
1971-04-09,3.81
1971-04-10,3.81
1971-04-11,3.72
1971-04-12,3.66
1971-04-13,3.66
1971-04-14,3.62
1971-04-15,3.72
1971-04-16,3.83
1971-04-17,3.91
1971-04-18,3.89
1971-04-19,3.77
1971-04-20,3.72
1971-04-21,3.57
1971-04-22,3.07
1971-04-23,2.87
1971-04-24,3.21
1971-04-25,3.54
1971-04-26,3.33
1971-04-27,3.13
1971-04-28,3.03
1971-04-29,2.93
1971-04-30,2.86
1971-05-01,2.78
1971-05-02,2.66
1971-05-03,2.6
1971-05-04,2.65
1971-05-05,2.34
1971-05-06,2.32
1971-05-07,2.43
1971-05-08,2.56
1971-05-09,2.91
1971-05-10,2.47
1971-05-11,2.34
1971-05-12,2.41
1971-05-13,2.45
1971-05-14,2.41
1971-05-15,2.67
1971-05-16,2.6
1971-05-17,2.46
1971-05-18,2.09
1971-05-19,2.11
1971-05-20,2.16
1971-05-21,2.22
1971-05-22,2.31
1971-05-23,2.48
1971-05-24,2.32
1971-05-25,2.13
1971-05-26,2.0
1971-05-27,1.9
1971-05-28,1.69
1971-05-29,1.78
1971-05-30,2.12
1971-05-31,2.12
1971-06-01,2.25
1971-06-02,2.25
1971-06-03,2.35
1971-06-04,2.39
1971-06-05,2.31
1971-06-06,2.17
1971-06-07,2.07
1971-06-08,2.02
1971-06-09,1.98
1971-06-10,1.98
1971-06-11,2.0
1971-06-12,2.09
1971-06-13,2.39
1971-06-14,2.07
1971-06-15,2.45
1971-06-16,2.44
1971-06-17,2.18
1971-06-18,2.14
1971-06-19,2.2
1971-06-20,2.39
1971-06-21,2.1
1971-06-22,2.06
1971-06-23,2.06
1971-06-24,2.3
1971-06-25,2.14
1971-06-26,2.24
1971-06-27,2.33
1971-06-28,2.31
1971-06-29,2.14
1971-06-30,1.81
1971-07-01,1.72
1971-07-02,1.71
1971-07-03,2.01
1971-07-04,1.95
1971-07-05,1.86
1971-07-06,1.79
1971-07-07,1.69
1971-07-08,1.57
1971-07-09,1.46
1971-07-10,1.54
1971-07-11,1.6
1971-07-12,1.63
1971-07-13,1.7
1971-07-14,1.77
1971-07-15,1.86
1971-07-16,1.55
1971-07-17,1.79
1971-07-18,2.15
1971-07-19,1.85
1971-07-20,1.81
1971-07-21,1.91
1971-07-22,1.95
1971-07-23,2.09
1971-07-24,2.41
1971-07-25,2.4
1971-07-26,2.08
1971-07-27,1.69
1971-07-28,1.75
1971-07-29,1.64
1971-07-30,1.6
1971-07-31,1.55
1971-08-01,1.5503125
1971-08-02,1.550625
1971-09-01,1.56
1971-09-02,1.7
1971-09-03,1.65
1971-09-04,1.66
1971-09-05,1.7
1971-09-06,1.88
1971-09-07,2.01
1971-09-08,1.97
1971-09-09,1.88
1971-09-10,1.79
1971-09-11,1.75
1971-09-12,1.72
1971-09-13,1.61
1971-09-14,1.5
1971-09-15,1.41
1971-09-16,1.39
1971-09-17,1.37
1971-09-18,1.34
1971-09-19,1.28
1971-09-20,1.24
1971-09-21,1.28
1971-09-22,1.34
1971-09-23,1.37
1971-09-24,1.4
1971-09-25,1.4
1971-09-26,1.4
1971-09-27,1.4
1971-09-28,1.4
1971-09-29,1.4
1971-09-30,1.4
1971-10-01,1.79
1971-10-02,1.87
1971-10-03,1.92
1971-10-04,1.95
1971-10-05,2.02
1971-10-06,2.15
1971-10-07,2.07
1971-10-08,2.06
1971-10-09,2.1
1971-10-10,2.17
1971-10-11,2.07
1971-10-12,1.93
1971-10-13,2.32
1971-10-14,2.48
1971-10-15,2.72
1971-10-16,2.39
1971-10-17,2.22
1971-10-18,2.07
1971-10-19,1.98
1971-10-20,2.01
1971-10-21,2.01
1971-10-22,2.07
1971-10-23,2.05
1971-10-24,2.01
1971-10-25,2.0
1971-10-26,1.98
1971-10-27,2.01
1971-10-28,2.15
1971-10-29,2.37
1971-10-30,2.46
1971-10-31,2.54
1971-11-01,2.54
1971-11-02,2.64
1971-11-03,2.54
1971-11-04,2.58
1971-11-05,2.6
1971-11-06,2.67
1971-11-07,2.65
1971-11-08,2.49
1971-11-09,2.35
1971-11-10,2.3
1971-11-11,2.26
1971-11-12,2.33
1971-11-13,2.3
1971-11-14,2.22
1971-11-15,2.16
1971-11-16,2.22
1971-11-17,2.31
1971-11-18,2.35
1971-11-19,2.37
1971-11-20,2.37
1971-11-21,2.37
1971-11-22,2.37
1971-11-23,2.37
1971-11-24,2.37
1971-11-25,2.54
1971-11-26,2.76
1971-11-27,2.76
1971-11-28,2.86
1971-11-29,2.9
1971-11-30,2.82
1971-12-01,3.01
1971-12-02,3.46
1971-12-03,3.64
1971-12-04,3.46
1971-12-05,3.21
1971-12-06,2.99
1971-12-07,2.9
1971-12-08,2.99
1971-12-09,3.01
1971-12-10,2.99
1971-12-11,2.94
1971-12-12,2.99
1971-12-13,3.0
1971-12-14,3.17
1971-12-15,3.35
1971-12-16,3.35
1971-12-17,3.57
1971-12-18,3.52
1971-12-19,3.46
1971-12-20,3.41
1971-12-21,3.35
1971-12-22,3.27
1971-12-23,3.16
1971-12-24,3.08
1971-12-25,3.08
1971-12-26,2.96
1971-12-27,2.94
1971-12-28,2.94
1971-12-29,2.83
1971-12-30,2.8
1971-12-31,2.81
1972-01-01,2.79
1972-01-02,2.86
1972-01-03,2.96
1972-01-04,3.01
1972-01-05,3.09
1972-01-06,3.17
1972-01-07,3.22
1972-01-08,3.24
1972-01-09,3.24
1972-01-10,3.11
1972-01-11,3.0
1972-01-12,2.9
1972-01-13,2.93
1972-01-14,3.05
1972-01-15,3.04
1972-01-16,2.9
1972-01-17,2.81
1972-01-18,2.85
1972-01-19,2.89
1972-01-20,2.9
1972-01-21,2.89
1972-01-22,2.92
1972-01-23,2.97
1972-01-24,2.93
1972-01-25,2.85
1972-01-26,2.96
1972-01-27,3.1
1972-01-28,3.18
1972-01-29,3.19
1972-01-30,3.09
1972-01-31,3.08
1972-02-01,3.09
1972-02-02,3.16
1972-02-03,3.17
1972-02-04,3.25
1972-02-05,3.31
1972-02-06,3.48
1972-02-07,3.74
1972-02-08,4.07
1972-02-09,4.2
1972-02-10,4.71
1972-02-11,4.62
1972-02-12,4.42
1972-02-13,3.4
1972-02-14,3.92
1972-02-15,3.97
1972-02-16,4.02
1972-02-17,4.1
1972-02-18,4.1
1972-02-19,4.17
1972-02-20,4.33
1972-02-21,4.37
1972-02-22,4.04
1972-02-23,3.97
1972-02-24,3.86
1972-02-25,3.75
1972-02-26,3.71
1972-02-27,3.79
1972-02-28,3.79
1972-02-29,4.04
1972-03-01,4.09
1972-03-02,3.98
1972-03-03,3.78
1972-03-04,3.74
1972-03-05,4.05
1972-03-06,4.24
1972-03-07,4.36
1972-03-08,4.36
1972-03-09,4.59
1972-03-10,5.13
1972-03-11,5.45
1972-03-12,5.28
1972-03-13,4.89
1972-03-14,4.7
1972-03-15,4.45
1972-03-16,4.98
1972-03-17,5.43
1972-03-18,5.4
1972-03-19,5.3
1972-03-20,5.32
1972-03-21,5.44
1972-03-22,5.41
1972-03-23,5.47
1972-03-24,5.51
1972-03-25,5.51
1972-03-26,5.51
1972-03-27,5.51
1972-03-28,5.51
1972-03-29,5.51
1972-03-30,5.51
1972-03-31,5.34
1972-04-01,5.06
1972-04-02,4.77
1972-04-03,4.66
1972-04-04,4.61
1972-04-05,4.88
1972-04-06,4.83
1972-04-07,4.54
1972-04-08,4.43
1972-04-09,4.39
1972-04-10,4.86
1972-04-11,5.44
1972-04-12,5.36
1972-04-13,5.04
1972-04-14,4.88
1972-04-15,4.81
1972-04-16,4.59
1972-04-17,4.32
1972-04-18,4.46
1972-04-19,4.9
1972-04-20,5.0
1972-04-21,4.82
1972-04-22,4.75
1972-04-23,4.3
1972-04-24,4.21
1972-04-25,4.17
1972-04-26,4.12
1972-04-27,3.99
1972-04-28,3.93
1972-04-29,3.76
1972-04-30,3.62
1972-05-01,3.56
1972-05-02,3.45
1972-05-03,3.36
1972-05-04,3.23
1972-05-05,3.19
1972-05-06,3.11
1972-05-07,3.07
1972-05-08,3.06
1972-05-09,3.01
1972-05-10,2.99
1972-05-11,3.01
1972-05-12,2.97
1972-05-13,2.88
1972-05-14,2.75
1972-05-15,2.64
1972-05-16,2.63
1972-05-17,2.63
1972-05-18,2.61
1972-05-19,2.62
1972-05-20,2.63
1972-05-21,2.68
1972-05-22,2.81
1972-05-23,2.93
1972-05-24,2.93
1972-05-25,2.51
1972-05-26,2.8
1972-05-27,2.79
1972-05-28,2.75
1972-05-29,2.57
1972-05-30,2.37
1972-05-31,2.25
1972-06-01,2.21
1972-06-02,2.22
1972-06-03,2.23
1972-06-04,2.2
1972-06-05,2.16
1972-06-06,2.18
1972-06-07,2.15
1972-06-08,2.13
1972-06-09,2.24
1972-06-10,2.38
1972-06-11,2.4
1972-06-12,2.44
1972-06-13,2.41
1972-06-14,2.32
1972-06-15,2.31
1972-06-16,2.29
1972-06-17,2.29
1972-06-18,2.28
1972-06-19,2.28
1972-06-20,2.23
1972-06-21,2.21
1972-06-22,2.19
1972-06-23,2.18
1972-06-24,2.06
1972-06-25,2.02
1972-06-26,2.02
1972-06-27,2.01
1972-06-28,1.98
1972-06-29,1.91
1972-06-30,1.9
1972-07-01,1.85
1972-07-02,1.73
1972-07-03,1.69
1972-07-04,1.72
1972-07-05,1.83
1972-07-06,1.98
1972-07-07,2.17
1972-07-08,2.3
1972-07-09,2.28
1972-07-10,2.22
1972-07-11,2.1
1972-07-12,2.01
1972-07-13,2.06
1972-07-14,2.08
1972-07-15,2.07
1972-07-16,2.02
1972-07-17,2.04
1972-07-18,2.08
1972-07-19,2.08
1972-07-20,2.11
1972-07-21,2.19
1972-07-22,2.24
1972-07-23,2.26
1972-07-24,2.14
1972-07-25,2.04
1972-07-26,2.11
1972-07-27,2.28
1972-07-28,2.39
1972-07-29,2.49
1972-07-30,2.48
1972-07-31,2.37
1972-08-01,2.29
1972-08-02,2.23
1972-08-03,2.24
1972-08-04,2.19
1972-08-05,2.19
1972-08-06,2.2
1972-08-07,2.07
1972-08-08,2.07
1972-08-09,2.04
1972-08-10,2.05
1972-08-11,2.08
1972-08-12,2.07
1972-08-13,2.02
1972-08-14,2.01
1972-08-15,2.0
1972-08-16,2.04
1972-08-17,2.09
1972-08-18,2.1
1972-08-19,2.1
1972-08-20,2.13
1972-08-21,2.17
1972-08-22,2.07
1972-08-23,1.95
1972-08-24,1.91
1972-08-25,1.92
1972-08-26,1.99
1972-08-27,2.05
1972-08-28,2.01
1972-08-29,2.05
1972-08-30,2.14
1972-08-31,2.18
1972-09-01,2.09
1972-09-02,2.19
1972-09-03,2.31
1972-09-04,2.15
1972-09-05,1.97
1972-09-06,1.89
1972-09-07,1.85
1972-09-08,1.78
1972-09-09,1.74
1972-09-10,1.63
1972-09-11,1.65
1972-09-12,1.73
1972-09-13,1.78
1972-09-14,1.78
1972-09-15,1.64
1972-09-16,1.55
1972-09-17,1.67
1972-09-18,1.84
1972-09-19,1.99
1972-09-20,2.08
1972-09-21,2.05
1972-09-22,1.99
1972-09-23,1.89
1972-09-24,1.73
1972-09-25,1.71
1972-09-26,1.71
1972-09-27,1.7
1972-09-28,1.7
1972-09-29,1.72
1972-09-30,1.71
1972-10-01,1.8
1972-10-02,1.98
1972-10-03,2.06
1972-10-04,2.05
1972-10-05,2.23
1972-10-06,2.42
1972-10-07,2.37
1972-10-08,2.16
1972-10-09,1.99
1972-10-10,1.94
1972-10-11,1.99
1972-10-12,2.01
1972-10-13,2.05
1972-10-14,2.09
1972-10-15,2.2
1972-10-16,2.24
1972-10-17,2.38
1972-10-18,2.31
1972-10-19,2.19
1972-10-20,2.18
1972-10-21,2.11
1972-10-22,2.07
1972-10-23,2.13
1972-10-24,2.09
1972-10-25,1.96
1972-10-26,1.89
1972-10-27,1.89
1972-10-28,1.89
1972-10-29,1.93
1972-10-30,2.01
1972-10-31,2.05
1972-11-01,2.16
1972-11-02,2.28
1972-11-03,2.33
1972-11-04,2.23
1972-11-05,2.2
1972-11-06,2.37
1972-11-07,2.41
1972-11-08,2.4
1972-11-09,2.37
1972-11-10,2.38
1972-11-11,2.34
1972-11-12,2.29
1972-11-13,2.39
1972-11-14,2.31
1972-11-15,2.46
1972-11-16,2.72
1972-11-17,3.01
1972-11-18,3.21
1972-11-19,3.41
1972-11-20,3.72
1972-11-21,3.98
1972-11-22,3.81
1972-11-23,3.42
1972-11-24,3.35
1972-11-25,3.68
1972-11-26,3.65
1972-11-27,3.8
1972-11-28,4.16
1972-11-29,4.14
1972-11-30,3.88
1972-12-01,3.71
1972-12-02,3.58
1972-12-03,3.65
1972-12-04,3.54
1972-12-05,3.35
1972-12-06,3.28
1972-12-07,3.23
1972-12-08,3.25
1972-12-09,3.47
1972-12-10,3.46
1972-12-11,3.5
1972-12-12,3.55
1972-12-13,3.51
1972-12-14,3.71
1972-12-15,4.1
1972-12-16,4.15
1972-12-17,4.0
1972-12-18,3.96
1972-12-19,3.71
1972-12-20,3.63
1972-12-21,3.72
1972-12-22,3.84
1972-12-23,3.75
1972-12-24,3.68
1972-12-25,3.73
1972-12-26,3.9
1972-12-27,4.17
1972-12-28,4.32
1972-12-29,4.42
1972-12-30,4.54
1972-12-31,4.73
1973-01-01,4.98
1973-01-02,5.11
1973-01-03,5.04
1973-01-04,4.84
1973-01-05,4.96
1973-01-06,5.05
1973-01-07,5.04
1973-01-08,4.82
1973-01-09,4.51
1973-01-10,4.41
1973-01-11,4.44
1973-01-12,4.36
1973-01-13,4.25
1973-01-14,4.31
1973-01-15,4.38
1973-01-16,4.47
1973-01-17,4.75
1973-01-18,5.19
1973-01-19,5.51
1973-01-20,5.58
1973-01-21,5.14
1973-01-22,4.91
1973-01-23,4.96
1973-01-24,5.19
1973-01-25,5.81
1973-01-26,6.0
1973-01-27,5.89
1973-01-28,5.41
1973-01-29,4.94
1973-01-30,4.66
1973-01-31,4.47
1973-02-01,4.28
1973-02-02,4.44
1973-02-03,4.79
1973-02-04,4.99
1973-02-05,5.61
1973-02-06,5.76
1973-02-07,5.61
1973-02-08,5.69
1973-02-09,5.85
1973-02-10,5.91
1973-02-11,5.7
1973-02-12,5.36
1973-02-13,5.13
1973-02-14,5.08
1973-02-15,5.11
1973-02-16,4.86
1973-02-17,4.54
1973-02-18,4.78
1973-02-19,5.39
1973-02-20,5.51
1973-02-21,5.44
1973-02-22,5.3
1973-02-23,5.31
1973-02-24,5.21
1973-02-25,5.08
1973-02-26,5.0
1973-02-27,4.95
1973-02-28,4.87
1973-03-01,4.85
1973-03-02,5.17
1973-03-03,5.62
1973-03-04,5.57
1973-03-05,5.26
1973-03-06,5.09
1973-03-07,6.34
1973-03-08,8.22
1973-03-09,8.24
1973-03-10,7.34
1973-03-11,6.5
1973-03-12,6.14
1973-03-13,6.16
1973-03-14,6.21
1973-03-15,6.15
1973-03-16,5.95
1973-03-17,6.06
1973-03-18,6.08
1973-03-19,5.77
1973-03-20,5.36
1973-03-21,5.0
1973-03-22,4.71
1973-03-23,4.48
1973-03-24,4.34
1973-03-25,4.34
1973-03-26,4.24
1973-03-27,4.32
1973-03-28,4.35
1973-03-29,4.35
1973-03-30,4.33
1973-03-31,4.24
1973-04-01,4.35
1973-04-02,4.43
1973-04-03,4.4
1973-04-04,4.66
1973-04-05,4.94
1973-04-06,5.37
1973-04-07,5.79
1973-04-08,5.9
1973-04-09,5.86
1973-04-10,5.66
1973-04-11,5.71
1973-04-12,5.67
1973-04-13,5.39
1973-04-14,5.46
1973-04-15,5.21
1973-04-16,5.04
1973-04-17,4.95
1973-04-18,4.78
1973-04-19,4.58
1973-04-20,4.4
1973-04-21,4.26
1973-04-22,4.16
1973-04-23,4.14
1973-04-24,4.03
1973-04-25,3.84
1973-04-26,3.71
1973-04-27,3.68
1973-04-28,3.65
1973-04-29,3.54
1973-04-30,3.54
1973-05-01,3.6
1973-05-02,3.64
1973-05-03,3.76
1973-05-04,3.71
1973-05-05,3.56
1973-05-06,3.44
1973-05-07,3.44
1973-05-08,3.39
1973-05-09,3.32
1973-05-10,3.23
1973-05-11,3.1
1973-05-12,2.97
1973-05-13,2.97
1973-05-14,2.95
1973-05-15,2.85
1973-05-16,2.69
1973-05-17,2.64
1973-05-18,2.59
1973-05-19,2.59
1973-05-20,2.6
1973-05-21,2.67
1973-05-22,2.66
1973-05-23,2.58
1973-05-24,2.53
1973-05-25,2.47
1973-05-26,2.44
1973-05-27,2.45
1973-05-28,2.52
1973-05-29,2.61
1973-05-30,2.58
1973-05-31,2.57
1973-06-01,2.57
1973-06-02,2.52
1973-06-03,2.51
1973-06-04,2.44
1973-06-05,2.38
1973-06-06,2.41
1973-06-07,2.48
1973-06-08,2.54
1973-06-09,2.43
1973-06-10,2.35
1973-06-11,2.33
1973-06-12,2.38
1973-06-13,2.44
1973-06-14,2.38
1973-06-15,2.36
1973-06-16,2.47
1973-06-17,2.56
1973-06-18,2.68
1973-06-19,2.73
1973-06-20,2.66
1973-06-21,2.46
1973-06-22,2.34
1973-06-23,2.26
1973-06-24,2.16
1973-06-25,2.07
1973-06-26,1.96
1973-06-27,1.91
1973-06-28,1.91
1973-06-29,1.95
1973-06-30,1.98
1973-07-01,2.06
1973-07-02,2.01
1973-07-03,1.89
1973-07-04,1.82
1973-07-05,1.8
1973-07-06,1.83
1973-07-07,1.85
1973-07-08,1.85
1973-07-09,1.88
1973-07-10,1.88
1973-07-11,1.88
1973-07-12,1.9
1973-07-13,1.95
1973-07-14,1.99
1973-07-15,1.99
1973-07-16,2.06
1973-07-17,2.15
1973-07-18,2.23
1973-07-19,2.18
1973-07-20,2.12
1973-07-21,2.17
1973-07-22,2.36
1973-07-23,2.45
1973-07-24,2.35
1973-07-25,2.31
1973-07-26,2.28
1973-07-27,2.27
1973-07-28,2.14
1973-07-29,2.04
1973-07-30,2.05
1973-07-31,2.1
1973-08-01,2.11
1973-08-02,2.11
1973-08-03,2.11
1973-08-04,2.1
1973-08-05,2.05
1973-08-06,2.03
1973-08-07,2.03
1973-08-08,2.03
1973-08-09,2.08
1973-08-10,2.12
1973-08-11,2.14
1973-08-12,2.16
1973-08-13,2.13
1973-08-14,2.1
1973-08-15,2.09
1973-08-16,2.11
1973-08-17,2.14
1973-08-18,2.18
1973-08-19,2.26
1973-08-20,2.37
1973-08-21,2.31
1973-08-22,2.13
1973-08-23,1.92
1973-08-24,1.86
1973-08-25,1.81
1973-08-26,1.83
1973-08-27,1.92
1973-08-28,2.07
1973-08-29,2.19
1973-08-30,2.3
1973-08-31,2.22
1973-09-01,2.03
1973-09-02,1.99
1973-09-03,1.94
1973-09-04,1.92
1973-09-05,1.96
1973-09-06,1.94
1973-09-07,1.31
1973-09-08,1.73
1973-09-09,1.66
1973-09-10,1.63
1973-09-11,1.55
1973-09-12,1.59
1973-09-13,1.62
1973-09-14,1.7
1973-09-15,1.75
1973-09-16,1.79
1973-09-17,1.85
1973-09-18,1.77
1973-09-19,1.81
1973-09-20,1.86
1973-09-21,1.92
1973-09-22,1.93
1973-09-23,1.91
1973-09-24,1.95
1973-09-25,1.97
1973-09-26,1.96
1973-09-27,1.99
1973-09-28,1.99
1973-09-29,1.99
1973-09-30,2.02
1973-10-01,2.03
1973-10-02,2.2
1973-10-03,2.09
1973-10-04,2.07
1973-10-05,2.01
1973-10-06,1.96
1973-10-07,1.95
1973-10-08,2.04
1973-10-09,2.19
1973-10-10,2.28
1973-10-11,2.33
1973-10-12,2.33
1973-10-13,2.4
1973-10-14,2.69
1973-10-15,2.64
1973-10-16,2.45
1973-10-17,2.31
1973-10-18,2.28
1973-10-19,2.45
1973-10-20,2.57
1973-10-21,2.54
1973-10-22,2.6
1973-10-23,2.62
1973-10-24,2.64
1973-10-25,2.67
1973-10-26,2.67
1973-10-27,2.6
1973-10-28,2.57
1973-10-29,2.61
1973-10-30,2.64
1973-10-31,2.81
1973-11-01,2.96
1973-11-02,2.94
1973-11-03,2.84
1973-11-04,2.87
1973-11-05,2.9
1973-11-06,3.01
1973-11-07,3.05
1973-11-08,3.01
1973-11-09,3.03
1973-11-10,3.09
1973-11-11,3.13
1973-11-12,3.22
1973-11-13,3.27
1973-11-14,3.32
1973-11-15,3.31
1973-11-16,3.24
1973-11-17,3.41
1973-11-18,3.57
1973-11-19,3.49
1973-11-20,3.39
1973-11-21,3.46
1973-11-22,3.56
1973-11-23,3.62
1973-11-24,3.45
1973-11-25,3.32
1973-11-26,3.27
1973-11-27,3.22
1973-11-28,3.18
1973-11-29,3.12
1973-11-30,3.09
1973-12-01,3.14
1973-12-02,3.06
1973-12-03,2.96
1973-12-04,2.93
1973-12-05,2.88
1973-12-06,2.97
1973-12-07,2.96
1973-12-08,2.88
1973-12-09,2.84
1973-12-10,2.72
1973-12-11,2.68
1973-12-12,2.83
1973-12-13,3.16
1973-12-14,3.19
1973-12-15,3.18
1973-12-16,3.19
1973-12-17,3.19
1973-12-18,3.19
1973-12-19,3.18
1973-12-20,3.19
1973-12-21,3.19
1973-12-22,3.18
1973-12-23,3.18
1973-12-24,3.19
1973-12-25,3.18
1973-12-26,3.19
1973-12-27,3.19
1973-12-28,3.17
1973-12-29,3.14
1973-12-30,3.16
1973-12-31,3.16
1974-01-01,3.1703125
1974-01-02,3.180625
1974-02-01,3.49
1974-02-02,3.34
1974-02-03,3.37
1974-02-04,2.96
1974-02-05,3.06
1974-02-06,3.17
1974-02-07,3.33
1974-02-08,3.79
1974-02-09,3.88
1974-02-10,4.86
1974-02-11,3.88
1974-02-12,3.85
1974-02-13,3.04
1974-02-14,3.38
1974-02-15,3.71
1974-02-16,3.71
1974-02-17,3.71
1974-02-18,3.71
1974-02-19,3.72
1974-02-20,3.77
1974-02-21,3.82
1974-02-22,3.87
1974-02-23,3.84
1974-02-24,3.9
1974-02-25,3.88
1974-02-26,3.93
1974-02-27,3.92
1974-02-28,3.89
1974-03-01,3.97
1974-03-02,3.98
1974-03-03,3.97
1974-03-04,4.0
1974-03-05,4.07
1974-03-06,4.09
1974-03-07,4.14
1974-03-08,4.2
1974-03-09,4.22
1974-03-10,4.19
1974-03-11,4.2
1974-03-12,4.33
1974-03-13,4.39
1974-03-14,4.4
1974-03-15,4.45
1974-03-16,4.41
1974-03-17,4.35
1974-03-18,4.34
1974-03-19,4.33
1974-03-20,4.33
1974-03-21,4.34
1974-03-22,4.36
1974-03-23,4.4
1974-03-24,4.4
1974-03-25,4.33
1974-03-26,4.16
1974-03-27,3.99
1974-03-28,3.98
1974-03-29,3.98
1974-03-30,4.02
1974-03-31,4.29
1974-04-01,4.37
1974-04-02,4.32
1974-04-03,4.35
1974-04-04,4.32
1974-04-05,4.14
1974-04-06,3.97
1974-04-07,3.87
1974-04-08,3.17
1974-04-09,3.6
1974-04-10,3.65
1974-04-11,3.68
1974-04-12,3.69
1974-04-13,3.67
1974-04-14,3.66
1974-04-15,3.68
1974-04-16,3.94
1974-04-17,4.03
1974-04-18,3.92
1974-04-19,3.72
1974-04-20,3.6
1974-04-21,3.44
1974-04-22,3.37
1974-04-23,3.28
1974-04-24,3.17
1974-04-25,3.13
1974-04-26,3.13
1974-04-27,3.14
1974-04-28,3.16
1974-04-29,3.26
1974-04-30,3.18
1974-05-01,3.11
1974-05-02,3.08
1974-05-03,3.06
1974-05-04,3.06
1974-05-05,3.08
1974-05-06,3.04
1974-05-07,2.99
1974-05-08,2.86
1974-05-09,2.74
1974-05-10,2.63
1974-05-11,2.63
1974-05-12,2.66
1974-05-13,2.56
1974-05-14,2.5
1974-05-15,2.52
1974-05-16,2.58
1974-05-17,2.61
1974-05-18,2.62
1974-05-19,2.66
1974-05-20,2.61
1974-05-21,2.51
1974-05-22,2.4
1974-05-23,2.09
1974-05-24,2.05
1974-05-25,2.08
1974-05-26,2.11
1974-05-27,2.09
1974-05-28,2.04
1974-05-29,2.01
1974-05-30,1.95
1974-05-31,1.93
1974-06-01,2.0
1974-06-02,1.99
1974-06-03,2.01
1974-06-04,2.01
1974-06-05,1.97
1974-06-06,1.92
1974-06-07,1.92
1974-06-08,1.91
1974-06-09,1.91
1974-06-10,1.88
1974-06-11,1.95
1974-06-12,1.9
1974-06-13,1.77
1974-06-14,1.69
1974-06-15,1.68
1974-06-16,1.68
1974-06-17,1.72
1974-06-18,1.7
1974-06-19,1.64
1974-06-20,1.59
1974-06-21,1.68
1974-06-22,1.67
1974-06-23,2.6
1974-06-24,1.55
1974-06-25,1.59
1974-06-26,1.63
1974-06-27,1.63
1974-06-28,1.62
1974-06-29,1.6
1974-06-30,1.57
1974-07-01,1.51
1974-07-02,1.47
1974-07-03,1.42
1974-07-04,1.38
1974-07-05,1.38
1974-07-06,1.38
1974-07-07,1.38
1974-07-08,1.32
1974-07-09,1.26
1974-07-10,1.25
1974-07-11,1.25
1974-07-12,1.27
1974-07-13,1.32
1974-07-14,1.35
1974-07-15,1.4
1974-07-16,1.4
1974-07-17,1.39
1974-07-18,1.44
1974-07-19,1.45
1974-07-20,1.44
1974-07-21,1.42
1974-07-22,1.42
1974-07-23,1.38
1974-07-24,1.35
1974-07-25,1.31
1974-07-26,1.29
1974-07-27,1.23
1974-07-28,1.19
1974-07-29,1.16
1974-07-30,1.14
1974-07-31,1.13
1974-08-01,1.17
1974-08-02,1.24
1974-08-03,1.26
1974-08-04,1.28
1974-08-05,1.3
1974-08-06,1.35
1974-08-07,1.36
1974-08-08,1.38
1974-08-09,1.43
1974-08-10,1.45
1974-08-11,1.46
1974-08-12,1.46
1974-08-13,1.45
1974-08-14,1.43
1974-08-15,1.46
1974-08-16,1.53
1974-08-17,1.57
1974-08-18,1.67
1974-08-19,1.58
1974-08-20,1.57
1974-08-21,1.6
1974-08-22,1.66
1974-08-23,1.67
1974-08-24,1.5
1974-08-25,1.43
1974-08-26,1.42
1974-08-27,1.41
1974-08-28,1.39
1974-08-29,1.39
1974-08-30,1.34
1974-08-31,1.28
1974-09-01,1.28
1974-09-02,1.28
