date,discharge_m3s
1952-12-09,2.53
1952-12-10,2.44
1952-12-11,2.46
1952-12-12,2.5
1952-12-13,2.74
1952-12-14,2.41
1952-12-15,2.9
1952-12-16,3.71
1952-12-17,3.93
1952-12-18,2.92
1952-12-19,4.11
1952-12-20,2.82
1952-12-21,3.03
1952-12-22,3.62
1952-12-23,2.54
1952-12-24,3.4
1952-12-25,2.74
1952-12-26,2.97
1952-12-27,2.48
1952-12-28,2.02
1952-12-29,2.11
1952-12-30,2.16
1952-12-31,2.31
1953-01-01,3.28
1953-01-02,3.22
1953-01-03,3.41
1953-01-04,3.67
1953-01-05,3.17
1953-01-06,2.47
1953-01-07,2.84
1953-01-08,2.49
1953-01-09,2.67
1953-01-10,2.87
1953-01-11,3.36
1953-01-12,5.88
1953-01-13,6.04
1953-01-14,5.85
1953-01-15,6.49
1953-01-16,6.78
1953-01-17,6.32
1953-01-18,5.66
1953-01-19,4.05
1953-01-20,3.22
1953-01-21,3.44
1953-01-22,4.76
1953-01-23,5.07
1953-01-24,4.95
1953-01-25,7.52
1953-01-26,6.29
1953-01-27,5.07
1953-01-28,5.18
1953-01-29,5.89
1953-01-30,5.17
1953-01-31,5.04
1953-02-01,7.8
1953-02-02,7.67
1953-02-03,10.24
1953-02-04,11.39
1953-02-05,14.67
1953-02-06,20.42
1953-02-07,15.01
1953-02-08,12.54
1953-02-09,11.05
1953-02-10,9.59
1953-02-11,9.58
1953-02-12,9.5
1953-02-13,9.74
1953-02-14,8.29
1953-02-15,7.92
1953-02-16,8.13
1953-02-17,13.73
1953-02-18,15.95
1953-02-19,15.0
1953-02-20,13.51
1953-02-21,10.41
1953-02-22,8.52
1953-02-23,8.08
1953-02-24,7.13
1953-02-25,6.35
1953-02-26,5.92
1953-02-27,4.99
1953-02-28,5.73
1953-03-01,5.36
1953-03-02,4.6
1953-03-03,4.8
1953-03-04,5.0
1953-03-05,5.4
1953-03-06,5.8
1953-03-07,6.19
1953-03-08,7.84
1953-03-09,6.84
1953-03-10,6.6
1953-03-11,12.88
1953-03-12,12.13
1953-03-13,11.6
1953-03-14,10.28
1953-03-15,11.61
1953-03-16,9.2
1953-03-17,8.82
1953-03-18,11.78
1953-03-19,19.74
1953-03-20,16.95
1953-03-21,15.63
1953-03-22,12.1
1953-03-23,9.64
1953-03-24,10.22
1953-03-25,8.63
1953-03-26,8.22
1953-03-27,6.68
1953-03-28,6.67
1953-03-29,5.92
1953-03-30,5.33
1953-03-31,5.02
1953-04-01,4.38
1953-04-02,4.82
1953-04-03,7.68
1953-04-04,8.98
1953-04-05,7.43
1953-04-06,9.08
1953-04-07,8.38
1953-04-08,11.13
1953-04-09,9.92
1953-04-10,8.64
1953-04-11,7.72
1953-04-12,15.21
1953-04-13,10.79
1953-04-14,8.58
1953-04-15,8.3
1953-04-16,7.97
1953-04-17,6.77
1953-04-18,5.57
1953-04-19,4.91
1953-04-20,4.88
1953-04-21,4.08
1953-04-22,3.72
1953-04-23,3.56
1953-04-24,3.34
1953-04-25,3.22
1953-04-26,3.1
1953-04-27,2.99
1953-04-28,2.88
1953-04-29,2.79
1953-04-30,3.26
1953-05-01,2.77
1953-05-02,2.57
1953-05-03,2.7
1953-05-04,2.83
1953-05-05,2.98
1953-05-06,2.84
1953-05-07,2.84
1953-05-08,3.21
1953-05-09,3.29
1953-05-10,2.84
1953-05-11,2.91
1953-05-12,3.21
1953-05-13,2.7
1953-05-14,2.44
1953-05-15,2.32
1953-05-16,2.5
1953-05-17,2.57
1953-05-18,2.26
1953-05-19,2.15
1953-05-20,2.04
1953-05-21,1.98
1953-05-22,1.88
1953-05-23,1.83
1953-05-24,1.74
1953-05-25,1.83
1953-05-26,1.74
1953-05-27,1.69
1953-05-28,1.69
1953-05-29,1.65
1953-05-30,1.6
1953-05-31,1.35
1953-06-01,1.31
1953-06-02,1.47
1953-06-03,1.51
1953-06-04,1.51
1953-06-05,1.51
1953-06-06,1.51
1953-06-07,1.43
1953-06-08,1.43
1953-06-09,1.43
1953-06-10,1.39
1953-06-11,1.39
1953-06-12,1.2
1953-06-13,1.13
1953-06-14,1.13
1953-06-15,1.13
1953-06-16,1.27
1953-06-17,1.27
1953-06-18,1.2
1953-06-19,1.13
1953-06-20,1.2
1953-06-21,1.27
1953-06-22,1.43
1953-06-23,1.43
1953-06-24,1.43
1953-06-25,1.43
1953-06-26,1.43
1953-06-27,1.35
1953-06-28,1.39
1953-06-29,1.39
1953-06-30,1.39
1953-07-01,1.27
1953-07-02,1.2
1953-07-03,1.21
1953-07-04,1.35
1953-07-05,1.27
1953-07-06,1.35
1953-07-07,1.13
1953-07-08,1.06
1953-07-09,1.1
1953-07-10,1.17
1953-07-11,1.06
1953-07-12,0.99
1953-07-13,0.92
1953-07-14,1.13
1953-07-15,1.2
1953-07-16,1.27
1953-07-17,1.31
1953-07-18,1.2
1953-07-19,1.17
1953-07-20,1.17
1953-07-21,1.17
1953-07-22,1.21
1953-07-23,1.26
1953-07-24,1.19
1953-07-25,1.12
1953-07-26,1.19
1953-07-27,1.3
1953-07-28,1.21
1953-07-29,1.22
1953-07-30,1.23
1953-07-31,1.32
1953-08-01,1.2
1953-08-02,1.14
1953-08-03,1.17
1953-08-04,1.02
1953-08-05,0.89
1953-08-06,0.88
1953-08-07,1.0
1953-08-08,1.14
1953-08-09,1.21
1953-08-10,1.16
1953-08-11,1.09
1953-08-12,1.07
1953-08-13,1.13
1953-08-14,0.98
1953-08-15,0.97
1953-08-16,1.14
1953-08-17,1.07
1953-08-18,0.93
1953-08-19,0.89
1953-08-20,1.0
1953-08-21,0.94
1953-08-22,0.9
1953-08-23,0.89
1953-08-24,1.06
1953-08-25,1.1
1953-08-26,0.94
1953-08-27,0.8
1953-08-28,0.8
1953-08-29,0.62
1953-08-30,0.71
1953-08-31,0.66
1953-09-01,0.86
1953-09-02,0.8
1953-09-03,0.95
1953-09-04,1.07
1953-09-05,1.16
1953-09-06,1.08
1953-09-07,1.38
1953-09-08,1.36
1953-09-09,1.2
1953-09-10,1.32
1953-09-11,1.27
1953-09-12,1.19
1953-09-13,1.43
1953-09-14,1.59
1953-09-15,1.57
1953-09-16,1.51
1953-09-17,1.13
1953-09-18,0.92
1953-09-19,0.99
1953-09-20,1.0
1953-09-21,0.96
1953-09-22,0.98
1953-09-23,1.31
1953-09-24,1.43
1953-09-25,1.55
1953-09-26,1.17
1953-09-27,1.22
1953-09-28,1.34
1953-09-29,1.43
1953-09-30,1.69
1953-10-01,1.57
1953-10-02,1.26
1953-10-03,1.2
1953-10-04,1.24
1953-10-05,1.17
1953-10-06,1.38
1953-10-07,1.46
1953-10-08,1.47
1953-10-09,1.85
1953-10-10,1.64
1953-10-11,1.26
1953-10-12,1.14
1953-10-13,1.35
1953-10-14,1.36
1953-10-15,1.26
1953-10-16,1.17
1953-10-17,1.23
1953-10-18,1.3
1953-10-19,1.41
1953-10-20,1.59
1953-10-21,1.7
1953-10-22,1.86
1953-10-23,2.14
1953-10-24,2.43
1953-10-25,2.58
1953-10-26,3.0
1953-10-27,5.58
1953-10-28,5.11
1953-10-29,4.41
1953-10-30,4.85
1953-10-31,5.27
1953-11-01,5.33
1953-11-02,4.85
1953-11-03,4.43
1953-11-04,3.7
1953-11-05,3.69
1953-11-06,4.13
1953-11-07,3.25
1953-11-08,2.88
1953-11-09,3.87
1953-11-10,4.84
1953-11-11,3.92
1953-11-12,3.18
1953-11-13,2.36
1953-11-14,2.13
1953-11-15,1.74
1953-11-16,1.83
1953-11-17,2.29
1953-11-18,2.7
1953-11-19,2.95
1953-11-20,3.93
1953-11-21,3.99
1953-11-22,3.93
1953-11-23,4.15
1953-11-24,4.12
1953-11-25,4.04
1953-11-26,3.26
1953-11-27,4.04
1953-11-28,4.18
1953-11-29,4.34
1953-11-30,4.73
1953-12-01,6.5
1953-12-02,6.32
1953-12-03,5.0
1953-12-04,4.04
1953-12-05,4.05
1953-12-06,4.31
1953-12-07,3.83
1953-12-08,3.41
1953-12-09,3.25
1953-12-10,3.25
1953-12-11,4.17
1953-12-12,6.49
1953-12-13,5.7
1953-12-14,4.11
1953-12-15,3.37
1953-12-16,2.62
1953-12-17,3.11
1953-12-18,4.61
1953-12-19,4.08
1953-12-20,2.94
1953-12-21,2.55
1953-12-22,2.3
1953-12-23,2.27
1953-12-24,2.03
1953-12-25,2.17
1953-12-26,2.02
1953-12-27,1.96
1953-12-28,2.18
1953-12-29,2.06
1953-12-30,1.98
1953-12-31,1.92
1954-01-01,2.15
1954-01-02,2.28
1954-01-03,2.99
1954-01-04,3.16
1954-01-05,3.28
1954-01-06,4.48
1954-01-07,6.71
1954-01-08,7.23
1954-01-09,6.86
1954-01-10,7.21
1954-01-11,10.29
1954-01-12,11.88
1954-01-13,10.38
1954-01-14,15.89
1954-01-15,16.81
1954-01-16,12.96
1954-01-17,15.9
1954-01-18,23.5
1954-01-19,19.96
1954-01-20,16.46
1954-01-21,15.08
1954-01-22,10.67
1954-01-23,9.96
1954-01-24,7.79
1954-01-25,6.47
1954-01-26,8.25
1954-01-27,13.13
1954-01-28,13.75
1954-01-29,10.54
1954-01-30,12.12
1954-01-31,13.11
1954-02-01,12.17
1954-02-02,11.83
1954-02-03,12.29
1954-02-04,11.71
1954-02-05,11.0
1954-02-06,10.5
1954-02-07,10.0
1954-02-08,9.5
1954-02-09,9.0
1954-02-10,8.58
1954-02-11,8.07
1954-02-12,7.2
1954-02-13,6.13
1954-02-14,5.27
1954-02-15,4.54
1954-02-16,4.11
1954-02-17,4.23
1954-02-18,5.22
1954-02-19,6.93
1954-02-20,6.03
1954-02-21,4.8
1954-02-22,4.86
1954-02-23,5.25
1954-02-24,6.92
1954-02-25,13.05
1954-02-26,11.1
1954-02-27,8.31
1954-02-28,8.31
1954-03-01,10.83
1954-03-02,11.23
1954-03-03,15.88
1954-03-04,19.34
1954-03-05,17.61
1954-03-06,17.21
1954-03-07,15.21
1954-03-08,14.38
1954-03-09,14.48
1954-03-10,15.25
1954-03-11,18.13
1954-03-12,15.4
1954-03-13,13.29
1954-03-14,11.5
1954-03-15,9.33
1954-03-16,7.98
1954-03-17,7.87
1954-03-18,7.81
1954-03-19,7.23
1954-03-20,7.44
1954-03-21,8.91
1954-03-22,8.52
1954-03-23,8.59
1954-03-24,7.58
1954-03-25,7.2
1954-03-26,6.13
1954-03-27,5.19
1954-03-28,4.67
1954-03-29,4.1
1954-03-30,4.02
1954-03-31,5.16
1954-04-01,6.23
1954-04-02,5.27
1954-04-03,5.93
1954-04-04,5.09
1954-04-05,4.25
1954-04-06,4.27
1954-04-07,4.54
1954-04-08,6.63
1954-04-09,5.16
1954-04-10,5.36
1954-04-11,5.78
1954-04-12,5.39
1954-04-13,4.96
1954-04-14,4.65
1954-04-15,3.57
1954-04-16,3.26
1954-04-17,3.61
1954-04-18,6.7
1954-04-19,6.16
1954-04-20,5.27
1954-04-21,4.43
1954-04-22,4.16
1954-04-23,4.54
1954-04-24,4.09
1954-04-25,3.92
1954-04-26,3.44
1954-04-27,3.46
1954-04-28,3.25
1954-04-29,2.9
1954-04-30,3.03
1954-05-01,4.34
1954-05-02,3.64
1954-05-03,2.8
1954-05-04,4.07
1954-05-05,4.6
1954-05-06,5.97
1954-05-07,4.84
1954-05-08,4.31
1954-05-09,3.6
1954-05-10,3.52
1954-05-11,2.94
1954-05-12,2.69
1954-05-13,2.53
1954-05-14,2.3
1954-05-15,2.58
1954-05-16,2.86
1954-05-17,2.33
1954-05-18,2.02
1954-05-19,1.91
1954-05-20,1.95
1954-05-21,2.41
1954-05-22,2.43
1954-05-23,2.07
1954-05-24,1.95
1954-05-25,1.87
1954-05-26,1.8
1954-05-27,1.71
1954-05-28,1.79
1954-05-29,1.73
1954-05-30,1.77
1954-05-31,1.79
1954-06-01,1.78
1954-06-02,1.8
1954-06-03,1.82
1954-06-04,1.89
1954-06-05,1.84
1954-06-06,1.83
1954-06-07,1.78
1954-06-08,1.68
1954-06-09,1.64
1954-06-10,1.53
1954-06-11,1.37
1954-06-12,1.38
1954-06-13,1.38
1954-06-14,1.39
1954-06-15,1.42
1954-06-16,1.45
1954-06-17,1.58
1954-06-18,1.58
1954-06-19,1.61
1954-06-20,1.48
1954-06-21,1.54
1954-06-22,1.65
1954-06-23,1.44
1954-06-24,1.48
1954-06-25,1.4
1954-06-26,1.45
1954-06-27,1.5
1954-06-28,1.56
1954-06-29,1.48
1954-06-30,1.45
1954-07-01,1.57
1954-07-02,1.19
1954-07-03,1.21
1954-07-04,1.15
1954-07-05,1.11
1954-07-06,1.2
1954-07-07,1.16
1954-07-08,1.06
1954-07-09,1.06
1954-07-10,1.14
1954-07-11,1.01
1954-07-12,0.86
1954-07-13,1.09
1954-07-14,1.21
1954-07-15,1.22
1954-07-16,1.05
1954-07-17,1.1
1954-07-18,1.13
1954-07-19,1.21
1954-07-20,1.12
1954-07-21,1.11
1954-07-22,1.21
1954-07-23,1.12
1954-07-24,1.11
1954-07-25,1.26
1954-07-26,1.23
1954-07-27,1.21
1954-07-28,1.13
1954-07-29,1.13
1954-07-30,1.1
1954-07-31,1.08
1954-08-01,1.08
1954-08-02,0.83
1954-08-03,1.1
1954-08-04,1.1
1954-08-05,1.1
1954-08-06,1.0
1954-08-07,0.7
1954-08-08,0.58
1954-08-09,0.64
1954-08-10,0.65
1954-08-11,0.69
1954-08-12,0.68
1954-08-13,0.77
1954-08-14,0.88
1954-08-15,0.88
1954-08-16,0.93
1954-08-17,1.01
1954-08-18,1.16
1954-08-19,1.23
1954-08-20,1.21
1954-08-21,1.25
1954-08-22,1.48
1954-08-23,1.49
1954-08-24,1.21
1954-08-25,1.2
1954-08-26,1.18
1954-08-27,0.94
1954-08-28,0.99
1954-08-29,1.26
1954-08-30,1.44
1954-08-31,3.02
1954-09-01,2.26
1954-09-02,1.73
1954-09-03,1.61
1954-09-04,1.33
1954-09-05,1.24
1954-09-06,1.32
1954-09-07,1.49
1954-09-08,1.45
1954-09-09,1.56
1954-09-10,1.76
1954-09-11,1.7
1954-09-12,1.6
1954-09-13,1.5
1954-09-14,1.4
1954-09-15,1.33
1954-09-16,1.16
1954-09-17,1.51
1954-09-18,1.59
1954-09-19,1.54
1954-09-20,1.36
1954-09-21,1.24
1954-09-22,1.66
1954-09-23,1.36
1954-09-24,2.38
1954-09-25,2.76
1954-09-26,2.03
1954-09-27,1.83
1954-09-28,1.93
1954-09-29,1.43
1954-09-30,1.29
1954-10-01,1.3911290322580645
1954-10-02,1.492258064516129
1955-02-01,13.83
1955-02-02,13.4
1955-02-03,12.23
1955-02-04,9.26
1955-02-05,8.45
1955-02-06,7.34
1955-02-07,6.63
1955-02-08,8.51
1955-02-09,8.31
1955-02-10,9.69
1955-02-11,9.71
1955-02-12,9.15
1955-02-13,9.38
1955-02-14,9.56
1955-02-15,8.73
1955-02-16,8.69
1955-02-17,8.98
1955-02-18,8.84
1955-02-19,8.29
1955-02-20,8.39
1955-02-21,13.31
1955-02-22,19.42
1955-02-23,21.44
1955-02-24,27.5
1955-02-25,23.33
1955-02-26,21.54
1955-02-27,18.72
1955-02-28,13.45
1955-03-01,11.11
1955-03-02,9.53
1955-03-03,8.44
1955-03-04,7.58
1955-03-05,7.39
1955-03-06,8.0
1955-03-07,10.3
1955-03-08,10.17
1955-03-09,8.45
1955-03-10,8.6
1955-03-11,8.67
1955-03-12,8.26
1955-03-13,7.61
1955-03-14,10.63
1955-03-15,13.88
1955-03-16,21.47
1955-03-17,20.18
1955-03-18,32.5
1955-03-19,28.0
1955-03-20,25.08
1955-03-21,20.11
1955-03-22,21.34
1955-03-23,20.65
1955-03-24,16.08
1955-03-25,13.25
1955-03-26,15.46
1955-03-27,15.0
1955-03-28,13.13
1955-03-29,11.54
1955-03-30,12.98
1955-03-31,11.88
1955-04-01,12.73
1955-04-02,13.75
1955-04-03,13.44
1955-04-04,10.81
1955-04-05,9.27
1955-04-06,8.28
1955-04-07,7.9
1955-04-08,7.53
1955-04-09,6.33
1955-04-10,5.88
1955-04-11,5.62
1955-04-12,7.93
1955-04-13,6.7
1955-04-14,5.81
1955-04-15,6.0
1955-04-16,5.83
1955-04-17,5.23
1955-04-18,5.15
1955-04-19,5.16
1955-04-20,4.81
1955-04-21,3.8
1955-04-22,3.33
1955-04-23,3.22
1955-04-24,3.05
1955-04-25,3.21
1955-04-26,3.13
1955-04-27,2.76
1955-04-28,2.6
1955-04-29,2.9
1955-04-30,3.14
1955-05-01,3.1209375
1955-05-02,3.101875
1955-06-01,2.53
1955-06-02,2.48
1955-06-03,2.69
1955-06-04,2.17
1955-06-05,1.98
1955-06-06,1.87
1955-06-07,1.86
1955-06-08,1.88
1955-06-09,1.86
1955-06-10,1.75
1955-06-11,1.65
1955-06-12,1.49
1955-06-13,1.36
1955-06-14,1.35
1955-06-15,1.36
1955-06-16,1.32
1955-06-17,1.26
1955-06-18,1.28
1955-06-19,1.28
1955-06-20,1.13
1955-06-21,1.06
1955-06-22,1.22
1955-06-23,1.1
1955-06-24,1.05
1955-06-25,1.0
1955-06-26,1.0
1955-06-27,1.0
1955-06-28,1.05
1955-06-29,1.05
1955-06-30,1.05
1955-07-01,1.056031746031746
1955-07-02,1.0620634920634922
1955-09-01,1.43
1955-09-02,1.3
1955-09-03,1.3
1955-09-04,1.35
1955-09-05,1.3
1955-09-06,1.42
1955-09-07,1.48
1955-09-08,1.53
1955-09-09,1.48
1955-09-10,1.37
1955-09-11,1.45
1955-09-12,1.51
1955-09-13,1.35
1955-09-14,1.35
1955-09-15,1.3
1955-09-16,1.3
1955-09-17,1.3
1955-09-18,1.3
1955-09-19,1.3
1955-09-20,1.25
1955-09-21,1.2
1955-09-22,1.0
1955-09-23,0.91
1955-09-24,1.11
1955-09-25,1.07
1955-09-26,1.19
1955-09-27,1.07
1955-09-28,1.34
1955-09-29,1.38
1955-09-30,1.17
1955-10-01,1.49
1955-10-02,1.55
1955-10-03,1.23
1955-10-04,1.38
1955-10-05,1.25
1955-10-06,1.63
1955-10-07,1.81
1955-10-08,1.83
1955-10-09,1.47
1955-10-10,1.4
1955-10-11,1.51
1955-10-12,2.02
1955-10-13,2.69
1955-10-14,3.37
1955-10-15,2.5
1955-10-16,3.0
1955-10-17,2.45
1955-10-18,1.8
1955-10-19,1.63
1955-10-20,1.46
1955-10-21,1.55
1955-10-22,1.58
1955-10-23,1.77
1955-10-24,2.11
1955-10-25,2.34
1955-10-26,2.49
1955-10-27,2.93
1955-10-28,2.79
1955-10-29,2.79
1955-10-30,2.84
1955-10-31,2.61
1955-11-01,2.86
1955-11-02,3.23
1955-11-03,3.42
1955-11-04,3.4
1955-11-05,3.0
1955-11-06,2.83
1955-11-07,2.58
1955-11-08,2.85
1955-11-09,3.49
1955-11-10,3.0
1955-11-11,2.64
1955-11-12,2.64
1955-11-13,2.35
1955-11-14,2.35
1955-11-15,2.78
1955-11-16,3.23
1955-11-17,3.18
1955-11-18,3.33
1955-11-19,3.74
1955-11-20,4.38
1955-11-21,5.25
1955-11-22,4.27
1955-11-23,3.83
1955-11-24,4.23
1955-11-25,4.33
1955-11-26,3.84
1955-11-27,3.46
1955-11-28,4.25
1955-11-29,4.46
1955-11-30,4.76
1955-12-01,4.56
1955-12-02,4.86
1955-12-03,4.27
1955-12-04,4.27
1955-12-05,5.07
1955-12-06,4.46
1955-12-07,3.8
1955-12-08,3.8
1955-12-09,3.58
1955-12-10,3.84
1955-12-11,4.16
1955-12-12,4.6
1955-12-13,5.19
1955-12-14,8.65
1955-12-15,12.69
1955-12-16,11.88
1955-12-17,8.62
1955-12-18,8.165999999999999
1955-12-19,7.712
1955-12-27,4.08
1955-12-28,3.82
1955-12-29,3.88
1955-12-30,4.31
1955-12-31,5.07
1956-01-01,4.59
1956-01-02,3.85
1956-01-03,3.72
1956-01-04,3.54
1956-01-05,3.6
1956-01-06,3.16
1956-01-07,2.69
1956-01-08,3.47
1956-01-09,3.35
1956-01-10,3.55
1956-01-11,3.92
1956-01-12,3.47
1956-01-13,3.53
1956-01-14,3.77
1956-01-15,3.76
1956-01-16,3.98
1956-01-17,3.82
1956-01-18,8.14
1956-01-19,7.15
1956-01-20,6.07
1956-01-21,9.49
1956-01-22,11.96
1956-01-23,10.88
1956-01-24,14.6
1956-01-25,16.44
1956-01-26,18.75
1956-01-27,18.38
1956-01-28,18.85
1956-01-29,18.85
1956-01-30,16.51
1956-01-31,12.69
1956-02-01,11.06
1956-02-02,9.96
1956-02-03,9.3
1956-02-04,8.82
1956-02-05,10.82
1956-02-06,13.4
1956-02-07,11.31
1956-02-08,11.0
1956-02-09,10.4
1956-02-10,10.81
1956-02-11,11.25
1956-02-12,19.38
1956-02-13,23.77
1956-02-14,20.21
1956-02-15,18.13
1956-02-16,14.42
1956-02-17,12.5
1956-02-18,11.17
1956-02-19,11.04
1956-02-20,13.96
1956-02-21,14.4
1956-02-22,14.0
1956-02-23,14.23
1956-02-24,14.4
1956-02-25,14.6
1956-02-26,14.84
1956-02-27,14.97
1956-02-28,14.16
1956-02-29,13.02
1956-03-01,13.55
1956-03-02,13.8
1956-03-03,12.88
1956-03-04,13.62
1956-03-05,14.18
1956-03-06,11.48
1956-03-07,9.8
1956-03-08,8.74
1956-03-09,8.66
1956-03-10,9.16
1956-03-11,12.06
1956-03-12,14.79
1956-03-13,14.36
1956-03-14,15.82
1956-03-15,22.39
1956-03-16,25.71
1956-03-17,19.2
1956-03-18,16.53
1956-03-19,14.19
1956-03-20,14.06
1956-03-21,14.31
1956-03-22,12.86
1956-03-23,10.96
1956-03-24,10.51
1956-03-25,8.91
1956-03-26,9.05
1956-03-27,8.49
1956-03-28,8.12
1956-03-29,7.78
1956-03-30,7.75
1956-03-31,8.63
1956-04-01,8.02
1956-04-02,12.09
1956-04-03,11.77
1956-04-04,12.29
1956-04-05,12.15
1956-04-06,12.0
1956-04-07,11.43
1956-04-08,10.58
1956-04-09,11.77
1956-04-10,13.46
1956-04-11,12.46
1956-04-12,14.36
1956-04-13,14.25
1956-04-14,17.88
1956-04-15,16.75
1956-04-16,14.08
1956-04-17,12.63
1956-04-18,11.13
1956-04-19,10.11
1956-04-20,10.29
1956-04-21,10.13
1956-04-22,9.63
1956-04-23,9.86
1956-04-24,9.22
1956-04-25,9.38
1956-04-26,9.07
1956-04-27,7.72
1956-04-28,6.97
1956-04-29,7.02
1956-04-30,8.25
1956-05-01,7.02
1956-05-02,5.69
1956-05-03,5.36
1956-05-04,5.51
1956-05-05,5.0
1956-05-06,4.85
1956-05-07,4.7
1956-05-08,4.6
1956-05-09,4.46
1956-05-10,4.86
1956-05-11,4.88
1956-05-12,4.2
1956-05-13,4.92
1956-05-14,4.55
1956-05-15,3.97
1956-05-16,3.53
1956-05-17,3.66
1956-05-18,3.59
1956-05-19,3.41
1956-05-20,3.28
1956-05-21,3.21
1956-05-22,3.2
1956-05-23,3.2
1956-05-24,3.2
1956-05-25,3.15
1956-05-26,3.15
1956-05-27,3.02
1956-05-28,3.13
1956-05-29,3.08
1956-05-30,2.82
1956-05-31,2.7
1956-06-01,2.59
1956-06-02,2.72
1956-06-03,2.88
1956-06-04,2.68
1956-06-05,2.56
1956-06-06,2.63
1956-06-07,2.82
1956-06-08,2.74
1956-06-09,2.623333333333333
1956-06-10,2.506666666666667
1956-06-20,1.34
1956-06-21,1.44
1956-06-22,1.51
1956-06-23,1.52
1956-06-24,1.46
1956-06-25,1.46
1956-06-26,1.57
1956-06-27,1.42
1956-06-28,1.29
1956-06-29,1.3
1956-06-30,1.27
1956-07-01,1.26
1956-07-02,1.25
1956-07-03,1.28
1956-07-04,1.36
1956-07-05,1.36
1956-07-06,1.39
1956-07-07,1.36
1956-07-08,1.38
1956-07-09,1.38
1956-07-10,1.36
1956-07-11,1.37
1956-07-12,1.31
1956-07-13,1.37
1956-07-14,1.31
1956-07-15,1.23
1956-07-16,1.2
1956-07-17,1.18
1956-07-18,1.13
1956-07-19,1.1
1956-07-20,1.07
1956-07-21,1.02
1956-07-22,1.0
1956-07-23,1.01
1956-07-24,1.03
1956-07-25,1.06
1956-07-26,1.16
1956-07-27,1.15
1956-07-28,1.13
1956-07-29,1.1
1956-07-30,1.1
1956-07-31,1.1
1956-08-01,1.59
1956-08-02,1.5
1956-08-03,1.43
1956-08-04,1.38
1956-08-05,1.3
1956-08-06,1.38
1956-08-07,1.23
1956-08-08,0.93
1956-08-09,0.91
1956-08-10,0.82
1956-08-11,0.78
1956-08-12,0.96
1956-08-13,0.85
1956-08-14,0.92
1956-08-15,0.99
1956-08-16,0.93
1956-08-17,0.99
1956-08-18,0.94
1956-08-19,0.87
1956-08-20,0.82
1956-08-21,0.95
1956-08-22,1.09
1956-08-23,1.08
1956-08-24,1.04
1956-08-25,0.93
1956-08-26,1.09
1956-08-27,1.09
1956-08-28,0.99
1956-08-29,0.92
1956-08-30,0.95
1956-08-31,1.21
1956-09-01,1.23
1956-09-02,1.12
1956-09-03,1.2
1956-09-04,1.12
1956-09-05,1.02
1956-09-06,1.33
1956-09-07,1.41
1956-09-08,1.37
1956-09-09,1.3
1956-09-10,1.3
1956-09-11,1.38
1956-09-12,1.45
1956-09-13,1.59
1956-09-14,1.93
1956-09-15,1.77
1956-09-16,1.79
1956-09-17,1.71
1956-09-18,1.5
1956-09-19,1.5
1956-09-20,1.41
1956-09-21,1.3
1956-09-22,1.41
1956-09-23,1.53
1956-09-24,1.62
1956-09-25,3.01
1956-09-26,2.66
1956-09-27,1.73
1956-09-28,3.0
1956-09-29,2.83
1956-09-30,2.21
1956-10-01,1.95
1956-10-02,2.06
1956-10-03,2.08
1956-10-04,2.19
1956-10-05,2.09
1956-10-06,2.98
1956-10-07,3.57
1956-10-08,4.76
1956-10-09,3.5
1956-10-10,3.28
1956-10-11,3.01
1956-10-12,2.54
1956-10-13,2.38
1956-10-14,2.08
1956-10-15,2.01
1956-10-16,2.08
1956-10-17,2.35
1956-10-18,2.43
1956-10-19,2.14
1956-10-20,1.93
1956-10-21,2.21
1956-10-22,1.88
1956-10-23,2.04
1956-10-24,2.38
1956-10-25,2.65
1956-10-26,2.52
1956-10-27,2.44
1956-10-28,3.45
1956-10-29,3.28
1956-10-30,2.76
1956-10-31,2.96
1956-11-01,3.02
1956-11-02,3.28
1956-11-03,3.05
1956-11-04,3.97
1956-11-05,3.46
1956-11-06,3.22
1956-11-07,3.44
1956-11-08,3.93
1956-11-09,3.48
1956-11-10,3.7
1956-11-11,3.31
1956-11-12,3.75
1956-11-13,3.2
1956-11-14,2.57
1956-11-15,2.19
1956-11-16,2.13
1956-11-17,2.27
1956-11-18,2.34
1956-11-19,2.41
1956-11-20,2.71
1956-11-21,3.4
1956-11-22,3.48
1956-11-23,3.6
1956-11-24,3.64
1956-11-25,3.62
1956-11-26,3.68
1956-11-27,3.43
1956-11-28,3.11
1956-11-29,2.74
1956-11-30,2.77
1956-12-01,2.85
1956-12-02,2.75
1956-12-03,2.96
1956-12-04,4.0
1956-12-05,3.47
1956-12-06,3.46
1956-12-07,3.76
1956-12-08,3.81
1956-12-09,3.81
1956-12-10,4.04
1956-12-11,4.88
1956-12-12,5.19
1956-12-13,4.75
1956-12-14,3.88
1956-12-15,3.59
1956-12-16,4.82
1956-12-17,5.05
1956-12-18,4.94
1956-12-19,5.15
1956-12-20,5.05
1956-12-21,4.26
1956-12-22,4.56
1956-12-23,5.43
1956-12-24,5.66
1956-12-25,5.37
1956-12-26,5.59
1956-12-27,5.69
1956-12-28,5.3
1956-12-29,4.54
1956-12-30,4.5
1956-12-31,4.18
1957-01-01,4.154062499999999
1957-01-02,4.128125
1957-02-01,3.35
1957-02-02,3.54
1957-02-03,3.29
1957-02-04,3.92
1957-02-05,6.59
1957-02-06,6.53
1957-02-07,5.77
1957-02-08,7.94
1957-02-09,9.23
1957-02-10,7.34
1957-02-11,5.9
1957-02-12,4.92
1957-02-13,4.86
1957-02-14,5.41
1957-02-15,6.08
1957-02-16,5.6
1957-02-17,4.81
1957-02-18,4.45
1957-02-19,5.5
1957-02-20,6.94
1957-02-21,14.1
1957-02-22,24.19
1957-02-23,24.21
1957-02-24,15.88
1957-02-25,12.29
1957-02-26,10.96
1957-02-27,8.87
1957-02-28,7.55
1957-03-01,5.77
1957-03-02,5.56
1957-03-03,5.02
1957-03-04,5.14
1957-03-05,5.56
1957-03-06,5.08
1957-03-07,6.69
1957-03-08,12.28
1957-03-09,13.88
1957-03-10,10.58
1957-03-11,8.76
1957-03-12,8.54
1957-03-13,7.87
1957-03-14,7.37
1957-03-15,8.83
1957-03-16,7.78
1957-03-17,6.54
1957-03-18,5.8
1957-03-19,7.4
1957-03-20,6.56
1957-03-21,5.52
1957-03-22,5.47
1957-03-23,6.44
1957-03-24,7.02
1957-03-25,6.12
1957-03-26,4.9
1957-03-27,4.44
1957-03-28,4.41
1957-03-29,3.97
1957-03-30,4.27
1957-03-31,4.9
1957-04-01,4.21
1957-04-02,5.0
1957-04-03,5.42
1957-04-04,5.42
1957-04-05,5.24
1957-04-06,4.93
1957-04-07,4.97
1957-04-08,4.61
1957-04-09,3.99
1957-04-10,3.64
1957-04-11,3.45
1957-04-12,3.26
1957-04-13,3.49
1957-04-14,3.5
1957-04-15,3.48
1957-04-16,4.52
1957-04-17,7.36
1957-04-18,6.52
1957-04-19,4.82
1957-04-20,4.95
1957-04-21,5.0
1957-04-22,5.01
1957-04-23,4.35
1957-04-24,4.12
1957-04-25,3.63
1957-04-26,4.11
1957-04-27,4.57
1957-04-28,4.21
1957-04-29,3.98
1957-04-30,3.98
1957-05-01,3.4
1957-05-02,3.45
1957-05-03,3.2
1957-05-04,3.3
1957-05-05,3.31
1957-05-06,3.24
1957-05-07,2.91
1957-05-08,2.16
1957-05-09,2.27
1957-05-10,2.87
1957-05-11,3.35
1957-05-12,3.39
1957-05-13,2.48
1957-05-14,2.13
1957-05-15,2.09
1957-05-16,2.13
1957-05-17,2.18
1957-05-18,1.96
1957-05-19,2.05
1957-05-20,2.1
1957-05-21,1.9
1957-05-22,2.11
1957-05-23,1.99
1957-05-24,2.98
1957-05-25,2.63
1957-05-26,2.07
1957-05-27,1.94
1957-05-28,1.99
1957-05-29,1.98
1957-05-30,2.0
1957-05-31,2.13
1957-06-01,1.89
1957-06-02,1.92
1957-06-03,2.01
1957-06-04,1.93
1957-06-05,1.62
1957-06-06,1.61
1957-06-07,1.64
1957-06-08,1.59
1957-06-09,1.54
1957-06-10,1.56
1957-06-11,1.586
1957-06-12,1.612
1957-06-15,1.69
1957-06-16,1.66
1957-06-17,1.63
1957-06-18,1.5833333333333333
1957-06-19,1.5366666666666666
1957-06-29,1.07
1957-06-30,1.11
1957-07-01,1.03
1957-07-02,1.03
1957-07-03,1.13
1957-07-04,1.21
1957-07-05,1.26
1957-07-06,1.44
1957-07-07,1.21
1957-07-08,1.21
1957-07-09,1.3
1957-07-10,1.43
1957-07-11,1.44
1957-07-12,1.46
1957-07-13,1.51
1957-07-14,1.44
1957-07-15,1.69
1957-07-16,1.74
1957-07-17,1.84
1957-07-18,1.84
1957-07-19,1.84
1957-07-20,1.8
1957-07-21,1.52
1957-07-22,1.57
1957-07-23,1.52
1957-07-24,1.63
1957-07-25,1.71
1957-07-26,1.69
1957-07-27,1.68
1957-07-28,1.72
1957-07-29,1.74
1957-07-30,1.71
1957-07-31,1.59
1957-08-01,1.65
1957-08-02,1.82
1957-08-03,1.33
1957-08-04,1.42
1957-08-05,1.42
1957-08-06,1.44
1957-08-07,1.58
1957-08-08,1.51
1957-08-09,1.35
1957-08-10,1.38
1957-08-11,1.28
1957-08-12,1.07
1957-08-13,1.02
1957-08-14,1.05
1957-08-15,1.18
1957-08-16,1.21
1957-08-17,1.44
1957-08-18,1.55
1957-08-19,1.51
1957-08-20,1.28
1957-08-21,1.41
1957-08-22,1.4
1957-08-23,1.23
1957-08-24,0.92
1957-08-25,0.96
1957-08-26,1.33
1957-08-27,1.61
1957-08-28,1.62
1957-08-29,1.87
1957-08-30,1.64
1957-08-31,1.42
1957-09-01,1.66
1957-09-02,1.75
1957-09-03,1.62
1957-09-04,1.48
1957-09-05,1.31
1957-09-06,1.41
1957-09-07,1.48
1957-09-08,1.58
1957-09-09,1.56
1957-09-10,1.6
1957-09-11,1.78
1957-09-12,2.09
1957-09-13,1.68
1957-09-14,1.72
1957-09-15,1.57
1957-09-16,1.3
1957-09-17,1.3
1957-09-18,1.37
1957-09-19,1.49
1957-09-20,1.65
1957-09-21,2.06
1957-09-22,2.41
1957-09-23,2.66
1957-09-24,2.6
1957-09-25,2.21
1957-09-26,2.17
1957-09-27,2.21
1957-09-28,1.91
1957-09-29,1.91
1957-09-30,1.77
1957-10-01,4.29
1957-10-02,3.84
1957-10-03,2.28
1957-10-04,2.04
1957-10-05,1.63
1957-10-06,1.74
1957-10-07,1.73
1957-10-08,2.84
1957-10-09,2.93
1957-10-10,2.42
1957-10-11,2.18
1957-10-12,3.32
1957-10-13,3.3
1957-10-14,2.83
1957-10-15,2.04
1957-10-16,1.82
1957-10-17,1.85
1957-10-18,2.15
1957-10-19,2.48
1957-10-20,2.19
1957-10-21,2.41
1957-10-22,3.38
1957-10-23,5.28
1957-10-24,6.3
1957-10-25,6.08
1957-10-26,4.47
1957-10-27,3.66
1957-10-28,3.35
1957-10-29,3.83
1957-10-30,3.63
1957-10-31,3.77
1957-11-01,3.11
1957-11-02,3.2
1957-11-03,3.43
1957-11-04,5.59
1957-11-05,4.76
1957-11-06,3.88
1957-11-07,3.63
1957-11-08,3.35
1957-11-09,3.57
1957-11-10,3.41
1957-11-11,3.49
1957-11-12,3.48
1957-11-13,3.08
1957-11-14,3.12
1957-11-15,3.0
1957-11-16,3.71
1957-11-17,3.83
1957-11-18,4.28
1957-11-19,4.33
1957-11-20,3.76
1957-11-21,3.14
1957-11-22,2.96
1957-11-23,2.65
1957-11-24,2.62
1957-11-25,2.95
1957-11-26,3.6
1957-11-27,2.91
1957-11-28,3.06
1957-11-29,3.12
1957-11-30,3.04
1957-12-01,3.56
1957-12-02,3.56
1957-12-03,3.78
1957-12-04,3.35
1957-12-05,3.26
1957-12-06,3.49
1957-12-07,4.17
1957-12-08,4.32
1957-12-09,4.5
1957-12-10,4.79
1957-12-11,4.35
1957-12-12,4.41
1957-12-13,3.5
1957-12-14,3.89
1957-12-15,4.71
1957-12-16,4.96
1957-12-17,3.9
1957-12-18,3.55
1957-12-19,3.84
1957-12-20,7.04
1957-12-21,5.57
1957-12-22,7.29
1957-12-23,5.69
1957-12-24,5.29
1957-12-25,5.55
1957-12-26,6.23
1957-12-27,7.06
1957-12-28,7.67
1957-12-29,7.9
1957-12-30,6.1
1957-12-31,6.05
1958-01-01,5.7
1958-01-02,6.07
1958-01-03,6.86
1958-01-04,6.77
1958-01-05,7.32
1958-01-06,6.75
1958-01-07,6.09
1958-01-08,5.93
1958-01-09,6.63
1958-01-10,8.13
1958-01-11,8.64
1958-01-12,7.46
1958-01-13,8.59
1958-01-14,10.55
1958-01-15,8.71
1958-01-16,7.31
1958-01-17,6.4
1958-01-18,5.85
1958-01-19,5.63
1958-01-20,6.55
1958-01-21,7.13
1958-01-22,7.17
1958-01-23,6.07
1958-01-24,5.41
1958-01-25,5.18
1958-01-26,4.9
1958-01-27,4.93
1958-01-28,3.93
1958-01-29,5.05
1958-01-30,7.24
1958-01-31,8.51
1958-02-01,7.37
1958-02-02,6.52
1958-02-03,7.47
1958-02-04,8.0
1958-02-05,7.37
1958-02-06,6.34
1958-02-07,5.31
1958-02-08,5.37
1958-02-09,6.01
1958-02-10,5.93
1958-02-11,6.33
1958-02-12,5.62
1958-02-13,6.36
1958-02-14,7.98
1958-02-15,9.69
1958-02-16,11.08
1958-02-17,9.3
1958-02-18,8.93
1958-02-19,8.27
1958-02-20,7.72
1958-02-21,7.29
1958-02-22,7.41
1958-02-23,9.03
1958-02-24,11.63
1958-02-25,11.81
1958-02-26,15.15
1958-02-27,17.58
1958-02-28,14.81
1958-03-01,10.23
1958-03-02,8.88
1958-03-03,8.75
1958-03-04,7.65
1958-03-05,7.96
1958-03-06,8.04
1958-03-07,7.55
1958-03-08,8.88
1958-03-09,8.6
1958-03-10,8.22
1958-03-11,7.81
1958-03-12,7.58
1958-03-13,6.86
1958-03-14,7.52
1958-03-15,7.63
1958-03-16,8.96
1958-03-17,12.54
1958-03-18,14.63
1958-03-19,12.83
1958-03-20,14.38
1958-03-21,13.13
1958-03-22,13.38
1958-03-23,18.08
1958-03-24,14.75
1958-03-25,13.46
1958-03-26,10.54
1958-03-27,9.73
1958-03-28,11.83
1958-03-29,9.18
1958-03-30,8.1
1958-03-31,7.02
1958-04-01,6.84
1958-04-02,8.99
1958-04-03,7.65
1958-04-04,7.82
1958-04-05,8.71
1958-04-06,8.22
1958-04-07,7.14
1958-04-08,6.91
1958-04-09,6.57
1958-04-10,6.06
1958-04-11,5.74
1958-04-12,6.17
1958-04-13,6.32
1958-04-14,6.39
1958-04-15,5.64
1958-04-16,5.49
1958-04-17,5.52
1958-04-18,5.45
1958-04-19,6.31
1958-04-20,7.57
1958-04-21,8.34
1958-04-22,8.23
1958-04-23,6.94
1958-04-24,6.67
1958-04-25,6.08
1958-04-26,6.16
1958-04-27,7.43
1958-04-28,7.6
1958-04-29,8.42
1958-04-30,6.98
1958-05-01,6.19
1958-05-02,5.76
1958-05-03,5.48
1958-05-04,5.25
1958-05-05,4.77
1958-05-06,4.65
1958-05-07,4.3
1958-05-08,3.83
1958-05-09,3.44
1958-05-10,3.46
1958-05-11,3.47
1958-05-12,3.39
1958-05-13,3.24
1958-05-14,3.65
1958-05-15,4.0
1958-05-16,3.31
1958-05-17,3.03
1958-05-18,2.82
1958-05-19,3.16
1958-05-20,3.22
1958-05-21,2.64
1958-05-22,2.65
1958-05-23,2.98
1958-05-24,3.0
1958-05-25,3.09
1958-05-26,2.86
1958-05-27,2.68
1958-05-28,3.14
1958-05-29,3.32
1958-05-30,3.13
1958-05-31,2.89
1958-06-01,2.92
1958-06-02,3.09
1958-06-03,2.91
1958-06-04,2.63
1958-06-05,2.25
1958-06-06,1.83
1958-06-07,1.7
1958-06-08,1.71
1958-06-09,1.83
1958-06-10,1.95
1958-06-11,1.92
1958-06-12,1.89
1958-06-13,1.87
1958-06-14,1.79
1958-06-15,1.79
1958-06-16,1.87
1958-06-17,1.83
1958-06-18,1.78
1958-06-19,1.46
1958-06-20,1.42
1958-06-21,1.34
1958-06-22,1.33
1958-06-23,1.33
1958-06-24,1.31
1958-06-25,1.35
1958-06-26,1.33
1958-06-27,1.44
1958-06-28,1.61
1958-06-29,1.66
1958-06-30,1.53
1958-07-01,1.53
1958-07-02,1.39
1958-07-03,1.35
1958-07-04,1.39
1958-07-05,1.47
1958-07-06,1.4
1958-07-07,1.34
1958-07-08,1.3
1958-07-09,1.23
1958-07-10,1.28
1958-07-11,1.38
1958-07-12,1.4
1958-07-13,1.51
1958-07-14,1.54
1958-07-15,1.51
1958-07-16,1.48
1958-07-17,1.54
1958-07-18,1.47
1958-07-19,1.5
1958-07-20,1.52
1958-07-21,1.38
1958-07-22,1.34
1958-07-23,1.42
1958-07-24,1.67
1958-07-25,1.62
1958-07-26,1.65
1958-07-27,1.74
1958-07-28,1.86
1958-07-29,1.93
1958-07-30,1.79
1958-07-31,1.76
1958-08-01,1.81
1958-08-02,1.75
1958-08-03,1.51
1958-08-04,1.57
1958-08-05,1.75
1958-08-06,1.79
1958-08-07,1.77
1958-08-08,1.87
1958-08-09,1.98
1958-08-10,1.72
1958-08-11,1.51
1958-08-12,1.47
1958-08-13,1.51
1958-08-14,1.62
1958-08-15,1.7
1958-08-16,1.72
1958-08-17,1.79
1958-08-18,1.86
1958-08-19,1.88
1958-08-20,1.86
1958-08-21,1.87
1958-08-22,1.87
1958-08-23,1.68
1958-08-24,1.46
1958-08-25,1.46
1958-08-26,1.47
1958-08-27,1.59
1958-08-28,1.76
1958-08-29,1.88
1958-08-30,1.71
1958-08-31,1.76
1958-09-01,1.86
1958-09-02,1.98
1958-09-03,2.43
1958-09-04,2.24
1958-09-05,1.96
1958-09-06,2.19
1958-09-07,2.44
1958-09-08,2.12
1958-09-09,2.37
1958-09-10,2.49
1958-09-11,2.2
1958-09-12,2.47
1958-09-13,2.21
1958-09-14,2.49
1958-09-15,2.25
1958-09-16,1.99
1958-09-17,2.13
1958-09-18,1.96
1958-09-19,2.47
1958-09-20,2.64
1958-09-21,3.17
1958-09-22,2.51
1958-09-23,2.35
1958-09-24,2.52
1958-09-25,2.69
1958-09-26,2.85
1958-09-27,2.6
1958-09-28,1.76
1958-09-29,1.65
1958-09-30,1.95
1958-10-01,1.94
1958-10-02,2.25
1958-10-03,2.24
1958-10-04,3.34
1958-10-05,3.57
1958-10-06,3.92
1958-10-07,3.84
1958-10-08,4.12
1958-10-09,3.53
1958-10-10,3.47
1958-10-11,3.64
1958-10-12,5.12
1958-10-13,5.36
1958-10-14,4.59
1958-10-15,4.71
1958-10-16,4.75
1958-10-17,4.48
1958-10-18,5.55
1958-10-19,7.74
1958-10-20,7.11
1958-10-21,5.51
1958-10-22,5.37
1958-10-23,5.52
1958-10-24,6.05
1958-10-25,6.03
1958-10-26,5.94
1958-10-27,4.7
1958-10-28,3.25
1958-10-29,2.99
1958-10-30,3.26
1958-10-31,3.67
1958-11-01,3.78
1958-11-02,4.11
1958-11-03,4.95
1958-11-04,5.56
1958-11-05,4.94
1958-11-06,4.09
1958-11-07,4.51
1958-11-08,5.53
1958-11-09,5.83
1958-11-10,5.05
1958-11-11,5.1
1958-11-12,6.22
1958-11-13,6.09
1958-11-14,6.79
1958-11-15,6.76
1958-11-16,6.98
1958-11-17,6.33
1958-11-18,4.97
1958-11-19,5.67
1958-11-20,4.98
1958-11-21,4.5
1958-11-22,3.58
1958-11-23,2.71
1958-11-24,2.61
1958-11-25,2.59
1958-11-26,2.92
1958-11-27,2.52
1958-11-28,2.84
1958-11-29,2.98
1958-11-30,3.17
1958-12-01,3.55
1958-12-02,4.15
1958-12-03,3.78
1958-12-04,3.25
1958-12-05,3.51
1958-12-06,2.23
1958-12-07,3.74
1958-12-08,5.01
1958-12-09,7.52
1958-12-10,5.96
1958-12-11,4.16
1958-12-12,4.83
1958-12-13,5.49
1958-12-14,7.7
1958-12-15,5.63
1958-12-16,5.58
1958-12-17,5.78
1958-12-18,5.64
1958-12-19,5.66
1958-12-20,4.55
1958-12-21,4.46
1958-12-22,4.87
1958-12-23,5.41
1958-12-24,5.04
1958-12-25,3.4
1958-12-26,2.8
1958-12-27,2.82
1958-12-28,3.36
1958-12-29,3.81
1958-12-30,4.16
1958-12-31,4.65
1959-01-01,5.0
1959-01-02,5.73
1959-01-03,6.07
1959-01-04,5.75
1959-01-05,5.7
1959-01-06,5.43
1959-01-07,5.4
1959-01-08,5.83
1959-01-09,6.67
1959-01-10,6.16
1959-01-11,5.7
1959-01-12,4.8
1959-01-13,5.06
1959-01-14,5.72
1959-01-15,6.53
1959-01-16,5.62
1959-01-17,6.81
1959-01-18,5.26
1959-01-19,4.91
1959-01-20,5.28
1959-01-21,7.39
1959-01-22,4.77
1959-01-23,4.77
1959-01-24,4.63
1959-01-25,4.96
1959-01-26,4.29
1959-01-27,3.26
1959-01-28,2.4
1959-01-29,2.33
1959-01-30,2.81
1959-01-31,2.99
1959-02-01,3.035333333333333
1959-02-02,3.0806666666666667
1959-04-01,5.71
1959-04-02,6.57
1959-04-03,7.18
1959-04-04,8.19
1959-04-05,8.92
1959-04-06,8.0
1959-04-07,7.05
1959-04-08,6.16
1959-04-09,5.52
1959-04-10,5.31
1959-04-11,5.09
1959-04-12,5.02
1959-04-13,4.83
1959-04-14,4.46
1959-04-15,5.08
1959-04-16,4.64
1959-04-17,4.578076923076923
1959-04-18,4.516153846153846
1959-05-12,3.03
1959-05-13,3.01
1959-05-14,2.74
1959-05-15,2.69
1959-05-16,2.45
1959-05-17,2.48
1959-05-18,2.94
1959-05-19,2.78
1959-05-20,2.32
1959-05-21,2.85
1959-05-22,2.63
1959-05-23,2.61
1959-05-24,2.64
1959-05-25,2.21
1959-05-26,2.11
1959-05-27,2.15
1959-05-28,2.1
1959-05-29,1.93
1959-05-30,1.88
1959-05-31,1.91
1959-06-01,1.84
1959-06-02,1.79
1959-06-03,1.71
1959-06-04,1.62
1959-06-05,1.63
1959-06-06,1.51
1959-06-07,1.61
1959-06-08,1.73
1959-06-09,1.67
1959-06-10,1.68
1959-06-11,1.73
1959-06-12,1.71
1959-06-13,1.69
1959-06-14,1.63
1959-06-15,1.63
1959-06-16,1.45
1959-06-17,1.38
1959-06-18,1.18
1959-06-19,1.06
1959-06-20,1.23
1959-06-21,1.17
1959-06-22,1.14
1959-06-23,1.14
1959-06-24,1.29
1959-06-25,1.24
1959-06-26,1.23
1959-06-27,1.21
1959-06-28,1.05
1959-06-29,0.96
1959-06-30,0.88
1959-07-01,0.85
1959-07-02,0.86
1959-07-03,0.92
1959-07-04,0.87
1959-07-05,0.97
1959-07-06,1.09
1959-07-07,1.1
1959-07-08,1.17
1959-07-09,1.3
1959-07-10,1.26
1959-07-11,1.23
1959-07-12,1.13
1959-07-13,1.15
1959-07-14,1.13
1959-07-15,1.08
1959-07-16,1.07
1959-07-17,0.97
1959-07-18,1.07
1959-07-19,1.0
1959-07-20,1.07
1959-07-21,1.22
1959-07-22,1.25
1959-07-23,0.95
1959-07-24,0.87
1959-07-25,0.95
1959-07-26,1.01
1959-07-27,1.14
1959-07-28,1.23
1959-07-29,1.27
1959-07-30,1.12
1959-07-31,1.31
1959-08-01,1.34
1959-08-02,1.23
1959-08-03,1.23
1959-08-04,1.02
1959-08-05,0.87
1959-08-06,1.03
1959-08-07,0.96
1959-08-08,1.07
1959-08-09,1.36
1959-08-10,1.44
1959-08-11,1.24
1959-08-12,1.36
1959-08-13,1.64
1959-08-14,1.59
1959-08-15,1.81
1959-08-16,2.01
1959-08-17,1.94
1959-08-18,1.9
1959-08-19,1.6
1959-08-20,1.57
1959-08-21,1.23
1959-08-22,1.25
1959-08-23,1.28
1959-08-24,1.03
1959-08-25,1.18
1959-08-26,1.47
1959-08-27,1.34
1959-08-28,1.21
1959-08-29,1.48
1959-08-30,1.45
1959-08-31,1.51
1959-09-01,1.26
1959-09-02,1.1
1959-09-03,1.11
1959-09-04,1.0
1959-09-05,1.0
1959-09-06,1.0
1959-09-07,0.94
1959-09-08,0.73
1959-09-09,0.96
1959-09-10,1.25
1959-09-11,1.53
1959-09-12,1.56
1959-09-13,1.26
1959-09-14,1.03
1959-09-15,0.77
1959-09-16,0.95
1959-09-17,1.14
1959-09-18,1.13
1959-09-19,1.12
1959-09-20,1.17
1959-09-21,1.38
1959-09-22,1.35
1959-09-23,1.78
1959-09-24,1.5
1959-09-25,1.4
1959-09-26,1.44
1959-09-27,1.86
1959-09-28,2.44
1959-09-29,1.82
1959-09-30,1.94
1959-10-01,1.88
1959-10-02,1.64
1959-10-03,1.38
1959-10-04,1.77
1959-10-05,1.78
1959-10-06,2.09
1959-10-07,2.0
1959-10-08,4.13
1959-10-09,5.25
1959-10-10,4.14
1959-10-11,3.51
1959-10-12,3.18
1959-10-13,2.73
1959-10-14,2.42
1959-10-15,2.12
1959-10-16,2.06
1959-10-17,2.61
1959-10-18,3.83
1959-10-19,4.04
1959-10-20,2.77
1959-10-21,2.01
1959-10-22,2.06
1959-10-23,2.3
1959-10-24,2.77
1959-10-25,4.29
1959-10-26,3.89
1959-10-27,3.12
1959-10-28,3.06
1959-10-29,3.28
1959-10-30,3.8
1959-10-31,3.45
1959-11-01,3.0
1959-11-02,2.74
1959-11-03,2.51
1959-11-04,2.25
1959-11-05,2.31
1959-11-06,2.86
1959-11-07,2.36
1959-11-08,2.45
1959-11-09,2.72
1959-11-10,2.76
1959-11-11,2.99
1959-11-12,3.9
1959-11-13,3.31
1959-11-14,2.89
1959-11-15,2.95
1959-11-16,3.43
1959-11-17,2.94
1959-11-18,2.87
1959-11-19,2.61
1959-11-20,3.22
1959-11-21,2.97
1959-11-22,3.33
1959-11-23,3.56
1959-11-24,2.65
1959-11-25,3.157142857142857
1959-11-26,3.6642857142857146
1959-12-01,6.2
1959-12-02,6.42
1959-12-03,5.7
1959-12-04,5.53
1959-12-05,5.46
1959-12-06,7.83
1959-12-07,8.77
1959-12-08,8.2
1959-12-09,8.69
1959-12-10,12.61
1959-12-11,13.1
1959-12-12,10.71
1959-12-13,8.63
1959-12-14,6.68
1959-12-15,7.34
1959-12-16,7.28
1959-12-17,7.05
1959-12-18,7.31
1959-12-19,9.28
1959-12-20,9.98
1959-12-21,9.48
1959-12-22,7.52
1959-12-23,6.72
1959-12-24,6.91
1959-12-25,6.05
1959-12-26,5.72
1959-12-27,5.79
1959-12-28,5.75
1959-12-29,6.23
1959-12-30,5.63
1959-12-31,6.27
1960-01-01,10.42
1960-01-02,8.08
1960-01-03,6.18
1960-01-04,5.67
1960-01-05,5.47
1960-01-06,4.94
1960-01-07,4.9
1960-01-08,4.64
1960-01-09,4.71
1960-01-10,5.25
1960-01-11,4.87
1960-01-12,4.96
1960-01-13,5.43
1960-01-14,5.4
1960-01-15,5.03
1960-01-16,6.05
1960-01-17,6.24
1960-01-18,12.42
1960-01-19,18.53
1960-01-20,18.18375
1960-01-21,17.837500000000002
1960-01-27,15.76
1960-01-28,12.46
1960-01-29,9.56
1960-01-30,7.8
1960-01-31,8.39
1960-02-01,8.83
1960-02-02,6.83
1960-02-03,6.4
1960-02-04,6.43
1960-02-05,6.1
1960-02-06,5.51
1960-02-07,5.14
1960-02-08,6.85
1960-02-09,6.6
1960-02-10,7.32
1960-02-11,10.7
1960-02-12,8.64
1960-02-13,8.86
1960-02-14,15.37
1960-02-15,20.05
1960-02-16,18.59
1960-02-17,19.265
1960-02-18,19.94
1960-02-19,15.37
1960-02-20,11.84
1960-02-21,9.97
1960-02-22,12.87
1960-02-23,13.18625
1960-02-24,13.5025
1960-03-01,15.4
1960-03-02,16.8
1960-03-03,18.73
1960-03-04,16.78
1960-03-05,16.88
1960-03-06,16.96
1960-03-07,14.84
1960-03-08,10.55
1960-03-09,9.17
1960-03-10,9.25
1960-03-11,9.99
1960-03-12,9.8
1960-03-13,7.97
1960-03-14,7.37
1960-03-15,6.21
1960-03-16,6.26
1960-03-17,6.96
1960-03-18,7.28
1960-03-19,6.28
1960-03-20,5.58
1960-03-21,5.16
1960-03-22,4.99
1960-03-23,4.62
1960-03-24,4.52
1960-03-25,4.58
1960-03-26,4.86
1960-03-27,6.48
1960-03-28,6.93
1960-03-29,4.96
1960-03-30,4.37
1960-03-31,4.8
1960-04-01,5.17
1960-04-02,7.27
1960-04-03,5.83
1960-04-04,5.85
1960-04-05,5.76
1960-04-06,7.64
1960-04-07,12.78
1960-04-08,11.0
1960-04-09,8.69
1960-04-10,6.96
1960-04-11,6.4
1960-04-12,8.32
1960-04-13,16.58
1960-04-14,16.76
1960-04-15,16.91
1960-04-16,13.55
1960-04-17,11.99
1960-04-18,12.04
1960-04-19,10.46
1960-04-20,9.34
1960-04-21,9.05
1960-04-22,8.12
1960-04-23,6.6
1960-04-24,5.93
1960-04-25,5.0
1960-04-26,4.98
1960-04-27,4.91
1960-04-28,4.68
1960-04-29,4.96
1960-04-30,4.86
1960-05-01,4.65
1960-05-02,4.17
1960-05-03,3.92
1960-05-04,4.54
1960-05-05,4.87
1960-05-06,5.98
1960-05-07,5.74
1960-05-08,4.62
1960-05-09,4.13
1960-05-10,4.01
1960-05-11,3.98
1960-05-12,4.41
1960-05-13,4.03
1960-05-14,3.46
1960-05-15,3.29
1960-05-16,3.26
1960-05-17,3.05
1960-05-18,2.97
1960-05-19,3.15
1960-05-20,3.51
1960-05-21,3.1
1960-05-22,2.96
1960-05-23,3.17
1960-05-24,2.94
1960-05-25,3.11
1960-05-26,2.82
1960-05-27,2.87
1960-05-28,3.21
1960-05-29,3.14
1960-05-30,3.14
1960-05-31,3.21
1960-06-01,2.67
1960-06-02,2.9
1960-06-03,2.89
1960-06-04,2.82
1960-06-05,2.77
1960-06-06,2.73
1960-06-07,3.15
1960-06-08,3.45
1960-06-09,3.52
1960-06-10,3.57
1960-06-11,3.56
1960-06-12,3.63
1960-06-13,3.49
1960-06-14,3.397777777777778
1960-06-15,3.305555555555556
1960-07-01,1.83
1960-07-02,1.73
1960-07-03,1.93
1960-07-04,2.18
1960-07-05,2.29
1960-07-06,2.13
1960-07-07,1.94
1960-07-08,1.77
1960-07-09,1.73
1960-07-10,1.69
1960-07-14,1.53
1960-07-15,1.6
1960-07-16,1.64
1960-07-17,1.96
1960-07-18,2.09
1960-07-19,1.83
1960-07-20,1.52
1960-07-21,1.46
1960-07-22,1.88
1960-07-23,1.85
1960-07-24,1.48
1960-07-25,1.37
1960-07-26,1.34
1960-07-27,1.41
1960-07-28,1.38
1960-07-29,1.41
1960-07-30,1.37
1960-07-31,1.58
1960-08-01,1.61
1960-08-02,1.68
1960-08-03,1.55
1960-08-04,1.15
1960-08-05,1.13
1960-08-06,1.09
1960-08-07,1.41
1960-08-08,1.76
1960-08-09,1.93
1960-08-10,2.03
1960-08-11,2.25
1960-08-12,2.27
1960-08-13,2.24
1960-08-14,2.14
1960-08-15,2.23
1960-08-16,2.55
1960-08-17,2.6
1960-08-18,2.56
1960-08-19,2.58
1960-08-20,2.19
1960-08-21,2.48
1960-08-22,2.55
1960-08-23,2.42
1960-08-24,2.81
1960-08-25,2.92
1960-08-26,2.72
1960-08-27,2.88
1960-08-28,2.67
1960-08-29,2.97
1960-08-30,2.64
1960-08-31,2.14
1960-09-01,2.26
1960-09-02,2.47
1960-09-03,2.08
1960-09-04,1.91
1960-09-05,2.09
1960-09-06,2.63
1960-09-07,2.83
1960-09-08,2.28
1960-09-09,2.5
1960-09-10,1.98
1960-09-11,1.61
1960-09-12,2.39
1960-09-13,3.13
1960-09-14,2.3
1960-09-15,1.92
1960-09-16,1.86
1960-09-17,2.03
1960-09-18,1.75
1960-09-19,1.76
1960-09-20,1.7
1960-09-21,1.95
1960-09-22,2.0
1960-09-23,2.02
1960-09-24,2.31
1960-09-25,2.53
1960-09-26,2.18
1960-09-27,2.26
1960-09-28,2.08
1960-09-29,1.82
1960-09-30,1.74
1960-10-01,1.59
1960-10-02,2.5
1960-10-03,2.18
1960-10-04,2.21
1960-10-05,3.15
1960-10-06,3.78
1960-10-07,2.99
1960-10-08,2.62
1960-10-09,2.36
1960-10-10,2.51
1960-10-11,2.15
1960-10-12,2.78
1960-10-13,3.25
1960-10-14,3.53
1960-10-15,4.39
1960-10-16,6.13
1960-10-17,4.57
1960-10-18,3.38
1960-10-19,2.99
1960-10-20,2.69
1960-10-21,2.73
1960-10-22,2.84
1960-10-23,2.83
1960-10-24,3.09
1960-10-25,3.36
1960-10-26,3.66
1960-10-27,3.18
1960-10-28,2.86
1960-10-29,3.11
1960-10-30,3.08
1960-10-31,3.13
1960-11-01,3.85
1960-11-02,4.16
1960-11-03,4.62
1960-11-04,3.9
1960-11-05,3.49
1960-11-06,3.39
1960-11-07,3.44
1960-11-08,3.71
1960-11-09,4.27
1960-11-10,5.89
1960-11-11,5.52
1960-11-12,4.05
1960-11-13,3.36
1960-11-14,3.38
1960-11-15,3.47
1960-11-16,3.2
1960-11-17,3.08
1960-11-18,2.82
1960-11-19,2.85
1960-11-20,2.58
1960-11-21,2.77
1960-11-22,3.38
1960-11-23,3.01
1960-11-24,3.56
1960-11-25,3.36
1960-11-26,3.51
1960-11-27,3.85
1960-11-28,3.8
1960-11-29,3.77
1960-11-30,4.35
1960-12-01,4.86
1960-12-02,4.79
1960-12-03,4.18
1960-12-04,4.36
1960-12-05,4.0
1960-12-06,4.42
1960-12-07,4.68
1960-12-08,4.68
1960-12-09,4.91
1960-12-10,4.94
1960-12-11,9.39
1960-12-12,10.66
1960-12-13,9.26
1960-12-14,5.93
1960-12-15,4.69
1960-12-16,4.59
1960-12-17,4.55
1960-12-18,5.71
1960-12-19,5.61
1960-12-20,4.6
1960-12-21,4.06
1960-12-22,4.26
1960-12-23,4.21
1960-12-24,3.75
1960-12-25,4.03
1960-12-26,4.33
1960-12-27,4.63
1960-12-28,4.7
1960-12-29,5.24
1960-12-30,5.72
1960-12-31,8.06
1961-01-01,8.05
1961-01-02,7.0
1961-01-03,5.87
1961-01-04,5.61
1961-01-05,4.78
1961-01-06,6.65
1961-01-07,6.42
1961-01-08,8.05
1961-01-09,8.45
1961-01-10,6.75
1961-01-11,7.64
1961-01-12,10.49
1961-01-13,16.56
1961-01-14,25.08
1961-01-15,14.68
1961-01-16,19.07
1961-01-17,20.06
1961-01-18,26.65
1961-01-19,21.23
1961-01-20,13.52
1961-01-21,8.39
1961-01-22,6.43
1961-01-23,7.2
1961-01-24,7.15
1961-01-25,8.15
1961-01-26,6.8
1961-01-27,6.73
1961-01-28,7.29
1961-01-29,7.65
1961-01-30,7.33
1961-01-31,5.97
1961-02-01,5.11
1961-02-02,4.69
1961-02-03,7.26
1961-02-04,6.95
1961-02-05,5.24
1961-02-06,4.78
1961-02-07,4.86
1961-02-08,5.32
1961-02-09,6.5
1961-02-10,9.5
1961-02-11,15.05
1961-02-12,14.86
1961-02-13,12.59
1961-02-14,12.2
1961-02-15,15.0
1961-02-16,11.36
1961-02-17,18.35
1961-02-18,17.51
1961-02-19,9.37
1961-02-20,7.98
1961-02-21,8.89
1961-02-22,10.02
1961-02-23,9.88
1961-02-24,7.76
1961-02-25,8.75
1961-02-26,9.52
1961-02-27,8.09
1961-02-28,7.14
1961-03-01,6.78
1961-03-02,9.44
1961-03-03,9.15
1961-03-04,8.18
1961-03-05,7.32
1961-03-06,7.7
1961-03-07,11.37
1961-03-08,15.155
1961-03-09,18.94
1961-03-10,15.37
1961-03-11,15.477142857142857
1961-03-12,15.584285714285716
1961-03-24,16.87
1961-03-25,12.94
1961-03-26,12.52
1961-03-27,10.88
1961-03-28,9.95
1961-03-29,11.19
1961-03-30,14.96
1961-03-31,17.23
1961-04-01,17.665714285714287
1961-04-02,18.10142857142857
1961-04-07,20.28
1961-04-08,13.78
1961-04-09,10.62
1961-04-10,9.34
1961-04-11,8.35
1961-04-12,9.98
1961-04-13,9.36
1961-04-14,7.49
1961-04-15,7.17
1961-04-16,7.93
1961-04-17,7.25
1961-04-18,7.5
1961-04-19,9.51
1961-04-20,10.13
1961-04-21,7.76
1961-04-22,7.27
1961-04-23,9.29
1961-04-24,8.66
1961-04-25,7.11
1961-04-26,6.59
1961-04-27,5.91
1961-04-28,5.0
1961-04-29,4.68
1961-04-30,4.48
1961-05-01,4.477580645161291
1961-05-02,4.475161290322581
1961-07-01,4.33
1961-07-02,4.6
1961-07-03,4.69
1961-07-04,4.49
1961-07-05,4.51
1961-07-06,4.59
1961-07-07,4.49
1961-07-08,3.87
1961-07-09,4.09
1961-07-10,4.49
1961-07-11,4.21
1961-07-12,4.06
1961-07-13,4.16
1961-07-14,4.02
1961-07-15,3.82
1961-07-16,3.91
1961-07-17,3.91
1961-07-18,3.6
1961-07-19,3.37
1961-07-20,3.3
1961-07-21,3.29
1961-07-22,3.21
1961-07-23,3.24
1961-07-24,3.17
1961-07-25,3.22
1961-07-26,3.15
1961-07-27,3.24
1961-07-28,3.44
1961-07-29,3.57
1961-07-30,3.62
1961-07-31,3.82
1961-08-01,3.842756756756757
1961-08-02,3.8655135135135135
1962-02-01,8.03
1962-02-02,8.53
1962-02-03,7.88
1962-02-04,7.35
1962-02-05,7.06
1962-02-06,6.97
1962-02-07,7.72
1962-02-08,8.74
1962-02-09,9.27
1962-02-10,8.99
1962-02-11,9.01
1962-02-12,8.6
1962-02-13,7.59
1962-02-14,6.98
1962-02-15,7.26
1962-02-16,7.58
1962-02-17,7.92
1962-02-18,7.76
1962-02-19,7.63
1962-02-20,7.13
1962-02-21,7.12
1962-02-22,7.25
1962-02-23,7.84
1962-02-24,7.93
1962-02-25,7.66
1962-02-26,7.9
1962-02-27,8.15
1962-02-28,8.18
1962-03-01,8.184375
1962-03-02,8.188749999999999
1962-04-01,8.32
1962-04-02,8.31
1962-04-03,8.42
1962-04-04,7.9
1962-04-05,7.3
1962-04-06,7.38
1962-04-07,7.38
1962-04-08,6.66
1962-04-09,6.8
1962-04-10,7.84
1962-04-11,6.83
1962-04-12,6.64
1962-04-13,6.41
1962-04-14,6.47
1962-04-15,6.11
1962-04-16,5.58
1962-04-17,5.46
1962-04-18,5.88
1962-04-19,5.89
1962-04-20,5.76
1962-04-21,7.1
1962-04-22,6.38
1962-04-23,5.5
1962-04-24,4.85
1962-04-25,4.63
1962-04-26,4.62
1962-04-27,4.54
1962-04-28,4.24
1962-04-29,3.84
1962-04-30,3.53
1962-05-01,4.2
1962-05-02,4.38
1962-05-03,4.15
1962-05-04,3.76
1962-05-05,3.35
1962-05-06,3.13
1962-05-07,3.08
1962-05-08,3.07
1962-05-09,3.12
1962-05-10,3.09
1962-05-11,2.95
1962-05-12,3.01
1962-05-13,3.41
1962-05-14,3.18
1962-05-15,3.27
1962-05-16,3.04
1962-05-17,3.01
1962-05-18,2.81
1962-05-19,2.56
1962-05-20,2.36
1962-05-21,2.09
1962-05-22,2.87
1962-05-23,4.5
1962-05-24,3.5
1962-05-25,2.86
1962-05-26,2.64
1962-05-27,2.4
1962-05-28,2.2
1962-05-29,1.85
1962-05-30,2.4
1962-05-31,2.73
1962-06-01,2.38
1962-06-02,2.17
1962-06-03,2.11
1962-06-04,1.79
1962-06-05,1.8
1962-06-06,1.91
1962-06-07,1.69
1962-06-08,1.39
1962-06-09,1.34
1962-06-10,1.79
1962-06-11,1.78
1962-06-12,1.63
1962-06-13,1.65
1962-06-14,1.69
1962-06-15,1.7
1962-06-16,1.72
1962-06-17,1.64
1962-06-18,1.48
1962-06-19,1.49
1962-06-20,1.3
1962-06-21,1.34
1962-06-22,1.34
1962-06-23,1.34
1962-06-24,1.19
1962-06-25,1.13
1962-06-26,1.11
1962-06-27,1.11
1962-06-28,1.16
1962-06-29,1.2
1962-06-30,1.23
1962-07-01,1.68
1962-07-02,1.68
1962-07-03,1.59
1962-07-04,1.71
1962-07-05,1.82
1962-07-06,1.79
1962-07-07,2.04
1962-07-08,1.89
1962-07-09,1.76
1962-07-10,1.66
1962-07-11,1.68
1962-07-12,1.62
1962-07-13,1.64
1962-07-14,1.79
1962-07-15,1.87
1962-07-16,1.89
1962-07-17,1.86
1962-07-18,2.01
1962-07-19,1.97
1962-07-20,1.78
1962-07-21,1.96
1962-07-22,2.05
1962-07-23,1.91
1962-07-24,1.74
1962-07-25,1.93
1962-07-26,2.06
1962-07-27,2.0
1962-07-28,2.0
1962-07-29,1.97
1962-07-30,1.84
1962-07-31,1.62
1962-08-01,1.6190625
1962-08-02,1.618125
1962-09-01,1.59
1962-09-02,1.49
1962-09-03,1.44
1962-09-04,1.69
1962-09-05,2.2
1962-09-06,2.12
1962-09-07,1.5
1962-09-08,2.06
1962-09-09,2.22
1962-09-10,1.99
1962-09-11,1.69
1962-09-12,1.48
1962-09-13,1.72
1962-09-14,2.12
1962-09-15,1.98
1962-09-16,1.91
1962-09-17,2.12
1962-09-18,2.5
1962-09-19,2.24
1962-09-20,2.12
1962-09-21,2.0
1962-09-22,1.79
1962-09-23,2.05
1962-09-24,2.33
1962-09-25,2.76
1962-09-26,3.05
1962-09-27,5.03
1962-09-28,5.01
1962-09-29,4.12
1962-09-30,3.82
1962-10-01,3.27
1962-10-02,3.01
1962-10-03,2.77
1962-10-04,2.55
1962-10-05,2.72
1962-10-06,2.84
1962-10-07,3.2
1962-10-08,3.14
1962-10-09,2.79
1962-10-10,2.61
1962-10-11,3.42
1962-10-12,3.44
1962-10-13,3.4
1962-10-14,3.17
1962-10-15,3.26
1962-10-16,3.76
1962-10-17,3.65
1962-10-18,3.18
1962-10-19,3.26
1962-10-20,4.22
1962-10-21,3.72
1962-10-22,3.15
1962-10-23,2.23
1962-10-24,2.87
1962-10-25,2.96
1962-10-26,2.97
1962-10-27,2.64
1962-10-28,3.03
1962-10-29,3.51
1962-10-30,3.57
1962-10-31,3.57
1962-11-01,3.5906451612903223
1962-11-02,3.611290322580645
1962-12-01,4.21
1962-12-02,4.63
1962-12-03,5.6
1962-12-04,5.18
1962-12-05,4.67
1962-12-06,4.85
1962-12-07,4.83
1962-12-08,5.02
1962-12-09,5.79
1962-12-10,5.32
1962-12-11,5.36
1962-12-12,4.44
1962-12-13,3.99
1962-12-14,3.1
1962-12-15,2.73
1962-12-16,3.37
1962-12-17,3.71
1962-12-18,3.79
1962-12-19,3.53
1962-12-20,3.55
1962-12-21,3.46
1962-12-22,3.65
1962-12-23,4.53
1962-12-24,4.08
1962-12-25,3.33
1962-12-26,3.26
1962-12-27,3.46
1962-12-28,3.21
1962-12-29,3.5
1962-12-30,4.0
1962-12-31,5.0
1963-01-01,6.5
1963-01-02,6.39
1963-01-03,6.82
1963-01-04,6.71
1963-01-05,10.21
1963-01-06,9.95
1963-01-07,9.71
1963-01-08,7.99
1963-01-09,6.0
1963-01-10,8.05
1963-01-11,9.3
1963-01-12,8.08
1963-01-13,5.21
1963-01-14,4.48
1963-01-15,9.19
1963-01-16,11.38
1963-01-17,9.91
1963-01-18,8.77
1963-01-19,12.0
1963-01-20,15.8
1963-01-21,15.54
1963-01-22,12.27
1963-01-23,11.81
1963-01-24,12.08
1963-01-25,11.86
1963-01-26,12.12
1963-01-27,14.66
1963-01-28,18.0
1963-01-29,17.0
1963-01-30,16.46
1963-01-31,11.23
1963-02-01,8.09
1963-02-02,7.11
1963-02-03,7.72
1963-02-04,8.04
1963-02-05,11.25
1963-02-06,11.29
1963-02-07,13.98
1963-02-08,17.56
1963-02-09,17.86
1963-02-10,12.9
1963-02-11,12.83
1963-02-12,16.22
1963-02-13,16.8
1963-02-14,19.26
1963-02-15,14.65
1963-02-16,10.96
1963-02-17,8.84
1963-02-18,7.46
1963-02-19,7.2
1963-02-20,5.84
1963-02-21,4.49
1963-02-22,4.09
1963-02-23,3.79
1963-02-24,5.17
1963-02-25,8.16
1963-02-26,9.56
1963-02-27,11.53
1963-02-28,13.56
1963-03-01,11.88
1963-03-02,15.77
1963-03-03,14.25
1963-03-04,13.19
1963-03-05,10.93
1963-03-06,9.61
1963-03-07,12.25
1963-03-08,12.83
1963-03-09,11.92
1963-03-10,11.53
1963-03-11,13.79
1963-03-12,12.26
1963-03-13,10.07
1963-03-14,9.56
1963-03-15,7.85
1963-03-16,7.34
1963-03-17,9.24
1963-03-18,10.22
1963-03-19,11.3
1963-03-20,14.17
1963-03-21,11.0
1963-03-22,10.37
1963-03-23,13.62
1963-03-24,15.58
1963-03-25,18.41
1963-03-26,16.85
1963-03-27,14.67
1963-03-28,13.26
1963-03-29,14.08
1963-03-30,11.52
1963-03-31,9.27
1963-04-01,8.82
1963-04-02,8.08
1963-04-03,9.05
1963-04-04,9.94
1963-04-05,10.93
1963-04-06,10.23
1963-04-07,17.74
1963-04-08,15.3
1963-04-09,16.19
1963-04-10,13.66
1963-04-11,12.83
1963-04-12,11.64
1963-04-13,11.21
1963-04-14,10.06
1963-04-15,10.94
1963-04-16,9.34
1963-04-17,8.85
1963-04-18,8.29
1963-04-19,7.57
1963-04-20,6.96
1963-04-21,6.83
1963-04-22,6.4
1963-04-23,5.95
1963-04-24,5.94
1963-04-25,5.92
1963-04-26,5.93
1963-04-27,5.62
1963-04-28,5.44
1963-04-29,5.41
1963-04-30,5.63
1963-05-01,4.68
1963-05-02,4.46
1963-05-03,4.63
1963-05-04,5.6
1963-05-05,5.02
1963-05-06,4.76
1963-05-07,4.25
1963-05-08,3.88
1963-05-09,3.75
1963-05-10,4.16
1963-05-11,3.97
1963-05-12,3.71
1963-05-13,3.67
1963-05-14,3.62
1963-05-15,3.52
1963-05-16,3.48
1963-05-17,3.51
1963-05-18,3.14
1963-05-19,2.83
1963-05-20,2.84
1963-05-21,2.7
1963-05-22,2.76
1963-05-23,3.05
1963-05-24,3.34
1963-05-25,3.19
1963-05-26,2.97
1963-05-27,2.85
1963-05-28,2.75
1963-05-29,2.28
1963-05-30,2.1
1963-05-31,2.08
1963-06-01,2.08
1963-06-02,2.11
1963-06-03,2.04
1963-06-04,2.11
1963-06-05,2.02
1963-06-06,1.93
1963-06-07,1.75
1963-06-08,1.72
1963-06-09,1.78
1963-06-10,1.89
1963-06-11,1.76
1963-06-12,1.7
1963-06-13,1.56
1963-06-14,1.45
1963-06-15,1.43
1963-06-16,1.43
1963-06-17,1.4
1963-06-18,1.4
1963-06-19,1.54
1963-06-20,1.33
1963-06-21,1.22
1963-06-22,1.22
1963-06-23,1.17
1963-06-24,1.18
1963-06-25,1.17
1963-06-26,1.2
1963-06-27,1.22
1963-06-28,1.2
1963-06-29,1.13
1963-06-30,1.21
1963-07-01,1.216984126984127
1963-07-02,1.223968253968254
1963-09-01,1.65
1963-09-02,2.35
1963-09-03,1.94
1963-09-04,1.84
1963-09-05,1.74
1963-09-06,1.5
1963-09-07,1.48
1963-09-08,1.53
1963-09-09,1.43
1963-09-10,1.32
1963-09-11,1.54
1963-09-12,1.56
1963-09-13,1.52
1963-09-14,1.87
1963-09-15,1.94
1963-09-16,2.04
1963-09-17,2.01
1963-09-18,2.23
1963-09-19,3.34
1963-09-20,2.69
1963-09-21,2.29
1963-09-22,2.25
1963-09-23,1.74
1963-09-24,2.17
1963-09-25,2.5
1963-09-26,2.6
1963-09-27,2.83
1963-09-28,2.93
1963-09-29,2.87
1963-09-30,2.85
1963-10-01,2.843636363636364
1963-10-02,2.8372727272727274
1964-07-01,1.1
1964-07-02,1.19
1964-07-03,1.18
1964-07-04,1.18
1964-07-05,1.3
1964-07-06,1.34
1964-07-07,1.41
1964-07-08,1.39
1964-07-09,1.22
1964-07-10,1.14
1964-07-11,1.12
1964-07-12,1.16
1964-07-13,1.16
1964-07-14,1.15
1964-07-15,1.12
1964-07-16,1.19
1964-07-17,1.26
1964-07-18,1.33
1964-07-19,1.24
1964-07-20,1.09
1964-07-21,1.37
1964-07-22,1.22
1964-07-23,1.75
1964-07-24,1.63
1964-07-25,1.28
1964-07-26,1.07
1964-07-27,1.06
1964-07-28,1.03
1964-07-29,1.04
1964-07-30,1.03
1964-07-31,1.01
1964-08-01,0.96
1964-08-02,0.9
1964-08-03,0.92
1964-08-04,0.86
1964-08-05,0.88
1964-08-06,0.88
1964-08-07,0.92
1964-08-08,1.0
1964-08-09,1.05
1964-08-10,1.06
1964-08-11,1.06
1964-08-12,1.09
1964-08-13,1.2
1964-08-14,1.3
1964-08-15,1.17
1964-08-16,1.19
1964-08-17,1.24
1964-08-18,1.13
1964-08-19,1.03
1964-08-20,1.04
1964-08-21,1.14
1964-08-22,1.1
1964-08-23,1.57
1964-08-24,1.66
1964-08-25,1.37
1964-08-26,1.25
1964-08-27,1.17
1964-08-28,1.06
1964-08-29,0.96
1964-08-30,0.95
1964-08-31,1.0
1964-09-01,0.93
1964-09-02,0.96
1964-09-03,0.97
1964-09-04,0.93
1964-09-05,0.98
1964-09-06,1.05
1964-09-07,1.14
1964-09-08,1.24
1964-09-09,1.3
1964-09-10,1.51
1964-09-11,1.34
1964-09-12,1.05
1964-09-13,0.9
1964-09-14,0.91
1964-09-15,0.91
1964-09-16,0.95
1964-09-17,0.93
1964-09-18,1.23
1964-09-19,1.36
1964-09-20,1.25
1964-09-21,1.2
1964-09-22,1.32
1964-09-23,1.77
1964-09-24,2.09
1964-09-25,2.18
1964-09-26,2.02
1964-09-27,1.55
1964-09-28,1.3
1964-09-29,1.23
1964-09-30,1.35
1964-10-01,2.07
1964-10-02,2.28
1964-10-03,3.81
1964-10-04,3.53
1964-10-05,2.23
1964-10-06,1.76
1964-10-07,1.78
1964-10-08,2.86
1964-10-09,4.22
1964-10-10,4.24
1964-10-11,2.9
1964-10-12,2.72
1964-10-13,3.12
1964-10-14,3.5
1964-10-15,3.0
1964-10-16,3.24
1964-10-17,2.78
1964-10-18,2.35
1964-10-19,1.94
1964-10-20,1.66
1964-10-21,1.43
1964-10-22,1.52
1964-10-23,1.95
1964-10-24,1.97
1964-10-25,2.04
1964-10-26,2.34
1964-10-27,2.27
1964-10-28,2.56
1964-10-29,2.3
1964-10-30,3.21
1964-10-31,3.17
1964-11-01,4.08
1964-11-02,5.49
1964-11-03,6.39
1964-11-04,4.75
1964-11-05,3.49
1964-11-06,3.31
1964-11-07,3.03
1964-11-08,3.01
1964-11-09,3.08
1964-11-10,3.5
1964-11-11,4.0
1964-11-12,4.92
1964-11-13,6.13
1964-11-14,5.42
1964-11-15,3.97
1964-11-16,3.21
1964-11-17,2.76
1964-11-18,2.58
1964-11-19,5.12
1964-11-20,7.28
1964-11-21,6.99
1964-11-22,5.94
1964-11-23,4.2
1964-11-24,3.37
1964-11-25,3.4
1964-11-26,3.64
1964-11-27,3.02
1964-11-28,2.83
1964-11-29,3.47
1964-11-30,2.56
1964-12-01,2.42
1964-12-02,2.22
1964-12-03,3.58
1964-12-04,3.18
1964-12-05,3.48
1964-12-06,2.39
1964-12-07,2.08
1964-12-08,1.97
1964-12-09,2.21
1964-12-10,2.49
1964-12-11,2.42
1964-12-12,2.76
1964-12-13,2.57
1964-12-14,2.48
1964-12-15,2.59
1964-12-16,2.8
1964-12-17,2.12
1964-12-18,2.12
1964-12-19,2.16
1964-12-20,1.85
1964-12-21,1.94
1964-12-22,2.62
1964-12-23,4.26
1964-12-24,3.74
1964-12-25,4.84
1964-12-26,6.68
1964-12-27,8.69
1964-12-28,10.11
1964-12-29,9.44
1964-12-30,7.71
1964-12-31,6.07
1965-01-01,4.94
1965-01-02,4.01
1965-01-03,3.64
1965-01-04,4.09
1965-01-05,3.58
1965-01-06,3.54
1965-01-07,4.93
1965-01-08,6.17
1965-01-09,7.14
1965-01-10,8.35
1965-01-11,7.58
1965-01-12,5.71
1965-01-13,5.05
1965-01-14,5.19
1965-01-15,4.46
1965-01-16,5.1
1965-01-17,4.88
1965-01-18,4.14
1965-01-19,3.94
1965-01-20,3.72
1965-01-21,3.49
1965-01-22,3.59
1965-01-23,3.51
1965-01-24,3.56
1965-01-25,3.25
1965-01-26,3.55
1965-01-27,2.84
1965-01-28,2.44
1965-01-29,2.19
1965-01-30,2.08
1965-01-31,2.4
1965-02-01,2.48
1965-02-02,3.06
1965-02-03,3.48
1965-02-04,2.94
1965-02-05,3.21
1965-02-06,3.15
1965-02-07,2.52
1965-02-08,2.81
1965-02-09,4.06
1965-02-10,4.39
1965-02-11,4.15
1965-02-12,5.17
1965-02-13,5.28
1965-02-14,7.27
1965-02-15,6.92
1965-02-16,4.8
1965-02-17,3.97
1965-02-18,5.93
1965-02-19,7.92
1965-02-20,10.76
1965-02-21,11.2
1965-02-22,11.59
1965-02-23,9.23
1965-02-24,8.47
1965-02-25,7.64
1965-02-26,7.96
1965-02-27,7.89
1965-02-28,11.59
1965-03-01,13.23
1965-03-02,10.85
1965-03-03,9.44
1965-03-04,9.6
1965-03-05,12.7
1965-03-06,13.48
1965-03-07,14.38
1965-03-08,15.55
1965-03-09,13.44
1965-03-10,12.23
1965-03-11,11.94
1965-03-12,12.98
1965-03-13,10.85
1965-03-14,11.2
1965-03-15,9.5
1965-03-16,8.96
1965-03-17,8.56
1965-03-18,9.92
1965-03-19,9.4
1965-03-20,10.09
1965-03-21,9.43
1965-03-22,8.26
1965-03-23,7.32
1965-03-24,6.78
1965-03-25,7.31
1965-03-26,7.9
1965-03-27,8.09
1965-03-28,9.32
1965-03-29,7.99
1965-03-30,6.86
1965-03-31,6.82
1965-04-01,5.94
1965-04-02,6.9
1965-04-03,7.73
1965-04-04,7.01
1965-04-05,7.07
1965-04-06,7.43
1965-04-07,6.19
1965-04-08,5.37
1965-04-09,5.05
1965-04-10,4.44
1965-04-11,4.38
1965-04-12,4.63
1965-04-13,4.32
1965-04-14,3.96
1965-04-15,3.53
1965-04-16,3.3
1965-04-17,3.34
1965-04-18,3.44
1965-04-19,3.69
1965-04-20,3.02
1965-04-21,2.74
1965-04-22,2.96
1965-04-23,2.69
1965-04-24,2.49
1965-04-25,2.44
1965-04-26,2.25
1965-04-27,2.35
1965-04-28,2.99
1965-04-29,3.86
1965-04-30,4.04
1965-05-01,3.54
1965-05-02,3.29
1965-05-03,3.47
1965-05-04,3.6
1965-05-05,3.73
1965-05-06,3.69
1965-05-07,3.35
1965-05-08,3.69
1965-05-09,2.47
1965-05-10,2.19
1965-05-11,1.95
1965-05-12,1.91
1965-05-13,1.89
1965-05-14,1.96
1965-05-15,1.86
1965-05-16,2.0
1965-05-17,1.87
1965-05-18,1.77
1965-05-19,1.83
1965-05-20,1.81
1965-05-21,1.89
1965-05-22,1.88
1965-05-23,1.73
1965-05-24,1.67
1965-05-25,1.77
1965-05-26,1.51
1965-05-27,1.42
1965-05-28,1.48
1965-05-29,1.6
1965-05-30,1.48
1965-05-31,1.37
1965-06-01,1.52
1965-06-02,1.35
1965-06-03,1.35
1965-06-04,1.23
1965-06-05,1.31
1965-06-06,1.38
1965-06-07,1.33
1965-06-08,1.32
1965-06-09,1.23
1965-06-10,1.19
1965-06-11,1.21
1965-06-12,1.27
1965-06-13,1.21
1965-06-14,1.26
1965-06-15,1.3
1965-06-16,1.34
1965-06-17,1.21
1965-06-18,1.14
1965-06-19,1.03
1965-06-20,1.02
1965-06-21,1.06
1965-06-22,1.09
1965-06-23,1.07
1965-06-24,1.02
1965-06-25,0.98
1965-06-26,0.94
1965-06-27,0.94
1965-06-28,0.89
1965-06-29,1.04
1965-06-30,1.14
1965-07-01,1.2
1965-07-02,1.25
1965-07-03,1.17
1965-07-04,1.23
1965-07-05,1.15
1965-07-06,1.07
1965-07-07,1.17
1965-07-08,1.16
1965-07-09,1.05
1965-07-10,1.0
1965-07-11,0.97
1965-07-12,0.95
1965-07-13,0.93
1965-07-14,0.85
1965-07-15,0.88
1965-07-16,0.89
1965-07-17,0.92
1965-07-18,0.96
1965-07-19,1.02
1965-07-20,1.09
1965-07-21,1.07
1965-07-22,0.94
1965-07-23,1.04
1965-07-24,0.97
1965-07-25,0.92
1965-07-26,0.89
1965-07-27,0.9
1965-07-28,0.83
1965-07-29,0.79
1965-07-30,0.76
1965-07-31,0.78
1965-08-01,0.82
1965-08-02,0.9
1965-08-03,1.0
1965-08-04,1.02
1965-08-05,0.91
1965-08-06,0.93
1965-08-07,1.0
1965-08-08,0.93
1965-08-09,0.89
1965-08-10,0.88
1965-08-11,0.89
1965-08-12,1.0
1965-08-13,0.92
1965-08-14,0.89
1965-08-15,0.93
1965-08-16,1.06
1965-08-17,1.09
1965-08-18,1.23
1965-08-19,1.05
1965-08-20,1.08
1965-08-21,1.25
1965-08-22,1.43
1965-08-23,1.38
1965-08-24,1.2
1965-08-25,0.99
1965-08-26,0.93
1965-08-27,0.92
1965-08-28,0.91
1965-08-29,0.9
1965-08-30,0.94
1965-08-31,1.07
1965-09-01,1.08
1965-09-02,1.08
1965-09-03,1.3
1965-09-04,1.19
1965-09-05,1.25
1965-09-06,1.65
1965-09-07,2.8
1965-09-08,2.47
1965-09-09,2.76
1965-09-10,2.06
1965-09-11,1.71
1965-09-12,1.4
1965-09-13,1.3
1965-09-14,1.31
1965-09-15,1.38
1965-09-16,1.29
1965-09-17,1.33
1965-09-18,1.41
1965-09-19,1.37
1965-09-20,1.24
1965-09-21,1.18
1965-09-22,1.26
1965-09-23,1.6
1965-09-24,2.03
1965-09-25,2.67
1965-09-26,2.48
1965-09-27,2.36
1965-09-28,2.29
1965-09-29,2.86
1965-09-30,2.85
1965-10-01,2.52
1965-10-02,2.37
1965-10-03,2.76
1965-10-04,3.63
1965-10-05,3.17
1965-10-06,2.33
1965-10-07,1.9
1965-10-08,1.95
1965-10-09,1.82
1965-10-10,1.64
1965-10-11,1.93
1965-10-12,2.15
1965-10-13,2.31
1965-10-14,2.45
1965-10-15,2.56
1965-10-16,2.96
1965-10-17,3.25
1965-10-18,3.02
1965-10-19,2.78
1965-10-20,2.59
1965-10-21,2.7
1965-10-22,2.74
1965-10-23,2.65
1965-10-24,3.0
1965-10-25,3.05
1965-10-26,4.36
1965-10-27,3.79
1965-10-28,2.74
1965-10-29,2.74
1965-10-30,3.11
1965-10-31,2.61
1965-11-01,2.76
1965-11-02,2.95
1965-11-03,3.3
1965-11-04,3.44
1965-11-05,2.73
1965-11-06,2.54
1965-11-07,2.72
1965-11-08,3.12
1965-11-09,3.34
1965-11-10,4.68
1965-11-11,3.91
1965-11-12,3.3
1965-11-13,3.26
1965-11-14,3.42
1965-11-15,3.67
1965-11-16,3.64
1965-11-17,3.71
1965-11-18,3.98
1965-11-19,3.55
1965-11-20,3.51
1965-11-21,3.6
1965-11-22,3.09
1965-11-23,2.27
1965-11-24,2.5
1965-11-25,3.18
1965-11-26,2.67
1965-11-27,2.38
1965-11-28,2.36
1965-11-29,2.46
1965-11-30,2.41
1965-12-01,2.24
1965-12-02,2.6
1965-12-03,3.38
1965-12-04,3.38
1965-12-05,4.61
1965-12-06,5.3
1965-12-07,4.63
1965-12-08,3.94
1965-12-09,3.64
1965-12-10,3.79
1965-12-11,4.11
1965-12-12,4.2
1965-12-13,4.12
1965-12-14,4.6
1965-12-15,4.12
1965-12-16,4.16
1965-12-17,5.23
1965-12-18,5.93
1965-12-19,7.4
1965-12-20,7.55
1965-12-21,7.33
1965-12-22,6.28
1965-12-23,6.29
1965-12-24,7.11
1965-12-25,6.34
1965-12-26,5.35
1965-12-27,5.07
1965-12-28,4.8
1965-12-29,5.19
1965-12-30,7.0
1965-12-31,10.02
1966-01-01,13.14
1966-01-02,15.48
1966-01-03,12.07
1966-01-04,9.47
1966-01-05,9.8
1966-01-06,11.41
1966-01-07,12.16
1966-01-08,13.48
1966-01-09,11.05
1966-01-10,10.26
1966-01-11,9.49
1966-01-12,7.97
1966-01-13,7.45
1966-01-14,6.61
1966-01-15,5.69
1966-01-16,5.41
1966-01-17,5.29
1966-01-18,5.25
1966-01-19,5.33
1966-01-20,5.2
1966-01-21,5.81
1966-01-22,8.22
1966-01-23,8.8
1966-01-24,6.92
1966-01-25,6.15
1966-01-26,5.39
1966-01-27,5.79
1966-01-28,6.8
1966-01-29,9.25
1966-01-30,11.66
1966-01-31,9.64
1966-02-01,7.74
1966-02-02,6.9
1966-02-03,6.66
1966-02-04,7.17
1966-02-05,6.34
1966-02-06,5.98
1966-02-07,5.51
1966-02-08,5.35
1966-02-09,5.21
1966-02-10,4.81
1966-02-11,4.8
1966-02-12,4.99
1966-02-13,5.31
1966-02-14,4.92
1966-02-15,4.54
1966-02-16,4.62
1966-02-17,7.09
1966-02-18,6.73
1966-02-19,5.53
1966-02-20,5.51
1966-02-21,9.25
1966-02-22,9.18
1966-02-23,8.01
1966-02-24,6.89
1966-02-25,5.96
1966-02-26,5.84
1966-02-27,6.34
1966-02-28,6.11
1966-03-01,9.25
1966-03-02,10.5
1966-03-03,11.72
1966-03-04,13.03
1966-03-05,11.08
1966-03-06,8.79
1966-03-07,8.25
1966-03-08,8.28
1966-03-09,7.21
1966-03-10,5.74
1966-03-11,4.66
1966-03-12,3.94
1966-03-13,3.6
1966-03-14,3.46
1966-03-15,3.3
1966-03-16,3.92
1966-03-17,3.51
1966-03-18,3.49
1966-03-19,6.09
1966-03-20,6.14
1966-03-21,8.2
1966-03-22,10.69
1966-03-23,9.04
1966-03-24,7.06
1966-03-25,5.9
1966-03-26,5.91
1966-03-27,5.23
1966-03-28,5.28
1966-03-29,4.91
1966-03-30,4.62
1966-03-31,4.23
1966-04-01,3.84
1966-04-02,3.91
1966-04-03,3.78
1966-04-04,3.94
1966-04-05,3.65
1966-04-06,3.57
1966-04-07,4.44
1966-04-08,4.79
1966-04-09,4.95
1966-04-10,5.26
1966-04-11,4.9
1966-04-12,3.75
1966-04-13,3.47
1966-04-14,3.11
1966-04-15,3.45
1966-04-16,3.31
1966-04-17,3.02
1966-04-18,2.93
1966-04-19,2.81
1966-04-20,3.2
1966-04-21,2.97
1966-04-22,2.99
1966-04-23,3.42
1966-04-24,3.18
1966-04-25,4.39
1966-04-26,4.64
1966-04-27,3.59
1966-04-28,2.8
1966-04-29,2.95
1966-04-30,3.8
1966-05-01,4.29
1966-05-02,3.91
1966-05-03,3.54
1966-05-04,4.14
1966-05-05,4.08
1966-05-06,3.47
1966-05-07,4.18
1966-05-08,3.95
1966-05-09,3.32
1966-05-10,3.16
1966-05-11,2.83
1966-05-12,2.73
1966-05-13,2.69
1966-05-14,2.68
1966-05-15,2.64
1966-05-16,2.78
1966-05-17,2.74
1966-05-18,2.39
1966-05-19,2.18
1966-05-20,1.99
1966-05-21,2.01
1966-05-22,2.01
1966-05-23,1.84
1966-05-24,1.93
1966-05-25,1.96
1966-05-26,1.89
1966-05-27,1.81
1966-05-28,1.75
1966-05-29,1.71
1966-05-30,1.71
1966-05-31,1.83
1966-06-01,1.88
1966-06-02,1.75
1966-06-03,1.63
1966-06-04,1.77
1966-06-05,1.76
1966-06-06,1.8
1966-06-07,1.82
1966-06-08,1.85
1966-06-09,1.81
1966-06-10,1.82
1966-06-11,1.79
1966-06-12,1.98
1966-06-13,1.85
1966-06-14,1.62
1966-06-15,1.51
1966-06-16,1.7
1966-06-17,1.57
1966-06-18,1.52
1966-06-19,1.41
1966-06-20,1.42
1966-06-21,1.45
1966-06-22,1.48
1966-06-23,1.55
1966-06-24,1.55
1966-06-25,1.32
1966-06-26,1.27
1966-06-27,1.32
1966-06-28,1.27
1966-06-29,1.25
1966-06-30,1.35
1966-07-01,1.46
1966-07-02,1.51
1966-07-03,1.46
1966-07-04,1.6
1966-07-05,1.79
1966-07-06,1.91
1966-07-07,1.72
1966-07-08,1.4
1966-07-09,1.21
1966-07-10,1.21
1966-07-11,1.28
1966-07-12,1.35
1966-07-13,1.32
1966-07-14,1.37
1966-07-15,1.55
1966-07-16,1.3
1966-07-17,1.26
1966-07-18,1.26
1966-07-19,1.42
1966-07-20,1.43
1966-07-21,1.44
1966-07-22,1.34
1966-07-23,1.56
1966-07-24,1.49
1966-07-25,1.42
1966-07-26,1.14
1966-07-27,1.26
1966-07-28,1.4
1966-07-29,1.53
1966-07-30,1.66
1966-07-31,1.44
1966-08-01,1.3
1966-08-02,1.22
1966-08-03,1.11
1966-08-04,1.08
1966-08-05,1.22
1966-08-06,1.35
1966-08-07,1.35
1966-08-08,1.58
1966-08-09,1.59
1966-08-10,1.79
1966-08-11,1.71
1966-08-12,1.66
1966-08-13,1.77
1966-08-14,1.24
1966-08-15,1.32
1966-08-16,1.54
1966-08-17,1.5
1966-08-18,1.67
1966-08-19,1.57
1966-08-20,1.61
1966-08-21,1.65
1966-08-22,1.44
1966-08-23,1.81
1966-08-24,2.0
1966-08-25,1.68
1966-08-26,1.59
1966-08-27,1.88
1966-08-28,2.02
1966-08-29,1.89
1966-08-30,1.77
1966-08-31,2.45
1966-09-01,2.37
1966-09-02,2.7
1966-09-03,2.64
1966-09-04,2.37
1966-09-05,1.99
1966-09-06,2.3
1966-09-07,2.59
1966-09-08,2.44
1966-09-09,2.01
1966-09-10,1.6
1966-09-11,1.95
1966-09-12,2.2
1966-09-13,1.37
1966-09-14,1.26
1966-09-15,1.26
1966-09-16,1.32
1966-09-17,1.41
1966-09-18,1.61
1966-09-19,1.25
1966-09-20,1.24
1966-09-21,1.68
1966-09-22,1.99
1966-09-23,1.76
1966-09-24,1.31
1966-09-25,1.6
1966-09-26,2.0
1966-09-27,2.2
1966-09-28,2.36
1966-09-29,2.03
1966-09-30,1.77
1966-10-01,1.7
1966-10-02,1.43
1966-10-03,1.52
1966-10-04,1.65
1966-10-05,1.74
1966-10-06,1.77
1966-10-07,1.71
1966-10-08,1.74
1966-10-09,2.31
1966-10-10,2.14
1966-10-11,2.07
1966-10-12,2.32
1966-10-13,4.37
1966-10-14,5.07
1966-10-15,4.62
1966-10-16,3.34
1966-10-17,2.51
1966-10-18,2.53
1966-10-19,3.34
1966-10-20,5.11
1966-10-21,4.55
1966-10-22,4.75
1966-10-23,5.19
1966-10-24,5.43
1966-10-25,7.76
1966-10-26,7.72
1966-10-27,5.33
1966-10-28,3.96
1966-10-29,3.12
1966-10-30,2.89
1966-10-31,3.8
1966-11-01,4.36
1966-11-02,3.83
1966-11-03,3.29
1966-11-04,4.27
1966-11-05,3.92
1966-11-06,3.51
1966-11-07,2.95
1966-11-08,3.08
1966-11-09,3.15
1966-11-10,2.87
1966-11-11,2.9
1966-11-12,2.78
1966-11-13,3.07
1966-11-14,2.69
1966-11-15,2.64
1966-11-16,2.55
1966-11-17,2.43
1966-11-18,1.99
1966-11-19,3.52
1966-11-20,4.36
1966-11-21,3.89
1966-11-22,3.76
1966-11-23,4.0
1966-11-24,4.88
1966-11-25,4.24
1966-11-26,3.63
1966-11-27,3.96
1966-11-28,5.07
1966-11-29,4.16
1966-11-30,3.56
1966-12-01,3.8
1966-12-02,3.71
1966-12-03,3.5
1966-12-04,3.81
1966-12-05,3.43
1966-12-06,3.6
1966-12-07,6.72
1966-12-08,8.47
1966-12-09,10.09
1966-12-10,9.99
1966-12-11,7.85
1966-12-12,6.53
1966-12-13,6.15
1966-12-14,5.38
1966-12-15,4.85
1966-12-16,4.23
1966-12-17,3.65
1966-12-18,3.17
1966-12-19,3.07
1966-12-20,3.38
1966-12-21,3.57
1966-12-22,3.15
1966-12-23,3.05
1966-12-24,3.21
1966-12-25,3.28
1966-12-26,3.1
1966-12-27,3.19
1966-12-28,3.38
1966-12-29,3.1
1966-12-30,2.86
1966-12-31,3.19
1967-01-01,2.49
1967-01-02,2.74
1967-01-03,3.24
1967-01-04,3.36
1967-01-05,3.31
1967-01-06,4.34
1967-01-07,4.03
1967-01-08,3.66
1967-01-09,3.35
1967-01-10,3.46
1967-01-11,4.22
1967-01-12,3.87
1967-01-13,4.56
1967-01-14,4.99
1967-01-15,4.18
1967-01-16,5.76
1967-01-17,7.57
1967-01-18,7.64
1967-01-19,6.88
1967-01-20,5.74
1967-01-21,6.62
1967-01-22,6.92
1967-01-23,6.56
1967-01-24,6.86
1967-01-25,6.57
1967-01-26,7.38
1967-01-27,7.42
1967-01-28,7.9
1967-01-29,7.3
1967-01-30,7.65
1967-01-31,7.27
1967-02-01,12.02
1967-02-02,13.75
1967-02-03,11.39
1967-02-04,11.2
1967-02-05,10.14
1967-02-06,9.29
1967-02-07,8.95
1967-02-08,9.49
1967-02-09,11.12
1967-02-10,10.48
1967-02-11,9.45
1967-02-12,9.47
1967-02-13,9.29
1967-02-14,12.72
1967-02-15,16.07
1967-02-16,18.72
1967-02-17,17.19
1967-02-18,21.92
1967-02-19,18.73
1967-02-20,20.17
1967-02-21,21.99
1967-02-22,19.35
1967-02-23,14.05
1967-02-24,15.58
1967-02-25,20.73
1967-02-26,19.62
1967-02-27,13.72
1967-02-28,10.9
1967-03-01,10.67
1967-03-02,11.37
1967-03-03,13.08
1967-03-04,10.97
1967-03-05,10.87
1967-03-06,11.62
1967-03-07,14.62
1967-03-08,13.13
1967-03-09,12.0
1967-03-10,10.5
1967-03-11,8.99
1967-03-12,9.94
1967-03-13,10.66
1967-03-14,16.4
1967-03-15,23.57
1967-03-16,18.65
1967-03-17,15.89
1967-03-18,17.2
1967-03-19,19.57
1967-03-20,18.11
1967-03-21,15.46
1967-03-22,13.03
1967-03-23,11.35
1967-03-24,10.88
1967-03-25,10.65
1967-03-26,9.67
1967-03-27,9.21
1967-03-28,8.91
1967-03-29,8.99
1967-03-30,7.76
1967-03-31,7.76
1967-04-01,7.33
1967-04-02,7.69
1967-04-03,7.39
1967-04-04,6.24
1967-04-05,6.23
1967-04-06,5.53
1967-04-07,5.08
1967-04-08,4.59
1967-04-09,4.24
1967-04-10,4.69
1967-04-11,4.34
1967-04-12,4.76
1967-04-13,4.61
1967-04-14,4.76
1967-04-15,5.57
1967-04-16,5.71
1967-04-17,7.43
1967-04-18,6.04
1967-04-19,5.34
1967-04-20,5.21
1967-04-21,5.91
1967-04-22,6.27
1967-04-23,5.13
1967-04-24,4.62
1967-04-25,4.38
1967-04-26,3.92
1967-04-27,3.62
1967-04-28,3.65
1967-04-29,3.59
1967-04-30,3.48
1967-05-01,3.32
1967-05-02,3.01
1967-05-03,3.03
1967-05-04,3.7
1967-05-05,3.51
1967-05-06,3.23
1967-05-07,2.88
1967-05-08,2.65
1967-05-09,2.48
1967-05-10,2.34
1967-05-11,2.67
1967-05-12,4.63
1967-05-13,3.86
1967-05-14,3.71
1967-05-15,3.32
1967-05-16,3.13
1967-05-17,3.15
1967-05-18,4.35
1967-05-19,3.74
1967-05-20,3.63
1967-05-21,3.35
1967-05-22,3.56
1967-05-23,3.22
1967-05-24,2.79
1967-05-25,2.76
1967-05-26,2.82
1967-05-27,3.01
1967-05-28,2.71
1967-05-29,2.62
1967-05-30,2.63
1967-05-31,2.71
1967-06-01,2.87
1967-06-02,2.66
1967-06-03,2.47
1967-06-04,2.43
1967-06-05,2.47
1967-06-06,2.6
1967-06-07,2.55
1967-06-08,2.5
1967-06-09,2.43
1967-06-10,2.31
1967-06-11,2.27
1967-06-12,2.32
1967-06-13,2.4
1967-06-14,2.4
1967-06-15,2.2
1967-06-16,1.93
1967-06-17,1.66
1967-06-18,1.63
1967-06-19,1.59
1967-06-20,1.6
1967-06-21,1.48
1967-06-22,1.44
1967-06-23,1.46
1967-06-24,1.33
1967-06-25,1.29
1967-06-26,1.22
1967-06-27,1.2
1967-06-28,1.27
1967-06-29,1.32
1967-06-30,1.4
1967-07-01,1.4
1967-07-02,1.4
1967-07-03,1.42
1967-07-04,1.25
1967-07-05,1.24
1967-07-06,1.16
1967-07-07,1.15
1967-07-08,1.17
1967-07-09,1.21
1967-07-10,1.24
1967-07-11,1.29
1967-07-12,1.35
1967-07-13,1.41
1967-07-14,1.58
1967-07-15,2.02
1967-07-16,1.79
1967-07-17,1.56
1967-07-18,1.49
1967-07-19,1.41
1967-07-20,1.44
1967-07-21,1.5
1967-07-22,1.38
1967-07-23,1.35
1967-07-24,1.34
1967-07-25,1.41
1967-07-26,1.25
1967-07-27,1.12
1967-07-28,1.11
1967-07-29,1.18
1967-07-30,1.23
1967-07-31,1.29
1967-08-01,1.33
1967-08-02,1.26
1967-08-03,1.58
1967-08-04,1.43
1967-08-05,1.48
1967-08-06,1.35
1967-08-07,1.24
1967-08-08,1.14
1967-08-09,1.11
1967-08-10,1.11
1967-08-11,1.17
1967-08-12,1.1
1967-08-13,1.27
1967-08-14,1.43
1967-08-15,1.34
1967-08-16,1.29
1967-08-17,1.32
1967-08-18,1.51
1967-08-19,1.36
1967-08-20,1.21
1967-08-21,1.18
1967-08-22,1.25
1967-08-23,1.23
1967-08-24,1.21
1967-08-25,1.3
1967-08-26,1.28
1967-08-27,1.24
1967-08-28,1.39
1967-08-29,1.36
1967-08-30,1.37
1967-08-31,1.49
1967-09-01,1.519918699186992
1967-09-02,1.5498373983739837
1968-01-01,5.17
1968-01-02,5.03
1968-01-03,4.85
1968-01-04,4.31
1968-01-05,5.26
1968-01-06,7.62
1968-01-07,7.08
1968-01-08,5.74
1968-01-09,5.26
1968-01-10,4.85
1968-01-11,4.45
1968-01-12,3.91
1968-01-13,4.75
1968-01-14,6.98
1968-01-15,8.83
1968-01-16,7.25
1968-01-17,9.52
1968-01-18,9.6
1968-01-19,9.19
1968-01-20,7.19
1968-01-21,6.07
1968-01-22,5.72
1968-01-23,7.48
1968-01-24,8.17
1968-01-25,7.09
1968-01-26,7.33
1968-01-27,9.88
1968-01-28,11.25
1968-01-29,8.91
1968-01-30,7.11
1968-01-31,5.64
1968-02-01,4.9
1968-02-02,5.01
1968-02-03,7.48
1968-02-04,11.18
1968-02-05,11.22
1968-02-06,10.86
1968-02-07,10.07
1968-02-08,8.78
1968-02-09,8.5
1968-02-10,8.23
1968-02-11,7.96
1968-02-12,7.06
1968-02-13,6.24
1968-02-14,6.49
1968-02-15,6.39
1968-02-16,5.7
1968-02-17,5.71
1968-02-18,6.8
1968-02-19,8.67
1968-02-20,9.08
1968-02-21,8.13
1968-02-22,6.22
1968-02-23,5.56
1968-02-24,4.9
1968-02-25,4.85
1968-02-26,4.56
1968-02-27,4.85
1968-02-28,6.65
1968-02-29,6.32
1968-03-01,6.27
1968-03-02,6.5
1968-03-03,5.5
1968-03-04,5.58
1968-03-05,6.29
1968-03-06,5.96
1968-03-07,6.81
1968-03-08,8.52
1968-03-09,9.05
1968-03-10,9.91
1968-03-11,10.02
1968-03-12,13.64
1968-03-13,14.79
1968-03-14,15.15
1968-03-15,13.35
1968-03-16,12.8
1968-03-17,12.69
1968-03-18,11.44
1968-03-19,10.68
1968-03-20,8.94
1968-03-21,7.94
1968-03-22,7.17
1968-03-23,7.06
1968-03-24,7.92
1968-03-25,9.5
1968-03-26,9.74
1968-03-27,7.91
1968-03-28,7.39
1968-03-29,6.87
1968-03-30,6.26
1968-03-31,5.75
1968-04-01,5.59
1968-04-02,5.38
1968-04-03,5.88
1968-04-04,6.18
1968-04-05,7.59
1968-04-06,6.52
1968-04-07,6.39
1968-04-08,7.3
1968-04-09,7.1
1968-04-10,5.95
1968-04-11,5.87
1968-04-12,5.11
1968-04-13,4.58
1968-04-14,4.19
1968-04-15,3.9
1968-04-16,3.89
1968-04-17,3.78
1968-04-18,3.57
1968-04-19,3.09
1968-04-20,2.97
1968-04-21,2.86
1968-04-22,2.71
1968-04-23,2.49
1968-04-24,2.44
1968-04-25,2.29
1968-04-26,2.23
1968-04-27,2.35
1968-04-28,2.29
1968-04-29,2.23
1968-04-30,2.42
1968-05-01,2.79
1968-05-02,2.54
1968-05-03,2.38
1968-05-04,2.4
1968-05-05,2.4
1968-05-06,2.51
1968-05-07,2.45
1968-05-08,2.32
1968-05-09,2.1
1968-05-10,2.05
1968-05-11,2.26
1968-05-12,2.42
1968-05-13,2.11
1968-05-14,2.42
1968-05-15,2.47
1968-05-16,2.46
1968-05-17,2.83
1968-05-18,2.81
1968-05-19,2.8
1968-05-20,3.03
1968-05-21,2.98
1968-05-22,2.6
1968-05-23,2.31
1968-05-24,2.05
1968-05-25,1.87
1968-05-26,1.72
1968-05-27,1.62
1968-05-28,1.58
1968-05-29,1.53
1968-05-30,1.57
1968-05-31,1.53
1968-06-01,1.6
1968-06-02,1.65
1968-06-03,1.62
1968-06-04,1.55
1968-06-05,1.41
1968-06-06,1.43
1968-06-07,1.44
1968-06-08,1.56
1968-06-09,1.49
1968-06-10,1.42
1968-06-11,1.34
1968-06-12,1.31
1968-06-13,1.35
1968-06-14,1.34
1968-06-15,1.32
1968-06-16,1.28
1968-06-17,1.44
1968-06-18,1.29
1968-06-19,1.26
1968-06-20,1.26
1968-06-21,1.32
1968-06-22,1.4
1968-06-23,1.37
1968-06-24,1.38
1968-06-25,1.31
1968-06-26,1.26
1968-06-27,1.37
1968-06-28,1.43
1968-06-29,1.36
1968-06-30,1.39
1968-07-01,1.38
1968-07-02,1.42
1968-07-03,1.5
1968-07-04,1.52
1968-07-05,1.48
1968-07-06,1.41
1968-07-07,1.41
1968-07-08,1.3
1968-07-09,1.23
1968-07-10,1.27
1968-07-11,1.29
1968-07-12,1.15
1968-07-13,1.16
1968-07-14,1.17
1968-07-15,1.39
1968-07-16,1.23
1968-07-17,1.2
1968-07-18,1.2
1968-07-19,1.23
1968-07-20,1.1
1968-07-21,1.11
1968-07-22,1.24
1968-07-23,1.22
1968-07-24,1.24
1968-07-25,1.26
1968-07-26,1.35
1968-07-27,1.42
1968-07-28,1.62
1968-07-29,1.6
1968-07-30,1.68
1968-07-31,1.55
1968-08-01,1.41
1968-08-02,1.27
1968-08-03,1.67
1968-08-04,1.59
1968-08-05,1.51
1968-08-06,1.36
1968-08-07,1.32
1968-08-08,1.35
1968-08-09,1.34
1968-08-10,1.43
1968-08-11,1.41
1968-08-12,1.33
1968-08-13,1.4
1968-08-14,1.51
1968-08-15,1.52
1968-08-16,1.55
1968-08-17,1.59
1968-08-18,1.87
1968-08-19,1.72
1968-08-20,1.6
1968-08-21,1.47
1968-08-22,1.39
1968-08-23,1.45
1968-08-24,1.58
1968-08-25,1.96
1968-08-26,2.0
1968-08-27,1.91
1968-08-28,2.01
1968-08-29,2.06
1968-08-30,2.11
1968-08-31,2.05
1968-09-01,1.93
1968-09-02,1.8
1968-09-03,1.85
1968-09-04,2.1
1968-09-05,2.11
1968-09-06,1.81
1968-09-07,1.76
1968-09-08,1.78
1968-09-09,1.69
1968-09-10,2.01
1968-09-11,1.99
1968-09-12,1.7
1968-09-13,1.84
1968-09-14,2.03
1968-09-15,2.29
1968-09-16,2.2
1968-09-17,2.29
1968-09-18,2.21
1968-09-19,1.76
1968-09-20,1.88
1968-09-21,2.46
1968-09-22,2.77
1968-09-23,2.0
1968-09-24,1.93
1968-09-25,3.58
1968-09-26,3.15
1968-09-27,3.09
1968-09-28,2.42
1968-09-29,4.0
1968-09-30,4.2
1968-10-01,2.67
1968-10-02,1.94
1968-10-03,1.73
1968-10-04,1.83
1968-10-05,2.18
1968-10-06,2.84
1968-10-07,3.11
1968-10-08,5.42
1968-10-09,4.67
1968-10-10,3.3
1968-10-11,2.57
1968-10-12,2.11
1968-10-13,2.31
1968-10-14,5.11
1968-10-15,4.33
1968-10-16,4.06
1968-10-17,5.07
1968-10-18,4.32
1968-10-19,3.21
1968-10-20,2.88
1968-10-21,4.19
1968-10-22,3.55
1968-10-23,3.06
1968-10-24,3.46
1968-10-25,5.79
1968-10-26,7.54
1968-10-27,6.41
1968-10-28,4.75
1968-10-29,3.72
1968-10-30,3.4
1968-10-31,4.21
1968-11-01,4.61
1968-11-02,3.65
1968-11-03,3.02
1968-11-04,4.43
1968-11-05,5.81
1968-11-06,5.19
1968-11-07,5.1
1968-11-08,5.24
1968-11-09,5.08
1968-11-10,4.67
1968-11-11,6.72
1968-11-12,5.59
1968-11-13,4.29
1968-11-14,3.55
1968-11-15,3.13
1968-11-16,3.01
1968-11-17,2.97
1968-11-18,3.05
1968-11-19,3.36
1968-11-20,2.94
1968-11-21,2.93
1968-11-22,2.94
1968-11-23,2.77
1968-11-24,2.88
1968-11-25,3.11
1968-11-26,3.16
1968-11-27,2.96
1968-11-28,2.81
1968-11-29,2.73
1968-11-30,3.4
1968-12-01,3.67
1968-12-02,3.32
1968-12-03,3.42
1968-12-04,3.58
1968-12-05,3.11
1968-12-06,4.5
1968-12-07,8.63
1968-12-08,7.88
1968-12-09,6.32
1968-12-10,6.27
1968-12-11,5.41
1968-12-12,4.16
1968-12-13,4.47
1968-12-14,7.82
1968-12-15,7.66
1968-12-16,8.43
1968-12-17,7.71
1968-12-18,7.52
1968-12-19,8.0
1968-12-20,7.61
1968-12-21,8.22
1968-12-22,6.9
1968-12-23,6.21
1968-12-24,5.52
1968-12-25,5.52
1968-12-26,5.35
1968-12-27,5.18
1968-12-28,5.35
1968-12-29,6.02
1968-12-30,5.66
1968-12-31,5.52
1969-01-01,6.17
1969-01-02,6.55
1969-01-03,5.39
1969-01-04,4.9
1969-01-05,6.02
1969-01-06,7.65
1969-01-07,6.71
1969-01-08,6.14
1969-01-09,6.9
1969-01-10,6.38
1969-01-11,6.2
1969-01-12,6.63
1969-01-13,6.79
1969-01-14,6.64
1969-01-15,6.47
1969-01-16,6.28
1969-01-17,6.17
1969-01-18,6.45
1969-01-19,5.73
1969-01-20,4.9
1969-01-21,4.37
1969-01-22,4.31
1969-01-23,4.31
1969-01-24,4.4
1969-01-25,4.68
1969-01-26,3.76
1969-01-27,4.08
1969-01-28,3.96
1969-01-29,3.84
1969-01-30,4.62
1969-01-31,4.59
1969-02-01,4.85
1969-02-02,5.92
1969-02-03,5.77
1969-02-04,5.82
1969-02-05,6.8
1969-02-06,6.69
1969-02-07,7.42
1969-02-08,7.9
1969-02-09,9.09
1969-02-10,8.67
1969-02-11,7.35
1969-02-12,7.35
1969-02-13,9.76
1969-02-14,8.51
1969-02-15,8.18
1969-02-16,9.38
1969-02-17,9.83
1969-02-18,8.88
1969-02-19,8.17
1969-02-20,9.58
1969-02-21,10.08
1969-02-22,8.43
1969-02-23,7.06
1969-02-24,6.63
1969-02-25,6.44
1969-02-26,7.0
1969-02-27,6.41
1969-02-28,7.07
1969-03-01,7.18
1969-03-02,6.88
1969-03-03,8.54
1969-03-04,7.43
1969-03-05,7.15
1969-03-06,8.59
1969-03-07,9.41
1969-03-08,9.1
1969-03-09,7.58
1969-03-10,6.47
1969-03-11,5.48
1969-03-12,4.55
1969-03-13,4.22
1969-03-14,4.26
1969-03-15,6.31
1969-03-16,9.26
1969-03-17,10.26
1969-03-18,9.24
1969-03-19,11.2
1969-03-20,11.31
1969-03-21,11.6
1969-03-22,10.22
1969-03-23,8.41
1969-03-24,8.43
1969-03-25,9.11
1969-03-26,8.87
1969-03-27,9.5
1969-03-28,9.44
1969-03-29,9.16
1969-03-30,9.14
1969-03-31,8.56
1969-04-01,9.57
1969-04-02,8.3
1969-04-03,9.55
1969-04-04,13.5
1969-04-05,13.26
1969-04-06,12.26
1969-04-07,10.28
1969-04-08,8.86
1969-04-09,9.84
1969-04-10,10.5
1969-04-11,10.73
1969-04-12,12.35
1969-04-13,13.55
1969-04-14,11.55
1969-04-15,11.75
1969-04-16,10.77
1969-04-17,9.33
1969-04-18,8.52
1969-04-19,7.11
1969-04-20,6.1
1969-04-21,6.22
1969-04-22,6.53
1969-04-23,5.6
1969-04-24,5.2
1969-04-25,5.57
1969-04-26,5.65
1969-04-27,5.52
1969-04-28,5.37
1969-04-29,4.84
1969-04-30,4.67
1969-05-01,4.24
1969-05-02,4.21
1969-05-03,4.25
1969-05-04,4.33
1969-05-05,4.24
1969-05-06,3.87
1969-05-07,3.98
1969-05-08,3.58
1969-05-09,3.3
1969-05-10,3.03
1969-05-11,3.46
1969-05-12,3.9
1969-05-13,3.61
1969-05-14,3.13
1969-05-15,3.09
1969-05-16,3.15
1969-05-17,2.79
1969-05-18,2.98
1969-05-19,2.86
1969-05-20,3.47
1969-05-21,2.93
1969-05-22,2.89
1969-05-23,2.76
1969-05-24,2.96
1969-05-25,3.36
1969-05-26,3.25
1969-05-27,2.92
1969-05-28,2.79
1969-05-29,2.43
1969-05-30,2.61
1969-05-31,2.44
1969-06-01,2.59
1969-06-02,2.5
1969-06-03,2.34
1969-06-04,2.17
1969-06-05,2.47
1969-06-06,2.48
1969-06-07,2.16
1969-06-08,2.38
1969-06-09,2.18
1969-06-10,2.26
1969-06-11,2.17
1969-06-12,2.31
1969-06-13,2.27
1969-06-14,2.28
1969-06-15,2.33
1969-06-16,2.85
1969-06-17,1.98
1969-06-18,2.21
1969-06-19,2.2
1969-06-20,2.13
1969-06-21,2.12
1969-06-22,2.05
1969-06-23,2.07
1969-06-24,2.19
1969-06-25,2.37
1969-06-26,2.38
1969-06-27,2.53
1969-06-28,2.42
1969-06-29,2.16
1969-06-30,1.88
1969-07-01,1.81
1969-07-02,1.91
1969-07-03,1.82
1969-07-04,1.78
1969-07-05,1.85
1969-07-06,1.95
1969-07-07,1.81
1969-07-08,1.64
1969-07-09,1.83
1969-07-10,1.69
1969-07-11,1.59
1969-07-12,1.45
1969-07-13,1.43
1969-07-14,1.49
1969-07-15,1.6
1969-07-16,1.58
1969-07-17,1.65
1969-07-18,1.72
1969-07-19,1.47
1969-07-20,1.72
1969-07-21,1.65
1969-07-22,1.52
1969-07-23,1.56
1969-07-24,1.56
1969-07-25,1.64
1969-07-26,1.75
1969-07-27,1.6
1969-07-28,1.67
1969-07-29,1.76
1969-07-30,1.59
1969-07-31,1.74
1969-08-01,1.87
1969-08-02,1.61
1969-08-03,1.67
1969-08-04,1.65
1969-08-05,1.57
1969-08-06,1.83
1969-08-07,1.71
1969-08-08,1.81
1969-08-09,1.8
1969-08-10,1.98
1969-08-11,1.76
1969-08-12,1.56
1969-08-13,1.61
1969-08-14,1.56
1969-08-15,1.67
1969-08-16,1.64
1969-08-17,1.6
1969-08-18,1.89
1969-08-19,2.28
1969-08-20,2.84
1969-08-21,3.16
1969-08-22,2.75
1969-08-23,2.31
1969-08-24,2.15
1969-08-25,1.94
1969-08-26,1.73
1969-08-27,1.75
1969-08-28,1.58
1969-08-29,1.54
1969-08-30,1.56
1969-08-31,1.5
1969-09-01,1.43
1969-09-02,1.79
1969-09-03,2.16
1969-09-04,2.35
1969-09-05,2.64
1969-09-06,2.36
1969-09-07,2.26
1969-09-08,2.35
1969-09-09,2.11
1969-09-10,1.91
1969-09-11,1.8
1969-09-12,2.0
1969-09-13,1.78
1969-09-14,1.74
1969-09-15,1.62
1969-09-16,1.99
1969-09-17,2.15
1969-09-18,1.93
1969-09-19,1.58
1969-09-20,1.59
1969-09-21,2.0
1969-09-22,1.89
1969-09-23,2.25
1969-09-24,2.62
1969-09-25,2.44
1969-09-26,2.56
1969-09-27,2.33
1969-09-28,3.06
1969-09-29,3.79
1969-09-30,4.46
1969-10-01,4.51
1969-10-02,4.57
1969-10-03,5.26
1969-10-04,6.46
1969-10-05,5.7
1969-10-06,5.52
1969-10-07,5.07
1969-10-08,4.81
1969-10-09,3.97
1969-10-10,3.35
1969-10-11,3.28
1969-10-12,3.93
1969-10-13,3.63
1969-10-14,5.33
1969-10-15,4.61
1969-10-16,4.64
1969-10-17,5.29
1969-10-18,3.94
1969-10-19,4.3
1969-10-20,3.81
1969-10-21,3.84
1969-10-22,3.89
1969-10-23,3.94
1969-10-24,3.99
1969-10-25,3.62
1969-10-26,3.99
1969-10-27,3.68
1969-10-28,3.38
1969-10-29,2.78
1969-10-30,3.16
1969-10-31,4.0
1969-11-01,4.7
1969-11-02,4.61
1969-11-03,3.19
1969-11-04,3.18
1969-11-05,3.53
1969-11-06,3.94
1969-11-07,3.69
1969-11-08,3.75
1969-11-09,4.33
1969-11-10,3.95
1969-11-11,3.31
1969-11-12,3.42
1969-11-13,3.76
1969-11-14,4.17
1969-11-15,4.3
1969-11-16,5.22
1969-11-17,5.96
1969-11-18,5.18
1969-11-19,4.28
1969-11-20,4.71
1969-11-21,5.22
1969-11-22,5.9
1969-11-23,6.21
1969-11-24,5.89
1969-11-25,9.61
1969-11-26,13.5
1969-11-27,12.05
1969-11-28,11.83
1969-11-29,10.37
1969-11-30,12.13
1969-12-01,12.1528125
1969-12-02,12.175625
1970-01-01,12.86
1970-01-02,11.55
1970-01-03,10.85
1970-01-04,10.55
1970-01-05,11.32
1970-01-06,12.88
1970-01-07,14.64
1970-01-08,14.71
1970-01-09,14.5
1970-01-10,13.27
1970-01-11,13.84
1970-01-12,15.92
1970-01-13,17.22
1970-01-14,17.98
1970-01-15,19.89
1970-01-16,21.96
1970-01-17,18.81
1970-01-18,16.37
1970-01-19,14.66
1970-01-20,12.61
1970-01-21,11.07
1970-01-22,11.46
1970-01-23,11.31
1970-01-24,12.68
1970-01-25,14.08
1970-01-26,12.32
1970-01-27,12.85
1970-01-28,12.7
1970-01-29,11.9
1970-01-30,11.13
1970-01-31,9.89
1970-02-01,11.49
1970-02-02,11.84
1970-02-03,10.63
1970-02-04,9.64
1970-02-05,8.8
1970-02-06,9.11
1970-02-07,12.33
1970-02-08,15.33
1970-02-09,14.49
1970-02-10,11.69
1970-02-11,10.01
1970-02-12,9.55
1970-02-13,9.28
1970-02-14,8.81
1970-02-15,8.8
1970-02-16,7.74
1970-02-17,7.2
1970-02-18,7.03
1970-02-19,7.68
1970-02-20,8.11
1970-02-21,8.49
1970-02-22,7.57
1970-02-23,7.7
1970-02-24,7.81
1970-02-25,10.16
1970-02-26,11.19
1970-02-27,8.84
1970-02-28,7.89
1970-03-01,7.61
1970-03-02,7.4
1970-03-03,7.34
1970-03-04,6.79
1970-03-05,6.68
1970-03-06,6.11
1970-03-07,6.9
1970-03-08,9.55
1970-03-09,10.23
1970-03-10,9.79
1970-03-11,11.77
1970-03-12,11.61
1970-03-13,10.96
1970-03-14,14.56
1970-03-15,18.67
1970-03-16,16.21
1970-03-17,14.22
1970-03-18,12.52
1970-03-19,10.76
1970-03-20,9.7
1970-03-21,8.94
1970-03-22,8.49
1970-03-23,8.08
1970-03-24,7.98
1970-03-25,7.32
1970-03-26,7.66
1970-03-27,7.64
1970-03-28,7.68
1970-03-29,7.57
1970-03-30,7.31
1970-03-31,7.27
1970-04-01,8.27
1970-04-02,7.68
1970-04-03,8.05
1970-04-04,9.42
1970-04-05,11.83
1970-04-06,11.81
1970-04-07,13.87
1970-04-08,11.6
1970-04-09,9.47
1970-04-10,9.03
1970-04-11,9.48
1970-04-12,8.3
1970-04-13,9.04
1970-04-14,7.79
1970-04-15,6.94
1970-04-16,6.54
1970-04-17,6.69
1970-04-18,7.9
1970-04-19,8.03
1970-04-20,7.71
1970-04-21,6.7
1970-04-22,6.05
1970-04-23,6.25
1970-04-24,9.02
1970-04-25,8.78
1970-04-26,7.96
1970-04-27,7.41
1970-04-28,6.45
1970-04-29,8.88
1970-04-30,8.89
1970-05-01,8.09
1970-05-02,7.86
1970-05-03,7.84
1970-05-04,9.0
1970-05-05,8.87
1970-05-06,8.75
1970-05-07,7.73
1970-05-08,7.22
1970-05-09,8.33
1970-05-10,8.62
1970-05-11,9.46
1970-05-12,8.53
1970-05-13,7.57
1970-05-14,6.89
1970-05-15,7.51
1970-05-16,8.59
1970-05-17,7.74
1970-05-18,6.54
1970-05-19,6.14
1970-05-20,5.45
1970-05-21,5.95
1970-05-22,5.32
1970-05-23,5.18
1970-05-24,4.5
1970-05-25,4.04
1970-05-26,4.0
1970-05-27,3.81
1970-05-28,3.41
1970-05-29,3.43
1970-05-30,3.45
1970-05-31,3.63
1970-06-01,3.76
1970-06-02,3.89
1970-06-10,4.93
1970-06-11,4.97
1970-06-12,5.02
1970-06-13,5.0
1970-06-14,5.22
1970-06-15,5.29
1970-06-16,5.24
1970-06-17,4.84
1970-06-18,4.78
1970-06-19,4.57
1970-06-20,4.11
1970-06-21,4.46
1970-06-22,4.57
1970-06-23,4.3
1970-06-24,4.08
1970-06-25,4.51
1970-06-26,5.38
1970-06-27,4.47
1970-06-28,4.29
1970-06-29,4.14
1970-06-30,3.82
1970-07-01,3.6
1970-07-02,3.46
1970-07-03,3.21
1970-07-04,3.51
1970-07-05,3.6
1970-07-06,3.55
1970-07-07,3.7
1970-07-08,3.77
1970-07-09,3.62
1970-07-10,3.73
1970-07-11,3.72
1970-07-12,3.51
1970-07-13,3.21
1970-07-14,3.25
1970-07-15,3.33
1970-07-16,3.32
1970-07-17,3.39
1970-07-18,3.53
1970-07-19,3.47
1970-07-20,3.34
1970-07-21,3.22
1970-07-22,2.9
1970-07-23,2.84
1970-07-24,3.13
1970-07-25,3.62
1970-07-26,3.91
1970-07-27,3.31
1970-07-28,3.05
1970-07-29,2.91
1970-07-30,3.02
1970-07-31,3.01
1970-08-01,2.43
1970-08-02,2.07
1970-08-03,2.19
1970-08-04,2.43
1970-08-05,2.58
1970-08-06,2.65
1970-08-07,2.59
1970-08-08,2.43
1970-08-09,2.66
1970-08-10,2.7
1970-08-11,2.37
1970-08-12,2.32
1970-08-13,2.61
1970-08-14,2.67
1970-08-15,2.61
1970-08-16,2.12
1970-08-17,2.06
1970-08-18,2.22
1970-08-19,2.48
1970-08-20,2.49
1970-08-21,2.59
1970-08-22,2.63
1970-08-23,2.54
1970-08-24,2.65
1970-08-25,2.6
1970-08-26,2.59
1970-08-27,2.76
1970-08-28,2.7
1970-08-29,2.42
1970-08-30,2.22
1970-08-31,2.83
1970-09-01,2.11
1970-09-02,2.33
1970-09-03,2.81
1970-09-04,2.3
1970-09-05,1.82
1970-09-06,1.73
1970-09-07,1.81
1970-09-08,1.76
1970-09-09,2.6
1970-09-10,2.75
1970-09-11,2.47
1970-09-12,3.46
1970-09-13,3.32
1970-09-14,4.32
1970-09-15,4.9
1970-09-16,3.25
1970-09-17,3.05
1970-09-18,2.74
1970-09-19,3.59
1970-09-20,2.88
1970-09-21,2.43
1970-09-22,2.38
1970-09-23,2.03
1970-09-24,1.85
1970-09-25,1.75
1970-09-26,1.7
1970-09-27,1.69
1970-09-28,2.1
1970-09-29,2.9
1970-09-30,4.05
1970-10-01,3.79
1970-10-02,4.09
1970-10-03,3.77
1970-10-04,3.25
1970-10-05,2.78
1970-10-06,2.98
1970-10-07,3.04
1970-10-08,3.03
1970-10-09,2.97
1970-10-10,2.48
1970-10-11,2.57
1970-10-12,2.41
1970-10-13,2.38
1970-10-14,2.47
1970-10-15,2.7
1970-10-16,4.44
1970-10-17,4.6
1970-10-18,3.88
1970-10-19,4.11
1970-10-20,3.86
1970-10-21,3.95
1970-10-22,3.52
1970-10-23,3.43
1970-10-24,3.72
1970-10-25,3.21
1970-10-26,3.16
1970-10-27,3.47
1970-10-28,3.57
1970-10-29,3.36
1970-10-30,3.81
1970-10-31,5.27
1970-11-01,4.43
1970-11-02,3.74
1970-11-03,3.95
1970-11-04,4.03
1970-11-05,3.8
1970-11-06,3.65
1970-11-07,3.62
1970-11-08,3.43
1970-11-09,3.46
1970-11-10,4.31
1970-11-11,3.31
1970-11-12,5.04
1970-11-13,4.77
1970-11-14,3.87
1970-11-15,3.23
1970-11-16,3.13
1970-11-17,2.92
1970-11-18,3.09
1970-11-19,4.71
1970-11-20,4.26
1970-11-21,4.2
1970-11-22,3.76
1970-11-23,4.43
1970-11-24,4.35
1970-11-25,4.1
1970-11-26,5.66
1970-11-27,10.68
1970-11-28,10.28
1970-11-29,7.52
1970-11-30,5.83
1970-12-01,5.73
1970-12-02,6.02
1970-12-03,10.23
1970-12-04,10.05
1970-12-05,7.5
1970-12-06,6.18
1970-12-07,6.58
1970-12-08,9.63
1970-12-09,11.24
1970-12-10,12.68
1970-12-11,9.42
1970-12-12,6.77
1970-12-13,5.62
1970-12-14,5.1
1970-12-15,4.74
1970-12-16,4.23
1970-12-17,4.69
1970-12-18,4.52
1970-12-19,3.97
1970-12-20,3.71
1970-12-21,3.79
1970-12-22,3.92
1970-12-23,3.67
1970-12-24,4.29
1970-12-25,5.52
1970-12-26,7.44
1970-12-27,8.74
1970-12-28,10.53
1970-12-29,10.44
1970-12-30,10.66
1970-12-31,9.75
1971-01-01,9.85
1971-01-02,7.78
1971-01-03,7.51
1971-01-04,9.47
1971-01-05,9.16
1971-01-06,11.64
1971-01-07,15.65
1971-01-08,12.33
1971-01-09,10.31
1971-01-10,8.65
1971-01-11,8.42
1971-01-12,7.66
1971-01-13,7.5
1971-01-14,6.93
1971-01-15,6.36
1971-01-16,6.37
1971-01-17,6.92
1971-01-18,7.86
1971-01-19,6.18
1971-01-20,5.32
1971-01-21,5.66
1971-01-22,7.29
1971-01-23,9.05
1971-01-24,9.32
1971-01-25,8.66
1971-01-26,6.25
1971-01-27,5.46
1971-01-28,4.88
1971-01-29,6.13
1971-01-30,6.18
1971-01-31,7.07
1971-02-01,6.3
1971-02-02,6.93
1971-02-03,5.96
1971-02-04,5.85
1971-02-05,5.06
1971-02-06,5.5
1971-02-07,6.85
1971-02-08,8.98
1971-02-09,9.28
1971-02-10,7.32
1971-02-11,6.49
1971-02-12,7.16
1971-02-13,7.03
1971-02-14,6.52
1971-02-15,6.38
1971-02-16,7.29
1971-02-17,10.47
1971-02-18,14.3
1971-02-19,17.12
1971-02-20,20.2
1971-02-21,28.64
1971-02-22,21.68
1971-02-23,21.13
1971-02-24,18.65
1971-02-25,14.56
1971-02-26,12.86
1971-02-27,9.91
1971-02-28,8.35
1971-03-01,8.24
1971-03-02,9.24
1971-03-03,8.13
1971-03-04,7.8
1971-03-05,7.58
1971-03-06,7.01
1971-03-07,9.27
1971-03-08,11.01
1971-03-09,9.84
1971-03-10,10.53
1971-03-11,12.14
1971-03-12,10.31
1971-03-13,11.22
1971-03-14,13.34
1971-03-15,11.91
1971-03-16,15.29
1971-03-17,16.6
1971-03-18,14.87
1971-03-19,10.51
1971-03-20,9.06
1971-03-21,7.96
1971-03-22,7.49
1971-03-23,8.98
1971-03-24,11.6
1971-03-25,11.06
1971-03-26,8.7
1971-03-27,10.08
1971-03-28,13.51
1971-03-29,13.56
1971-03-30,12.32
1971-03-31,11.31
1971-04-01,8.57
1971-04-02,7.95
1971-04-03,8.93
1971-04-04,8.81
1971-04-05,8.24
1971-04-06,7.29
1971-04-07,6.24
1971-04-08,5.78
1971-04-09,5.84
1971-04-10,5.77
1971-04-11,5.84
1971-04-12,6.45
1971-04-13,6.49
1971-04-14,6.03
1971-04-15,5.83
1971-04-16,6.65
1971-04-17,8.38
1971-04-18,6.73
1971-04-19,5.8
1971-04-20,5.32
1971-04-21,4.8
1971-04-22,4.32
1971-04-23,4.77
1971-04-24,3.54
1971-04-25,4.03
1971-04-26,3.74
1971-04-27,3.41
1971-04-28,3.26
1971-04-29,3.2
1971-04-30,2.97
1971-05-01,2.98
1971-05-02,3.04
1971-05-03,2.98
1971-05-04,2.94
1971-05-05,3.1
1971-05-06,3.17
1971-05-07,3.0
1971-05-08,2.86
1971-05-09,2.85
1971-05-10,2.8
1971-05-11,2.72
1971-05-12,2.69
1971-05-13,2.55
1971-05-14,2.42
1971-05-15,2.39
1971-05-16,2.54
1971-05-17,2.52
1971-05-18,2.55
1971-05-19,2.62
1971-05-20,2.78
1971-05-21,2.58
1971-05-22,2.55
1971-05-23,2.51
1971-05-24,2.48
1971-05-25,2.41
1971-05-26,2.43
1971-05-27,2.39
1971-05-28,2.39
1971-05-29,2.37
1971-05-30,2.31
1971-05-31,2.25
1971-06-01,1.83
1971-06-02,1.83
1971-06-03,1.76
1971-06-04,1.84
1971-06-05,1.84
1971-06-06,1.89
1971-06-07,1.85
1971-06-08,1.71
1971-06-09,1.71
1971-06-10,1.81
1971-06-11,2.02
1971-06-12,1.74
1971-06-13,1.63
1971-06-14,1.7
1971-06-15,1.6
1971-06-16,1.56
1971-06-17,1.52
1971-06-18,1.5
1971-06-19,1.56
1971-06-20,1.47
1971-06-21,1.45
1971-06-22,1.51
1971-06-23,1.48
1971-06-24,1.55
1971-06-25,1.4
1971-06-26,1.4
1971-06-27,1.39
1971-06-28,1.4
1971-06-29,1.39
1971-06-30,1.38
1971-07-01,1.33
1971-07-02,1.38
1971-07-03,1.37
1971-07-04,1.36
1971-07-05,1.44
1971-07-06,1.53
1971-07-07,1.43
1971-07-08,1.38
1971-07-09,1.36
1971-07-10,1.36
1971-07-11,1.39
1971-07-12,1.33
1971-07-13,1.27
1971-07-14,1.32
1971-07-15,1.33
1971-07-16,1.33
1971-07-17,1.3
1971-07-18,1.26
1971-07-19,1.28
1971-07-20,1.32
1971-07-21,1.32
1971-07-22,1.3
1971-07-23,1.2
1971-07-24,1.18
1971-07-25,1.24
1971-07-26,1.22
1971-07-27,1.22
1971-07-28,1.22
1971-07-29,1.29
1971-07-30,1.22
1971-07-31,1.13
1971-08-01,1.1334375
1971-08-02,1.136875
1971-09-01,1.24
1971-09-02,1.24
1971-09-03,1.16
1971-09-04,1.24
1971-09-05,1.35
1971-09-06,1.38
1971-09-07,1.43
1971-09-08,1.4
1971-09-09,1.32
1971-09-10,1.31
1971-09-11,1.36
1971-09-12,1.53
1971-09-13,1.54
1971-09-14,1.29
1971-09-15,1.27
1971-09-16,1.35
1971-09-17,1.31
1971-09-18,1.28
1971-09-19,1.25
1971-09-20,1.15
1971-09-21,1.44
1971-09-22,1.34
1971-09-23,1.4
1971-09-24,1.46
1971-09-25,1.46
1971-09-26,1.44
1971-09-27,1.59
1971-09-28,1.7
1971-09-29,1.63
1971-09-30,1.85
1971-10-01,2.13
1971-10-02,2.0
1971-10-03,1.72
1971-10-04,2.74
1971-10-05,3.21
1971-10-06,2.6
1971-10-07,2.17
1971-10-08,2.11
1971-10-09,2.12
1971-10-10,1.96
1971-10-11,1.84
1971-10-12,1.81
1971-10-13,2.08
1971-10-14,2.2
1971-10-15,2.71
1971-10-16,3.41
1971-10-17,3.08
1971-10-18,2.49
1971-10-19,2.12
1971-10-20,1.88
1971-10-21,1.74
1971-10-22,1.66
1971-10-23,1.55
1971-10-24,1.58
1971-10-25,1.61
1971-10-26,1.61
1971-10-27,1.69
1971-10-28,1.84
1971-10-29,1.9
1971-10-30,1.83
1971-10-31,1.69
1971-11-01,1.88
1971-11-02,2.26
1971-11-03,2.22
1971-11-04,2.18
1971-11-05,2.22
1971-11-06,2.25
1971-11-07,2.23
1971-11-08,2.12
1971-11-09,2.16
1971-11-10,2.49
1971-11-11,2.61
1971-11-12,2.37
1971-11-13,2.21
1971-11-14,2.12
1971-11-15,1.93
1971-11-16,2.18
1971-11-17,2.17
1971-11-18,1.92
1971-11-19,2.39
1971-11-20,2.15
1971-11-21,1.92
1971-11-22,2.08
1971-11-23,2.17
1971-11-24,2.26
1971-11-25,3.2
1971-11-26,3.05
1971-11-27,2.7
1971-11-28,2.83
1971-11-29,2.84
1971-11-30,3.31
1971-12-01,4.99
1971-12-02,9.01
1971-12-03,8.32
1971-12-04,5.72
1971-12-05,5.24
1971-12-06,4.9
1971-12-07,4.18
1971-12-08,4.13
1971-12-09,4.82
1971-12-10,4.16
1971-12-11,3.29
1971-12-12,3.13
1971-12-13,3.16
1971-12-14,3.07
1971-12-15,2.97
1971-12-16,2.97
1971-12-17,3.06
1971-12-18,3.35
1971-12-19,3.61
1971-12-20,5.2
1971-12-21,5.31
1971-12-22,4.71
1971-12-23,4.93
1971-12-24,5.48
1971-12-25,5.2
1971-12-26,4.6
1971-12-27,4.98
1971-12-28,6.53
1971-12-29,5.53
1971-12-30,4.87
1971-12-31,4.49
1972-01-01,4.56
1972-01-02,4.66
1972-01-03,4.94
1972-01-04,5.13
1972-01-05,5.78
1972-01-06,6.91
1972-01-07,7.41
1972-01-08,9.78
1972-01-09,9.18
1972-01-10,7.81
1972-01-11,6.88
1972-01-12,8.59
1972-01-13,10.68
1972-01-14,10.31
1972-01-15,8.07
1972-01-16,5.99
1972-01-17,4.98
1972-01-18,4.46
1972-01-19,3.91
1972-01-20,3.27
1972-01-21,4.75
1972-01-22,4.08
1972-01-23,3.41
1972-01-24,3.4
1972-01-25,3.72
1972-01-26,3.19
1972-01-27,2.98
1972-01-28,2.88
1972-01-29,3.49
1972-01-30,4.37
1972-01-31,5.7
1972-02-01,5.23
1972-02-02,5.33
1972-02-03,5.58
1972-02-04,4.36
1972-02-05,4.06
1972-02-06,4.47
1972-02-07,4.93
1972-02-08,5.52
1972-02-09,9.86
1972-02-10,9.86
1972-02-11,6.5
1972-02-12,5.29
1972-02-13,4.58
1972-02-14,4.42
1972-02-15,4.37
1972-02-16,4.29
1972-02-17,3.96
1972-02-18,3.76
1972-02-19,3.62
1972-02-20,3.58
1972-02-21,3.28
1972-02-22,3.2
1972-02-23,3.6
1972-02-24,4.61
1972-02-25,5.19
1972-02-26,8.58
1972-02-27,7.88
1972-02-28,8.15
1972-02-29,9.18
1972-03-01,6.7
1972-03-02,5.25
1972-03-03,4.29
1972-03-04,4.04
1972-03-05,9.96
1972-03-06,10.09
1972-03-07,11.58
1972-03-08,11.82
1972-03-09,17.0
1972-03-10,18.03
1972-03-11,19.15
1972-03-12,24.15
1972-03-13,25.47
1972-03-14,23.88
1972-03-15,21.69
1972-03-16,25.02
1972-03-17,25.08
1972-03-18,26.66
1972-03-19,24.83
1972-03-20,22.83
1972-03-21,23.52
1972-03-22,22.91
1972-03-23,24.01
1972-03-24,22.8
1972-03-25,17.9
1972-03-26,19.05
1972-03-27,17.37
1972-03-28,16.6
1972-03-29,14.6
1972-03-30,12.43
1972-03-31,10.76
1972-04-01,10.34
1972-04-02,9.33
1972-04-03,9.93
1972-04-04,10.09
1972-04-05,9.16
1972-04-06,9.01
1972-04-07,8.07
1972-04-08,7.49
1972-04-09,8.04
1972-04-10,9.11
1972-04-11,7.76
1972-04-12,6.38
1972-04-13,6.37
1972-04-14,5.98
1972-04-15,6.98
1972-04-16,6.8
1972-04-17,7.12
1972-04-18,9.8
1972-04-19,8.03
1972-04-20,6.73
1972-04-21,6.02
1972-04-22,9.37
1972-04-23,4.84
1972-04-24,5.03
1972-04-25,5.72
1972-04-26,5.18
1972-04-27,5.49
1972-04-28,5.38
1972-04-29,6.76
1972-04-30,5.25
1972-05-01,4.3
1972-05-02,4.02
1972-05-03,3.65
1972-05-04,3.47
1972-05-05,3.63
1972-05-06,3.44
1972-05-07,3.18
1972-05-08,3.07
1972-05-09,3.03
1972-05-10,3.0
1972-05-11,3.13
1972-05-12,2.96
1972-05-13,2.97
1972-05-14,3.09
1972-05-15,2.93
1972-05-16,2.83
1972-05-17,2.77
1972-05-18,2.68
1972-05-19,2.62
1972-05-20,2.69
1972-05-21,2.86
1972-05-22,3.18
1972-05-23,3.86
1972-05-24,3.14
1972-05-25,2.79
1972-05-26,2.8
1972-05-27,3.32
1972-05-28,3.43
1972-05-29,2.91
1972-05-30,2.77
1972-05-31,2.73
1972-06-01,2.69
1972-06-02,2.63
1972-06-03,2.54
1972-06-04,2.56
1972-06-05,2.5
1972-06-06,2.51
1972-06-07,2.34
1972-06-08,2.24
1972-06-09,2.3
1972-06-10,2.34
1972-06-11,2.3
1972-06-12,2.28
1972-06-13,2.19
1972-06-14,2.14
1972-06-15,2.0
1972-06-16,1.96
1972-06-17,1.96
1972-06-18,1.96
1972-06-19,2.0
1972-06-20,1.92
1972-06-21,1.97
1972-06-22,1.95
1972-06-23,1.95
1972-06-24,1.93
1972-06-25,1.88
1972-06-26,1.84
1972-06-27,1.84
1972-06-28,1.85
1972-06-29,1.76
1972-06-30,1.77
1972-07-01,1.71
1972-07-02,1.69
1972-07-03,1.66
1972-07-04,1.56
1972-07-05,1.57
1972-07-06,1.6
1972-07-07,1.65
1972-07-08,1.7
1972-07-09,1.69
1972-07-10,1.93
1972-07-11,2.05
1972-07-12,1.8
1972-07-13,1.73
1972-07-14,1.72
1972-07-15,1.81
1972-07-16,1.82
1972-07-17,1.75
1972-07-18,1.72
1972-07-19,1.66
1972-07-20,1.69
1972-07-21,1.71
1972-07-22,1.72
1972-07-23,1.75
1972-07-24,1.68
1972-07-25,1.73
1972-07-26,1.72
1972-07-27,1.71
1972-07-28,1.76
1972-07-29,1.76
1972-07-30,1.7
1972-07-31,1.64
1972-08-01,1.73
1972-08-02,1.69
1972-08-03,1.65
1972-08-04,1.64
1972-08-05,1.64
1972-08-06,1.77
1972-08-07,1.8
1972-08-08,1.63
1972-08-09,1.54
1972-08-10,1.5
1972-08-11,1.47
1972-08-12,1.5
1972-08-13,1.49
1972-08-14,1.51
1972-08-15,1.57
1972-08-16,1.64
1972-08-17,1.49
1972-08-18,1.49
1972-08-19,1.49
1972-08-20,1.5
1972-08-21,1.59
1972-08-22,1.48
1972-08-23,1.5
1972-08-24,1.52
1972-08-25,1.5
1972-08-26,1.5
1972-08-27,1.6
1972-08-28,1.64
1972-08-29,1.61
1972-08-30,1.74
1972-08-31,1.69
1972-09-01,1.71
1972-09-02,1.76
1972-09-03,1.91
1972-09-04,1.72
1972-09-05,1.52
1972-09-06,1.48
1972-09-07,1.53
1972-09-08,1.53
1972-09-09,1.57
1972-09-10,1.63
1972-09-11,1.58
1972-09-12,1.69
1972-09-13,1.81
1972-09-14,2.03
1972-09-15,1.79
1972-09-16,1.67
1972-09-17,1.66
1972-09-18,1.74
1972-09-19,1.86
1972-09-20,1.77
1972-09-21,1.85
1972-09-22,1.8
1972-09-23,1.87
1972-09-24,1.65
1972-09-25,1.73
1972-09-26,1.88
1972-09-27,2.03
1972-09-28,2.15
1972-09-29,2.03
1972-09-30,1.95
1972-10-01,1.94
1972-10-02,2.05
1972-10-03,1.89
1972-10-04,1.91
1972-10-05,1.96
1972-10-06,2.07
1972-10-07,1.96
1972-10-08,1.92
1972-10-09,1.86
1972-10-10,1.91
1972-10-11,1.91
1972-10-12,2.1
1972-10-13,2.14
1972-10-14,2.11
1972-10-15,2.24
1972-10-16,2.19
1972-10-17,2.38
1972-10-18,2.26
1972-10-19,2.31
1972-10-20,2.63
1972-10-21,2.35
1972-10-22,2.42
1972-10-23,2.41
1972-10-24,2.38
1972-10-25,2.46
1972-10-26,2.53
1972-10-27,2.55
1972-10-28,2.7
1972-10-29,2.56
1972-10-30,2.57
1972-10-31,2.79
1972-11-01,3.19
1972-11-02,3.09
1972-11-03,2.97
1972-11-04,2.85
1972-11-05,3.12
1972-11-06,3.12
1972-11-07,2.92
1972-11-08,2.81
1972-11-09,2.92
1972-11-10,2.68
1972-11-11,2.56
1972-11-12,2.66
1972-11-13,2.64
1972-11-14,2.8
1972-11-15,3.3
1972-11-16,3.4
1972-11-17,3.71
1972-11-18,4.2
1972-11-19,4.3
1972-11-20,4.24
1972-11-21,3.9
1972-11-22,3.4
1972-11-23,3.52
1972-11-24,4.13
1972-11-25,5.21
1972-11-26,4.26
1972-11-27,5.41
1972-11-28,5.47
1972-11-29,4.16
1972-11-30,3.69
1972-12-01,3.24
1972-12-02,3.69
1972-12-03,5.6
1972-12-04,4.7
1972-12-05,4.24
1972-12-06,4.49
1972-12-07,3.93
1972-12-08,3.53
1972-12-09,3.83
1972-12-10,3.88
1972-12-11,3.94
1972-12-12,3.93
1972-12-13,3.75
1972-12-14,6.05
1972-12-15,7.23
1972-12-16,5.03
1972-12-17,4.32
1972-12-18,3.77
1972-12-19,3.35
1972-12-20,3.19
1972-12-21,3.02
1972-12-22,3.04
1972-12-23,3.25
1972-12-24,3.29
1972-12-25,2.96
1972-12-26,3.06
1972-12-27,3.37
1972-12-28,3.28
1972-12-29,3.42
1972-12-30,3.79
1972-12-31,4.53
1973-01-01,4.53
1973-01-02,4.37
1973-01-03,4.56
1973-01-04,4.58
1973-01-05,4.74
1973-01-06,4.94
1973-01-07,5.1
1973-01-08,5.96
1973-01-09,6.43
1973-01-10,6.7
1973-01-11,7.27
1973-01-12,7.86
1973-01-13,7.06
1973-01-14,7.14
1973-01-15,8.75
1973-01-16,9.05
1973-01-17,13.04
1973-01-18,13.68
1973-01-19,11.78
1973-01-20,9.47
1973-01-21,7.54
1973-01-22,7.05
1973-01-23,5.5
1973-01-24,5.9
1973-01-25,11.53
1973-01-26,10.22
1973-01-27,8.08
1973-01-28,7.82
1973-01-29,7.74
1973-01-30,6.7
1973-01-31,5.64
1973-02-01,5.28
1973-02-02,5.88
1973-02-03,6.6
1973-02-04,6.59
1973-02-05,9.81
1973-02-06,10.43
1973-02-07,11.21
1973-02-08,9.69
1973-02-09,9.71
1973-02-10,10.04
1973-02-11,11.02
1973-02-12,10.46
1973-02-13,8.46
1973-02-14,6.83
1973-02-15,6.34
1973-02-16,5.91
1973-02-17,5.99
1973-02-18,6.86
1973-02-19,6.63
1973-02-20,6.03
1973-02-21,6.88
1973-02-22,10.68
1973-02-23,12.56
1973-02-24,12.44
1973-02-25,12.85
1973-02-26,16.31
1973-02-27,16.18
1973-02-28,12.91
1973-03-01,12.24
1973-03-02,18.06
1973-03-03,18.11
1973-03-04,15.29
1973-03-05,12.64
1973-03-06,12.44
1973-03-07,14.12
1973-03-08,16.1
1973-03-09,16.24
1973-03-10,16.03
1973-03-11,15.33
1973-03-12,14.61
1973-03-13,16.31
1973-03-14,14.72
1973-03-15,12.48
1973-03-16,11.51
1973-03-17,13.32
1973-03-18,14.09
1973-03-19,11.65
1973-03-20,9.55
1973-03-21,8.4
1973-03-22,8.59
1973-03-23,7.76
1973-03-24,9.25
1973-03-25,12.01
1973-03-26,12.75
1973-03-27,13.37
1973-03-28,11.32
1973-03-29,10.73
1973-03-30,10.6
1973-03-31,12.16
1973-04-01,10.94
1973-04-02,10.81
1973-04-03,10.29
1973-04-04,13.25
1973-04-05,12.46
1973-04-06,12.29
1973-04-07,12.46
1973-04-08,13.41
1973-04-09,12.25
1973-04-10,13.55
1973-04-11,12.39
1973-04-12,11.99
1973-04-13,12.79
1973-04-14,10.91
1973-04-15,13.2
1973-04-16,12.65
1973-04-17,11.51
1973-04-18,9.43
1973-04-19,9.47
1973-04-20,8.68
1973-04-21,7.42
1973-04-22,6.96
1973-04-23,6.69
1973-04-24,6.15
1973-04-25,5.72
1973-04-26,5.11
1973-04-27,4.89
1973-04-28,5.04
1973-04-29,5.75
1973-04-30,5.35
1973-05-01,5.65
1973-05-02,5.74
1973-05-03,6.82
1973-05-04,10.54
1973-05-05,6.99
1973-05-06,5.74
1973-05-07,5.19
1973-05-08,4.55
1973-05-09,4.19
1973-05-10,4.0
1973-05-11,3.87
1973-05-12,4.7
1973-05-13,4.47
1973-05-14,3.85
1973-05-15,3.28
1973-05-16,2.99
1973-05-17,2.95
1973-05-18,2.88
1973-05-19,2.86
1973-05-20,2.95
1973-05-21,2.85
1973-05-22,2.88
1973-05-23,2.99
1973-05-24,2.68
1973-05-25,2.68
1973-05-26,2.67
1973-05-27,2.66
1973-05-28,2.47
1973-05-29,2.63
1973-05-30,2.45
1973-05-31,2.35
1973-06-01,2.39
1973-06-02,2.27
1973-06-03,2.33
1973-06-04,2.35
1973-06-05,2.24
1973-06-06,2.31
1973-06-07,2.31
1973-06-08,2.03
1973-06-09,1.84
1973-06-10,1.83
1973-06-11,2.04
1973-06-12,1.85
1973-06-13,1.72
1973-06-14,1.77
1973-06-15,1.96
1973-06-16,2.15
1973-06-17,1.96
1973-06-18,1.72
1973-06-19,1.74
1973-06-20,1.61
1973-06-21,1.58
1973-06-22,1.62
1973-06-23,1.55
1973-06-24,1.46
1973-06-25,1.56
1973-06-26,1.62
1973-06-27,1.41
1973-06-28,1.39
1973-06-29,1.44
1973-06-30,1.7
1973-07-01,1.96
1973-07-02,1.59
1973-07-03,1.46
1973-07-04,1.52
1973-07-05,1.6
1973-07-06,1.66
1973-07-07,1.53
1973-07-08,1.36
1973-07-09,1.34
1973-07-10,1.23
1973-07-11,1.21
1973-07-12,1.26
1973-07-13,1.23
1973-07-14,1.33
1973-07-15,1.32
1973-07-16,1.39
1973-07-17,1.37
1973-07-18,1.39
1973-07-19,1.35
1973-07-20,1.21
1973-07-21,1.23
1973-07-22,1.31
1973-07-23,1.33
1973-07-24,1.24
1973-07-25,1.34
1973-07-26,1.42
1973-07-27,1.3
1973-07-28,1.23
1973-07-29,1.09
1973-07-30,1.05
1973-07-31,1.08
1973-08-01,1.07
1973-08-02,1.13
1973-08-03,1.22
1973-08-04,1.27
1973-08-05,1.2
1973-08-06,1.13
1973-08-07,1.28
1973-08-08,1.4
1973-08-09,1.43
1973-08-10,1.33
1973-08-11,1.39
1973-08-12,1.5
1973-08-13,1.38
1973-08-14,1.27
1973-08-15,1.24
1973-08-16,1.36
1973-08-17,1.53
1973-08-18,1.65
1973-08-19,1.65
1973-08-20,2.1
1973-08-21,1.8
1973-08-22,1.56
1973-08-23,1.34
1973-08-24,1.26
1973-08-25,1.1
1973-08-26,1.14
1973-08-27,1.36
1973-08-28,1.54
1973-08-29,1.63
1973-08-30,1.66
1973-08-31,1.55
1973-09-01,1.41
1973-09-02,1.49
1973-09-03,1.57
1973-09-04,1.34
1973-09-05,1.35
1973-09-06,1.38
1973-09-07,1.35
1973-09-08,1.41
1973-09-09,1.34
1973-09-10,1.25
1973-09-11,1.34
1973-09-12,1.59
1973-09-13,1.55
1973-09-14,1.77
1973-09-15,1.75
1973-09-16,1.73
1973-09-17,1.67
1973-09-18,1.8
1973-09-19,1.98
1973-09-20,2.13
1973-09-21,2.4
1973-09-22,2.15
1973-09-23,3.02
1973-09-24,5.32
1973-09-25,5.16
1973-09-26,3.9
1973-09-27,2.85
1973-09-28,2.43
1973-09-29,2.09
1973-09-30,2.16
1973-10-01,1.94
1973-10-02,2.1
1973-10-03,2.78
1973-10-04,4.15
1973-10-05,3.4
1973-10-06,2.53
1973-10-07,2.33
1973-10-08,4.64
1973-10-09,3.4
1973-10-10,2.8
1973-10-11,3.07
1973-10-12,3.24
1973-10-13,3.43
1973-10-14,3.63
1973-10-15,3.9
1973-10-16,3.57
1973-10-17,5.09
1973-10-18,4.61
1973-10-19,5.99
1973-10-20,6.97
1973-10-21,8.23
1973-10-22,6.36
1973-10-23,4.87
1973-10-24,4.84
1973-10-25,4.35
1973-10-26,7.36
1973-10-27,8.21
1973-10-28,5.97
1973-10-29,4.86
1973-10-30,4.64
1973-10-31,4.38
1973-11-01,4.25
1973-11-02,4.12
1973-11-03,6.38
1973-11-04,5.27
1973-11-05,4.42
1973-11-06,4.33
1973-11-07,4.92
1973-11-08,5.14
1973-11-09,4.43
1973-11-10,4.2
1973-11-11,3.85
1973-11-12,3.72
1973-11-13,3.67
1973-11-14,3.95
1973-11-15,3.17
1973-11-16,2.83
1973-11-17,3.12
1973-11-18,4.38
1973-11-19,3.91
1973-11-20,3.9
1973-11-21,3.5
1973-11-22,5.39
1973-11-23,5.56
1973-11-24,6.35
1973-11-25,11.51
1973-11-26,11.05
1973-11-27,8.48
1973-11-28,6.04
1973-11-29,4.87
1973-11-30,4.35
1973-12-01,4.25
1973-12-02,4.38
1973-12-03,5.79
1973-12-04,5.04
1973-12-05,4.73
1973-12-06,4.58
1973-12-07,3.77
1973-12-08,3.4
1973-12-09,3.18
1973-12-10,2.98
1973-12-11,3.43
1973-12-12,6.36
1973-12-13,8.74
1973-12-14,10.57
1973-12-15,10.21
1973-12-16,7.57
1973-12-17,6.02
1973-12-18,6.31
1973-12-19,6.26
1973-12-20,5.83
1973-12-21,5.43
1973-12-22,6.13
1973-12-23,8.86
1973-12-24,12.68
1973-12-25,11.61
1973-12-26,10.8
1973-12-27,11.86
1973-12-28,10.44
1973-12-29,12.77
1973-12-30,12.08
1973-12-31,11.0
1974-01-01,18.12
1974-01-02,16.1
1974-01-03,13.41
1974-01-04,11.92
1974-01-05,11.46
1974-01-06,11.25
1974-01-07,17.15
1974-01-08,16.44
1974-01-09,18.83
1974-01-10,18.98
1974-01-11,16.69
1974-01-12,16.31
1974-01-13,16.37
1974-01-14,16.17
1974-01-15,13.56
1974-01-16,11.08
1974-01-17,14.12
1974-01-18,15.21
1974-01-19,12.69
1974-01-20,9.78
1974-01-21,8.42
1974-01-22,7.33
1974-01-23,6.6
1974-01-24,6.47
1974-01-25,7.76
1974-01-26,8.23
1974-01-27,8.89
1974-01-28,9.02
1974-01-29,16.59
1974-01-30,19.53
1974-01-31,16.68
1974-02-01,15.39
1974-02-02,12.49
1974-02-03,9.91
1974-02-04,8.61
1974-02-05,8.32
1974-02-06,10.67
1974-02-07,12.19
1974-02-08,16.94
1974-02-09,16.38
1974-02-10,17.06
1974-02-11,15.19
1974-02-12,10.62
1974-02-13,9.53
1974-02-14,10.13
1974-02-15,12.72
1974-02-16,13.83
1974-02-17,14.98
1974-02-18,19.32
1974-02-19,18.41
1974-02-20,17.48
1974-02-21,18.19
1974-02-22,15.42
1974-02-23,13.52
1974-02-24,13.96
1974-02-25,16.32
1974-02-26,14.92
1974-02-27,11.95
1974-02-28,11.85
1974-03-01,11.74
1974-03-02,13.75
1974-03-03,12.07
1974-03-04,9.72
1974-03-05,8.32
1974-03-06,7.99
1974-03-07,7.59
1974-03-08,8.42
1974-03-09,7.22
1974-03-10,8.43
1974-03-11,10.94
1974-03-12,11.98
1974-03-13,11.09
1974-03-14,10.64
1974-03-15,13.44
1974-03-16,18.36
1974-03-17,14.5
1974-03-18,13.84
1974-03-19,11.7
1974-03-20,12.25
1974-03-21,11.69
1974-03-22,10.43
1974-03-23,12.58
1974-03-24,10.93
1974-03-25,9.38
1974-03-26,7.79
1974-03-27,7.09
1974-03-28,8.09
1974-03-29,7.65
1974-03-30,6.97
1974-03-31,12.75
1974-04-01,10.56
1974-04-02,9.98
1974-04-03,12.14
1974-04-04,11.32
1974-04-05,9.24
1974-04-06,8.41
1974-04-07,7.4
1974-04-08,7.23
1974-04-09,6.96
1974-04-10,6.9
1974-04-11,6.69
1974-04-12,6.22
1974-04-13,6.11
1974-04-14,6.84
1974-04-15,7.44
1974-04-16,7.26
1974-04-17,6.77
1974-04-18,5.89
1974-04-19,5.39
1974-04-20,4.98
1974-04-21,5.64
1974-04-22,5.31
1974-04-23,4.56
1974-04-24,4.12
1974-04-25,4.02
1974-04-26,3.97
1974-04-27,4.0
1974-04-28,3.98
1974-04-29,4.26
1974-04-30,4.38
1974-05-01,4.97
1974-05-02,3.84
1974-05-03,3.58
1974-05-04,3.67
1974-05-05,3.72
1974-05-06,3.47
1974-05-07,3.41
1974-05-08,3.28
1974-05-09,3.0
1974-05-10,2.98
1974-05-11,3.21
1974-05-12,3.14
1974-05-13,3.14
1974-05-14,2.93
1974-05-15,2.72
1974-05-16,2.69
1974-05-17,2.78
1974-05-18,2.51
1974-05-19,2.28
1974-05-20,2.17
1974-05-21,2.18
1974-05-22,2.14
1974-05-23,2.5
1974-05-24,2.27
1974-05-25,2.25
1974-05-26,2.29
1974-05-27,2.38
1974-05-28,2.2
1974-05-29,2.23
1974-05-30,2.19
1974-05-31,2.1
1974-06-01,2.96
1974-06-02,3.02
1974-06-03,3.0
1974-06-04,3.01
1974-06-05,2.93
1974-06-06,2.76
1974-06-07,2.81
1974-06-08,3.27
1974-06-09,2.95
1974-06-10,3.01
1974-06-11,3.65
1974-06-12,4.51
1974-06-13,3.81
1974-06-14,2.97
1974-06-15,2.75
1974-06-16,2.7
1974-06-17,2.7
1974-06-18,2.64
1974-06-19,2.41
1974-06-20,2.45
1974-06-21,2.7
1974-06-22,2.8
1974-06-23,2.33
1974-06-24,2.13
1974-06-25,2.15
1974-06-26,1.99
1974-06-27,1.94
1974-06-28,1.72
1974-06-29,1.74
1974-06-30,1.73
1974-07-01,1.75
1974-07-02,1.68
1974-07-03,1.57
1974-07-04,1.52
1974-07-05,1.55
1974-07-06,1.74
1974-07-07,1.71
1974-07-08,1.5
1974-07-09,1.4
1974-07-10,1.35
1974-07-11,1.35
1974-07-12,1.48
1974-07-13,1.49
1974-07-14,1.52
1974-07-15,1.66
1974-07-16,1.67
1974-07-17,1.62
1974-07-18,1.69
1974-07-19,1.76
1974-07-20,1.72
1974-07-21,1.6
1974-07-22,1.47
1974-07-23,1.49
1974-07-24,1.37
1974-07-25,1.19
1974-07-26,1.11
1974-07-27,1.06
1974-07-28,1.18
1974-07-29,1.19
1974-07-30,1.0
1974-07-31,0.86
1974-08-01,0.92
1974-08-02,1.67
1974-08-03,1.16
1974-08-04,1.12
1974-08-05,1.24
1974-08-06,1.38
1974-08-07,1.28
1974-08-08,1.52
1974-08-09,1.68
1974-08-10,1.35
1974-08-11,1.24
1974-08-12,1.34
1974-08-13,1.24
1974-08-14,1.16
1974-08-15,1.19
1974-08-16,1.34
1974-08-17,1.43
1974-08-18,1.6
1974-08-19,1.27
1974-08-20,1.32
1974-08-21,1.47
1974-08-22,1.49
1974-08-23,1.45
1974-08-24,1.43
1974-08-25,1.26
1974-08-26,1.16
1974-08-27,1.06
1974-08-28,1.04
1974-08-29,0.99
1974-08-30,0.92
1974-08-31,0.83
1974-09-01,0.83
1974-09-02,0.83
