date,discharge_m3s
1953-08-01,4.3
1953-08-02,4.33
1953-08-03,4.36
1953-08-04,4.21
1953-08-05,3.93
1953-08-06,3.79
1953-08-07,3.96
1953-08-08,4.28
1953-08-09,4.69
1953-08-10,4.45
1953-08-11,4.25
1953-08-12,4.59
1953-08-13,4.31
1953-08-14,3.78
1953-08-15,3.81
1953-08-16,3.71
1953-08-17,3.69
1953-08-18,3.35
1953-08-19,3.26
1953-08-20,3.76
1953-08-21,4.13
1953-08-22,4.52
1953-08-23,4.88
1953-08-24,5.5
1953-08-25,5.15
1953-08-26,4.36
1953-08-27,4.06
1953-08-28,3.51
1953-08-29,3.49
1953-08-30,3.68
1953-08-31,2.63
1953-09-01,4.14
1953-09-02,4.18
1953-09-03,5.23
1953-09-04,4.68
1953-09-05,4.75
1953-09-06,4.97
1953-09-07,5.56
1953-09-08,5.71
1953-09-09,5.64
1953-09-10,5.72
1953-09-11,5.73
1953-09-12,5.73
1953-09-13,6.24
1953-09-14,6.75
1953-09-15,5.85
1953-09-16,5.48
1953-09-17,4.73
1953-09-18,4.67
1953-09-19,5.58
1953-09-20,5.33
1953-09-21,5.11
1953-09-22,5.23
1953-09-23,6.1
1953-09-24,6.75
1953-09-25,6.6
1953-09-26,5.58
1953-09-27,7.07
1953-09-28,5.94
1953-09-29,5.47
1953-09-30,5.57
1953-10-01,5.11
1953-10-02,4.77
1953-10-03,5.37
1953-10-04,5.59
1953-10-05,5.23
1953-10-06,5.08
1953-10-07,5.17
1953-10-08,5.13
1953-10-09,5.44
1953-10-10,5.46
1953-10-11,4.84
1953-10-12,4.94
1953-10-13,5.39
1953-10-14,5.45
1953-10-15,5.07
1953-10-16,4.8
1953-10-17,5.63
1953-10-18,6.78
1953-10-19,8.07
1953-10-20,8.27
1953-10-21,8.34
1953-10-22,7.93
1953-10-23,8.33
1953-10-24,8.08
1953-10-25,8.03
1953-10-26,8.77
1953-10-27,13.18
1953-10-28,13.17
1953-10-29,13.14
1953-10-30,13.06
1953-10-31,12.18
1953-11-01,12.03
1953-11-02,11.81
1953-11-03,12.05
1953-11-04,11.78
1953-11-05,13.0
1953-11-06,12.94
1953-11-07,11.99
1953-11-08,12.76
1953-11-09,13.48
1953-11-10,12.88
1953-11-11,12.72
1953-11-12,12.92
1953-11-13,12.21
1953-11-14,11.92
1953-11-15,11.51
1953-11-16,11.26
1953-11-17,10.91
1953-11-18,10.95
1953-11-19,11.89
1953-11-20,12.26
1953-11-21,12.85
1953-11-22,13.04
1953-11-23,13.18
1953-11-24,13.43
1953-11-25,13.04
1953-11-26,12.9
1953-11-27,12.98
1953-11-28,12.53
1953-11-29,12.52
1953-11-30,14.27
1953-12-01,14.2021978021978
1953-12-02,14.134395604395603
1954-03-01,8.1
1954-03-02,8.34
1954-03-03,9.81
1954-03-04,9.91
1954-03-05,12.13
1954-03-06,14.46
1954-03-07,15.64
1954-03-08,13.49
1954-03-09,14.26
1954-03-10,13.48
1954-03-11,15.35
1954-03-12,13.75
1954-03-13,13.36
1954-03-14,12.8
1954-03-15,12.7
1954-03-16,11.92
1954-03-17,11.52
1954-03-18,11.11
1954-03-19,10.45
1954-03-20,11.8
1954-03-21,12.55
1954-03-22,12.84
1954-03-23,13.12
1954-03-24,12.7
1954-03-25,11.55
1954-03-26,10.67
1954-03-27,10.2
1954-03-28,9.51
1954-03-29,8.82
1954-03-30,8.6
1954-03-31,8.68
1954-04-01,8.98
1954-04-02,7.37
1954-04-03,7.33
1954-04-04,9.06
1954-04-05,9.73
1954-04-06,8.71
1954-04-07,9.16
1954-04-08,8.56
1954-04-09,7.7
1954-04-10,8.32
1954-04-11,7.63
1954-04-12,7.81
1954-04-13,8.28
1954-04-14,6.73
1954-04-15,5.17
1954-04-16,4.38
1954-04-17,5.04
1954-04-18,6.9
1954-04-19,6.42
1954-04-20,7.07
1954-04-21,6.47
1954-04-22,7.07
1954-04-23,7.34
1954-04-24,7.43
1954-04-25,6.64
1954-04-26,6.85
1954-04-27,7.0
1954-04-28,6.51
1954-04-29,5.48
1954-04-30,5.69
1954-05-01,6.35
1954-05-02,5.97
1954-05-03,4.87
1954-05-04,6.75
1954-05-05,6.5
1954-05-06,8.66
1954-05-07,6.8
1954-05-08,5.59
1954-05-09,4.37
1954-05-10,4.41
1954-05-11,4.59
1954-05-12,4.59
1954-05-13,4.43
1954-05-14,4.02
1954-05-15,4.1
1954-05-16,3.97
1954-05-17,3.53
1954-05-18,3.28
1954-05-19,3.36
1954-05-20,3.46
1954-05-21,3.35
1954-05-22,2.95
1954-05-23,2.9
1954-05-24,2.73
1954-05-25,2.78
1954-05-26,2.8
1954-05-27,2.48
1954-05-28,2.33
1954-05-29,2.35
1954-05-30,2.41
1954-05-31,2.38
1954-06-01,2.454516129032258
1954-06-02,2.529032258064516
1954-07-01,4.69
1954-07-02,4.5
1954-07-03,4.3
1954-07-04,4.0
1954-07-05,3.8
1954-07-06,3.83
1954-07-07,3.82
1954-07-08,3.63
1954-07-09,3.73
1954-07-10,3.82
1954-07-11,4.0
1954-07-12,3.87
1954-07-13,3.93
1954-07-14,3.9
1954-07-15,3.7
1954-07-16,3.93
1954-07-17,4.0
1954-07-18,3.87
1954-07-19,3.48
1954-07-20,3.67
1954-07-21,3.85
1954-07-22,3.82
1954-07-23,3.92
1954-07-24,4.05
1954-07-25,4.13
1954-07-26,4.39
1954-07-27,4.22
1954-07-28,3.82
1954-07-29,3.47
1954-07-30,3.3
1954-07-31,3.52
1954-08-01,3.65
1954-08-02,3.43
1954-08-03,3.58
1954-08-04,3.47
1954-08-05,3.27
1954-08-06,3.07
1954-08-07,3.08
1954-08-08,2.83
1954-08-09,2.91
1954-08-10,3.07
1954-08-11,3.2
1954-08-12,3.01
1954-08-13,2.92
1954-08-14,3.0
1954-08-15,2.95
1954-08-16,3.35
1954-08-17,3.7
1954-08-18,3.78
1954-08-19,3.92
1954-08-20,3.85
1954-08-21,3.93
1954-08-22,3.75
1954-08-23,3.88
1954-08-24,3.53
1954-08-25,3.48
1954-08-26,3.42
1954-08-27,3.1
1954-08-28,2.4
1954-08-29,3.3
1954-08-30,3.53
1954-08-31,3.91
1954-09-01,3.73
1954-09-02,3.68
1954-09-03,3.92
1954-09-04,3.38
1954-09-05,3.07
1954-09-06,2.97
1954-09-07,3.28
1954-09-08,3.5
1954-09-09,3.5
1954-09-10,3.53
1954-09-11,3.72
1954-09-12,3.63
1954-09-13,3.08
1954-09-14,2.98
1954-09-15,2.35
1954-09-16,2.47
1954-09-17,2.97
1954-09-18,3.28
1954-09-19,2.85
1954-09-20,2.5
1954-09-21,2.5
1954-09-22,2.32
1954-09-23,2.72
1954-09-24,3.83
1954-09-25,3.2
1954-09-26,3.12
1954-09-27,3.92
1954-09-28,3.8
1954-09-29,3.75
1954-09-30,3.78
1954-10-01,3.8388297872340416
1954-10-02,3.897659574468085
1955-04-06,14.84
1955-04-07,12.97
1955-04-08,12.1
1955-04-09,11.67
1955-04-10,11.67
1955-04-11,12.71
1955-04-12,12.79
1955-04-13,11.27
1955-04-14,10.7
1955-04-15,12.91
1955-04-16,12.33
1955-04-17,11.4
1955-04-18,11.04
1955-04-19,10.35
1955-04-20,9.73
1955-04-21,8.91
1955-04-22,8.3
1955-04-23,7.98
1955-04-24,7.7
1955-04-25,7.81
1955-04-26,7.61
1955-04-27,7.45
1955-04-28,7.39
1955-04-29,7.57
1955-04-30,7.98
1955-05-01,7.9046875
1955-05-02,7.829375000000001
1955-06-01,5.57
1955-06-02,5.64
1955-06-03,6.23
1955-06-04,5.49
1955-06-05,5.35
1955-06-06,5.19
1955-06-07,5.2
1955-06-08,5.16
1955-06-09,5.03
1955-06-10,4.96
1955-06-11,4.65
1955-06-12,4.54
1955-06-13,4.25
1955-06-14,4.32
1955-06-15,4.29
1955-06-16,4.21
1955-06-17,4.18
1955-06-18,4.25
1955-06-19,4.21
1955-06-20,4.23
1955-06-21,4.27
1955-06-22,4.34
1955-06-23,3.94
1955-06-24,3.62
1955-06-25,3.5
1955-06-26,3.43
1955-06-27,3.5
1955-06-28,3.7
1955-06-29,3.73
1955-06-30,3.85
1955-07-01,3.856031746031746
1955-07-02,3.862063492063492
1955-09-01,4.23
1955-09-02,4.41
1955-09-03,4.52
1955-09-04,4.47
1955-09-05,4.91
1955-09-06,4.82
1955-09-07,4.71
1955-09-08,4.89
1955-09-09,4.38
1955-09-10,3.92
1955-09-11,3.82
1955-09-12,3.6
1955-09-13,3.511111111111111
1955-09-14,3.422222222222222
1955-09-21,2.8
1955-09-22,2.68
1955-09-23,2.68
1955-09-24,2.7
1955-09-25,2.67
1955-09-26,2.72
1955-09-27,2.92
1955-09-28,2.93
1955-09-29,2.98
1955-09-30,3.05
1955-10-01,3.56
1955-10-02,3.62
1955-10-03,3.27
1955-10-04,3.47
1955-10-05,3.4
1955-10-06,3.48
1955-10-07,4.34
1955-10-08,4.49
1955-10-09,5.35
1955-10-10,4.72
1955-10-11,4.54
1955-10-12,5.91
1955-10-13,6.82
1955-10-14,8.65
1955-10-15,7.34
1955-10-16,8.5
1955-10-17,7.14
1955-10-18,6.11
1955-10-19,5.66
1955-10-20,5.05
1955-10-21,5.09
1955-10-22,5.09
1955-10-23,5.02
1955-10-24,5.48
1955-10-25,5.74
1955-10-26,5.98
1955-10-27,6.38
1955-10-28,6.73
1955-10-29,6.69
1955-10-30,6.18
1955-10-31,6.1
1955-11-01,6.28
1955-11-02,7.13
1955-11-03,7.35
1955-11-04,6.36
1955-11-05,5.46
1955-11-06,5.13
1955-11-07,5.07
1955-11-08,5.33
1955-11-09,5.46
1955-11-10,4.85
1955-11-11,4.93
1955-11-12,5.95
1955-11-13,5.62
1955-11-14,5.33
1955-11-15,6.38
1955-11-16,6.86
1955-11-17,6.89
1955-11-18,6.99
1955-11-19,7.05
1955-11-20,6.82
1955-11-21,6.88
1955-11-22,6.73
1955-11-23,6.41
1955-11-24,7.06
1955-11-25,6.78
1955-11-26,6.12
1955-11-27,5.9
1955-11-28,6.12
1955-11-29,6.84
1955-11-30,7.29
1955-12-01,7.3
1955-12-02,7.73
1955-12-03,7.44
1955-12-04,7.4
1955-12-05,7.58
1955-12-06,7.09
1955-12-07,7.3
1955-12-08,6.32
1955-12-09,6.31
1955-12-10,6.68
1955-12-11,7.17
1955-12-12,7.02
1955-12-13,6.97
1955-12-14,8.4
1955-12-15,10.05
1955-12-16,8.73
1955-12-17,8.48
1955-12-18,8.19
1955-12-19,11.02
1955-12-20,9.18
1955-12-21,7.98
1955-12-22,7.26
1955-12-23,7.06
1955-12-24,7.13
1955-12-25,6.76
1955-12-26,6.98
1955-12-27,7.13
1955-12-28,7.02
1955-12-29,7.12
1955-12-30,7.55
1955-12-31,7.94
1956-01-01,7.98
1956-01-02,7.92
1956-01-03,7.59
1956-01-04,7.32
1956-01-05,7.37
1956-01-06,7.32
1956-01-07,7.19
1956-01-08,7.9
1956-01-09,7.61
1956-01-10,6.97
1956-01-11,7.11
1956-01-12,7.02
1956-01-13,7.11
1956-01-14,6.68
1956-01-15,6.16
1956-01-16,5.93
1956-01-17,5.87
1956-01-18,6.57
1956-01-19,6.29
1956-01-20,6.05
1956-01-21,6.52
1956-01-22,8.15
1956-01-23,8.26
1956-01-24,7.71
1956-01-25,8.95
1956-01-26,11.88
1956-01-27,11.32
1956-01-28,13.87
1956-01-29,18.35
1956-01-30,14.13
1956-01-31,11.95
1956-02-01,10.9
1956-02-02,9.61
1956-02-03,9.72
1956-02-04,9.9
1956-02-05,10.69
1956-02-06,9.95
1956-02-07,9.34
1956-02-08,9.36
1956-02-09,9.84
1956-02-10,9.34
1956-02-11,9.97
1956-02-12,12.96
1956-02-13,13.0
1956-02-14,11.87
1956-02-15,10.41
1956-02-16,9.56
1956-02-17,8.91
1956-02-18,8.79
1956-02-19,9.18
1956-02-20,10.05
1956-02-21,12.45
1956-02-22,13.8
1956-02-23,14.53
1956-02-24,12.99
1956-02-25,12.28
1956-02-26,11.37
1956-02-27,11.79
1956-02-28,11.76
1956-02-29,10.92
1956-03-01,10.97
1956-03-02,11.29
1956-03-03,10.8
1956-03-04,10.38
1956-03-05,10.4
1956-03-06,10.341818181818182
1956-03-07,10.283636363636363
1956-05-10,6.56
1956-05-11,6.56
1956-05-12,6.56
1956-05-13,6.56
1956-05-14,6.69
1956-05-15,6.56
1956-05-16,6.56
1956-05-17,6.4
1956-05-18,6.32
1956-05-19,6.47
1956-05-20,6.26
1956-05-21,5.88
1956-05-22,5.05
1956-05-23,5.21
1956-05-24,6.4
1956-05-25,6.03
1956-05-26,5.29
1956-05-27,5.16
1956-05-28,5.48
1956-05-29,5.86
1956-05-30,5.28
1956-05-31,4.73
1956-06-01,4.56
1956-06-02,4.534545454545454
1956-06-03,4.509090909090909
1956-06-12,4.28
1956-06-13,5.32
1956-06-14,4.39
1956-06-15,4.74
1956-06-16,4.52
1956-06-17,4.23
1956-06-18,4.32
1956-06-19,4.14
1956-06-20,4.08
1956-06-21,3.92
1956-06-22,3.88
1956-06-23,3.88
1956-06-24,3.82
1956-06-25,3.78
1956-06-26,3.99
1956-06-27,3.97
1956-06-28,3.9665
1956-06-29,3.963
1956-07-17,3.9
1956-07-18,3.8
1956-07-19,3.82
1956-07-20,3.82
1956-07-21,4.07
1956-07-22,4.0
1956-07-23,4.14
1956-07-24,4.28
1956-07-25,4.54
1956-07-26,4.61
1956-07-27,4.61
1956-07-28,4.25
1956-07-29,4.32
1956-07-30,4.54
1956-07-31,4.65
1956-08-01,4.83
1956-08-02,4.98
1956-08-03,4.8
1956-08-04,4.58
1956-08-05,4.45
1956-08-06,4.41
1956-08-07,4.76
1956-08-08,5.05
1956-08-09,4.76
1956-08-10,4.47
1956-08-11,4.61
1956-08-12,4.61
1956-08-13,4.5840625
1956-08-14,4.558125
1956-09-13,3.78
1956-09-14,4.26
1956-09-15,4.22
1956-09-16,4.08
1956-09-17,3.8
1956-09-18,3.33
1956-09-19,3.1
1956-09-20,2.97
1956-09-21,3.13
1956-09-22,3.33
1956-09-23,3.81
1956-09-24,4.99
1956-09-25,4.39
1956-09-26,3.73
1956-09-27,3.81
1956-09-28,4.5
1956-09-29,3.87
1956-09-30,3.73
1956-10-01,3.47
1956-10-02,3.81
1956-10-03,4.43
1956-10-04,4.72
1956-10-05,4.14
1956-10-06,4.83
1956-10-07,5.05
1956-10-08,5.16
1956-10-09,5.2
1956-10-10,5.57
1956-10-11,4.94
1956-10-12,4.16
1956-10-13,4.72
1956-10-14,4.8
1956-10-15,5.02
1956-10-16,5.15
1956-10-17,5.4
1956-10-18,5.07
1956-10-19,4.74
1956-10-20,4.85
1956-10-21,4.8
1956-10-22,3.82
1956-10-23,3.87
1956-10-24,5.29
1956-10-25,5.65
1956-10-26,5.42
1956-10-27,5.44
1956-10-28,5.78
1956-10-29,5.9
1956-10-30,5.82
1956-10-31,5.9
1956-11-01,5.6
1956-11-02,6.05
1956-11-03,6.53
1956-11-04,6.89
1956-11-05,6.85
1956-11-06,6.57
1956-11-07,6.56
1956-11-08,6.78
1956-11-09,5.94
1956-11-10,5.71
1956-11-11,5.71
1956-11-12,5.91
1956-11-13,5.96
1956-11-14,6.38
1956-11-15,5.78
1956-11-16,5.24
1956-11-17,5.09
1956-11-18,4.91
1956-11-19,5.05
1956-11-20,5.38
1956-11-21,5.64
1956-11-22,5.78
1956-11-23,6.21
1956-11-24,6.4
1956-11-25,6.08
1956-11-26,5.04
1956-11-27,4.6
1956-11-28,5.24
1956-11-29,4.76
1956-11-30,4.58
1956-12-01,4.61
1956-12-02,4.98
1956-12-03,5.77
1956-12-04,6.03
1956-12-05,5.96
1956-12-06,6.19
1956-12-07,6.46
1956-12-08,6.65
1956-12-09,6.27
1956-12-10,6.53
1956-12-11,6.76
1956-12-12,7.17
1956-12-13,6.82
1956-12-14,6.06
1956-12-15,5.81
1956-12-16,6.12
1956-12-17,6.99
1956-12-18,7.59
1956-12-19,7.57
1956-12-20,7.17
1956-12-21,6.77
1956-12-22,7.04
1956-12-23,7.78
1956-12-24,7.84
1956-12-25,7.78
1956-12-26,7.94
1956-12-27,8.28
1956-12-28,7.84
1956-12-29,7.57
1956-12-30,7.61
1956-12-31,6.52
1957-01-01,6.53125
1957-01-02,6.5425
1957-02-01,6.88
1957-02-02,7.22
1957-02-03,7.37
1957-02-04,7.49
1957-02-05,8.11
1957-02-06,8.05
1957-02-07,8.28
1957-02-08,11.34
1957-02-09,11.8
1957-02-10,10.97
1957-02-11,9.86
1957-02-12,9.74
1957-02-13,9.04
1957-02-14,8.87
1957-02-15,8.58
1957-02-16,8.11
1957-02-17,7.93
1957-02-18,9.04
1957-02-19,9.1
1957-02-20,10.09
1957-02-21,11.99
1957-02-22,12.28
1957-02-23,12.52
1957-02-24,11.74
1957-02-25,12.22
1957-02-26,11.38
1957-02-27,10.33
1957-02-28,9.88
1957-03-01,9.34
1957-03-02,8.99
1957-03-03,8.99
1957-03-04,9.69
1957-03-05,10.04
1957-03-06,10.68
1957-03-07,10.56
1957-03-08,10.85
1957-03-09,10.39
1957-03-10,9.8
1957-03-11,9.39
1957-03-12,9.39
1957-03-13,9.34
1957-03-14,9.8
1957-03-15,9.93
1957-03-16,9.57
1957-03-17,9.1
1957-03-18,10.04
1957-03-19,10.04
1957-03-20,9.8
1957-03-21,9.28
1957-03-22,10.15
1957-03-23,10.15
1957-03-24,9.74
1957-03-25,9.22
1957-03-26,8.69
1957-03-27,8.75
1957-03-28,8.868
1957-03-29,8.986
1957-04-01,9.34
1957-04-02,10.51
1957-04-03,10.74
1957-04-04,10.38
1957-04-05,10.67
1957-04-06,11.45
1957-04-07,13.11
1957-04-08,11.15
1957-04-09,10.8
1957-04-10,11.09
1957-04-11,10.5
1957-04-12,9.98
1957-04-13,9.51
1957-04-14,9.04
1957-04-15,9.04
1957-04-16,9.86
1957-04-17,11.45
1957-04-18,10.56
1957-04-19,11.03
1957-04-20,10.15
1957-04-21,11.33
1957-04-22,9.74
1957-04-23,9.86
1957-04-24,9.68
1957-04-25,8.63
1957-04-26,8.9
1957-04-27,9.57
1957-04-28,10.09
1957-04-29,9.16
1957-04-30,8.86
1957-05-01,8.69
1957-05-02,8.61
1957-05-03,7.78
1957-05-04,7.4
1957-05-05,7.28
1957-05-06,7.34
1957-05-07,7.64
1957-05-08,7.49
1957-05-09,7.22
1957-05-10,7.55
1957-05-11,7.19
1957-05-12,7.43
1957-05-13,7.19
1957-05-14,7.15
1957-05-15,7.22
1957-05-16,7.07
1957-05-17,6.97
1957-05-18,6.92
1957-05-19,6.89
1957-05-20,7.04
1957-05-21,7.01
1957-05-22,6.98
1957-05-23,6.89
1957-05-24,7.13
1957-05-25,6.86
1957-05-26,6.76
1957-05-27,6.78
1957-05-28,6.78
1957-05-29,6.59
1957-05-30,6.64
1957-05-31,6.94
1957-06-01,6.95
1957-06-02,6.97
1957-06-03,6.89
1957-06-04,6.73
1957-06-05,6.569999999999999
1957-06-19,4.33
1957-06-20,4.15
1957-06-21,4.04
1957-06-22,3.97
1957-06-23,4.21
1957-06-24,4.35
1957-06-25,4.37
1957-06-26,4.37
1957-06-27,4.5
1957-06-28,4.57
1957-06-29,4.66
1957-06-30,4.65
1957-07-01,4.56
1957-07-02,4.576666666666666
1957-07-03,4.593333333333333
1957-07-07,4.66
1957-07-08,4.63
1957-07-09,4.63
1957-07-10,4.66
1957-07-11,4.68
1957-07-12,4.77
1957-07-13,4.7
1957-07-14,4.46
1957-07-15,4.91
1957-07-16,6.14
1957-07-17,6.24
1957-07-18,6.38
1957-07-19,6.38
1957-07-20,6.24
1957-07-21,6.1
1957-07-22,5.96
1957-07-23,6.36
1957-07-24,6.5
1957-07-25,6.4
1957-07-26,6.41
1957-07-27,6.41
1957-07-28,6.41
1957-07-29,6.41
1957-07-30,6.19
1957-07-31,6.29
1957-08-01,6.43
1957-08-02,6.24
1957-08-03,5.83
1957-08-04,6.06
1957-08-05,5.96
1957-08-06,6.17
1957-08-07,6.3
1957-08-08,6.45
1957-08-09,6.57
1957-08-10,6.33
1957-08-11,5.96
1957-08-12,5.42
1957-08-13,4.87
1957-08-14,4.55
1957-08-15,4.5
1957-08-16,4.75
1957-08-17,5.96
1957-08-18,6.26
1957-08-19,5.94
1957-08-20,6.4
1957-08-21,6.55
1957-08-22,6.22
1957-08-23,5.61
1957-08-24,5.07
1957-08-25,4.91
1957-08-26,5.96
1957-08-27,6.38
1957-08-28,6.35
1957-08-29,6.69
1957-08-30,6.74
1957-08-31,6.89
1957-09-01,6.79
1957-09-02,6.66
1957-09-03,6.68
1957-09-04,6.58
1957-09-05,6.31
1957-09-06,6.87
1957-09-07,6.92
1957-09-08,6.8
1957-09-09,6.72
1957-09-10,6.42
1957-09-11,7.43
1957-09-12,7.01
1957-09-13,6.76
1957-09-14,6.64
1957-09-15,6.57
1957-09-16,6.05
1957-09-17,5.63
1957-09-18,5.72
1957-09-19,5.78
1957-09-20,5.87
1957-09-21,6.85
1957-09-22,7.04
1957-09-23,7.01
1957-09-24,6.95
1957-09-25,6.89
1957-09-26,6.89
1957-09-27,6.86
1957-09-28,6.6
1957-09-29,6.18
1957-09-30,5.92
1957-10-01,11.44
1957-10-02,7.66
1957-10-03,7.22
1957-10-04,6.9
1957-10-05,6.36
1957-10-06,6.49
1957-10-07,6.49
1957-10-08,6.76
1957-10-09,6.91
1957-10-10,6.82
1957-10-11,6.79
1957-10-12,7.16
1957-10-13,6.91
1957-10-14,6.92
1957-10-15,6.95
1957-10-16,7.0
1957-10-17,7.35
1957-10-18,7.18
1957-10-19,7.04
1957-10-20,7.61
1957-10-21,7.75
1957-10-22,8.02
1957-10-23,10.63
1957-10-24,9.68
1957-10-25,8.34
1957-10-26,7.85
1957-10-27,8.07
1957-10-28,8.11
1957-10-29,8.29
1957-10-30,8.14
1957-10-31,7.76
1957-11-01,7.9
1957-11-02,8.87
1957-11-03,9.69
1957-11-04,9.33
1957-11-05,10.8
1957-11-06,8.93
1957-11-07,9.1
1957-11-08,9.92
1957-11-09,9.68
1957-11-10,9.51
1957-11-11,9.92
1957-11-12,9.69
1957-11-13,9.07
1957-11-14,9.16
1957-11-15,9.86
1957-11-16,9.25
1957-11-17,9.42
1957-11-18,8.9
1957-11-19,9.1
1957-11-20,8.2
1957-11-21,7.7
1957-11-22,7.37
1957-11-23,7.35
1957-11-24,7.78
1957-11-25,7.44
1957-11-26,7.22
1957-11-27,7.32
1957-11-28,7.44
1957-11-29,7.54
1957-11-30,7.75
1957-12-01,7.883636363636364
1957-12-02,8.017272727272728
1957-12-11,9.22
1957-12-12,8.08
1957-12-13,7.55
1957-12-14,7.6
1957-12-15,8.31
1957-12-16,8.51
1957-12-17,8.28
1957-12-18,8.57
1957-12-19,8.69
1957-12-20,9.25
1957-12-21,9.42
1957-12-22,9.57
1957-12-23,10.04
1957-12-24,12.37
1957-12-25,12.37
1957-12-26,12.91
1957-12-27,11.92
1957-12-28,11.45
1957-12-29,11.45
1957-12-30,11.51
1957-12-31,11.54
1958-01-01,11.36
1958-01-02,11.95
1958-01-03,12.32
1958-01-04,12.7
1958-01-05,13.08
1958-01-06,12.4
1958-01-07,12.1
1958-01-08,11.17
1958-01-09,11.59
1958-01-10,12.85
1958-01-11,12.47
1958-01-12,11.92
1958-01-13,13.89
1958-01-14,14.21
1958-01-15,12.52
1958-01-16,11.68
1958-01-17,12.07
1958-01-18,11.45
1958-01-19,12.55
1958-01-20,12.43
1958-01-21,12.63
1958-01-22,12.91
1958-01-23,12.58
1958-01-24,12.28
1958-01-25,11.09
1958-01-26,11.15
1958-01-27,10.8
1958-01-28,9.86
1958-01-29,10.15
1958-01-30,11.18
1958-01-31,11.18
1958-02-01,11.86
1958-02-02,10.98
1958-02-03,11.81
1958-02-04,12.4
1958-02-05,11.3
1958-02-06,10.86
1958-02-07,12.06
1958-02-08,11.33
1958-02-09,10.44
1958-02-10,10.79
1958-02-11,11.0
1958-02-12,11.32
1958-02-13,11.78
1958-02-14,13.54
1958-02-15,12.99
1958-02-16,13.6
1958-02-17,11.92
1958-02-18,11.5
1958-02-19,11.8
1958-02-20,11.21
1958-02-21,10.94
1958-02-22,12.04
1958-02-23,12.19
1958-02-24,12.58
1958-02-25,13.41
1958-02-26,12.89
1958-02-27,13.4
1958-02-28,13.28
1958-03-01,13.09
1958-03-02,13.51
1958-03-03,13.5
1958-03-04,12.34
1958-03-05,11.09
1958-03-06,11.15
1958-03-07,11.27
1958-03-08,12.77
1958-03-09,13.1
1958-03-10,12.41
1958-03-11,11.92
1958-03-12,11.74
1958-03-13,11.62
1958-03-14,11.72
1958-03-15,11.77
1958-03-16,11.76
1958-03-17,13.32
1958-03-18,13.54
1958-03-19,13.76
1958-03-20,13.41
1958-03-21,15.18
1958-03-22,14.76
1958-03-23,13.53
1958-03-24,13.4
1958-03-25,13.71
1958-03-26,12.92
1958-03-27,12.58
1958-03-28,12.7
1958-03-29,12.34
1958-03-30,11.74
1958-03-31,11.38
1958-04-01,11.32
1958-04-02,10.86
1958-04-03,11.59
1958-04-04,11.98
1958-04-05,12.16
1958-04-06,12.28
1958-04-07,12.28
1958-04-08,12.4
1958-04-09,12.16
1958-04-10,12.16
1958-04-11,12.16
1958-04-12,12.43
1958-04-13,11.98
1958-04-14,11.45
1958-04-15,11.51
1958-04-16,11.76
1958-04-17,11.51
1958-04-18,12.11
1958-04-19,11.57
1958-04-20,11.45
1958-04-21,10.91
1958-04-22,10.33
1958-04-23,10.86
1958-04-24,11.39
1958-04-25,11.57
1958-04-26,11.81
1958-04-27,11.98
1958-04-28,11.92
1958-04-29,11.92
1958-04-30,11.82
1958-05-01,11.97
1958-05-02,13.49
1958-05-03,12.61
1958-05-04,12.12
1958-05-05,11.8
1958-05-06,11.6
1958-05-07,11.4
1958-05-08,11.29
1958-05-09,10.62
1958-05-10,9.98
1958-05-11,9.98
1958-05-12,9.89
1958-05-13,10.01
1958-05-14,10.15
1958-05-15,10.18
1958-05-16,9.97
1958-05-17,9.21
1958-05-18,8.4
1958-05-19,8.52
1958-05-20,8.11
1958-05-21,8.11
1958-05-22,7.99
1958-05-23,8.23
1958-05-24,8.46
1958-05-25,8.4
1958-05-26,8.23
1958-05-27,8.43
1958-05-28,8.84
1958-05-29,9.34
1958-05-30,9.22
1958-05-31,8.93
1958-06-01,9.16
1958-06-02,9.1
1958-06-03,8.93
1958-06-04,8.81
1958-06-05,7.93
1958-06-06,7.49
1958-06-07,7.7
1958-06-08,7.78
1958-06-09,8.22
1958-06-10,8.4
1958-06-11,8.52
1958-06-12,8.17
1958-06-13,7.67
1958-06-14,7.87
1958-06-15,8.52
1958-06-16,8.72
1958-06-17,8.43
1958-06-18,7.55
1958-06-19,7.37
1958-06-20,7.31
1958-06-21,7.24
1958-06-22,7.25
1958-06-23,7.3
1958-06-24,7.22
1958-06-25,7.27
1958-06-26,7.22
1958-06-27,7.21
1958-06-28,7.27
1958-06-29,7.74
1958-06-30,7.84
1958-07-01,5.9
1958-07-02,5.33
1958-07-03,5.39
1958-07-04,5.42
1958-07-05,4.84
1958-07-06,4.75
1958-07-07,4.4
1958-07-08,4.4
1958-07-09,4.2
1958-07-10,4.0
1958-07-11,4.0
1958-07-12,3.87
1958-07-13,3.87
1958-07-14,4.32
1958-07-15,4.59
1958-07-16,4.98
1958-07-17,4.62
1958-07-18,4.45
1958-07-19,4.37
1958-07-20,4.24
1958-07-21,3.92
1958-07-22,3.87
1958-07-23,3.92
1958-07-24,4.37
1958-07-25,4.69
1958-07-26,4.51
1958-07-27,4.4
1958-07-28,4.51
1958-07-29,4.3
1958-07-30,3.82
1958-07-31,3.78
1958-08-01,3.58
1958-08-02,3.71
1958-08-03,3.92
1958-08-04,4.45
1958-08-05,4.51
1958-08-06,4.73
1958-08-07,5.08
1958-08-08,5.3
1958-08-09,4.25
1958-08-10,3.74
1958-08-11,4.11
1958-08-12,4.43
1958-08-13,4.54
1958-08-14,4.65
1958-08-15,4.94
1958-08-16,5.32
1958-08-17,5.69
1958-08-18,5.9
1958-08-19,6.21
1958-08-20,5.32
1958-08-21,4.46
1958-08-22,4.4
1958-08-23,3.92
1958-08-24,4.03
1958-08-25,4.19
1958-08-26,4.42
1958-08-27,4.75
1958-08-28,5.29
1958-08-29,4.95
1958-08-30,4.13
1958-08-31,4.35
1958-09-01,4.69
1958-09-02,5.06
1958-09-03,4.73
1958-09-04,4.25
1958-09-05,4.97
1958-09-06,5.68
1958-09-07,4.63
1958-09-08,4.19
1958-09-09,4.21
1958-09-10,5.92
1958-09-11,5.61
1958-09-12,5.51
1958-09-13,5.68
1958-09-14,5.65
1958-09-15,4.5
1958-09-16,3.82
1958-09-17,3.56
1958-09-18,3.77
1958-09-19,3.98
1958-09-20,4.35
1958-09-21,5.61
1958-09-22,4.91
1958-09-23,6.14
1958-09-24,6.86
1958-09-25,5.59
1958-09-26,4.96
1958-09-27,3.95
1958-09-28,3.1
1958-09-29,3.41
1958-09-30,3.5
1958-10-01,3.65
1958-10-02,3.61
1958-10-03,4.13
1958-10-04,4.61
1958-10-05,4.19
1958-10-06,3.25
1958-10-07,2.8
1958-10-08,3.77
1958-10-09,4.87
1958-10-10,4.77
1958-10-11,5.08
1958-10-12,5.63
1958-10-13,5.65
1958-10-14,5.62
1958-10-15,5.93
1958-10-16,6.05
1958-10-17,6.78
1958-10-18,8.86
1958-10-19,7.86
1958-10-20,7.16
1958-10-21,6.91
1958-10-22,6.8
1958-10-23,8.37
1958-10-24,7.65
1958-10-25,7.59
1958-10-26,7.76
1958-10-27,7.77
1958-10-28,7.66
1958-10-29,8.37
1958-10-30,8.76
1958-10-31,8.83
1958-11-01,9.44
1958-11-02,10.2
1958-11-03,8.4
1958-11-04,8.0
1958-11-05,7.91
1958-11-06,7.67
1958-11-07,8.34
1958-11-08,10.14
1958-11-09,9.28
1958-11-10,10.07
1958-11-11,10.89
1958-11-12,11.49
1958-11-13,11.78
1958-11-14,12.28
1958-11-15,12.17
1958-11-16,12.22
1958-11-17,11.84
1958-11-18,11.58
1958-11-19,12.05
1958-11-20,11.11
1958-11-21,9.47
1958-11-22,8.12
1958-11-23,7.44
1958-11-24,7.06
1958-11-25,7.88
1958-11-26,7.14
1958-11-27,8.18
1958-11-28,9.66
1958-11-29,9.48
1958-11-30,10.45
1958-12-01,11.09
1958-12-02,10.92
1958-12-03,8.88
1958-12-04,9.36
1958-12-05,9.42
1958-12-06,9.42
1958-12-07,9.69
1958-12-08,10.47
1958-12-09,11.33
1958-12-10,11.49
1958-12-11,12.28
1958-12-12,12.76
1958-12-13,13.26
1958-12-14,13.93
1958-12-15,14.79
1958-12-16,14.28
1958-12-17,14.37
1958-12-18,13.85
1958-12-19,13.68
1958-12-20,13.44
1958-12-21,11.59
1958-12-22,11.1
1958-12-23,10.72
1958-12-24,9.09
1958-12-25,8.51
1958-12-26,8.08
1958-12-27,8.08
1958-12-28,8.76
1958-12-29,8.46
1958-12-30,8.89
1958-12-31,8.89
1959-01-01,8.941
1959-01-02,8.992
1959-01-10,9.4
1959-01-11,9.84
1959-01-12,9.07
1959-01-13,8.88
1959-01-14,9.58
1959-01-15,11.45
1959-01-16,12.44
1959-01-17,11.06
1959-01-18,12.8
1959-01-19,12.51
1959-01-20,13.2
1959-01-21,13.94
1959-01-22,13.26
1959-01-23,12.54
1959-01-24,11.63
1959-01-25,11.53
1959-01-26,9.93
1959-01-27,7.93
1959-01-28,6.59
1959-01-29,6.83
1959-01-30,7.27
1959-01-31,9.37
1959-02-01,9.422833333333331
1959-02-02,9.475666666666664
1959-04-01,12.54
1959-04-02,12.5
1959-04-03,13.52
1959-04-04,12.25
1959-04-05,11.92
1959-04-06,10.94
1959-04-07,10.54
1959-04-08,9.66
1959-04-09,8.89
1959-04-10,8.82
1959-04-11,8.882
1959-04-12,8.944
1959-04-15,9.13
1959-04-16,9.5
1959-04-17,7.45
1959-04-18,10.06
1959-04-19,10.14
1959-04-20,9.5
1959-04-21,10.69
1959-04-22,9.86
1959-04-23,10.86
1959-04-24,12.18
1959-04-25,12.36
1959-04-26,11.28
1959-04-27,11.77
1959-04-28,12.58
1959-04-29,11.43
1959-04-30,11.43
1959-05-01,10.54
1959-05-02,10.38
1959-05-03,9.03
1959-05-04,9.01
1959-05-05,9.17
1959-05-06,8.91
1959-05-07,8.36
1959-05-08,8.71
1959-05-09,8.34
1959-05-10,8.62
1959-05-11,7.84
1959-05-12,7.21
1959-05-13,6.78
1959-05-14,6.22
1959-05-15,5.86
1959-05-16,5.74
1959-05-17,5.98
1959-05-18,5.8
1959-05-19,5.74
1959-05-20,5.5
1959-05-21,5.47
1959-05-22,5.38
1959-05-23,5.23
1959-05-24,5.15
1959-05-25,4.88
1959-05-26,4.83
1959-05-27,4.88
1959-05-28,5.21
1959-05-29,5.11
1959-05-30,4.85
1959-05-31,4.69
1959-06-01,4.56
1959-06-02,4.56
1959-06-03,4.61
1959-06-04,4.59
1959-06-05,4.520476190476191
1959-06-06,4.450952380952381
1959-06-25,3.13
1959-06-26,3.05
1959-06-27,2.78
1959-06-28,2.64
1959-06-29,2.28
1959-06-30,2.28
1959-07-01,1.95
1959-07-02,1.95
1959-07-03,1.73
1959-07-04,1.86
1959-07-05,2.43
1959-07-06,2.7
1959-07-07,2.8
1959-07-08,3.1
1959-07-09,3.4
1959-07-10,3.15
1959-07-11,2.88
1959-07-12,3.03
1959-07-13,3.13
1959-07-14,3.26
1959-07-15,3.29
1959-07-16,3.16
1959-07-17,3.24
1959-07-18,3.19
1959-07-19,3.21
1959-07-20,3.36
1959-07-21,3.16
1959-07-22,3.08
1959-07-23,2.57
1959-07-24,2.3
1959-07-25,2.4
1959-07-26,2.6
1959-07-27,2.8
1959-07-28,3.1
1959-07-29,3.1
1959-07-30,2.85
1959-07-31,3.36
1959-08-01,2.95
1959-08-02,3.01
1959-08-03,2.91
1959-08-04,2.16
1959-08-05,2.61
1959-08-06,3.67
1959-08-07,3.45
1959-08-08,3.63
1959-08-09,3.57
1959-08-10,4.09
1959-08-11,4.06
1959-08-12,4.23
1959-08-13,4.44
1959-08-14,4.23
1959-08-15,4.25
1959-08-16,4.46
1959-08-17,4.27
1959-08-18,3.8
1959-08-19,3.73
1959-08-20,3.25
1959-08-21,2.55
1959-08-22,2.65
1959-08-23,2.11
1959-08-24,2.01
1959-08-25,2.21
1959-08-26,2.9
1959-08-27,2.85
1959-08-28,3.31
1959-08-29,3.53
1959-08-30,3.38
1959-08-31,2.8
1959-09-01,3.87
1959-09-02,2.25
1959-09-03,2.27
1959-09-04,1.48
1959-09-05,1.5
1959-09-06,1.46
1959-09-07,1.19
1959-09-08,1.74
1959-09-09,2.99
1959-09-10,3.79
1959-09-11,4.39
1959-09-12,3.58
1959-09-13,2.17
1959-09-14,1.83
1959-09-15,2.0
1959-09-16,2.86
1959-09-17,2.96
1959-09-18,3.26
1959-09-19,2.83
1959-09-20,3.17
1959-09-21,3.96
1959-09-22,5.14
1959-09-23,4.3
1959-09-24,3.62
1959-09-25,3.51
1959-09-26,3.65
1959-09-27,5.03
1959-09-28,4.09
1959-09-29,4.38
1959-09-30,4.66
1959-10-01,4.64
1959-10-02,3.75
1959-10-03,3.83
1959-10-04,3.88
1959-10-05,4.246666666666667
1959-10-06,4.613333333333333
1959-10-07,4.98
1959-10-08,5.47
1959-10-09,7.58
1959-10-10,6.75
1959-10-11,8.09
1959-10-12,5.14
1959-10-13,7.07
1959-10-14,6.68
1959-10-15,5.93
1959-10-16,5.99
1959-10-17,6.48
1959-10-18,8.96
1959-10-19,4.65
1959-10-20,4.53
1959-10-21,4.62
1959-10-22,4.35
1959-10-23,4.7
1959-10-24,7.45
1959-10-25,7.19
1959-10-26,6.53
1959-10-27,6.79
1959-10-28,6.22
1959-10-29,6.44
1959-10-30,7.19
1959-10-31,7.32
1959-11-01,6.84
1959-11-02,6.52
1959-11-03,5.98
1959-11-04,5.15
1959-11-05,5.19
1959-11-06,6.16
1959-11-07,5.69
1959-11-08,6.31
1959-11-09,8.23
1959-11-10,7.73
1959-11-11,9.54
1959-11-12,9.45
1959-11-13,9.16
1959-11-14,8.77
1959-11-15,8.61
1959-11-16,8.67
1959-11-17,8.4
1959-11-18,7.99
1959-11-19,7.24
1959-11-20,6.61
1959-11-21,7.32
1959-11-22,7.18
1959-11-23,7.03
1959-11-24,7.52
1959-11-25,7.8
1959-11-26,7.92
1959-11-27,7.9855
1959-11-28,8.051
1959-12-16,9.23
1959-12-17,10.22
1959-12-18,12.25
1959-12-19,11.75
1959-12-20,10.95
1959-12-21,9.54
1959-12-22,8.56
1959-12-23,8.73
1959-12-24,8.79
1959-12-25,8.85
1959-12-26,9.38
1959-12-27,8.58
1959-12-28,9.09
1959-12-29,10.22
1959-12-30,9.44
1959-12-31,10.39
1960-01-01,10.54
1960-01-02,9.9
1960-01-03,9.35
1960-01-04,9.43
1960-01-05,8.77
1960-01-06,8.11
1960-01-07,8.01
1960-01-08,7.61
1960-01-09,9.37
1960-01-10,7.51
1960-01-11,7.39
1960-01-12,7.05
1960-01-13,7.01
1960-01-14,6.77
1960-01-15,7.17
1960-01-16,5.54
1960-01-17,8.42
1960-01-18,8.21
1960-01-19,9.44
1960-01-20,8.92
1960-01-21,10.37
1960-01-22,10.42
1960-01-23,10.76
1960-01-24,9.57
1960-01-25,9.29
1960-01-26,12.61
1960-01-27,9.44
1960-01-28,9.41
1960-01-29,9.01
1960-01-30,8.63
1960-01-31,8.48
1960-02-01,8.63
1960-02-02,8.74
1960-02-03,8.53
1960-02-04,8.93
1960-02-05,8.1
1960-02-06,8.36
1960-02-07,8.1
1960-02-08,8.63
1960-02-09,8.23
1960-02-10,8.41
1960-02-11,8.12
1960-02-12,8.15
1960-02-13,8.8
1960-02-14,9.34
1960-02-15,9.63
1960-02-16,10.3
1960-02-17,9.27
1960-02-18,9.4
1960-02-19,9.18
1960-02-20,9.29
1960-02-21,8.63
1960-02-22,8.83
1960-02-23,10.46
1960-02-24,10.3
1960-02-25,9.59
1960-02-26,9.09
1960-02-27,8.82
1960-02-28,7.75
1960-02-29,10.27
1960-03-01,10.72
1960-03-02,15.05
1960-03-03,14.36
1960-03-04,13.26
1960-03-05,12.38
1960-03-06,12.72
1960-03-07,12.66
1960-03-08,12.09
1960-03-09,12.12
1960-03-10,12.05
1960-03-11,12.22
1960-03-12,11.98
1960-03-13,11.92
1960-03-14,11.64
1960-03-15,11.25
1960-03-16,11.27
1960-03-17,11.53
1960-03-18,12.62
1960-03-19,11.64
1960-03-20,11.56
1960-03-21,11.62
1960-03-22,11.62
1960-03-23,11.63
1960-03-24,11.42
1960-03-25,11.7
1960-03-26,11.7
1960-03-27,11.81
1960-03-28,11.81
1960-03-29,10.92
1960-03-30,11.7
1960-03-31,11.49
1960-04-01,11.93
1960-04-02,11.92142857142857
1960-04-03,11.912857142857142
1960-04-08,11.87
1960-04-09,11.78
1960-04-10,11.64
1960-04-11,12.02
1960-04-12,12.21
1960-04-13,12.98
1960-04-14,13.35
1960-04-15,13.46
1960-04-16,12.95
1960-04-17,12.96
1960-04-18,12.4
1960-04-19,12.92
1960-04-20,13.36
1960-04-21,12.35
1960-04-22,11.13
1960-04-23,10.97
1960-04-24,10.48
1960-04-25,9.93
1960-04-26,10.03
1960-04-27,9.7
1960-04-28,9.65
1960-04-29,9.73
1960-04-30,9.8
1960-05-01,9.35
1960-05-02,9.14
1960-05-03,9.67
1960-05-04,10.67
1960-05-05,10.18
1960-05-06,10.14
1960-05-07,9.88
1960-05-08,10.15
1960-05-09,9.99
1960-05-10,10.35
1960-05-11,10.51
1960-05-12,9.7
1960-05-13,9.18
1960-05-14,9.33
1960-05-15,9.37
1960-05-16,9.02
1960-05-17,8.68
1960-05-18,8.39
1960-05-19,8.73
1960-05-20,8.3
1960-05-21,9.1
1960-05-22,8.83
1960-05-23,8.73
1960-05-24,8.57
1960-05-25,8.4
1960-05-26,8.51
1960-05-27,8.55
1960-05-28,7.89
1960-05-29,7.71
1960-05-30,7.72
1960-05-31,7.72
1960-06-01,8.33
1960-06-02,8.45
1960-06-03,8.23
1960-06-04,8.027142857142858
1960-06-05,7.824285714285715
1960-06-10,6.81
1960-06-11,7.21
1960-06-12,7.09
1960-06-13,7.27
1960-06-14,7.22
1960-06-15,6.99
1960-06-16,6.77
1960-06-17,7.13
1960-06-18,7.32
1960-06-19,7.43
1960-06-20,7.73
1960-06-21,7.56
1960-06-22,7.36
1960-06-23,7.14
1960-06-24,6.73
1960-06-25,6.75
1960-06-26,6.29
1960-06-27,5.9
1960-06-28,6.35
1960-06-29,6.41
1960-06-30,6.45
1960-07-01,6.15
1960-07-02,5.39
1960-07-03,5.36
1960-07-04,6.34
1960-07-05,7.17
1960-07-06,6.46
1960-07-07,6.37
1960-07-08,5.74
1960-07-09,5.67
1960-07-10,5.6
1960-07-11,5.49
1960-07-12,5.62
1960-07-13,5.71
1960-07-14,5.29
1960-07-15,5.14
1960-07-16,5.47
1960-07-17,6.19
1960-07-18,5.46
1960-07-19,6.14
1960-07-20,5.79
1960-07-21,5.93
1960-07-22,6.06
1960-07-23,5.44
1960-07-24,5.13
1960-07-25,5.32
1960-07-26,5.43
1960-07-27,4.99
1960-07-28,4.85
1960-07-29,4.99
1960-07-30,5.27
1960-07-31,5.67
1960-08-01,6.11
1960-08-02,5.28
1960-08-03,5.33
1960-08-04,4.32
1960-08-05,4.17
1960-08-06,4.57
1960-08-07,4.71
1960-08-08,4.2
1960-08-09,5.02
1960-08-10,5.23
1960-08-11,5.73
1960-08-12,6.11
1960-08-13,6.26
1960-08-14,6.11
1960-08-15,6.11
1960-08-16,6.57
1960-08-17,7.43
1960-08-18,7.39
1960-08-19,6.57
1960-08-20,6.93
1960-08-21,6.62
1960-08-22,6.78
1960-08-23,7.76
1960-08-24,7.88
1960-08-25,6.89
1960-08-26,7.46
1960-08-27,7.29
1960-08-28,7.45
1960-08-29,6.85
1960-08-30,6.41
1960-08-31,6.41
1960-09-01,6.57
1960-09-02,6.3
1960-09-03,6.296060606060606
1960-09-04,6.292121212121212
1960-10-05,6.17
1960-10-06,6.41
1960-10-07,5.93
1960-10-08,5.98
1960-10-09,6.09
1960-10-10,6.75
1960-10-11,6.61
1960-10-12,6.59
1960-10-13,7.72
1960-10-14,7.4
1960-10-15,8.75
1960-10-16,8.31
1960-10-17,8.41
1960-10-18,7.65
1960-10-19,7.05
1960-10-20,7.71
1960-10-21,7.59
1960-10-22,7.29
1960-10-23,7.68
1960-10-24,7.81
1960-10-25,8.39
1960-10-26,8.39
1960-10-27,7.37
1960-10-28,6.53
1960-10-29,7.08
1960-10-30,7.09
1960-10-31,6.83
1960-11-01,7.4
1960-11-02,7.43
1960-11-03,6.93
1960-11-04,6.87
1960-11-05,7.41
1960-11-06,7.01
1960-11-07,7.64
1960-11-08,8.26
1960-11-09,9.5
1960-11-10,9.06
1960-11-11,9.72
1960-11-12,8.97
1960-11-13,8.17
1960-11-14,8.77
1960-11-15,8.97
1960-11-16,8.92
1960-11-17,8.36
1960-11-18,7.99
1960-11-19,7.65
1960-11-20,7.61
1960-11-21,8.22
1960-11-22,8.29
1960-11-23,9.17
1960-11-24,10.46
1960-11-25,9.57
1960-11-26,9.74
1960-11-27,9.7
1960-11-28,10.07
1960-11-29,9.88
1960-11-30,9.78
1960-12-01,10.4
1960-12-02,11.22
1960-12-03,10.63
1960-12-04,11.03
1960-12-05,11.02
1960-12-06,11.69
1960-12-07,11.13
1960-12-08,11.14
1960-12-09,11.69
1960-12-10,11.77
1960-12-11,11.66
1960-12-12,11.82
1960-12-13,11.23
1960-12-14,11.14
1960-12-15,10.72
1960-12-16,8.77
1960-12-17,9.27
1960-12-18,10.01
1960-12-19,2.04
1960-12-20,2.3
1960-12-21,9.94
1960-12-22,9.66
1960-12-23,9.49
1960-12-24,8.7
1960-12-25,8.78
1960-12-26,9.74
1960-12-27,10.15
1960-12-28,10.62
1960-12-29,10.87
1960-12-30,11.06
1960-12-31,11.18
1961-01-01,11.305454545454545
1961-01-02,11.430909090909092
1961-01-11,12.56
1961-01-12,13.2
1961-01-13,13.71
1961-01-14,14.98
1961-01-15,14.33
1961-01-16,14.58
1961-01-17,14.53
1961-01-18,13.36
1961-01-19,12.9
1961-01-20,12.29
1961-01-21,13.05
1961-01-22,13.05
1961-01-23,12.98
1961-01-24,12.98
1961-01-25,12.8
1961-01-26,12.95
1961-01-27,12.57
1961-01-28,12.8
1961-01-29,12.91
1961-01-30,12.4
1961-01-31,11.87
1961-02-01,11.08
1961-02-02,11.8
1961-02-03,12.57
1961-02-04,11.3
1961-02-05,10.54
1961-02-06,9.71
1961-02-07,8.7
1961-02-08,7.89
1961-02-09,8.08
1961-02-10,8.97
1961-02-11,9.45
1961-02-12,9.46
1961-02-13,9.24
1961-02-14,9.56
1961-02-15,9.56
1961-02-16,9.64
1961-02-17,10.05
1961-02-18,9.61
1961-02-19,9.51
1961-02-20,9.69
1961-02-21,12.44
1961-02-22,10.77
1961-02-23,12.7
1961-02-24,12.18
1961-02-25,11.5
1961-02-26,12.12
1961-02-27,12.35
1961-02-28,11.84
1961-03-01,11.22
1961-03-02,10.9
1961-03-03,10.94
1961-03-04,11.33
1961-03-05,11.19
1961-03-06,10.86
1961-03-07,11.17
1961-03-08,11.51
1961-03-09,10.85
1961-03-10,11.98
1961-03-11,12.62
1961-03-12,12.26
1961-03-13,10.89
1961-03-14,11.06
1961-03-15,10.46
1961-03-16,10.3
1961-03-17,11.18
1961-03-18,10.95
1961-03-19,12.58
1961-03-20,14.95
1961-03-21,14.960714285714284
1961-03-22,14.971428571428572
1961-04-03,15.1
1961-04-04,14.43
1961-04-05,12.88
1961-04-06,11.27
1961-04-07,10.78
1961-04-08,10.4
1961-04-09,10.19
1961-04-10,9.11
1961-04-11,10.42
1961-04-12,9.82
1961-04-13,9.11
1961-04-14,8.82
1961-04-15,8.97
1961-04-16,8.48
1961-04-17,8.92
1961-04-18,9.8
1961-04-19,9.22
1961-04-20,8.68
1961-04-21,8.26
1961-04-22,7.92
1961-04-23,7.79
1961-04-24,8.35
1961-04-25,8.93
1961-04-26,9.01
1961-04-27,8.04
1961-04-28,7.33
1961-04-29,6.61
1961-04-30,6.25
1961-05-01,5.93
1961-05-02,5.74
1961-05-03,5.7
1961-05-04,5.7775
1961-05-05,5.855
1961-05-07,6.01
1961-05-08,6.03
1961-05-09,5.88
1961-05-10,6.41
1961-05-11,5.97
1961-05-12,6.1
1961-05-13,6.69
1961-05-14,6.93
1961-05-15,7.5
1961-05-16,6.39
1961-05-17,6.23
1961-05-18,6.05
1961-05-19,6.05
1961-05-20,5.81
1961-05-21,5.13
1961-05-22,6.01
1961-05-23,5.67
1961-05-24,4.78
1961-05-25,5.0
1961-05-26,5.12
1961-05-27,5.32
1961-05-28,5.12
1961-05-29,5.36
1961-05-30,5.1
1961-05-31,5.38
1961-06-01,5.09
1961-06-02,5.67
1961-06-03,5.42
1961-06-04,5.42
1961-06-05,5.201
1961-06-06,4.982
1961-06-14,3.23
1961-06-15,3.47
1961-06-16,3.73
1961-06-17,3.98
1961-06-18,4.02
1961-06-19,3.88
1961-06-20,3.67
1961-06-21,3.63
1961-06-22,3.14
1961-06-23,2.86
1961-06-24,2.84
1961-06-25,2.74
1961-06-26,2.66
1961-06-27,2.61
1961-06-28,2.59
1961-06-29,2.55
1961-06-30,2.47
1961-07-01,2.56
1961-07-02,2.78
1961-07-03,2.9
1961-07-04,3.03
1961-07-05,3.06
1961-07-06,3.01
1961-07-07,2.86
1961-07-08,2.69
1961-07-09,2.8
1961-07-10,3.13
1961-07-11,3.07
1961-07-12,3.24
1961-07-13,3.42
1961-07-14,3.19
1961-07-15,3.09
1961-07-16,3.39
1961-07-17,3.84
1961-07-18,3.55
1961-07-19,3.37
1961-07-20,3.22
1961-07-21,2.91
1961-07-22,2.89
1961-07-23,2.89
1961-07-24,3.02
1961-07-25,2.95
1961-07-26,2.76
1961-07-27,2.75
1961-07-28,2.91
1961-07-29,3.07
1961-07-30,3.13
1961-07-31,3.57
1961-08-01,3.42
1961-08-02,3.18
1961-08-03,2.96
1961-08-04,3.02
1961-08-05,3.15
1961-08-06,2.96
1961-08-07,3.1
1961-08-08,2.94
1961-08-09,2.41
1961-08-10,3.07
1961-08-11,3.02
1961-08-12,3.16
1961-08-13,3.34
1961-08-14,3.1
1961-08-15,2.66
1961-08-16,3.27
1961-08-17,2.72
1961-08-18,2.8
1961-08-19,2.33
1961-08-20,2.14
1961-08-21,2.15
1961-08-22,2.46
1961-08-23,3.04
1961-08-24,3.39
1961-08-25,2.92
1961-08-26,3.96
1961-08-27,3.73
1961-08-28,3.02
1961-08-29,3.23
1961-08-30,3.32
1961-08-31,2.67
1961-09-01,2.27
1961-09-02,2.3
1961-09-03,2.95
1961-09-04,3.25
1961-09-05,3.44
1961-09-06,3.41
1961-09-07,2.9
1961-09-08,2.41
1961-09-09,2.18
1961-09-10,2.2
1961-09-11,2.05
1961-09-12,1.95
1961-09-13,2.39
1961-09-14,2.58
1961-09-15,2.09
1961-09-16,1.81
1961-09-17,1.55
1961-09-18,1.4
1961-09-19,1.57
1961-09-20,1.99
1961-09-21,2.18
1961-09-22,2.12
1961-09-23,1.94
1961-09-24,1.7
1961-09-25,1.66
1961-09-26,1.72
1961-09-27,1.8
1961-09-28,1.86
1961-09-29,1.77
1961-09-30,1.63
1961-10-01,1.56
1961-10-02,1.91
1961-10-03,1.95
1961-10-04,1.96
1961-10-05,1.81
1961-10-06,1.8
1961-10-07,1.81
1961-10-08,2.0375
1961-10-09,2.265
1961-10-11,2.72
1961-10-12,3.13
1961-10-13,3.52
1961-10-14,3.92
1961-10-15,4.39
1961-10-16,4.78
1961-10-17,4.86
1961-10-18,5.06
1961-10-19,4.78
1961-10-20,4.79
1961-10-21,4.89
1961-10-22,5.59
1961-10-23,5.23
1961-10-24,4.3
1961-10-25,3.57
1961-10-26,3.5
1961-10-27,3.34
1961-10-28,3.95
1961-10-29,4.8
1961-10-30,5.17
1961-10-31,4.71
1961-11-01,4.49
1961-11-02,4.5
1961-11-03,6.5
1961-11-04,6.93
1961-11-05,6.51
1961-11-06,5.93
1961-11-07,5.64
1961-11-08,6.57
1961-11-09,6.1
1961-11-10,6.41
1961-11-11,5.42
1961-11-12,4.74
1961-11-13,4.48
1961-11-14,4.4
1961-11-15,4.32
1961-11-16,4.98
1961-11-17,5.08
1961-11-18,4.66
1961-11-19,5.21
1961-11-20,4.93
1961-11-21,5.21
1961-11-22,5.54
1961-11-23,6.13
1961-11-24,7.01
1961-11-25,6.35
1961-11-26,5.78
1961-11-27,5.18
1961-11-28,5.3
1961-11-29,5.26
1961-11-30,5.75
1961-12-01,5.74
1961-12-02,5.7
1961-12-03,6.22
1961-12-04,6.43
1961-12-05,6.19
1961-12-06,5.98
1961-12-07,5.58
1961-12-08,6.27
1961-12-09,5.98
1961-12-10,5.6
1961-12-11,5.41
1961-12-12,5.27
1961-12-13,5.71
1961-12-14,5.76
1961-12-15,7.24
1961-12-16,6.77
1961-12-17,8.04
1961-12-18,8.59
1961-12-19,9.83
1961-12-20,11.34
1961-12-21,10.89
1961-12-22,10.2
1961-12-23,9.34
1961-12-24,8.89
1961-12-25,8.51
1961-12-26,8.34
1961-12-27,8.05
1961-12-28,8.66
1961-12-29,8.01
1961-12-30,8.4
1961-12-31,9.56
1962-01-01,8.85
1962-01-02,8.34
1962-01-03,8.13
1962-01-04,10.03
1962-01-05,9.54
1962-01-06,7.65
1962-01-07,8.85
1962-01-08,8.27
1962-01-09,7.98
1962-01-10,7.76
1962-01-11,8.27
1962-01-12,9.13
1962-01-13,9.49
1962-01-14,8.87
1962-01-15,8.68
1962-01-16,8.97
1962-01-17,8.68
1962-01-18,8.53
1962-01-19,8.1
1962-01-20,8.17
1962-01-21,8.61
1962-01-22,9.18
1962-01-23,10.2
1962-01-24,11.38
1962-01-25,10.31
1962-01-26,9.36
1962-01-27,9.72
1962-01-28,8.97
1962-01-29,9.31
1962-01-30,9.43
1962-01-31,9.36
1962-02-01,9.36
1962-02-02,13.78
1962-02-03,13.75
1962-02-04,11.19
1962-02-05,10.25
1962-02-06,9.93
1962-02-07,10.6
1962-02-08,11.11
1962-02-09,11.07
1962-02-10,10.36
1962-02-11,11.01
1962-02-12,10.74
1962-02-13,9.26
1962-02-14,8.51
1962-02-15,8.85
1962-02-16,8.39
1962-02-17,8.38
1962-02-18,8.43
1962-02-19,8.01
1962-02-20,7.43
1962-02-21,7.43
1962-02-22,7.39
1962-02-23,7.28
1962-02-24,7.52
1962-02-25,8.47
1962-02-26,8.2
1962-02-27,8.43
1962-02-28,8.31
1962-03-01,8.32
1962-03-02,7.97
1962-03-03,7.53
1962-03-04,8.45
1962-03-05,8.08
1962-03-06,8.76
1962-03-07,9.52
1962-03-08,12.25
1962-03-09,12.14
1962-03-10,12.66
1962-03-11,13.2
1962-03-12,15.59
1962-03-13,17.14
1962-03-14,13.97
1962-03-15,10.3
1962-03-16,9.44
1962-03-17,8.68
1962-03-18,8.28
1962-03-19,7.86
1962-03-20,8.89
1962-03-21,7.91
1962-03-22,7.43
1962-03-23,7.85
1962-03-24,9.13
1962-03-25,8.66
1962-03-26,10.4
1962-03-27,11.33
1962-03-28,10.34
1962-03-29,9.44
1962-03-30,9.73
1962-03-31,9.09
1962-04-01,9.088709677419354
1962-04-02,9.08741935483871
1962-05-01,9.05
1962-05-02,9.29
1962-05-03,9.07
1962-05-04,8.54
1962-05-05,8.13
1962-05-06,8.0
1962-05-07,7.95
1962-05-08,7.9
1962-05-09,7.81
1962-05-10,7.84
1962-05-11,8.21
1962-05-12,8.41
1962-05-13,8.83
1962-05-14,8.63
1962-05-15,8.49
1962-05-16,8.63
1962-05-17,9.07
1962-05-18,8.34
1962-05-19,7.74
1962-05-20,7.39
1962-05-21,7.11
1962-05-22,7.21
1962-05-23,7.23
1962-05-24,6.75
1962-05-25,6.65
1962-05-26,6.67
1962-05-27,6.65
1962-05-28,6.8
1962-05-29,6.83
1962-05-30,7.19
1962-05-31,7.15
1962-06-01,7.11
1962-06-02,7.29
1962-06-03,7.03
1962-06-04,6.53
1962-06-05,6.63
1962-06-06,6.53
1962-06-07,6.61
1962-06-08,6.55
1962-06-09,6.81
1962-06-10,6.97
1962-06-11,6.95
1962-06-12,6.55
1962-06-13,6.67
1962-06-14,6.91
1962-06-15,7.19
1962-06-16,7.19
1962-06-17,6.97
1962-06-18,6.63
1962-06-19,6.79
1962-06-20,6.81
1962-06-21,6.75
1962-06-22,6.47
1962-06-23,6.49
1962-06-24,6.27
1962-06-25,6.07
1962-06-26,5.93
1962-06-27,5.93
1962-06-28,6.17
1962-06-29,6.45
1962-06-30,6.13
1962-07-01,6.15
1962-07-02,6.11
1962-07-03,6.11
1962-07-04,6.27
1962-07-05,6.49
1962-07-06,6.05
1962-07-07,6.29
1962-07-08,6.21
1962-07-09,6.19
1962-07-10,6.29
1962-07-11,6.27
1962-07-12,6.53
1962-07-13,6.43
1962-07-14,6.19
1962-07-15,6.25
1962-07-16,6.51
1962-07-17,6.67
1962-07-18,6.61
1962-07-19,6.43
1962-07-20,6.17
1962-07-21,6.29
1962-07-22,6.27
1962-07-23,6.25
1962-07-24,6.29
1962-07-25,5.95
1962-07-26,5.82
1962-07-27,5.64
1962-07-28,5.58
1962-07-29,5.68
1962-07-30,5.84
1962-07-31,5.88
1962-08-01,5.72
1962-08-02,5.72
1962-08-03,5.8
1962-08-04,6.57
1962-08-05,6.89
1962-08-06,6.89
1962-08-07,6.89
1962-08-08,6.73
1962-08-09,6.39
1962-08-10,6.35
1962-08-11,6.33
1962-08-12,6.305384615384615
1962-08-13,6.280769230769231
1962-08-24,6.01
1962-08-25,6.17
1962-08-26,6.13
1962-08-27,6.23
1962-08-28,6.57
1962-08-29,5.97
1962-08-30,6.91
1962-08-31,7.01
1962-09-01,6.73
1962-09-02,6.37
1962-09-03,6.33
1962-09-04,5.57
1962-09-05,5.83
1962-09-06,5.76
1962-09-07,5.17
1962-09-08,5.72
1962-09-09,6.02
1962-09-10,5.74
1962-09-11,5.62
1962-09-12,5.34
1962-09-13,5.51
1962-09-14,5.84
1962-09-15,5.91
1962-09-16,5.86
1962-09-17,6.15
1962-09-18,6.29
1962-09-19,6.01
1962-09-20,5.97
1962-09-21,5.74
1962-09-22,5.52
1962-09-23,5.83
1962-09-24,6.38
1962-09-25,6.61
1962-09-26,7.29
1962-09-27,9.44
1962-09-28,8.9
1962-09-29,8.2
1962-09-30,7.8
1962-10-01,5.7
1962-10-02,5.8
1962-10-03,5.19
1962-10-04,6.03
1962-10-05,5.7
1962-10-06,6.01
1962-10-07,6.55
1962-10-08,7.35
1962-10-09,7.73
1962-10-10,8.26
1962-10-11,8.93
1962-10-12,8.28
1962-10-13,8.28
1962-10-14,8.21
1962-10-15,8.13
1962-10-16,9.11
1962-10-17,8.68
1962-10-18,8.49
1962-10-19,8.51
1962-10-20,9.04
1962-10-21,8.58
1962-10-22,8.86
1962-10-23,8.73
1962-10-24,8.82
1962-10-25,9.12
1962-10-26,9.06
1962-10-27,8.68
1962-10-28,8.44
1962-10-29,8.12
1962-10-30,8.06
1962-10-31,8.13
1962-11-01,8.092285714285715
1962-11-02,8.05457142857143
1962-12-05,6.81
1962-12-06,6.69
1962-12-07,6.93
1962-12-08,7.13
1962-12-09,7.41
1962-12-10,7.55
1962-12-11,8.3
1962-12-12,8.04
1962-12-13,7.68
1962-12-14,6.93
1962-12-15,6.53
1962-12-16,6.61
1962-12-17,6.81
1962-12-18,7.13
1962-12-19,7.27
1962-12-20,7.44
1962-12-21,7.09
1962-12-22,7.01
1962-12-23,6.85
1962-12-24,6.51
1962-12-25,6.43
1962-12-26,6.33
1962-12-27,6.37
1962-12-28,6.71
1962-12-29,8.04
1962-12-30,8.38
1962-12-31,7.88
1963-01-01,7.63
1963-01-02,8.59
1963-01-03,8.99
1963-01-04,10.18
1963-01-05,10.39
1963-01-06,8.78
1963-01-07,8.02
1963-01-08,7.81
1963-01-09,8.28
1963-01-10,8.92
1963-01-11,9.4
1963-01-12,9.17
1963-01-13,8.44
1963-01-14,8.77
1963-01-15,8.54
1963-01-16,8.25
1963-01-17,7.87
1963-01-18,7.31
1963-01-19,8.6
1963-01-20,9.05
1963-01-21,8.78
1963-01-22,8.87
1963-01-23,9.1
1963-01-24,8.56
1963-01-25,8.98
1963-01-26,9.29
1963-01-27,9.47
1963-01-28,10.79
1963-01-29,11.56
1963-01-30,10.03
1963-01-31,9.31
1963-02-01,8.71
1963-02-02,8.19
1963-02-03,8.45
1963-02-04,10.02
1963-02-05,10.98
1963-02-06,10.89
1963-02-07,12.58
1963-02-08,11.84
1963-02-09,11.72
1963-02-10,10.89
1963-02-11,11.7
1963-02-12,11.14
1963-02-13,10.41
1963-02-14,9.69
1963-02-15,9.24
1963-02-16,8.73
1963-02-17,8.39
1963-02-18,8.29
1963-02-19,8.61
1963-02-20,8.32
1963-02-21,8.15
1963-02-22,7.83
1963-02-23,7.63
1963-02-24,8.24
1963-02-25,8.37
1963-02-26,8.61
1963-02-27,8.71
1963-02-28,8.54
1963-03-01,8.88
1963-03-02,10.75
1963-03-03,10.65
1963-03-04,10.49
1963-03-05,10.01
1963-03-06,9.83
1963-03-07,11.3
1963-03-08,12.39
1963-03-09,12.074
1963-03-10,11.758
1963-03-13,10.81
1963-03-14,10.49
1963-03-15,9.82
1963-03-16,9.7
1963-03-17,10.68
1963-03-18,10.04
1963-03-19,10.76
1963-03-20,11.5
1963-03-21,11.25
1963-03-22,12.79
1963-03-23,11.7
1963-03-24,12.54
1963-03-25,15.83
1963-03-26,15.57
1963-03-27,14.19
1963-03-28,13.72
1963-03-29,13.31
1963-03-30,12.21
1963-03-31,11.19
1963-04-01,10.46
1963-04-02,10.33
1963-04-03,10.87
1963-04-04,11.55
1963-04-05,13.08
1963-04-06,11.9
1963-04-07,14.94
1963-04-08,14.18
1963-04-09,14.95
1963-04-10,13.9
1963-04-11,15.05
1963-04-12,15.21
1963-04-13,14.64
1963-04-14,13.53
1963-04-15,12.91
1963-04-16,12.34
1963-04-17,11.87
1963-04-18,11.84
1963-04-19,12.09
1963-04-20,11.31
1963-04-21,10.51
1963-04-22,10.11
1963-04-23,9.72
1963-04-24,9.59
1963-04-25,9.19
1963-04-26,9.0
1963-04-27,8.42
1963-04-28,7.87
1963-04-29,7.99
1963-04-30,8.73
1963-05-01,8.14
1963-05-02,8.19
1963-05-03,8.16
1963-05-04,8.82
1963-05-05,8.89
1963-05-06,8.27
1963-05-07,7.25
1963-05-08,7.15
1963-05-09,7.07
1963-05-10,7.15
1963-05-11,6.87
1963-05-12,6.89
1963-05-13,6.75
1963-05-14,6.71
1963-05-15,6.25
1963-05-16,5.97
1963-05-17,5.92
1963-05-18,5.54
1963-05-19,5.6
1963-05-20,5.48
1963-05-21,5.29
1963-05-22,5.44
1963-05-23,5.59
1963-05-24,5.58
1963-05-25,5.58
1963-05-26,5.49
1963-05-27,5.42
1963-05-28,5.11
1963-05-29,5.45
1963-05-30,5.51
1963-05-31,5.49
1963-06-01,5.51
1963-06-02,5.43
1963-06-03,5.35
1963-06-04,5.3
1963-06-05,5.45
1963-06-06,5.59
1963-06-07,5.34
1963-06-08,5.38
1963-06-09,5.35
1963-06-10,5.04
1963-06-11,4.92
1963-06-12,5.11
1963-06-13,4.83
1963-06-14,4.99
1963-06-15,5.02
1963-06-16,5.18
1963-06-17,4.79
1963-06-18,4.67
1963-06-19,4.57
1963-06-20,4.3
1963-06-21,4.27
1963-06-22,4.4
1963-06-23,4.37
1963-06-24,4.43
1963-06-25,4.45
1963-06-26,4.52
1963-06-27,4.66
1963-06-28,4.57
1963-06-29,4.56
1963-06-30,4.71
1963-07-01,4.96
1963-07-02,4.76
1963-07-03,4.85
1963-07-04,4.5
1963-07-05,4.86
1963-07-06,5.02
1963-07-07,5.16
1963-07-08,5.14
1963-07-09,5.14
1963-07-10,5.27
1963-07-11,5.23
1963-07-12,5.18
1963-07-13,5.03
1963-07-14,4.94
1963-07-15,5.04
1963-07-16,4.97
1963-07-17,4.05
1963-07-18,3.44
1963-07-19,3.0
1963-07-20,2.92
1963-07-21,2.93
1963-07-22,3.04
1963-07-23,3.33
1963-07-24,3.91
1963-07-25,4.11
1963-07-26,3.97
1963-07-27,3.95
1963-07-28,4.01
1963-07-29,4.07
1963-07-30,3.76
1963-07-31,3.51
1963-08-01,3.53
1963-08-02,3.34
1963-08-03,3.29
1963-08-04,3.47
1963-08-05,3.55
1963-08-06,3.75
1963-08-07,3.84
1963-08-08,3.91
1963-08-09,4.18
1963-08-10,4.03
1963-08-11,3.76
1963-08-12,3.93
1963-08-13,3.85
1963-08-14,3.82
1963-08-15,4.11
1963-08-16,4.41
1963-08-17,4.63
1963-08-18,4.56
1963-08-19,4.41
1963-08-20,4.27
1963-08-21,3.89
1963-08-22,4.21
1963-08-23,4.38
1963-08-24,4.65
1963-08-25,5.15
1963-08-26,5.5
1963-08-27,5.15
1963-08-28,5.36
1963-08-29,5.51
1963-08-30,5.7
1963-08-31,5.61
1963-09-01,4.9
1963-09-02,4.72
1963-09-03,4.41
1963-09-04,4.13
1963-09-05,4.12
1963-09-06,4.51
1963-09-07,4.85
1963-09-08,4.95
1963-09-09,4.21
1963-09-10,3.97
1963-09-11,4.2
1963-09-12,4.51
1963-09-13,5.09
1963-09-14,5.58
1963-09-15,5.51
1963-09-16,5.71
1963-09-17,5.75
1963-09-18,5.83
1963-09-19,5.54
1963-09-20,5.17
1963-09-21,5.49
1963-09-22,5.51
1963-09-23,5.79
1963-09-24,6.3
1963-09-25,6.65
1963-09-26,6.65
1963-09-27,7.05
1963-09-28,7.17
1963-09-29,7.37
1963-09-30,7.35
1963-10-01,6.14
1963-10-02,6.125333333333333
1963-10-03,6.110666666666666
1963-10-16,5.92
1963-10-17,6.39
1963-10-18,5.46
1963-10-19,4.83
1963-10-20,5.08
1963-10-21,5.6
1963-10-22,5.84
1963-10-23,6.03
1963-10-24,5.14
1963-10-25,6.68
1963-10-26,7.1
1963-10-27,7.56
1963-10-28,6.87
1963-10-29,6.69
1963-10-30,6.75
1963-10-31,7.28
1963-11-01,8.43
1963-11-02,8.35
1963-11-03,8.97
1963-11-04,10.76
1963-11-05,10.52
1963-11-06,9.91
1963-11-07,9.02
1963-11-08,7.03
1963-11-09,6.37
1963-11-10,6.29
1963-11-11,6.85
1963-11-12,6.55
1963-11-13,6.13
1963-11-14,5.43
1963-11-15,5.59
1963-11-16,8.65
1963-11-17,8.45
1963-11-18,7.68
1963-11-19,8.39
1963-11-20,8.91
1963-11-21,11.66
1963-11-22,11.73
1963-11-23,9.5
1963-11-24,9.41
1963-11-25,8.3
1963-11-26,7.69
1963-11-27,7.75
1963-11-28,9.4
1963-11-29,10.43
1963-11-30,11.33
1963-12-01,10.65
1963-12-02,12.3
1963-12-03,13.78
1963-12-04,11.92
1963-12-05,11.39
1963-12-06,11.11
1963-12-07,10.36
1963-12-08,9.39
1963-12-09,8.85
1963-12-10,8.33
1963-12-11,8.66
1963-12-12,9.18
1963-12-13,10.1
1963-12-14,11.63
1963-12-15,12.21
1963-12-16,12.45
1963-12-17,11.5
1963-12-18,11.11
1963-12-19,10.25
1963-12-20,9.89
1963-12-21,9.36
1963-12-22,9.12
1963-12-23,8.56
1963-12-24,8.58
1963-12-25,10.4
1963-12-26,11.85
1963-12-27,10.99
1963-12-28,11.26
1963-12-29,11.12
1963-12-30,11.12
1963-12-31,10.49
1964-01-01,9.88
1964-01-02,9.92
1964-01-03,10.57
1964-01-04,9.88
1964-01-05,9.56
1964-01-06,10.2
1964-01-07,11.11
1964-01-08,11.11
1964-01-09,12.24
1964-01-10,12.01
1964-01-11,11.67
1964-01-12,12.41
1964-01-13,11.95
1964-01-14,12.23
1964-01-15,12.06
1964-01-16,11.06
1964-01-17,10.57
1964-01-18,10.47
1964-01-19,10.94
1964-01-20,11.69
1964-01-21,12.25
1964-01-22,11.93
1964-01-23,12.79
1964-01-24,12.64
1964-01-25,11.5
1964-01-26,11.78
1964-01-27,11.67
1964-01-28,11.34
1964-01-29,12.56
1964-01-30,12.17
1964-01-31,12.94
1964-02-01,11.73
1964-02-02,12.31
1964-02-03,11.48
1964-02-04,11.53
1964-02-05,10.6
1964-02-06,10.96
1964-02-07,11.17
1964-02-08,10.65
1964-02-09,10.69
1964-02-10,10.49
1964-02-11,10.26
1964-02-12,10.5
1964-02-13,10.96
1964-02-14,11.73
1964-02-15,12.32
1964-02-16,13.97
1964-02-17,13.04
1964-02-18,12.64
1964-02-19,12.88
1964-02-20,13.07
1964-02-21,12.75
1964-02-22,12.91
1964-02-23,11.75
1964-02-24,10.66
1964-02-25,9.83
1964-02-26,9.58
1964-02-27,9.28
1964-02-28,9.09
1964-02-29,8.95
1964-03-01,9.78
1964-03-02,9.47
1964-03-03,10.75
1964-03-04,10.9
1964-03-05,10.96
1964-03-06,11.17
1964-03-07,11.33
1964-03-08,10.98
1964-03-09,10.88
1964-03-10,12.35
1964-03-11,13.5
1964-03-12,13.96
1964-03-13,12.24
1964-03-14,11.92
1964-03-15,11.36
1964-03-16,12.22
1964-03-17,12.06
1964-03-18,11.33
1964-03-19,12.34
1964-03-20,13.45
1964-03-21,11.95
1964-03-22,11.55
1964-03-23,10.94
1964-03-24,10.78
1964-03-25,10.81
1964-03-26,10.81
1964-03-27,11.0
1964-03-28,11.4
1964-03-29,11.67
1964-03-30,11.34
1964-03-31,12.18
1964-04-01,13.38
1964-04-02,13.68
1964-04-03,11.14
1964-04-04,10.59
1964-04-05,10.41
1964-04-06,9.73
1964-04-07,10.44
1964-04-08,10.09
1964-04-09,11.0
1964-04-10,10.79
1964-04-11,10.57
1964-04-12,9.67
1964-04-13,9.83
1964-04-14,10.02
1964-04-15,9.37
1964-04-16,9.05
1964-04-17,8.34
1964-04-18,8.81
1964-04-19,8.65
1964-04-20,8.65
1964-04-21,8.89
1964-04-22,9.09
1964-04-23,9.25
1964-04-24,9.53
1964-04-25,8.44
1964-04-26,8.68
1964-04-27,8.2
1964-04-28,8.73
1964-04-29,9.52
1964-04-30,10.51
1964-05-01,9.49
1964-05-02,8.85
1964-05-03,8.32
1964-05-04,8.13
1964-05-05,7.79
1964-05-06,7.61
1964-05-07,7.51
1964-05-08,7.25
1964-05-09,7.27
1964-05-10,7.23
1964-05-11,6.55
1964-05-12,6.77
1964-05-13,6.37
1964-05-14,6.21
1964-05-15,5.73
1964-05-16,5.68
1964-05-17,5.41
1964-05-18,5.62
1964-05-19,5.52
1964-05-20,5.68
1964-05-21,7.94
1964-05-22,8.19
1964-05-23,6.99
1964-05-24,6.45
1964-05-25,6.05
1964-05-26,5.73
1964-05-27,5.48
1964-05-28,5.55
1964-05-29,6.09
1964-05-30,5.6
1964-05-31,5.63
1964-06-01,5.71
1964-06-02,5.54
1964-06-03,5.52
1964-06-04,5.36
1964-06-05,5.37
1964-06-06,5.05
1964-06-07,4.97
1964-06-08,5.28
1964-06-09,5.23
1964-06-10,5.23
1964-06-11,5.3
1964-06-12,5.22
1964-06-13,5.11
1964-06-14,4.74
1964-06-15,4.53
1964-06-16,4.53
1964-06-17,4.53
1964-06-18,4.57
1964-06-19,4.53
1964-06-20,4.6
1964-06-21,4.6
1964-06-22,4.59
1964-06-23,4.8
1964-06-24,4.9
1964-06-25,4.65
1964-06-26,4.57
1964-06-27,4.67
1964-06-28,4.79
1964-06-29,4.93
1964-06-30,5.13
1964-07-01,5.28
1964-07-02,5.5
1964-07-03,4.99
1964-07-04,5.29
1964-07-05,5.47
1964-07-06,5.53
1964-07-07,5.86
1964-07-08,5.68
1964-07-09,5.32
1964-07-10,5.34
1964-07-11,5.27
1964-07-12,5.02
1964-07-13,5.07
1964-07-14,4.79
1964-07-15,5.04
1964-07-16,5.08
1964-07-17,5.24
1964-07-18,5.12
1964-07-19,5.01
1964-07-20,4.81
1964-07-21,5.34
1964-07-22,6.38
1964-07-23,5.03
1964-07-24,4.74
1964-07-25,4.76
1964-07-26,4.72
1964-07-27,4.77
1964-07-28,4.63
1964-07-29,4.81
1964-07-30,5.21
1964-07-31,5.3
1964-08-01,5.37
1964-08-02,5.21
1964-08-03,4.77
1964-08-04,4.91
1964-08-05,4.9
1964-08-06,5.13
1964-08-07,5.24
1964-08-08,5.35
1964-08-09,5.23
1964-08-10,5.23
1964-08-11,5.2
1964-08-12,5.18
1964-08-13,5.65
1964-08-14,5.67
1964-08-15,6.11
1964-08-16,5.72
1964-08-17,5.34
1964-08-18,5.44
1964-08-19,5.55
1964-08-20,5.46
1964-08-21,5.3
1964-08-22,5.42
1964-08-23,6.76
1964-08-24,6.81
1964-08-25,6.38
1964-08-26,5.98
1964-08-27,4.87
1964-08-28,3.72
1964-08-29,3.3
1964-08-30,3.1
1964-08-31,3.14
1964-09-01,2.88
1964-09-02,3.03
1964-09-03,3.13
1964-09-04,2.98
1964-09-05,3.58
1964-09-06,3.76
1964-09-07,4.33
1964-09-08,4.41
1964-09-09,4.0
1964-09-10,3.79
1964-09-11,4.14
1964-09-12,3.17
1964-09-13,2.93
1964-09-14,3.16
1964-09-15,3.09
1964-09-16,3.26
1964-09-17,3.87
1964-09-18,4.14
1964-09-19,3.67
1964-09-20,3.83
1964-09-21,4.33
1964-09-22,4.58
1964-09-23,5.48
1964-09-24,6.16
1964-09-25,5.3
1964-09-26,5.23
1964-09-27,4.91
1964-09-28,4.21
1964-09-29,3.82
1964-09-30,4.1
1964-10-01,5.37
1964-10-02,5.81
1964-10-03,6.97
1964-10-04,6.1
1964-10-05,5.38
1964-10-06,5.32
1964-10-07,5.31
1964-10-08,5.22
1964-10-09,7.16
1964-10-10,8.13
1964-10-11,7.18
1964-10-12,6.37
1964-10-13,6.01
1964-10-14,6.41
1964-10-15,6.21
1964-10-16,5.94
1964-10-17,5.78
1964-10-18,5.41
1964-10-19,5.23
1964-10-20,5.21
1964-10-21,5.25
1964-10-22,5.57
1964-10-23,5.81
1964-10-24,5.96
1964-10-25,6.57
1964-10-26,6.2
1964-10-27,6.34
1964-10-28,6.97
1964-10-29,6.49
1964-10-30,7.05
1964-10-31,7.39
1964-11-01,8.16
1964-11-02,9.02
1964-11-03,9.58
1964-11-04,9.39
1964-11-05,8.71
1964-11-06,9.29
1964-11-07,8.5
1964-11-08,8.12
1964-11-09,8.35
1964-11-10,7.39
1964-11-11,7.71
1964-11-12,8.27
1964-11-13,8.1
1964-11-14,7.09
1964-11-15,7.39
1964-11-16,7.19
1964-11-17,7.05
1964-11-18,7.93
1964-11-19,9.85
1964-11-20,9.42
1964-11-21,8.58
1964-11-22,8.65
1964-11-23,7.97
1964-11-24,7.17
1964-11-25,7.05
1964-11-26,7.71
1964-11-27,7.29
1964-11-28,7.09
1964-11-29,6.95
1964-11-30,7.75
1964-12-01,6.53
1964-12-02,6.67
1964-12-03,7.15
1964-12-04,6.63
1964-12-05,6.51
1964-12-06,6.45
1964-12-07,6.15
1964-12-08,6.03
1964-12-09,6.3
1964-12-10,6.15
1964-12-11,6.12
1964-12-12,6.99
1964-12-13,7.23
1964-12-14,7.26
1964-12-15,7.37
1964-12-16,7.19
1964-12-17,6.85
1964-12-18,6.19
1964-12-19,6.25
1964-12-20,6.49
1964-12-21,6.53
1964-12-22,6.25
1964-12-23,6.79
1964-12-24,6.73
1964-12-25,7.31
1964-12-26,8.15
1964-12-27,7.68
1964-12-28,7.31
1964-12-29,6.31
1964-12-30,5.48
1964-12-31,5.31
1965-01-01,5.34
1965-01-02,5.45
1965-01-03,6.44
1965-01-04,5.8
1965-01-05,6.76
1965-01-06,7.0
1965-01-07,7.59
1965-01-08,6.83
1965-01-09,6.53
1965-01-10,6.29
1965-01-11,5.91
1965-01-12,5.74
1965-01-13,5.59
1965-01-14,6.04
1965-01-15,7.05
1965-01-16,7.23
1965-01-17,7.39
1965-01-18,6.55
1965-01-19,5.96
1965-01-20,6.0
1965-01-21,6.69
1965-01-22,6.95
1965-01-23,7.31
1965-01-24,7.23
1965-01-25,6.35
1965-01-26,6.33
1965-01-27,6.31
1965-01-28,5.99
1965-01-29,5.64
1965-01-30,5.78
1965-01-31,6.71
1965-02-01,7.11
1965-02-02,6.95
1965-02-03,7.43
1965-02-04,7.49
1965-02-05,6.85
1965-02-06,6.69
1965-02-07,6.81
1965-02-08,7.52
1965-02-09,8.6
1965-02-10,9.22
1965-02-11,8.36
1965-02-12,7.09
1965-02-13,7.59
1965-02-14,8.3
1965-02-15,8.29
1965-02-16,7.34
1965-02-17,6.65
1965-02-18,7.9
1965-02-19,9.45
1965-02-20,9.07
1965-02-21,10.4
1965-02-22,9.72
1965-02-23,9.58
1965-02-24,8.97
1965-02-25,8.65
1965-02-26,8.73
1965-02-27,9.37
1965-02-28,9.0
1965-03-01,8.68
1965-03-02,10.01
1965-03-03,10.07
1965-03-04,12.88
1965-03-05,12.22
1965-03-06,11.48
1965-03-07,12.13
1965-03-08,13.9
1965-03-09,13.2
1965-03-10,13.58
1965-03-11,12.99
1965-03-12,13.92
1965-03-13,12.4
1965-03-14,11.39
1965-03-15,10.81
1965-03-16,10.09
1965-03-17,11.37
1965-03-18,10.9
1965-03-19,11.49
1965-03-20,10.71
1965-03-21,9.62
1965-03-22,9.22
1965-03-23,8.34
1965-03-24,9.12
1965-03-25,9.41
1965-03-26,11.51
1965-03-27,11.38
1965-03-28,11.37
1965-03-29,10.62
1965-03-30,9.74
1965-03-31,9.16
1965-04-01,10.73
1965-04-02,8.75
1965-04-03,8.8
1965-04-04,9.23
1965-04-05,10.25
1965-04-06,9.61
1965-04-07,9.45
1965-04-08,9.31
1965-04-09,8.63
1965-04-10,8.16
1965-04-11,8.36
1965-04-12,10.42
1965-04-13,10.62
1965-04-14,9.48
1965-04-15,8.63
1965-04-16,8.24
1965-04-17,8.09
1965-04-18,8.04
1965-04-19,7.27
1965-04-20,6.99
1965-04-21,7.05
1965-04-22,6.91
1965-04-23,6.61
1965-04-24,5.54
1965-04-25,6.07
1965-04-26,6.06
1965-04-27,5.71
1965-04-28,6.09
1965-04-29,5.74
1965-04-30,7.58
1965-05-01,8.51
1965-05-02,7.17
1965-05-03,6.77
1965-05-04,6.35
1965-05-05,5.95
1965-05-06,5.8
1965-05-07,6.09
1965-05-08,6.45
1965-05-09,6.17
1965-05-10,6.09
1965-05-11,6.17
1965-05-12,6.41
1965-05-13,6.57
1965-05-14,6.13
1965-05-15,6.01
1965-05-16,5.42
1965-05-17,5.06
1965-05-18,5.16
1965-05-19,5.13
1965-05-20,5.41
1965-05-21,5.17
1965-05-22,5.09
1965-05-23,4.9
1965-05-24,4.71
1965-05-25,4.99
1965-05-26,4.75
1965-05-27,4.41
1965-05-28,4.48
1965-05-29,4.61
1965-05-30,4.24
1965-05-31,3.94
1965-06-01,4.07
1965-06-02,3.88
1965-06-03,3.91
1965-06-04,3.68
1965-06-05,4.0
1965-06-06,4.33
1965-06-07,4.26
1965-06-08,3.98
1965-06-09,3.57
1965-06-10,3.67
1965-06-11,3.73
1965-06-12,3.7
1965-06-13,3.63
1965-06-14,3.57
1965-06-15,3.58
1965-06-16,3.69
1965-06-17,3.57
1965-06-18,3.72
1965-06-19,3.38
1965-06-20,3.91
1965-06-21,4.04
1965-06-22,3.79
1965-06-23,3.98
1965-06-24,3.85
1965-06-25,3.4
1965-06-26,2.85
1965-06-27,2.59
1965-06-28,2.52
1965-06-29,2.26
1965-06-30,2.37
1965-07-01,3.11
1965-07-02,2.84
1965-07-03,2.67
1965-07-04,2.62
1965-07-05,2.26
1965-07-06,2.41
1965-07-07,2.44
1965-07-08,2.58
1965-07-09,2.27
1965-07-10,2.72
1965-07-11,3.35
1965-07-12,2.95
1965-07-13,2.34
1965-07-14,2.12
1965-07-15,2.17
1965-07-16,2.29
1965-07-17,2.68
1965-07-18,3.5
1965-07-19,3.77
1965-07-20,3.72
1965-07-21,3.27
1965-07-22,2.74
1965-07-23,2.66
1965-07-24,2.4
1965-07-25,2.45
1965-07-26,2.44
1965-07-27,2.66
1965-07-28,3.11
1965-07-29,3.24
1965-07-30,3.05
1965-07-31,2.91
1965-08-01,3.19
1965-08-02,3.16
1965-08-03,3.59
1965-08-04,3.43
1965-08-05,2.98
1965-08-06,3.27
1965-08-07,3.41
1965-08-08,2.97
1965-08-09,3.15
1965-08-10,2.78
1965-08-11,3.18
1965-08-12,3.25
1965-08-13,3.22
1965-08-14,3.42
1965-08-15,3.58
1965-08-16,3.82
1965-08-17,4.34
1965-08-18,4.63
1965-08-19,4.62
1965-08-20,5.22
1965-08-21,4.28
1965-08-22,3.7
1965-08-23,3.98
1965-08-24,3.37
1965-08-25,2.96
1965-08-26,2.59
1965-08-27,2.38
1965-08-28,1.96
1965-08-29,1.74
1965-08-30,1.76
1965-08-31,1.84
1965-09-01,2.0
1965-09-02,2.18
1965-09-03,2.63
1965-09-04,3.93
1965-09-05,4.82
1965-09-06,5.4
1965-09-07,4.39
1965-09-08,4.5
1965-09-09,4.56
1965-09-10,3.9
1965-09-11,3.37
1965-09-12,3.57
1965-09-13,4.45
1965-09-14,4.35
1965-09-15,3.82
1965-09-16,3.26
1965-09-17,3.08
1965-09-18,3.51
1965-09-19,4.07
1965-09-20,3.89
1965-09-21,3.8
1965-09-22,3.43
1965-09-23,4.28
1965-09-24,5.5
1965-09-25,5.19
1965-09-26,5.59
1965-09-27,5.71
1965-09-28,7.33
1965-09-29,6.2
1965-09-30,5.8
1965-10-01,6.21
1965-10-02,6.21
1965-10-03,5.56
1965-10-04,5.42
1965-10-05,5.58
1965-10-06,4.71
1965-10-07,4.63
1965-10-08,5.13
1965-10-09,5.02
1965-10-10,4.81
1965-10-11,4.57
1965-10-12,4.85
1965-10-13,5.15
1965-10-14,5.37
1965-10-15,5.97
1965-10-16,7.25
1965-10-17,6.91
1965-10-18,7.21
1965-10-19,6.83
1965-10-20,6.93
1965-10-21,6.63
1965-10-22,6.51
1965-10-23,7.29
1965-10-24,6.77
1965-10-25,7.29
1965-10-26,7.09
1965-10-27,7.19
1965-10-28,6.51
1965-10-29,6.24
1965-10-30,6.52
1965-10-31,6.81
1965-11-01,6.37
1965-11-02,3.47
1965-11-03,6.65
1965-11-04,6.83
1965-11-05,6.43
1965-11-06,6.32
1965-11-07,5.68
1965-11-08,6.51
1965-11-09,6.53
1965-11-10,6.61
1965-11-11,7.11
1965-11-12,6.28
1965-11-13,6.53
1965-11-14,6.89
1965-11-15,8.28
1965-11-16,9.43
1965-11-17,9.51
1965-11-18,9.14
1965-11-19,8.4
1965-11-20,8.03
1965-11-21,7.41
1965-11-22,7.09
1965-11-23,6.13
1965-11-24,7.21
1965-11-25,7.13
1965-11-26,7.13
1965-11-27,6.65
1965-11-28,6.51
1965-11-29,6.67
1965-11-30,7.56
1965-12-01,6.13
1965-12-02,6.4
1965-12-03,6.78
1965-12-04,7.56
1965-12-05,8.08
1965-12-06,9.84
1965-12-07,8.38
1965-12-08,7.86
1965-12-09,7.52
1965-12-10,7.53
1965-12-11,7.45
1965-12-12,7.59
1965-12-13,7.93
1965-12-14,8.65
1965-12-15,8.97
1965-12-16,9.9
1965-12-17,9.18
1965-12-18,9.73
1965-12-19,9.28
1965-12-20,9.51
1965-12-21,9.87
1965-12-22,9.03
1965-12-23,10.25
1965-12-24,9.53
1965-12-25,9.33
1965-12-26,8.64
1965-12-27,9.17
1965-12-28,9.73
1965-12-29,10.73
1965-12-30,10.73
1965-12-31,11.17
1966-01-01,11.7
1966-01-02,12.93
1966-01-03,12.35
1966-01-04,11.27
1966-01-05,10.51
1966-01-06,9.88
1966-01-07,9.24
1966-01-08,9.29
1966-01-09,9.16
1966-01-10,10.0
1966-01-11,9.73
1966-01-12,10.22
1966-01-13,9.7
1966-01-14,9.52
1966-01-15,8.78
1966-01-16,8.3
1966-01-17,7.6
1966-01-18,7.43
1966-01-19,7.53
1966-01-20,7.76
1966-01-21,8.88
1966-01-22,10.05
1966-01-23,9.55
1966-01-24,8.95
1966-01-25,9.25
1966-01-26,8.63
1966-01-27,8.33
1966-01-28,9.45
1966-01-29,9.99
1966-01-30,10.2
1966-01-31,9.67
1966-02-01,9.35
1966-02-02,9.7
1966-02-03,11.41
1966-02-04,12.78
1966-02-05,12.31
1966-02-06,11.7
1966-02-07,10.22
1966-02-08,9.68
1966-02-09,9.55
1966-02-10,9.61
1966-02-11,10.02
1966-02-12,10.16
1966-02-13,11.44
1966-02-14,11.59
1966-02-15,10.78
1966-02-16,11.63
1966-02-17,11.53
1966-02-18,10.22
1966-02-19,9.77
1966-02-20,10.33
1966-02-21,11.02
1966-02-22,10.7
1966-02-23,11.41
1966-02-24,9.37
1966-02-25,9.14
1966-02-26,8.56
1966-02-27,8.83
1966-02-28,8.95
1966-03-01,10.62
1966-03-02,10.64
1966-03-03,10.92
1966-03-04,10.33
1966-03-05,9.95
1966-03-06,9.91
1966-03-07,9.8
1966-03-08,9.88
1966-03-09,9.56
1966-03-10,9.57
1966-03-11,9.23
1966-03-12,9.73
1966-03-13,9.39
1966-03-14,8.63
1966-03-15,8.01
1966-03-16,7.81
1966-03-17,7.49
1966-03-18,7.43
1966-03-19,8.71
1966-03-20,8.4
1966-03-21,8.84
1966-03-22,9.32
1966-03-23,8.87
1966-03-24,8.69
1966-03-25,9.78
1966-03-26,8.34
1966-03-27,8.07
1966-03-28,7.95
1966-03-29,7.59
1966-03-30,7.43
1966-03-31,6.97
1966-04-01,7.14
1966-04-02,9.16
1966-04-03,9.68
1966-04-04,9.63
1966-04-05,8.71
1966-04-06,8.8
1966-04-07,8.5
1966-04-08,8.92
1966-04-09,8.29
1966-04-10,8.63
1966-04-11,8.25
1966-04-12,8.63
1966-04-13,8.44
1966-04-14,8.63
1966-04-15,8.27
1966-04-16,8.36
1966-04-17,8.09
1966-04-18,7.4
1966-04-19,6.73
1966-04-20,6.71
1966-04-21,6.35
1966-04-22,6.53
1966-04-23,6.55
1966-04-24,6.4
1966-04-25,7.21
1966-04-26,6.33
1966-04-27,5.78
1966-04-28,6.71
1966-04-29,7.17
1966-04-30,7.34
1966-05-01,9.16
1966-05-02,8.15
1966-05-03,8.02
1966-05-04,8.66
1966-05-05,8.16
1966-05-06,7.59
1966-05-07,7.59
1966-05-08,7.75
1966-05-09,7.43
1966-05-10,7.27
1966-05-11,7.25
1966-05-12,7.25
1966-05-13,7.33
1966-05-14,7.21
1966-05-15,7.09
1966-05-16,7.25
1966-05-17,8.11
1966-05-18,7.47
1966-05-19,7.25
1966-05-20,6.89
1966-05-21,6.61
1966-05-22,6.67
1966-05-23,6.85
1966-05-24,6.93
1966-05-25,6.97
1966-05-26,6.97
1966-05-27,6.51
1966-05-28,6.4
1966-05-29,6.23
1966-05-30,6.08
1966-05-31,6.09
1966-06-01,5.84
1966-06-02,5.59
1966-06-03,5.29
1966-06-04,5.33
1966-06-05,5.66
1966-06-06,5.94
1966-06-07,6.33
1966-06-08,6.41
1966-06-09,6.37
1966-06-10,6.14
1966-06-11,6.07
1966-06-12,6.17
1966-06-13,5.71
1966-06-14,6.36
1966-06-15,6.09
1966-06-16,6.34
1966-06-17,6.14
1966-06-18,6.0
1966-06-19,5.83
1966-06-20,5.81
1966-06-21,5.73
1966-06-22,6.06
1966-06-23,6.57
1966-06-24,6.33
1966-06-25,5.67
1966-06-26,5.7
1966-06-27,5.58
1966-06-28,6.01
1966-06-29,6.47
1966-06-30,6.62
1966-07-01,2.37
1966-07-02,2.31
1966-07-03,2.49
1966-07-04,2.55
1966-07-05,2.53
1966-07-06,2.57
1966-07-07,2.56
1966-07-08,2.55
1966-07-09,2.52
1966-07-10,2.4
1966-07-11,2.4
1966-07-12,2.5
1966-07-13,2.59
1966-07-14,2.72
1966-07-15,2.75
1966-07-16,2.68
1966-07-17,2.66
1966-07-18,2.49
1966-07-19,2.41
1966-07-20,2.44
1966-07-21,2.58
1966-07-22,2.74
1966-07-23,2.86
1966-07-24,2.91
1966-07-25,2.89
1966-07-26,2.37
1966-07-27,2.15
1966-07-28,2.25
1966-07-29,2.46
1966-07-30,2.52
1966-07-31,2.61
1966-08-01,4.95
1966-08-02,4.81
1966-08-03,4.54
1966-08-04,4.44
1966-08-05,4.7
1966-08-06,5.05
1966-08-07,5.53
1966-08-08,5.04
1966-08-09,5.31
1966-08-10,5.56
1966-08-11,5.6
1966-08-12,5.56
1966-08-13,5.46
1966-08-14,4.76
1966-08-15,4.92
1966-08-16,5.96
1966-08-17,5.63
1966-08-18,6.15
1966-08-19,5.78
1966-08-20,6.14
1966-08-21,6.04
1966-08-22,5.31
1966-08-23,5.92
1966-08-24,6.37
1966-08-25,6.14
1966-08-26,6.4
1966-08-27,6.78
1966-08-28,6.89
1966-08-29,6.45
1966-08-30,7.1
1966-08-31,7.45
1966-09-01,8.02
1966-09-02,8.66
1966-09-03,8.49
1966-09-04,8.14
1966-09-05,7.78
1966-09-06,8.51
1966-09-07,8.66
1966-09-08,8.15
1966-09-09,6.65
1966-09-10,6.14
1966-09-11,6.3
1966-09-12,5.9
1966-09-13,5.67
1966-09-14,5.16
1966-09-15,5.27
1966-09-16,5.15
1966-09-17,5.48
1966-09-18,5.29
1966-09-19,5.1
1966-09-20,5.51
1966-09-21,6.04
1966-09-22,6.22
1966-09-23,5.61
1966-09-24,5.09
1966-09-25,5.34
1966-09-26,5.51
1966-09-27,5.94
1966-09-28,6.21
1966-09-29,6.65
1966-09-30,6.5
1966-10-01,6.03
1966-10-02,5.04
1966-10-03,5.21
1966-10-04,5.82
1966-10-05,5.67
1966-10-06,5.56
1966-10-07,5.94
1966-10-08,6.03
1966-10-09,7.58
1966-10-10,7.37
1966-10-11,6.93
1966-10-12,7.04
1966-10-13,8.35
1966-10-14,8.75
1966-10-15,7.13
1966-10-16,6.09
1966-10-17,5.55
1966-10-18,5.86
1966-10-19,6.63
1966-10-20,7.85
1966-10-21,8.12
1966-10-22,7.79
1966-10-23,7.39
1966-10-24,8.95
1966-10-25,9.86
1966-10-26,9.05
1966-10-27,8.01
1966-10-28,7.06
1966-10-29,7.07
1966-10-30,6.67
1966-10-31,7.07
1966-11-01,7.07
1966-11-02,7.28
1966-11-03,7.76
1966-11-04,7.75
1966-11-05,8.22
1966-11-06,9.6
1966-11-07,8.36
1966-11-08,8.51
1966-11-09,8.68
1966-11-10,8.71
1966-11-11,10.81
1966-11-12,8.47
1966-11-13,8.25
1966-11-14,7.94
1966-11-15,7.61
1966-11-16,7.76
1966-11-17,7.28
1966-11-18,7.11
1966-11-19,7.19
1966-11-20,7.88
1966-11-21,8.49
1966-11-22,8.06
1966-11-23,7.23
1966-11-24,7.49
1966-11-25,7.05
1966-11-26,6.89
1966-11-27,9.9
1966-11-28,10.25
1966-11-29,9.18
1966-11-30,8.66
1966-12-01,8.56
1966-12-02,8.68
1966-12-03,8.19
1966-12-04,8.66
1966-12-05,7.94
1966-12-06,8.63
1966-12-07,10.02
1966-12-08,9.39
1966-12-09,8.95
1966-12-10,9.65
1966-12-11,10.19
1966-12-12,9.52
1966-12-13,8.78
1966-12-14,8.59
1966-12-15,8.58
1966-12-16,8.15
1966-12-17,7.41
1966-12-18,6.95
1966-12-19,6.97
1966-12-20,7.17
1966-12-21,7.33
1966-12-22,6.83
1966-12-23,6.85
1966-12-24,6.35
1966-12-25,6.41
1966-12-26,6.61
1966-12-27,6.51
1966-12-28,7.01
1966-12-29,6.99
1966-12-30,6.57
1966-12-31,6.55
1967-01-01,6.21
1967-01-02,6.07
1967-01-03,6.51
1967-01-04,6.15
1967-01-05,6.37
1967-01-06,6.77
1967-01-07,6.45
1967-01-08,6.53
1967-01-09,6.35
1967-01-10,6.79
1967-01-11,7.66
1967-01-12,7.92
1967-01-13,8.06
1967-01-14,7.47
1967-01-15,7.03
1967-01-16,7.27
1967-01-17,8.24
1967-01-18,8.44
1967-01-19,9.78
1967-01-20,10.58
1967-01-21,10.46
1967-01-22,10.46
1967-01-23,10.51
1967-01-24,10.14
1967-01-25,10.62
1967-01-26,10.38
1967-01-27,9.8
1967-01-28,9.02
1967-01-29,9.37
1967-01-30,9.87
1967-01-31,9.77
1967-02-01,10.46
1967-02-02,12.01
1967-02-03,11.0
1967-02-04,11.56
1967-02-05,11.76
1967-02-06,10.46
1967-02-07,10.46
1967-02-08,12.53
1967-02-09,12.12
1967-02-10,11.58
1967-02-11,11.17
1967-02-12,10.78
1967-02-13,11.12
1967-02-14,13.2
1967-02-15,12.47
1967-02-16,12.96
1967-02-17,13.75
1967-02-18,14.27
1967-02-19,14.07
1967-02-20,13.64
1967-02-21,15.54
1967-02-22,14.4
1967-02-23,13.17
1967-02-24,13.72
1967-02-25,13.99
1967-02-26,13.29
1967-02-27,11.95
1967-02-28,11.78
1967-03-01,11.16
1967-03-02,11.06
1967-03-03,11.17
1967-03-04,10.25
1967-03-05,10.51
1967-03-06,10.21
1967-03-07,11.02
1967-03-08,11.39
1967-03-09,10.87
1967-03-10,10.19
1967-03-11,10.76
1967-03-12,10.92
1967-03-13,12.95
1967-03-14,13.82
1967-03-15,15.02
1967-03-16,14.73
1967-03-17,14.35
1967-03-18,14.9
1967-03-19,14.57
1967-03-20,12.62
1967-03-21,11.56
1967-03-22,10.52
1967-03-23,9.54
1967-03-24,8.97
1967-03-25,8.56
1967-03-26,8.61
1967-03-27,8.3
1967-03-28,8.45
1967-03-29,8.29
1967-03-30,7.85
1967-03-31,7.61
1967-04-01,7.27
1967-04-02,7.57
1967-04-03,7.09
1967-04-04,6.97
1967-04-05,6.7
1967-04-06,6.07
1967-04-07,5.59
1967-04-08,5.65
1967-04-09,5.73
1967-04-10,5.73
1967-04-11,5.71
1967-04-12,5.42
1967-04-13,5.45
1967-04-14,5.42
1967-04-15,5.39
1967-04-16,5.32
1967-04-17,5.49
1967-04-18,5.55
1967-04-19,5.65
1967-04-20,6.03
1967-04-21,6.02
1967-04-22,7.21
1967-04-23,6.05
1967-04-24,5.66
1967-04-25,5.79
1967-04-26,5.41
1967-04-27,5.16
1967-04-28,5.0
1967-04-29,4.99
1967-04-30,4.74
1967-05-01,4.46
1967-05-02,4.35
1967-05-03,4.28
1967-05-04,4.27
1967-05-05,4.37
1967-05-06,4.4
1967-05-07,4.37
1967-05-08,4.19
1967-05-09,4.29
1967-05-10,4.19
1967-05-11,4.16
1967-05-12,4.23
1967-05-13,4.42
1967-05-14,4.32
1967-05-15,4.32
1967-05-16,4.22
1967-05-17,4.5
1967-05-18,4.73
1967-05-19,4.27
1967-05-20,4.27
1967-05-21,4.16
1967-05-22,4.16
1967-05-23,4.24
1967-05-24,4.06
1967-05-25,3.96
1967-05-26,3.94
1967-05-27,3.88
1967-05-28,3.64
1967-05-29,3.36
1967-05-30,3.06
1967-05-31,3.29
1967-06-01,3.03
1967-06-02,2.91
1967-06-03,3.28
1967-06-04,3.28
1967-06-05,3.2
1967-06-06,3.28
1967-06-07,3.42
1967-06-08,3.59
1967-06-09,2.98
1967-06-10,3.35
1967-06-11,3.55
1967-06-12,3.78
1967-06-13,3.71
1967-06-14,3.84
1967-06-15,3.19
1967-06-16,3.06
1967-06-17,3.0
1967-06-18,3.08
1967-06-19,3.05
1967-06-20,2.91
1967-06-21,2.67
1967-06-22,2.73
1967-06-23,2.78
1967-06-24,2.52
1967-06-25,2.44
1967-06-26,2.35
1967-06-27,2.46
1967-06-28,2.56
1967-06-29,2.73
1967-06-30,2.74
1967-07-01,2.74
1967-07-02,2.63
1967-07-03,2.55
1967-07-04,2.27
1967-07-05,2.18
1967-07-06,1.94
1967-07-07,1.86
1967-07-08,1.87
1967-07-09,2.05
1967-07-10,2.33
1967-07-11,2.63
1967-07-12,2.79
1967-07-13,2.74
1967-07-14,2.76
1967-07-15,2.66
1967-07-16,2.45
1967-07-17,2.45
1967-07-18,2.59
1967-07-19,2.5
1967-07-20,2.56
1967-07-21,2.56
1967-07-22,2.53
1967-07-23,2.23
1967-07-24,2.02
1967-07-25,2.25
1967-07-26,1.98
1967-07-27,1.78
1967-07-28,1.92
1967-07-29,2.07
1967-07-30,2.1
1967-07-31,2.23
1967-08-01,2.42
1967-08-02,2.19
1967-08-03,2.12
1967-08-04,2.02
1967-08-05,2.0
1967-08-06,1.56
1967-08-07,1.67
1967-08-08,1.68
1967-08-09,1.37
1967-08-10,1.53
1967-08-11,1.67
1967-08-12,1.58
1967-08-13,1.66
1967-08-14,2.3
1967-08-15,2.57
1967-08-16,2.68
1967-08-17,2.68
1967-08-18,2.63
1967-08-19,2.85
1967-08-20,2.6
1967-08-21,2.25
1967-08-22,2.09
1967-08-23,2.09
1967-08-24,2.35
1967-08-25,2.38
1967-08-26,2.46
1967-08-27,2.46
1967-08-28,2.42
1967-08-29,2.48
1967-08-30,2.75
1967-08-31,3.0
1967-09-01,3.76
1967-09-02,3.86
1967-09-03,3.93
1967-09-04,3.49
1967-09-05,3.33
1967-09-06,3.75
1967-09-07,4.08
1967-09-08,4.04
1967-09-09,4.38
1967-09-10,5.47
1967-09-11,5.38
1967-09-12,5.53
1967-09-13,5.25
1967-09-14,5.1
1967-09-15,4.55
1967-09-16,3.67
1967-09-17,3.53
1967-09-18,3.41
1967-09-19,3.24
1967-09-20,3.37
1967-09-21,3.04
1967-09-22,2.95
1967-09-23,2.46
1967-09-24,2.63
1967-09-25,3.04
1967-09-26,3.46
1967-09-27,3.67
1967-09-28,3.98
1967-09-29,4.51
1967-09-30,3.89
1967-10-01,5.01
1967-10-02,4.69
1967-10-03,4.42
1967-10-04,4.86
1967-10-05,5.3
1967-10-06,5.74
1967-10-07,6.21
1967-10-08,5.38
1967-10-09,4.79
1967-10-10,5.94
1967-10-11,5.22
1967-10-12,7.64
1967-10-13,7.98
1967-10-14,8.88
1967-10-15,9.34
1967-10-16,7.98
1967-10-17,8.45
1967-10-18,7.24
1967-10-19,6.46
1967-10-20,7.1
1967-10-21,7.08
1967-10-22,6.85
1967-10-23,6.19
1967-10-24,6.6
1967-10-25,8.17
1967-10-26,8.26
1967-10-27,7.63
1967-10-28,7.12
1967-10-29,6.27
1967-10-30,6.03
1967-10-31,6.81
1967-11-01,7.34
1967-11-02,6.5
1967-11-03,6.82
1967-11-04,7.44
1967-11-05,7.85
1967-11-06,8.52
1967-11-07,8.68
1967-11-08,8.91
1967-11-09,8.66
1967-11-10,8.75
1967-11-11,8.94
1967-11-12,9.24
1967-11-13,8.84
1967-11-14,9.12
1967-11-15,8.52
1967-11-16,8.05
1967-11-17,8.22
1967-11-18,10.11
1967-11-19,12.51
1967-11-20,11.59
1967-11-21,10.77
1967-11-22,10.19
1967-11-23,9.83
1967-11-24,9.38
1967-11-25,9.38
1967-11-26,9.36
1967-11-27,8.4
1967-11-28,8.26
1967-11-29,8.07
1967-11-30,7.65
1967-12-01,7.93
1967-12-02,8.49
1967-12-03,8.35
1967-12-04,8.31
1967-12-05,8.07
1967-12-06,8.21
1967-12-07,8.35
1967-12-08,8.89
1967-12-09,8.87
1967-12-10,9.03
1967-12-11,8.68
1967-12-12,8.21
1967-12-13,8.35
1967-12-14,8.68
1967-12-15,8.96
1967-12-16,9.36
1967-12-17,9.88
1967-12-18,10.1
1967-12-19,10.25
1967-12-20,10.11
1967-12-21,9.31
1967-12-22,9.22
1967-12-23,9.61
1967-12-24,9.54
1967-12-25,9.59
1967-12-26,9.38
1967-12-27,9.34
1967-12-28,9.67
1967-12-29,9.06
1967-12-30,8.31
1967-12-31,8.38
1968-01-01,8.61
1968-01-02,8.96
1968-01-03,8.54
1968-01-04,7.89
1968-01-05,7.98
1968-01-06,7.96
1968-01-07,7.37
1968-01-08,7.1
1968-01-09,7.06
1968-01-10,7.87
1968-01-11,8.38
1968-01-12,8.97
1968-01-13,9.29
1968-01-14,10.84
1968-01-15,10.51
1968-01-16,10.22
1968-01-17,11.42
1968-01-18,10.72
1968-01-19,9.76
1968-01-20,9.43
1968-01-21,9.24
1968-01-22,10.49
1968-01-23,11.28
1968-01-24,10.89
1968-01-25,11.52
1968-01-26,12.15
1968-01-27,12.49
1968-01-28,11.86
1968-01-29,11.39
1968-01-30,10.41
1968-01-31,9.64
1968-02-01,9.03
1968-02-02,8.94
1968-02-03,9.48
1968-02-04,10.48
1968-02-05,10.24
1968-02-06,9.64
1968-02-07,9.29
1968-02-08,9.12
1968-02-09,8.77
1968-02-10,8.77
1968-02-11,8.59
1968-02-12,8.47
1968-02-13,7.96
1968-02-14,7.98
1968-02-15,8.31
1968-02-16,8.63
1968-02-17,8.63
1968-02-18,8.4
1968-02-19,8.49
1968-02-20,8.87
1968-02-21,8.7
1968-02-22,8.56
1968-02-23,8.31
1968-02-24,7.93
1968-02-25,7.89
1968-02-26,7.63
1968-02-27,7.72
1968-02-28,7.84
1968-02-29,7.65
1968-03-01,8.26
1968-03-02,9.05
1968-03-03,9.24
1968-03-04,8.59
1968-03-05,8.52
1968-03-06,8.47
1968-03-07,9.71
1968-03-08,9.48
1968-03-09,9.9
1968-03-10,10.67
1968-03-11,13.04
1968-03-12,12.6
1968-03-13,11.49
1968-03-14,10.57
1968-03-15,9.9
1968-03-16,11.06
1968-03-17,12.27
1968-03-18,11.44
1968-03-19,10.19
1968-03-20,9.24
1968-03-21,8.7
1968-03-22,8.26
1968-03-23,8.12
1968-03-24,8.54
1968-03-25,8.45
1968-03-26,8.35
1968-03-27,8.12
1968-03-28,8.03
1968-03-29,8.03
1968-03-30,7.82
1968-03-31,7.58
1968-04-01,7.61
1968-04-02,7.1
1968-04-03,7.56
1968-04-04,7.89
1968-04-05,8.07
1968-04-06,7.33
1968-04-07,7.22
1968-04-08,8.0
1968-04-09,7.63
1968-04-10,7.44
1968-04-11,7.79
1968-04-12,7.65
1968-04-13,7.23
1968-04-14,6.83
1968-04-15,6.41
1968-04-16,6.26
1968-04-17,5.89
1968-04-18,5.56
1968-04-19,5.52
1968-04-20,5.43
1968-04-21,5.06
1968-04-22,5.24
1968-04-23,5.15
1968-04-24,5.05
1968-04-25,4.87
1968-04-26,5.01
1968-04-27,5.15
1968-04-28,5.19
1968-04-29,5.3
1968-04-30,5.42
1968-05-01,5.42
1968-05-02,4.78
1968-05-03,4.9
1968-05-04,5.08
1968-05-05,5.43
1968-05-06,5.59
1968-05-07,5.47
1968-05-08,5.61
1968-05-09,5.52
1968-05-10,4.92
1968-05-11,4.92
1968-05-12,4.62
1968-05-13,4.08
1968-05-14,3.89
1968-05-15,4.17
1968-05-16,3.84
1968-05-17,4.26
1968-05-18,4.35
1968-05-19,4.02
1968-05-20,3.52
1968-05-21,3.65
1968-05-22,3.84
1968-05-23,4.06
1968-05-24,4.04
1968-05-25,3.81
1968-05-26,3.72
1968-05-27,3.73
1968-05-28,3.63
1968-05-29,3.76
1968-05-30,3.86
1968-05-31,3.82
1968-06-01,3.84
1968-06-02,3.8
1968-06-03,3.77
1968-06-04,3.61
1968-06-05,3.46
1968-06-06,3.54
1968-06-07,3.94
1968-06-08,4.29
1968-06-09,3.87
1968-06-10,3.12
1968-06-11,2.82
1968-06-12,2.67
1968-06-13,2.87
1968-06-14,3.31
1968-06-15,3.39
1968-06-16,2.98
1968-06-17,3.04
1968-06-18,2.96
1968-06-19,3.27
1968-06-20,3.58
1968-06-21,3.86
1968-06-22,4.28
1968-06-23,4.1
1968-06-24,3.88
1968-06-25,3.84
1968-06-26,3.84
1968-06-27,4.24
1968-06-28,4.28
1968-06-29,4.51
1968-06-30,4.29
1968-07-01,4.29
1968-07-02,4.48
1968-07-03,3.85
1968-07-04,3.75
1968-07-05,3.3
1968-07-06,3.04
1968-07-07,2.96
1968-07-08,3.0
1968-07-09,3.02
1968-07-10,3.16
1968-07-11,3.0
1968-07-12,2.57
1968-07-13,2.89
1968-07-14,2.96
1968-07-15,2.85
1968-07-16,3.2
1968-07-17,3.33
1968-07-18,2.39
1968-07-19,2.73
1968-07-20,2.33
1968-07-21,2.44
1968-07-22,2.85
1968-07-23,2.78
1968-07-24,2.91
1968-07-25,3.5
1968-07-26,3.74
1968-07-27,4.02
1968-07-28,4.2
1968-07-29,3.84
1968-07-30,3.48
1968-07-31,2.73
1968-08-01,2.27
1968-08-02,2.17
1968-08-03,2.62
1968-08-04,3.2
1968-08-05,3.37
1968-08-06,3.88
1968-08-07,3.6
1968-08-08,3.18
1968-08-09,3.23
1968-08-10,3.56
1968-08-11,3.22
1968-08-12,3.12
1968-08-13,3.02
1968-08-14,2.81
1968-08-15,2.93
1968-08-16,2.76
1968-08-17,3.16
1968-08-18,3.04
1968-08-19,3.04
1968-08-20,2.75
1968-08-21,2.42
1968-08-22,2.2
1968-08-23,2.12
1968-08-24,2.12
1968-08-25,2.28
1968-08-26,2.79
1968-08-27,2.75
1968-08-28,3.25
1968-08-29,3.41
1968-08-30,3.97
1968-08-31,5.31
1968-09-01,3.54
1968-09-02,3.45
1968-09-03,3.93
1968-09-04,4.69
1968-09-05,3.78
1968-09-06,3.56
1968-09-07,4.01
1968-09-08,4.37
1968-09-09,4.37
1968-09-10,3.98
1968-09-11,3.71
1968-09-12,3.41
1968-09-13,3.49
1968-09-14,3.47
1968-09-15,3.86
1968-09-16,3.62
1968-09-17,3.53
1968-09-18,3.63
1968-09-19,4.14
1968-09-20,4.31
1968-09-21,4.14
1968-09-22,4.01
1968-09-23,3.79
1968-09-24,4.93
1968-09-25,5.49
1968-09-26,5.45
1968-09-27,5.13
1968-09-28,5.39
1968-09-29,5.68
1968-09-30,5.31
1968-10-01,4.24
1968-10-02,3.56
1968-10-03,4.13
1968-10-04,3.97
1968-10-05,4.56
1968-10-06,5.2
1968-10-07,4.97
1968-10-08,6.96
1968-10-09,6.41
1968-10-10,5.52
1968-10-11,4.51
1968-10-12,3.95
1968-10-13,6.1
1968-10-14,7.75
1968-10-15,8.08
1968-10-16,8.82
1968-10-17,7.82
1968-10-18,7.35
1968-10-19,6.61
1968-10-20,6.4
1968-10-21,6.0
1968-10-22,6.38
1968-10-23,6.29
1968-10-24,5.89
1968-10-25,5.79
1968-10-26,6.04
1968-10-27,6.14
1968-10-28,6.14
1968-10-29,6.16
1968-10-30,5.89
1968-10-31,7.26
1968-11-01,6.88
1968-11-02,6.34
1968-11-03,5.54
1968-11-04,6.18
1968-11-05,6.65
1968-11-06,6.81
1968-11-07,6.92
1968-11-08,6.56
1968-11-09,6.6
1968-11-10,7.1
1968-11-11,7.64
1968-11-12,7.29
1968-11-13,6.97
1968-11-14,6.48
1968-11-15,6.6
1968-11-16,6.75
1968-11-17,6.86
1968-11-18,7.01
1968-11-19,6.85
1968-11-20,6.73
1968-11-21,7.14
1968-11-22,7.1
1968-11-23,6.87
1968-11-24,7.1
1968-11-25,6.57
1968-11-26,5.82
1968-11-27,5.68
1968-11-28,5.91
1968-11-29,6.63
1968-11-30,6.68
1968-12-01,7.07
1968-12-02,6.64
1968-12-03,5.81
1968-12-04,5.45
1968-12-05,6.13
1968-12-06,5.78
1968-12-07,6.04
1968-12-08,6.29
1968-12-09,6.69
1968-12-10,6.57
1968-12-11,6.51
1968-12-12,7.07
1968-12-13,8.52
1968-12-14,11.45
1968-12-15,11.11
1968-12-16,10.02
1968-12-17,9.52
1968-12-18,9.5
1968-12-19,8.63
1968-12-20,8.73
1968-12-21,8.94
1968-12-22,8.8
1968-12-23,8.63
1968-12-24,8.49
1968-12-25,8.73
1968-12-26,8.68
1968-12-27,9.06
1968-12-28,9.77
1968-12-29,9.48
1968-12-30,9.53
1968-12-31,9.43
1969-01-01,9.81
1969-01-02,9.24
1969-01-03,8.63
1969-01-04,8.92
1969-01-05,9.31
1969-01-06,9.31
1969-01-07,9.43
1969-01-08,9.41
1969-01-09,9.12
1969-01-10,8.91
1969-01-11,9.57
1969-01-12,10.24
1969-01-13,11.3
1969-01-14,10.43
1969-01-15,10.29
1969-01-16,10.05
1969-01-17,11.35
1969-01-18,10.36
1969-01-19,9.62
1969-01-20,9.03
1969-01-21,8.77
1969-01-22,7.84
1969-01-23,7.08
1969-01-24,6.95
1969-01-25,7.22
1969-01-26,7.19
1969-01-27,7.65
1969-01-28,7.33
1969-01-29,7.23
1969-01-30,7.38
1969-01-31,7.08
1969-02-01,7.49
1969-02-02,7.65
1969-02-03,7.85
1969-02-04,8.14
1969-02-05,8.99
1969-02-06,8.89
1969-02-07,8.82
1969-02-08,9.02
1969-02-09,8.9
1969-02-10,8.78
1969-02-11,8.66
1969-02-12,8.71
1969-02-13,9.76
1969-02-14,9.36
1969-02-15,8.66
1969-02-16,8.19
1969-02-17,8.1
1969-02-18,8.26
1969-02-19,8.14
1969-02-20,8.17
1969-02-21,8.49
1969-02-22,8.54
1969-02-23,8.66
1969-02-24,8.99
1969-02-25,8.91
1969-02-26,8.63
1969-02-27,8.68
1969-02-28,9.17
1969-03-01,9.17
1969-03-02,9.6
1969-03-03,9.41
1969-03-04,8.82
1969-03-05,9.39
1969-03-06,10.39
1969-03-07,10.72
1969-03-08,10.87
1969-03-09,11.26
1969-03-10,11.52
1969-03-11,10.6
1969-03-12,9.81
1969-03-13,9.91
1969-03-14,9.96
1969-03-15,9.98
1969-03-16,10.47
1969-03-17,10.2
1969-03-18,10.2
1969-03-19,11.01
1969-03-20,11.88
1969-03-21,11.25
1969-03-22,10.63
1969-03-23,9.98
1969-03-24,9.64
1969-03-25,8.87
1969-03-26,10.62
1969-03-27,10.37
1969-03-28,9.62
1969-03-29,11.49
1969-03-30,10.6
1969-03-31,10.26
1969-04-01,10.09
1969-04-02,9.9
1969-04-03,9.73
1969-04-04,12.39
1969-04-05,12.9
1969-04-06,13.7
1969-04-07,13.14
1969-04-08,12.94
1969-04-09,12.58
1969-04-10,12.56
1969-04-11,13.47
1969-04-12,14.88
1969-04-13,13.96
1969-04-14,12.68
1969-04-15,12.83
1969-04-16,12.63
1969-04-17,11.83
1969-04-18,11.28
1969-04-19,10.88
1969-04-20,10.53
1969-04-21,10.48
1969-04-22,10.72
1969-04-23,10.07
1969-04-24,10.17
1969-04-25,10.6
1969-04-26,11.32
1969-04-27,11.4
1969-04-28,11.64
1969-04-29,11.81
1969-04-30,10.89
1969-05-01,10.5
1969-05-02,10.41
1969-05-03,10.74
1969-05-04,10.12
1969-05-05,10.26
1969-05-06,10.19
1969-05-07,10.24
1969-05-08,9.41
1969-05-09,9.41
1969-05-10,9.62
1969-05-11,9.9
1969-05-12,9.62
1969-05-13,9.81
1969-05-14,8.87
1969-05-15,7.79
1969-05-16,7.7
1969-05-17,7.75
1969-05-18,7.89
1969-05-19,8.01
1969-05-20,8.8
1969-05-21,9.34
1969-05-22,9.06
1969-05-23,8.12
1969-05-24,8.4
1969-05-25,8.54
1969-05-26,8.21
1969-05-27,7.89
1969-05-28,8.05
1969-05-29,8.21
1969-05-30,7.89
1969-05-31,7.59
1969-06-01,7.52
1969-06-02,7.37
1969-06-03,6.8
1969-06-04,6.1
1969-06-05,7.79
1969-06-06,7.58
1969-06-07,7.5
1969-06-08,7.96
1969-06-09,7.22
1969-06-10,7.48
1969-06-11,7.64
1969-06-12,7.17
1969-06-13,6.84
1969-06-14,7.36
1969-06-15,7.98
1969-06-16,7.3
1969-06-17,6.36
1969-06-18,6.88
1969-06-19,7.36
1969-06-20,7.27
1969-06-21,6.46
1969-06-22,6.67
1969-06-23,6.66
1969-06-24,6.45
1969-06-25,7.05
1969-06-26,7.19
1969-06-27,7.61
1969-06-28,7.42
1969-06-29,7.19
1969-06-30,6.76
1969-07-01,5.85
1969-07-02,5.71
1969-07-03,5.31
1969-07-04,5.01
1969-07-05,5.48
1969-07-06,5.9
1969-07-07,5.61
1969-07-08,5.33
1969-07-09,5.83
1969-07-10,5.32
1969-07-11,5.3
1969-07-12,5.38
1969-07-13,5.38
1969-07-14,6.09
1969-07-15,6.31
1969-07-16,6.36
1969-07-17,6.47
1969-07-18,6.49
1969-07-19,6.14
1969-07-20,5.91
1969-07-21,5.31
1969-07-22,4.93
1969-07-23,4.33
1969-07-24,4.13
1969-07-25,4.35
1969-07-26,4.79
1969-07-27,5.16
1969-07-28,5.57
1969-07-29,5.68
1969-07-30,5.67
1969-07-31,6.42
1969-08-01,6.41
1969-08-02,5.94
1969-08-03,6.21
1969-08-04,6.41
1969-08-05,6.44
1969-08-06,7.1
1969-08-07,6.95
1969-08-08,6.48
1969-08-09,6.64
1969-08-10,7.01
1969-08-11,6.39
1969-08-12,6.2
1969-08-13,6.6
1969-08-14,6.89
1969-08-15,5.63
1969-08-16,6.8
1969-08-17,5.87
1969-08-18,7.12
1969-08-19,8.34
1969-08-20,8.63
1969-08-21,8.49
1969-08-22,8.4
1969-08-23,7.79
1969-08-24,6.82
1969-08-25,5.87
1969-08-26,6.05
1969-08-27,5.48
1969-08-28,4.97
1969-08-29,5.06
1969-08-30,5.8
1969-08-31,5.19
1969-09-01,4.56
1969-09-02,5.77
1969-09-03,6.91
1969-09-04,6.76
1969-09-05,7.52
1969-09-06,7.98
1969-09-07,8.07
1969-09-08,7.61
1969-09-09,6.58
1969-09-10,6.92
1969-09-11,6.5
1969-09-12,6.12
1969-09-13,6.08
1969-09-14,5.68
1969-09-15,5.59
1969-09-16,6.37
1969-09-17,7.05
1969-09-18,5.8
1969-09-19,4.74
1969-09-20,5.36
1969-09-21,6.74
1969-09-22,6.12
1969-09-23,5.81
1969-09-24,6.45
1969-09-25,5.47
1969-09-26,5.93
1969-09-27,7.4
1969-09-28,7.81
1969-09-29,8.4
1969-09-30,9.34
1969-10-01,10.27
1969-10-02,9.32
1969-10-03,9.45
1969-10-04,10.63
1969-10-05,10.0
1969-10-06,9.08
1969-10-07,9.01
1969-10-08,9.41
1969-10-09,8.07
1969-10-10,7.47
1969-10-11,7.29
1969-10-12,8.07
1969-10-13,8.24
1969-10-14,7.85
1969-10-15,7.75
1969-10-16,8.49
1969-10-17,9.15
1969-10-18,8.92
1969-10-19,9.08
1969-10-20,8.84
1969-10-21,8.45
1969-10-22,8.52
1969-10-23,9.28
1969-10-24,10.29
1969-10-25,8.68
1969-10-26,8.77
1969-10-27,8.68
1969-10-28,8.63
1969-10-29,7.42
1969-10-30,7.61
1969-10-31,7.17
1969-11-01,9.37
1969-11-02,8.75
1969-11-03,7.51
1969-11-04,8.1
1969-11-05,8.63
1969-11-06,9.48
1969-11-07,9.44
1969-11-08,9.74
1969-11-09,9.15
1969-11-10,8.9
1969-11-11,9.19
1969-11-12,8.39
1969-11-13,9.6
1969-11-14,8.28
1969-11-15,8.58
1969-11-16,10.06
1969-11-17,11.08
1969-11-18,11.34
1969-11-19,10.41
1969-11-20,9.89
1969-11-21,9.87
1969-11-22,10.03
1969-11-23,11.63
1969-11-24,11.07
1969-11-25,12.36
1969-11-26,12.99
1969-11-27,13.04
1969-11-28,13.51
1969-11-29,12.44
1969-11-30,13.59
1969-12-01,13.439375
1969-12-02,13.28875
1970-01-01,8.77
1970-01-02,9.02
1970-01-03,8.74
1970-01-04,8.16
1970-01-05,8.28
1970-01-06,8.26
1970-01-07,8.85
1970-01-08,9.08
1970-01-09,9.25
1970-01-10,8.38
1970-01-11,8.72
1970-01-12,8.68
1970-01-13,9.27
1970-01-14,8.63
1970-01-15,10.43
1970-01-16,12.64
1970-01-17,11.92
1970-01-18,10.53
1970-01-19,9.9
1970-01-20,9.24
1970-01-21,10.8
1970-01-22,10.02
1970-01-23,14.17
1970-01-24,14.38
1970-01-25,13.85
1970-01-26,14.59
1970-01-27,14.52
1970-01-28,13.28
1970-01-29,13.04
1970-01-30,12.63
1970-01-31,12.34
1970-02-01,11.57
1970-02-02,11.56
1970-02-03,11.51
1970-02-04,11.79
1970-02-05,11.75
1970-02-06,12.04
1970-02-07,13.46
1970-02-08,14.32
1970-02-09,13.43
1970-02-10,12.63
1970-02-11,12.01
1970-02-12,11.56
1970-02-13,10.87
1970-02-14,10.49
1970-02-15,10.32
1970-02-16,10.29
1970-02-17,10.14
1970-02-18,10.25
1970-02-19,11.13
1970-02-20,12.41
1970-02-21,12.6
1970-02-22,11.8
1970-02-23,11.95
1970-02-24,12.15
1970-02-25,12.0
1970-02-26,12.61
1970-02-27,12.55
1970-02-28,12.68
1970-03-01,12.72
1970-03-02,12.52
1970-03-03,12.11
1970-03-04,12.0
1970-03-05,11.57
1970-03-06,11.3
1970-03-07,10.79
1970-03-08,11.59
1970-03-09,11.54
1970-03-10,11.6
1970-03-11,12.53
1970-03-12,12.06
1970-03-13,12.29
1970-03-14,13.93
1970-03-15,15.84
1970-03-16,14.46
1970-03-17,14.11
1970-03-18,13.51
1970-03-19,12.68
1970-03-20,12.39
1970-03-21,11.86
1970-03-22,11.86
1970-03-23,11.52
1970-03-24,11.18
1970-03-25,10.05
1970-03-26,10.29
1970-03-27,10.15
1970-03-28,10.32
1970-03-29,10.49
1970-03-30,10.67
1970-03-31,11.29
1970-04-01,11.92
1970-04-02,12.76
1970-04-03,15.53
1970-04-04,14.38
1970-04-05,14.16
1970-04-06,14.27
1970-04-07,14.46
1970-04-08,12.98
1970-04-09,12.25
1970-04-10,11.6
1970-04-11,11.94
1970-04-12,11.66
1970-04-13,11.92
1970-04-14,12.24
1970-04-15,11.76
1970-04-16,12.75
1970-04-17,12.34
1970-04-18,14.45
1970-04-19,13.46
1970-04-20,14.1
1970-04-21,12.65
1970-04-22,12.79
1970-04-23,12.89
1970-04-24,13.33
1970-04-25,12.58
1970-04-26,12.41
1970-04-27,11.51
1970-04-28,11.42
1970-04-29,13.25
1970-04-30,12.2
1970-05-01,11.84
1970-05-02,11.66
1970-05-03,11.22
1970-05-04,10.59
1970-05-05,11.02
1970-05-06,11.31
1970-05-07,11.03
1970-05-08,11.08
1970-05-09,11.3
1970-05-10,11.37
1970-05-11,11.27
1970-05-12,10.61
1970-05-13,10.3
1970-05-14,9.93
1970-05-15,10.71
1970-05-16,11.57
1970-05-17,11.2
1970-05-18,10.23
1970-05-19,10.0
1970-05-20,9.77
1970-05-21,9.55
1970-05-22,9.83
1970-05-23,9.17
1970-05-24,8.47
1970-05-25,8.28
1970-05-26,8.61
1970-05-27,8.61
1970-05-28,8.24
1970-05-29,8.17
1970-05-30,7.98
1970-05-31,7.5
1970-06-01,7.510416666666667
1970-06-02,7.520833333333333
1970-06-24,7.75
1970-06-25,8.54
1970-06-26,8.21
1970-06-27,6.55
1970-06-28,6.3
1970-06-29,5.7
1970-06-30,5.65
1970-07-01,5.2
1970-07-02,5.23
1970-07-03,5.3
1970-07-04,6.38
1970-07-05,7.55
1970-07-06,7.95
1970-07-07,8.05
1970-07-08,7.73
1970-07-09,7.23
1970-07-10,8.15
1970-07-11,6.3
1970-07-12,5.73
1970-07-13,5.68
1970-07-14,6.85
1970-07-15,7.12
1970-07-16,6.98
1970-07-17,7.33
1970-07-18,6.98
1970-07-19,6.35
1970-07-20,5.85
1970-07-21,6.38
1970-07-22,3.28
1970-07-23,5.75
1970-07-24,7.2
1970-07-25,7.05
1970-07-26,7.13
1970-07-27,6.98
1970-07-28,6.38
1970-07-29,6.0
1970-07-30,6.58
1970-07-31,5.71
1970-08-01,4.85
1970-08-02,4.39
1970-08-03,4.34
1970-08-04,4.95
1970-08-05,6.03
1970-08-06,6.83
1970-08-07,6.93
1970-08-08,7.08
1970-08-09,7.02
1970-08-10,6.96
1970-08-11,6.9
1970-08-12,6.83
1970-08-13,7.45
1970-08-14,7.7
1970-08-15,6.8
1970-08-16,5.4
1970-08-17,5.05
1970-08-18,5.4
1970-08-19,6.02
1970-08-20,6.64
1970-08-21,7.25
1970-08-22,7.58
1970-08-23,7.5
1970-08-24,7.25
1970-08-25,6.38
1970-08-26,5.83
1970-08-27,5.85
1970-08-28,6.4
1970-08-29,5.58
1970-08-30,6.03
1970-08-31,7.1
1970-09-01,5.9
1970-09-02,6.85
1970-09-03,6.85
1970-09-04,5.88
1970-09-05,4.85
1970-09-06,5.07
1970-09-07,5.4
1970-09-08,4.97
1970-09-09,3.9
1970-09-10,3.21
1970-09-11,3.54
1970-09-12,4.11
1970-09-13,3.91
1970-09-14,4.5
1970-09-15,4.85
1970-09-16,3.22
1970-09-17,3.2
1970-09-18,3.23
1970-09-19,3.6
1970-09-20,3.0
1970-09-21,2.77
1970-09-22,3.16
1970-09-23,2.37
1970-09-24,2.4
1970-09-25,2.21
1970-09-26,2.43
1970-09-27,2.71
1970-09-28,2.51
1970-09-29,4.11
1970-09-30,5.48
1970-10-01,4.31
1970-10-02,6.0
1970-10-03,7.3
1970-10-04,7.28
1970-10-05,6.28
1970-10-06,7.8
1970-10-07,8.32
1970-10-08,8.61
1970-10-09,6.6
1970-10-10,5.93
1970-10-11,5.63
1970-10-12,4.9
1970-10-13,4.95
1970-10-14,5.18
1970-10-15,6.61
1970-10-16,11.26
1970-10-17,12.57
1970-10-18,11.21
1970-10-19,8.96
1970-10-20,6.15
1970-10-21,6.0
1970-10-22,6.3
1970-10-23,8.36
1970-10-24,8.33
1970-10-25,7.38
1970-10-26,7.13
1970-10-27,7.31
1970-10-28,7.33
1970-10-29,7.11
1970-10-30,9.11
1970-10-31,9.11
1970-11-01,9.37
1970-11-02,10.46
1970-11-03,11.98
1970-11-04,11.08
1970-11-05,12.68
1970-11-06,12.79
1970-11-07,12.66
1970-11-08,13.28
1970-11-09,12.33
1970-11-10,13.06
1970-11-11,12.01
1970-11-12,16.64
1970-11-13,13.14
1970-11-14,12.01
1970-11-15,11.07
1970-11-16,10.96
1970-11-17,10.72
1970-11-18,10.4
1970-11-19,11.15
1970-11-20,10.08
1970-11-21,9.96
1970-11-22,10.0
1970-11-23,8.81
1970-11-24,7.9
1970-11-25,7.84
1970-11-26,11.24
1970-11-27,16.66
1970-11-28,16.65
1970-11-29,16.83
1970-11-30,16.62
1970-12-01,15.32
1970-12-02,14.85
1970-12-03,17.41
1970-12-04,16.13
1970-12-05,14.87
1970-12-06,14.95
1970-12-07,13.39
1970-12-08,16.11
1970-12-09,14.7
1970-12-10,14.42
1970-12-11,14.69
1970-12-12,14.2
1970-12-13,13.8
1970-12-14,13.42
1970-12-15,13.79
1970-12-16,10.98
1970-12-17,10.43
1970-12-18,10.9
1970-12-19,11.95
1970-12-20,11.41
1970-12-21,9.85
1970-12-22,9.94
1970-12-23,12.28
1970-12-24,12.71
1970-12-25,14.39
1970-12-26,13.77
1970-12-27,13.12
1970-12-28,12.9
1970-12-29,13.25
1970-12-30,13.62
1970-12-31,14.66
1971-01-01,14.94
1971-01-02,13.53
1971-01-03,13.82
1971-01-04,13.61
1971-01-05,14.16
1971-01-06,15.36
1971-01-07,17.82
1971-01-08,17.52
1971-01-09,17.1
1971-01-10,15.72
1971-01-11,14.72
1971-01-12,14.85
1971-01-13,14.24
1971-01-14,14.44
1971-01-15,15.54
1971-01-16,15.2
1971-01-17,16.7
1971-01-18,15.89
1971-01-19,13.36
1971-01-20,11.52
1971-01-21,11.23
1971-01-22,13.09
1971-01-23,13.96
1971-01-24,14.61
1971-01-25,13.42
1971-01-26,13.52
1971-01-27,13.25
1971-01-28,14.09
1971-01-29,14.93
1971-01-30,15.76
1971-01-31,16.7
1971-02-01,16.31
1971-02-02,15.26
1971-02-03,14.96
1971-02-04,15.53
1971-02-05,15.26
1971-02-06,14.81
1971-02-07,16.51
1971-02-08,18.16
1971-02-09,12.26
1971-02-10,17.09
1971-02-11,17.15
1971-02-12,16.37
1971-02-13,15.59
1971-02-14,14.82
1971-02-15,13.87
1971-02-16,14.19
1971-02-17,15.48
1971-02-18,15.73
1971-02-19,15.4
1971-02-20,19.01
1971-02-21,22.09
1971-02-22,27.63
1971-02-23,30.15
1971-02-24,26.94
1971-02-25,26.25
1971-02-26,28.92
1971-02-27,24.2
1971-02-28,23.84
1971-03-01,25.65
1971-03-02,28.16
1971-03-03,27.82
1971-03-04,29.35
1971-03-05,27.06
1971-03-06,26.32
1971-03-07,27.38
1971-03-08,27.32
1971-03-09,27.14
1971-03-10,26.69
1971-03-11,29.34
1971-03-12,32.01
1971-03-13,31.53
1971-03-14,31.74
1971-03-15,30.75
1971-03-16,34.43
1971-03-17,35.23
1971-03-18,34.97
1971-03-19,33.5
1971-03-20,33.07
1971-03-21,31.71
1971-03-22,31.59
1971-03-23,35.73
1971-03-24,34.93
1971-03-25,33.07
1971-03-26,32.93
1971-03-27,33.85
1971-03-28,33.63
1971-03-29,34.23
1971-03-30,32.34
1971-03-31,31.33
1971-04-01,24.54
1971-04-02,21.31
1971-04-03,17.42
1971-04-04,18.4
1971-04-05,17.97
1971-04-06,17.29
1971-04-07,16.57
1971-04-08,16.15
1971-04-09,15.87
1971-04-10,15.85
1971-04-11,15.94
1971-04-12,16.54
1971-04-13,17.22
1971-04-14,16.71
1971-04-15,17.55
1971-04-16,18.73
1971-04-17,18.3
1971-04-18,17.67
1971-04-19,16.93
1971-04-20,16.5
1971-04-21,16.74
1971-04-22,17.03
1971-04-23,16.78
1971-04-24,16.0
1971-04-25,16.59
1971-04-26,15.99
1971-04-27,15.62
1971-04-28,15.38
1971-04-29,15.3
1971-04-30,14.76
1971-05-01,10.39
1971-05-02,9.67
1971-05-03,9.79
1971-05-04,9.26
1971-05-05,9.37
1971-05-06,10.44
1971-05-07,9.83
1971-05-08,8.98
1971-05-09,8.76
1971-05-10,8.88
1971-05-11,8.55
1971-05-12,8.18
1971-05-13,7.86
1971-05-14,7.33
1971-05-15,7.08
1971-05-16,6.86
1971-05-17,6.79
1971-05-18,6.71
1971-05-19,6.92
1971-05-20,6.3
1971-05-21,5.83
1971-05-22,6.1
1971-05-23,5.98
1971-05-24,5.53
1971-05-25,5.2
1971-05-26,5.31
1971-05-27,4.78
1971-05-28,5.45
1971-05-29,5.23
1971-05-30,5.31
1971-05-31,5.09
1971-06-01,4.14
1971-06-02,4.2
1971-06-03,4.27
1971-06-04,4.42
1971-06-05,4.19
1971-06-06,4.1
1971-06-07,4.07
1971-06-08,4.01
1971-06-09,4.11
1971-06-10,4.19
1971-06-11,4.49
1971-06-12,4.27
1971-06-13,4.49
1971-06-14,4.7
1971-06-15,4.27
1971-06-16,4.04
1971-06-17,3.93
1971-06-18,3.91
1971-06-19,4.01
1971-06-20,3.91
1971-06-21,3.95
1971-06-22,4.04
1971-06-23,4.01
1971-06-24,3.99
1971-06-25,3.84
1971-06-26,3.84
1971-06-27,3.81
1971-06-28,3.97
1971-06-29,3.74
1971-06-30,3.67
1971-07-01,3.76
1971-07-02,3.81
1971-07-03,3.81
1971-07-04,3.81
1971-07-05,3.81
1971-07-06,3.78
1971-07-07,3.74
1971-07-08,3.65
1971-07-09,3.54
1971-07-10,3.61
1971-07-11,3.58
1971-07-12,3.55
1971-07-13,3.59
1971-07-14,3.59
1971-07-15,3.59
1971-07-16,3.65
1971-07-17,3.81
1971-07-18,3.94
1971-07-19,3.99
1971-07-20,4.05
1971-07-21,4.04
1971-07-22,3.85
1971-07-23,3.76
1971-07-24,3.75
1971-07-25,3.81
1971-07-26,3.78
1971-07-27,3.65
1971-07-28,3.55
1971-07-29,3.61
1971-07-30,3.58
1971-07-31,3.52
1971-08-01,3.5303125
1971-08-02,3.540625
1971-09-01,3.85
1971-09-02,3.59
1971-09-03,3.48
1971-09-04,3.81
1971-09-05,4.27
1971-09-06,4.51
1971-09-07,4.44
1971-09-08,3.93
1971-09-09,3.91
1971-09-10,3.71
1971-09-11,3.94
1971-09-12,4.07
1971-09-13,3.78
1971-09-14,3.69
1971-09-15,3.88
1971-09-16,3.94
1971-09-17,3.62
1971-09-18,3.65
1971-09-19,3.75
1971-09-20,3.81
1971-09-21,5.5
1971-09-22,5.16
1971-09-23,4.7
1971-09-24,4.97
1971-09-25,4.44
1971-09-26,4.3
1971-09-27,4.14
1971-09-28,4.58
1971-09-29,4.32
1971-09-30,4.32
1971-10-01,4.68
1971-10-02,4.65
1971-10-03,4.42
1971-10-04,4.63
1971-10-05,6.0
1971-10-06,5.93
1971-10-07,5.26
1971-10-08,5.42
1971-10-09,5.57
1971-10-10,5.14
1971-10-11,5.09
1971-10-12,5.47
1971-10-13,5.95
1971-10-14,5.78
1971-10-15,6.14
1971-10-16,5.95
1971-10-17,5.47
1971-10-18,5.69
1971-10-19,5.06
1971-10-20,5.02
1971-10-21,5.4
1971-10-22,6.0
1971-10-23,6.0
1971-10-24,6.0
1971-10-25,5.88
1971-10-26,5.88
1971-10-27,6.14
1971-10-28,6.31
1971-10-29,7.84
1971-10-30,6.76
1971-10-31,6.76
1971-11-01,6.55
1971-11-02,6.07
1971-11-03,6.24
1971-11-04,6.58
1971-11-05,6.24
1971-11-06,6.17
1971-11-07,6.0
1971-11-08,5.88
1971-11-09,5.74
1971-11-10,5.88
1971-11-11,5.98
1971-11-12,5.88
1971-11-13,5.52
1971-11-14,5.42
1971-11-15,5.09
1971-11-16,5.52
1971-11-17,5.74
1971-11-18,5.69
1971-11-19,5.86
1971-11-20,5.52
1971-11-21,4.99
1971-11-22,6.6
1971-11-23,5.86
1971-11-24,6.05
1971-11-25,6.12
1971-11-26,6.07
1971-11-27,6.19
1971-11-28,6.1
1971-11-29,5.78
1971-11-30,5.59
1971-12-01,6.98
1971-12-02,9.73
1971-12-03,8.54
1971-12-04,7.63
1971-12-05,6.92
1971-12-06,6.6
1971-12-07,6.38
1971-12-08,8.17
1971-12-09,9.19
1971-12-10,7.36
1971-12-11,7.2
1971-12-12,7.41
1971-12-13,7.41
1971-12-14,7.41
1971-12-15,6.6
1971-12-16,6.6
1971-12-17,6.87
1971-12-18,7.18
1971-12-19,8.45
1971-12-20,9.57
1971-12-21,8.9
1971-12-22,7.41
1971-12-23,8.22
1971-12-24,8.49
1971-12-25,8.31
1971-12-26,7.68
1971-12-27,7.14
1971-12-28,7.18
1971-12-29,6.6
1971-12-30,6.8
1971-12-31,6.8
1972-01-01,6.14
1972-01-02,6.83
1972-01-03,7.02
1972-01-04,7.0
1972-01-05,8.16
1972-01-06,9.3
1972-01-07,12.31
1972-01-08,12.323703703703703
1972-01-09,12.337407407407408
1972-03-01,13.05
1972-03-02,12.1
1972-03-03,11.35
1972-03-04,11.58
1972-03-05,12.75
1972-03-06,12.24
1972-03-07,12.48
1972-03-08,14.22
1972-03-09,15.15
1972-03-10,18.44
1972-03-11,19.31
1972-03-12,17.99
1972-03-13,16.88
1972-03-14,16.98
1972-03-15,20.41
1972-03-16,35.02
1972-03-17,32.34
1972-03-18,25.48
1972-03-19,21.44
1972-03-20,23.14
1972-03-21,25.04
1972-03-22,19.41
1972-03-23,18.81
1972-03-24,19.28
1972-03-25,19.7
1972-03-26,20.74
1972-03-27,13.68
1972-03-28,13.54
1972-03-29,15.86
1972-03-30,11.95
1972-03-31,10.21
1972-04-01,9.32
1972-04-02,8.88
1972-04-03,8.67
1972-04-04,8.99
1972-04-05,10.65
1972-04-06,8.89
1972-04-07,8.44
1972-04-08,8.06
1972-04-09,7.47
1972-04-10,6.21
1972-04-11,7.19
1972-04-12,6.86
1972-04-13,6.38
1972-04-14,6.3
1972-04-15,6.18
1972-04-16,6.07
1972-04-17,5.72
1972-04-18,5.84
1972-04-19,6.36
1972-04-20,5.45
1972-04-21,5.19
1972-04-22,5.4
1972-04-23,5.67
1972-04-24,5.51
1972-04-25,5.35
1972-04-26,5.71
1972-04-27,5.96
1972-04-28,5.84
1972-04-29,5.6
1972-04-30,5.39
1972-05-01,5.371111111111111
1972-05-02,5.352222222222222
1972-05-18,5.05
1972-05-19,5.05
1972-05-20,5.45
1972-05-21,5.88
1972-05-22,5.7
1972-05-23,6.75
1972-05-24,5.54
1972-05-25,4.08
1972-05-26,4.0
1972-05-27,4.03
1972-05-28,3.97
1972-05-29,3.83
1972-05-30,3.8
1972-05-31,3.8
1972-06-01,3.78
1972-06-02,3.76
1972-06-03,3.74
1972-06-04,3.73
1972-06-05,3.71
1972-06-06,3.67
1972-06-07,3.66
1972-06-08,3.66
1972-06-09,3.66
1972-06-10,3.63
1972-06-11,3.62
1972-06-12,3.69
1972-06-13,3.76
1972-06-14,3.84
1972-06-15,3.93
1972-06-16,3.86
1972-06-17,3.85
1972-06-18,3.77
1972-06-19,3.81
1972-06-20,3.78
1972-06-21,3.78
1972-06-22,3.73
1972-06-23,3.77
1972-06-24,3.7
1972-06-25,3.7
1972-06-26,3.71
1972-06-27,3.71
1972-06-28,3.64
1972-06-29,3.53
1972-06-30,3.51
1972-07-01,3.46
1972-07-02,3.42
1972-07-03,3.51
1972-07-04,3.56
1972-07-05,3.63
1972-07-06,3.64
1972-07-07,3.8
1972-07-08,3.86
1972-07-09,3.74
1972-07-10,3.8
1972-07-11,3.69
1972-07-12,3.59
1972-07-13,3.64
1972-07-14,3.6
1972-07-15,3.66
1972-07-16,3.6
1972-07-17,3.58
1972-07-18,3.56
1972-07-19,3.57
1972-07-20,3.63
1972-07-21,3.68
1972-07-22,3.66
1972-07-23,3.69
1972-07-24,3.59
1972-07-25,3.64
1972-07-26,3.77
1972-07-27,3.79
1972-07-28,3.87
1972-07-29,3.87
1972-07-30,3.78
1972-07-31,3.69
1972-08-01,3.72
1972-08-02,3.85
1972-08-03,3.79
1972-08-04,3.77
1972-08-05,3.74
1972-08-06,3.77
1972-08-07,3.69
1972-08-08,3.7
1972-08-09,3.58
1972-08-10,3.59
1972-08-11,3.58
1972-08-12,3.68
1972-08-13,3.72
1972-08-14,3.66
1972-08-15,3.69
1972-08-16,3.81
1972-08-17,3.82
1972-08-18,3.76
1972-08-19,3.84
1972-08-20,3.85
1972-08-21,3.88
1972-08-22,3.74
1972-08-23,3.78
1972-08-24,3.84
1972-08-25,3.88
1972-08-26,3.83
1972-08-27,3.8
1972-08-28,3.82
1972-08-29,3.88
1972-08-30,3.92
1972-08-31,4.01
1972-09-01,3.72
1972-09-02,3.82
1972-09-03,3.75
1972-09-04,3.32
1972-09-05,3.29
1972-09-06,3.41
1972-09-07,3.34
1972-09-08,3.23
1972-09-09,3.08
1972-09-10,3.16
1972-09-11,3.09
1972-09-12,3.24
1972-09-13,3.27
1972-09-14,3.52
1972-09-15,3.31
1972-09-16,3.39
1972-09-17,3.87
1972-09-18,4.52
1972-09-19,4.52
1972-09-20,4.22
1972-09-21,4.22
1972-09-22,4.13
1972-09-23,3.93
1972-09-24,3.54
1972-09-25,3.95
1972-09-26,4.31
1972-09-27,4.45
1972-09-28,4.36
1972-09-29,4.45
1972-09-30,4.29
1972-10-01,4.74
1972-10-02,5.72
1972-10-03,4.79
1972-10-04,4.82
1972-10-05,6.96
1972-10-06,6.92
1972-10-07,6.04
1972-10-08,4.97
1972-10-09,4.57
1972-10-10,4.87
1972-10-11,5.11
1972-10-12,5.19
1972-10-13,5.08
1972-10-14,4.85
1972-10-15,4.95
1972-10-16,4.84
1972-10-17,5.56
1972-10-18,4.59
1972-10-19,4.66
1972-10-20,4.54
1972-10-21,4.39
1972-10-22,4.85
1972-10-23,4.81
1972-10-24,4.3
1972-10-25,4.2
1972-10-26,4.5
1972-10-27,4.38
1972-10-28,4.43
1972-10-29,4.45
1972-10-30,4.6
1972-10-31,5.12
1972-11-01,5.61
1972-11-02,5.61
1972-11-03,5.3
1972-11-04,5.29
1972-11-05,6.25
1972-11-06,6.84
1972-11-07,6.84
1972-11-08,5.41
1972-11-09,4.49
1972-11-10,4.47
1972-11-11,4.73
1972-11-12,5.35
1972-11-13,5.62
1972-11-14,6.16
1972-11-15,6.88
1972-11-16,8.46
1972-11-17,9.22
1972-11-18,9.2
1972-11-19,9.08
1972-11-20,9.2
1972-11-21,8.8
1972-11-22,7.84
1972-11-23,7.92
1972-11-24,7.92
1972-11-25,7.6
1972-11-26,7.6
1972-11-27,7.28
1972-11-28,7.6
1972-11-29,8.07
1972-11-30,7.68
1972-12-01,6.68
1972-12-02,7.4
1972-12-03,6.4
1972-12-04,6.32
1972-12-05,6.16
1972-12-06,5.25
1972-12-07,5.72
1972-12-08,8.21
1972-12-09,6.81
1972-12-10,9.0
1972-12-11,13.79
1972-12-12,10.69
1972-12-13,13.07
1972-12-14,11.04
1972-12-15,11.24
1972-12-16,9.6
1972-12-17,8.65
1972-12-18,8.88
1972-12-19,8.04
1972-12-20,7.96
1972-12-21,7.76
1972-12-22,7.0
1972-12-23,6.92
1972-12-24,6.04
1972-12-25,5.8
1972-12-26,6.4
1972-12-27,6.88
1972-12-28,8.32
1972-12-29,8.24
1972-12-30,8.96
1972-12-31,8.88
1973-01-01,7.6
1973-01-02,8.4
1973-01-03,7.88
1973-01-04,7.08
1973-01-05,6.4
1973-01-06,5.76
1973-01-07,6.8
1973-01-08,6.24
1973-01-09,7.12
1973-01-10,7.76
1973-01-11,8.0
1973-01-12,9.62
1973-01-13,9.7
1973-01-14,6.8
1973-01-15,9.17
1973-01-16,11.11
1973-01-17,9.84
1973-01-18,6.09
1973-01-19,7.06
1973-01-20,18.55
1973-01-21,16.5
1973-01-22,15.53
1973-01-23,14.24
1973-01-24,18.03
1973-01-25,19.04
1973-01-26,9.32
1973-01-27,8.2
1973-01-28,7.84
1973-01-29,8.24
1973-01-30,8.16
1973-01-31,7.76
1973-02-01,7.76
1973-02-02,8.16
1973-02-03,8.48
1973-02-04,8.32
1973-02-05,10.15
1973-02-06,9.28
1973-02-07,7.76
1973-02-08,10.65
1973-02-09,13.04
1973-02-10,13.37
1973-02-11,15.86
1973-02-12,10.23
1973-02-13,7.99
1973-02-14,9.85
1973-02-15,10.01
1973-02-16,9.74
1973-02-17,10.1
1973-02-18,8.72
1973-02-19,8.08
1973-02-20,8.44
1973-02-21,9.41
1973-02-22,11.08
1973-02-23,13.18
1973-02-24,9.64
1973-02-25,10.35
1973-02-26,12.56
1973-02-27,12.08
1973-02-28,15.67
1973-03-01,13.04
1973-03-02,12.91
1973-03-03,10.65
1973-03-04,11.2
1973-03-05,11.22
1973-03-06,10.59
1973-03-07,9.56
1973-03-08,12.12
1973-03-09,11.59
1973-03-10,10.79
1973-03-11,11.8
1973-03-12,13.04
1973-03-13,16.01
1973-03-14,12.28
1973-03-15,8.76
1973-03-16,6.72
1973-03-17,9.83
1973-03-18,14.57
1973-03-19,12.49
1973-03-20,12.49
1973-03-21,12.35
1973-03-22,13.04
1973-03-23,13.18
1973-03-24,14.55
1973-03-25,13.03
1973-03-26,10.06
1973-03-27,10.13
1973-03-28,9.5
1973-03-29,7.36
1973-03-30,8.8
1973-03-31,8.56
1973-04-01,11.8
1973-04-02,10.69
1973-04-03,13.2
1973-04-04,8.76
1973-04-05,11.94
1973-04-06,16.64
1973-04-07,20.43
1973-04-08,22.55
1973-04-09,16.95
1973-04-10,15.74
1973-04-11,16.61
1973-04-12,12.05
1973-04-13,14.51
1973-04-14,17.34
1973-04-15,21.68
1973-04-16,20.8
1973-04-17,19.02
1973-04-18,16.36
1973-04-19,15.33
1973-04-20,12.14
1973-04-21,9.92
1973-04-22,9.4
1973-04-23,9.24
1973-04-24,8.8
1973-04-25,8.68
1973-04-26,8.12
1973-04-27,8.6
1973-04-28,8.36
1973-04-29,10.26
1973-04-30,8.24
1973-05-01,8.52
1973-05-02,14.72
1973-05-03,11.66
1973-05-04,13.39
1973-05-05,10.72
1973-05-06,9.56
1973-05-07,9.32
1973-05-08,8.96
1973-05-09,8.64
1973-05-10,8.12
1973-05-11,7.6
1973-05-12,7.72
1973-05-13,8.36
1973-05-14,7.6
1973-05-15,7.12
1973-05-16,6.24
1973-05-17,6.4
1973-05-18,6.32
1973-05-19,6.73
1973-05-20,6.32
1973-05-21,6.16
1973-05-22,6.08
1973-05-23,5.53
1973-05-24,5.45
1973-05-25,5.73
1973-05-26,5.77
1973-05-27,5.45
1973-05-28,5.3
1973-05-29,5.49
1973-05-30,5.49
1973-05-31,5.14
1973-06-01,5.17
1973-06-02,4.89
1973-06-03,4.82
1973-06-04,4.87
1973-06-05,4.73
1973-06-06,4.27
1973-06-07,4.32
1973-06-08,4.5
1973-06-09,4.39
1973-06-10,4.39
1973-06-11,4.29
1973-06-12,4.48
1973-06-13,4.52
1973-06-14,4.43
1973-06-15,4.52
1973-06-16,4.81
1973-06-17,5.22
1973-06-18,5.37
1973-06-19,4.99
1973-06-20,4.81
1973-06-21,4.41
1973-06-22,4.49
1973-06-23,4.6
1973-06-24,4.45
1973-06-25,4.22
1973-06-26,4.09
1973-06-27,4.02
1973-06-28,3.87
1973-06-29,3.84
1973-06-30,3.87
1973-07-01,3.8
1973-07-02,3.7
1973-07-03,3.59
1973-07-04,3.63
1973-07-05,3.95
1973-07-06,3.75
1973-07-07,3.72
1973-07-08,3.81
1973-07-09,3.84
1973-07-10,3.66
1973-07-11,3.67
1973-07-12,4.17
1973-07-13,3.37
1973-07-14,3.31
1973-07-15,3.4
1973-07-16,3.49
1973-07-17,3.57
1973-07-18,3.55
1973-07-19,3.37
1973-07-20,3.35
1973-07-21,3.41
1973-07-22,3.66
1973-07-23,3.59
1973-07-24,3.49
1973-07-25,3.74
1973-07-26,3.6
1973-07-27,3.35
1973-07-28,3.26
1973-07-29,3.38
1973-07-30,3.3
1973-07-31,3.35
1973-08-01,3.39
1973-08-02,3.84
1973-08-03,3.39
1973-08-04,3.6
1973-08-05,3.54
1973-08-06,3.55
1973-08-07,3.61
1973-08-08,3.74
1973-08-09,3.94
1973-08-10,3.77
1973-08-11,3.96
1973-08-12,3.8
1973-08-13,3.78
1973-08-14,3.84
1973-08-15,3.52
1973-08-16,3.72
1973-08-17,3.83
1973-08-18,3.83
1973-08-19,3.75
1973-08-20,3.72
1973-08-21,3.78
1973-08-22,3.74
1973-08-23,3.6
1973-08-24,3.75
1973-08-25,3.49
1973-08-26,3.62
1973-08-27,4.13
1973-08-28,4.18
1973-08-29,4.61
1973-08-30,4.95
1973-08-31,4.58
1973-09-01,4.5
1973-09-02,4.55
1973-09-03,4.15
1973-09-04,4.23
1973-09-05,4.71
1973-09-06,4.1
1973-09-07,3.89
1973-09-08,3.83
1973-09-09,3.72
1973-09-10,3.72
1973-09-11,3.67
1973-09-12,3.75
1973-09-13,3.72
1973-09-14,3.89
1973-09-15,3.91
1973-09-16,4.79
1973-09-17,4.69
1973-09-18,4.71
1973-09-19,4.53
1973-09-20,5.14
1973-09-21,5.73
1973-09-22,5.43
1973-09-23,6.21
1973-09-24,6.05
1973-09-25,4.98
1973-09-26,4.18
1973-09-27,3.7
1973-09-28,3.86
1973-09-29,3.91
1973-09-30,3.86
1973-10-01,3.5
1973-10-02,3.62
1973-10-03,3.91
1973-10-04,4.66
1973-10-05,4.02
1973-10-06,3.75
1973-10-07,4.34
1973-10-08,4.71
1973-10-09,4.55
1973-10-10,4.87
1973-10-11,5.35
1973-10-12,5.67
1973-10-13,7.58
1973-10-14,8.52
1973-10-15,5.78
1973-10-16,5.09
1973-10-17,5.03
1973-10-18,4.98
1973-10-19,7.72
1973-10-20,8.94
1973-10-21,7.68
1973-10-22,6.25
1973-10-23,5.82
1973-10-24,8.47
1973-10-25,8.0
1973-10-26,7.2
1973-10-27,7.96
1973-10-28,7.21
1973-10-29,6.77
1973-10-30,6.61
1973-10-31,6.21
1973-11-01,7.0
1973-11-02,6.41
1973-11-03,8.84
1973-11-04,8.18
1973-11-05,6.29
1973-11-06,7.27
1973-11-07,6.97
1973-11-08,6.82
1973-11-09,8.12
1973-11-10,7.06
1973-11-11,7.53
1973-11-12,7.18
1973-11-13,7.25
1973-11-14,6.97
1973-11-15,6.1
1973-11-16,6.31
1973-11-17,5.89
1973-11-18,6.13
1973-11-19,5.97
1973-11-20,6.45
1973-11-21,6.34
1973-11-22,7.84
1973-11-23,11.09
1973-11-24,11.37
1973-11-25,10.86
1973-11-26,14.1
1973-11-27,13.33
1973-11-28,11.99
1973-11-29,9.56
1973-11-30,8.55
1973-12-01,6.87
1973-12-02,6.71
1973-12-03,7.33
1973-12-04,6.41
1973-12-05,6.5
1973-12-06,6.23
1973-12-07,5.78
1973-12-08,5.57
1973-12-09,5.51
1973-12-10,5.19
1973-12-11,5.46
1973-12-12,6.73
1973-12-13,9.72
1973-12-14,8.86
1973-12-15,7.84
1973-12-16,7.1
1973-12-17,7.57
1973-12-18,7.29
1973-12-19,7.76
1973-12-20,7.53
1973-12-21,7.34
1973-12-22,8.94
1973-12-23,11.81
1973-12-24,10.58
1973-12-25,10.23
1973-12-26,10.27
1973-12-27,8.66
1973-12-28,9.92
1973-12-29,11.92
1973-12-30,13.5
1973-12-31,11.65
1974-01-01,15.08
1974-01-02,15.26
1974-01-03,13.03
1974-01-04,12.13
1974-01-05,11.25
1974-01-06,10.43
1974-01-07,10.56
1974-01-08,10.33
1974-01-09,14.46
1974-01-10,12.91
1974-01-11,14.1
1974-01-12,13.57
1974-01-13,14.63
1974-01-14,15.59
1974-01-15,13.09
1974-01-16,10.7
1974-01-17,9.33
1974-01-18,9.49
1974-01-19,10.66
1974-01-20,10.5
1974-01-21,9.88
1974-01-22,10.11
1974-01-23,9.64
1974-01-24,8.97
1974-01-25,7.57
1974-01-26,6.87
1974-01-27,6.58
1974-01-28,7.63
1974-01-29,8.7
1974-01-30,9.56
1974-01-31,8.7
1974-02-01,10.66
1974-02-02,10.19
1974-02-03,10.27
1974-02-04,9.02
1974-02-05,10.35
1974-02-06,12.25
1974-02-07,11.91
1974-02-08,11.85
1974-02-09,15.37
1974-02-10,14.84
1974-02-11,11.83
1974-02-12,11.74
1974-02-13,9.29
1974-02-14,10.31
1974-02-15,10.19
1974-02-16,12.67
1974-02-17,13.57
1974-02-18,12.57
1974-02-19,12.83
1974-02-20,12.47
1974-02-21,13.6
1974-02-22,13.52
1974-02-23,11.44
1974-02-24,11.37
1974-02-25,12.21
1974-02-26,10.5
1974-02-27,9.17
1974-02-28,10.11
1974-03-01,9.49
1974-03-02,13.04
1974-03-03,10.91
1974-03-04,9.41
1974-03-05,7.76
1974-03-06,7.39
1974-03-07,6.5
1974-03-08,5.91
1974-03-09,5.46
1974-03-10,7.08
1974-03-11,11.12
1974-03-12,18.36
1974-03-13,17.2
1974-03-14,16.74
1974-03-15,18.35
1974-03-16,17.47
1974-03-17,16.63
1974-03-18,17.28
1974-03-19,16.36
1974-03-20,16.39
1974-03-21,18.43
1974-03-22,17.05
1974-03-23,16.94
1974-03-24,16.29
1974-03-25,15.0
1974-03-26,13.53
1974-03-27,11.83
1974-03-28,13.1
1974-03-29,12.6
1974-03-30,12.02
1974-03-31,14.84
1974-04-01,14.32
1974-04-02,21.13
1974-04-03,24.85
1974-04-04,20.88
1974-04-05,16.98
1974-04-06,14.8
1974-04-07,14.8
1974-04-08,15.03
1974-04-09,12.44
1974-04-10,12.69
1974-04-11,12.09
1974-04-12,12.26
1974-04-13,11.8
1974-04-14,11.4
1974-04-15,10.04
1974-04-16,10.5
1974-04-17,8.53
1974-04-18,7.51
1974-04-19,6.79
1974-04-20,6.51
1974-04-21,7.03
1974-04-22,6.82
1974-04-23,6.53
1974-04-24,6.22
1974-04-25,5.99
1974-04-26,6.07
1974-04-27,6.27
1974-04-28,6.33
1974-04-29,6.28
1974-04-30,6.82
1974-05-01,5.91
1974-05-02,5.48
1974-05-03,5.35
1974-05-04,5.36
1974-05-05,5.32
1974-05-06,5.44
1974-05-07,5.39
1974-05-08,5.15
1974-05-09,5.08
1974-05-10,5.11
1974-05-11,5.04
1974-05-12,4.87
1974-05-13,4.82
1974-05-14,4.85
1974-05-15,4.9
1974-05-16,5.06
1974-05-17,4.96
1974-05-18,4.73
1974-05-19,4.59
1974-05-20,4.43
1974-05-21,4.43
1974-05-22,4.38
1974-05-23,4.33
1974-05-24,4.38
1974-05-25,4.38
1974-05-26,4.45
1974-05-27,4.45
1974-05-28,4.52
1974-05-29,4.48
1974-05-30,4.59
1974-05-31,4.76
1974-06-01,4.78
1974-06-02,4.57
1974-06-03,4.66
1974-06-04,4.66
1974-06-05,4.61
1974-06-06,4.48
1974-06-07,4.45
1974-06-08,4.34
1974-06-09,4.19
1974-06-10,4.45
1974-06-11,4.43
1974-06-12,4.55
1974-06-13,4.13
1974-06-14,3.87
1974-06-15,3.96
1974-06-16,4.27
1974-06-17,4.38
1974-06-18,4.45
1974-06-19,4.25
1974-06-20,4.19
1974-06-21,4.26
1974-06-22,4.24
1974-06-23,4.1
1974-06-24,4.04
1974-06-25,4.05
1974-06-26,4.27
1974-06-27,4.34
1974-06-28,4.25
1974-06-29,4.14
1974-06-30,3.76
1974-07-01,3.78
1974-07-02,3.54
1974-07-03,3.6
1974-07-04,3.58
1974-07-05,3.6
1974-07-06,3.84
1974-07-07,3.62
1974-07-08,3.34
1974-07-09,3.35
1974-07-10,3.33
1974-07-11,3.44
1974-07-12,3.51
1974-07-13,3.56
1974-07-14,3.54
1974-07-15,3.71
1974-07-16,3.33
1974-07-17,3.46
1974-07-18,3.65
1974-07-19,3.75
1974-07-20,3.61
1974-07-21,3.48
1974-07-22,3.57
1974-07-23,3.78
1974-07-24,3.54
1974-07-25,3.41
1974-07-26,3.41
1974-07-27,3.38
1974-07-28,3.31
1974-07-29,3.28
1974-07-30,3.23
1974-07-31,3.22
1974-08-01,3.33
1974-08-02,3.46
1974-08-03,3.62
1974-08-04,3.57
1974-08-05,3.48
1974-08-06,3.73
1974-08-07,3.37
1974-08-08,3.44
1974-08-09,3.64
1974-08-10,3.37
1974-08-11,3.22
1974-08-12,3.13
1974-08-13,3.19
1974-08-14,3.12
1974-08-15,3.22
1974-08-16,3.33
1974-08-17,3.41
1974-08-18,3.4
1974-08-19,3.24
1974-08-20,3.3
1974-08-21,3.43
1974-08-22,3.51
1974-08-23,3.71
1974-08-24,3.41
1974-08-25,3.24
1974-08-26,3.23
1974-08-27,3.19
1974-08-28,3.26
1974-08-29,3.29
1974-08-30,3.31
1974-08-31,3.34
1974-09-01,3.34
1974-09-02,3.34
