date,discharge_m3s
1952-09-01,4.3
1952-09-02,4.25
1952-09-03,4.32
1952-09-04,4.49
1952-09-05,4.77
1952-09-06,4.77
1952-09-07,5.11
1952-09-08,4.05
1952-09-09,4.5
1952-09-10,4.88
1952-09-11,4.92
1952-09-12,4.87
1952-09-13,4.58
1952-09-14,4.56
1952-09-15,4.52
1952-09-16,4.02
1952-09-17,3.35
1952-09-18,3.35
1952-09-19,3.8
1952-09-20,3.92
1952-09-21,3.9
1952-09-22,4.3
1952-09-23,3.69
1952-09-24,3.33
1952-09-25,3.17
1952-09-26,3.39
1952-09-27,3.86
1952-09-28,3.81
1952-09-29,3.5
1952-09-30,3.72
1952-10-01,3.48
1952-10-02,3.62
1952-10-03,3.43
1952-10-04,4.07
1952-10-05,4.45
1952-10-06,3.66
1952-10-07,3.35
1952-10-08,3.27
1952-10-09,3.19
1952-10-10,3.13
1952-10-11,2.97
1952-10-12,3.02
1952-10-13,3.27
1952-10-14,3.69
1952-10-15,5.12
1952-10-16,4.92
1952-10-17,5.48
1952-10-18,6.76
1952-10-19,6.63
1952-10-20,10.44
1952-10-21,10.02
1952-10-22,11.97
1952-10-23,9.4
1952-10-24,8.06
1952-10-25,7.05
1952-10-26,6.83
1952-10-27,6.4
1952-10-28,6.25
1952-10-29,6.23
1952-10-30,5.84
1952-10-31,5.53
1952-11-01,5.72
1952-11-02,5.78
1952-11-03,5.83
1952-11-04,5.7
1952-11-05,5.54
1952-11-06,5.69
1952-11-07,6.11
1952-11-08,6.23
1952-11-09,5.67
1952-11-10,6.26
1952-11-11,6.32
1952-11-12,7.04
1952-11-13,7.21
1952-11-14,7.64
1952-11-15,9.06
1952-11-16,7.57
1952-11-17,6.74
1952-11-18,6.15
1952-11-19,5.58
1952-11-20,5.2
1952-11-21,5.17
1952-11-22,5.22
1952-11-23,5.7
1952-11-24,5.89
1952-11-25,5.69
1952-11-26,6.96
1952-11-27,9.87
1952-11-28,10.66
1952-11-29,11.28
1952-11-30,9.62
1952-12-01,11.54
1952-12-02,15.34
1952-12-03,18.37
1952-12-04,16.57
1952-12-05,13.18
1952-12-06,9.93
1952-12-07,9.3
1952-12-08,9.43
1952-12-09,8.78
1952-12-10,8.08
1952-12-11,7.68
1952-12-12,7.8
1952-12-13,9.83
1952-12-14,8.97
1952-12-15,8.75
1952-12-16,8.58
1952-12-17,8.34
1952-12-18,7.34
1952-12-19,9.46
1952-12-20,9.44
1952-12-21,8.54
1952-12-22,7.98
1952-12-23,7.99
1952-12-24,7.93
1952-12-25,7.5
1952-12-26,8.67
1952-12-27,7.48
1952-12-28,7.88
1952-12-29,7.46
1952-12-30,7.24
1952-12-31,7.4
1953-01-01,9.96
1953-01-02,10.13
1953-01-03,12.78
1953-01-04,12.22
1953-01-05,13.27
1953-01-06,10.18
1953-01-07,9.96
1953-01-08,9.59
1953-01-09,9.12
1953-01-10,9.87
1953-01-11,11.17
1953-01-12,21.9
1953-01-13,13.74
1953-01-14,11.81
1953-01-15,9.51
1953-01-16,9.43
1953-01-17,10.1
1953-01-18,9.55
1953-01-19,8.73
1953-01-20,8.17
1953-01-21,9.04
1953-01-22,12.51
1953-01-23,16.53
1953-01-24,14.66
1953-01-25,13.6
1953-01-26,12.58
1953-01-27,12.96
1953-01-28,11.02
1953-01-29,10.15
1953-01-30,10.03
1953-01-31,9.81
1953-02-01,12.63
1953-02-02,21.39
1953-02-03,20.16
1953-02-04,17.44
1953-02-05,18.32
1953-02-06,23.19
1953-02-07,19.78
1953-02-08,18.36
1953-02-09,22.37
1953-02-10,37.36
1953-02-11,18.46
1953-02-12,19.3
1953-02-13,82.38
1953-02-14,30.48
1953-02-15,33.21
1953-02-16,20.83
1953-02-17,25.73
1953-02-18,40.63
1953-02-19,27.88
1953-02-20,22.48
1953-02-21,17.28
1953-02-22,15.06
1953-02-23,17.46
1953-02-24,30.67
1953-02-25,21.79
1953-02-26,15.7
1953-02-27,13.06
1953-02-28,13.0
1953-03-01,12.18
1953-03-02,11.49
1953-03-03,10.92
1953-03-04,11.12
1953-03-05,11.03
1953-03-06,13.29
1953-03-07,15.77
1953-03-08,18.06
1953-03-09,17.02
1953-03-10,21.72
1953-03-11,21.26
1953-03-12,17.73
1953-03-13,16.39
1953-03-14,14.81
1953-03-15,13.95
1953-03-16,12.89
1953-03-17,15.25
1953-03-18,20.48
1953-03-19,24.13
1953-03-20,22.01
1953-03-21,16.62
1953-03-22,13.07
1953-03-23,12.17
1953-03-24,12.86
1953-03-25,20.27
1953-03-26,21.03
1953-03-27,17.97
1953-03-28,14.46
1953-03-29,13.71
1953-03-30,12.82
1953-03-31,12.66
1953-04-01,11.8
1953-04-02,12.0
1953-04-03,21.8
1953-04-04,38.0
1953-04-05,30.0
1953-04-06,30.0
1953-04-07,26.0
1953-04-08,26.0
1953-04-09,28.0
1953-04-10,22.5
1953-04-11,29.0
1953-04-12,28.0
1953-04-13,28.0
1953-04-14,20.0
1953-04-15,20.0
1953-04-16,28.0
1953-04-17,28.0
1953-04-18,17.2
1953-04-19,14.3
1953-04-20,12.9
1953-04-21,12.4
1953-04-22,11.84
1953-04-23,12.2
1953-04-24,12.15
1953-04-25,10.65
1953-04-26,10.2
1953-04-27,9.9
1953-04-28,9.55
1953-04-29,9.2
1953-04-30,9.0
1953-05-01,8.85
1953-05-02,8.62
1953-05-03,8.66
1953-05-04,8.62
1953-05-05,8.2
1953-05-06,8.22
1953-05-07,9.5
1953-05-08,10.02
1953-05-09,8.9
1953-05-10,8.4
1953-05-11,8.8
1953-05-12,9.45
1953-05-13,9.28
1953-05-14,8.38
1953-05-15,8.53
1953-05-16,8.62
1953-05-17,8.25
1953-05-18,8.16
1953-05-19,7.6
1953-05-20,7.58
1953-05-21,7.58
1953-05-22,7.34
1953-05-23,7.68
1953-05-24,7.58
1953-05-25,7.19
1953-05-26,7.1
1953-05-27,7.1
1953-05-28,6.54
1953-05-29,6.54
1953-05-30,6.48
1953-05-31,5.85
1953-06-01,5.66
1953-06-02,5.66
1953-06-03,5.66
1953-06-04,5.66
1953-06-05,5.85
1953-06-06,5.46
1953-06-07,5.46
1953-06-08,5.46
1953-06-09,5.46
1953-06-10,5.66
1953-06-11,5.92
1953-06-12,5.92
1953-06-13,5.92
1953-06-14,5.46
1953-06-15,5.1
1953-06-16,5.46
1953-06-17,5.46
1953-06-18,5.25
1953-06-19,5.46
1953-06-20,5.1
1953-06-21,4.86
1953-06-22,5.25
1953-06-23,5.1
1953-06-24,4.75
1953-06-25,4.86
1953-06-26,5.1
1953-06-27,5.1
1953-06-28,4.75
1953-06-29,4.86
1953-06-30,4.75
1953-07-01,4.48
1953-07-02,4.76
1953-07-03,4.3
1953-07-04,5.02
1953-07-05,5.16
1953-07-06,5.14
1953-07-07,4.54
1953-07-08,3.27
1953-07-09,3.51
1953-07-10,3.56
1953-07-11,3.92
1953-07-12,2.5
1953-07-13,2.45
1953-07-14,2.56
1953-07-15,2.68
1953-07-16,2.63
1953-07-17,2.62
1953-07-18,2.8
1953-07-19,2.77
1953-07-20,2.75
1953-07-21,2.77
1953-07-22,2.86
1953-07-23,2.84
1953-07-24,2.93
1953-07-25,2.9
1953-07-26,2.91
1953-07-27,3.06
1953-07-28,3.06
1953-07-29,2.97
1953-07-30,2.93
1953-07-31,3.08
1953-08-01,2.98
1953-08-02,3.11
1953-08-03,3.07
1953-08-04,2.88
1953-08-05,2.7
1953-08-06,2.44
1953-08-07,2.84
1953-08-08,2.9
1953-08-09,4.95
1953-08-10,4.82
1953-08-11,4.78
1953-08-12,4.98
1953-08-13,5.08
1953-08-14,5.06
1953-08-15,5.09
1953-08-16,5.0
1953-08-17,4.8
1953-08-18,4.72
1953-08-19,4.56
1953-08-20,4.72
1953-08-21,4.99
1953-08-22,5.33
1953-08-23,5.5
1953-08-24,5.43
1953-08-25,5.6
1953-08-26,5.67
1953-08-27,5.46
1953-08-28,6.18
1953-08-29,5.8
1953-08-30,5.53
1953-08-31,5.53
1953-09-01,5.72
1953-09-02,5.64
1953-09-03,6.2
1953-09-04,6.27
1953-09-05,6.06
1953-09-06,6.01
1953-09-07,5.93
1953-09-08,6.62
1953-09-09,6.05
1953-09-10,5.68
1953-09-11,5.75
1953-09-12,5.66
1953-09-13,5.9
1953-09-14,6.53
1953-09-15,6.54
1953-09-16,5.91
1953-09-17,5.45
1953-09-18,5.38
1953-09-19,5.36
1953-09-20,6.58
1953-09-21,5.89
1953-09-22,5.55
1953-09-23,5.55
1953-09-24,5.63
1953-09-25,5.84
1953-09-26,5.71
1953-09-27,5.77
1953-09-28,5.83
1953-09-29,5.97
1953-09-30,5.76
1953-10-01,5.02
1953-10-02,4.82
1953-10-03,4.8
1953-10-04,4.8
1953-10-05,4.82
1953-10-06,4.9
1953-10-07,5.1
1953-10-08,5.22
1953-10-09,5.35
1953-10-10,5.75
1953-10-11,5.59
1953-10-12,5.55
1953-10-13,5.22
1953-10-14,5.38
1953-10-15,5.2
1953-10-16,5.14
1953-10-17,4.9
1953-10-18,5.06
1953-10-19,5.18
1953-10-20,5.22
1953-10-21,5.55
1953-10-22,5.5
1953-10-23,5.68
1953-10-24,6.94
1953-10-25,6.43
1953-10-26,6.66
1953-10-27,10.01
1953-10-28,8.85
1953-10-29,7.95
1953-10-30,13.38
1953-10-31,11.26
1953-11-01,10.39
1953-11-02,11.81
1953-11-03,8.96
1953-11-04,9.02
1953-11-05,9.92
1953-11-06,15.24
1953-11-07,13.79
1953-11-08,11.37
1953-11-09,10.35
1953-11-10,10.07
1953-11-11,9.57
1953-11-12,8.41
1953-11-13,7.55
1953-11-14,7.3
1953-11-15,6.87
1953-11-16,6.87
1953-11-17,7.16
1953-11-18,6.92
1953-11-19,7.28
1953-11-20,7.99
1953-11-21,9.73
1953-11-22,9.84
1953-11-23,12.39
1953-11-24,18.46
1953-11-25,16.18
1953-11-26,10.64
1953-11-27,10.37
1953-11-28,11.0
1953-11-29,11.16
1953-11-30,14.87
1953-12-01,12.21
1953-12-02,13.0
1953-12-03,14.0
1953-12-04,15.13
1953-12-05,13.92
1953-12-06,14.2
1953-12-07,14.6
1953-12-08,15.17
1953-12-09,13.0
1953-12-10,12.26
1953-12-11,18.2
1953-12-12,17.38
1953-12-13,16.0
1953-12-14,15.5
1953-12-15,15.0
1953-12-16,14.0
1953-12-17,13.5
1953-12-18,13.0
1953-12-19,12.5
1953-12-20,12.0
1953-12-21,11.5
1953-12-22,11.0
1953-12-23,10.0
1953-12-24,9.65
1953-12-25,8.37
1953-12-26,8.21
1953-12-27,8.47
1953-12-28,8.47
1953-12-29,9.29
1953-12-30,9.01
1953-12-31,8.47
1954-01-01,8.37
1954-01-02,8.38
1954-01-03,10.93
1954-01-04,16.25
1954-01-05,14.05
1954-01-06,15.89
1954-01-07,18.16
1954-01-08,26.19
1954-01-09,31.38
1954-01-10,25.51
1954-01-11,22.15
1954-01-12,20.96
1954-01-13,27.83
1954-01-14,39.09
1954-01-15,36.62
1954-01-16,31.6
1954-01-17,23.55
1954-01-18,24.43
1954-01-19,24.16
1954-01-20,24.16
1954-01-21,24.69
1954-01-22,18.64
1954-01-23,14.89
1954-01-24,12.74
1954-01-25,11.76
1954-01-26,14.53
1954-01-27,14.75
1954-01-28,13.58
1954-01-29,12.95
1954-01-30,12.11
1954-01-31,13.94
1954-02-01,16.87
1954-02-02,26.93
1954-02-03,22.15
1954-02-04,27.68
1954-02-05,23.03
1954-02-06,17.78
1954-02-07,16.12
1954-02-08,16.37
1954-02-09,15.45
1954-02-10,13.52
1954-02-11,12.18
1954-02-12,11.62
1954-02-13,10.92
1954-02-14,10.17
1954-02-15,9.75
1954-02-16,9.25
1954-02-17,8.67
1954-02-18,8.0
1954-02-19,8.25
1954-02-20,8.08
1954-02-21,8.08
1954-02-22,9.61
1954-02-23,11.29
1954-02-24,12.18
1954-02-25,14.38
1954-02-26,15.53
1954-02-27,13.33
1954-02-28,15.95
1954-03-01,16.53
1954-03-02,22.07
1954-03-03,25.87
1954-03-04,23.73
1954-03-05,26.21
1954-03-06,32.28
1954-03-07,33.51
1954-03-08,25.3
1954-03-09,20.05
1954-03-10,21.07
1954-03-11,22.82
1954-03-12,19.74
1954-03-13,18.2
1954-03-14,18.7
1954-03-15,17.37
1954-03-16,15.37
1954-03-17,15.7
1954-03-18,15.03
1954-03-19,14.73
1954-03-20,20.44
1954-03-21,20.43
1954-03-22,17.37
1954-03-23,17.7
1954-03-24,16.2
1954-03-25,14.73
1954-03-26,13.02
1954-03-27,11.48
1954-03-28,10.72
1954-03-29,10.25
1954-03-30,9.92
1954-03-31,10.17
1954-04-01,5.84
1954-04-02,5.16
1954-04-03,5.14
1954-04-04,5.34
1954-04-05,4.92
1954-04-06,5.17
1954-04-07,5.45
1954-04-08,5.01
1954-04-09,4.65
1954-04-10,4.96
1954-04-11,5.27
1954-04-12,5.05
1954-04-13,5.35
1954-04-14,5.25
1954-04-15,4.54
1954-04-16,4.2
1954-04-17,4.17
1954-04-18,4.94
1954-04-19,5.48
1954-04-20,4.89
1954-04-21,4.65
1954-04-22,4.47
1954-04-23,4.72
1954-04-24,4.74
1954-04-25,5.32
1954-04-26,5.24
1954-04-27,4.88
1954-04-28,4.65
1954-04-29,4.51
1954-04-30,4.56
1954-05-01,9.04
1954-05-02,8.2
1954-05-03,7.8
1954-05-04,10.56
1954-05-05,16.06
1954-05-06,24.64
1954-05-07,20.77
1954-05-08,16.38
1954-05-09,12.32
1954-05-10,10.42
1954-05-11,9.25
1954-05-12,8.33
1954-05-13,7.65
1954-05-14,7.35
1954-05-15,9.09
1954-05-16,8.72
1954-05-17,7.7
1954-05-18,7.4
1954-05-19,7.58
1954-05-20,7.43
1954-05-21,7.78
1954-05-22,7.78
1954-05-23,7.35
1954-05-24,6.75
1954-05-25,6.75
1954-05-26,6.5
1954-05-27,6.5
1954-05-28,6.4
1954-05-29,6.4
1954-05-30,6.4
1954-05-31,6.4
1954-06-01,6.83
1954-06-02,6.4
1954-06-03,6.3
1954-06-04,6.3
1954-06-05,6.3
1954-06-06,6.3
1954-06-07,6.3
1954-06-08,6.5
1954-06-09,6.7
1954-06-10,6.47
1954-06-11,6.33
1954-06-12,6.25
1954-06-13,6.15
1954-06-14,6.03
1954-06-15,5.98
1954-06-16,5.93
1954-06-17,5.98
1954-06-18,6.03
1954-06-19,6.13
1954-06-20,6.13
1954-06-21,6.23
1954-06-22,6.4
1954-06-23,6.23
1954-06-24,6.15
1954-06-25,6.02
1954-06-26,6.0
1954-06-27,5.97
1954-06-28,5.97
1954-06-29,5.97
1954-06-30,5.95
1954-07-01,5.77
1954-07-02,5.77
1954-07-03,5.95
1954-07-04,5.92
1954-07-05,5.75
1954-07-06,5.7
1954-07-07,5.65
1954-07-08,5.57
1954-07-09,5.43
1954-07-10,5.34
1954-07-11,5.35
1954-07-12,5.41
1954-07-13,5.41
1954-07-14,5.46
1954-07-15,5.4
1954-07-16,5.34
1954-07-17,5.29
1954-07-18,5.28
1954-07-19,5.23
1954-07-20,5.23
1954-07-21,5.23
1954-07-22,5.29
1954-07-23,5.35
1954-07-24,5.32
1954-07-25,5.29
1954-07-26,5.32
1954-07-27,5.31
1954-07-28,5.26
1954-07-29,5.13
1954-07-30,5.08
1954-07-31,5.02
1954-08-01,5.05
1954-08-02,5.1
1954-08-03,5.13
1954-08-04,5.13
1954-08-05,5.1
1954-08-06,5.05
1954-08-07,5.03
1954-08-08,4.91
1954-08-09,4.87
1954-08-10,4.78
1954-08-11,4.78
1954-08-12,4.78
1954-08-13,4.78
1954-08-14,4.78
1954-08-15,4.78
1954-08-16,4.78
1954-08-17,4.78
1954-08-18,4.87
1954-08-19,4.96
1954-08-20,4.96
1954-08-21,5.05
1954-08-22,5.14
1954-08-23,5.14
1954-08-24,5.14
1954-08-25,5.05
1954-08-26,5.02
1954-08-27,4.96
1954-08-28,4.93
1954-08-29,4.93
1954-08-30,5.54
1954-08-31,5.49
1954-09-01,5.49
1954-09-02,5.49
1954-09-03,5.54
1954-09-04,5.63
1954-09-05,5.44
1954-09-06,5.37
1954-09-07,5.28
1954-09-08,5.26
1954-09-09,5.26
1954-09-10,5.29
1954-09-11,5.26
1954-09-12,5.31
1954-09-13,5.28
1954-09-14,5.23
1954-09-15,5.05
1954-09-16,4.96
1954-09-17,4.96
1954-09-18,5.05
1954-09-19,5.14
1954-09-20,5.14
1954-09-21,5.14
1954-09-22,5.14
1954-09-23,5.65
1954-09-24,7.25
1954-09-25,6.75
1954-09-26,6.48
1954-09-27,7.6
1954-09-28,7.18
1954-09-29,7.43
1954-09-30,8.25
1954-10-01,12.79
1954-10-02,10.67
1954-10-03,9.42
1954-10-04,8.01
1954-10-05,7.99
1954-10-06,7.85
1954-10-07,7.75
1954-10-08,7.63
1954-10-09,7.23
1954-10-10,6.65
1954-10-11,6.45
1954-10-12,6.5
1954-10-13,7.35
1954-10-14,7.28
1954-10-15,6.73
1954-10-16,7.78
1954-10-17,7.92
1954-10-18,8.71
1954-10-19,13.15
1954-10-20,10.59
1954-10-21,8.59
1954-10-22,14.37
1954-10-23,18.55
1954-10-24,17.05
1954-10-25,12.04
1954-10-26,9.75
1954-10-27,8.71
1954-10-28,8.71
1954-10-29,7.81
1954-10-30,7.43
1954-10-31,7.15
1954-11-01,7.23
1954-11-02,7.83
1954-11-03,6.91
1954-11-04,6.55
1954-11-05,6.39
1954-11-06,6.3
1954-11-07,6.3
1954-11-08,7.03
1954-11-09,8.28
1954-11-10,7.53
1954-11-11,6.88
1954-11-12,8.44
1954-11-13,19.81
1954-11-14,23.92
1954-11-15,18.23
1954-11-16,12.46
1954-11-17,9.5
1954-11-18,8.37
1954-11-19,9.52
1954-11-20,9.0
1954-11-21,8.0
1954-11-22,7.5
1954-11-23,7.0
1954-11-24,6.5
1954-11-25,6.35
1954-11-26,6.28
1954-11-27,6.37
1954-11-28,6.32
1954-11-29,6.66
1954-11-30,7.54
1954-12-01,7.72
1954-12-02,7.01
1954-12-03,6.71
1954-12-04,6.48
1954-12-05,6.28
1954-12-06,6.23
1954-12-07,6.73
1954-12-08,6.78
1954-12-09,6.38
1954-12-10,7.47
1954-12-11,10.51
1954-12-12,8.74
1954-12-13,7.45
1954-12-14,7.05
1954-12-15,6.53
1954-12-16,6.67
1954-12-17,7.57
1954-12-18,7.05
1954-12-19,7.08
1954-12-20,7.38
1954-12-21,7.7
1954-12-22,7.9
1954-12-23,7.4
1954-12-24,7.05
1954-12-25,7.1
1954-12-26,7.65
1954-12-27,9.5
1954-12-28,9.17
1954-12-29,11.09
1954-12-30,11.0
1954-12-31,11.0
1955-01-01,15.5
1955-01-02,10.28
1955-01-03,8.42
1955-01-04,8.5
1955-01-05,10.98
1955-01-06,9.04
1955-01-07,7.89
1955-01-08,7.33
1955-01-09,7.08
1955-01-10,9.17
1955-01-11,13.19
1955-01-12,26.29
1955-01-13,19.67
1955-01-14,17.53
1955-01-15,24.87
1955-01-16,22.69
1955-01-17,16.37
1955-01-18,13.51
1955-01-19,11.05
1955-01-20,9.29
1955-01-21,8.27
1955-01-22,7.63
1955-01-23,7.25
1955-01-24,6.88
1955-01-25,6.8
1955-01-26,6.68
1955-01-27,6.85
1955-01-28,7.5
1955-01-29,8.5
1955-01-30,10.0
1955-01-31,11.5
1955-02-01,12.93
1955-02-02,15.56
1955-02-03,17.2
1955-02-04,14.72
1955-02-05,13.48
1955-02-06,17.75
1955-02-07,17.78
1955-02-08,18.28
1955-02-09,17.7
1955-02-10,18.72
1955-02-11,23.38
1955-02-12,22.85
1955-02-13,24.17
1955-02-14,34.2
1955-02-15,26.18
1955-02-16,22.85
1955-02-17,27.05
1955-02-18,28.8
1955-02-19,27.58
1955-02-20,27.05
1955-02-21,28.19
1955-02-22,32.26
1955-02-23,36.43
1955-02-24,31.27
1955-02-25,37.53
1955-02-26,40.16
1955-02-27,38.83
1955-02-28,29.36
1955-03-01,24.43
1955-03-02,20.94
1955-03-03,16.36
1955-03-04,16.03
1955-03-05,19.07
1955-03-06,24.43
1955-03-07,30.59
1955-03-08,27.78
1955-03-09,25.48
1955-03-10,26.35
1955-03-11,25.48
1955-03-12,24.78
1955-03-13,28.93
1955-03-14,38.08
1955-03-15,42.12
1955-03-16,32.62
1955-03-17,24.18
1955-03-18,19.49
1955-03-19,14.61
1955-03-20,14.67
1955-03-21,27.3
1955-03-22,32.1
1955-03-23,22.15
1955-03-24,18.88
1955-03-25,15.09
1955-03-26,18.91
1955-03-27,20.43
1955-03-28,18.38
1955-03-29,17.87
1955-03-30,17.87
1955-03-31,15.65
1955-04-01,15.65
1955-04-02,13.2
1955-04-03,13.05
1955-04-04,12.5
1955-04-05,12.74
1955-04-06,11.62
1955-04-07,10.92
1955-04-08,10.5
1955-04-09,10.5
1955-04-10,11.34
1955-04-11,13.07
1955-04-12,14.84
1955-04-13,13.23
1955-04-14,14.44
1955-04-15,21.14
1955-04-16,27.9
1955-04-17,17.81
1955-04-18,13.86
1955-04-19,13.86
1955-04-20,13.86
1955-04-21,12.46
1955-04-22,11.06
1955-04-23,10.17
1955-04-24,9.5
1955-04-25,9.5
1955-04-26,9.0
1955-04-27,8.5
1955-04-28,8.13
1955-04-29,9.5
1955-04-30,9.5
1955-05-01,9.75
1955-05-02,10.0
1955-05-04,10.5
1955-05-05,10.0
1955-05-06,10.17
1955-05-07,10.25
1955-05-08,8.71
1955-05-09,8.31
1955-05-10,8.25
1955-05-11,9.13
1955-05-12,10.5
1955-05-13,10.46181818181818
1955-05-14,10.423636363636364
1955-05-23,10.08
1955-05-24,9.13
1955-05-25,13.76
1955-05-26,12.99
1955-05-27,9.88
1955-05-28,8.46
1955-05-29,7.8
1955-05-30,7.4
1955-05-31,7.366666666666667
1955-06-01,7.333333333333333
1955-06-02,7.3
1955-06-03,7.28
1955-06-04,6.93
1955-06-05,6.7
1955-06-06,6.6
1955-06-07,6.38
1955-06-08,6.35
1955-06-09,6.28
1955-06-10,6.82
1955-06-11,6.36
1955-06-12,6.1
1955-06-13,6.0
1955-06-14,5.9
1955-06-15,5.9
1955-06-16,5.9
1955-06-17,5.9
1955-06-18,5.9
1955-06-19,6.0
1955-06-20,6.0
1955-06-21,5.984883720930233
1955-06-22,5.969767441860465
1955-08-02,5.35
1955-08-03,5.38125
1955-08-04,5.4125
1955-08-10,5.6
1955-08-11,5.618235294117647
1955-08-12,5.6364705882352935
1955-08-27,5.91
1955-08-28,5.899
1955-08-29,5.888
1955-09-06,5.8
1955-09-07,5.49
1955-09-08,5.54
1955-09-09,6.47
1955-09-10,5.64
1955-09-11,5.01
1955-09-12,4.78
1955-09-13,4.78
1955-09-14,5.51
1955-09-15,5.14
1955-09-16,4.87
1955-09-17,5.84
1955-09-18,6.84
1955-09-19,6.725555555555555
1955-09-20,6.611111111111111
1955-10-06,4.78
1955-10-07,5.0
1955-10-08,5.43
1955-10-09,5.65
1955-10-10,6.05
1955-10-11,5.47
1955-10-12,6.328333333333333
1955-10-13,7.1866666666666665
1955-10-17,10.62
1955-10-18,10.42
1955-10-19,8.45
1955-10-20,7.1
1955-10-21,6.45
1955-10-22,6.13
1955-10-23,5.8
1955-10-24,5.85
1955-10-25,5.77
1955-10-26,5.78
1955-10-27,5.92
1955-10-28,6.08
1955-10-29,6.03
1955-10-30,6.03
1955-10-31,6.08
1955-11-01,6.08
1955-11-02,6.32
1955-11-03,6.32
1955-11-04,7.11
1955-11-05,6.54
1955-11-06,5.95
1955-11-07,5.78
1955-11-08,5.87
1955-11-09,6.22
1955-11-10,7.48
1955-11-11,6.68
1955-11-12,6.28
1955-11-13,6.15
1955-11-14,5.87
1955-11-15,5.93
1955-11-16,6.08
1955-11-17,6.05
1955-11-18,5.95
1955-11-19,6.0
1955-11-20,5.88
1955-11-21,5.92
1955-11-22,6.6
1955-11-23,6.07
1955-11-24,6.5
1955-11-25,8.33
1955-11-26,8.73
1955-11-27,7.18
1955-11-28,6.4
1955-11-29,6.38
1955-11-30,6.66
1955-12-01,6.58
1955-12-02,7.88
1955-12-03,7.83
1955-12-04,7.25
1955-12-05,6.95
1955-12-06,7.2
1955-12-07,9.17
1955-12-08,7.95
1955-12-09,6.95
1955-12-10,6.72
1955-12-11,6.55
1955-12-12,6.33
1955-12-13,6.68
1955-12-14,9.46
1955-12-15,10.89
1955-12-16,9.67
1955-12-17,12.78
1955-12-18,20.63
1955-12-19,24.53
1955-12-20,14.01
1955-12-21,10.38
1955-12-22,8.75
1955-12-23,7.9
1955-12-24,7.5
1955-12-25,7.18
1955-12-26,7.05
1955-12-27,7.1
1955-12-28,7.1
1955-12-29,6.93
1955-12-30,6.98
1955-12-31,6.98
1956-01-01,7.03
1956-01-02,6.8
1956-01-03,6.69
1956-01-04,6.7
1956-01-05,6.62
1956-01-06,6.69
1956-01-07,6.65
1956-01-08,6.6
1956-01-09,6.55
1956-01-10,6.55
1956-01-11,6.5
1956-01-12,6.25
1956-01-13,6.12
1956-01-14,6.01
1956-01-15,5.83
1956-01-16,5.8
1956-01-17,5.9
1956-01-18,6.79
1956-01-19,7.15
1956-01-20,7.13
1956-01-21,8.0
1956-01-22,8.63
1956-01-23,8.75
1956-01-24,14.71
1956-01-25,22.76
1956-01-26,23.99
1956-01-27,29.39
1956-01-28,28.85
1956-01-29,23.03
1956-01-30,16.45
1956-01-31,14.36
1956-02-01,15.36
1956-02-02,14.53
1956-02-03,14.66
1956-02-04,14.21
1956-02-05,13.33
1956-02-06,16.45
1956-02-07,15.03
1956-02-08,15.3
1956-02-09,15.7
1956-02-10,16.0
1956-02-11,16.3
1956-02-12,16.6
1956-02-13,17.0
1956-02-14,17.4
1956-02-15,17.8
1956-02-16,18.03
1956-02-17,15.28
1956-02-18,14.29
1956-02-19,16.2
1956-02-20,20.32
1956-02-21,23.93
1956-02-22,24.43
1956-02-23,34.88
1956-02-24,34.88
1956-02-25,31.61
1956-02-26,22.5
1956-02-27,23.99
1956-02-28,27.66
1956-02-29,34.97
1956-03-01,35.24
1956-03-02,29.17
1956-03-03,32.71
1956-03-04,40.2
1956-03-05,42.22
1956-03-06,35.0
1956-03-07,25.0
1956-03-08,18.87
1956-03-09,17.95
1956-03-10,17.79
1956-03-11,20.97
1956-03-12,24.0
1956-03-13,28.0
1956-03-14,30.0
1956-03-15,30.0
1956-03-16,32.0
1956-03-17,34.0
1956-03-18,35.91
1956-03-19,30.38
1956-03-20,27.58
1956-03-21,24.16
1956-03-22,20.07
1956-03-23,19.82
1956-03-24,24.08
1956-03-25,20.77
1956-03-26,19.41
1956-03-27,17.45
1956-03-28,17.03
1956-03-29,16.45
1956-03-30,14.96
1956-03-31,18.13
1956-04-01,19.762
1956-04-02,21.394
1956-04-05,26.29
1956-04-06,25.344666666666665
1956-04-07,24.39933333333333
1956-04-20,12.11
1956-04-21,12.32
1956-04-22,12.18
1956-04-23,11.66
1956-04-24,12.23
1956-04-25,12.32
1956-04-26,11.83
1956-04-27,11.45
1956-04-28,10.63
1956-04-29,11.12
1956-04-30,11.06
1956-05-01,11.02375
1956-05-02,10.9875
1956-05-08,10.77
1956-05-09,10.415
1956-05-10,10.06
1956-05-16,7.93
1956-05-17,7.78
1956-05-18,7.75
1956-05-19,7.65
1956-05-20,7.58
1956-05-21,7.55
1956-05-22,7.55
1956-05-23,7.5
1956-05-24,7.55
1956-05-25,7.48
1956-05-26,7.35
1956-05-27,7.23
1956-05-28,7.01
1956-05-29,7.01
1956-05-30,7.25
1956-05-31,7.15
1956-06-01,6.9
1956-06-02,7.18
1956-06-03,6.95
1956-06-04,6.73
1956-06-05,6.73
1956-06-06,6.7
1956-06-07,6.63
1956-06-08,6.6
1956-06-09,6.53
1956-06-10,6.48
1956-06-11,6.37
1956-06-12,6.32
1956-06-13,6.32
1956-06-14,6.37
1956-06-15,6.27
1956-06-16,6.1
1956-06-17,6.08
1956-06-18,6.07
1956-06-19,5.93
1956-06-20,5.92
1956-06-21,5.88
1956-06-22,5.73
1956-06-23,5.75
1956-06-24,5.8
1956-06-25,5.8
1956-06-26,5.73
1956-06-27,5.66
1956-06-28,5.67
1956-06-29,5.78
1956-06-30,5.78
1956-07-01,5.7
1956-07-02,5.63
1956-07-03,5.6
1956-07-04,5.53
1956-07-05,5.56
1956-07-06,5.7
1956-07-07,6.0
1956-07-08,6.1
1956-07-09,5.96
1956-07-10,5.88
1956-07-11,5.62
1956-07-12,5.49
1956-07-13,5.44
1956-07-14,5.41
1956-07-15,5.41
1956-07-16,5.58
1956-07-17,5.5
1956-07-18,5.5
1956-07-19,5.5
1956-07-20,5.46
1956-07-21,5.41
1956-07-22,5.41
1956-07-23,5.41
1956-07-24,5.41
1956-07-25,5.41
1956-07-26,5.41
1956-07-27,5.57
1956-07-28,5.62
1956-07-29,5.5
1956-07-30,5.46
1956-07-31,5.41
1956-08-01,5.47
1956-08-02,5.41
1956-08-03,5.52
1956-08-04,5.5
1956-08-05,5.43
1956-08-06,5.41
1956-08-07,5.46
1956-08-08,5.49
1956-08-09,5.41
1956-08-10,5.41
1956-08-11,5.41
1956-08-12,5.41
1956-08-13,5.41
1956-08-14,5.41
1956-08-15,5.55
1956-08-16,5.5
1956-08-17,5.55
1956-08-18,5.59
1956-08-19,5.59
1956-08-20,5.59
1956-08-21,5.59
1956-08-22,5.59
1956-08-23,5.59
1956-08-24,5.59
1956-08-25,5.59
1956-08-26,5.59
1956-08-27,5.59
1956-08-28,5.59
1956-08-29,5.52
1956-08-30,5.5
1956-08-31,5.5
1956-09-01,5.55
1956-09-02,5.59
1956-09-03,5.59
1956-09-04,5.59
1956-09-05,5.59
1956-09-06,5.55
1956-09-07,5.5
1956-09-08,5.5
1956-09-09,5.5
1956-09-10,5.5
1956-09-11,5.5
1956-09-12,5.5
1956-09-13,5.46
1956-09-14,5.23
1956-09-15,5.32
1956-09-16,5.32
1956-09-17,5.32
1956-09-18,5.32
1956-09-19,5.32
1956-09-20,5.23
1956-09-21,5.23
1956-09-22,5.23
1956-09-23,5.23
1956-09-24,5.32
1956-09-25,5.41
1956-09-26,5.6
1956-09-27,5.6
1956-09-28,5.0
1956-09-29,6.3
1956-09-30,6.5
1956-10-01,6.8
1956-10-02,6.8
1956-10-03,7.05
1956-10-04,7.68
1956-10-05,7.98
1956-10-06,8.13
1956-10-07,8.96
1956-10-08,9.54
1956-10-09,9.96
1956-10-10,10.95
1956-10-11,11.89
1956-10-12,10.25
1956-10-13,8.89
1956-10-14,8.15
1956-10-15,9.08
1956-10-16,8.17
1956-10-17,7.45
1956-10-18,7.3
1956-10-19,6.78
1956-10-20,6.51
1956-10-21,7.3
1956-10-22,6.69
1956-10-23,6.71
1956-10-24,8.33
1956-10-25,7.97
1956-10-26,7.6
1956-10-27,6.88
1956-10-28,6.45
1956-10-29,6.29
1956-10-30,6.23
1956-10-31,6.2
1956-11-01,7.62
1956-11-02,7.75
1956-11-03,7.9
1956-11-04,7.9
1956-11-05,7.95
1956-11-06,7.9
1956-11-07,7.9
1956-11-08,9.08
1956-11-09,9.31
1956-11-10,10.25
1956-11-11,10.65
1956-11-12,9.42
1956-11-13,8.5
1956-11-14,8.32
1956-11-15,7.96
1956-11-16,7.68
1956-11-17,7.37
1956-11-18,6.28
1956-11-19,6.25
1956-11-20,6.12
1956-11-21,6.1
1956-11-22,6.1
1956-11-23,6.15
1956-11-24,6.2
1956-11-25,6.22
1956-11-26,6.17
1956-11-27,6.12
1956-11-28,5.95
1956-11-29,6.87
1956-11-30,5.93
1956-12-01,6.0
1956-12-02,6.2
1956-12-03,6.2
1956-12-04,6.17
1956-12-05,6.17
1956-12-06,6.25
1956-12-07,6.62
1956-12-08,6.43
1956-12-09,6.3
1956-12-10,6.4
1956-12-11,6.35
1956-12-12,6.37
1956-12-13,6.35
1956-12-14,6.13
1956-12-15,6.02
1956-12-16,5.98
1956-12-17,6.07
1956-12-18,6.45
1956-12-19,6.74
1956-12-20,6.69
1956-12-21,6.76
1956-12-22,6.67
1956-12-23,6.97
1956-12-24,7.12
1956-12-25,7.15
1956-12-26,7.05
1956-12-27,7.23
1956-12-28,7.15
1956-12-29,7.28
1956-12-30,6.9
1956-12-31,6.55
1957-01-01,7.58
1957-01-02,7.31
1957-01-03,7.22
1957-01-04,7.5
1957-01-05,7.99
1957-01-06,7.99
1957-01-07,7.91
1957-01-08,8.34
1957-01-09,8.63
1957-01-10,8.7
1957-01-11,7.9
1957-01-12,7.91
1957-01-13,8.04
1957-01-14,8.42
1957-01-15,8.7
1957-01-16,9.25
1957-01-17,9.01
1957-01-18,8.98
1957-01-19,9.25
1957-01-20,9.89
1957-01-21,9.11
1957-01-22,8.91
1957-01-23,9.95
1957-01-24,10.34
1957-01-25,11.02
1957-01-26,12.43
1957-01-27,13.21
1957-01-28,13.54
1957-01-29,13.54
1957-01-30,13.88
1957-01-31,13.3
1957-02-01,12.47
1957-02-02,12.06
1957-02-03,11.22
1957-02-04,12.04
1957-02-05,18.91
1957-02-06,22.33
1957-02-07,18.53
1957-02-08,21.96
1957-02-09,14.52
1957-02-10,14.03
1957-02-11,13.98
1957-02-12,13.98
1957-02-13,13.98
1957-02-14,13.88
1957-02-15,13.98
1957-02-16,14.08
1957-02-17,13.98
1957-02-18,13.98
1957-02-19,13.93
1957-02-20,13.88
1957-02-21,15.82
1957-02-22,22.18
1957-02-23,34.63
1957-02-24,20.93
1957-02-25,13.51
1957-02-26,13.0
1957-02-27,13.31
1957-02-28,13.05
1957-03-01,12.87
1957-03-02,12.47
1957-03-03,12.35
1957-03-04,12.2
1957-03-05,12.81
1957-03-06,13.05
1957-03-07,14.87
1957-03-08,15.38
1957-03-09,12.43
1957-03-10,12.22
1957-03-11,11.97
1957-03-12,11.93
1957-03-13,11.77
1957-03-14,10.85
1957-03-15,14.94
1957-03-16,10.85
1957-03-17,11.35
1957-03-18,11.7
1957-03-19,16.41
1957-03-20,18.65
1957-03-21,15.9
1957-03-22,20.91
1957-03-23,23.33
1957-03-24,21.38
1957-03-25,13.87
1957-03-26,11.97
1957-03-27,11.87
1957-03-28,11.93
1957-03-29,11.93
1957-03-30,11.85
1957-03-31,11.77
1957-04-01,11.85
1957-04-02,11.93
1957-04-03,11.93
1957-04-04,11.93
1957-04-05,11.77
1957-04-06,11.72
1957-04-07,11.68
1957-04-08,11.89
1957-04-09,11.93
1957-04-10,11.52
1957-04-11,11.1
1957-04-12,10.93
1957-04-13,11.14
1957-04-14,12.1
1957-04-15,11.85
1957-04-16,13.47
1957-04-17,30.43
1957-04-18,25.41
1957-04-19,21.0
1957-04-20,16.25
1957-04-21,19.16
1957-04-22,16.58
1957-04-23,15.29
1957-04-24,13.78
1957-04-25,13.16
1957-04-26,12.81
1957-04-27,12.62
1957-04-28,12.93
1957-04-29,12.97
1957-04-30,12.8
1957-05-01,12.58
1957-05-02,12.49
1957-05-03,12.14
1957-05-04,11.93
1957-05-05,11.72
1957-05-06,11.35
1957-05-07,11.31
1957-05-08,11.94
1957-05-09,11.77
1957-05-10,12.43
1957-05-11,11.72
1957-05-12,11.85
1957-05-13,11.02
1957-05-14,10.68
1957-05-15,10.46
1957-05-16,10.25
1957-05-17,10.13
1957-05-18,9.8
1957-05-19,9.73
1957-05-20,9.63
1957-05-21,9.82
1957-05-22,9.85
1957-05-23,9.94
1957-05-24,11.17
1957-05-25,10.15
1957-05-26,9.53
1957-05-27,9.28
1957-05-28,9.25
1957-05-29,9.05
1957-05-30,8.98
1957-05-31,9.39
1957-06-01,8.91
1957-06-02,8.91
1957-06-03,8.91
1957-06-04,11.42
1957-06-05,10.29
1957-06-06,9.35
1957-06-07,8.57
1957-06-08,8.29
1957-06-09,7.92
1957-06-10,7.79
1957-06-11,7.64
1957-06-12,7.46
1957-06-13,7.37
1957-06-14,7.37
1957-06-15,6.13
1957-06-16,6.98
1957-06-17,7.17
1957-06-18,7.71
1957-06-19,7.04
1957-06-20,6.5
1957-06-21,6.37
1957-06-22,6.29
1957-06-23,6.2
1957-06-24,6.29
1957-06-25,6.26
1957-06-26,6.13
1957-06-27,6.16
1957-06-28,6.92
1957-06-29,6.43
1957-06-30,6.26
1957-07-01,6.21
1957-07-02,6.24
1957-07-03,5.99
1957-07-04,6.01
1957-07-05,6.01
1957-07-06,6.06
1957-07-07,6.08
1957-07-08,6.15
1957-07-09,6.03
1957-07-10,5.92
1957-07-11,5.75
1957-07-12,5.73
1957-07-13,5.82
1957-07-14,5.87
1957-07-15,5.78
1957-07-16,5.8
1957-07-17,5.57
1957-07-18,5.38
1957-07-19,5.26
1957-07-20,6.0
1957-07-21,5.38
1957-07-22,5.8
1957-07-23,5.73
1957-07-24,5.57
1957-07-25,5.66
1957-07-26,5.59
1957-07-27,5.59
1957-07-28,5.38
1957-07-29,5.43
1957-07-30,5.75
1957-07-31,5.75
1957-08-01,6.01
1957-08-02,6.44
1957-08-03,6.25
1957-08-04,6.19
1957-08-05,6.08
1957-08-06,6.14
1957-08-07,6.26
1957-08-08,6.5
1957-08-09,6.5
1957-08-10,6.43
1957-08-11,6.37
1957-08-12,6.59
1957-08-13,6.22
1957-08-14,6.32
1957-08-15,6.8
1957-08-16,6.32
1957-08-17,6.68
1957-08-18,6.34
1957-08-19,6.4
1957-08-20,5.77
1957-08-21,5.95
1957-08-22,5.91
1957-08-23,5.66
1957-08-24,5.33
1957-08-25,5.43
1957-08-26,5.5
1957-08-27,5.59
1957-08-28,5.43
1957-08-29,5.47
1957-08-30,5.52
1957-08-31,5.68
1957-09-01,5.89
1957-09-02,5.73
1957-09-03,5.47
1957-09-04,5.36
1957-09-05,5.67
1957-09-06,5.95
1957-09-07,5.61
1957-09-08,5.54
1957-09-09,5.4
1957-09-10,6.42
1957-09-11,8.19
1957-09-12,9.98
1957-09-13,8.19
1957-09-14,7.58
1957-09-15,7.16
1957-09-16,6.29
1957-09-17,5.83
1957-09-18,5.77
1957-09-19,5.56
1957-09-20,5.4
1957-09-21,5.4
1957-09-22,5.6
1957-09-23,6.41
1957-09-24,7.55
1957-09-25,7.2
1957-09-26,8.41
1957-09-27,7.97
1957-09-28,7.16
1957-09-29,6.55
1957-09-30,6.02
1957-10-01,7.71
1957-10-02,8.8
1957-10-03,8.98
1957-10-04,8.01
1957-10-05,7.1
1957-10-06,6.89
1957-10-07,7.28
1957-10-08,7.37
1957-10-09,7.64
1957-10-10,7.16
1957-10-11,7.25
1957-10-12,10.21
1957-10-13,13.3
1957-10-14,10.52
1957-10-15,9.08
1957-10-16,8.12
1957-10-17,8.04
1957-10-18,8.22
1957-10-19,7.55
1957-10-20,8.95
1957-10-21,9.87
1957-10-22,11.1
1957-10-23,11.18
1957-10-24,12.25
1957-10-25,12.11
1957-10-26,11.65
1957-10-27,11.22
1957-10-28,11.35
1957-10-29,11.1
1957-10-30,10.24
1957-10-31,10.8
1957-11-01,12.56
1957-11-02,16.18
1957-11-03,18.73
1957-11-04,17.77
1957-11-05,15.6
1957-11-06,13.57
1957-11-07,13.35
1957-11-08,14.67
1957-11-09,12.78
1957-11-10,11.89
1957-11-11,11.89
1957-11-12,11.39
1957-11-13,10.7
1957-11-14,10.2
1957-11-15,11.68
1957-11-16,11.97
1957-11-17,12.39
1957-11-18,12.68
1957-11-19,13.36
1957-11-20,12.33
1957-11-21,11.14
1957-11-22,10.02
1957-11-23,9.68
1957-11-24,9.39
1957-11-25,9.39
1957-11-26,9.39
1957-11-27,8.91
1957-11-28,8.77
1957-11-29,9.05
1957-11-30,8.84
1957-12-01,8.67
1957-12-02,9.08
1957-12-03,8.77
1957-12-04,9.46
1957-12-05,9.28
1957-12-06,8.91
1957-12-07,9.08
1957-12-08,8.57
1957-12-09,8.13
1957-12-10,8.57
1957-12-11,8.6
1957-12-12,10.16
1957-12-13,9.11
1957-12-14,8.67
1957-12-15,8.94
1957-12-16,9.14
1957-12-17,9.59
1957-12-18,9.8
1957-12-19,11.56
1957-12-20,18.74
1957-12-21,15.85
1957-12-22,14.96
1957-12-23,15.42
1957-12-24,15.58
1957-12-25,14.45
1957-12-26,16.01
1957-12-27,16.99
1957-12-28,15.49
1957-12-29,14.34
1957-12-30,13.31
1957-12-31,12.2
1958-01-01,11.68
1958-01-02,11.35
1958-01-03,11.1
1958-01-04,11.18
1958-01-05,18.62
1958-01-06,18.07
1958-01-07,16.17
1958-01-08,15.27
1958-01-09,18.67
1958-01-10,22.1
1958-01-11,27.57
1958-01-12,22.56
1958-01-13,25.47
1958-01-14,23.43
1958-01-15,16.55
1958-01-16,14.76
1958-01-17,13.46
1958-01-18,13.1
1958-01-19,13.36
1958-01-20,13.26
1958-01-21,12.95
1958-01-22,12.89
1958-01-23,13.2
1958-01-24,13.36
1958-01-25,12.54
1958-01-26,12.49
1958-01-27,12.04
1958-01-28,11.56
1958-01-29,12.01
1958-01-30,12.16
1958-01-31,12.2
1958-02-01,12.64
1958-02-02,12.14
1958-02-03,11.6
1958-02-04,10.13
1958-02-05,10.39
1958-02-06,10.22
1958-02-07,9.99
1958-02-08,10.06
1958-02-09,9.92
1958-02-10,9.78
1958-02-11,10.18
1958-02-12,10.27
1958-02-13,12.18
1958-02-14,13.97
1958-02-15,15.43
1958-02-16,17.74
1958-02-17,14.03
1958-02-18,13.52
1958-02-19,15.27
1958-02-20,13.26
1958-02-21,13.26
1958-02-22,12.95
1958-02-23,12.56
1958-02-24,13.52
1958-02-25,16.51
1958-02-26,15.96
1958-02-27,13.41
1958-02-28,12.59
1958-03-01,12.79
1958-03-02,13.52
1958-03-03,13.8
1958-03-04,14.0
1958-03-05,14.61
1958-03-06,17.74
1958-03-07,14.24
1958-03-08,24.32
1958-03-09,30.75
1958-03-10,30.77
1958-03-11,27.37
1958-03-12,20.89
1958-03-13,16.42
1958-03-14,15.25
1958-03-15,15.37
1958-03-16,16.62
1958-03-17,20.73
1958-03-18,22.79
1958-03-19,18.91
1958-03-20,16.83
1958-03-21,16.42
1958-03-22,18.23
1958-03-23,16.98
1958-03-24,16.22
1958-03-25,33.8
1958-03-26,30.92
1958-03-27,25.2
1958-03-28,31.24
1958-03-29,23.12
1958-03-30,19.93
1958-03-31,18.32
1958-04-01,17.43
1958-04-02,16.36
1958-04-03,18.18
1958-04-04,16.93
1958-04-05,17.43
1958-04-06,19.13
1958-04-07,19.18
1958-04-08,15.69
1958-04-09,16.6
1958-04-10,16.72
1958-04-11,16.48
1958-04-12,16.27
1958-04-13,16.13
1958-04-14,16.34
1958-04-15,15.68
1958-04-16,15.38
1958-04-17,15.32
1958-04-18,14.81
1958-04-19,14.55
1958-04-20,14.76
1958-04-21,14.81
1958-04-22,15.22
1958-04-23,14.29
1958-04-24,14.55
1958-04-25,14.76
1958-04-26,14.86
1958-04-27,14.71
1958-04-28,14.71
1958-04-29,15.04
1958-04-30,15.45
1958-05-01,14.7
1958-05-02,16.9
1958-05-03,17.84
1958-05-04,16.03
1958-05-05,14.45
1958-05-06,13.88
1958-05-07,14.71
1958-05-08,14.71
1958-05-09,13.98
1958-05-10,13.14
1958-05-11,12.54
1958-05-12,13.57
1958-05-13,13.05
1958-05-14,12.74
1958-05-15,12.64
1958-05-16,12.02
1958-05-17,12.06
1958-05-18,12.6
1958-05-19,14.3
1958-05-20,13.72
1958-05-21,12.29
1958-05-22,11.68
1958-05-23,11.56
1958-05-24,11.39
1958-05-25,11.68
1958-05-26,11.85
1958-05-27,11.18
1958-05-28,11.73
1958-05-29,14.55
1958-05-30,12.64
1958-05-31,11.56
1958-06-01,11.27
1958-06-02,11.22
1958-06-03,11.14
1958-06-04,10.93
1958-06-05,10.6
1958-06-06,10.27
1958-06-07,9.8
1958-06-08,9.52
1958-06-09,9.61
1958-06-10,9.79
1958-06-11,9.82
1958-06-12,9.96
1958-06-13,9.99
1958-06-14,9.96
1958-06-15,10.05
1958-06-16,10.2
1958-06-17,10.31
1958-06-18,9.96
1958-06-19,9.89
1958-06-20,9.78
1958-06-21,9.15
1958-06-22,8.81
1958-06-23,8.57
1958-06-24,8.53
1958-06-25,8.5
1958-06-26,8.4
1958-06-27,8.5
1958-06-28,8.57
1958-06-29,8.57
1958-06-30,8.84
1958-07-01,8.87
1958-07-02,8.74
1958-07-03,8.64
1958-07-04,8.64
1958-07-05,8.67
1958-07-06,8.26
1958-07-07,8.6
1958-07-08,8.01
1958-07-09,7.7
1958-07-10,7.82
1958-07-11,8.15
1958-07-12,7.9
1958-07-13,7.9
1958-07-14,7.97
1958-07-15,8.15
1958-07-16,8.36
1958-07-17,8.7
1958-07-18,8.4
1958-07-19,8.13
1958-07-20,8.33
1958-07-21,7.94
1958-07-22,7.75
1958-07-23,8.03
1958-07-24,8.6
1958-07-25,8.73
1958-07-26,8.45
1958-07-27,8.03
1958-07-28,8.26
1958-07-29,8.0
1958-07-30,8.24
1958-07-31,7.63
1958-08-01,5.96
1958-08-02,6.03
1958-08-03,6.26
1958-08-04,6.18
1958-08-05,6.41
1958-08-06,6.42
1958-08-07,6.52
1958-08-08,6.86
1958-08-09,6.71
1958-08-10,6.37
1958-08-11,6.56
1958-08-12,6.41
1958-08-13,6.26
1958-08-14,6.22
1958-08-15,6.34
1958-08-16,6.42
1958-08-17,6.41
1958-08-18,6.23
1958-08-19,6.6
1958-08-20,6.59
1958-08-21,6.26
1958-08-22,6.25
1958-08-23,5.97
1958-08-24,6.29
1958-08-25,6.3
1958-08-26,6.26
1958-08-27,6.44
1958-08-28,7.08
1958-08-29,7.08
1958-08-30,6.64
1958-08-31,7.12
1958-09-01,6.75
1958-09-02,6.63
1958-09-03,6.505
1958-09-04,6.38
1958-09-08,5.88
1958-09-09,6.48
1958-09-10,7.34
1958-09-11,7.01
1958-09-12,6.79
1958-09-13,7.01
1958-09-14,6.64
1958-09-15,6.33
1958-09-16,6.38
1958-09-17,6.26
1958-09-18,6.22
1958-09-19,6.27
1958-09-20,6.3725
1958-09-21,6.475
1958-10-01,7.5
1958-10-02,7.76
1958-10-03,8.16
1958-10-04,12.71
1958-10-05,14.92
1958-10-06,12.67
1958-10-07,8.42
1958-10-08,7.67
1958-10-09,7.59
1958-10-10,7.8
1958-10-11,7.37
1958-10-12,9.79
1958-10-13,11.52
1958-10-14,10.02
1958-10-15,9.3
1958-10-16,11.12
1958-10-17,13.7
1958-10-18,20.12
1958-10-19,15.63
1958-10-20,13.35
1958-10-21,11.55
1958-10-22,10.2
1958-10-23,9.96
1958-10-24,9.6
1958-10-25,9.12
1958-10-26,8.91
1958-10-27,9.24
1958-10-28,8.55
1958-10-29,8.39
1958-10-30,8.59
1958-10-31,8.39
1958-11-01,8.2
1958-11-02,8.46
1958-11-03,8.83
1958-11-04,8.49
1958-11-05,8.57
1958-11-06,8.39
1958-11-07,8.78
1958-11-08,8.95
1958-11-09,9.02
1958-11-10,8.85
1958-11-11,8.54
1958-11-12,8.54
1958-11-13,8.78
1958-11-14,8.54
1958-11-15,9.38
1958-11-16,9.7
1958-11-17,9.18
1958-11-18,9.45
1958-11-19,8.55
1958-11-20,8.14
1958-11-21,7.78
1958-11-22,7.45
1958-11-23,6.75
1958-11-24,6.6
1958-11-25,6.74
1958-11-26,6.82
1958-11-27,6.82
1958-11-28,7.08
1958-11-29,7.45
1958-11-30,7.35
1958-12-01,7.63
1958-12-02,8.38
1958-12-03,9.0
1958-12-04,9.0
1958-12-05,8.54
1958-12-06,8.86
1958-12-07,8.49
1958-12-08,8.66
1958-12-09,8.98
1958-12-10,8.41
1958-12-11,9.36
1958-12-12,9.6
1958-12-13,9.61
1958-12-14,10.09
1958-12-15,10.68
1958-12-16,10.68
1958-12-17,10.8
1958-12-18,11.28
1958-12-19,12.83
1958-12-20,14.62
1958-12-21,15.76
1958-12-22,18.41
1958-12-23,18.32
1958-12-24,17.03
1958-12-25,13.53
1958-12-26,11.88
1958-12-27,10.08
1958-12-28,9.48
1958-12-29,9.06
1958-12-30,8.88
1958-12-31,9.23
1959-01-01,9.64
1959-01-02,9.44
1959-01-03,9.44
1959-01-04,9.5
1959-01-05,9.89
1959-01-06,9.78
1959-01-07,10.98
1959-01-08,10.74
1959-01-09,11.25
1959-01-10,10.71
1959-01-11,10.2
1959-01-12,9.6
1959-01-13,9.9
1959-01-14,10.38
1959-01-15,10.86
1959-01-16,11.55
1959-01-17,12.3
1959-01-18,12.92
1959-01-19,12.89
1959-01-20,12.87
1959-01-21,12.78
1959-01-22,11.46
1959-01-23,11.19
1959-01-24,11.13
1959-01-25,11.55
1959-01-26,11.79
1959-01-27,10.26
1959-01-28,9.36
1959-01-29,9.19
1959-01-30,11.08
1959-01-31,19.25
1959-02-01,16.18
1959-02-02,16.85
1959-02-03,20.73
1959-02-04,16.74
1959-02-05,15.85
1959-02-06,21.42
1959-02-07,19.62
1959-02-08,20.35
1959-02-09,19.43
1959-02-10,16.85
1959-02-11,17.25
1959-02-12,18.36
1959-02-13,24.23
1959-02-14,31.57
1959-02-15,23.93
1959-02-16,29.12
1959-02-17,27.1
1959-02-18,33.85
1959-02-19,30.53
1959-02-20,21.48
1959-02-21,18.52
1959-02-22,17.88
1959-02-23,16.3
1959-02-24,17.1
1959-02-25,18.47
1959-02-26,18.15
1959-02-27,16.75
1959-02-28,19.14
1959-03-01,23.04
1959-03-02,21.65
1959-03-03,16.42
1959-03-04,16.48
1959-03-05,21.66
1959-03-06,22.39333333333333
1959-03-07,23.12666666666667
1959-03-14,28.26
1959-03-15,24.98
1959-03-16,21.3
1959-03-17,16.33
1959-03-18,19.18
1959-03-19,18.955
1959-03-20,18.73
1959-04-01,16.03
1959-04-02,17.17
1959-04-03,23.05
1959-04-04,22.18
1959-04-05,29.65
1959-04-06,24.87
1959-04-07,24.61
1959-04-08,23.85
1959-04-09,21.73
1959-04-10,18.83
1959-04-11,16.22
1959-04-12,15.15
1959-04-13,13.95
1959-04-14,13.8
1959-04-15,14.1
1959-04-16,14.1
1959-04-17,14.43
1959-04-18,18.18
1959-04-19,15.75
1959-04-20,14.85
1959-04-21,14.7
1959-04-22,16.12
1959-04-23,18.11
1959-04-24,31.09
1959-04-25,23.43
1959-04-26,17.97
1959-04-27,17.49111111111111
1959-04-28,17.01222222222222
1959-05-05,13.66
1959-05-06,12.66
1959-05-07,12.0
1959-05-08,11.64
1959-05-09,11.1
1959-05-10,10.68
1959-05-11,10.61
1959-05-12,10.37
1959-05-13,9.84
1959-05-14,9.9
1959-05-15,9.12
1959-05-16,8.45
1959-05-17,8.18
1959-05-18,8.14
1959-05-19,8.0
1959-05-20,8.27
1959-05-21,9.52
1959-05-22,8.65
1959-05-23,10.01
1959-05-24,7.74
1959-05-25,7.59
1959-05-26,7.48
1959-05-27,7.26
1959-05-28,7.23
1959-05-29,7.23
1959-05-30,6.8
1959-05-31,6.7
1959-06-01,6.635
1959-06-02,6.57
1959-06-03,6.53
1959-06-04,6.78
1959-06-05,7.12
1959-06-06,7.23
1959-06-07,6.9
1959-06-08,7.01
1959-06-09,6.57
1959-06-10,6.53
1959-06-11,6.466666666666667
1959-06-12,6.403333333333333
1959-06-16,6.15
1959-06-17,6.07
1959-06-18,6.29
1959-06-19,7.19
1959-06-20,6.57
1959-06-21,6.17
1959-06-22,6.03
1959-06-23,6.05
1959-06-24,6.18
1959-06-25,5.93
1959-06-26,5.69
1959-06-27,5.67
1959-06-28,5.652894736842105
1959-06-29,5.63578947368421
1959-08-04,5.02
1959-08-05,5.19
1959-08-06,5.29
1959-08-07,5.26
1959-08-08,5.14
1959-08-09,5.05
1959-08-10,5.12
1959-08-11,5.14
1959-08-12,5.23
1959-08-13,5.31
1959-08-14,5.4
1959-08-15,5.4
1959-08-16,5.48
1959-08-17,5.7
1959-08-18,5.41
1959-08-19,5.51
1959-08-20,5.2
1959-08-21,4.99
1959-08-22,4.97
1959-08-23,4.96
1959-08-24,4.85
1959-08-25,4.9
1959-08-26,5.03
1959-08-27,5.12
1959-08-28,5.07
1959-08-29,5.11
1959-08-30,5.16
1959-08-31,5.08
1959-09-01,4.93
1959-09-02,5.02
1959-09-03,5.07
1959-09-04,4.87
1959-09-05,4.71
1959-09-06,4.75
1959-09-07,4.68
1959-09-08,4.85
1959-09-09,5.21
1959-09-10,5.16
1959-09-11,5.07
1959-09-12,5.3
1959-09-13,4.96
1959-09-14,4.69
1959-09-15,4.71
1959-09-16,5.04
1959-09-17,5.26
1959-09-18,5.25
1959-09-19,5.44
1959-09-20,5.42
1959-09-21,5.19
1959-09-22,5.62
1959-09-23,6.12
1959-09-24,5.7
1959-09-25,5.42
1959-09-26,5.36
1959-09-27,5.56
1959-09-28,5.99
1959-09-29,5.6
1959-09-30,5.58
1959-10-01,5.28
1959-10-02,5.45
1959-10-03,5.39
1959-10-04,5.26
1959-10-05,5.5
1959-10-06,5.78
1959-10-07,5.6
1959-10-08,6.25
1959-10-09,7.13
1959-10-10,7.43
1959-10-11,6.86
1959-10-12,6.33
1959-10-13,6.11
1959-10-14,5.75
1959-10-15,5.56
1959-10-16,6.71
1959-10-17,7.3
1959-10-18,7.23
1959-10-19,6.42
1959-10-20,6.48
1959-10-21,7.57
1959-10-22,9.94
1959-10-23,13.2
1959-10-24,17.6
1959-10-25,15.73
1959-10-26,14.93
1959-10-27,14.18
1959-10-28,12.41
1959-10-29,7.93
1959-10-30,7.8
1959-10-31,6.5
1959-11-01,6.536666666666667
1959-11-02,6.573333333333333
1959-11-03,6.61
1959-11-04,6.11
1959-11-05,6.25
1959-11-06,6.86
1959-11-07,6.57
1959-11-08,6.41
1959-11-09,7.156666666666667
1959-11-10,7.903333333333333
1959-11-14,10.89
1959-11-15,10.2
1959-11-16,9.6
1959-11-17,9.17
1959-11-18,7.81
1959-11-19,7.3
1959-11-20,6.72
1959-11-21,6.35
1959-11-22,6.35
1959-11-23,6.35
1959-11-24,6.41
1959-11-25,6.41
1959-11-26,6.41
1959-11-27,6.93
1959-11-28,7.26
1959-11-29,7.19
1959-11-30,9.09
1959-12-01,13.65
1959-12-02,11.13
1959-12-03,10.14
1959-12-04,11.58
1959-12-05,10.62
1959-12-06,10.71
1959-12-07,13.05
1959-12-08,12.68
1959-12-09,14.94
1959-12-10,15.068666666666669
1959-12-11,15.197333333333331
1959-12-24,16.87
1959-12-25,16.28
1959-12-26,15.08
1959-12-27,15.45
1959-12-28,15.0
1959-12-29,13.43
1959-12-30,13.28
1959-12-31,15.93
1960-01-01,13.97
1960-01-02,12.52
1960-01-03,11.7
1960-01-04,11.3
1960-01-05,11.3
1960-01-06,11.15
1960-01-07,10.6
1960-01-08,9.29
1960-01-09,9.39
1960-01-10,8.93
1960-01-11,10.06
1960-01-12,10.77
1960-01-13,9.56
1960-01-14,8.88
1960-01-15,10.82
1960-01-16,13.32
1960-01-17,14.7
1960-01-18,15.58
1960-01-19,16.238333333333333
1960-01-20,16.89666666666667
1960-01-24,19.53
1960-01-25,16.76
1960-01-26,14.21
1960-01-27,14.184205607476637
1960-01-28,14.158411214953272
1960-05-12,11.45
1960-05-13,11.08
1960-05-14,10.87
1960-05-15,10.82
1960-05-16,10.73
1960-05-17,9.87
1960-05-18,9.14
1960-05-19,9.39
1960-05-20,9.05
1960-05-21,9.05
1960-05-22,8.63
1960-05-23,8.29
1960-05-24,7.79
1960-05-25,7.18
1960-05-26,6.88
1960-05-27,7.03
1960-05-28,6.97
1960-05-29,6.82
1960-05-30,6.67
1960-05-31,6.6
1960-06-01,6.82
1960-06-02,6.9
1960-06-03,6.72
1960-06-04,6.53
1960-06-05,6.53
1960-06-06,6.37
1960-06-07,6.2
1960-06-08,6.33
1960-06-09,6.5
1960-06-10,6.67
1960-06-11,6.67
1960-06-12,6.63
1960-06-13,6.6
1960-06-14,6.37
1960-06-15,6.07
1960-06-16,6.0
1960-06-17,6.2
1960-06-18,6.0
1960-06-19,6.0
1960-06-20,6.015086206896552
1960-06-21,6.030172413793103
1960-10-13,7.75
1960-10-14,8.25
1960-10-15,7.93
1960-10-16,8.09
1960-10-17,6.56
1960-10-18,6.522666666666666
1960-10-19,6.485333333333333
1960-11-01,6.0
1960-11-02,5.67
1960-11-03,7.72
1960-11-04,6.98
1960-11-05,9.65
1960-11-06,8.92
1960-11-07,9.15
1960-11-08,7.42
1960-11-09,10.63
1960-11-10,11.3
1960-11-11,11.55
1960-11-12,9.52
1960-11-13,6.47
1960-11-14,6.75
1960-11-15,8.41
1960-11-16,6.53
1960-11-17,7.37
1960-11-18,8.38
1960-11-19,9.48
1960-11-20,7.5
1960-11-21,6.83
1960-11-22,6.06
1960-11-23,6.8
1960-11-24,11.35
1960-11-25,9.03
1960-11-26,9.09
1960-11-27,7.89
1960-11-28,8.84
1960-11-29,9.74
1960-11-30,9.47
1960-12-01,10.0
1960-12-02,11.68
1960-12-03,10.97
1960-12-04,9.02
1960-12-05,8.25
1960-12-06,6.95
1960-12-07,7.35
1960-12-08,8.18
1960-12-09,7.82
1960-12-10,7.08
1960-12-11,10.34
1960-12-12,8.25
1960-12-13,8.88
1960-12-14,8.53
1960-12-15,8.53
1960-12-16,8.44
1960-12-17,7.64
1960-12-18,7.74
1960-12-19,8.22
1960-12-20,8.23
1960-12-21,7.28
1960-12-22,7.18
1960-12-23,7.08
1960-12-24,6.23
1960-12-25,7.13
1960-12-26,6.61
1960-12-27,6.55
1960-12-28,7.33
1960-12-29,11.29
1960-12-30,12.67
1960-12-31,12.85
1961-01-01,13.28
1961-01-02,13.5
1961-01-03,11.88
1961-01-04,11.3
1961-01-05,11.68
1961-01-06,13.22
1961-01-07,14.85
1961-01-08,17.58
1961-01-09,18.13
1961-01-10,16.48
1961-01-11,15.55
1961-01-12,15.55
1961-01-13,19.19
1961-01-14,21.52
1961-01-15,23.5
1961-01-16,22.3
1961-01-17,22.1
1961-01-18,20.41
1961-01-19,20.0
1961-01-20,19.94
1961-01-21,19.2
1961-01-22,18.57
1961-01-23,16.3
1961-01-24,15.2
1961-01-25,13.83
1961-01-26,13.23
1961-01-27,16.24
1961-01-28,17.37
1961-01-29,17.93
1961-01-30,16.88
1961-01-31,13.73
1961-02-01,12.3
1961-02-02,11.73
1961-02-03,11.7
1961-02-04,11.55
1961-02-05,11.4
1961-02-06,11.08
1961-02-07,10.93
1961-02-08,10.85
1961-02-09,10.88
1961-02-10,11.2
1961-02-11,11.78
1961-02-12,12.25
1961-02-13,11.68
1961-02-14,11.88
1961-02-15,13.07
1961-02-16,16.15
1961-02-17,19.32
1961-02-18,17.65
1961-02-19,18.78
1961-02-20,14.88
1961-02-21,14.1
1961-02-22,16.62
1961-02-23,19.45
1961-02-24,17.35
1961-02-25,15.03
1961-02-26,19.47
1961-02-27,19.84
1961-02-28,19.86
1961-03-01,19.54
1961-03-02,19.6
1961-03-03,19.95
1961-03-04,19.83
1961-03-05,19.85
1961-03-06,19.48
1961-03-07,20.0
1961-03-08,20.95
1961-03-09,20.21
1961-03-10,19.87
1961-03-11,21.6
1961-03-12,20.88
1961-03-13,19.93
1961-03-14,19.46
1961-03-15,19.54
1961-03-16,19.28
1961-03-17,19.45
1961-03-18,20.95
1961-03-19,20.2
1961-03-20,20.62
1961-03-21,19.8
1961-03-22,19.78
1961-03-23,18.98
1961-03-24,17.1
1961-03-25,16.22
1961-03-26,15.92
1961-03-27,14.0
1961-03-28,14.83
1961-03-29,16.55
1961-03-30,18.38
1961-03-31,20.17
1961-04-01,19.33
1961-04-02,19.81
1961-04-03,20.27
1961-04-04,20.27
1961-04-05,20.06
1961-04-06,20.06
1961-04-07,19.6
1961-04-08,19.1
1961-04-09,17.57
1961-04-10,15.43
1961-04-11,15.03
1961-04-12,14.27
1961-04-13,13.97
1961-04-14,13.5
1961-04-15,15.57
1961-04-16,13.7
1961-04-17,14.03
1961-04-18,16.25
1961-04-19,19.92
1961-04-20,18.96
1961-04-21,16.44
1961-04-22,14.52
1961-04-23,13.2
1961-04-24,12.83
1961-04-25,13.04
1961-04-26,12.35
1961-04-27,13.38
1961-04-28,12.42
1961-04-29,11.88
1961-04-30,11.85
1961-05-01,11.78
1961-05-02,11.63
1961-05-03,11.3
1961-05-04,11.28
1961-05-05,11.18
1961-05-06,11.18
1961-05-07,11.1
1961-05-08,11.25
1961-05-09,11.23
1961-05-10,11.25
1961-05-11,11.35
1961-05-12,11.23
1961-05-13,11.25
1961-05-14,11.4
1961-05-15,12.03
1961-05-16,11.54
1961-05-17,11.05
1961-05-18,11.03
1961-05-19,11.33
1961-05-20,11.03
1961-05-21,11.3
1961-05-22,11.6
1961-05-23,11.23
1961-05-24,10.08
1961-05-25,10.78
1961-05-26,10.19
1961-05-27,9.54
1961-05-28,9.32
1961-05-29,9.17
1961-05-30,8.84
1961-05-31,8.43
1961-06-01,8.55
1961-06-02,7.85
1961-06-03,9.44
1961-06-04,8.04
1961-06-05,7.85
1961-06-06,8.56
1961-06-07,8.19
1961-06-08,8.39
1961-06-09,8.07
1961-06-10,7.44
1961-06-11,7.27
1961-06-12,6.82
1961-06-13,6.5
1961-06-14,6.53
1961-06-15,6.47
1961-06-16,6.47
1961-06-17,6.5
1961-06-18,6.3
1961-06-19,6.2
1961-06-20,5.87
1961-06-21,5.8
1961-06-22,5.6
1961-06-23,5.52
1961-06-24,5.45
1961-06-25,5.32
1961-06-26,5.35
1961-06-27,5.37
1961-06-28,5.32
1961-06-29,5.04
1961-06-30,5.22
1961-07-01,5.17
1961-07-02,5.27
1961-07-03,5.04
1961-07-04,4.7
1961-07-05,4.57
1961-07-06,4.53
1961-07-07,4.66
1961-07-08,4.56
1961-07-09,4.57
1961-07-10,4.65
1961-07-11,4.63
1961-07-12,4.58
1961-07-13,4.6
1961-07-14,4.53
1961-07-15,4.5
1961-07-16,4.52
1961-07-17,4.5
1961-07-18,4.5
1961-07-19,4.5
1961-07-20,4.48
1961-07-21,4.48
1961-07-22,4.45
1961-07-23,4.46
1961-07-24,4.48
1961-07-25,4.43
1961-07-26,4.38
1961-07-27,4.36
1961-07-28,4.4
1961-07-29,4.43
1961-07-30,4.48
1961-07-31,4.52
1961-08-01,4.49
1961-08-02,4.43
1961-08-03,4.39
1961-08-04,4.38
1961-08-05,4.4
1961-08-06,4.42
1961-08-07,4.42
1961-08-08,4.42
1961-08-09,4.42
1961-08-10,4.47
1961-08-11,4.5
1961-08-12,4.48
1961-08-13,4.5
1961-08-14,4.51
1961-08-15,4.38
1961-08-16,4.66
1961-08-17,4.36
1961-08-18,4.39
1961-08-19,4.31
1961-08-20,4.3
1961-08-21,4.3
1961-08-22,4.32
1961-08-23,4.38
1961-08-24,4.49
1961-08-25,4.48
1961-08-26,4.42
1961-08-27,4.47
1961-08-28,4.48
1961-08-29,4.48
1961-08-30,4.51
1961-08-31,4.47
1961-09-01,4.31
1961-09-02,4.3
1961-09-03,4.35
1961-09-04,4.44
1961-09-05,4.34
1961-09-06,4.37
1961-09-07,4.69
1961-09-08,4.69
1961-09-09,4.7
1961-09-10,4.38
1961-09-11,4.31
1961-09-12,4.31
1961-09-13,4.32
1961-09-14,4.32
1961-09-15,4.31
1961-09-16,4.3
1961-09-17,4.28
1961-09-18,4.29
1961-09-19,4.32
1961-09-20,4.42
1961-09-21,4.44
1961-09-22,5.84
1961-09-23,5.44
1961-09-24,4.58
1961-09-25,4.49
1961-09-26,4.46
1961-09-27,4.4
1961-09-28,4.36
1961-09-29,4.32
1961-09-30,4.32
1961-10-01,4.21
1961-10-02,4.19
1961-10-03,4.19
1961-10-04,4.23
1961-10-05,4.16
1961-10-06,4.21
1961-10-07,4.23
1961-10-08,4.18
1961-10-09,4.15
1961-10-10,4.19
1961-10-11,4.39
1961-10-12,4.38
1961-10-13,4.74
1961-10-14,4.61
1961-10-15,4.58
1961-10-16,4.6
1961-10-17,4.59
1961-10-18,4.7
1961-10-19,4.82
1961-10-20,4.7
1961-10-21,4.65
1961-10-22,4.75
1961-10-23,6.0
1961-10-24,6.17
1961-10-25,5.7
1961-10-26,5.15
1961-10-27,4.9
1961-10-28,4.95
1961-10-29,6.0
1961-10-30,8.27
1961-10-31,5.77
1961-11-01,5.62
1961-11-02,5.47
1961-11-03,11.98
1961-11-04,13.3
1961-11-05,16.77
1961-11-06,15.71
1961-11-07,17.73
1961-11-08,15.26
1961-11-09,12.32
1961-11-10,10.71
1961-11-11,8.43
1961-11-12,6.78
1961-11-13,5.83
1961-11-14,5.43
1961-11-15,5.22
1961-11-16,5.89
1961-11-17,7.11
1961-11-18,6.93
1961-11-19,10.32
1961-11-20,9.3
1961-11-21,8.27
1961-11-22,7.33
1961-11-23,7.49
1961-11-24,9.0
1961-11-25,10.3
1961-11-26,11.47
1961-11-27,8.83
1961-11-28,8.88
1961-11-29,8.83
1961-11-30,11.53
1961-12-01,11.72
1961-12-02,9.74
1961-12-03,7.27
1961-12-04,8.25
1961-12-05,11.95
1961-12-06,11.96
1961-12-07,10.78
1961-12-08,11.13
1961-12-09,9.84
1961-12-10,7.64
1961-12-11,6.83
1961-12-12,6.43
1961-12-13,7.08
1961-12-14,8.4
1961-12-15,9.88
1961-12-16,11.1
1961-12-17,13.9
1961-12-18,13.9
1961-12-19,15.53
1961-12-20,14.43
1961-12-21,12.57
1961-12-22,11.43
1961-12-23,10.17
1961-12-24,10.07
1961-12-25,11.45
1961-12-26,12.28
1961-12-27,12.66
1961-12-28,14.88
1961-12-29,12.7
1961-12-30,12.8
1961-12-31,17.37
1962-01-01,16.15
1962-01-02,13.82
1962-01-03,13.33
1962-01-04,17.01
1962-01-05,14.73
1962-01-06,14.88
1962-01-07,14.52
1962-01-08,14.5
1962-01-09,13.25
1962-01-10,12.74
1962-01-11,15.95
1962-01-12,15.93
1962-01-13,16.5
1962-01-14,13.76
1962-01-15,13.67
1962-01-16,14.71
1962-01-17,17.85
1962-01-18,22.44
1962-01-19,19.3
1962-01-20,20.52
1962-01-21,20.0
1962-01-22,23.32
1962-01-23,26.97
1962-01-24,28.71
1962-01-25,29.84
1962-01-26,29.82
1962-01-27,29.58
1962-01-28,28.65
1962-01-29,28.97
1962-01-30,28.2
1962-01-31,27.49
1962-02-01,27.02
1962-02-02,28.36
1962-02-03,28.31
1962-02-04,26.71
1962-02-05,26.39
1962-02-06,26.4
1962-02-07,27.17
1962-02-08,28.03
1962-02-09,28.32
1962-02-10,27.05
1962-02-11,27.39
1962-02-12,27.91
1962-02-13,26.47
1962-02-14,24.42
1962-02-15,25.07
1962-02-16,25.7
1962-02-17,26.57
1962-02-18,28.57
1962-02-19,28.52
1962-02-20,27.18
1962-02-21,27.05
1962-02-22,26.1
1962-02-23,25.57
1962-02-24,25.7
1962-02-25,25.25
1962-02-26,25.59
1962-02-27,25.4
1962-02-28,25.55
1962-03-01,25.29
1962-03-02,26.84
1962-03-03,25.58
1962-03-04,26.65
1962-03-05,26.61
1962-03-06,27.2
1962-03-07,27.39
1962-03-08,29.08
1962-03-09,29.29
1962-03-10,30.51
1962-03-11,30.59
1962-03-12,31.18
1962-03-13,29.81
1962-03-14,29.87
1962-03-15,30.51
1962-03-16,29.95
1962-03-17,28.22
1962-03-18,27.66
1962-03-19,27.12
1962-03-20,27.09
1962-03-21,27.28
1962-03-22,26.5
1962-03-23,25.83
1962-03-24,25.52
1962-03-25,28.44
1962-03-26,28.01
1962-03-27,27.3
1962-03-28,27.06
1962-03-29,26.92
1962-03-30,27.67
1962-03-31,29.83
1962-04-01,28.18
1962-04-02,26.74
1962-04-03,27.12
1962-04-04,26.48
1962-04-05,26.35
1962-04-06,26.69
1962-04-07,26.9
1962-04-08,25.73
1962-04-09,25.23
1962-04-10,24.85
1962-04-11,21.03
1962-04-12,17.73
1962-04-13,17.6
1962-04-14,17.63
1962-04-15,17.0
1962-04-16,16.62
1962-04-17,20.28
1962-04-18,21.37
1962-04-19,21.48
1962-04-20,19.07
1962-04-21,17.9
1962-04-22,16.47
1962-04-23,16.93
1962-04-24,15.55
1962-04-25,17.0
1962-04-26,17.23
1962-04-27,16.2
1962-04-28,15.82
1962-04-29,14.3
1962-04-30,13.88
1962-05-01,13.44
1962-05-02,13.4
1962-05-03,13.42
1962-05-04,13.17
1962-05-05,12.9
1962-05-06,12.64
1962-05-07,12.52
1962-05-08,11.1
1962-05-09,10.25
1962-05-10,10.59
1962-05-11,10.59
1962-05-12,10.59
1962-05-13,11.46
1962-05-14,11.18
1962-05-15,10.42
1962-05-16,11.17
1962-05-17,12.83
1962-05-18,12.9
1962-05-19,12.59
1962-05-20,11.6
1962-05-21,10.09
1962-05-22,10.25
1962-05-23,10.5
1962-05-24,10.25
1962-05-25,10.0
1962-05-26,9.75
1962-05-27,9.75
1962-05-28,9.51
1962-05-29,9.38
1962-05-30,9.94
1962-05-31,11.0
1962-06-01,9.51
1962-06-02,9.51
1962-06-03,9.44
1962-06-04,9.13
1962-06-05,9.06
1962-06-06,9.06
1962-06-07,9.25
1962-06-08,9.19
1962-06-09,9.06
1962-06-10,9.06
1962-06-11,9.5
1962-06-12,9.13
1962-06-13,9.0
1962-06-14,8.54
1962-06-15,8.54
1962-06-16,8.47
1962-06-17,8.34
1962-06-18,8.19
1962-06-19,8.15
1962-06-20,8.12
1962-06-21,8.04
1962-06-22,8.0
1962-06-23,8.0
1962-06-24,7.47
1962-06-25,7.08
1962-06-26,6.68
1962-06-27,6.56
1962-06-28,6.68
1962-06-29,6.92
1962-06-30,6.62
1962-07-01,6.5
1962-07-02,6.39
1962-07-03,6.91
1962-07-04,7.03
1962-07-05,7.1
1962-07-06,7.28
1962-07-07,7.6
1962-07-08,7.35
1962-07-09,7.35
1962-07-10,7.17
1962-07-11,7.03
1962-07-12,6.73
1962-07-13,6.73
1962-07-14,6.92
1962-07-15,6.92
1962-07-16,7.6
1962-07-17,7.53
1962-07-18,7.47
1962-07-19,7.15
1962-07-20,6.97
1962-07-21,6.92
1962-07-22,7.1
1962-07-23,6.97
1962-07-24,6.68
1962-07-25,6.56
1962-07-26,6.62
1962-07-27,6.68
1962-07-28,6.98
1962-07-29,7.23
1962-07-30,7.6
1962-07-31,7.35
1962-08-01,7.23
1962-08-02,7.35
1962-08-03,7.23
1962-08-04,7.16
1962-08-05,7.72
1962-08-06,7.98
1962-08-07,7.81
1962-08-08,7.91
1962-08-09,7.67
1962-08-10,7.22
1962-08-11,7.03
1962-08-12,6.85
1962-08-13,6.98
1962-08-14,7.23
1962-08-15,7.17
1962-08-16,6.8
1962-08-17,7.57
1962-08-18,7.14
1962-08-19,6.68
1962-08-20,6.62
1962-08-21,6.36
1962-08-22,5.93
1962-08-23,6.1
1962-08-24,6.22
1962-08-25,6.63
1962-08-26,6.48
1962-08-27,6.81
1962-08-28,7.3
1962-08-29,7.03
1962-08-30,6.68
1962-08-31,6.64
1962-09-01,6.5
1962-09-02,6.3
1962-09-03,6.2
1962-09-04,6.08
1962-09-05,5.99
1962-09-06,5.65
1962-09-07,5.38
1962-09-08,5.48
1962-09-09,5.39
1962-09-10,5.29
1962-09-11,5.33
1962-09-12,5.35
1962-09-13,5.15
1962-09-14,5.37
1962-09-15,5.43
1962-09-16,5.32
1962-09-17,5.9
1962-09-18,6.49
1962-09-19,6.05
1962-09-20,6.59
1962-09-21,7.1
1962-09-22,6.67
1962-09-23,6.33
1962-09-24,5.98
1962-09-25,6.41
1962-09-26,7.91
1962-09-27,13.15
1962-09-28,10.65
1962-09-29,9.99
1962-09-30,8.52
1962-10-01,7.38
1962-10-02,7.17
1962-10-03,6.93
1962-10-04,6.45
1962-10-05,6.74
1962-10-06,7.17
1962-10-07,7.05
1962-10-08,6.8
1962-10-09,6.5
1962-10-10,6.55
1962-10-11,6.23
1962-10-12,6.86
1962-10-13,7.75
1962-10-14,7.38
1962-10-15,8.04
1962-10-16,8.36
1962-10-17,8.15
1962-10-18,7.28
1962-10-19,8.79
1962-10-20,8.11
1962-10-21,6.68
1962-10-22,5.93
1962-10-23,6.32
1962-10-24,6.65
1962-10-25,6.56
1962-10-26,6.28
1962-10-27,6.93
1962-10-28,6.83
1962-10-29,6.93
1962-10-30,9.29
1962-10-31,12.28
1962-11-01,13.52
1962-11-02,13.37
1962-11-03,13.38
1962-11-04,13.65
1962-11-05,13.25
1962-11-06,12.94
1962-11-07,12.82
1962-11-08,12.75
1962-11-09,12.68
1962-11-10,12.6
1962-11-11,12.71
1962-11-12,12.62
1962-11-13,11.66
1962-11-14,10.91
1962-11-15,9.71
1962-11-16,9.55
1962-11-17,9.25
1962-11-18,9.56
1962-11-19,9.46
1962-11-20,9.25
1962-11-21,9.16
1962-11-22,8.49
1962-11-23,8.7
1962-11-24,9.62
1962-11-25,8.64
1962-11-26,8.39
1962-11-27,8.31
1962-11-28,7.98
1962-11-29,8.35
1962-11-30,9.47
1962-12-01,10.61
1962-12-02,11.3
1962-12-03,12.83
1962-12-04,12.27
1962-12-05,10.14
1962-12-06,9.1
1962-12-07,8.75
1962-12-08,8.97
1962-12-09,12.52
1962-12-10,13.0
1962-12-11,12.81
1962-12-12,12.14
1962-12-13,12.79
1962-12-14,12.66
1962-12-15,9.87
1962-12-16,9.44
1962-12-17,8.81
1962-12-18,9.31
1962-12-19,8.81
1962-12-20,9.58
1962-12-21,8.82
1962-12-22,9.6
1962-12-23,10.17
1962-12-24,9.13
1962-12-25,9.52
1962-12-26,9.45
1962-12-27,8.82
1962-12-28,9.59
1962-12-29,12.74
1962-12-30,12.7
1962-12-31,10.78
1963-01-01,9.82
1963-01-02,15.14
1963-01-03,15.63
1963-01-04,17.57
1963-01-05,17.57
1963-01-06,15.25
1963-01-07,13.46
1963-01-08,13.0
1963-01-09,12.99
1963-01-10,13.71
1963-01-11,13.4
1963-01-12,13.32
1963-01-13,13.17
1963-01-14,13.48
1963-01-15,14.26
1963-01-16,12.93
1963-01-17,12.7
1963-01-18,11.78
1963-01-19,10.73
1963-01-20,11.64
1963-01-21,10.91
1963-01-22,10.87
1963-01-23,12.48
1963-01-24,13.3
1963-01-25,12.89
1963-01-26,12.91
1963-01-27,12.82
1963-01-28,14.35
1963-01-29,13.72
1963-01-30,12.84
1963-01-31,12.62
1963-02-01,11.93
1963-02-02,11.03
1963-02-03,11.35
1963-02-04,14.17
1963-02-05,22.17
1963-02-06,25.87
1963-02-07,27.45
1963-02-08,22.52
1963-02-09,23.33
1963-02-10,16.82
1963-02-11,16.7
1963-02-12,16.93
1963-02-13,15.67
1963-02-14,14.27
1963-02-15,13.68
1963-02-16,13.34
1963-02-17,13.14
1963-02-18,12.98
1963-02-19,12.96
1963-02-20,12.7
1963-02-21,12.22
1963-02-22,11.15
1963-02-23,10.77
1963-02-24,12.71
1963-02-25,13.57
1963-02-26,15.11
1963-02-27,18.98
1963-02-28,19.08
1963-03-01,18.85
1963-03-02,28.77
1963-03-03,31.04
1963-03-04,31.65
1963-03-05,29.45
1963-03-06,28.11
1963-03-07,31.4
1963-03-08,31.63
1963-03-09,29.99
1963-03-10,30.43
1963-03-11,34.74
1963-03-12,29.95
1963-03-13,28.94
1963-03-14,27.52
1963-03-15,26.0
1963-03-16,25.02
1963-03-17,26.22
1963-03-18,24.0
1963-03-19,22.98
1963-03-20,25.27
1963-03-21,26.82
1963-03-22,30.15
1963-03-23,29.72
1963-03-24,30.05
1963-03-25,30.2
1963-03-26,29.08
1963-03-27,27.72
1963-03-28,27.92
1963-03-29,29.78
1963-03-30,28.86
1963-03-31,26.66
1963-04-01,23.92
1963-04-02,20.18
1963-04-03,20.73
1963-04-04,22.09
1963-04-05,20.81
1963-04-06,26.27
1963-04-07,30.74
1963-04-08,28.6
1963-04-09,31.39
1963-04-10,28.91
1963-04-11,27.61
1963-04-12,26.84
1963-04-13,26.3
1963-04-14,24.71
1963-04-15,20.38
1963-04-16,18.32
1963-04-17,17.83
1963-04-18,19.43
1963-04-19,16.87
1963-04-20,15.78
1963-04-21,14.93
1963-04-22,13.63
1963-04-23,13.05
1963-04-24,12.62
1963-04-25,12.21
1963-04-26,11.91
1963-04-27,10.5
1963-04-28,10.09
1963-04-29,10.09
1963-04-30,10.17
1963-05-01,10.715
1963-05-02,11.26
1963-05-03,11.115
1963-05-04,10.97
1963-05-06,10.68
1963-05-07,10.58
1963-05-08,10.113333333333332
1963-05-09,9.646666666666668
1963-05-10,9.18
1963-05-11,9.163333333333334
1963-05-12,9.146666666666668
1963-05-13,9.13
1963-05-14,9.095
1963-05-15,9.06
1963-05-16,8.23
1963-05-17,8.39
1963-05-18,8.39
1963-05-19,8.39
1963-05-20,8.39
1963-05-21,7.92
1963-05-22,7.918333333333333
1963-05-23,7.916666666666667
1963-05-27,7.91
1963-05-28,7.88
1963-05-29,7.85
1963-06-01,7.76
1963-06-02,6.79
1963-06-03,6.57
1963-06-04,6.73
1963-06-05,6.8
1963-06-06,6.6
1963-06-07,6.51
1963-06-08,6.48
1963-06-09,6.52
1963-06-10,6.3
1963-06-11,6.36
1963-06-12,6.33
1963-06-13,6.31
1963-06-14,6.54
1963-06-15,6.45
1963-06-16,6.34
1963-06-17,6.87
1963-06-18,7.19
1963-06-19,6.07
1963-06-20,5.62
1963-06-21,5.51
1963-06-22,5.28
1963-06-23,5.26
1963-06-24,5.2
1963-06-25,4.92
1963-06-26,5.03
1963-06-27,5.0
1963-06-28,4.97
1963-06-29,4.97
1963-06-30,4.97
1963-07-01,5.14
1963-07-02,5.25
1963-07-03,5.2
1963-07-04,5.31
1963-07-05,5.2
1963-07-06,5.2
1963-07-07,4.97
1963-07-08,4.89
1963-07-09,4.89
1963-07-10,4.97
1963-07-11,4.97
1963-07-12,4.94
1963-07-13,4.83
1963-07-14,4.76
1963-07-15,4.71
1963-07-16,4.8
1963-07-17,4.75
1963-07-18,4.79
1963-07-19,4.98
1963-07-20,5.09
1963-07-21,5.09
1963-07-22,4.94
1963-07-23,4.91
1963-07-24,4.73
1963-07-25,4.64
1963-07-26,4.59
1963-07-27,4.5
1963-07-28,4.5
1963-07-29,4.45
1963-07-30,4.45
1963-07-31,4.47
1963-08-01,4.53
1963-08-02,4.79
1963-08-03,4.87
1963-08-04,4.93
1963-08-05,4.97
1963-08-06,4.94
1963-08-07,5.03
1963-08-08,4.9
1963-08-09,4.9
1963-08-10,4.81
1963-08-11,4.66
1963-08-12,4.66
1963-08-13,4.57
1963-08-14,4.66
1963-08-15,4.67
1963-08-16,4.9
1963-08-17,4.94
1963-08-18,4.87
1963-08-19,4.91
1963-08-20,4.87
1963-08-21,4.81
1963-08-22,4.66
1963-08-23,4.69
1963-08-24,4.87
1963-08-25,5.04
1963-08-26,5.11
1963-08-27,5.11
1963-08-28,5.17
1963-08-29,5.25
1963-08-30,5.28
1963-08-31,5.45
1963-09-01,5.17
1963-09-02,4.87
1963-09-03,4.74
1963-09-04,4.61
1963-09-05,4.66
1963-09-06,4.67
1963-09-07,4.88
1963-09-08,4.87
1963-09-09,4.64
1963-09-10,4.79
1963-09-11,5.03
1963-09-12,4.85
1963-09-13,5.0
1963-09-14,5.14
1963-09-15,5.25
1963-09-16,5.34
1963-09-17,5.11
1963-09-18,4.97
1963-09-19,5.11
1963-09-20,5.14
1963-09-21,4.97
1963-09-22,5.25
1963-09-23,5.01
1963-09-24,4.73
1963-09-25,5.04
1963-09-26,5.31
1963-09-27,5.23
1963-09-28,5.25
1963-09-29,5.28
1963-09-30,5.34
1963-10-01,5.51
1963-10-02,6.19
1963-10-03,6.43
1963-10-04,5.94
1963-10-05,5.11
1963-10-06,4.94
1963-10-07,4.91
1963-10-08,5.48
1963-10-09,5.11
1963-10-10,4.78
1963-10-11,4.91
1963-10-12,4.94
1963-10-13,4.73
1963-10-14,4.64
1963-10-15,4.87
1963-10-16,5.41
1963-10-17,6.47
1963-10-18,6.27
1963-10-19,5.4
1963-10-20,4.89
1963-10-21,5.37
1963-10-22,5.93
1963-10-23,5.42
1963-10-24,5.76
1963-10-25,5.91
1963-10-26,7.0
1963-10-27,8.27
1963-10-28,7.77
1963-10-29,7.25
1963-10-30,9.7
1963-10-31,8.36
1963-11-01,9.13
1963-11-02,8.41
1963-11-03,9.55
1963-11-04,19.93
1963-11-05,19.41
1963-11-06,14.2
1963-11-07,11.58
1963-11-08,9.32
1963-11-09,8.5
1963-11-10,8.02
1963-11-11,7.09
1963-11-12,6.54
1963-11-13,6.3
1963-11-14,6.05
1963-11-15,6.02
1963-11-16,6.02
1963-11-17,6.12
1963-11-18,6.61
1963-11-19,6.68
1963-11-20,8.65
1963-11-21,11.8
1963-11-22,16.86
1963-11-23,17.74
1963-11-24,17.18
1963-11-25,12.28
1963-11-26,10.27
1963-11-27,9.7
1963-11-28,10.32
1963-11-29,14.11
1963-11-30,17.35
1963-12-01,18.23
1963-12-02,19.01
1963-12-03,20.04
1963-12-04,25.03
1963-12-05,23.43
1963-12-06,25.57
1963-12-07,23.17
1963-12-08,19.46
1963-12-09,15.61
1963-12-10,13.77
1963-12-11,13.16
1963-12-12,13.24
1963-12-13,14.64
1963-12-14,17.23
1963-12-15,21.03
1963-12-16,20.07
1963-12-17,19.58
1963-12-18,16.83
1963-12-19,15.08
1963-12-20,13.5
1963-12-21,12.8
1963-12-22,12.72
1963-12-23,11.49
1963-12-24,10.08
1963-12-25,9.79
1963-12-26,9.98
1963-12-27,9.71
1963-12-28,10.0
1963-12-29,9.9
1963-12-30,10.87
1963-12-31,12.54
1964-01-01,10.79
1964-01-02,10.01
1964-01-03,12.8
1964-01-04,11.63
1964-01-05,10.58
1964-01-06,11.05
1964-01-07,15.95
1964-01-08,13.15
1964-01-09,12.01
1964-01-10,12.89
1964-01-11,14.54
1964-01-12,14.55
1964-01-13,17.09
1964-01-14,18.32
1964-01-15,20.37
1964-01-16,19.19
1964-01-17,16.04
1964-01-18,15.05
1964-01-19,14.34
1964-01-20,14.47
1964-01-21,13.68
1964-01-22,15.34
1964-01-23,14.01
1964-01-24,14.73
1964-01-25,15.34
1964-01-26,14.21
1964-01-27,14.47
1964-01-28,14.64
1964-01-29,14.03
1964-01-30,15.26
1964-01-31,15.17
1964-02-01,15.43
1964-02-02,18.66
1964-02-03,17.7
1964-02-04,18.58
1964-02-05,17.09
1964-02-06,17.7
1964-02-07,17.97
1964-02-08,17.35
1964-02-09,15.17
1964-02-10,14.55
1964-02-11,13.77
1964-02-12,12.98
1964-02-13,12.54
1964-02-14,13.86
1964-02-15,14.46
1964-02-16,17.7
1964-02-17,17.35
1964-02-18,16.83
1964-02-19,25.28
1964-02-20,35.4
1964-02-21,32.82
1964-02-22,29.2
1964-02-23,25.1
1964-02-24,19.67
1964-02-25,18.55
1964-02-26,17.06
1964-02-27,15.17
1964-02-28,14.46
1964-02-29,14.81
1964-03-01,16.79
1964-03-02,18.71
1964-03-03,17.87
1964-03-04,22.19
1964-03-05,20.63
1964-03-06,20.3
1964-03-07,21.96
1964-03-08,22.43
1964-03-09,16.91
1964-03-10,16.39
1964-03-11,22.07
1964-03-12,21.43
1964-03-13,19.63
1964-03-14,22.6
1964-03-15,19.28
1964-03-16,17.87
1964-03-17,17.35
1964-03-18,17.66
1964-03-19,19.21
1964-03-20,21.44
1964-03-21,17.97
1964-03-22,16.74
1964-03-23,16.31
1964-03-24,16.48
1964-03-25,19.89
1964-03-26,19.41
1964-03-27,20.03
1964-03-28,21.39
1964-03-29,23.17
1964-03-30,23.1
1964-03-31,24.04
1964-04-01,30.04
1964-04-02,28.83
1964-04-03,22.97
1964-04-04,19.17
1964-04-05,17.44
1964-04-06,16.74
1964-04-07,17.62
1964-04-08,24.7
1964-04-09,25.1
1964-04-10,23.63
1964-04-11,21.24
1964-04-12,17.44
1964-04-13,17.35
1964-04-14,15.69
1964-04-15,15.87
1964-04-16,15.43
1964-04-17,14.9
1964-04-18,14.73
1964-04-19,16.13
1964-04-20,14.38
1964-04-21,14.55
1964-04-22,16.04
1964-04-23,15.16
1964-04-24,19.5
1964-04-25,16.39
1964-04-26,17.88
1964-04-27,15.25
1964-04-28,14.2
1964-04-29,14.47
1964-04-30,14.29
1964-05-01,14.73
1964-05-02,14.29
1964-05-03,13.88
1964-05-04,12.1
1964-05-05,10.08
1964-05-06,9.61
1964-05-07,9.08
1964-05-08,8.89
1964-05-09,8.84
1964-05-10,8.6
1964-05-11,8.21
1964-05-12,8.07
1964-05-13,7.68
1964-05-14,7.68
1964-05-15,7.54
1964-05-16,7.63
1964-05-17,7.68
1964-05-18,7.49
1964-05-19,7.2
1964-05-20,7.58
1964-05-21,12.98
1964-05-22,14.99
1964-05-23,9.67
1964-05-24,8.65
1964-05-25,7.87
1964-05-26,7.44
1964-05-27,7.15
1964-05-28,7.25
1964-05-29,7.05
1964-05-30,6.89
1964-05-31,6.75
1964-06-01,6.68
1964-06-02,6.68
1964-06-03,6.68
1964-06-04,6.68
1964-06-05,6.61
1964-06-06,7.22
1964-06-07,7.68
1964-06-08,6.88
1964-06-09,6.47
1964-06-10,6.3
1964-06-11,6.19
1964-06-12,6.26
1964-06-13,6.16
1964-06-14,6.05
1964-06-15,5.88
1964-06-16,5.84
1964-06-17,5.56
1964-06-18,5.42
1964-06-19,5.28
1964-06-20,5.35
1964-06-21,5.25
1964-06-22,4.87
1964-06-23,4.99
1964-06-24,5.35
1964-06-25,5.2
1964-06-26,4.91
1964-06-27,4.77
1964-06-28,4.86
1964-06-29,4.91
1964-06-30,5.09
1964-07-01,5.14
1964-07-02,5.28
1964-07-03,5.28
1964-07-04,5.05
1964-07-05,4.99
1964-07-06,5.32
1964-07-07,5.18
1964-07-08,5.35
1964-07-09,5.08
1964-07-10,5.0
1964-07-11,5.0
1964-07-12,4.88
1964-07-13,4.72
1964-07-14,4.63
1964-07-15,4.83
1964-07-16,5.05
1964-07-17,5.05
1964-07-18,4.98
1964-07-19,4.88
1964-07-20,4.95
1964-07-21,5.37
1964-07-22,6.05
1964-07-23,5.54
1964-07-24,5.02
1964-07-25,4.67
1964-07-26,4.44
1964-07-27,4.44
1964-07-28,4.76
1964-07-29,4.53
1964-07-30,4.23
1964-07-31,4.14
1964-08-01,3.97
1964-08-02,4.11
1964-08-03,4.27
1964-08-04,4.21
1964-08-05,4.21
1964-08-06,4.21
1964-08-07,4.32
1964-08-08,4.43
1964-08-09,4.53
1964-08-10,4.51
1964-08-11,4.32
1964-08-12,4.53
1964-08-13,4.42
1964-08-14,4.51
1964-08-15,4.63
1964-08-16,4.63
1964-08-17,4.35
1964-08-18,4.39
1964-08-19,4.39
1964-08-20,4.44
1964-08-21,4.25
1964-08-22,4.39
1964-08-23,4.79
1964-08-24,5.16
1964-08-25,5.05
1964-08-26,4.67
1964-08-27,4.69
1964-08-28,4.78
1964-08-29,4.28
1964-08-30,4.09
1964-08-31,4.28
1964-09-01,3.86
1964-09-02,3.69
1964-09-03,3.6
1964-09-04,3.55
1964-09-05,3.65
1964-09-06,3.69
1964-09-07,3.76
1964-09-08,4.0
1964-09-09,4.07
1964-09-10,3.9
1964-09-11,3.86
1964-09-12,3.9
1964-09-13,3.6
1964-09-14,3.44
1964-09-15,3.48
1964-09-16,3.39
1964-09-17,3.35
1964-09-18,3.69
1964-09-19,4.65
1964-09-20,4.14
1964-09-21,3.97
1964-09-22,4.04
1964-09-23,4.88
1964-09-24,6.05
1964-09-25,5.84
1964-09-26,4.88
1964-09-27,4.46
1964-09-28,4.11
1964-09-29,3.9
1964-09-30,4.11
1964-10-01,4.53
1964-10-02,4.56
1964-10-03,5.35
1964-10-04,5.91
1964-10-05,5.42
1964-10-06,5.91
1964-10-07,5.84
1964-10-08,6.72
1964-10-09,13.18
1964-10-10,14.88
1964-10-11,9.52
1964-10-12,8.7
1964-10-13,8.13
1964-10-14,7.13
1964-10-15,6.82
1964-10-16,6.44
1964-10-17,6.44
1964-10-18,5.7
1964-10-19,5.21
1964-10-20,4.81
1964-10-21,4.62
1964-10-22,4.72
1964-10-23,4.99
1964-10-24,4.85
1964-10-25,6.3
1964-10-26,6.54
1964-10-27,6.19
1964-10-28,6.73
1964-10-29,7.57
1964-10-30,6.96
1964-10-31,6.54
1964-11-01,6.72
1964-11-02,9.91
1964-11-03,19.63
1964-11-04,16.13
1964-11-05,13.33
1964-11-06,11.23
1964-11-07,8.74
1964-11-08,7.83
1964-11-09,8.31
1964-11-10,7.87
1964-11-11,8.31
1964-11-12,7.83
1964-11-13,7.2
1964-11-14,6.75
1964-11-15,6.51
1964-11-16,6.37
1964-11-17,6.09
1964-11-18,6.75
1964-11-19,15.07
1964-11-20,15.43
1964-11-21,10.63
1964-11-22,8.36
1964-11-23,7.68
1964-11-24,6.94
1964-11-25,7.04
1964-11-26,7.37
1964-11-27,6.62
1964-11-28,5.85
1964-11-29,5.67
1964-11-30,5.39
1964-12-01,5.35
1964-12-02,5.25
1964-12-03,5.56
1964-12-04,5.91
1964-12-05,5.98
1964-12-06,6.61
1964-12-07,6.05
1964-12-08,5.91
1964-12-09,5.67
1964-12-10,5.49
1964-12-11,5.42
1964-12-12,5.35
1964-12-13,5.28
1964-12-14,5.49
1964-12-15,5.35
1964-12-16,6.02
1964-12-17,5.18
1964-12-18,5.32
1964-12-19,5.49
1964-12-20,5.18
1964-12-21,5.07
1964-12-22,5.21
1964-12-23,5.67
1964-12-24,5.11
1964-12-25,5.07
1964-12-26,7.08
1964-12-27,8.16
1964-12-28,7.97
1964-12-29,7.03
1964-12-30,6.37
1964-12-31,5.88
1965-01-01,5.7
1965-01-02,5.6
1965-01-03,5.98
1965-01-04,6.61
1965-01-05,6.79
1965-01-06,7.9
1965-01-07,11.55
1965-01-08,12.19
1965-01-09,9.88
1965-01-10,9.22
1965-01-11,8.16
1965-01-12,7.39
1965-01-13,6.72
1965-01-14,6.61
1965-01-15,6.37
1965-01-16,7.2
1965-01-17,10.43
1965-01-18,8.02
1965-01-19,6.94
1965-01-20,6.47
1965-01-21,6.12
1965-01-22,6.05
1965-01-23,6.37
1965-01-24,6.19
1965-01-25,5.88
1965-01-26,5.7
1965-01-27,5.7
1965-01-28,5.56
1965-01-29,5.42
1965-01-30,5.63
1965-01-31,5.7
1965-02-01,5.56
1965-02-02,5.91
1965-02-03,6.3
1965-02-04,7.2
1965-02-05,6.65
1965-02-06,6.33
1965-02-07,6.05
1965-02-08,6.05
1965-02-09,6.16
1965-02-10,6.05
1965-02-11,6.61
1965-02-12,6.44
1965-02-13,8.15
1965-02-14,14.96
1965-02-15,18.66
1965-02-16,14.73
1965-02-17,10.73
1965-02-18,14.65
1965-02-19,23.03
1965-02-20,29.23
1965-02-21,29.73
1965-02-22,29.36
1965-02-23,28.53
1965-02-24,32.91
1965-02-25,26.5
1965-02-26,22.9
1965-02-27,22.7
1965-02-28,21.1
1965-03-01,21.5
1965-03-02,20.62
1965-03-03,18.92
1965-03-04,23.63
1965-03-05,28.22
1965-03-06,25.84
1965-03-07,25.83
1965-03-08,27.97
1965-03-09,25.57
1965-03-10,25.23
1965-03-11,24.43
1965-03-12,25.97
1965-03-13,25.17
1965-03-14,25.43
1965-03-15,23.3
1965-03-16,20.86
1965-03-17,22.33
1965-03-18,23.59
1965-03-19,23.37
1965-03-20,21.97
1965-03-21,22.23
1965-03-22,23.17
1965-03-23,20.6
1965-03-24,17.71
1965-03-25,16.07
1965-03-26,23.36
1965-03-27,22.9
1965-03-28,21.7
1965-03-29,21.13
1965-03-30,18.89
1965-03-31,17.62
1965-04-01,16.57
1965-04-02,17.7
1965-04-03,17.45
1965-04-04,18.15
1965-04-05,16.89
1965-04-06,23.57
1965-04-07,21.8
1965-04-08,21.6
1965-04-09,18.14
1965-04-10,16.13
1965-04-11,15.17
1965-04-12,18.06
1965-04-13,19.41
1965-04-14,17.27
1965-04-15,14.64
1965-04-16,12.89
1965-04-17,11.4
1965-04-18,10.7
1965-04-19,9.71
1965-04-20,9.18
1965-04-21,9.04
1965-04-22,11.53
1965-04-23,9.89
1965-04-24,9.03
1965-04-25,9.45
1965-04-26,11.4
1965-04-27,11.32
1965-04-28,16.65
1965-04-29,16.69
1965-04-30,21.33
1965-05-01,19.37
1965-05-02,15.16
1965-05-03,12.98
1965-05-04,11.05
1965-05-05,9.81
1965-05-06,9.23
1965-05-07,8.84
1965-05-08,8.79
1965-05-09,8.6
1965-05-10,8.26
1965-05-11,7.87
1965-05-12,9.23
1965-05-13,8.36
1965-05-14,8.93
1965-05-15,8.36
1965-05-16,7.65
1965-05-17,6.96
1965-05-18,6.82
1965-05-19,6.75
1965-05-20,6.89
1965-05-21,6.65
1965-05-22,6.23
1965-05-23,6.02
1965-05-24,6.02
1965-05-25,6.02
1965-05-26,5.88
1965-05-27,5.84
1965-05-28,5.63
1965-05-29,5.7
1965-05-30,5.6
1965-05-31,5.46
1965-06-01,5.49
1965-06-02,5.49
1965-06-03,5.32
1965-06-04,5.18
1965-06-05,5.21
1965-06-06,5.35
1965-06-07,5.21
1965-06-08,5.0
1965-06-09,5.0
1965-06-10,5.07
1965-06-11,4.99
1965-06-12,4.99
1965-06-13,4.86
1965-06-14,4.91
1965-06-15,4.95
1965-06-16,4.81
1965-06-17,4.7
1965-06-18,4.58
1965-06-19,4.63
1965-06-20,4.6
1965-06-21,4.58
1965-06-22,4.46
1965-06-23,4.49
1965-06-24,4.46
1965-06-25,4.44
1965-06-26,4.37
1965-06-27,4.23
1965-06-28,4.18
1965-06-29,4.28
1965-06-30,4.28
1965-07-01,4.14
1965-07-02,4.23
1965-07-03,4.25
1965-07-04,4.51
1965-07-05,4.42
1965-07-06,4.18
1965-07-07,4.16
1965-07-08,4.35
1965-07-09,4.37
1965-07-10,4.0
1965-07-11,3.88
1965-07-12,3.88
1965-07-13,3.88
1965-07-14,3.88
1965-07-15,3.97
1965-07-16,3.88
1965-07-17,3.88
1965-07-18,3.88
1965-07-19,3.88
1965-07-20,3.88
1965-07-21,3.88
1965-07-22,3.76
1965-07-23,3.7
1965-07-24,3.96
1965-07-25,3.58
1965-07-26,3.6
1965-07-27,3.69
1965-07-28,3.99
1965-07-29,3.65
1965-07-30,3.51
1965-07-31,3.58
1965-08-01,3.44
1965-08-02,3.48
1965-08-03,3.6
1965-08-04,3.58
1965-08-05,3.51
1965-08-06,3.51
1965-08-07,3.55
1965-08-08,3.6
1965-08-09,3.44
1965-08-10,3.46
1965-08-11,3.41
1965-08-12,3.37
1965-08-13,3.53
1965-08-14,3.65
1965-08-15,3.65
1965-08-16,4.04
1965-08-17,4.14
1965-08-18,3.97
1965-08-19,3.88
1965-08-20,3.95
1965-08-21,3.97
1965-08-22,3.83
1965-08-23,3.75
1965-08-24,3.72
1965-08-25,3.65
1965-08-26,3.65
1965-08-27,3.61
1965-08-28,3.62
1965-08-29,3.74
1965-08-30,3.69
1965-08-31,3.72
1965-09-01,3.72
1965-09-02,3.93
1965-09-03,4.98
1965-09-04,5.11
1965-09-05,4.71
1965-09-06,4.72
1965-09-07,4.72
1965-09-08,5.71
1965-09-09,6.1
1965-09-10,5.0
1965-09-11,4.56
1965-09-12,4.39
1965-09-13,4.78
1965-09-14,5.67
1965-09-15,6.41
1965-09-16,5.14
1965-09-17,4.81
1965-09-18,4.99
1965-09-19,5.46
1965-09-20,5.0
1965-09-21,4.93
1965-09-22,5.12
1965-09-23,4.67
1965-09-24,4.91
1965-09-25,4.98
1965-09-26,6.1
1965-09-27,6.92
1965-09-28,8.5
1965-09-29,8.88
1965-09-30,8.99
1965-10-01,9.98
1965-10-02,10.88
1965-10-03,16.26
1965-10-04,10.65
1965-10-05,8.36
1965-10-06,7.75
1965-10-07,6.54
1965-10-08,5.89
1965-10-09,5.42
1965-10-10,5.18
1965-10-11,5.11
1965-10-12,10.75
1965-10-13,7.54
1965-10-14,8.02
1965-10-15,10.12
1965-10-16,10.09
1965-10-17,10.73
1965-10-18,8.94
1965-10-19,7.92
1965-10-20,8.07
1965-10-21,7.65
1965-10-22,11.36
1965-10-23,15.78
1965-10-24,12.71
1965-10-25,16.92
1965-10-26,14.12
1965-10-27,10.65
1965-10-28,8.99
1965-10-29,7.97
1965-10-30,9.47
1965-10-31,8.36
1965-11-01,7.83
1965-11-02,7.58
1965-11-03,7.39
1965-11-04,7.25
1965-11-05,7.54
1965-11-06,7.73
1965-11-07,7.27
1965-11-08,9.02
1965-11-09,9.74
1965-11-10,11.87
1965-11-11,9.27
1965-11-12,7.83
1965-11-13,7.13
1965-11-14,6.96
1965-11-15,7.01
1965-11-16,7.04
1965-11-17,8.24
1965-11-18,10.27
1965-11-19,12.02
1965-11-20,9.79
1965-11-21,8.74
1965-11-22,10.98
1965-11-23,8.74
1965-11-24,8.02
1965-11-25,7.63
1965-11-26,8.26
1965-11-27,7.92
1965-11-28,7.31
1965-11-29,6.98
1965-11-30,6.85
1965-12-01,6.52
1965-12-02,7.02
1965-12-03,9.04
1965-12-04,14.96
1965-12-05,14.2
1965-12-06,18.15
1965-12-07,14.9
1965-12-08,10.95
1965-12-09,8.74
1965-12-10,8.16
1965-12-11,7.81
1965-12-12,7.65
1965-12-13,7.58
1965-12-14,8.65
1965-12-15,11.65
1965-12-16,11.75
1965-12-17,17.8
1965-12-18,21.2
1965-12-19,20.26
1965-12-20,18.01
1965-12-21,19.58
1965-12-22,18.75
1965-12-23,18.8
1965-12-24,22.77
1965-12-25,18.93
1965-12-26,16.65
1965-12-27,14.64
1965-12-28,15.51
1965-12-29,28.07
1965-12-30,28.12
1965-12-31,34.54
1966-01-01,30.8
1966-01-02,30.71
1966-01-03,30.04
1966-01-04,27.92
1966-01-05,24.83
1966-01-06,23.43
1966-01-07,21.37
1966-01-08,20.31
1966-01-09,19.8
1966-01-10,20.86
1966-01-11,26.5
1966-01-12,24.23
1966-01-13,19.76
1966-01-14,17.7
1966-01-15,16.83
1966-01-16,15.43
1966-01-17,14.55
1966-01-18,13.33
1966-01-19,12.88
1966-01-20,12.28
1966-01-21,11.84
1966-01-22,19.74
1966-01-23,16.48
1966-01-24,15.95
1966-01-25,16.61
1966-01-26,18.8
1966-01-27,17.23
1966-01-28,21.62
1966-01-29,21.62
1966-01-30,21.68
1966-01-31,21.09
1966-02-01,18.05
1966-02-02,17.44
1966-02-03,17.79
1966-02-04,19.94
1966-02-05,25.88
1966-02-06,22.37
1966-02-07,19.47
1966-02-08,19.75
1966-02-09,19.93
1966-02-10,16.65
1966-02-11,15.95
1966-02-12,15.87
1966-02-13,16.69
1966-02-14,18.1
1966-02-15,21.41
1966-02-16,24.23
1966-02-17,25.85
1966-02-18,24.03
1966-02-19,23.63
1966-02-20,24.57
1966-02-21,29.12
1966-02-22,26.97
1966-02-23,23.97
1966-02-24,22.7
1966-02-25,21.08
1966-02-26,20.42
1966-02-27,21.88
1966-02-28,21.7
1966-03-01,21.49
1966-03-02,26.5
1966-03-03,22.83
1966-03-04,19.34
1966-03-05,17.7
1966-03-06,16.65
1966-03-07,15.86
1966-03-08,16.92
1966-03-09,15.95
1966-03-10,14.73
1966-03-11,13.68
1966-03-12,12.72
1966-03-13,12.37
1966-03-14,11.49
1966-03-15,10.97
1966-03-16,12.8
1966-03-17,12.1
1966-03-18,11.05
1966-03-19,13.33
1966-03-20,12.8
1966-03-21,12.45
1966-03-22,11.67
1966-03-23,11.4
1966-03-24,11.84
1966-03-25,12.89
1966-03-26,15.51
1966-03-27,13.15
1966-03-28,12.63
1966-03-29,11.75
1966-03-30,11.76
1966-03-31,11.93
1966-04-01,11.13
1966-04-02,12.02
1966-04-03,15.43
1966-04-04,17.18
1966-04-05,13.94
1966-04-06,12.37
1966-04-07,11.23
1966-04-08,18.11
1966-04-09,19.42
1966-04-10,25.43
1966-04-11,21.18
1966-04-12,15.78
1966-04-13,14.29
1966-04-14,13.5
1966-04-15,13.24
1966-04-16,13.33
1966-04-17,11.84
1966-04-18,10.97
1966-04-19,10.44
1966-04-20,12.45
1966-04-21,12.98
1966-04-22,11.58
1966-04-23,13.07
1966-04-24,11.14
1966-04-25,16.18
1966-04-26,17.67
1966-04-27,14.29
1966-04-28,12.63
1966-04-29,11.05
1966-04-30,10.53
1966-05-01,12.8
1966-05-02,12.01
1966-05-03,14.81
1966-05-04,19.77
1966-05-05,17.27
1966-05-06,14.29
1966-05-07,13.59
1966-05-08,12.45
1966-05-09,11.05
1966-05-10,10.88
1966-05-11,10.27
1966-05-12,9.9
1966-05-13,9.57
1966-05-14,10.19
1966-05-15,13.68
1966-05-16,17.44
1966-05-17,14.56
1966-05-18,12.89
1966-05-19,11.14
1966-05-20,10.09
1966-05-21,9.9
1966-05-22,9.94
1966-05-23,9.33
1966-05-24,8.6
1966-05-25,8.45
1966-05-26,8.36
1966-05-27,7.58
1966-05-28,7.25
1966-05-29,7.4
1966-05-30,8.74
1966-05-31,8.5
1966-06-01,8.41
1966-06-02,8.45
1966-06-03,8.02
1966-06-04,8.36
1966-06-05,8.12
1966-06-06,7.87
1966-06-07,8.02
1966-06-08,8.04
1966-06-09,7.34
1966-06-10,8.96
1966-06-11,7.99
1966-06-12,7.11
1966-06-13,8.12
1966-06-14,7.34
1966-06-15,7.29
1966-06-16,6.96
1966-06-17,7.2
1966-06-18,7.54
1966-06-19,7.73
1966-06-20,7.83
1966-06-21,8.26
1966-06-22,8.45
1966-06-23,8.65
1966-06-24,8.12
1966-06-25,7.76
1966-06-26,7.63
1966-06-27,7.53
1966-06-28,7.01
1966-06-29,6.39
1966-06-30,6.44
1966-07-01,6.57
1966-07-02,7.68
1966-07-03,7.2
1966-07-04,6.99
1966-07-05,6.02
1966-07-06,6.26
1966-07-07,7.97
1966-07-08,6.98
1966-07-09,5.49
1966-07-10,6.71
1966-07-11,7.87
1966-07-12,7.78
1966-07-13,8.16
1966-07-14,7.42
1966-07-15,6.37
1966-07-16,6.54
1966-07-17,9.18
1966-07-18,7.6
1966-07-19,6.33
1966-07-20,6.19
1966-07-21,9.24
1966-07-22,9.23
1966-07-23,8.55
1966-07-24,8.31
1966-07-25,7.33
1966-07-26,6.75
1966-07-27,6.94
1966-07-28,6.92
1966-07-29,6.68
1966-07-30,6.26
1966-07-31,6.23
1966-08-01,6.51
1966-08-02,6.75
1966-08-03,6.33
1966-08-04,6.08
1966-08-05,6.09
1966-08-06,5.98
1966-08-07,5.89
1966-08-08,7.25
1966-08-09,7.02
1966-08-10,7.12
1966-08-11,7.32
1966-08-12,7.05
1966-08-13,6.28
1966-08-14,7.36
1966-08-15,6.7
1966-08-16,7.06
1966-08-17,6.73
1966-08-18,6.9
1966-08-19,6.97
1966-08-20,6.54
1966-08-21,5.99
1966-08-22,6.83
1966-08-23,6.57
1966-08-24,7.06
1966-08-25,6.33
1966-08-26,5.29
1966-08-27,7.17
1966-08-28,7.49
1966-08-29,7.11
1966-08-30,6.03
1966-08-31,8.12
1966-09-01,8.51
1966-09-02,7.92
1966-09-03,7.83
1966-09-04,8.02
1966-09-05,7.08
1966-09-06,6.46
1966-09-07,8.6
1966-09-08,7.44
1966-09-09,7.49
1966-09-10,7.11
1966-09-11,7.15
1966-09-12,6.99
1966-09-13,6.42
1966-09-14,6.23
1966-09-15,6.3
1966-09-16,6.33
1966-09-17,5.91
1966-09-18,6.19
1966-09-19,5.81
1966-09-20,5.56
1966-09-21,5.67
1966-09-22,6.74
1966-09-23,7.86
1966-09-24,6.33
1966-09-25,5.77
1966-09-26,5.7
1966-09-27,5.88
1966-09-28,6.0
1966-09-29,6.24
1966-09-30,6.31
1966-10-01,6.45
1966-10-02,6.21
1966-10-03,6.57
1966-10-04,6.64
1966-10-05,6.4
1966-10-06,7.06
1966-10-07,6.47
1966-10-08,6.61
1966-10-09,8.99
1966-10-10,8.79
1966-10-11,9.42
1966-10-12,9.86
1966-10-13,13.11
1966-10-14,15.53
1966-10-15,12.02
1966-10-16,9.26
1966-10-17,8.31
1966-10-18,8.5
1966-10-19,9.37
1966-10-20,9.87
1966-10-21,10.7
1966-10-22,9.5
1966-10-23,8.7
1966-10-24,9.27
1966-10-25,12.54
1966-10-26,10.33
1966-10-27,9.13
1966-10-28,8.26
1966-10-29,7.83
1966-10-30,8.07
1966-10-31,9.86
1966-11-01,12.72
1966-11-02,12.19
1966-11-03,18.19
1966-11-04,19.78
1966-11-05,18.5
1966-11-06,14.28
1966-11-07,12.63
1966-11-08,11.58
1966-11-09,10.44
1966-11-10,10.17
1966-11-11,10.05
1966-11-12,10.62
1966-11-13,9.57
1966-11-14,9.04
1966-11-15,8.7
1966-11-16,8.79
1966-11-17,8.26
1966-11-18,8.01
1966-11-19,10.06
1966-11-20,9.32
1966-11-21,8.89
1966-11-22,8.93
1966-11-23,9.03
1966-11-24,8.89
1966-11-25,9.17
1966-11-26,10.18
1966-11-27,15.95
1966-11-28,16.13
1966-11-29,11.14
1966-11-30,10.18
1966-12-01,10.44
1966-12-02,12.28
1966-12-03,13.85
1966-12-04,13.59
1966-12-05,14.23
1966-12-06,15.17
1966-12-07,16.3
1966-12-08,13.5
1966-12-09,13.94
1966-12-10,14.64
1966-12-11,12.45
1966-12-12,11.14
1966-12-13,10.53
1966-12-14,10.07
1966-12-15,8.46
1966-12-16,7.98
1966-12-17,7.83
1966-12-18,8.21
1966-12-19,7.87
1966-12-20,7.83
1966-12-21,7.63
1966-12-22,7.83
1966-12-23,7.63
1966-12-24,7.58
1966-12-25,7.68
1966-12-26,7.68
1966-12-27,7.87
1966-12-28,7.83
1966-12-29,7.78
1966-12-30,7.59
1966-12-31,7.54
1967-01-01,7.15
1967-01-02,7.68
1967-01-03,7.87
1967-01-04,8.6
1967-01-05,7.83
1967-01-06,8.02
1967-01-07,9.27
1967-01-08,11.06
1967-01-09,9.98
1967-01-10,9.47
1967-01-11,14.3
1967-01-12,22.17
1967-01-13,27.42
1967-01-14,27.75
1967-01-15,20.96
1967-01-16,20.35
1967-01-17,24.23
1967-01-18,19.24
1967-01-19,21.97
1967-01-20,20.38
1967-01-21,21.18
1967-01-22,22.83
1967-01-23,24.3
1967-01-24,27.49
1967-01-25,28.92
1967-01-26,31.19
1967-01-27,27.49
1967-01-28,23.3
1967-01-29,20.21
1967-01-30,28.37
1967-01-31,28.22
1967-02-01,30.28
1967-02-02,34.63
1967-02-03,29.0
1967-02-04,25.97
1967-02-05,25.97
1967-02-06,24.69
1967-02-07,28.89
1967-02-08,37.08
1967-02-09,42.88
1967-02-10,32.39
1967-02-11,25.63
1967-02-12,23.23
1967-02-13,22.7
1967-02-14,22.3
1967-02-15,25.03
1967-02-16,22.06
1967-02-17,22.1
1967-02-18,33.14
1967-02-19,28.45
1967-02-20,31.57
1967-02-21,30.61
1967-02-22,25.77
1967-02-23,44.45
1967-02-24,74.1
1967-02-25,65.52
1967-02-26,57.32
1967-02-27,51.2
1967-02-28,50.15
1967-03-01,49.8
1967-03-02,48.63
1967-03-03,50.73
1967-03-04,47.0
1967-03-05,45.02
1967-03-06,46.53
1967-03-07,46.18
1967-03-08,43.27
1967-03-09,37.99
1967-03-10,33.97
1967-03-11,33.3
1967-03-12,33.97
1967-03-13,39.15
1967-03-14,43.03
1967-03-15,45.95
1967-03-16,45.48
1967-03-17,44.08
1967-03-18,51.6
1967-03-19,62.19
1967-03-20,60.69
1967-03-21,53.46
1967-03-22,48.52
1967-03-23,43.03
1967-03-24,39.63
1967-03-25,42.51
1967-03-26,39.99
1967-03-27,37.13
1967-03-28,38.81
1967-03-29,36.55
1967-03-30,36.73
1967-03-31,37.6
1967-04-01,33.8
1967-04-02,37.16
1967-04-03,30.63
1967-04-04,27.57
1967-04-05,27.1
1967-04-06,24.83
1967-04-07,23.43
1967-04-08,22.5
1967-04-09,21.83
1967-04-10,21.3
1967-04-11,21.1
1967-04-12,21.37
1967-04-13,23.23
1967-04-14,21.77
1967-04-15,20.92
1967-04-16,21.23
1967-04-17,20.77
1967-04-18,20.7
1967-04-19,22.7
1967-04-20,26.1
1967-04-21,28.08
1967-04-22,46.47
1967-04-23,36.52
1967-04-24,35.5
1967-04-25,29.52
1967-04-26,27.22
1967-04-27,23.97
1967-04-28,22.83
1967-04-29,21.7
1967-04-30,21.03
1967-05-01,20.5
1967-05-02,16.57
1967-05-03,14.88
1967-05-04,10.61
1967-05-05,10.52
1967-05-06,10.1
1967-05-07,10.06
1967-05-08,9.69
1967-05-09,9.51
1967-05-10,9.14
1967-05-11,9.0
1967-05-12,10.93
1967-05-13,9.96
1967-05-14,9.74
1967-05-15,9.42
1967-05-16,9.55
1967-05-17,10.53
1967-05-18,11.45
1967-05-19,10.3
1967-05-20,9.55
1967-05-21,9.57
1967-05-22,10.17
1967-05-23,9.37
1967-05-24,8.91
1967-05-25,8.68
1967-05-26,8.55
1967-05-27,8.87
1967-05-28,8.64
1967-05-29,8.36
1967-05-30,8.13
1967-05-31,8.04
1967-06-01,7.99
1967-06-02,7.72
1967-06-03,7.72
1967-06-04,7.68
1967-06-05,7.4
1967-06-06,7.45
1967-06-07,7.4
1967-06-08,7.45
1967-06-09,8.27
1967-06-10,8.18
1967-06-11,8.59
1967-06-12,7.9
1967-06-13,7.08
1967-06-14,7.77
1967-06-15,7.22
1967-06-16,6.34
1967-06-17,6.16
1967-06-18,7.17
1967-06-19,7.54
1967-06-20,6.99
1967-06-21,6.8
1967-06-22,6.71
1967-06-23,6.07
1967-06-24,6.8
1967-06-25,6.67
1967-06-26,6.58
1967-06-27,6.34
1967-06-28,6.07
1967-06-29,5.79
1967-06-30,5.97
1967-07-01,5.66
1967-07-02,5.12
1967-07-03,6.02
1967-07-04,5.7
1967-07-05,4.76
1967-07-06,4.62
1967-07-07,4.49
1967-07-08,4.26
1967-07-09,4.26
1967-07-10,5.06
1967-07-11,6.39
1967-07-12,5.71
1967-07-13,5.75
1967-07-14,5.7
1967-07-15,6.94
1967-07-16,6.34
1967-07-17,6.67
1967-07-18,5.98
1967-07-19,5.7
1967-07-20,5.7
1967-07-21,6.47
1967-07-22,5.39
1967-07-23,5.48
1967-07-24,5.03
1967-07-25,4.94
1967-07-26,5.43
1967-07-27,5.07
1967-07-28,5.12
1967-07-29,5.57
1967-07-30,5.21
1967-07-31,5.07
1967-08-01,5.03
1967-08-02,4.98
1967-08-03,5.61
1967-08-04,4.89
1967-08-05,4.53
1967-08-06,4.53
1967-08-07,4.49
1967-08-08,4.22
1967-08-09,4.03
1967-08-10,3.68
1967-08-11,3.59
1967-08-12,3.72
1967-08-13,3.68
1967-08-14,4.31
1967-08-15,3.9
1967-08-16,3.9
1967-08-17,4.4
1967-08-18,5.57
1967-08-19,4.49
1967-08-20,3.95
1967-08-21,3.95
1967-08-22,5.3
1967-08-23,3.68
1967-08-24,4.08
1967-08-25,3.63
1967-08-26,4.94
1967-08-27,5.48
1967-08-28,4.8
1967-08-29,4.4
1967-08-30,4.35
1967-08-31,4.67
1967-09-01,5.48
1967-09-02,6.07
1967-09-03,4.85
1967-09-04,4.71
1967-09-05,3.59
1967-09-06,3.68
1967-09-07,3.72
1967-09-08,3.59
1967-09-09,5.49
1967-09-10,6.44
1967-09-11,6.12
1967-09-12,5.84
1967-09-13,5.34
1967-09-14,6.66
1967-09-15,7.31
1967-09-16,8.18
1967-09-17,6.62
1967-09-18,5.75
1967-09-19,5.03
1967-09-20,4.53
1967-09-21,4.13
1967-09-22,4.22
1967-09-23,4.8
1967-09-24,4.04
1967-09-25,4.85
1967-09-26,4.53
1967-09-27,4.31
1967-09-28,3.94
1967-09-29,4.85
1967-09-30,6.26
1967-10-01,8.59
1967-10-02,12.22
1967-10-03,14.99
1967-10-04,11.37
1967-10-05,10.61
1967-10-06,10.61
1967-10-07,15.52
1967-10-08,14.56
1967-10-09,12.07
1967-10-10,12.73
1967-10-11,17.88
1967-10-12,21.47
1967-10-13,21.0
1967-10-14,31.33
1967-10-15,25.02
1967-10-16,20.67
1967-10-17,32.83
1967-10-18,27.68
1967-10-19,19.07
1967-10-20,15.3
1967-10-21,15.09
1967-10-22,13.2
1967-10-23,11.83
1967-10-24,11.32
1967-10-25,11.02
1967-10-26,18.23
1967-10-27,15.5
1967-10-28,11.89
1967-10-29,10.01
1967-10-30,9.37
1967-10-31,9.37
1967-11-01,8.73
1967-11-02,8.45
1967-11-03,8.18
1967-11-04,7.9
1967-11-05,8.18
1967-11-06,7.54
1967-11-07,9.09
1967-11-08,9.0
1967-11-09,8.27
1967-11-10,8.04
1967-11-11,7.86
1967-11-12,7.63
1967-11-13,7.03
1967-11-14,6.85
1967-11-15,6.43
1967-11-16,8.27
1967-11-17,8.22
1967-11-18,11.37
1967-11-19,25.81
1967-11-20,22.82
1967-11-21,14.74
1967-11-22,11.49
1967-11-23,9.69
1967-11-24,8.5
1967-11-25,7.95
1967-11-26,7.81
1967-11-27,7.58
1967-11-28,7.31
1967-11-29,7.17
1967-11-30,6.85
1967-12-01,7.95
1967-12-02,7.9
1967-12-03,7.58
1967-12-04,8.04
1967-12-05,7.53
1967-12-06,7.22
1967-12-07,6.9
1967-12-08,7.58
1967-12-09,8.84
1967-12-10,8.64
1967-12-11,8.82
1967-12-12,8.57
1967-12-13,8.0
1967-12-14,7.82
1967-12-15,7.17
1967-12-16,6.25
1967-12-17,6.89
1967-12-18,9.96
1967-12-19,10.51
1967-12-20,10.19
1967-12-21,9.19
1967-12-22,7.99
1967-12-23,7.44
1967-12-24,6.99
1967-12-25,6.89
1967-12-26,6.89
1967-12-27,8.05
1967-12-28,13.92
1967-12-29,9.57
1967-12-30,8.18
1967-12-31,7.54
1968-01-01,6.99
1968-01-02,6.99
1968-01-03,7.49
1968-01-04,7.81
1968-01-05,10.96
1968-01-06,17.1
1968-01-07,17.24
1968-01-08,11.51
1968-01-09,11.0
1968-01-10,9.78
1968-01-11,9.14
1968-01-12,9.28
1968-01-13,9.84
1968-01-14,14.93
1968-01-15,12.15
1968-01-16,10.28
1968-01-17,22.69
1968-01-18,18.61
1968-01-19,15.13
1968-01-20,14.43
1968-01-21,17.16
1968-01-22,17.11
1968-01-23,21.07
1968-01-24,18.38
1968-01-25,20.94
1968-01-26,28.05
1968-01-27,27.15
1968-01-28,20.69
1968-01-29,16.39
1968-01-30,13.41
1968-01-31,12.04
1968-02-01,11.27
1968-02-02,13.75
1968-02-03,20.16
1968-02-04,20.59
1968-02-05,17.46
1968-02-06,14.09
1968-02-07,13.41
1968-02-08,12.78
1968-02-09,12.73
1968-02-10,11.47
1968-02-11,10.88
1968-02-12,10.52
1968-02-13,10.24
1968-02-14,10.06
1968-02-15,9.28
1968-02-16,9.37
1968-02-17,10.31
1968-02-18,12.57
1968-02-19,22.66
1968-02-20,21.52
1968-02-21,15.26
1968-02-22,12.48
1968-02-23,11.13
1968-02-24,10.1
1968-02-25,9.37
1968-02-26,9.0
1968-02-27,9.14
1968-02-28,9.6
1968-02-29,9.14
1968-03-01,10.32
1968-03-02,11.71
1968-03-03,11.5
1968-03-04,9.97
1968-03-05,10.01
1968-03-06,10.11
1968-03-07,10.57
1968-03-08,11.9
1968-03-09,13.09
1968-03-10,12.25
1968-03-11,17.99
1968-03-12,23.07
1968-03-13,17.28
1968-03-14,13.93
1968-03-15,15.34
1968-03-16,16.75
1968-03-17,18.16
1968-03-18,19.57
1968-03-19,20.97
1968-03-20,16.36
1968-03-21,12.01
1968-03-22,12.54
1968-03-23,13.33
1968-03-24,13.01
1968-03-25,13.15
1968-03-26,13.46
1968-03-27,12.3
1968-03-28,18.3
1968-03-29,17.09
1968-03-30,15.92
1968-03-31,13.72
1968-04-01,12.1
1968-04-02,10.45
1968-04-03,12.14
1968-04-04,15.18
1968-04-05,21.43
1968-04-06,18.68
1968-04-07,14.3
1968-04-08,13.15
1968-04-09,14.7
1968-04-10,12.41
1968-04-11,11.49
1968-04-12,10.81
1968-04-13,10.15
1968-04-14,9.94
1968-04-15,9.3
1968-04-16,8.7
1968-04-17,8.16
1968-04-18,7.7
1968-04-19,7.44
1968-04-20,7.22
1968-04-21,7.08
1968-04-22,6.8
1968-04-23,7.7
1968-04-24,7.29
1968-04-25,7.17
1968-04-26,6.78
1968-04-27,6.53
1968-04-28,6.28
1968-04-29,6.14
1968-04-30,5.98
1968-05-01,5.66
1968-05-02,5.48
1968-05-03,6.07
1968-05-04,5.89
1968-05-05,5.89
1968-05-06,6.0
1968-05-07,6.03
1968-05-08,5.59
1968-05-09,5.7
1968-05-10,5.68
1968-05-11,6.8
1968-05-12,7.4
1968-05-13,6.99
1968-05-14,6.46
1968-05-15,6.6
1968-05-16,5.98
1968-05-17,7.45
1968-05-18,7.06
1968-05-19,6.21
1968-05-20,5.96
1968-05-21,5.34
1968-05-22,5.34
1968-05-23,5.21
1968-05-24,5.18
1968-05-25,5.09
1968-05-26,4.85
1968-05-27,4.76
1968-05-28,5.12
1968-05-29,5.54
1968-05-30,5.23
1968-05-31,5.39
1968-06-01,5.39
1968-06-02,5.25
1968-06-03,5.25
1968-06-04,5.34
1968-06-05,5.12
1968-06-06,4.91
1968-06-07,5.09
1968-06-08,5.34
1968-06-09,6.16
1968-06-10,5.66
1968-06-11,5.7
1968-06-12,5.82
1968-06-13,5.63
1968-06-14,5.36
1968-06-15,5.16
1968-06-16,5.36
1968-06-17,5.3
1968-06-18,5.64
1968-06-19,5.36
1968-06-20,4.82
1968-06-21,4.76
1968-06-22,4.98
1968-06-23,4.91
1968-06-24,4.67
1968-06-25,4.1
1968-06-26,3.79
1968-06-27,3.81
1968-06-28,4.01
1968-06-29,4.01
1968-06-30,4.19
1968-07-01,4.15
1968-07-02,4.15
1968-07-03,4.33
1968-07-04,4.17
1968-07-05,3.63
1968-07-06,3.27
1968-07-07,2.87
1968-07-08,3.65
1968-07-09,2.66
1968-07-10,3.7
1968-07-11,3.83
1968-07-12,3.45
1968-07-13,3.2
1968-07-14,3.25
1968-07-15,3.09
1968-07-16,2.71
1968-07-17,2.98
1968-07-18,2.6
1968-07-19,2.67
1968-07-20,2.42
1968-07-21,3.23
1968-07-22,3.18
1968-07-23,3.05
1968-07-24,2.92
1968-07-25,2.56
1968-07-26,2.39
1968-07-27,2.52
1968-07-28,3.0
1968-07-29,3.83
1968-07-30,4.62
1968-07-31,3.54
1968-08-01,3.43
1968-08-02,3.31
1968-08-03,3.51
1968-08-04,3.45
1968-08-05,3.8
1968-08-06,3.43
1968-08-07,3.73
1968-08-08,3.92
1968-08-09,4.1
1968-08-10,4.05
1968-08-11,4.1
1968-08-12,3.98
1968-08-13,4.18
1968-08-14,3.95
1968-08-15,3.63
1968-08-16,3.54
1968-08-17,4.39
1968-08-18,5.0
1968-08-19,4.73
1968-08-20,4.53
1968-08-21,3.98
1968-08-22,3.6
1968-08-23,3.48
1968-08-24,3.33
1968-08-25,3.9
1968-08-26,4.79
1968-08-27,4.71
1968-08-28,4.68
1968-08-29,4.7
1968-08-30,4.58
1968-08-31,4.21
1968-09-01,4.63
1968-09-02,4.43
1968-09-03,4.68
1968-09-04,5.33
1968-09-05,5.83
1968-09-06,4.94
1968-09-07,4.64
1968-09-08,4.61
1968-09-09,4.54
1968-09-10,4.49
1968-09-11,4.51
1968-09-12,4.06
1968-09-13,4.16
1968-09-14,5.28
1968-09-15,4.85
1968-09-16,4.94
1968-09-17,4.88
1968-09-18,4.8
1968-09-19,4.48
1968-09-20,4.0
1968-09-21,3.35
1968-09-22,3.58
1968-09-23,3.66
1968-09-24,3.59
1968-09-25,3.64
1968-09-26,4.69
1968-09-27,5.89
1968-09-28,6.58
1968-09-29,7.69
1968-09-30,8.06
1968-10-01,8.65
1968-10-02,7.08
1968-10-03,7.25
1968-10-04,6.12
1968-10-05,7.23
1968-10-06,8.08
1968-10-07,9.37
1968-10-08,12.87
1968-10-09,13.83
1968-10-10,9.88
1968-10-11,8.02
1968-10-12,6.39
1968-10-13,5.91
1968-10-14,15.36
1968-10-15,13.33
1968-10-16,11.01
1968-10-17,10.34
1968-10-18,8.78
1968-10-19,8.04
1968-10-20,7.63
1968-10-21,7.73
1968-10-22,7.35
1968-10-23,6.83
1968-10-24,6.27
1968-10-25,6.12
1968-10-26,7.13
1968-10-27,7.65
1968-10-28,6.87
1968-10-29,6.44
1968-10-30,6.07
1968-10-31,9.04
1968-11-01,11.79
1968-11-02,9.34
1968-11-03,8.32
1968-11-04,8.4
1968-11-05,11.37
1968-11-06,11.17
1968-11-07,13.16
1968-11-08,14.22
1968-11-09,12.54
1968-11-10,12.74
1968-11-11,13.03
1968-11-12,11.11
1968-11-13,9.22
1968-11-14,8.4
1968-11-15,7.38
1968-11-16,6.76
1968-11-17,6.47
1968-11-18,6.5
1968-11-19,6.52
1968-11-20,6.28
1968-11-21,5.71
1968-11-22,5.56
1968-11-23,5.63
1968-11-24,5.6
1968-11-25,5.47
1968-11-26,5.63
1968-11-27,5.59
1968-11-28,5.58
1968-11-29,5.54
1968-11-30,5.46
1968-12-01,5.43
1968-12-02,5.23
1968-12-03,5.31
1968-12-04,5.38
1968-12-05,5.18
1968-12-06,4.95
1968-12-07,5.28
1968-12-08,6.39
1968-12-09,5.78
1968-12-10,6.56
1968-12-11,5.74
1968-12-12,7.69
1968-12-13,8.43
1968-12-14,10.1
1968-12-15,10.47
1968-12-16,11.39
1968-12-17,9.75
1968-12-18,9.15
1968-12-19,9.15
1968-12-20,9.68
1968-12-21,9.17
1968-12-22,8.21
1968-12-23,7.67
1968-12-24,7.13
1968-12-25,6.79
1968-12-26,6.6
1968-12-27,6.29
1968-12-28,6.69
1968-12-29,6.79
1968-12-30,6.69
1968-12-31,6.52
1969-01-01,7.79
1969-01-02,7.71
1969-01-03,6.85
1969-01-04,6.22
1969-01-05,6.1
1969-01-06,6.29
1969-01-07,8.32
1969-01-08,7.58
1969-01-09,6.89
1969-01-10,6.81
1969-01-11,8.27
1969-01-12,8.38
1969-01-13,10.71
1969-01-14,9.52
1969-01-15,8.99
1969-01-16,8.55
1969-01-17,8.84
1969-01-18,8.17
1969-01-19,7.79
1969-01-20,7.25
1969-01-21,7.08
1969-01-22,6.91
1969-01-23,6.74
1969-01-24,6.56
1969-01-25,6.34
1969-01-26,6.26
1969-01-27,6.33
1969-01-28,6.55
1969-01-29,6.01
1969-01-30,6.21
1969-01-31,5.87
1969-02-01,5.84
1969-02-02,6.06
1969-02-03,6.51
1969-02-04,6.67
1969-02-05,11.17
1969-02-06,11.16
1969-02-07,14.98
1969-02-08,14.54
1969-02-09,12.72
1969-02-10,12.16
1969-02-11,10.72
1969-02-12,10.41
1969-02-13,21.24
1969-02-14,13.64
1969-02-15,9.94
1969-02-16,8.54
1969-02-17,7.9
1969-02-18,7.56
1969-02-19,8.32
1969-02-20,11.9
1969-02-21,19.88
1969-02-22,19.74
1969-02-23,19.59
1969-02-24,19.45
1969-02-25,19.3
1969-02-26,16.21
1969-02-27,15.52
1969-02-28,14.83
1969-03-01,14.13
1969-03-02,15.5
1969-03-03,17.25
1969-03-04,16.67
1969-03-05,13.38
1969-03-06,23.54
1969-03-07,22.89
1969-03-08,20.18
1969-03-09,18.02
1969-03-10,33.56
1969-03-11,26.76
1969-03-12,20.6
1969-03-13,17.67
1969-03-14,15.6
1969-03-15,15.57
1969-03-16,14.13
1969-03-17,16.95
1969-03-18,18.43
1969-03-19,23.69
1969-03-20,28.62
1969-03-21,28.06
1969-03-22,26.35
1969-03-23,18.65
1969-03-24,16.78
1969-03-25,15.86
1969-03-26,17.05
1969-03-27,22.78
1969-03-28,24.84
1969-03-29,29.15
1969-03-30,28.71
1969-03-31,25.47
1969-04-01,23.31
1969-04-02,23.52
1969-04-03,22.09
1969-04-04,27.29
1969-04-05,24.98
1969-04-06,23.2
1969-04-07,21.63
1969-04-08,19.05
1969-04-09,18.27
1969-04-10,18.53
1969-04-11,22.18
1969-04-12,24.89
1969-04-13,25.88
1969-04-14,23.5
1969-04-15,23.55
1969-04-16,23.52
1969-04-17,20.6
1969-04-18,18.13
1969-04-19,16.35
1969-04-20,14.47
1969-04-21,13.6
1969-04-22,13.8
1969-04-23,13.03
1969-04-24,12.61
1969-04-25,12.52
1969-04-26,14.44
1969-04-27,13.01
1969-04-28,12.74
1969-04-29,12.61
1969-04-30,11.6
1969-05-01,11.1
1969-05-02,10.6
1969-05-03,10.91
1969-05-04,11.18
1969-05-05,11.02
1969-05-06,11.44
1969-05-07,10.87
1969-05-08,10.19
1969-05-09,9.93
1969-05-10,9.74
1969-05-11,9.92
1969-05-12,10.2
1969-05-13,12.35
1969-05-14,10.98
1969-05-15,10.16
1969-05-16,9.86
1969-05-17,9.57
1969-05-18,9.22
1969-05-19,9.09
1969-05-20,9.19
1969-05-21,9.42
1969-05-22,9.93
1969-05-23,9.66
1969-05-24,10.12
1969-05-25,9.86
1969-05-26,9.61
1969-05-27,9.34
1969-05-28,9.28
1969-05-29,9.19
1969-05-30,9.03
1969-05-31,8.76
1969-06-01,8.78
1969-06-02,8.69
1969-06-03,8.53
1969-06-04,8.21
1969-06-05,8.25
1969-06-06,8.27
1969-06-07,8.8
1969-06-08,9.36
1969-06-09,9.05
1969-06-10,9.34
1969-06-11,9.03
1969-06-12,8.73
1969-06-13,8.46
1969-06-14,8.36
1969-06-15,8.39
1969-06-16,8.61
1969-06-17,8.38
1969-06-18,8.09
1969-06-19,8.0
1969-06-20,7.71
1969-06-21,7.58
1969-06-22,7.31
1969-06-23,7.31
1969-06-24,7.38
1969-06-25,7.5
1969-06-26,7.52
1969-06-27,7.86
1969-06-28,7.73
1969-06-29,7.44
1969-06-30,8.09
1969-07-01,7.65
1969-07-02,8.76
1969-07-03,7.52
1969-07-04,6.83
1969-07-05,6.73
1969-07-06,6.87
1969-07-07,6.81
1969-07-08,6.52
1969-07-09,6.58
1969-07-10,6.43
1969-07-11,6.2
1969-07-12,6.33
1969-07-13,6.31
1969-07-14,6.2
1969-07-15,6.15
1969-07-16,6.11
1969-07-17,6.03
1969-07-18,6.13
1969-07-19,5.76
1969-07-20,5.38
1969-07-21,5.26
1969-07-22,5.27
1969-07-23,5.32
1969-07-24,5.37
1969-07-25,5.81
1969-07-26,5.64
1969-07-27,5.43
1969-07-28,5.36
1969-07-29,5.75
1969-07-30,5.84
1969-07-31,6.41
1969-08-01,6.34
1969-08-02,5.62
1969-08-03,6.85
1969-08-04,6.4
1969-08-05,6.36
1969-08-06,6.56
1969-08-07,6.33
1969-08-08,5.68
1969-08-09,5.75
1969-08-10,5.74
1969-08-11,5.43
1969-08-12,5.37
1969-08-13,5.78
1969-08-14,6.34
1969-08-15,5.41
1969-08-16,6.4
1969-08-17,5.47
1969-08-18,6.04
1969-08-19,6.18
1969-08-20,6.83
1969-08-21,6.69
1969-08-22,6.98
1969-08-23,7.42
1969-08-24,7.14
1969-08-25,6.1
1969-08-26,6.71
1969-08-27,6.35
1969-08-28,5.3
1969-08-29,5.1
1969-08-30,5.52
1969-08-31,5.16
1969-09-01,5.0
1969-09-02,5.01
1969-09-03,5.21
1969-09-04,5.51
1969-09-05,5.49
1969-09-06,5.52
1969-09-07,5.73
1969-09-08,6.27
1969-09-09,6.08
1969-09-10,6.4
1969-09-11,5.54
1969-09-12,5.34
1969-09-13,5.39
1969-09-14,5.18
1969-09-15,5.06
1969-09-16,5.31
1969-09-17,5.48
1969-09-18,5.36
1969-09-19,5.29
1969-09-20,5.48
1969-09-21,5.79
1969-09-22,5.63
1969-09-23,5.61
1969-09-24,6.07
1969-09-25,5.52
1969-09-26,6.29
1969-09-27,6.67
1969-09-28,6.58
1969-09-29,6.81
1969-09-30,7.12
1969-10-01,7.52
1969-10-02,7.65
1969-10-03,7.52
1969-10-04,7.54
1969-10-05,7.04
1969-10-06,6.66
1969-10-07,6.5
1969-10-08,7.9
1969-10-09,8.3
1969-10-10,7.46
1969-10-11,6.41
1969-10-12,5.92
1969-10-13,6.94
1969-10-14,9.06
1969-10-15,9.6
1969-10-16,9.82
1969-10-17,10.79
1969-10-18,9.46
1969-10-19,9.13
1969-10-20,8.99
1969-10-21,8.92
1969-10-22,9.01
1969-10-23,8.73
1969-10-24,14.79
1969-10-25,11.16
1969-10-26,9.01
1969-10-27,8.36
1969-10-28,7.61
1969-10-29,7.21
1969-10-30,6.77
1969-10-31,6.81
1969-11-01,6.87
1969-11-02,7.13
1969-11-03,7.35
1969-11-04,7.77
1969-11-05,7.26
1969-11-06,7.19
1969-11-07,7.11
1969-11-08,6.97
1969-11-09,6.79
1969-11-10,6.53
1969-11-11,7.41
1969-11-12,7.98
1969-11-13,7.35
1969-11-14,6.92
1969-11-15,6.96
1969-11-16,7.08
1969-11-17,7.43
1969-11-18,7.43
1969-11-19,7.31
1969-11-20,7.22
1969-11-21,7.52
1969-11-22,8.02
1969-11-23,8.69
1969-11-24,8.89
1969-11-25,13.59
1969-11-26,15.67
1969-11-27,16.25
1969-11-28,17.36
1969-11-29,17.97
1969-11-30,15.82
1969-12-01,15.7859375
1969-12-02,15.751875
1970-01-01,14.73
1970-01-02,13.65
1970-01-03,13.17
1970-01-04,13.5
1970-01-05,19.05
1970-01-06,18.95
1970-01-07,22.09
1970-01-08,22.88
1970-01-09,23.63
1970-01-10,21.77
1970-01-11,23.21
1970-01-12,23.87
1970-01-13,24.1
1970-01-14,23.68
1970-01-15,29.41
1970-01-16,27.95
1970-01-17,27.02
1970-01-18,21.31
1970-01-19,21.68
1970-01-20,17.97
1970-01-21,16.94
1970-01-22,15.49
1970-01-23,15.3
1970-01-24,14.49
1970-01-25,14.14
1970-01-26,14.2
1970-01-27,14.75
1970-01-28,13.63
1970-01-29,13.88
1970-01-30,13.39
1970-01-31,12.9
1970-02-01,12.41
1970-02-02,11.92
1970-02-03,11.37
1970-02-04,12.31
1970-02-05,9.94
1970-02-06,10.36
1970-02-07,13.78
1970-02-08,23.42
1970-02-09,27.0
1970-02-10,27.03
1970-02-11,21.61
1970-02-12,18.0
1970-02-13,16.09
1970-02-14,14.58
1970-02-15,13.27
1970-02-16,12.17
1970-02-17,11.19
1970-02-18,10.5
1970-02-19,10.68
1970-02-20,10.88
1970-02-21,12.69
1970-02-22,11.42
1970-02-23,16.45
1970-02-24,22.45
1970-02-25,22.47
1970-02-26,19.39
1970-02-27,16.14
1970-02-28,14.89
1970-03-01,14.25
1970-03-02,12.12
1970-03-03,12.1
1970-03-04,11.33
1970-03-05,10.98
1970-03-06,10.45
1970-03-07,10.73
1970-03-08,15.64
1970-03-09,17.2
1970-03-10,14.84
1970-03-11,16.03
1970-03-12,24.45
1970-03-13,26.88
1970-03-14,24.74
1970-03-15,24.48
1970-03-16,21.48
1970-03-17,16.49
1970-03-18,14.51
1970-03-19,13.01
1970-03-20,11.99
1970-03-21,11.53
1970-03-22,11.15
1970-03-23,10.74
1970-03-24,11.55
1970-03-25,10.5
1970-03-26,13.42
1970-03-27,12.7
1970-03-28,13.34
1970-03-29,12.92
1970-03-30,11.33
1970-03-31,13.15
1970-04-01,11.73
1970-04-02,12.69
1970-04-03,16.19
1970-04-04,21.76
1970-04-05,20.47
1970-04-06,22.47
1970-04-07,28.88
1970-04-08,22.79
1970-04-09,17.47
1970-04-10,15.94
1970-04-11,18.3
1970-04-12,16.07
1970-04-13,17.75
1970-04-14,15.25
1970-04-15,14.45
1970-04-16,14.23
1970-04-17,15.87
1970-04-18,17.86
1970-04-19,15.21
1970-04-20,14.22
1970-04-21,13.1
1970-04-22,11.82
1970-04-23,12.35
1970-04-24,13.63
1970-04-25,14.52
1970-04-26,14.89
1970-04-27,13.53
1970-04-28,14.82
1970-04-29,25.22
1970-04-30,20.12
1970-05-01,20.09394545454545
1970-05-02,20.06789090909091
1971-11-01,5.79
1971-11-02,5.93
1971-11-03,5.67
1971-11-04,5.48
1971-11-05,5.42
1971-11-06,5.34
1971-11-07,5.53
1971-11-08,5.65
1971-11-09,5.51
1971-11-10,5.29
1971-11-11,5.28
1971-11-12,5.34
1971-11-13,5.81
1971-11-14,5.72
1971-11-15,5.44
1971-11-16,5.16
1971-11-17,4.92
1971-11-18,4.8
1971-11-19,4.19
1971-11-20,4.29
1971-11-21,4.34
1971-11-22,9.86
1971-11-23,11.05
1971-11-24,7.53
1971-11-25,7.37
1971-11-26,7.01
1971-11-27,7.27
1971-11-28,9.61
1971-11-29,8.99
1971-11-30,10.48
1971-12-01,28.47
1971-12-02,45.0
1971-12-03,26.67
1971-12-04,17.26
1971-12-05,12.57
1971-12-06,10.59
1971-12-07,10.44
1971-12-08,11.31
1971-12-09,10.27
1971-12-10,9.09
1971-12-11,8.34
1971-12-12,7.56
1971-12-13,7.14
1971-12-14,6.91
1971-12-15,6.88
1971-12-16,7.37
1971-12-17,8.37
1971-12-18,7.72
1971-12-19,9.05
1971-12-20,12.77
1971-12-21,17.81
1971-12-22,12.33
1971-12-23,11.8
1971-12-24,14.55
1971-12-25,20.13
1971-12-26,19.87
1971-12-27,17.0
1971-12-28,15.26
1971-12-29,12.52
1971-12-30,11.03
1971-12-31,12.01
1972-01-01,10.7
1972-01-02,11.73
1972-01-03,16.42
1972-01-04,15.65
1972-01-05,15.91
1972-01-06,18.04
1972-01-07,14.35
1972-01-08,16.53
1972-01-09,16.79
1972-01-10,16.64
1972-01-11,18.5
1972-01-12,17.2
1972-01-13,17.92
1972-01-14,13.69
1972-01-15,11.17
1972-01-16,9.85
1972-01-17,9.22
1972-01-18,9.06
1972-01-19,9.19
1972-01-20,10.05
1972-01-21,9.34
1972-01-22,8.6
1972-01-23,8.47
1972-01-24,8.11
1972-01-25,7.92
1972-01-26,7.5
1972-01-27,7.24
1972-01-28,7.46
1972-01-29,9.59
1972-01-30,11.77
1972-01-31,15.4
1972-02-01,11.15
1972-02-02,10.43
1972-02-03,9.72
1972-02-04,10.4
1972-02-05,11.88
1972-02-06,14.69
1972-02-07,15.89
1972-02-08,24.62
1972-02-09,38.05
1972-02-10,37.22
1972-02-11,22.29
1972-02-12,15.92
1972-02-13,13.73
1972-02-14,12.47
1972-02-15,11.35
1972-02-16,10.89
1972-02-17,10.47
1972-02-18,9.98
1972-02-19,9.98
1972-02-20,10.05
1972-02-21,10.05
1972-02-22,9.48
1972-02-23,9.79
1972-02-24,10.84
1972-02-25,11.45
1972-02-26,18.3
1972-02-27,17.43
1972-02-28,21.72
1972-02-29,20.74
1972-03-01,17.68
1972-03-02,13.55
1972-03-03,13.27
1972-03-04,13.69
1972-03-05,20.46
1972-03-06,16.51
1972-03-07,21.3
1972-03-08,23.39
1972-03-09,28.79
1972-03-10,33.29
1972-03-11,24.12
1972-03-12,16.6
1972-03-13,11.59
1972-03-14,9.82
1972-03-15,10.09
1972-03-16,11.49
1972-03-17,12.05
1972-03-18,10.31
1972-03-19,10.37
1972-03-20,10.37
1972-03-21,10.79
1972-03-22,10.98
1972-03-23,12.05
1972-03-24,15.35
1972-03-25,19.35
1972-03-26,20.34
1972-03-27,20.73
1972-03-28,20.93
1972-03-29,21.13
1972-03-30,21.13
1972-03-31,20.74
1972-04-01,19.29
1972-04-02,17.97
1972-04-03,16.78
1972-04-04,16.13
1972-04-05,16.39
1972-04-06,17.71
1972-04-07,17.31
1972-04-08,17.77
1972-04-09,21.69
1972-04-10,39.16
1972-04-11,17.26
1972-04-12,14.58
1972-04-13,11.14
1972-04-14,13.92
1972-04-15,13.21
1972-04-16,11.47
1972-04-17,11.16
1972-04-18,25.91
1972-04-19,27.33
1972-04-20,16.35
1972-04-21,11.57
1972-04-22,12.37
1972-04-23,9.94
1972-04-24,9.57
1972-04-25,10.57
1972-04-26,10.3
1972-04-27,17.38
1972-04-28,14.64
1972-04-29,12.57
1972-04-30,11.04
1972-05-01,10.96268817204301
1972-05-02,10.88537634408602
1972-08-01,3.85
1972-08-02,3.92
1972-08-03,3.89
1972-08-04,3.95
1972-08-05,4.02
1972-08-06,4.56
1972-08-07,4.33
1972-08-08,4.32
1972-08-09,4.35
1972-08-10,4.48
1972-08-11,4.72
1972-08-12,4.63
1972-08-13,4.61
1972-08-14,4.61
1972-08-15,4.54
1972-08-16,4.59
1972-08-17,4.52
1972-08-18,4.52
1972-08-19,4.48
1972-08-20,4.5
1972-08-21,4.5
1972-08-22,4.54
1972-08-23,4.79
1972-08-24,4.79
1972-08-25,4.59
1972-08-26,4.48
1972-08-27,4.37
1972-08-28,4.41
1972-08-29,4.43
1972-08-30,4.46
1972-08-31,4.46
1972-09-01,4.62
1972-09-02,4.77
1972-09-03,5.22
1972-09-04,4.83
1972-09-05,4.51
1972-09-06,4.31
1972-09-07,4.18
1972-09-08,4.12
1972-09-09,3.99
1972-09-10,4.05
1972-09-11,4.12
1972-09-12,4.07
1972-09-13,4.05
1972-09-14,4.27
1972-09-15,4.22
1972-09-16,4.12
1972-09-17,4.67
1972-09-18,6.82
1972-09-19,6.47
1972-09-20,5.46
1972-09-21,5.26
1972-09-22,5.2
1972-09-23,5.18
1972-09-24,5.33
1972-09-25,5.22
1972-09-26,5.29
1972-09-27,5.22
1972-09-28,5.11
1972-09-29,5.39
1972-09-30,5.13
1972-10-01,5.31
1972-10-02,5.26
1972-10-03,5.37
1972-10-04,5.75
1972-10-05,6.74
1972-10-06,7.44
1972-10-07,6.01
1972-10-08,5.85
1972-10-09,5.83
1972-10-10,5.83
1972-10-11,7.84
1972-10-12,7.73
1972-10-13,7.75
1972-10-14,7.84
1972-10-15,7.37
1972-10-16,7.34
1972-10-17,7.7
1972-10-18,8.0
1972-10-19,7.97
1972-10-20,7.12
1972-10-21,7.73
1972-10-22,8.0
1972-10-23,7.78
1972-10-24,8.17
1972-10-25,7.06
1972-10-26,23.66
1972-10-27,16.25
1972-10-28,6.04
1972-10-29,4.61
1972-10-30,6.78
1972-10-31,5.81
1972-11-01,7.96
1972-11-02,6.47
1972-11-03,5.17
1972-11-04,2.41
1972-11-05,3.26
1972-11-06,3.67
1972-11-07,24.32
1972-11-08,10.94
1972-11-09,3.23
1972-11-10,6.45
1972-11-11,11.27
1972-11-12,15.81
1972-11-13,25.68
1972-11-14,24.05
1972-11-15,16.0
1972-11-16,11.3
1972-11-17,14.37
1972-11-18,17.1
1972-11-19,18.87
1972-11-20,15.13
1972-11-21,6.78
1972-11-22,7.02
1972-11-23,6.95
1972-11-24,7.58
1972-11-25,14.04
1972-11-26,12.65
1972-11-27,11.87
1972-11-28,12.55
1972-11-29,12.65
1972-11-30,9.29
1972-12-01,7.86
1972-12-02,7.68
1972-12-03,10.04
1972-12-04,11.53
1972-12-05,10.05
1972-12-06,13.55
1972-12-07,13.5
1972-12-08,13.33
1972-12-09,13.7
1972-12-10,9.37
1972-12-11,14.36
1972-12-12,11.13
1972-12-13,13.61
1972-12-14,12.33
1972-12-15,11.34
1972-12-16,9.71
1972-12-17,8.31
1972-12-18,7.96
1972-12-19,6.95
1972-12-20,6.39
1972-12-21,5.9
1972-12-22,5.78
1972-12-23,5.48
1972-12-24,5.35
1972-12-25,5.39
1972-12-26,5.37
1972-12-27,5.24
1972-12-28,5.5
1972-12-29,5.37
1972-12-30,5.52
1972-12-31,5.48
1973-01-01,5.78
1973-01-02,5.81
1973-01-03,5.78
1973-01-04,5.86
1973-01-05,8.17
1973-01-06,9.58
1973-01-07,11.38
1973-01-08,13.42
1973-01-09,15.18
1973-01-10,19.2
1973-01-11,17.66
1973-01-12,15.96
1973-01-13,15.05
1973-01-14,15.69
1973-01-15,16.2
1973-01-16,29.89
1973-01-17,35.48
1973-01-18,26.47
1973-01-19,25.3
1973-01-20,18.31
1973-01-21,13.83
1973-01-22,9.85
1973-01-23,7.82
1973-01-24,7.54
1973-01-25,13.4
1973-01-26,12.54
1973-01-27,9.96
1973-01-28,16.77
1973-01-29,15.93
1973-01-30,13.86
1973-01-31,8.7
1973-02-01,15.24
1973-02-02,18.08
1973-02-03,19.7
1973-02-04,20.86
1973-02-05,23.41
1973-02-06,23.67
1973-02-07,23.41
1973-02-08,23.07
1973-02-09,23.38
1973-02-10,27.61
1973-02-11,24.06
1973-02-12,20.47
1973-02-13,17.95
1973-02-14,16.37
1973-02-15,16.0
1973-02-16,16.56
1973-02-17,15.88
1973-02-18,16.37
1973-02-19,16.42
1973-02-20,15.69
1973-02-21,15.91
1973-02-22,20.68
1973-02-23,22.48
1973-02-24,21.66
1973-02-25,19.0
1973-02-26,19.91
1973-02-27,19.08
1973-02-28,20.78
1973-03-01,24.9
1973-03-02,43.54
1973-03-03,37.22
1973-03-04,31.32
1973-03-05,26.14
1973-03-06,37.3
1973-03-07,47.39
1973-03-08,33.09
1973-03-09,24.97
1973-03-10,21.65
1973-03-11,18.53
1973-03-12,17.53
1973-03-13,21.15
1973-03-14,21.95
1973-03-15,19.53
1973-03-16,19.33
1973-03-17,34.15
1973-03-18,26.55
1973-03-19,26.01
1973-03-20,24.19
1973-03-21,21.79
1973-03-22,21.33
1973-03-23,20.68
1973-03-24,19.78
1973-03-25,18.45
1973-03-26,16.99
1973-03-27,18.2
1973-03-28,19.78
1973-03-29,19.49
1973-03-30,21.29
1973-03-31,21.45
1973-04-01,21.25
1973-04-02,20.85
1973-04-03,23.35
1973-04-04,25.1
1973-04-05,25.3
1973-04-06,25.56
1973-04-07,35.22
1973-04-08,32.47
1973-04-09,31.62
1973-04-10,27.46
1973-04-11,36.09
1973-04-12,27.11
1973-04-13,26.21
1973-04-14,28.49
1973-04-15,26.92
1973-04-16,27.5
1973-04-17,23.41
1973-04-18,21.17
1973-04-19,18.53
1973-04-20,16.78
1973-04-21,15.88
1973-04-22,15.73
1973-04-23,15.67
1973-04-24,14.63
1973-04-25,14.36
1973-04-26,14.2
1973-04-27,14.04
1973-04-28,13.8
1973-04-29,13.64
1973-04-30,13.96
1973-05-01,14.01
1973-05-02,14.28
1973-05-03,14.33
1973-05-04,14.04
1973-05-05,14.01
1973-05-06,13.72
1973-05-07,13.56
1973-05-08,13.32
1973-05-09,13.13
1973-05-10,12.98
1973-05-11,12.89
1973-05-12,12.8
1973-05-13,12.73
1973-05-14,12.67
1973-05-15,12.67
1973-05-16,12.58
1973-05-17,11.65
1973-05-18,10.65
1973-05-19,10.67
1973-05-20,10.73
1973-05-21,10.76
1973-05-22,10.65
1973-05-23,10.58
1973-05-24,10.56
1973-05-25,10.59
1973-05-26,10.44
1973-05-27,10.37
1973-05-28,10.22
1973-05-29,10.15
1973-05-30,10.11
1973-05-31,10.1
1973-06-01,10.14
1973-06-02,10.17
1973-06-03,10.08
1973-06-04,10.24
1973-06-05,10.14
1973-06-06,10.09
1973-06-07,9.97
1973-06-08,9.93
1973-06-09,9.94
1973-06-10,9.83
1973-06-11,9.83
1973-06-12,9.83
1973-06-13,9.81
1973-06-14,9.75
1973-06-15,9.69
1973-06-16,9.74
1973-06-17,9.77
1973-06-18,9.86
1973-06-19,9.86
1973-06-20,10.36
1973-06-21,10.22
1973-06-22,10.05
1973-06-23,9.73
1973-06-24,9.68
1973-06-25,9.82
1973-06-26,9.87
1973-06-27,10.48
1973-06-28,9.84
1973-06-29,9.61
1973-06-30,9.49
1973-07-01,9.45
1973-07-02,9.56
1973-07-03,9.76
1973-07-04,9.91
1973-07-05,10.12
1973-07-06,9.75
1973-07-07,9.58
1973-07-08,9.46
1973-07-09,9.39
1973-07-10,9.32
1973-07-11,9.26
1973-07-12,9.24
1973-07-13,9.84
1973-07-14,9.19
1973-07-15,9.23
1973-07-16,9.24
1973-07-17,9.25
1973-07-18,9.25
1973-07-19,6.19
1973-07-20,6.22
1973-07-21,6.36
1973-07-22,6.43
1973-07-23,6.54
1973-07-24,6.57
1973-07-25,6.65
1973-07-26,6.62
1973-07-27,6.52
1973-07-28,6.3
1973-07-29,6.2
1973-07-30,6.19
1973-07-31,6.11
1973-08-01,6.13
1973-08-02,6.03
1973-08-03,5.92
1973-08-04,6.02
1973-08-05,5.87
1973-08-06,5.7
1973-08-07,5.63
1973-08-08,5.7
1973-08-09,5.79
1973-08-10,5.73
1973-08-11,5.71
1973-08-12,5.71
1973-08-13,5.7
1973-08-14,5.73
1973-08-15,5.68
1973-08-16,5.78
1973-08-17,5.84
1973-08-18,5.81
1973-08-19,6.01
1973-08-20,6.66
1973-08-21,6.22
1973-08-22,5.86
1973-08-23,5.67
1973-08-24,5.54
1973-08-25,5.54
1973-08-26,5.7
1973-08-27,5.86
1973-08-28,6.03
1973-08-29,6.06
1973-08-30,6.1
1973-08-31,5.86
1973-09-01,6.06
1973-09-02,6.18
1973-09-03,6.0
1973-09-04,6.06
1973-09-05,6.03
1973-09-06,6.05
1973-09-07,5.75
1973-09-08,5.59
1973-09-09,5.67
1973-09-10,5.32
1973-09-11,5.35
1973-09-12,5.32
1973-09-13,5.37
1973-09-14,5.4
1973-09-15,5.29
1973-09-16,5.54
1973-09-17,5.82
1973-09-18,6.44
1973-09-19,6.18
1973-09-20,7.12
1973-09-21,7.35
1973-09-22,7.7
1973-09-23,9.1
1973-09-24,10.14
1973-09-25,10.13
1973-09-26,9.52
1973-09-27,8.21
1973-09-28,7.7
1973-09-29,6.93
1973-09-30,6.46
1973-10-01,6.18
1973-10-02,6.43
1973-10-03,6.65
1973-10-04,6.92
1973-10-05,6.76
1973-10-06,6.66
1973-10-07,6.97
1973-10-08,7.17
1973-10-09,8.04
1973-10-10,7.82
1973-10-11,7.87
1973-10-12,8.18
1973-10-13,10.74
1973-10-14,17.24
1973-10-15,13.6
1973-10-16,15.02
1973-10-17,11.68
1973-10-18,11.6
1973-10-19,23.87
1973-10-20,23.77
1973-10-21,17.75
1973-10-22,13.48
1973-10-23,11.99
1973-10-24,11.92
1973-10-25,11.25
1973-10-26,11.21
1973-10-27,9.92
1973-10-28,11.34
1973-10-29,9.86
1973-10-30,10.15
1973-10-31,9.95
1973-11-01,11.69
1973-11-02,12.88
1973-11-03,10.74
1973-11-04,10.34
1973-11-05,10.03
1973-11-06,15.63
1973-11-07,16.26
1973-11-08,18.14
1973-11-09,13.83
1973-11-10,11.96
1973-11-11,10.55
1973-11-12,9.88
1973-11-13,9.6
1973-11-14,9.32
1973-11-15,8.83
1973-11-16,9.42
1973-11-17,12.12
1973-11-18,19.44
1973-11-19,16.11
1973-11-20,12.78
1973-11-21,12.78
1973-11-22,12.0
1973-11-23,11.45
1973-11-24,14.05
1973-11-25,18.23
1973-11-26,11.64
1973-11-27,14.6
1973-11-28,12.23
1973-11-29,10.51
1973-11-30,9.52
1973-12-01,9.05
1973-12-02,9.33
1973-12-03,13.76
1973-12-04,12.04
1973-12-05,9.82
1973-12-06,8.67
1973-12-07,7.82
1973-12-08,7.34
1973-12-09,6.95
1973-12-10,6.76
1973-12-11,7.34
1973-12-12,9.87
1973-12-13,17.55
1973-12-14,21.5
1973-12-15,21.24
1973-12-16,16.13
1973-12-17,13.09
1973-12-18,11.99
1973-12-19,12.11
1973-12-20,13.98
1973-12-21,12.78
1973-12-22,13.01
1973-12-23,17.52
1973-12-24,19.62
1973-12-25,16.52
1973-12-26,13.35
1973-12-27,11.37
1973-12-28,10.78
1973-12-29,13.6
1973-12-30,13.36
1973-12-31,13.55
1974-01-01,17.91
1974-01-02,24.32
1974-01-03,19.75
1974-01-04,16.23
1974-01-05,16.24
1974-01-06,21.83
1974-01-07,21.26
1974-01-08,23.64
1974-01-09,21.77
1974-01-10,21.62
1974-01-11,21.52
1974-01-12,26.74
1974-01-13,28.06
1974-01-14,25.39
1974-01-15,23.14
1974-01-16,19.77
1974-01-17,21.95
1974-01-18,19.25
1974-01-19,16.26
1974-01-20,14.16
1974-01-21,13.33
1974-01-22,12.74
1974-01-23,11.96
1974-01-24,11.33
1974-01-25,10.67
1974-01-26,10.23
1974-01-27,10.0
1974-01-28,10.7
1974-01-29,12.7
1974-01-30,19.18
1974-01-31,21.56
1974-02-01,21.98
1974-02-02,19.63
1974-02-03,17.27
1974-02-04,16.14
1974-02-05,15.58
1974-02-06,18.18
1974-02-07,22.86
1974-02-08,22.39
1974-02-09,23.09
1974-02-10,21.34
1974-02-11,20.09
1974-02-12,19.55
1974-02-13,17.22
1974-02-14,17.36
1974-02-15,23.18
1974-02-16,23.62
1974-02-17,37.51
1974-02-18,59.58
1974-02-19,72.56
1974-02-20,61.87
1974-02-21,61.86
1974-02-22,54.87
1974-02-23,55.53
1974-02-24,55.17
1974-02-25,49.32
1974-02-26,45.85
1974-02-27,48.37
1974-02-28,50.4
1974-03-01,49.49
1974-03-02,71.16
1974-03-03,65.96
1974-03-04,46.94
1974-03-05,32.86
1974-03-06,30.02
1974-03-07,26.83
1974-03-08,22.92
1974-03-09,21.81
1974-03-10,20.88
1974-03-11,22.47
1974-03-12,24.1
1974-03-13,19.28
1974-03-14,19.37
1974-03-15,19.46
1974-03-16,17.62
1974-03-17,17.18
1974-03-18,17.83
1974-03-19,18.35
1974-03-20,18.14
1974-03-21,18.81
1974-03-22,21.02
1974-03-23,27.1
1974-03-24,22.57
1974-03-25,18.59
1974-03-26,16.27
1974-03-27,16.62
1974-03-28,22.98
1974-03-29,19.08
1974-03-30,23.99
1974-03-31,27.7
1974-04-01,23.03
1974-04-02,25.2
1974-04-03,24.78
1974-04-04,20.51
1974-04-05,18.44
1974-04-06,18.57
1974-04-07,18.18
1974-04-08,16.32
1974-04-09,12.39
1974-04-10,17.69
1974-04-11,19.49
1974-04-12,16.92
1974-04-13,15.8
1974-04-14,15.41
1974-04-15,16.19
1974-04-16,24.49
1974-04-17,18.99
1974-04-18,16.36
1974-04-19,15.41
1974-04-20,14.91
1974-04-21,14.48
1974-04-22,14.32
1974-04-23,14.86
1974-04-24,13.54
1974-04-25,13.37
1974-04-26,13.44
1974-04-27,13.6
1974-04-28,14.06
1974-04-29,14.45
1974-04-30,14.93
1974-05-01,13.44
1974-05-02,13.11
1974-05-03,12.85
1974-05-04,12.72
1974-05-05,11.94
1974-05-06,11.49
1974-05-07,11.07
1974-05-08,10.64
1974-05-09,10.47
1974-05-10,10.23
1974-05-11,10.18
1974-05-12,10.18
1974-05-13,10.08
1974-05-14,9.81
1974-05-15,9.84
1974-05-16,9.79
1974-05-17,9.89
1974-05-18,9.79
1974-05-19,9.77
1974-05-20,9.69
1974-05-21,9.53
1974-05-22,9.38
1974-05-23,9.55
1974-05-24,9.23
1974-05-25,9.26
1974-05-26,9.21
1974-05-27,9.21
1974-05-28,9.21
1974-05-29,9.19
1974-05-30,9.11
1974-05-31,9.11
1974-06-01,9.04
1974-06-02,9.02
1974-06-03,8.9
1974-06-04,8.87
1974-06-05,8.73
1974-06-06,8.66
1974-06-07,8.62
1974-06-08,8.58
1974-06-09,8.93
1974-06-10,9.1
1974-06-11,9.28
1974-06-12,9.48
1974-06-13,9.11
1974-06-14,8.66
1974-06-15,8.53
1974-06-16,8.36
1974-06-17,8.27
1974-06-18,8.29
1974-06-19,8.29
1974-06-20,8.53
1974-06-21,9.6
1974-06-22,8.82
1974-06-23,8.66
1974-06-24,8.63
1974-06-25,8.82
1974-06-26,8.46
1974-06-27,8.75
1974-06-28,8.25
1974-06-29,8.03
1974-06-30,7.97
1974-07-01,8.0
1974-07-02,8.03
1974-07-03,8.05
1974-07-04,7.94
1974-07-05,7.78
1974-07-06,8.22
1974-07-07,8.63
1974-07-08,7.8
1974-07-09,7.58
1974-07-10,7.5
1974-07-11,7.63
1974-07-12,7.67
1974-07-13,7.67
1974-07-14,7.67
1974-07-15,7.67
1974-07-16,7.62
1974-07-17,7.58
1974-07-18,7.67
1974-07-19,7.65
1974-07-20,7.65
1974-07-21,7.73
1974-07-22,7.58
1974-07-23,7.6
1974-07-24,7.73
1974-07-25,7.47
1974-07-26,7.23
1974-07-27,7.13
1974-07-28,7.08
1974-07-29,7.03
1974-07-30,7.0
1974-07-31,7.02
1974-08-01,7.1
1974-08-02,7.17
1974-08-03,7.28
1974-08-04,7.15
1974-08-05,7.17
1974-08-06,7.25
1974-08-07,7.13
1974-08-08,7.37
1974-08-09,7.82
1974-08-10,7.62
1974-08-11,7.35
1974-08-12,7.33
1974-08-13,7.23
1974-08-14,7.2
1974-08-15,7.22
1974-08-16,7.2
1974-08-17,7.28
1974-08-18,7.38
1974-08-19,7.27
1974-08-20,7.25
1974-08-21,7.27
1974-08-22,7.25
1974-08-23,7.45
1974-08-24,7.43
1974-08-25,7.23
1974-08-26,7.2
1974-08-27,7.22
1974-08-28,7.38
1974-08-29,7.5
1974-08-30,7.4
1974-08-31,7.43
1974-09-01,7.43
1974-09-02,7.43
