date,discharge_m3s
1970-09-01,23.15
1970-09-02,23.15
1970-09-03,23.15
1970-09-04,23.15
1970-09-05,23.0
1970-09-06,23.0
1970-09-07,23.0
1970-09-08,23.0
1970-09-09,23.0
1970-09-10,23.0
1970-09-11,13.1
1970-09-12,15.0
1970-09-13,27.0
1970-09-14,30.0
1970-09-15,31.5
1970-09-16,31.5
1970-09-17,33.0
1970-09-18,33.0
1970-09-19,33.0
1970-09-20,33.0
1970-09-21,33.0
1970-09-22,31.0
1970-09-23,31.0
1970-09-24,31.0
1970-09-25,31.0
1970-09-26,31.0
1970-09-27,30.0
1970-09-28,30.0
1970-09-29,30.0
1970-09-30,30.0
1970-10-01,28.5
1970-10-02,28.5
1970-10-03,28.5
1970-10-04,28.5
1970-10-05,28.5
1970-10-06,28.5
1970-10-07,28.5
1970-10-08,28.5
1970-10-09,28.5
1970-10-10,28.5
1970-10-11,28.5
1970-10-12,28.5
1970-10-13,28.5
1970-10-14,28.5
1970-10-15,27.5
1970-10-16,27.5
1970-10-17,27.5
1970-10-18,27.5
1970-10-19,27.5
1970-10-20,27.5
1970-10-21,31.5
1970-10-22,31.5
1970-10-23,31.5
1970-10-24,30.0
1970-10-25,25.0
1970-10-26,25.0
1970-10-27,20.0
1970-10-28,25.0
1970-10-29,30.0
1970-10-30,30.0
1970-10-31,30.0
1970-11-01,30.0
1970-11-02,30.0
1970-11-03,30.0
1970-11-04,30.0
1970-11-05,30.0
1970-11-06,30.0
1970-11-07,30.0
1970-11-08,30.0
1970-11-09,30.0
1970-11-10,30.0
1970-11-11,30.0
1970-11-12,30.0
1970-11-13,30.5
1970-11-14,30.5
1970-11-15,31.5
1970-11-16,32.5
1970-11-17,35.0
1970-11-18,36.2
1970-11-19,36.5
1970-11-20,28.0
1970-11-21,34.0
1970-11-22,28.0
1970-11-23,28.0
1970-11-24,25.5
1970-11-25,26.5
1970-11-26,21.0
1970-11-27,20.0
1970-11-28,20.0
1970-11-29,19.0
1970-11-30,19.0
1970-12-01,18.5
1970-12-02,17.0
1970-12-03,17.0
1970-12-04,19.0
1970-12-05,19.0
1970-12-06,19.0
1970-12-07,20.5
1970-12-08,20.5
1970-12-09,22.5
1970-12-10,25.0
1970-12-11,28.7
1970-12-12,31.8
1970-12-13,31.0
1970-12-14,30.0
1970-12-15,27.0
1970-12-16,25.0
1970-12-17,22.6
1970-12-18,25.0
1970-12-19,25.0
1970-12-20,25.0
1970-12-21,25.0
1970-12-22,25.0
1970-12-23,25.0
1970-12-24,25.8
1970-12-25,28.0
1970-12-26,23.7
1970-12-27,32.0
1970-12-28,22.5
1970-12-29,23.0
1970-12-30,25.0
1970-12-31,25.0
1971-01-01,48.0
1971-01-02,54.0
1971-01-03,50.0
1971-01-04,53.0
1971-01-05,42.6
1971-01-06,39.5
1971-01-07,31.0
1971-01-08,32.4
1971-01-09,30.0
1971-01-10,28.0
1971-01-11,25.0
1971-01-12,23.0
1971-01-13,32.4
1971-01-14,30.5
1971-01-15,47.3
1971-01-16,43.0
1971-01-17,43.0
1971-01-18,40.0
1971-01-19,43.0
1971-01-20,45.0
1971-01-21,56.0
1971-01-22,60.7
1971-01-23,58.0
1971-01-24,50.0
1971-01-25,50.0
1971-01-26,46.25
1971-01-27,46.0
1971-01-28,45.0
1971-01-29,43.0
1971-01-30,40.0
1971-01-31,40.0
1971-02-01,38.2
1971-02-02,40.0
1971-02-03,32.0
1971-02-04,35.0
1971-02-05,32.0
1971-02-06,28.5
1971-02-07,33.3
1971-02-08,52.0
1971-02-09,43.5
1971-02-10,40.0
1971-02-11,32.5
1971-02-12,30.0
1971-02-13,28.5
1971-02-14,28.5
1971-02-15,30.0
1971-02-16,31.5
1971-02-17,39.0
1971-02-18,48.0
1971-02-19,56.0
1971-02-20,61.5
1971-02-21,67.0
1971-02-22,58.0
1971-02-23,65.0
1971-02-24,58.0
1971-02-25,52.4
1971-02-26,173.0
1971-02-27,130.0
1971-02-28,185.0
1971-03-01,93.0
1971-03-02,85.0
1971-03-03,70.0
1971-03-04,56.0
1971-03-05,50.0
1971-03-06,47.0
1971-03-07,47.0
1971-03-08,42.0
1971-03-09,56.0
1971-03-10,63.7
1971-03-11,86.5
1971-03-12,94.0
1971-03-13,52.8
1971-03-14,50.0
1971-03-15,67.0
1971-03-16,51.5
1971-03-17,46.0
1971-03-18,48.3
1971-03-19,63.3
1971-03-20,75.0
1971-03-21,83.0
1971-03-22,58.0
1971-03-23,52.0
1971-03-24,63.0
1971-03-25,61.5
1971-03-26,54.0
1971-03-27,51.8
1971-03-28,48.0
1971-03-29,45.5
1971-03-30,42.0
1971-03-31,40.0
1971-04-01,38.0
1971-04-02,35.0
1971-04-03,41.5
1971-04-04,38.0
1971-04-05,33.0
1971-04-06,37.2
1971-04-07,32.0
1971-04-08,37.7
1971-04-09,37.0
1971-04-10,36.5
1971-04-11,40.2
1971-04-12,43.5
1971-04-13,45.0
1971-04-14,42.2
1971-04-15,40.0
1971-04-16,37.8
1971-04-17,37.8
1971-04-18,36.3
1971-04-19,35.0
1971-04-20,34.0
1971-04-21,33.0
1971-04-22,32.5
1971-04-23,32.0
1971-04-24,31.3
1971-04-25,30.5
1971-04-26,30.0
1971-04-27,30.0
1971-04-28,29.0
1971-04-29,29.1
1971-04-30,28.9
1971-05-01,29.0
1971-05-02,28.9
1971-05-03,28.5
1971-05-04,28.3
1971-05-05,25.0
1971-05-06,25.1
1971-05-07,24.0
1971-05-08,25.0
1971-05-09,25.5
1971-05-10,25.0
1971-05-11,26.0
1971-05-12,26.0
1971-05-13,24.85
1971-05-14,24.8
1971-05-15,24.9
1971-05-16,24.9
1971-05-17,24.8
1971-05-18,24.8
1971-05-19,24.75
1971-05-20,24.7
1971-05-21,24.8
1971-05-22,24.78
1971-05-23,24.6
1971-05-24,24.7
1971-05-25,24.7
1971-05-26,24.7
1971-05-27,24.68
1971-05-28,24.68
1971-05-29,24.7
1971-05-30,24.7
1971-05-31,24.68
1971-06-01,24.68
1971-06-02,24.68
1971-06-03,24.69
1971-06-04,24.69
1971-06-05,24.68
1971-06-06,24.69
1971-06-07,24.7
1971-06-08,24.7
1971-06-09,24.65
1971-06-10,24.64
1971-06-11,24.64
1971-06-12,24.64
1971-06-13,24.64
1971-06-14,24.64
1971-06-15,24.64
1971-06-16,24.64
1971-06-17,24.64
1971-06-18,24.65
1971-06-19,24.65
1971-06-20,24.65
1971-06-21,24.65
1971-06-22,24.65
1971-06-23,24.65
1971-06-24,24.65
1971-06-25,24.65
1971-06-26,24.64
1971-06-27,24.64
1971-06-28,24.64
1971-06-29,24.64
1971-06-30,24.63
1971-07-01,24.64
1971-07-02,24.64
1971-07-03,24.64
1971-07-04,24.64
1971-07-05,24.64
1971-07-06,24.64
1971-07-07,24.63
1971-07-08,24.63
1971-07-09,24.63
1971-07-10,23.64
1971-07-11,23.64
1971-07-12,24.64
1971-07-13,24.63
1971-07-14,24.63
1971-07-15,23.89
1971-07-16,23.64
1971-07-17,23.58
1971-07-18,23.48
1971-07-19,23.22
1971-07-20,23.21
1971-07-21,23.15
1971-07-22,23.08
1971-07-23,23.09
1971-07-24,23.1
1971-07-25,23.09
1971-07-26,23.1
1971-07-27,23.11
1971-07-28,23.1
1971-07-29,23.12
1971-07-30,23.12
1971-07-31,23.11
1971-08-01,23.1
1971-08-02,23.08
1971-08-03,23.7
1971-08-04,23.75
1971-08-05,23.74
1971-08-06,23.55
1971-08-07,23.53
1971-08-08,23.52
1971-08-09,23.54
1971-08-10,23.55
1971-08-11,23.55
1971-08-12,23.54
1971-08-13,23.55
1971-08-14,23.54
1971-08-15,23.53
1971-08-16,23.54
1971-08-17,23.5
1971-08-18,23.53
1971-08-19,25.84
1971-08-20,25.54
1971-08-21,26.84
1971-08-22,25.54
1971-08-23,23.89
1971-08-24,23.54
1971-08-25,23.53
1971-08-26,23.53
1971-08-27,23.53
1971-08-28,23.53
1971-08-29,23.55
1971-08-30,23.55
1971-08-31,23.56
1971-09-01,24.3
1971-09-02,23.35
1971-09-03,23.38
1971-09-04,23.36
1971-09-05,23.37
1971-09-06,23.36
1971-09-07,23.36
1971-09-08,23.35
1971-09-09,23.34
1971-09-10,23.33
1971-09-11,23.33
1971-09-12,23.32
1971-09-13,23.32
1971-09-14,23.31
1971-09-15,23.31
1971-09-16,23.32
1971-09-17,23.33
1971-09-18,23.33
1971-09-19,23.32
1971-09-20,23.32
1971-09-21,23.32
1971-09-22,23.32
1971-09-23,23.32
1971-09-24,23.31
1971-09-25,23.31
1971-09-26,23.31
1971-09-27,23.29
1971-09-28,23.28
1971-09-29,23.28
1971-09-30,23.28
1971-10-01,22.87
1971-10-02,22.07
1971-10-03,22.06
1971-10-04,21.86
1971-10-05,21.66
1971-10-06,21.66
1971-10-07,21.66
1971-10-08,21.87
1971-10-09,21.86
1971-10-10,21.86
1971-10-11,21.85
1971-10-12,20.84
1971-10-13,20.04
1971-10-14,19.83
1971-10-15,19.8
1971-10-16,19.7
1971-10-17,19.65
1971-10-18,19.6
1971-10-19,19.57
1971-10-20,19.87
1971-10-21,19.56
1971-10-22,19.5
1971-10-23,19.48
1971-10-24,18.97
1971-10-25,18.47
1971-10-26,18.46
1971-10-27,18.45
1971-10-28,18.44
1971-10-29,18.43
1971-10-30,18.43
1971-10-31,18.43
1971-11-01,18.22
1971-11-02,18.21
1971-11-03,18.2
1971-11-04,18.19
1971-11-05,18.18
1971-11-06,18.18
1971-11-07,18.17
1971-11-08,18.16
1971-11-09,18.17
1971-11-10,18.17
1971-11-11,17.95
1971-11-12,17.94
1971-11-13,17.95
1971-11-14,17.7
1971-11-15,17.45
1971-11-16,17.36
1971-11-17,17.28
1971-11-18,17.23
1971-11-19,17.15
1971-11-20,16.82
1971-11-21,16.47
1971-11-22,16.45
1971-11-23,16.1
1971-11-24,16.0
1971-11-25,15.95
1971-11-26,16.23
1971-11-27,16.1
1971-11-28,15.85
1971-11-29,15.97
1971-11-30,15.7
1971-12-01,15.62
1971-12-02,17.23
1971-12-03,16.52
1971-12-04,16.15
1971-12-05,15.67
1971-12-06,15.22
1971-12-07,15.38
1971-12-08,15.79
1971-12-09,15.78
1971-12-10,15.79
1971-12-11,15.77
1971-12-12,15.78
1971-12-13,15.77
1971-12-14,15.68
1971-12-15,15.59
1971-12-16,15.6
1971-12-17,15.58
1971-12-18,15.59
1971-12-19,15.68
1971-12-20,15.75
1971-12-21,15.5
1971-12-22,16.9
1971-12-23,16.95
1971-12-24,16.94
1971-12-25,16.89
1971-12-26,16.8
1971-12-27,17.9
1971-12-28,20.95
1971-12-29,23.65
1971-12-30,27.25
1971-12-31,38.0
1972-01-01,38.6
1972-01-02,36.4
1972-01-03,39.7
1972-01-04,47.6
1972-01-05,67.7
1972-01-06,97.5
1972-01-07,97.4
1972-01-08,89.7
1972-01-09,110.5
1972-01-10,85.15
1972-01-11,65.6
1972-01-12,60.7
1972-01-13,58.68
1972-01-14,50.8
1972-01-15,80.0
1972-01-16,60.8
1972-01-17,75.8
1972-01-18,75.76
1972-01-19,60.0
1972-01-20,55.0
1972-01-21,50.0
1972-01-22,50.0
1972-01-23,54.0
1972-01-24,60.2
1972-01-25,190.0
1972-01-26,350.0
1972-01-27,320.0
1972-01-28,300.0
1972-01-29,290.0
1972-01-30,280.0
1972-01-31,265.0
1972-02-01,300.0
1972-02-02,340.0
1972-02-03,350.2
1972-02-04,380.0
1972-02-05,400.0
1972-02-06,370.0
1972-02-07,320.0
1972-02-08,250.0
1972-02-09,200.0
1972-02-10,160.0
1972-02-11,120.0
1972-02-12,100.0
1972-02-13,98.0
1972-02-14,95.0
1972-02-15,80.0
1972-02-16,85.0
1972-02-17,100.0
1972-02-18,100.0
1972-02-19,90.0
1972-02-20,85.0
1972-02-21,87.0
1972-02-22,120.0
1972-02-23,150.0
1972-02-24,125.0
1972-02-25,350.5
1972-02-26,325.5
1972-02-27,400.0
1972-02-28,400.0
1972-02-29,400.0
1972-03-01,380.0
1972-03-02,290.0
1972-03-03,180.0
1972-03-04,175.0
1972-03-05,185.0
1972-03-06,195.0
1972-03-07,230.0
1972-03-08,239.3
1972-03-09,243.8
1972-03-10,228.42
1972-03-11,215.75
1972-03-12,209.85
1972-03-13,215.78
1972-03-14,255.87
1972-03-15,230.45
1972-03-16,328.29
1972-03-17,349.48
1972-03-18,327.44
1972-03-19,325.58
1972-03-20,311.88
1972-03-21,324.4
1972-03-22,299.45
1972-03-23,280.32
1972-03-24,264.0
1972-03-25,287.5
1972-03-26,299.72
1972-03-27,525.5
1972-03-28,652.3
1972-03-29,638.7
1972-03-30,587.3
1972-03-31,585.73
1972-04-01,447.49
1972-04-02,440.38
1972-04-03,436.73
1972-04-04,369.57
1972-04-05,375.5
1972-04-06,363.48
1972-04-07,352.45
1972-04-08,355.45
1972-04-09,346.78
1972-04-10,345.67
1972-04-11,240.52
1972-04-12,210.2
1972-04-13,200.14
1972-04-14,189.33
1972-04-15,179.28
1972-04-16,151.25
1972-04-17,139.33
1972-04-18,133.2
1972-04-19,135.88
1972-04-20,170.0
1972-04-21,165.01
1972-04-22,160.0
1972-04-23,150.0
1972-04-24,145.0
1972-04-25,140.0
1972-04-26,135.0
1972-04-27,130.0
1972-04-28,128.35
1972-04-29,133.4
1972-04-30,134.3
1972-05-01,128.0
1972-05-02,125.0
1972-05-03,120.0
1972-05-04,110.1
1972-05-05,80.0
1972-05-06,76.5
1972-05-07,76.0
1972-05-08,72.4
1972-05-09,68.5
1972-05-10,60.0
1972-05-11,60.0
1972-05-12,58.6
1972-05-13,58.5
1972-05-14,55.3
1972-05-15,55.1
1972-05-16,55.0
1972-05-17,55.0
1972-05-18,52.8
1972-05-19,52.0
1972-05-20,52.0
1972-05-21,50.0
1972-05-22,50.0
1972-05-23,48.5
1972-05-24,48.43
1972-05-25,48.32
1972-05-26,48.21
1972-05-27,47.86
1972-05-28,47.82
1972-05-29,47.31
1972-05-30,46.8
1972-05-31,45.3
1972-06-01,47.19
1972-06-02,46.83
1972-06-03,46.62
1972-06-04,46.43
1972-06-05,46.21
1972-06-06,46.81
1972-06-07,45.61
1972-06-08,45.42
1972-06-09,45.21
1972-06-10,44.8
1972-06-11,44.62
1972-06-12,44.23
1972-06-13,43.93
1972-06-14,43.62
1972-06-15,43.42
1972-06-16,43.12
1972-06-17,42.82
1972-06-18,42.61
1972-06-19,42.41
1972-06-20,42.2
1972-06-21,41.92
1972-06-22,41.62
1972-06-23,41.21
1972-06-24,40.82
1972-06-25,40.61
1972-06-26,40.41
1972-06-27,40.12
1972-06-28,39.83
1972-06-29,39.63
1972-06-30,39.41
1972-07-01,39.32
1972-07-02,39.21
1972-07-03,39.2
1972-07-04,39.16
1972-07-05,38.95
1972-07-06,38.91
1972-07-07,38.83
1972-07-08,38.73
1972-07-09,38.65
1972-07-10,38.46
1972-07-11,38.36
1972-07-12,38.11
1972-07-13,37.86
1972-07-14,37.73
1972-07-15,37.45
1972-07-16,37.27
1972-07-17,37.12
1972-07-18,37.05
1972-07-19,36.83
1972-07-20,36.73
1972-07-21,36.61
1972-07-22,36.45
1972-07-23,36.21
1972-07-24,36.12
1972-07-25,36.05
1972-07-26,35.91
1972-07-27,35.81
1972-07-28,35.72
1972-07-29,35.62
1972-07-30,35.43
1972-07-31,35.21
1972-08-01,34.92
1972-08-02,34.81
1972-08-03,34.7
1972-08-04,34.62
1972-08-05,34.23
1972-08-06,34.32
1972-08-07,34.29
1972-08-08,33.95
1972-08-09,33.85
1972-08-10,33.81
1972-08-11,33.79
1972-08-12,33.65
1972-08-13,33.61
1972-08-14,35.45
1972-08-15,33.32
1972-08-16,33.15
1972-08-17,32.58
1972-08-18,32.23
1972-08-19,32.12
1972-08-20,31.95
1972-08-21,31.83
1972-08-22,31.79
1972-08-23,31.69
1972-08-24,31.55
1972-08-25,31.43
1972-08-26,31.16
1972-08-27,30.95
1972-08-28,30.89
1972-08-29,30.75
1972-08-30,30.5
1972-08-31,30.45
1972-09-01,30.45
1972-09-02,30.33
1972-09-03,30.22
1972-09-04,30.11
1972-09-05,30.06
1972-09-06,29.95
1972-09-07,29.81
1972-09-08,29.76
1972-09-09,29.67
1972-09-10,29.55
1972-09-11,29.49
1972-09-12,29.25
1972-09-13,29.13
1972-09-14,28.97
1972-09-15,28.86
1972-09-16,28.96
1972-09-17,30.88
1972-09-18,33.6
1972-09-19,34.56
1972-09-20,30.86
1972-09-21,30.45
1972-09-22,30.13
1972-09-23,29.86
1972-09-24,29.73
1972-09-25,29.59
1972-09-26,29.39
1972-09-27,29.35
1972-09-28,29.22
1972-09-29,29.38
1972-09-30,30.27
1972-10-01,28.65
1972-10-02,28.52
1972-10-03,28.43
1972-10-04,28.31
1972-10-05,28.12
1972-10-06,28.05
1972-10-07,27.95
1972-10-08,27.92
1972-10-09,27.85
1972-10-10,27.82
1972-10-11,27.71
1972-10-12,27.65
1972-10-13,27.53
1972-10-14,27.44
1972-10-15,26.85
1972-10-16,26.63
1972-10-17,26.42
1972-10-18,26.25
1972-10-19,26.05
1972-10-20,25.85
1972-10-21,28.96
1972-10-22,29.36
1972-10-23,28.76
1972-10-24,28.33
1972-10-25,35.86
1972-10-26,39.55
1972-10-27,37.33
1972-10-28,40.05
1972-10-29,46.43
1972-10-30,38.82
1972-10-31,39.57
1972-11-01,28.91
1972-11-02,28.54
1972-11-03,28.26
1972-11-04,27.39
1972-11-05,26.66
1972-11-06,25.83
1972-11-07,25.62
1972-11-08,25.52
1972-11-09,30.0
1972-11-10,29.83
1972-11-11,28.92
1972-11-12,28.85
1972-11-13,28.63
1972-11-14,28.23
1972-11-15,27.82
1972-11-16,27.62
1972-11-17,27.41
1972-11-18,27.45
1972-11-19,27.32
1972-11-20,27.22
1972-11-21,27.92
1972-11-22,28.85
1972-11-23,28.95
1972-11-24,29.83
1972-11-25,29.9
1972-11-26,30.0
1972-11-27,27.55
1972-11-28,30.83
1972-11-29,30.72
1972-11-30,30.53
1972-12-01,31.196250000000003
1972-12-02,31.8625
1973-01-01,51.85
1973-01-02,51.63
1973-01-03,52.15
1973-01-04,52.56
1973-01-05,52.65
1973-01-06,56.52
1973-01-07,58.85
1973-01-08,60.53
1973-01-09,63.55
1973-01-10,103.41
1973-01-11,134.52
1973-01-12,150.13
1973-01-13,170.65
1973-01-14,151.83
1973-01-15,131.66
1973-01-16,125.22
1973-01-17,152.53
1973-01-18,129.22
1973-01-19,122.11
1973-01-20,102.13
1973-01-21,101.22
1973-01-22,96.11
1973-01-23,94.05
1973-01-24,94.0
1973-01-25,94.51
1973-01-26,99.5
1973-01-27,99.25
1973-01-28,107.01
1973-01-29,127.01
1973-01-30,125.0
1973-01-31,140.12
1973-02-01,127.0
1973-02-02,190.0
1973-02-03,273.0
1973-02-04,129.01
1973-02-05,180.09
1973-02-06,180.11
1973-02-07,187.0
1973-02-08,131.0
1973-02-09,125.72
1973-02-10,113.09
1973-02-11,133.06
1973-02-12,125.11
1973-02-13,125.0
1973-02-14,120.0
1973-02-15,100.0
1973-02-16,98.0
1973-02-17,93.0
1973-02-18,90.5
1973-02-19,96.5
1973-02-20,65.0
1973-02-21,65.09
1973-02-22,77.01
1973-02-23,79.3
1973-02-24,94.0
1973-02-25,122.0
1973-02-26,122.0
1973-02-27,154.02
1973-02-28,174.15
1973-03-01,186.51
1973-03-02,185.56
1973-03-03,190.24
1973-03-04,194.35
1973-03-05,195.35
1973-03-06,199.46
1973-03-07,224.17
1973-03-08,255.5
1973-03-09,180.85
1973-03-10,163.88
1973-03-11,856.54
1973-03-12,489.76
1973-03-13,325.1
1973-03-14,370.6
1973-03-15,366.6
1973-03-16,365.25
1973-03-17,360.25
1973-03-18,364.16
1973-03-19,196.11
1973-03-20,345.1
1973-03-21,365.1
1973-03-22,380.13
1973-03-23,390.11
1973-03-24,380.15
1973-03-25,390.17
1973-03-26,300.1
1973-03-27,370.1
1973-03-28,215.0
1973-03-29,190.1
1973-03-30,203.11
1973-03-31,180.0
1973-04-01,179.9643584521385
1973-04-02,179.928716904277
1984-01-01,40.0
1984-01-02,40.0
1984-01-03,40.0
1984-01-04,40.0
1984-01-05,40.0
1984-01-06,40.0
1984-01-07,40.0
1984-01-08,40.0
1984-01-09,40.0
1984-01-10,40.0
1984-01-11,45.0
1984-01-12,50.0
1984-01-13,50.0
1984-01-14,50.0
1984-01-15,60.0
1984-01-16,50.0
1984-01-17,50.0
1984-01-18,50.0
1984-01-19,65.0
1984-01-20,65.0
1984-01-21,60.0
1984-01-22,60.0
1984-01-23,70.0
1984-01-24,175.0
1984-01-25,200.0
1984-01-26,200.0
1984-01-27,400.0
1984-01-28,400.0
1984-01-29,250.0
1984-01-30,200.0
1984-01-31,200.0
1984-02-01,200.0
1984-02-02,200.0
1984-02-03,200.0
1984-02-04,200.0
1984-02-05,200.0
1984-02-06,200.0
1984-02-07,220.0
1984-02-08,220.0
1984-02-09,220.0
1984-02-10,220.0
1984-02-11,220.0
1984-02-12,220.0
1984-02-13,360.0
1984-02-14,360.0
1984-02-15,350.0
1984-02-16,400.0
1984-02-17,500.0
1984-02-18,800.0
1984-02-19,800.0
1984-02-20,1000.0
1984-02-21,900.0
1984-02-22,800.0
1984-02-23,800.0
1984-02-24,700.0
1984-02-25,700.0
1984-02-26,700.0
1984-02-27,700.0
1984-02-28,700.0
1984-02-29,700.0
1984-03-01,600.0
1984-03-02,600.0
1984-03-03,600.0
1984-03-04,600.0
1984-03-05,400.0
1984-03-06,300.0
1984-03-07,250.0
1984-03-08,250.0
1984-03-09,300.0
1984-03-10,300.0
1984-03-11,300.0
1984-03-12,300.0
1984-03-13,300.0
1984-03-14,200.0
1984-03-15,200.0
1984-03-16,200.0
1984-03-17,200.0
1984-03-18,200.0
1984-03-19,200.0
1984-03-20,200.0
1984-03-21,200.0
1984-03-22,200.0
1984-03-23,250.0
1984-03-24,250.0
1984-03-25,250.0
1984-03-26,300.0
1984-03-27,300.0
1984-03-28,200.0
1984-03-29,200.0
1984-03-30,200.0
1984-03-31,200.0
1984-04-01,200.0
1984-04-02,200.0
1984-04-03,200.0
1984-04-04,150.0
1984-04-05,100.0
1984-04-06,100.0
1984-04-07,90.0
1984-04-08,80.0
1984-04-09,80.0
1984-04-10,80.0
1984-04-11,80.0
1984-04-12,40.0
1984-04-13,40.0
1984-04-14,40.0
1984-04-15,40.0
1984-04-16,40.0
1984-04-17,40.0
1984-04-18,40.0
1984-04-19,40.0
1984-04-20,40.0
1984-04-21,40.0
1984-04-22,40.0
1984-04-23,40.0
1984-04-24,40.0
1984-04-25,40.0
1984-04-26,40.0
1984-04-27,40.0
1984-04-28,40.0
1984-04-29,40.0
1984-04-30,40.0
1984-05-01,39.0
1984-05-02,39.0
1984-05-03,39.0
1984-05-04,39.0
1984-05-05,39.0
1984-05-06,39.0
1984-05-07,39.0
1984-05-08,35.0
1984-05-09,35.0
1984-05-10,35.0
1984-05-11,35.0
1984-05-12,35.0
1984-05-13,35.0
1984-05-14,35.0
1984-05-15,35.0
1984-05-16,35.0
1984-05-17,35.0
1984-05-18,35.0
1984-05-19,35.0
1984-05-20,35.0
1984-05-21,35.0
1984-05-22,35.0
1984-05-23,35.0
1984-05-24,35.0
1984-05-25,35.0
1984-05-26,35.0
1984-05-27,35.0
1984-05-28,35.0
1984-05-29,35.0
1984-05-30,35.0
1984-05-31,35.0
1984-06-01,36.0
1984-06-02,36.0
1984-06-03,36.0
1984-06-04,36.0
1984-06-05,36.0
1984-06-06,36.0
1984-06-07,36.0
1984-06-08,36.0
1984-06-09,36.0
1984-06-10,36.0
1984-06-11,36.0
1984-06-12,36.0
1984-06-13,38.0
1984-06-14,38.0
1984-06-15,38.0
1984-06-16,38.0
1984-06-17,38.0
1984-06-18,38.0
1984-06-19,38.0
1984-06-20,38.0
1984-06-21,35.0
1984-06-22,35.0
1984-06-23,35.0
1984-06-24,35.0
1984-06-25,35.0
1984-06-26,35.0
1984-06-27,35.0
1984-06-28,35.0
1984-06-29,35.0
1984-06-30,35.0
1984-07-01,36.0
1984-07-02,36.0
1984-07-03,36.0
1984-07-04,36.0
1984-07-05,36.0
1984-07-06,36.0
1984-07-07,36.0
1984-07-08,36.0
1984-07-09,36.0
1984-07-10,36.0
1984-07-11,36.0
1984-07-12,36.0
1984-07-13,35.0
1984-07-14,35.0
1984-07-15,35.0
1984-07-16,35.0
1984-07-17,35.0
1984-07-18,35.0
1984-07-19,35.0
1984-07-20,35.0
1984-07-21,35.0
1984-07-22,35.0
1984-07-23,35.0
1984-07-24,35.0
1984-07-25,35.0
1984-07-26,35.0
1984-07-27,35.0
1984-07-28,35.0
1984-07-29,35.0
1984-07-30,35.0
1984-07-31,35.0
1984-08-01,35.0
1984-08-02,34.0
1984-08-03,34.0
1984-08-04,34.0
1984-08-05,34.0
1984-08-06,34.0
1984-08-07,34.0
1984-08-08,34.0
1984-08-09,34.0
1984-08-10,34.0
1984-08-11,34.0
1984-08-12,34.0
1984-08-13,34.0
1984-08-14,34.0
1984-08-15,34.0
1984-08-16,34.0
1984-08-17,34.0
1984-08-18,34.0
1984-08-19,34.0
1984-08-20,34.0
1984-08-21,34.0
1984-08-22,34.0
1984-08-23,34.0
1984-08-24,32.0
1984-08-25,32.0
1984-08-26,32.0
1984-08-27,32.0
1984-08-28,32.0
1984-08-29,32.0
1984-08-30,32.0
1984-08-31,32.0
1984-09-01,32.0
1984-09-02,32.0
1984-09-03,32.0
1984-09-04,32.0
1984-09-05,31.0
1984-09-06,31.0
1984-09-07,31.0
1984-09-08,31.0
1984-09-09,32.0
1984-09-10,32.0
1984-09-11,31.0
1984-09-12,31.0
1984-09-13,31.0
1984-11-19,50.0
1984-11-20,80.0
1984-11-21,100.0
1984-11-22,100.0
1984-11-23,120.0
1984-11-24,140.0
1984-11-25,140.0
1984-11-26,200.0
1984-11-27,200.0
1984-11-28,200.0
1984-11-29,150.0
1984-11-30,150.0
1984-12-01,150.0
1984-12-02,150.0
1986-01-01,150.0
1986-01-02,150.0
1986-01-03,170.0
1986-01-04,170.0
1986-01-05,200.0
1986-01-06,200.0
1986-01-07,200.0
1986-01-08,200.0
1986-01-09,200.0
1986-01-10,300.0
1986-01-11,300.0
1986-01-12,250.0
1986-01-13,250.0
1986-01-14,200.0
1986-01-15,200.0
1986-01-16,200.0
1986-01-17,220.0
1986-01-18,220.0
1986-01-19,200.0
1986-01-20,220.0
1986-01-21,200.0
1986-01-22,350.0
1986-01-23,800.0
1986-01-24,550.0
1986-01-25,500.0
1986-01-26,400.0
1986-01-27,300.0
1986-01-28,300.0
1986-01-29,300.0
1986-01-30,300.0
1986-01-31,300.0
1986-02-01,400.0
1986-02-02,400.0
1986-02-03,400.0
1986-02-04,550.0
1986-02-05,600.0
1986-02-06,600.0
1986-02-07,500.0
1986-02-08,450.0
1986-02-09,400.0
1986-02-10,400.0
1986-02-11,450.0
1986-02-12,450.0
1986-02-13,400.0
1986-02-14,350.0
1986-02-15,350.0
1986-02-16,300.0
1986-02-17,300.0
1986-02-18,250.0
1986-02-19,250.0
1986-02-20,230.0
1986-02-21,200.0
1986-02-22,200.0
1986-02-23,200.0
1986-02-24,180.0
1986-02-25,600.0
1986-02-26,1000.0
1986-02-27,900.0
1986-02-28,800.0
1986-03-01,700.0
1986-03-02,600.0
1986-03-03,500.0
1986-03-04,500.0
1986-03-05,500.0
1986-03-06,400.0
1986-03-07,400.0
1986-03-08,300.0
1986-03-09,300.0
1986-03-10,300.0
1986-03-11,300.0
1986-03-12,300.0
1986-03-13,300.0
1986-03-14,300.0
1986-03-15,300.0
1986-03-16,300.0
1986-03-17,300.0
1986-03-18,300.0
1986-03-19,400.0
1986-03-20,400.0
1986-03-21,300.0
1986-03-22,300.0
1986-03-23,300.0
1986-03-24,300.0
1986-03-25,300.0
1986-03-26,300.0
1986-03-27,250.0
1986-03-28,250.0
1986-03-29,250.0
1986-03-30,250.0
1986-03-31,250.0
1986-04-01,250.0
1986-04-02,250.0
1986-04-03,250.0
1986-04-04,250.0
1986-04-05,250.0
1986-04-06,250.0
1986-04-07,250.0
1986-04-08,300.0
1986-04-09,300.0
1986-04-10,300.0
1986-04-11,700.0
1986-04-12,700.0
1986-04-13,500.0
1986-04-14,400.0
1986-04-15,400.0
1986-04-16,300.0
1986-04-17,200.0
1986-04-18,200.0
1986-04-19,200.0
1986-04-20,200.0
1986-04-21,200.0
1986-04-22,200.0
1986-04-23,200.0
1986-04-24,200.0
1986-04-25,200.0
1986-04-26,200.0
1986-04-27,200.0
1986-04-28,200.0
1986-04-29,200.0
1986-04-30,200.0
1986-05-01,180.0
1986-05-02,180.0
1986-05-03,180.0
1986-05-04,180.0
1986-05-05,180.0
1986-05-06,180.0
1986-05-07,180.0
1986-05-08,200.0
1986-05-09,200.0
1986-05-10,210.0
1986-05-11,200.0
1986-05-12,200.0
1986-05-13,290.0
1986-05-14,170.0
1986-05-15,170.0
1986-05-16,170.0
1986-05-17,170.0
1986-05-18,170.0
1986-05-19,170.0
1986-05-20,170.0
1986-05-21,170.0
1986-05-22,170.0
1986-05-23,130.0
1986-05-24,130.0
1986-05-25,100.0
1986-05-26,100.0
1986-05-27,100.0
1986-05-28,80.0
1986-05-29,80.0
1986-05-30,60.0
1986-05-31,60.0
1986-06-01,60.0
1986-06-02,60.0
1986-06-03,50.0
1986-06-04,70.0
1986-06-05,70.0
1986-06-06,70.0
1986-06-07,70.0
1986-06-08,70.0
1986-06-09,70.0
1986-06-10,70.0
1986-06-11,70.0
1986-06-12,70.0
1986-06-13,70.0
1986-06-14,70.0
1986-06-15,70.0
1986-06-16,70.0
1986-06-17,65.0
1986-06-18,65.0
1986-06-19,65.0
1986-06-20,65.0
1986-06-21,65.0
1986-06-22,65.0
1986-06-23,65.0
1986-06-24,65.0
1986-06-25,65.0
1986-06-26,65.0
1986-06-27,65.0
1986-06-28,65.0
1986-06-29,65.0
1986-06-30,65.0
1986-07-01,65.0
1986-07-02,65.0
1986-07-03,65.0
1986-07-04,65.0
1986-07-05,65.0
1986-07-06,65.0
1986-07-07,65.0
1986-07-08,65.0
1986-07-09,65.0
1986-07-10,65.0
1986-07-11,65.0
1986-07-12,65.0
1986-07-13,65.0
1986-07-14,60.0
1986-07-15,60.0
1986-07-16,60.0
1986-07-17,60.0
1986-07-18,60.0
1986-07-19,60.0
1986-07-20,60.0
1986-07-21,60.0
1986-07-22,60.0
1986-07-23,60.0
1986-07-24,60.0
1986-07-25,60.0
1986-07-26,60.0
1986-07-27,60.0
1986-07-28,60.0
1986-07-29,60.0
1986-07-30,60.0
1986-07-31,60.0
1986-08-01,59.0
1986-08-02,59.0
1986-08-03,59.0
1986-08-04,59.0
1986-08-05,59.0
1986-08-06,59.0
1986-08-07,59.0
1986-08-08,59.0
1986-08-09,59.0
1986-08-10,59.0
1986-08-11,59.0
1986-08-12,59.0
1986-08-13,59.0
1986-08-14,59.0
1986-08-15,56.0
1986-08-16,56.0
1986-08-17,56.0
1986-08-18,56.0
1986-08-19,56.0
1986-08-20,56.0
1986-08-21,56.0
1986-08-22,56.0
1986-08-23,56.0
1986-08-24,56.0
1986-08-25,45.0
1986-08-26,45.0
1986-08-27,45.0
1986-08-28,45.0
1986-08-29,40.0
1986-08-30,40.0
1986-08-31,40.0
1986-09-01,40.0
1986-09-02,39.0
1986-09-03,39.0
1986-09-04,39.0
1986-09-05,39.0
1986-09-06,39.0
1986-09-07,39.0
1986-09-08,39.0
1986-09-09,39.0
1986-09-10,39.0
1986-09-11,37.0
1986-09-12,37.0
1986-09-13,37.0
1986-09-14,37.0
1986-09-15,37.0
1986-09-16,37.0
1986-09-17,37.0
1986-09-18,37.0
1986-09-19,37.0
1986-09-20,37.0
1986-09-21,37.0
1986-09-22,37.0
1986-09-23,37.0
1986-09-24,37.0
1986-09-25,32.0
1986-09-26,32.0
1986-09-27,32.0
1986-09-28,32.0
1986-09-29,32.0
1986-09-30,32.0
1986-10-01,32.0
1986-10-02,32.0
1986-10-03,32.0
1986-10-04,30.0
1986-10-05,30.0
1986-10-06,30.0
1986-10-07,30.0
1986-10-08,30.0
1986-10-09,30.0
1986-10-10,30.0
1986-10-11,30.0
1986-10-12,30.0
1986-10-13,30.0
1986-10-14,30.0
1986-10-15,30.0
1986-10-16,30.0
1986-10-17,30.0
1986-10-18,30.0
1986-10-19,30.0
1986-10-20,30.0
1986-10-21,29.0
1986-10-22,29.0
1986-10-23,29.0
1986-10-24,28.0
1986-10-25,28.0
1986-10-26,28.0
1986-10-27,28.0
1986-10-28,28.0
1986-10-29,28.0
1986-10-30,28.0
1986-10-31,28.0
1986-11-01,28.015939303482583
1986-11-02,28.031878606965176
2003-05-05,124.114
2003-05-06,115.967
2003-05-07,117.955
2003-05-08,108.136
2003-05-09,105.159
2003-05-10,103.72233333333334
2003-05-11,102.28566666666669
2003-05-12,100.849
2003-05-13,104.015
2003-05-14,104.989
2003-05-15,101.866
2003-05-16,99.104
2003-05-17,98.581
2003-05-18,98.058
2003-05-19,97.535
2003-05-20,104.529
2003-05-21,108.161
2003-05-22,110.223
2003-05-23,98.954
2003-05-24,97.09266666666666
2003-05-25,95.23133333333334
2003-05-26,93.37
2003-05-27,91.781
2003-05-28,87.535
2003-05-29,86.246
2003-05-30,87.343
2003-05-31,87.05824468085106
2003-06-01,86.77348936170213
2003-09-01,60.576
2003-09-02,60.549
2003-09-03,60.252
2003-09-04,59.1805
2003-09-05,58.109
2003-09-06,57.489666666666665
2003-09-07,56.870333333333335
2003-09-08,56.251
2003-09-09,56.011
2003-09-10,57.807
2003-09-11,55.362
2003-09-12,55.832
2003-09-13,57.62
2003-09-14,59.408
2003-09-15,61.196
2003-09-16,55.262
2003-09-17,60.961
2003-09-18,58.855
2003-09-19,56.796
2003-09-20,66.255
2003-09-21,61.815
2003-09-22,57.375
2003-09-23,56.91
2003-09-24,56.383
2003-09-25,56.844
2003-09-26,59.907
2003-09-27,58.17333333333333
2003-09-28,56.43966666666667
2003-09-29,54.706
2003-09-30,53.7715
2003-10-01,52.837
2003-10-02,53.059
2003-10-03,52.6725
2003-10-04,52.286
2003-10-06,51.513
2003-10-07,50.15
2003-10-08,49.115
2003-10-09,48.732
2003-10-10,48.349
2003-10-11,48.30533333333333
2003-10-12,48.26166666666667
2003-10-13,48.218
2003-10-14,48.306
2003-10-15,48.224
2003-10-16,47.729
2003-10-17,48.477
2003-10-18,47.62566666666667
2003-10-19,46.77433333333333
2003-10-20,45.923
2003-10-21,44.522
2003-10-22,45.083
2003-10-23,42.585
2003-10-24,42.226
2003-10-25,44.422
2003-10-26,46.618
2003-10-27,48.814
2003-10-28,49.435
2003-10-29,49.524
2003-10-30,49.965
2003-10-31,52.311
2003-11-01,52.31475
2003-11-02,52.3185
2003-11-04,52.326
2003-11-05,50.216
2003-11-06,48.106
2003-11-07,47.206
2003-11-08,46.60766666666667
2003-11-09,46.00933333333334
2003-11-10,45.411
2003-11-11,45.852
2003-11-12,48.729
2003-11-13,49.084
2003-11-14,48.6595
2003-11-15,48.235
2003-11-17,47.386
2003-11-18,45.205
2003-11-19,44.563
2003-11-20,43.789
2003-11-21,44.239
2003-11-22,42.82633333333333
2003-11-23,41.41366666666666
2003-11-24,40.001
2003-11-25,40.321
2003-11-26,39.907
2003-11-27,39.785
2003-11-28,40.074
2003-11-29,41.35433333333333
2003-11-30,42.63466666666667
2003-12-01,43.915
2003-12-02,43.81933333333333
2003-12-03,43.72366666666667
2003-12-04,43.628
2003-12-05,42.91
2003-12-06,42.93233333333333
2003-12-07,42.95466666666666
2003-12-08,42.977
2003-12-09,43.716
2003-12-10,44.43
2003-12-11,48.35
2003-12-12,50.526
2003-12-13,48.41766666666667
2003-12-14,46.309333333333335
2003-12-15,44.201
2003-12-16,44.804
2003-12-17,43.2
2003-12-18,42.046
2003-12-19,46.676
2003-12-20,55.939
2003-12-21,65.202
2003-12-22,74.465
2003-12-23,76.668
2003-12-24,79.793
2003-12-25,83.667
2003-12-26,97.128
2003-12-27,102.729
2003-12-28,108.33
2003-12-29,113.931
2003-12-30,92.409
2003-12-31,64.005
2004-01-01,66.366
2004-01-02,82.211
2004-01-03,92.16725
2004-01-04,102.1235
2004-01-06,122.036
2004-01-07,171.098
2004-01-08,231.137
2004-01-09,225.136
2004-01-10,195.133
2004-01-11,165.13
2004-01-12,135.127
2004-01-13,139.929
2004-01-14,149.595
2004-01-15,152.746
2004-01-16,137.26
2004-01-17,123.94666666666666
2004-01-18,110.63333333333333
2004-01-19,97.32
2004-01-20,106.231
2004-01-21,99.142
2004-01-22,88.166
2004-01-23,86.3385
2004-01-24,84.511
2004-01-25,142.652
2004-01-26,200.793
2004-01-27,190.247
2004-01-28,188.945
2004-01-29,190.258
2004-01-30,176.45
2004-01-31,179.683
2004-02-01,182.916
2004-02-02,186.149
2004-02-03,336.65700000000004
2004-02-04,487.165
2004-02-05,637.673
2004-02-06,840.709
2004-02-07,780.9303333333334
2004-02-08,721.1516666666666
2004-02-09,661.373
2004-02-10,707.69
2004-02-11,850.566
2004-02-12,792.023
2004-02-13,743.573
2004-02-14,706.4446666666666
2004-02-15,669.3163333333333
2004-02-16,632.188
2004-02-17,504.903
2004-02-18,183.538
2004-02-19,173.14
2004-02-20,157.575
2004-02-21,146.50733333333332
2004-02-22,135.43966666666665
2004-02-23,124.372
2004-02-24,117.245
2004-02-25,115.026
2004-02-26,111.783
2004-02-27,107.687
2004-02-28,102.66633333333333
2004-02-29,97.64566666666668
2004-03-01,92.625
2004-03-02,92.3815
2004-03-03,92.138
2004-03-04,91.516
2004-03-05,90.706
2004-03-06,89.56366666666666
2004-03-07,88.42133333333334
2004-03-08,87.279
2004-03-09,85.138
2004-03-10,84.748
2004-03-11,87.252
2004-03-12,85.31
2004-03-13,99.04933333333334
2004-03-14,112.78866666666669
2004-03-15,126.528
2004-03-16,141.419
2004-03-17,170.641
2004-03-18,163.071
2004-03-19,294.904
2004-03-20,305.01233333333334
2004-03-21,315.12066666666664
2004-03-22,325.229
2004-03-23,336.826
2004-03-24,390.0825
2004-03-25,443.339
2004-03-26,933.911
2004-03-27,423.126
2004-03-28,332.854
2004-03-29,242.582
2004-03-30,249.02566666666667
2004-03-31,255.4693333333333
2004-04-01,261.913
2004-04-02,256.775
2004-04-03,265.3408
2004-04-04,273.9066
2004-04-07,299.604
2004-04-08,270.1598
2004-04-09,240.7156
2004-04-12,152.383
2004-04-13,146.286
2004-04-14,146.286
2004-04-15,142.607
2004-04-16,100.787
2004-04-17,107.95366666666668
2004-04-18,115.12033333333332
2004-04-19,122.287
2004-04-20,119.785
2004-04-21,118.685
2004-04-22,117.089
2004-04-23,115.558
2004-04-24,113.83233333333334
2004-04-25,112.10666666666668
2004-04-26,110.381
2004-04-27,109.92
2004-04-28,109.697
2004-04-29,108.701
2004-04-30,106.858
2004-05-01,102.232
2004-05-02,97.606
2004-05-04,88.354
2004-05-05,87.122
2004-05-06,85.428
2004-05-07,81.84
2004-05-08,81.68733333333334
2004-05-09,81.53466666666667
2004-05-10,81.382
2004-05-11,81.561
2004-05-12,80.337
2004-05-13,77.376
2004-05-14,73.374
2004-05-15,73.10066666666667
2004-05-16,72.82733333333333
2004-05-17,72.554
2004-05-18,71.921
2004-05-19,70.806
2004-05-20,70.515
2004-05-21,70.049
2004-05-22,69.558
2004-05-23,69.067
2004-05-24,68.576
2004-05-25,67.264
2004-05-26,67.048
2004-05-27,66.374
2004-05-28,64.865
2004-05-29,64.764
2004-05-30,64.663
2004-05-31,64.562
2004-06-01,67.952
2004-06-02,67.7795
2004-06-03,67.607
2004-06-04,66.343
2004-06-05,66.03233333333334
2004-06-06,65.72166666666666
2004-06-07,65.411
2004-06-08,65.865
2004-06-09,63.936
2004-06-10,66.596
2004-06-11,66.183
2004-06-12,64.98433333333334
2004-06-13,63.78566666666667
2004-06-14,62.587
2004-06-15,62.565
2004-06-16,62.668
2004-06-17,62.071
2004-06-18,62.461
2004-06-19,61.724
2004-06-20,60.987
2004-06-21,60.25
2004-06-22,59.825
2004-06-23,59.418
2004-06-24,58.423
2004-06-25,57.906
2004-06-26,57.77966666666666
2004-06-27,57.653333333333336
2004-06-28,57.527
2004-06-29,57.671
2004-06-30,58.121
2004-07-01,56.965500000000006
2004-07-02,55.81
2004-07-03,61.83525
2004-07-04,67.8605
2004-07-06,79.911
2004-07-07,78.169
2004-07-08,75.858
2004-07-09,73.407
2004-07-10,70.72133333333333
2004-07-11,68.03566666666666
2004-07-12,65.35
2004-07-13,63.9
2004-07-14,63.937
2004-07-15,64.466
2004-07-16,67.353
2004-07-17,67.32
2004-07-18,67.287
2004-07-19,67.254
2004-07-20,63.976
2004-07-21,63.504
2004-07-22,62.082
2004-07-23,61.532
2004-07-24,60.69633333333333
2004-07-25,59.86066666666667
2004-07-26,59.025
2004-07-27,57.063
2004-07-28,56.252
2004-07-29,55.441
2004-07-30,53.974
2004-07-31,56.7655
2004-08-01,59.557
2004-08-05,70.723
2004-08-06,69.924
2004-08-07,69.795
2004-08-08,69.66600000000001
2004-08-09,69.537
2004-08-10,67.465
2004-08-11,67.943
2004-08-12,67.927
2004-08-13,67.339
2004-08-14,66.54599999999999
2004-08-15,65.753
2004-08-16,64.96
2004-08-17,56.761
2004-08-18,66.368
2004-08-19,66.579
2004-08-20,62.991
2004-08-21,62.888
2004-08-22,62.785
2004-08-23,62.682
2004-08-24,65.51
2004-08-25,66.628
2004-08-26,68.064
2004-08-27,68.057
2004-08-28,66.38466666666667
2004-08-29,64.71233333333333
2004-08-30,63.04
2004-08-31,63.549
2004-09-01,67.647
2004-09-02,68.559
2004-09-03,68.66575
2004-09-04,68.77250000000001
2004-09-06,68.986
2004-09-07,68.914
2004-09-08,64.884
2004-09-09,66.808
2004-09-10,64.424
2004-09-11,65.19166666666668
2004-09-12,65.95933333333333
2004-09-13,66.727
2004-09-14,65.032
2004-09-15,63.733
2004-09-16,62.963
2004-09-17,62.193
2004-09-18,61.868
2004-09-19,61.543
2004-09-20,61.218
2004-09-21,59.783
2004-09-22,61.177
2004-09-23,63.735
2004-09-24,63.097
2004-09-25,64.962
2004-09-26,66.827
2004-09-27,68.692
2004-09-28,66.701
2004-09-29,65.372
2004-09-30,66.04
2004-10-01,62.733
2004-10-02,61.998
2004-10-03,61.263
2004-10-06,59.058
2004-10-07,59.764
2004-10-08,61.455
2004-10-09,62.208666666666666
2004-10-10,62.96233333333333
2004-10-11,63.716
2004-10-12,58.789
2004-10-13,57.967
2004-10-14,56.756
2004-10-15,55.843
2004-10-16,55.151
2004-10-17,54.459
2004-10-18,53.767
2004-10-19,53.751
2004-10-20,54.664
2004-10-21,54.602
2004-10-22,54.777
2004-10-23,54.45333333333333
2004-10-24,54.129666666666665
2004-10-25,53.806
2004-10-26,53.943
2004-10-27,53.31
2004-10-28,52.889
2004-10-29,51.77
2004-10-30,52.67133333333334
2004-10-31,53.57266666666666
2004-11-01,54.474
2004-11-02,53.779
2004-11-03,54.15133333333333
2004-11-04,54.52366666666667
2004-11-05,54.896
2004-11-06,53.177
2004-11-07,50.683
2004-11-08,52.974
2004-11-09,54.252
2004-11-10,57.4
2004-11-11,54.2455
2004-11-12,51.091
2004-11-13,50.698
2004-11-14,49.89
2004-11-15,50.133
2004-11-16,49.703
2004-11-17,49.838
2004-11-18,49.361
2004-11-19,49.141
2004-11-20,49.215
2004-11-21,48.735
2004-11-22,50.241
2004-11-23,47.317
2004-11-24,49.352
2004-11-25,49.283
2004-11-26,49.214
2004-11-28,49.076
2004-11-29,50.251
2004-11-30,49.574
2004-12-01,49.887
2004-12-02,51.492
2004-12-03,53.097
2004-12-04,53.768
2004-12-05,52.233
2004-12-06,47.385
2004-12-07,48.976
2004-12-08,49.391
2004-12-09,47.456
2004-12-10,48.118
2004-12-11,48.437
2004-12-12,50.379
2004-12-13,66.318
2004-12-14,116.548
2004-12-15,121.671
2004-12-16,106.834
2004-12-17,101.151
2004-12-18,73.862
2004-12-19,74.672
2004-12-20,70.912
2004-12-21,75.755
2004-12-22,90.049
2004-12-23,82.658
2004-12-24,78.312
2004-12-25,64.358
2004-12-26,68.321
2004-12-27,64.33
2004-12-28,56.048
2004-12-29,51.736
2004-12-30,55.101
2004-12-31,55.43
2005-01-01,70.927
2005-01-02,74.4
2005-01-03,75.7045
2005-01-04,77.009
2005-01-05,95.33
2005-01-06,100.192
2005-01-07,85.7
2005-01-08,85.327
2005-01-09,100.771
2005-01-10,112.921
2005-01-11,135.684
2005-01-12,176.751
2005-01-13,212.816
2005-01-14,246.509
2005-01-15,235.729
2005-01-16,192.98
2005-01-17,140.402
2005-01-18,117.058
2005-01-19,113.148
2005-01-20,131.7
2005-01-21,133.704
2005-01-22,129.915
2005-01-23,106.402
2005-01-24,99.56
2005-01-25,94.742
2005-01-26,89.02
2005-01-27,84.109
2005-01-28,76.945
2005-01-29,75.901
2005-01-30,75.901
2005-01-31,76.77
2005-02-01,83.621
2005-02-02,90.582
2005-02-03,97.543
2005-02-04,162.785
2005-02-05,168.788
2005-02-06,169.893
2005-02-07,178.967
2005-02-08,178.367
2005-02-09,174.546
2005-02-10,186.054
2005-02-11,170.963
2005-02-12,161.286
2005-02-13,155.078
2005-02-14,156.449
2005-02-15,149.918
2005-02-16,138.056
2005-02-17,130.158
2005-02-18,121.313
2005-02-19,129.484
2005-02-20,150.372
2005-02-21,197.156
2005-02-22,275.271
2005-02-23,286.657
2005-02-24,242.171
2005-02-25,190.52
2005-02-26,186.597
2005-02-27,183.302
2005-02-28,158.327
2005-03-01,176.283
2005-03-02,116.0
2005-03-03,123.22566666666668
2005-03-04,130.45133333333334
2005-03-05,137.677
2005-03-06,138.236
2005-03-07,151.334
2005-03-08,164.432
2005-03-09,187.144
2005-03-10,201.186
2005-03-11,196.702
2005-03-12,172.373
2005-03-13,170.584
2005-03-14,226.946
2005-03-15,175.807
2005-03-16,134.951
2005-03-17,132.689
2005-03-18,125.856
2005-03-19,114.212
2005-03-20,111.3
2005-03-21,104.56
2005-03-22,102.881
2005-03-23,125.289
2005-03-24,111.74
2005-03-25,187.094
2005-03-26,255.858
2005-03-27,220.714
2005-03-28,255.806
2005-03-29,217.183
2005-03-30,233.528
2005-03-31,235.933
2005-04-01,240.789
2005-04-02,221.493
2005-04-03,198.139
2005-04-04,197.1835
2005-04-05,196.228
2005-04-07,194.317
2005-04-08,192.87
2005-04-09,207.22
2005-04-10,203.76
2005-04-11,204.321
2005-04-12,202.262
2005-04-13,197.914
2005-04-14,175.81799999999998
2005-04-15,153.722
2005-04-16,140.879
2005-04-17,139.388
2005-04-18,135.808
2005-04-19,133.071
2005-04-20,135.526
2005-04-21,132.257
2005-04-22,127.154
2005-04-23,114.965
2005-04-24,109.064
2005-04-25,105.055
2005-04-26,97.751
2005-04-27,96.14
2005-04-28,95.619
2005-04-29,93.485
2005-04-30,90.198
2005-05-01,89.325
2005-05-02,87.466
2005-05-03,87.57766666666666
2005-05-04,87.68933333333334
2005-05-05,87.801
2005-05-06,81.272
2005-05-07,80.924
2005-05-08,78.735
2005-05-09,78.138
2005-05-10,75.688
2005-05-11,73.708
2005-05-12,73.598
2005-05-13,73.806
2005-05-14,73.657
2005-05-15,72.742
2005-05-16,72.855
2005-05-17,73.226
2005-05-18,71.261
2005-05-19,70.62
2005-05-20,70.133
2005-05-21,69.741
2005-05-22,68.351
2005-05-23,70.808
2005-05-24,71.196
2005-05-25,71.0925
2005-05-26,70.989
2005-05-27,71.134
2005-05-28,71.697
2005-05-29,70.905
2005-05-30,69.443
2005-05-31,69.019
2005-06-01,80.0
2005-06-02,79.9044
2005-06-03,79.8088
2005-06-06,79.522
2005-06-07,79.814
2005-06-08,80.106
2005-06-09,80.431
2005-06-10,80.756
2005-06-11,81.16149999999999
2005-06-12,81.567
2005-06-13,80.2755
2005-06-14,78.984
2005-06-15,78.7765
2005-06-16,78.569
2005-06-17,78.19550000000001
2005-06-18,77.822
2005-06-19,78.23349999999999
2005-06-20,78.645
2005-06-21,78.377
2005-06-22,78.109
2005-06-23,77.939
2005-06-24,77.769
2005-06-25,78.325
2005-06-26,78.881
2005-06-27,78.056
2005-06-28,77.231
2005-06-29,75.465
2005-06-30,73.699
2005-07-01,80.131
2005-07-02,79.6725
2005-07-03,79.214
2005-07-04,78.96433333333333
2005-07-05,78.71466666666667
2005-07-06,78.465
2005-07-07,77.6075
2005-07-08,76.75
2005-07-09,77.179
2005-07-10,77.608
2005-07-11,78.19550000000001
2005-07-12,78.783
2005-07-13,79.13499999999999
2005-07-14,79.487
2005-07-15,79.2375
2005-07-16,78.988
2005-07-17,78.314
2005-07-18,77.64
2005-07-19,77.67949999999999
2005-07-20,77.719
2005-07-21,77.0825
2005-07-22,76.446
2005-07-23,78.184
2005-07-24,79.922
2005-07-25,78.256
2005-07-26,76.59
2005-07-27,76.4235
2005-07-28,76.257
2005-07-29,76.2595
2005-07-30,76.262
2005-07-31,76.36099999999999
2005-08-01,76.46
2005-08-02,76.342
2005-08-03,76.22399999999999
2005-08-04,76.106
2005-08-05,75.72049999999999
2005-08-06,75.335
2005-08-07,74.463
2005-08-08,73.591
2005-08-09,73.082
2005-08-10,72.573
2005-08-11,73.5615
2005-08-12,74.55
2005-08-13,72.0975
2005-08-14,69.645
2005-08-15,70.152
2005-08-16,70.659
2005-08-17,69.662
2005-08-18,68.665
2005-08-19,68.322
2005-08-20,67.979
2005-08-21,66.399
2005-08-22,64.819
2005-08-23,64.342
2005-08-24,63.865
2005-08-25,63.0595
2005-08-26,62.254
2005-08-27,62.385
2005-08-28,62.516
2005-08-29,62.9265
2005-08-30,63.337
2005-08-31,62.8455
2005-09-01,62.354
2005-09-02,62.52
2005-09-03,62.686
2005-09-04,62.609
2005-09-05,62.532
2005-09-06,62.843
2005-09-07,63.154
2005-09-08,63.5445
2005-09-09,63.935
2005-09-10,63.002
2005-09-11,62.069
2005-09-12,63.22
2005-09-13,64.371
2005-09-14,67.179
2005-09-15,69.987
2005-09-16,82.499
2005-09-17,95.011
2005-09-18,92.24
2005-09-19,89.469
2005-09-20,82.911
2005-09-21,76.353
2005-09-22,73.235
2005-09-23,70.117
2005-09-24,68.63050000000001
2005-09-25,67.144
2005-09-26,65.125
2005-09-27,63.106
2005-09-28,62.4405
2005-09-29,61.775
2005-09-30,61.7555
2005-10-01,61.736
2005-10-02,61.217
2005-10-03,60.69799999999999
2005-10-05,59.66
2005-10-06,58.876
2005-10-07,58.092
2005-10-08,58.054
2005-10-09,58.016
2005-10-10,59.706
2005-10-11,61.396
2005-10-12,63.939
2005-10-13,66.482
2005-10-14,64.0995
2005-10-15,61.717
2005-10-16,61.8195
2005-10-17,61.922
2005-10-18,61.6635
2005-10-19,61.405
2005-10-20,61.876000000000005
2005-10-21,62.347
2005-10-22,61.59
2005-10-23,60.833
2005-10-24,60.5855
2005-10-25,60.338
2005-10-26,60.8615
2005-10-27,61.385
2005-10-28,60.5985
2005-10-29,59.812
2005-10-30,59.41233333333333
2005-10-31,59.01266666666667
2005-11-01,58.613
2005-11-02,58.41
2005-11-03,58.207
2005-11-05,57.801
2005-11-06,57.639
2005-11-07,57.477
2005-11-08,61.691500000000005
2005-11-09,65.906
2005-11-10,66.08250000000001
2005-11-11,66.259
2005-11-12,66.775
2005-11-13,67.291
2005-11-14,66.878
2005-11-15,66.465
2005-11-16,66.465
2005-11-17,66.465
2005-11-18,61.80500000000001
2005-11-19,57.145
2005-11-20,56.911
2005-11-21,56.677
2005-11-22,56.421
2005-11-23,56.165
2005-11-24,56.1605
2005-11-25,56.156
2005-11-26,55.3925
2005-11-27,54.629
2005-11-28,54.1335
2005-11-29,53.638
2005-11-30,52.8605
2005-12-01,52.083
2005-12-02,52.579
2005-12-03,53.075
2005-12-04,53.571
2005-12-05,54.891
2005-12-06,56.211
2005-12-07,56.137
2005-12-08,56.063
2005-12-09,55.279
2005-12-10,54.495
2005-12-11,54.651
2005-12-12,54.807
2005-12-13,60.11
2005-12-14,65.413
2005-12-15,65.917
2005-12-16,66.421
2005-12-17,70.7055
2005-12-18,74.99
2005-12-19,87.1385
2005-12-20,99.287
2005-12-21,115.813
2005-12-22,132.339
2005-12-23,146.9035
2005-12-24,161.468
2005-12-25,170.185
2005-12-26,178.902
2005-12-27,214.9955
2005-12-28,251.089
2005-12-29,213.017
2005-12-30,174.945
2005-12-31,189.5435
2006-01-01,204.142
2006-01-02,194.66375
2006-01-03,185.1855
2006-01-05,166.229
2006-01-06,206.0855
2006-01-07,245.942
2006-01-08,228.152
2006-01-09,210.362
2006-01-10,199.881
2006-01-11,189.4
2006-01-12,165.6645
2006-01-13,141.929
2006-01-14,173.5895
2006-01-15,205.25
2006-01-16,207.5845
2006-01-17,209.919
2006-01-18,206.383
2006-01-19,202.847
2006-01-20,194.298
2006-01-21,185.749
2006-01-22,167.5725
2006-01-23,149.396
2006-01-24,209.706
2006-01-25,270.016
2006-01-26,372.102
2006-01-27,474.188
2006-01-28,442.002
2006-01-29,409.816
2006-01-30,377.63
2006-01-31,358.694
2006-02-01,339.758
2006-02-02,347.7115
2006-02-03,355.665
2006-02-04,561.9405
2006-02-05,768.216
2006-02-06,679.576
2006-02-07,590.936
2006-02-08,603.226
2006-02-09,615.516
2006-02-10,604.174
2006-02-11,592.832
2006-02-12,1248.394
2006-02-13,1148.222
2006-02-14,990.269
2006-02-15,832.316
2006-02-16,605.057
2006-02-17,377.798
2006-02-18,343.44100000000003
2006-02-19,309.084
2006-02-20,290.8895
2006-02-21,272.695
2006-02-22,366.303
2006-02-23,374.8275
2006-02-24,383.352
2006-02-25,331.3465
2006-02-26,279.341
2006-02-27,353.0738
2006-02-28,426.8066
2006-03-03,648.005
2006-03-04,588.2384999999999
2006-03-05,528.472
2006-03-06,747.0785
2006-03-07,965.685
2006-03-08,663.8675
2006-03-09,362.05
2006-03-10,343.427
2006-03-11,324.804
2006-03-12,282.882
2006-03-13,240.96
2006-03-14,229.1365
2006-03-15,217.313
2006-03-16,225.231
2006-03-17,233.149
2006-03-18,259.3706666666667
2006-03-19,285.59233333333333
2006-03-20,311.814
2006-03-21,342.5195
2006-03-22,373.225
2006-03-23,332.5665
2006-03-24,291.908
2006-03-25,333.601
2006-03-26,375.294
2006-03-27,381.52
2006-03-28,387.746
2006-03-29,443.037
2006-03-30,438.6206666666666
2006-03-31,434.20433333333335
2006-04-01,429.788
2006-04-02,382.4125
2006-04-03,335.03700000000003
2006-04-05,240.286
2006-04-06,232.3995
2006-04-07,224.513
2006-04-08,209.62
2006-04-09,194.727
2006-04-10,189.4945
2006-04-11,184.262
2006-04-12,186.5685
2006-04-13,188.875
2006-04-14,188.4015
2006-04-15,187.928
2006-04-16,186.518
2006-04-17,185.108
2006-04-18,177.91250000000002
2006-04-19,170.717
2006-04-20,147.87900000000002
2006-04-21,125.041
2006-04-22,123.952
2006-04-23,122.863
2006-04-24,121.706
2006-04-25,120.549
2006-04-26,118.5605
2006-04-27,116.572
2006-04-28,114.5055
2006-04-29,112.439
2006-04-30,111.054
2006-05-01,109.669
2006-05-02,107.8845
2006-05-03,106.1
2006-05-04,104.0795
2006-05-05,102.059
2006-05-06,87.75399999999999
2006-05-07,73.449
2006-05-08,71.9605
2006-05-09,70.472
2006-05-10,68.3965
2006-05-11,66.321
2006-05-12,66.0705
2006-05-13,65.82
2006-05-14,68.124
2006-05-15,70.428
2006-05-16,70.475
2006-05-17,70.522
2006-05-18,68.70400000000001
2006-05-19,66.886
2006-05-20,65.4195
2006-05-21,63.953
2006-05-22,61.557500000000005
2006-05-23,59.162
2006-05-24,59.162
2006-05-25,59.162
2006-05-26,58.5815
2006-05-27,58.001
2006-05-28,58.001
2006-05-29,58.001
2006-05-30,57.3225
2006-05-31,56.644
2006-06-01,55.789
2006-06-02,56.395
2006-06-03,57.001
2006-06-04,56.6315
2006-06-05,56.262
2006-06-06,55.483
2006-06-07,54.704
2006-06-08,54.59
2006-06-09,54.476
2006-06-10,53.593
2006-06-11,52.71
2006-06-12,53.1065
2006-06-13,53.503
2006-06-14,53.2045
2006-06-15,52.906
2006-06-16,52.8235
2006-06-17,52.741
2006-06-18,51.794
2006-06-19,50.847
2006-06-20,52.5165
2006-06-21,54.186
2006-06-22,53.5655
2006-06-23,52.945
2006-06-24,54.218
2006-06-25,55.491
2006-06-26,54.862
2006-06-27,54.233
2006-06-28,53.6235
2006-06-29,53.014
2006-06-30,50.715500000000006
2006-07-01,48.417
2006-07-02,47.891666666666666
2006-07-03,47.36633333333334
2006-07-04,46.841
2006-07-05,45.5095
2006-07-06,44.178
2006-07-07,45.42
2006-07-08,46.662
2006-07-09,46.129
2006-07-10,45.596
2006-07-11,44.5355
2006-07-12,43.475
2006-07-13,43.39
2006-07-14,43.305
2006-07-15,43.9265
2006-07-16,44.548
2006-07-17,43.461
2006-07-18,42.374
2006-07-19,41.548
2006-07-20,40.722
2006-07-21,40.571
2006-07-22,40.42
2006-07-23,40.724500000000006
2006-07-24,41.029
2006-07-25,40.395
2006-07-26,39.761
2006-07-27,39.7895
2006-07-28,39.818
2006-07-29,40.298
2006-07-30,40.778
2006-07-31,41.438
2006-08-01,42.098
2006-08-02,42.4465
2006-08-03,42.795
2006-08-04,43.872
2006-08-05,44.949
2006-08-06,44.756
2006-08-07,44.563
2006-08-08,44.371
2006-08-09,44.179
2006-08-10,44.195
2006-08-11,44.211
2006-08-12,44.75
2006-08-13,45.289
2006-08-14,44.5805
2006-08-15,43.872
2006-08-16,44.643
2006-08-17,45.414
2006-08-18,44.9315
2006-08-19,44.449
2006-08-20,44.2085
2006-08-21,43.968
2006-08-22,44.518
2006-08-23,45.068
2006-08-24,45.2995
2006-08-25,45.531
2006-08-26,43.9315
2006-08-27,42.332
2006-08-28,41.703
2006-08-29,41.074
2006-08-30,41.1955
2006-08-31,41.317
2006-09-01,40.7805
2006-09-02,40.244
2006-09-03,42.04533333333333
2006-09-04,43.84666666666667
2006-09-05,45.648
2006-09-06,45.152
2006-09-07,44.656
2006-09-08,43.7805
2006-09-09,42.905
2006-09-10,43.9215
2006-09-11,44.938
2006-09-12,45.5415
2006-09-13,46.145
2006-09-14,46.23950000000001
2006-09-15,46.334
2006-09-16,43.829
2006-09-17,41.324
2006-09-18,39.3975
2006-09-19,37.471
2006-09-20,36.778
2006-09-21,36.085
2006-09-22,35.818
2006-09-23,35.551
2006-09-24,35.873000000000005
2006-09-25,36.195
2006-09-26,36.2495
2006-09-27,36.304
2006-09-28,36.679
2006-09-29,37.054
2006-09-30,37.316500000000005
2006-10-01,37.579
2006-10-02,34.3375
2006-10-03,31.096
2006-10-04,30.98966666666667
2006-10-05,30.883333333333333
2006-10-06,30.777
2006-10-07,33.389
2006-10-08,36.001
2006-10-09,36.001
2006-10-10,36.001
2006-10-11,35.7445
2006-10-12,35.488
2006-10-13,35.4985
2006-10-14,35.509
2006-10-15,36.081500000000005
2006-10-16,36.654
2006-10-17,35.713
2006-10-18,35.713
2006-10-19,35.751999999999995
2006-10-20,35.791
2006-10-21,35.3015
2006-10-22,34.812
2006-10-23,35.0075
2006-10-24,35.203
2006-10-25,36.895
2006-10-26,38.587
2006-10-27,39.286
2006-10-28,39.985
2006-10-29,40.5895
2006-10-30,41.194
2006-10-31,41.864
2006-11-01,42.534
2006-11-02,41.2845
2006-11-03,40.035
2006-11-04,38.76049999999999
2006-11-05,37.486
2006-11-06,39.754
2006-11-07,42.022
2006-11-08,43.507
2006-11-09,44.992
2006-11-10,44.798
2006-11-11,44.604
2006-11-12,42.933
2006-11-13,41.262
2006-11-14,40.319500000000005
2006-11-15,39.377
2006-11-16,38.905
2006-11-17,38.433
2006-11-18,39.246
2006-11-19,40.059
2006-11-20,48.3225
2006-11-21,56.586
2006-11-22,59.698
2006-11-23,62.81
2006-11-24,63.1475
2006-11-25,63.485
2006-11-26,58.081
2006-11-27,52.677
2006-11-28,52.55
2006-11-29,52.423
2006-11-30,49.812
2006-12-01,47.201
2006-12-02,40.7775
2006-12-03,34.354
2006-12-04,34.1335
2006-12-05,33.913
2006-12-06,34.637
2006-12-07,35.361
2006-12-08,36.267
2006-12-09,37.173
2006-12-10,37.4365
2006-12-11,37.7
2006-12-12,37.8125
2006-12-13,37.925
2006-12-14,37.7775
2006-12-15,37.63
2006-12-16,36.524
2006-12-17,35.418
2006-12-18,35.921499999999995
2006-12-19,36.425
2006-12-20,40.4065
2006-12-21,44.388
2006-12-22,49.4825
2006-12-23,54.577
2006-12-24,54.122
2006-12-25,53.667
2006-12-26,52.3835
2006-12-27,51.1
2006-12-28,52.367
2006-12-29,53.634
2006-12-30,54.53
2006-12-31,55.426
2007-01-01,54.003
2007-01-02,69.76866666666666
2007-01-03,85.53433333333334
2007-01-04,101.3
2007-01-05,108.542
2007-01-06,115.784
2007-01-07,121.912
2007-01-08,128.04
2007-01-09,149.511
2007-01-10,170.982
2007-01-11,170.982
2007-01-12,170.982
2007-01-13,169.1775
2007-01-14,167.373
2007-01-15,155.0745
2007-01-16,142.776
2007-01-17,117.9005
2007-01-18,93.025
2007-01-19,91.5575
2007-01-20,90.09
2007-01-21,89.503
2007-01-22,88.916
2007-01-23,88.12549999999999
2007-01-24,87.335
2007-01-25,89.4455
2007-01-26,91.556
2007-01-27,75.5195
2007-01-28,59.483
2007-01-29,58.7445
2007-01-30,58.006
2007-01-31,57.0625
2007-02-01,56.119
2007-02-02,57.617
2007-02-03,59.115
2007-02-04,56.468
2007-02-05,54.288
2007-02-06,57.3
2007-02-07,64.224
2007-02-08,180.258
2007-02-09,182.991
2007-02-10,180.786
2007-02-11,230.639
2007-02-12,275.463
2007-02-13,533.232
2007-02-14,583.731
2007-02-15,442.886
2007-02-16,328.964
2007-02-17,278.401
2007-02-18,214.603
2007-02-19,210.105
2007-02-20,206.595
2007-02-21,191.752
2007-02-22,178.336
2007-02-23,170.552
2007-02-24,176.66
2007-02-25,181.884
2007-02-26,202.762
2007-02-27,241.077
2007-02-28,244.557
2007-03-01,248.037
2007-03-02,255.283
2007-03-03,262.529
2007-03-04,295.416
2007-03-05,317.129
2007-03-06,409.443
2007-03-07,424.569
2007-03-08,655.301
2007-03-09,573.382
2007-03-10,318.198
2007-03-11,277.515
2007-03-12,246.167
2007-03-13,298.037
2007-03-14,339.61
2007-03-15,277.793
2007-03-16,301.189
2007-03-17,282.316
2007-03-18,277.713
2007-03-19,200.686
2007-03-20,266.471
2007-03-21,282.824
2007-03-22,264.094
2007-03-23,250.836
2007-03-24,238.111
2007-03-25,215.87
2007-03-26,228.79
2007-03-27,257.22
2007-03-28,256.21
2007-03-29,251.717
2007-03-30,245.954
2007-03-31,257.337
2007-04-01,228.528
2007-04-02,251.564
2007-04-03,242.6458
2007-04-04,233.7276
2007-04-07,206.973
2007-04-08,194.319
2007-04-09,184.771
2007-04-10,176.576
2007-04-11,175.835
2007-04-12,176.194
2007-04-13,168.765
2007-04-14,168.175
2007-04-15,170.293
2007-04-16,170.398
2007-04-17,167.341
2007-04-18,181.414
2007-04-19,146.458
2007-04-20,123.469
2007-04-21,116.936
2007-04-22,113.018
2007-04-23,110.008
2007-04-24,103.066
2007-04-25,99.617
2007-04-26,100.654
2007-04-27,107.676
2007-04-28,103.136
2007-04-29,95.371
2007-04-30,94.329
2007-05-01,98.006
2007-05-02,97.196
2007-05-03,93.69
2007-05-04,89.9985
2007-05-05,86.307
2007-05-06,85.155
2007-05-07,85.045
2007-05-08,86.092
2007-05-09,88.486
2007-05-10,83.274
2007-05-11,80.404
2007-05-12,78.307
2007-05-13,76.238
2007-05-14,76.368
2007-05-15,76.257
2007-05-16,74.496
2007-05-17,73.512
2007-05-18,69.765
2007-05-19,68.263
2007-05-20,68.057
2007-05-21,66.406
2007-05-22,65.927
2007-05-23,65.361
2007-05-24,64.915
2007-05-25,63.186
2007-05-26,62.113
2007-05-27,60.969
2007-05-28,61.065
2007-05-29,59.96
2007-05-30,57.358
2007-05-31,56.678
2007-06-01,63.347
2007-06-02,63.792
2007-06-03,64.237
2007-06-04,64.02533333333332
2007-06-05,63.81366666666666
2007-06-06,63.602
2007-06-07,63.5815
2007-06-08,63.561
2007-06-09,61.8795
2007-06-10,60.198
2007-06-11,60.339
2007-06-12,60.48
2007-06-13,59.7325
2007-06-14,58.985
2007-06-15,58.5115
2007-06-16,58.038
2007-06-17,57.4335
2007-06-18,56.829
2007-06-19,57.179
2007-06-20,57.529
2007-06-21,57.0295
2007-06-22,56.53
2007-06-23,57.2915
2007-06-24,58.053
2007-06-25,57.6685
2007-06-26,57.284
2007-06-27,56.512
2007-06-28,55.74
2007-06-29,55.5285
2007-06-30,55.317
2007-07-01,54.944
2007-07-02,54.836666666666666
2007-07-03,54.72933333333334
2007-07-04,54.622
2007-07-05,54.5365
2007-07-06,54.451
2007-07-07,53.749
2007-07-08,53.047
2007-07-09,53.0485
2007-07-10,53.05
2007-07-11,52.9525
2007-07-12,52.855
2007-07-13,52.761
2007-07-14,52.667
2007-07-15,52.596
2007-07-16,52.525
2007-07-17,52.2735
2007-07-18,52.022
2007-07-19,51.1615
2007-07-20,50.301
2007-07-21,49.291
2007-07-22,48.281
2007-07-23,48.177
2007-07-24,48.073
2007-07-25,48.13
2007-07-26,48.187
2007-07-27,47.897
2007-07-28,47.607
2007-07-29,47.3265
2007-07-30,47.046
2007-07-31,46.614
2007-08-01,46.182
2007-08-02,46.50266666666667
2007-08-03,46.82333333333333
2007-08-04,47.144
2007-08-05,47.6025
2007-08-06,48.061
2007-08-07,47.862
2007-08-08,47.663
2007-08-09,47.1655
2007-08-10,46.668
2007-08-11,46.1905
2007-08-12,45.713
2007-08-13,45.8965
2007-08-14,46.08
2007-08-15,46.131
2007-08-16,46.182
2007-08-17,46.373000000000005
2007-08-18,46.564
2007-08-19,46.260000000000005
2007-08-20,45.956
2007-08-21,46.137
2007-08-22,46.318
2007-08-23,46.272
2007-08-24,46.226
2007-08-25,46.058
2007-08-26,45.89
2007-08-27,45.4255
2007-08-28,44.961
2007-08-29,44.901
2007-08-30,44.841
2007-08-31,45.437
2007-09-01,46.033
2007-09-04,47.821
2007-09-05,47.791
2007-09-06,47.761
2007-09-07,47.9975
2007-09-08,48.234
2007-09-09,48.5215
2007-09-10,48.809
2007-09-11,48.566
2007-09-12,48.323
2007-09-13,47.528
2007-09-14,46.733
2007-09-15,46.029
2007-09-16,45.325
2007-09-17,45.9605
2007-09-18,46.596
2007-09-19,46.654
2007-09-20,46.712
2007-09-21,46.944500000000005
2007-09-22,47.177
2007-09-23,46.909
2007-09-24,46.641
2007-09-25,46.092
2007-09-26,45.543
2007-09-27,45.524
2007-09-28,45.505
2007-09-29,44.7135
2007-09-30,43.922
2007-10-01,45.018
2007-10-02,44.877
2007-10-03,44.736
2007-10-04,44.715
2007-10-05,44.694
2007-10-06,44.1325
2007-10-07,43.571
2007-10-08,43.715
2007-10-09,43.859
2007-10-10,43.838
2007-10-11,43.817
2007-10-12,43.795
2007-10-13,43.773
2007-10-14,43.886
2007-10-15,43.999
2007-10-16,44.014
2007-10-17,44.029
2007-10-18,44.3385
2007-10-19,44.648
2007-10-20,44.0535
2007-10-21,43.459
2007-10-22,42.732
2007-10-23,42.005
2007-10-24,41.731
2007-10-25,41.457
2007-10-26,40.452
2007-10-27,39.447
2007-10-28,39.2945
2007-10-29,39.142
2007-10-30,39.341
2007-10-31,39.54
2007-11-01,45.909
2007-11-02,45.391
2007-11-03,44.873
2007-11-04,44.16475
2007-11-05,43.4565
2007-11-07,42.04
2007-11-08,41.4605
2007-11-09,40.881
2007-11-10,39.207
2007-11-11,37.533
2007-11-12,37.7045
2007-11-13,37.876
2007-11-14,38.049
2007-11-15,38.222
2007-11-16,38.155
2007-11-17,38.088
2007-11-18,38.019000000000005
2007-11-19,37.95
2007-11-20,46.592
2007-11-21,55.234
2007-11-22,56.363
2007-11-23,57.492
2007-11-24,58.2575
2007-11-25,59.023
2007-11-26,57.917
2007-11-27,56.811
2007-11-28,56.4675
2007-11-29,56.124
2007-11-30,46.572
2007-12-01,37.02
2007-12-02,37.34133333333334
2007-12-03,37.66266666666667
2007-12-04,37.984
2007-12-05,37.19
2007-12-06,36.396
2007-12-07,36.3015
2007-12-08,36.207
2007-12-09,36.29
2007-12-10,36.373
2007-12-11,36.4875
2007-12-12,36.602
2007-12-13,36.6555
2007-12-14,36.709
2007-12-15,40.077
2007-12-16,43.445
2007-12-17,47.7595
2007-12-18,52.074
2007-12-19,67.35849999999999
2007-12-20,82.643
2007-12-21,90.647
2007-12-22,98.651
2007-12-23,93.151
2007-12-24,87.651
2007-12-25,83.644
2007-12-26,79.637
2007-12-27,68.443
2007-12-28,57.249
2007-12-29,55.8365
2007-12-30,54.424
2007-12-31,49.577
2008-01-01,44.73
2008-01-02,57.77
2008-01-03,88.355
2008-01-04,118.94
2008-01-05,129.713
2008-01-06,140.486
2008-01-07,189.9945
2008-01-08,239.503
2008-01-09,215.4525
2008-01-10,191.402
2008-01-12,143.301
2008-01-13,161.6815
2008-01-14,180.062
2008-01-15,392.4785
2008-01-16,604.895
2008-01-17,515.655
2008-01-18,426.415
2008-01-19,475.99250000000006
2008-01-20,525.57
2008-01-21,414.881
2008-01-22,304.192
2008-01-23,294.932
2008-01-24,285.672
2008-01-25,276.17150000000004
2008-01-26,266.671
2008-01-27,258.608
2008-01-28,250.545
2008-01-29,214.2385
2008-01-30,177.932
2008-01-31,218.704
2008-02-01,259.476
2008-02-02,203.312
2008-02-03,147.148
2008-02-04,146.679
2008-02-05,146.21
2008-02-06,206.111
2008-02-07,266.012
2008-02-08,265.413
2008-02-09,209.483
2008-02-10,153.553
2008-02-11,144.115
2008-02-12,134.677
2008-02-13,134.33249999999998
2008-02-14,133.988
2008-02-15,151.6255
2008-02-16,169.263
2008-02-17,179.9275
2008-02-18,190.592
2008-02-19,189.26
2008-02-20,187.928
2008-02-21,433.707
2008-02-22,422.259
2008-02-23,328.2355
2008-02-24,234.212
2008-02-25,231.011
2008-02-26,227.81
2008-02-27,237.3215
2008-02-28,246.833
2008-02-29,266.5515
2008-03-01,286.27
2008-03-02,275.027
2008-03-03,238.39533333333333
2008-03-04,201.7636666666667
2008-03-05,165.132
2008-03-06,163.0245
2008-03-07,160.917
2008-03-08,152.9185
2008-03-09,144.92
2008-03-10,136.23
2008-03-11,127.54
2008-03-12,130.09
2008-03-13,132.64
2008-03-14,173.332
2008-03-15,214.024
2008-03-16,205.255
2008-03-17,196.486
2008-03-18,190.6485
2008-03-19,184.811
2008-03-20,193.3165
2008-03-21,201.822
2008-03-22,201.822
2008-03-23,201.822
2008-03-24,195.6505
2008-03-25,189.479
2008-03-26,271.577
2008-03-27,309.767
2008-03-28,277.4565
2008-03-29,245.146
2008-03-30,233.43
2008-03-31,221.714
2008-04-01,187.205
2008-04-02,148.462
2008-04-03,143.67
2008-04-04,138.878
2008-04-05,134.086
2008-04-06,120.732
2008-04-07,107.378
2008-04-08,94.1365
2008-04-09,80.895
2008-04-10,79.902
2008-04-11,78.909
2008-04-12,78.547
2008-04-13,78.185
2008-04-14,76.0286
2008-04-15,73.8722
2008-04-23,56.621
2008-04-24,56.9405
2008-04-25,57.26
2008-04-26,57.686
2008-04-27,58.112
2008-04-28,58.760000000000005
2008-04-29,59.408
2008-04-30,58.3415
2008-05-01,57.275
2008-05-02,55.7555
2008-05-03,54.236
2008-05-04,53.719
2008-05-05,53.202
2008-05-06,54.4885
2008-05-07,55.775
2008-05-08,55.309
2008-05-09,54.843
2008-05-10,54.28
2008-05-11,53.717
2008-05-12,53.9315
2008-05-13,54.146
2008-05-14,53.346
2008-05-15,52.546
2008-05-16,51.9535
2008-05-17,51.361
2008-05-18,50.8675
2008-05-19,50.374
2008-05-20,50.2985
2008-05-21,50.223
2008-05-22,49.6675
2008-05-23,49.112
2008-05-24,48.5505
2008-05-25,47.989
2008-05-26,47.7455
2008-05-27,47.502
2008-05-28,47.1115
2008-05-29,46.721
2008-05-30,46.601
2008-05-31,46.481
2008-06-01,44.93
2008-06-02,44.701
2008-06-03,44.472
2008-06-04,44.243
2008-06-05,44.264
2008-06-06,44.285
2008-06-07,44.2795
2008-06-08,44.274
2008-06-09,53.0855
2008-06-10,61.897
2008-06-11,56.381
2008-06-12,50.865
2008-06-13,51.1385
2008-06-14,51.412
2008-06-15,51.2055
2008-06-16,50.999
2008-06-17,50.478
2008-06-18,49.957
2008-06-19,50.3205
2008-06-20,50.684
2008-06-21,50.476
2008-06-22,50.268
2008-06-23,50.3985
2008-06-24,50.529
2008-06-25,50.4945
2008-06-26,50.46
2008-06-27,50.0325
2008-06-28,49.605
2008-06-29,48.4505
2008-06-30,47.296
2008-07-01,44.64
2008-07-02,44.23166666666667
2008-07-03,43.82333333333333
2008-07-04,43.415
2008-07-05,42.2935
2008-07-06,41.172
2008-07-07,41.053
2008-07-08,40.934
2008-07-09,40.8285
2008-07-10,40.723
2008-07-11,40.847
2008-07-12,40.971
2008-07-13,40.7395
2008-07-14,40.508
2008-07-15,40.3365
2008-07-16,40.165
2008-07-17,40.3025
2008-07-18,40.44
2008-07-19,40.284
2008-07-20,40.128
2008-07-21,39.955
2008-07-22,39.782
2008-07-23,39.795
2008-07-24,39.808
2008-07-25,40.0275
2008-07-26,40.247
2008-07-27,40.2465
2008-07-28,40.246
2008-07-29,39.8005
2008-07-30,39.355
2008-07-31,39.598
2008-08-01,39.841
2008-08-02,40.084
2008-08-03,40.498000000000005
2008-08-04,40.912
2008-08-05,41.326
2008-08-06,41.9755
2008-08-07,42.625
2008-08-08,43.576
2008-08-09,44.527
2008-08-10,45.1365
2008-08-11,45.746
2008-08-12,44.896
2008-08-13,44.046
2008-08-14,42.3715
2008-08-15,40.697
2008-08-16,40.0435
2008-08-17,39.39
2008-08-18,39.262
2008-08-19,39.134
2008-08-20,38.375
2008-08-21,37.616
2008-08-22,36.5655
2008-08-23,35.515
2008-08-24,35.443
2008-08-25,35.371
2008-08-26,35.524
2008-08-27,35.677
2008-08-28,35.2825
2008-08-29,34.888
2008-08-30,34.7065
2008-08-31,34.525
2008-09-01,34.15266666666667
2008-09-02,33.78033333333333
2008-09-03,33.408
2008-09-04,33.279
2008-09-05,33.15
2008-09-06,33.4825
2008-09-07,33.815
2008-09-08,33.703
2008-09-09,33.591
2008-09-10,33.908500000000004
2008-09-11,34.226
2008-09-12,33.7825
2008-09-13,33.339
2008-09-14,33.3855
2008-09-15,33.432
2008-09-16,33.298500000000004
2008-09-17,33.165
2008-09-18,32.985
2008-09-19,32.805
2008-09-20,32.61
2008-09-21,32.415
2008-09-22,32.678
2008-09-23,32.941
2008-09-24,32.826
2008-09-25,32.711
2008-09-26,32.799
2008-09-27,32.887
2008-09-28,33.1515
2008-09-29,33.416
2008-09-30,33.30025
2008-10-01,33.1845
2008-10-07,32.49
2008-10-08,31.8975
2008-10-09,31.305
2008-10-10,31.1055
2008-10-11,30.906
2008-10-12,30.6035
2008-10-13,30.301
2008-10-14,32.003
2008-10-15,33.705
2008-10-16,34.7155
2008-10-17,35.726
2008-10-18,35.6065
2008-10-19,35.487
2008-10-20,35.722
2008-10-21,35.957
2008-10-22,35.452
2008-10-23,34.947
2008-10-24,34.3775
2008-10-25,33.808
2008-10-26,33.4735
2008-10-27,33.139
2008-10-28,33.036500000000004
2008-10-29,32.934
2008-10-30,32.6435
2008-10-31,32.353
2008-11-01,31.839
2008-11-02,31.839
2008-11-03,31.839
2008-11-04,31.839
2008-11-05,31.839
2008-11-06,31.839
2008-11-07,31.839
2008-11-08,31.839
2008-11-09,31.839
2008-11-10,31.839
2008-11-11,31.839
2008-11-12,31.839
2008-11-13,31.839
2008-11-14,31.839
2008-11-15,31.839
2008-11-16,30.725
2008-11-17,30.725
2008-11-18,30.725
2008-11-19,30.725
2008-11-20,30.725
2008-11-21,29.592
2008-11-22,29.592
2008-11-23,29.592
2008-11-24,29.592
2008-11-25,29.592
2008-11-26,30.725
2008-11-27,30.725
2008-11-28,29.592
2008-11-29,29.592
2008-11-30,29.592
2008-12-01,29.9255
2008-12-02,30.259
2008-12-03,29.994
2008-12-04,29.729
2008-12-05,29.7505
2008-12-06,29.772
2008-12-07,29.95
2008-12-08,30.128
2008-12-09,32.429
2008-12-10,34.73
2008-12-11,38.5285
2008-12-12,42.327
2008-12-13,38.635
2008-12-14,34.943
2008-12-15,34.991
2008-12-16,35.039
2008-12-17,36.076
2008-12-18,37.113
2008-12-19,40.804
2008-12-20,44.495
2008-12-21,59.06699999999999
2008-12-22,73.639
2008-12-23,64.00399999999999
2008-12-24,54.369
2008-12-25,57.8685
2008-12-26,61.368
2008-12-27,57.414
2008-12-28,53.46
2008-12-29,46.819
2008-12-30,40.178
2008-12-31,39.6885
2009-01-01,39.199
2009-01-02,56.26266666666666
2009-01-03,73.32633333333334
2009-01-04,90.39
2009-01-05,82.2245
2009-01-06,74.059
2009-01-07,65.939
2009-01-08,57.819
2009-01-09,55.146
2009-01-10,52.473
2009-01-11,50.522
2009-01-12,48.571
2009-01-13,71.4575
2009-01-14,94.344
2009-01-15,120.6515
2009-01-16,146.959
2009-01-17,126.5585
2009-01-18,106.158
2009-01-19,108.124
2009-01-20,110.09
2009-01-21,99.261
2009-01-22,88.432
2009-01-23,76.6265
2009-01-24,64.821
2009-01-25,60.2285
2009-01-26,55.636
2009-01-27,52.804
2009-01-28,49.972
2009-01-29,69.359
2009-01-30,88.746
2009-01-31,101.2162
2009-02-01,113.6864
2009-02-04,151.097
2009-02-05,168.988
2009-02-06,186.879
2009-02-07,221.265
2009-02-08,255.651
2009-02-09,249.2595
2009-02-10,242.868
2009-02-11,227.3845
2009-02-12,211.901
2009-02-13,217.347
2009-02-14,222.793
2009-02-15,189.1465
2009-02-16,155.5
2009-02-17,148.994
2009-02-18,142.488
2009-02-19,174.7415
2009-02-20,206.995
2009-02-21,223.3115
2009-02-22,239.628
2009-02-23,309.5795
2009-02-24,379.531
2009-02-25,387.317
2009-02-26,395.103
2009-02-27,423.851
2009-02-28,452.599
2009-03-01,495.367
2009-03-02,513.3876666666666
2009-03-03,531.4083333333333
2009-03-04,549.429
2009-03-05,504.829
2009-03-06,460.229
2009-03-07,482.481
2009-03-08,504.733
2009-03-09,448.421
2009-03-10,392.109
2009-03-11,357.0955
2009-03-12,322.082
2009-03-13,241.7535
2009-03-14,161.425
2009-03-15,158.5125
2009-03-16,155.6
2009-03-17,151.3755
2009-03-18,147.151
2009-03-19,140.84
2009-03-20,134.529
2009-03-21,129.262
2009-03-22,123.995
2009-03-23,137.86849999999998
2009-03-24,151.742
2009-03-25,151.2145
2009-03-26,150.687
2009-03-27,137.0215
2009-03-28,123.356
2009-03-29,130.78
2009-03-30,138.204
2009-03-31,136.32600000000002
2009-04-01,134.448
2009-04-02,126.6155
2009-04-03,118.783
2009-04-04,111.0405
2009-04-05,103.298
2009-04-06,104.0435
2009-04-07,104.789
2009-04-08,125.3515
2009-04-09,145.914
2009-04-10,227.5365
2009-04-11,309.159
2009-04-12,294.6215
2009-04-13,280.084
2009-04-14,234.201
2009-04-15,188.318
2009-04-16,216.816
2009-04-17,245.314
2009-04-18,210.723
2009-04-19,176.132
2009-04-20,164.5165
2009-04-21,152.901
2009-04-22,149.31400000000002
2009-04-23,145.727
2009-04-24,131.1305
2009-04-25,116.534
2009-04-26,113.8105
2009-04-27,111.087
2009-04-28,107.4055
2009-04-29,103.724
2009-04-30,100.185
2009-05-01,96.646
2009-05-02,92.808
2009-05-03,88.97
2009-05-04,88.20433333333334
2009-05-05,87.43866666666666
2009-05-06,86.673
2009-05-07,76.438
2009-05-08,66.203
2009-05-09,64.43950000000001
2009-05-10,62.676
2009-05-11,62.560500000000005
2009-05-12,62.445
2009-05-13,62.386
2009-05-14,62.327
2009-05-15,61.776
2009-05-16,61.225
2009-05-17,60.2495
2009-05-18,59.274
2009-05-19,57.474
2009-05-20,56.456
2009-05-21,56.456
2009-05-22,57.137
2009-05-23,57.818
2009-05-24,55.5575
2009-05-25,53.297
2009-05-26,52.642
2009-05-27,51.987
2009-05-28,50.9545
2009-05-29,49.922
2009-05-30,49.5405
2009-05-31,49.159
2009-06-01,48.544
2009-06-02,47.929
2009-06-03,46.5765
2009-06-04,45.224
2009-06-05,45.8085
2009-06-06,46.393
2009-06-07,45.7485
2009-06-08,45.104
2009-06-09,44.9205
2009-06-10,44.737
2009-06-11,44.8485
2009-06-12,44.96
2009-06-13,44.953500000000005
2009-06-14,44.947
2009-06-15,44.7285
2009-06-16,44.51
2009-06-17,44.646
2009-06-18,44.782
2009-06-19,44.514
2009-06-20,44.246
2009-06-21,44.2815
2009-06-22,44.317
2009-06-23,44.3555
2009-06-24,44.394
2009-06-25,44.255
2009-06-26,44.116
2009-06-27,43.805
2009-06-28,43.494
2009-06-29,43.1635
2009-06-30,42.833
2009-07-01,42.8335
2009-07-02,42.834
2009-07-03,42.584500000000006
2009-07-04,42.335
2009-07-05,42.0765
2009-07-06,41.818
2009-07-07,41.786
2009-07-08,41.754
2009-07-09,41.6215
2009-07-10,41.489
2009-07-11,41.57
2009-07-12,41.651
2009-07-13,41.209500000000006
2009-07-14,40.768
2009-07-15,40.6895
2009-07-16,40.611
2009-07-17,40.1285
2009-07-18,39.646
2009-07-19,39.0995
2009-07-20,38.553
2009-07-21,38.348
2009-07-22,38.143
2009-07-23,37.86
2009-07-24,37.577
2009-07-25,37.315
2009-07-26,37.053
2009-07-27,37.786
2009-07-28,38.519
2009-07-29,42.896
2009-07-30,47.273
2009-07-31,46.757333333333335
2009-08-01,46.24166666666667
2009-08-02,45.726
2009-08-03,45.859
2009-08-04,45.992
2009-08-05,44.5445
2009-08-06,43.097
2009-08-07,42.6425
2009-08-08,42.188
2009-08-09,41.95
2009-08-10,41.712
2009-08-11,40.8305
2009-08-12,39.949
2009-08-13,38.9795
2009-08-14,38.01
2009-08-15,36.1485
2009-08-16,34.287
2009-08-17,33.4435
2009-08-18,32.6
2009-08-19,33.181
2009-08-20,33.762
2009-08-21,33.482
2009-08-22,33.202
2009-08-23,33.1845
2009-08-24,33.167
2009-08-25,32.778000000000006
2009-08-26,32.389
2009-08-27,32.233000000000004
2009-08-28,32.077
2009-08-29,32.0255
2009-08-30,31.974
2009-08-31,31.8095
2009-09-01,31.645
2009-09-02,31.384
2009-09-03,31.123
2009-09-04,30.9555
2009-09-05,30.788
2009-09-06,30.7475
2009-09-07,30.707
2009-09-08,30.4285
2009-09-09,30.15
2009-09-10,29.5695
2009-09-11,28.989
2009-09-12,28.44
2009-09-13,27.891
2009-09-14,27.531
2009-09-15,27.171
2009-09-16,27.121
2009-09-17,27.071
2009-09-18,27.009
2009-09-19,26.947
2009-09-20,26.641
2009-09-21,26.335
2009-09-22,26.2155
2009-09-23,26.096
2009-09-24,26.0775
2009-09-25,26.059
2009-09-26,25.7085
2009-09-27,25.358
2009-09-28,26.028
2009-09-29,26.698
2009-09-30,28.7645
2009-10-01,30.831
2009-10-02,32.3405
2009-10-03,33.85
2009-10-04,33.457
2009-10-05,33.064
2009-10-06,32.535
2009-10-07,32.006
2009-10-08,31.378500000000003
2009-10-09,30.751
2009-10-10,30.3275
2009-10-11,29.904
2009-10-12,29.8425
2009-10-13,29.781
2009-10-14,29.639
2009-10-15,29.497
2009-10-16,29.5405
2009-10-17,29.584
2009-10-18,29.6005
2009-10-19,29.617
2009-10-20,29.4265
2009-10-21,29.236
2009-10-22,30.130000000000003
2009-10-23,31.024
2009-10-24,31.765
2009-10-25,32.506
2009-10-26,32.584
2009-10-27,32.662
2009-10-28,33.338
2009-10-29,34.014
2009-10-30,33.766000000000005
2009-10-31,33.518
2009-11-01,33.64616129032258
2009-11-02,33.77432258064516
2009-12-01,37.491
2009-12-02,36.8915
2009-12-03,36.292
2009-12-05,35.093
2009-12-06,34.7195
2009-12-07,34.346
2009-12-08,33.557
2009-12-09,32.768
2009-12-10,32.5705
2009-12-11,32.373
2009-12-12,33.354
2009-12-13,34.335
2009-12-14,33.2695
2009-12-15,32.204
2009-12-16,32.0795
2009-12-17,31.955
2009-12-18,31.926
2009-12-19,31.897
2009-12-20,34.0125
2009-12-21,36.128
2009-12-22,38.471
2009-12-23,40.814
2009-12-24,39.266000000000005
2009-12-25,37.718
2009-12-26,42.5895
2009-12-27,47.461
2009-12-28,46.6965
2009-12-29,45.932
2009-12-30,41.775000000000006
2009-12-31,37.618
2010-01-01,37.341
2010-01-02,35.816
2010-01-03,34.291
2010-01-04,35.38533333333333
2010-01-05,36.47966666666667
2010-01-06,37.574
2010-01-07,43.079
2010-01-08,48.584
2010-01-09,48.333
2010-01-10,48.082
2010-01-11,51.9645
2010-01-12,55.847
2010-01-13,67.25450000000001
2010-01-14,78.662
2010-01-15,112.4415
2010-01-16,146.221
2010-01-17,155.786
2010-01-18,165.351
2010-01-19,156.29000000000002
2010-01-20,147.229
2010-01-21,113.5925
2010-01-22,79.956
2010-01-23,81.18700000000001
2010-01-24,82.418
2010-01-25,85.9365
2010-01-26,89.455
2010-01-27,88.3865
2010-01-28,87.318
2010-01-29,83.691
2010-01-30,80.064
2010-01-31,77.656
2010-02-01,75.248
2010-02-02,75.1625
2010-02-03,75.077
2010-02-04,74.805
2010-02-05,74.533
2010-02-06,73.7165
2010-02-07,72.9
2010-02-08,77.701
2010-02-09,82.502
2010-02-10,86.7945
2010-02-11,91.087
2010-02-12,82.221
2010-02-13,73.355
2010-02-14,88.0155
2010-02-15,102.676
2010-02-16,99.5025
2010-02-17,96.329
2010-02-18,109.9365
2010-02-19,123.544
2010-02-20,122.475
2010-02-21,121.406
2010-02-22,131.8625
2010-02-23,142.319
2010-02-24,175.37875
2010-02-25,208.4385
2010-02-27,274.558
2010-02-28,257.3905
2010-03-01,240.223
2010-03-02,208.7955
2010-03-03,177.368
2010-03-04,165.22899999999998
2010-03-05,153.09
2010-03-06,153.99349999999998
2010-03-07,154.897
2010-03-08,130.5895
2010-03-09,106.282
2010-03-10,124.753
2010-03-11,143.224
2010-03-12,144.6935
2010-03-13,146.163
2010-03-14,140.5355
2010-03-15,134.908
2010-03-16,125.776
2010-03-17,116.644
2010-03-18,134.4025
2010-03-19,152.161
2010-03-20,199.2855
2010-03-21,246.41
2010-03-22,230.393
2010-03-23,214.376
2010-03-24,188.359
2010-03-25,162.342
2010-03-26,206.948
2010-03-27,251.554
2010-03-28,257.5525
2010-03-29,263.551
2010-03-30,221.185
2010-03-31,178.819
2010-04-01,168.96366666666663
2010-04-02,159.10833333333332
2010-04-03,149.253
2010-04-04,152.45549999999997
2010-04-05,155.658
2010-04-06,196.117
2010-04-07,236.576
2010-04-08,229.9515
2010-04-09,223.327
2010-04-10,187.3875
2010-04-11,151.448
2010-04-12,137.7595
2010-04-13,124.071
2010-04-14,115.2355
2010-04-15,106.4
2010-04-16,99.3485
2010-04-17,92.297
2010-04-18,92.3345
2010-04-19,92.372
2010-04-20,90.805
2010-04-21,89.238
2010-04-22,88.91
2010-04-23,88.582
2010-04-24,86.8605
2010-04-25,85.139
2010-04-26,80.7225
2010-04-27,76.306
2010-04-28,72.01249999999999
2010-04-29,67.719
2010-04-30,67.69847365119196
2010-05-01,67.67794730238393
2015-08-02,40.79
2015-08-03,40.79
2015-08-04,40.79
2015-08-05,40.7925
2015-08-06,40.795
2015-08-08,40.8
2015-08-09,40.4125
2015-08-10,40.025
2015-08-12,39.25
2015-08-13,42.620000000000005
2015-08-14,45.99
2015-08-15,47.295
2015-08-16,48.6
2015-08-17,47.81
2015-08-18,47.02
2015-08-19,46.685
2015-08-20,46.35
2015-08-21,45.325
2015-08-22,44.3
2015-08-23,43.86
2015-08-24,43.42
2015-08-25,42.67
2015-08-26,41.92
2015-08-27,41.42
2015-08-28,40.92
2015-08-29,40.605
2015-08-30,40.29
2015-08-31,40.366
2015-09-01,40.442
2015-09-02,40.48533333333334
2015-09-03,40.528666666666666
2015-09-04,40.572
2015-09-05,41.464
2015-09-06,42.356
2015-09-07,43.0515
2015-09-08,43.747
2015-09-09,42.365
2015-09-10,40.983
2015-09-11,40.2435
2015-09-12,39.504
2015-09-13,37.8985
2015-09-14,36.293
2015-09-15,36.319
2015-09-16,36.345
2015-09-17,36.333
2015-09-18,36.321
2015-09-19,35.789
2015-09-20,35.257
2015-09-21,35.706999999999994
2015-09-22,36.157
2015-09-23,36.223
2015-09-24,36.289
2015-09-25,36.47
2015-09-26,36.651
2015-09-27,36.247
2015-09-28,35.843
2015-09-29,35.8485
2015-09-30,35.854
2015-10-01,35.808499999999995
2015-10-02,35.763
2015-10-03,35.162
2015-10-04,34.561
2015-10-05,35.343
2015-10-06,36.125
2015-10-07,37.049
2015-10-08,37.973
2015-10-09,37.453
2015-10-10,36.933
2015-10-11,36.1
2015-10-12,35.267
2015-10-13,34.2945
2015-10-14,33.322
2015-10-15,33.322
2015-10-16,33.322
2015-10-17,32.3865
2015-10-18,31.451
2015-10-19,32.938
2015-10-20,34.425
2015-10-21,35.0635
2015-10-22,35.702
2015-10-23,35.301
2015-10-24,34.9
2015-10-25,34.6105
2015-10-26,34.321
2015-10-27,37.782
2015-10-28,41.243
2015-10-29,40.759
2015-10-30,40.275
2015-10-31,40.0875
2015-11-01,39.9
2015-11-02,39.54633333333333
2015-11-03,39.19266666666667
2015-11-04,38.839
2015-11-05,38.3155
2015-11-06,37.792
2015-11-07,36.9075
2015-11-08,36.023
2015-11-09,35.5885
2015-11-10,35.154
2015-11-11,35.4855
2015-11-12,35.817
2015-11-13,46.5595
2015-11-14,57.302
2015-11-15,63.294
2015-11-16,69.286
2015-11-17,64.596
2015-11-18,59.906
2015-11-19,57.7655
2015-11-20,55.625
2015-11-21,52.775
2015-11-22,49.925
2015-11-23,50.088
2015-11-24,50.251
2015-11-25,50.1065
2015-11-26,49.962
2015-11-27,45.9965
2015-11-28,42.031
2015-11-29,41.003
2015-11-30,39.975
2015-12-01,38.801
2015-12-02,37.627
2015-12-03,35.998000000000005
2015-12-04,34.369
2015-12-05,34.373000000000005
2015-12-06,34.377
2015-12-07,33.6925
2015-12-08,33.008
2015-12-09,32.653000000000006
2015-12-10,32.298
2015-12-11,33.721000000000004
2015-12-12,35.144
2015-12-13,35.2355
2015-12-14,35.327
2015-12-15,35.3285
2015-12-16,35.33
2015-12-17,35.44
2015-12-18,35.55
2015-12-19,35.57
2015-12-20,35.59
2015-12-21,36.41
2015-12-22,37.23
2015-12-23,38.06
2015-12-24,38.89
2015-12-25,40.54
2015-12-26,42.19
2015-12-27,44.06
2015-12-28,45.93
2015-12-29,44.215
2015-12-30,42.5
2015-12-31,42.28
2016-01-01,42.06
2016-01-02,41.155
2016-01-03,40.25
2016-01-04,38.965
2016-01-05,37.68
2016-01-06,39.2675
2016-01-07,40.855
2016-01-09,44.03
2016-01-10,42.355
2016-01-11,40.68
2016-01-12,39.545
2016-01-13,38.41
2016-01-14,37.11
2016-01-15,35.81
2016-01-16,34.790000000000006
2016-01-17,33.77
2016-01-18,36.885000000000005
2016-01-19,40.0
2016-01-20,39.91
2016-01-21,39.82
2016-01-22,40.305
2016-01-23,40.79
2016-01-24,40.365
2016-01-25,39.94
2016-01-26,38.525
2016-01-27,37.11
2016-01-28,35.555
2016-01-29,34.0
2016-01-30,32.595
2016-01-31,31.19
2016-02-01,34.46
2016-02-02,37.73
2016-02-03,37.865
2016-02-04,38.0
2016-02-06,38.27
2016-02-07,38.125
2016-02-08,37.98
2016-02-09,50.235
2016-02-10,62.49
2016-02-11,99.77
2016-02-12,137.05
2016-02-13,156.0
2016-02-14,174.95
2016-02-15,161.04
2016-02-16,147.13
2016-02-17,135.795
2016-02-18,124.46
2016-02-19,159.4
2016-02-20,194.34
2016-02-21,247.83
2016-02-22,301.32
2016-02-23,283.83
2016-02-24,266.34
2016-02-25,264.91
2016-02-26,263.48
2016-02-27,231.855
2016-02-28,200.23
2016-02-29,191.66
2016-03-01,183.09
2016-03-02,163.31
2016-03-03,143.53
2016-03-04,123.75
2016-03-05,120.51
2016-03-06,117.27
2016-03-07,114.645
2016-03-08,112.02
2016-03-09,134.81
2016-03-10,157.6
2016-03-11,143.57999999999998
2016-03-12,129.56
2016-03-13,125.575
2016-03-14,121.59
2016-03-15,121.35
2016-03-16,121.11
2016-03-17,119.4
2016-03-18,117.69
2016-03-19,112.13
2016-03-20,106.57
2016-03-21,113.82666666666668
2016-03-22,121.08333333333331
2016-03-23,128.34
2016-03-24,118.45
2016-03-25,108.56
2016-03-26,94.065
2016-03-27,79.57
2016-03-28,77.56
2016-03-29,75.55
2016-03-30,72.41
2016-03-31,69.27
2016-04-01,83.63499999999999
2016-04-02,98.0
2016-04-03,109.25
2016-04-04,120.5
2016-04-06,143.0
2016-04-07,191.5
2016-04-08,240.0
2016-04-09,235.0
2016-04-10,230.0
2016-04-11,213.0
2016-04-12,196.0
2016-04-13,185.5
2016-04-14,175.0
2016-04-15,151.0
2016-04-16,127.0
2016-04-17,125.0
2016-04-18,123.0
2016-04-19,129.0
2016-04-20,135.0
2016-04-21,131.0
2016-04-22,127.0
2016-04-23,118.5
2016-04-24,110.0
2016-04-25,106.5
2016-04-26,103.0
2016-04-27,102.5
2016-04-28,102.0
2016-04-29,101.0
2016-04-30,100.0
2016-05-01,94.1425
2016-05-02,88.285
2016-05-04,76.57
2016-05-05,74.645
2016-05-06,72.72
2016-05-07,71.28
2016-05-08,69.84
2016-05-09,68.355
2016-05-10,66.87
2016-05-11,65.66
2016-05-12,64.45
2016-05-13,63.48
2016-05-14,62.51
2016-05-15,61.31
2016-05-16,60.11
2016-05-17,58.255
2016-05-18,56.4
2016-05-19,55.045
2016-05-20,53.69
2016-05-21,52.405
2016-05-22,51.12
2016-05-23,51.31
2016-05-24,51.5
2016-05-25,51.625
2016-05-26,51.75
2016-05-27,53.025
2016-05-28,54.3
2016-05-29,53.43
2016-05-30,52.56
2016-05-31,48.975
2016-06-01,45.39
2016-06-02,45.0
2016-06-03,44.61
2016-06-04,44.22
2016-06-05,43.34
2016-06-06,42.46
2016-06-07,42.195
2016-06-08,41.93
2016-06-09,42.315
2016-06-10,42.7
2016-06-11,42.370000000000005
2016-06-12,42.04
2016-06-13,41.915
2016-06-14,41.79
2016-06-15,41.52
2016-06-16,41.25
2016-06-17,40.775
2016-06-18,40.3
2016-06-19,39.84
2016-06-20,39.38
2016-06-21,39.63
2016-06-22,39.88
2016-06-23,40.055
2016-06-24,40.23
2016-06-25,39.94499999999999
2016-06-26,39.66
2016-06-27,39.47
2016-06-28,39.28
2016-06-29,40.73
2016-06-30,42.18
2016-07-01,36.3
2016-07-02,36.06666666666666
2016-07-03,35.833333333333336
2016-07-04,35.6
2016-07-05,35.3
2016-07-06,35.0
2016-07-07,37.395
2016-07-08,39.79
2016-07-09,40.755
2016-07-10,41.72
2016-07-11,41.32
2016-07-12,40.92
2016-07-13,40.64
2016-07-14,40.36
2016-07-15,39.885
2016-07-16,39.41
2016-07-17,39.64
2016-07-18,39.87
2016-07-19,39.47
2016-07-20,39.07
2016-07-21,38.465
2016-07-22,37.86
2016-07-23,37.805
2016-07-24,37.75
2016-07-25,37.465
2016-07-26,37.18
2016-07-27,37.18
2016-07-28,37.18
2016-07-29,36.71
2016-07-30,36.24
2016-07-31,35.86
2016-08-01,35.48
2016-08-02,35.135
2016-08-03,34.79
2016-08-04,34.665
2016-08-05,34.54
2016-08-06,34.3785
2016-08-07,34.217
2016-08-08,34.022
2016-08-09,33.827
2016-08-10,33.542500000000004
2016-08-11,33.258
2016-08-12,33.204
2016-08-13,33.15
2016-08-14,33.26
2016-08-15,33.37
2016-08-16,33.230000000000004
2016-08-17,33.09
2016-08-18,33.18000000000001
2016-08-19,33.27
2016-08-20,33.150000000000006
2016-08-21,33.03
2016-08-22,32.55
2016-08-23,32.07
2016-08-24,31.85
2016-08-25,31.63
2016-08-26,31.655
2016-08-27,31.68
2016-08-28,31.665
2016-08-29,31.65
2016-08-30,32.425
2016-08-31,33.2
2016-09-01,32.91666666666667
2016-09-02,32.63333333333333
2016-09-03,32.35
2016-09-04,32.22
2016-09-05,32.09
2016-09-06,32.16
2016-09-07,32.23
2016-09-08,31.665
2016-09-09,31.1
2016-09-10,31.11
2016-09-11,31.12
2016-09-12,30.935
2016-09-13,30.75
2016-09-14,30.75
2016-09-15,30.75
2016-09-16,30.245
2016-09-17,29.74
2016-09-18,29.515
2016-09-19,29.29
2016-09-20,29.095
2016-09-21,28.9
2016-09-22,28.72
2016-09-23,28.54
2016-09-24,28.45
2016-09-25,28.36
2016-09-26,28.035
2016-09-27,27.71
2016-09-28,27.42
2016-09-29,27.13
2016-09-30,27.33
2016-10-01,27.53
2016-10-02,27.73
2016-10-03,28.14
2016-10-04,28.55
2016-10-05,28.365
2016-10-06,28.18
2016-10-07,28.46
2016-10-08,28.74
2016-10-09,28.16
2016-10-10,27.58
2016-10-11,27.85
2016-10-12,28.12
2016-10-13,27.925
2016-10-14,27.73
2016-10-15,27.545
2016-10-16,27.36
2016-10-17,27.635
2016-10-18,27.91
2016-10-19,28.04
2016-10-20,28.17
2016-10-21,28.365
2016-10-22,28.56
2016-10-23,29.045
2016-10-24,29.53
2016-10-25,29.22
2016-10-26,28.91
2016-10-27,28.765
2016-10-28,28.62
2016-10-29,28.83
2016-10-30,29.04
2016-10-31,29.0
2016-11-01,28.78
2016-11-02,28.7
2016-11-03,28.5
2016-11-04,28.22
2016-11-05,28.0
2016-11-06,27.8
2016-11-07,28.5
2016-11-08,27.42
2016-11-09,28.0
2016-11-10,28.27
2016-11-11,28.0
2016-11-12,27.62
2016-11-13,27.5
2016-11-14,27.2
2016-11-15,26.5
2016-11-16,26.29
2016-11-17,26.0
2016-11-18,25.5
2016-11-19,25.0
2016-11-20,24.72
2016-11-21,24.8
2016-11-22,24.81
2016-11-23,24.75
2016-11-24,24.69
2016-11-25,24.61
2016-11-26,24.53
2016-11-27,24.525
2016-11-28,24.52
2016-11-29,24.45
2016-11-30,24.38
2016-12-01,24.49
2016-12-02,24.6
2016-12-03,24.71
2016-12-04,24.945
2016-12-05,25.18
2016-12-06,25.5
2016-12-07,25.75
2016-12-08,25.5
2016-12-09,25.14
2016-12-10,25.2
2016-12-11,25.22
2016-12-12,25.2
2016-12-13,25.19
2016-12-14,25.3
2016-12-15,25.48
2016-12-16,25.5
2016-12-17,25.57
2016-12-18,26.0
2016-12-19,26.23
2016-12-20,27.0
2016-12-21,27.5
2016-12-22,27.96
2016-12-23,28.0
2016-12-24,28.6
2016-12-25,30.0
2016-12-26,33.28
2016-12-27,40.0
2016-12-28,45.83
2016-12-29,45.0
2016-12-30,44.49
2016-12-31,44.0
2017-01-01,43.71
2017-01-02,55.0
2017-01-03,64.1
2017-01-04,145.0
2017-01-05,180.0
2017-01-06,196.53
2017-01-07,250.0
2017-01-08,269.08
2017-01-09,220.0
2017-01-10,190.25
2017-01-11,210.0
2017-01-12,223.47
2017-01-13,300.0
2017-01-14,387.54
2017-01-15,350.0
2017-01-16,279.74
2017-01-17,330.0
2017-01-18,251.18
2017-01-19,300.0
2017-01-20,246.81
2017-01-21,240.0
2017-01-22,235.44
2017-01-23,210.0
2017-01-24,251.32
2017-01-25,245.0
2017-01-26,243.18
2017-01-27,250.0
2017-01-28,282.15
2017-01-29,270.0
2017-01-30,263.99
2017-01-31,230.0
2017-02-01,193.69
2017-02-02,180.0
2017-02-03,160.0
2017-02-04,150.0
2017-02-05,130.0
2017-02-06,177.62
2017-02-07,180.0
2017-02-08,182.64
2017-02-09,184.0
2017-02-10,186.22
2017-02-11,215.0
2017-02-12,212.0
2017-02-13,210.0
2017-02-14,170.72
2017-02-15,160.0
2017-02-16,150.17
2017-02-17,155.0
2017-02-18,158.65
2017-02-19,175.0
2017-02-20,182.4
2017-02-21,160.0
2017-02-22,149.46
2017-02-23,300.0
2017-02-24,384.79
2017-02-25,450.0
2017-02-26,650.0
2017-02-27,680.0
2017-02-28,600.0
2017-03-01,450.0
2017-03-02,396.44
2017-03-03,380.0
2017-03-04,370.34
2017-03-05,420.0
2017-03-06,450.87
2017-03-07,400.0
2017-03-08,302.32
2017-03-09,400.0
2017-03-10,509.49
2017-03-11,408.0
2017-03-12,448.17
2017-03-13,400.0
2017-03-14,472.13
2017-03-15,572.0
2017-03-16,288.0
2017-03-17,250.0
2017-03-18,209.42
2017-03-19,230.0
2017-03-20,192.0
2017-03-21,195.0
2017-03-22,202.44
2017-03-23,231.6266666666667
2017-03-24,260.81333333333333
2017-03-25,290.0
2017-03-26,279.4
2017-03-27,260.0
2017-03-28,252.04
2017-03-29,255.0
2017-03-30,403.9
2017-03-31,400.0
2017-04-01,392.085
2017-04-02,361.62
2017-04-03,361.0
2017-04-04,350.0
2017-04-05,339.68
2017-04-06,250.0
2017-04-07,180.0
2017-04-08,130.64
2017-04-09,120.0
2017-04-10,115.26
2017-04-11,110.0
2017-04-12,101.55
2017-04-13,103.0
2017-04-14,105.0
2017-04-15,110.78
2017-04-16,105.0
2017-04-17,104.08
2017-04-18,102.0
2017-04-19,101.16
2017-04-20,96.0
2017-04-21,90.46
2017-04-22,85.0
2017-04-23,79.82
2017-04-24,80.0
2017-04-25,80.32
2017-04-26,77.0
2017-04-27,75.0
2017-04-28,75.0
2017-04-29,75.5
2017-04-30,76.0
2017-05-01,76.0
2017-05-02,76.79
2017-05-03,74.5
2017-05-04,73.48
2017-05-05,71.0
2017-05-06,69.97
2017-05-07,68.0
2017-05-08,66.9
2017-05-09,65.5
2017-05-10,65.09
2017-05-11,64.0
2017-05-12,63.17
2017-05-13,62.5
2017-05-14,61.94
2017-05-15,61.0
2017-05-16,60.23
2017-05-17,60.0
2017-05-18,59.44
2017-05-19,59.5
2017-05-20,59.81
2017-05-21,59.0
2017-05-22,58.66
2017-05-23,59.0
2017-05-24,59.06
2017-05-25,59.5
2017-05-26,59.98
2017-05-27,59.5
2017-05-28,59.11
2017-05-29,59.0
2017-05-30,58.74
2017-05-31,60.0
2017-06-01,61.02
2017-06-02,62.0
2017-06-03,64.14
2017-06-04,63.5
2017-06-05,63.0
2017-06-06,62.8
2017-06-07,62.5
2017-06-08,62.04
2017-06-09,61.5
2017-06-10,61.38
2017-06-11,61.0
2017-06-12,60.55
2017-06-13,60.0
2017-06-14,59.67
2017-06-15,59.5
2017-06-16,59.19
2017-06-17,59.0
2017-06-18,58.18
2017-06-19,58.0
2017-06-20,57.39
2017-06-21,57.0
2017-06-22,56.49
2017-06-23,56.0
2017-06-24,55.68
2017-06-25,55.5
2017-06-26,54.7
2017-06-27,54.5
2017-06-28,54.05
2017-06-29,53.5
2017-06-30,53.23
2017-07-01,53.0
2017-07-02,52.3
2017-07-03,53.0
2017-07-04,54.0
2017-07-05,55.37
2017-07-06,54.0
2017-07-07,53.82
2017-07-08,52.5
2017-07-09,51.88
2017-07-10,51.5
2017-07-11,50.28
2017-07-12,50.0
2017-07-13,49.45
2017-07-14,49.0
2017-07-15,48.47
2017-07-16,48.0
2017-07-17,47.74
2017-07-18,47.5
2017-07-19,47.18
2017-07-20,47.0
2017-07-21,46.16
2017-07-22,45.5
2017-07-23,45.32
2017-07-24,45.0
2017-07-25,44.37
2017-07-26,44.0
2017-07-27,43.9
2017-07-28,43.5
2017-07-29,43.32
2017-07-30,43.0
2017-07-31,42.86
2017-08-01,42.5
2017-08-02,42.34
2017-08-03,42.5
2017-08-04,42.07
2017-08-05,41.5
2017-08-06,41.4
2017-08-07,41.0
2017-08-08,40.84
2017-08-09,40.5
2017-08-10,40.46
2017-08-11,40.0
2017-08-12,39.5
2017-08-13,39.3
2017-08-14,39.26
2017-08-15,39.2
2017-08-16,39.07
2017-08-17,39.0
2017-08-18,38.72
2017-08-19,38.5
2017-08-20,38.34
2017-08-21,38.0
2017-08-22,37.97
2017-08-23,37.8
2017-08-24,37.64
2017-08-25,37.5
2017-08-26,36.99
2017-08-27,36.6
2017-08-28,36.47
2017-08-29,36.0
2017-08-30,35.57
2017-08-31,37.0
2017-09-01,38.32
2017-09-02,37.5
2017-09-03,37.02
2017-09-04,37.0
2017-09-05,37.0
2017-09-06,36.8
2017-09-07,36.7
2017-09-08,36.65
2017-09-09,36.5
2017-09-10,36.14
2017-09-11,37.02
2017-09-12,37.9
2017-09-13,37.0
2017-09-14,36.1
2017-09-15,35.905
2017-09-16,35.71
2017-09-17,35.27
2017-09-18,34.83
2017-09-19,34.565
2017-09-20,34.3
2017-09-21,34.084999999999994
2017-09-22,33.87
2017-09-23,33.535
2017-09-24,33.2
2017-09-25,33.06666666666667
2017-09-26,32.93333333333333
2017-09-27,32.8
2017-09-28,32.28
2017-09-29,31.76
2017-09-30,31.555
2017-10-01,31.35
2017-10-02,30.96666666666667
2017-10-03,30.58333333333333
2017-10-04,30.2
2017-10-05,29.91
2017-10-06,29.62
2017-10-07,29.415
2017-10-08,29.21
2017-10-09,28.94
2017-10-10,28.67
2017-10-11,28.450000000000003
2017-10-12,28.23
2017-10-13,27.995
2017-10-14,27.76
2017-10-15,30.535000000000004
2017-10-16,33.31
2017-10-17,35.595
2017-10-18,37.88
2017-10-19,39.0
2017-10-20,41.16
2017-10-21,40.0
2017-10-22,38.3
2017-10-23,34.0
2017-10-24,32.75
2017-10-25,32.5
2017-10-26,31.83
2017-10-27,31.35
2017-10-28,30.87
2017-10-29,30.34
2017-10-30,29.81
2017-10-31,29.63
2017-11-01,29.45
2017-11-02,29.26
2017-11-03,29.07
2017-11-04,28.875
2017-11-05,28.68
2017-11-06,28.54
2017-11-07,28.4
2017-11-08,28.57
2017-11-09,28.74
2017-11-10,28.61
2017-11-11,28.48
2017-11-12,28.365
2017-11-13,28.25
2017-11-14,31.28
2017-11-15,34.31
2017-11-16,33.67
2017-11-17,33.03
2017-11-18,32.855000000000004
2017-11-19,32.68
2017-11-20,32.1465
2017-11-21,31.613
2017-11-22,31.256
2017-11-23,30.899
2017-11-24,30.291
2017-11-25,29.683
2017-11-26,29.427
2017-11-27,29.171
2017-11-28,28.971
2017-11-29,28.771
2017-11-30,30.3575
2017-12-01,31.944
2017-12-02,31.9015
2017-12-03,31.859
2017-12-04,31.291
2017-12-05,30.723
2017-12-06,30.4815
2017-12-07,30.24
2017-12-08,29.949
2017-12-09,29.658
2017-12-10,29.6265
2017-12-11,29.595
2017-12-12,29.5005
2017-12-13,29.406
2017-12-14,29.086
2017-12-15,28.766
2017-12-16,28.6135
2017-12-17,28.461
2017-12-18,29.978
2017-12-19,31.495
2017-12-20,37.162
2017-12-21,42.829
2017-12-22,55.5525
2017-12-23,68.276
2017-12-24,66.768
2017-12-25,65.26
2017-12-26,61.123000000000005
2017-12-27,56.986
2017-12-28,55.345
2017-12-29,53.704
2017-12-30,69.361
2017-12-31,85.018
2018-01-01,105.5525
2018-01-02,126.087
2018-01-03,120.942
2018-01-04,115.797
2018-01-05,110.652
2018-01-06,97.7635
2018-01-07,84.875
2018-01-08,84.6235
2018-01-09,84.372
2018-01-10,96.635
2018-01-11,108.898
2018-01-12,121.7825
2018-01-13,134.667
2018-01-14,124.049
2018-01-15,113.431
2018-01-16,115.7685
2018-01-17,118.106
2018-01-18,149.61950000000002
2018-01-19,181.133
2018-01-20,171.02800000000002
2018-01-21,160.923
2018-01-22,245.683
2018-01-23,330.443
2018-01-24,345.5795
2018-01-25,360.716
2018-01-26,296.7935
2018-01-27,232.871
2018-01-28,223.962
2018-01-29,215.053
2018-01-30,205.894
2018-01-31,196.735
2018-02-01,193.814
2018-02-02,190.893
2018-02-03,149.945
2018-02-04,108.997
2018-02-05,113.595
2018-02-06,118.193
2018-02-07,110.69
2018-02-08,150.924
2018-02-09,134.381
2018-02-10,125.324
2018-02-11,119.875
2018-02-12,130.352
2018-02-13,110.97
2018-02-14,128.793
2018-02-15,137.556
2018-02-16,325.075
2018-02-17,506.492
2018-02-18,250.54
2018-02-19,207.09
2018-02-20,185.417
2018-02-21,169.01999999999998
2018-02-22,152.623
2018-02-23,144.169
2018-02-24,127.329
2018-02-25,136.162
2018-02-26,126.251
2018-02-27,118.279
2018-02-28,125.062
2018-03-01,139.298
2018-03-02,137.024
2018-03-03,149.064
2018-03-04,138.159
2018-03-05,170.1385
2018-03-06,202.118
2018-03-07,256.804
2018-03-08,235.67
2018-03-09,321.422
2018-03-10,305.726
2018-03-11,388.548
2018-03-12,319.944
2018-03-13,370.029
2018-03-14,359.878
2018-03-15,355.86
2018-03-16,310.703
2018-03-17,318.881
2018-03-18,325.348
2018-03-19,300.363
2018-03-20,357.133
2018-03-21,362.23
2018-03-22,369.612
2018-03-23,468.06
2018-03-24,529.392
2018-03-25,365.538
2018-03-26,335.593
2018-03-27,325.191
2018-03-28,222.505
2018-03-29,184.308
2018-03-30,156.32049999999998
2018-03-31,128.333
2018-04-01,120.081
2018-04-02,113.932
2018-04-03,115.597
2018-04-04,113.503
2018-04-05,112.3535
2018-04-06,111.204
2018-04-07,108.915
2018-04-08,107.092
2018-04-09,107.834
2018-04-10,120.459
2018-04-11,129.904
2018-04-12,173.847
2018-04-13,167.518
2018-04-14,155.717
2018-04-15,152.14
2018-04-16,149.56
2018-04-17,146.137
2018-04-18,128.664
2018-04-19,120.26
2018-04-20,115.203
2018-04-21,111.853
2018-04-22,102.097
2018-04-23,94.404
2018-04-24,91.027
2018-04-25,94.855
2018-04-26,111.843
2018-04-27,117.703
2018-04-28,108.152
2018-04-29,104.742
2018-04-30,111.486
2018-05-01,106.596
2018-05-02,102.6635
2018-05-03,98.731
2018-05-04,90.2665
2018-05-05,81.802
2018-05-06,79.06200000000001
2018-05-07,76.322
2018-05-08,75.297
2018-05-09,74.272
2018-05-10,73.238
2018-05-11,72.204
2018-05-12,71.55449999999999
2018-05-13,70.905
2018-05-14,70.22149999999999
2018-05-15,69.538
2018-05-16,69.0085
2018-05-17,68.479
2018-05-18,67.351
2018-05-19,66.223
2018-05-20,64.8895
2018-05-21,63.556
2018-05-22,62.88
2018-05-23,62.204
2018-05-24,61.4045
2018-05-25,60.605
2018-05-26,59.8355
2018-05-27,59.066
2018-05-28,58.3605
2018-05-29,57.655
2018-05-30,57.0975
2018-05-31,56.54
2018-06-01,56.146
2018-06-02,55.752
2018-06-03,54.8205
2018-06-04,53.889
2018-06-05,56.44766666666667
2018-06-06,59.00633333333333
2018-06-07,61.565
2018-06-08,62.5885
2018-06-09,63.612
2018-06-10,62.368
2018-06-11,61.124
2018-06-12,61.5825
2018-06-13,62.041
2018-06-14,60.9435
2018-06-15,59.846
2018-06-16,59.2265
2018-06-17,58.607
2018-06-18,59.3115
2018-06-19,60.016
2018-06-20,58.399
2018-06-21,56.782
2018-06-22,56.165
2018-06-23,55.548
2018-06-24,55.0475
2018-06-25,54.547
2018-06-26,55.3055
2018-06-27,56.064
2018-06-28,55.3965
2018-06-29,54.729
2018-06-30,54.304
2018-07-01,53.879
2018-07-02,53.549
2018-07-03,53.219
2018-07-04,52.889
2018-07-05,52.716
2018-07-06,52.543
2018-07-07,51.955
2018-07-08,51.367
2018-07-09,51.3695
2018-07-10,51.372
2018-07-11,51.352
2018-07-12,51.332
2018-07-13,51.0525
2018-07-14,50.773
2018-07-15,51.4135
2018-07-16,52.054
2018-07-17,50.408
2018-07-18,48.762
2018-07-19,48.187
2018-07-20,47.612
2018-07-21,50.7115
2018-07-22,53.811
2018-07-23,54.053
2018-07-24,54.295
2018-07-25,54.783
2018-07-26,55.271
2018-07-27,53.5105
2018-07-28,51.75
2018-07-29,51.0075
2018-07-30,50.265
2018-07-31,50.270764285714286
2018-08-01,50.27652857142857
2023-01-01,80.94
2023-01-02,149.59
2023-01-03,146.29
2023-01-04,112.96
2023-01-05,83.93
2023-01-06,70.67
2023-01-07,62.16
2023-01-08,58.17
2023-01-09,60.35
2023-01-10,65.12
2023-01-11,60.85
2023-01-12,56.89
2023-01-13,53.11
2023-01-14,51.05
2023-01-15,48.84
2023-01-16,45.35
2023-01-17,43.73
2023-01-18,44.32
2023-01-19,51.74
2023-01-20,59.49
2023-01-21,119.92
2023-01-22,159.13
2023-01-23,134.88
2023-01-24,113.53
2023-01-25,104.34
2023-01-26,105.73
2023-01-27,185.12
2023-01-28,338.29
2023-01-29,414.63
2023-01-30,511.75
2023-01-31,568.27
2023-02-01,606.92
2023-02-02,438.62
2023-02-03,370.82
2023-02-04,234.19
2023-02-05,413.12
2023-02-06,627.95
2023-02-07,635.13
2023-02-08,373.63
2023-02-09,165.4
2023-02-10,119.51
2023-02-11,108.06
2023-02-12,332.43
2023-02-13,500.06
2023-02-14,610.75
2023-02-15,553.13
2023-02-16,539.71
2023-02-17,444.86
2023-02-18,384.96
2023-02-19,336.63
2023-02-20,260.26
2023-02-21,225.12
2023-02-22,220.5
2023-02-23,212.77
2023-02-24,223.98
2023-02-25,223.48
2023-02-26,211.25
2023-02-27,199.88
2023-02-28,190.09
2023-03-01,167.6
2023-03-02,163.33
2023-03-03,160.18
2023-03-04,147.36
2023-03-05,139.53
2023-03-06,183.96
2023-03-07,186.65
2023-03-08,213.19
2023-03-09,199.49
2023-03-10,186.08
2023-03-11,253.31
2023-03-12,286.89
2023-03-13,258.17
2023-03-14,240.01
2023-03-15,257.53
2023-03-16,230.96
2023-03-17,175.95
2023-03-18,138.81
2023-03-19,134.21
2023-03-20,230.32
2023-03-21,199.55
2023-03-22,172.93
2023-03-23,158.86
2023-03-24,140.62
2023-03-25,243.93
2023-03-26,348.54
2023-03-27,406.91
2023-03-28,453.85
2023-03-29,503.35
2023-03-30,444.78
2023-03-31,439.85
2023-04-01,396.07
2023-04-02,351.5
2023-04-03,293.12
2023-04-04,317.18
2023-04-05,267.29
2023-04-06,227.41
2023-04-07,196.66
2023-04-08,180.09
2023-04-09,171.09
2023-04-10,166.09
2023-04-11,153.01
2023-04-12,144.99
2023-04-13,139.67
2023-04-14,125.93
2023-04-15,120.87
2023-04-16,114.49
2023-04-17,108.51
2023-04-18,102.66
2023-04-19,99.57
2023-04-20,98.44
2023-04-21,94.83
2023-04-22,91.02
2023-04-23,89.77
2023-04-24,88.0
2023-04-25,86.98
2023-04-26,82.87
2023-04-27,81.55
2023-04-28,77.28
2023-04-29,75.7
2023-04-30,75.9
2023-05-01,73.21
2023-05-02,72.68
2023-05-03,72.75
2023-05-04,71.63
2023-05-05,71.1
2023-05-06,69.13
2023-05-07,69.59
2023-05-08,69.2
2023-05-09,68.01
2023-05-10,68.54
2023-05-11,70.31
2023-05-12,68.08
2023-05-13,66.17
2023-05-14,66.43
2023-05-15,64.79
2023-05-16,65.05
2023-05-17,64.86
2023-05-18,63.54
2023-05-19,61.37
2023-05-20,61.7
2023-05-21,60.26
2023-05-22,55.06
2023-05-23,54.43
2023-05-24,54.55
2023-05-25,53.22
2023-05-26,53.27
2023-05-27,52.33
2023-05-28,51.45
2023-05-29,51.6
2023-05-30,51.1
2023-05-31,50.86
2023-06-01,50.38
2023-06-02,49.46
2023-06-03,49.49
2023-06-04,48.74
2023-06-05,48.59
2023-06-06,48.53
2023-06-07,48.68
2023-06-08,48.23
2023-06-09,48.03
2023-06-10,47.22
2023-06-11,46.77
2023-06-12,47.16
2023-06-13,46.74
2023-06-14,46.27
2023-06-15,45.64
2023-06-16,46.15
2023-06-17,44.99
2023-06-18,46.18
2023-06-19,45.25
2023-06-20,45.28
2023-06-21,43.97
2023-06-22,41.91
2023-06-23,42.26
2023-06-24,42.27
2023-06-25,41.56
2023-06-26,41.5
2023-06-27,40.99
2023-06-28,40.84
2023-06-29,40.84
2023-06-30,41.25
2023-07-01,40.96
2023-07-02,40.84
2023-07-03,40.22
2023-07-04,40.01
2023-07-05,40.04
2023-07-06,40.44
2023-07-07,40.09
2023-07-08,40.42
2023-07-09,39.47
2023-07-10,39.15
2023-07-11,39.02
2023-07-12,38.78
2023-07-13,38.85
2023-07-14,38.46
2023-07-15,38.58
2023-07-16,38.37
2023-07-17,38.04
2023-07-18,37.35
2023-07-19,36.88
2023-07-20,37.26
2023-07-21,37.26
2023-07-22,37.3
2023-07-23,37.26
2023-07-24,37.26
2023-07-25,37.26
2023-07-26,37.26
2023-07-27,37.26
2023-07-28,36.55
2023-07-29,36.55
2023-07-30,37.26
2023-07-31,36.55
2023-08-01,36.55
2023-08-02,36.55
2023-08-03,36.55
2023-08-04,37.26
2023-08-05,37.26
2023-08-06,36.55
2023-08-07,36.55
2023-08-08,36.55
2023-08-09,36.55
2023-08-10,35.83
2023-08-11,35.83
2023-08-12,35.83
2023-08-13,35.83
2023-08-14,35.83
2023-08-15,35.83
2023-08-16,35.12
2023-08-17,35.12
2023-08-18,35.12
2023-08-19,34.4
2023-08-20,34.4
2023-08-21,34.4
2023-08-22,34.4
2023-08-23,34.4
2023-08-24,33.69
2023-08-25,33.69
2023-08-26,33.69
2023-08-27,33.69
2023-08-28,33.69
2023-08-29,33.69
2023-08-30,33.69
2023-08-31,33.69
2023-09-01,33.69
2023-09-02,33.69
2023-09-03,33.69
2023-09-04,33.69
2023-09-05,33.15
2023-09-06,32.44
2023-09-07,32.26
2023-09-08,32.26
2023-09-09,32.26
2023-09-10,32.26
2023-09-11,32.26
2023-09-12,31.54
2023-09-13,31.54
2023-09-14,31.54
2023-09-15,31.54
2023-09-16,31.54
2023-09-17,31.54
2023-09-18,31.54
2023-09-19,31.0
2023-09-20,30.83
2023-09-21,30.83
2023-09-22,30.83
2023-09-23,30.83
2023-09-24,30.83
2023-09-25,30.83
2023-09-26,30.83
2023-09-27,30.83
2023-09-28,30.83
2023-09-29,30.83
2023-09-30,30.83
2023-10-01,30.83
2023-10-02,30.83
2023-10-03,30.11
2023-10-04,30.11
2023-10-05,30.65
2023-10-06,30.83
2023-10-07,30.83
2023-10-08,30.83
2023-10-09,30.83
2023-10-10,33.51
2023-10-11,35.12
2023-10-12,34.4
2023-10-13,30.11
2023-10-14,30.83
2023-10-15,30.11
2023-10-16,30.11
2023-10-17,30.11
2023-10-18,30.11
2023-10-19,31.0
2023-10-20,31.54
2023-10-21,33.15
2023-10-22,35.83
2023-10-23,36.73
2023-10-24,37.09
2023-10-25,40.13
2023-10-26,40.48
2023-10-27,38.69
2023-10-28,36.73
2023-10-29,34.58
2023-10-30,34.22
2023-10-31,33.69
2023-11-01,32.97
2023-11-02,32.97
2023-11-03,32.26
2023-11-04,32.26
2023-11-05,32.26
2023-11-06,32.26
2023-11-07,32.97
2023-11-08,37.26
2023-11-09,37.98
2023-11-10,37.98
2023-11-11,37.98
2023-11-12,37.98
2023-11-13,37.26
2023-11-14,37.98
2023-11-15,37.98
2023-11-16,37.26
2023-11-17,37.26
2023-11-18,37.26
2023-11-19,36.91
2023-11-20,35.83
2023-11-21,35.12
2023-11-22,34.4
2023-11-23,34.4
2023-11-24,33.69
2023-11-25,33.69
2023-11-26,33.69
2023-11-27,33.69
2023-11-28,34.4
2023-11-29,35.12
2023-11-30,34.4
2023-12-01,34.4
2023-12-02,34.4
2023-12-03,34.4
2023-12-04,34.4
2023-12-05,34.4
2023-12-06,33.69
2023-12-07,32.97
2023-12-08,32.97
2023-12-09,32.26
2023-12-10,32.97
2023-12-11,34.4
2023-12-12,41.56
2023-12-13,45.13
2023-12-14,40.66
2023-12-15,41.38
2023-12-16,40.13
2023-12-17,41.56
2023-12-18,44.95
2023-12-19,40.13
2023-12-20,37.8
2023-12-21,34.4
2023-12-22,33.69
2023-12-23,32.97
2023-12-24,32.97
2023-12-25,32.97
2023-12-26,33.69
2023-12-27,34.4
2023-12-28,38.69
2023-12-29,73.1
2023-12-30,101.54
2023-12-31,101.93
2024-01-01,119.29
2024-01-02,106.27
2024-01-03,108.24
2024-01-04,131.12
2024-01-05,131.91
2024-01-06,138.22
2024-01-07,141.77
2024-01-08,155.66
2024-01-09,146.04
2024-01-10,149.39
2024-01-11,127.57
2024-01-12,137.3
2024-01-13,150.67
2024-01-14,147.54
2024-01-15,136.18
2024-01-16,151.7
2024-01-17,185.77
2024-01-18,318.38
2024-01-19,391.53
2024-01-20,424.11
2024-01-21,540.48
2024-01-22,466.27
2024-01-23,557.19
2024-01-24,588.55
2024-01-25,520.84
2024-01-26,676.6
2024-01-27,669.01
2024-01-28,487.57
2024-01-29,340.76
2024-01-30,222.58
2024-01-31,213.42
2024-02-01,195.41
2024-02-02,217.57
2024-02-03,276.16
2024-02-04,311.32
2024-02-05,235.67
2024-02-06,240.89
2024-02-07,223.91
2024-02-08,198.11
2024-02-09,193.88
2024-02-10,182.33
2024-02-11,170.12
2024-02-12,161.03
2024-02-13,160.1
2024-02-14,161.69
2024-02-15,175.84
2024-02-16,223.44
2024-02-17,354.44
2024-02-18,502.9
2024-02-19,566.22
2024-02-20,482.45
2024-02-21,325.07
2024-02-22,238.94
2024-02-23,215.92
2024-02-24,204.09
2024-02-25,377.38
2024-02-26,750.81
2024-02-27,771.16
2024-02-28,722.65
2024-02-29,678.87
2024-03-01,655.2
2024-03-02,685.97
2024-03-03,733.3
2024-03-04,736.85
2024-03-05,773.53
2024-03-06,695.43
2024-03-07,546.34
2024-03-08,656.39
2024-03-09,617.34
2024-03-10,616.15
2024-03-11,681.23
2024-03-12,701.35
2024-03-13,601.96
2024-03-14,725.02
2024-03-15,621.12
2024-03-16,587.76
2024-03-17,586.57
2024-03-18,778.26
2024-03-19,632.72
2024-03-20,726.2
2024-03-21,565.27
2024-03-22,488.36
2024-03-23,417.37
2024-03-24,375.95
2024-03-25,299.04
2024-03-26,420.92
2024-03-27,482.45
2024-03-28,322.7
2024-03-29,384.23
2024-03-30,336.9
2024-03-31,278.92
2024-04-01,281.29
2024-04-02,245.79
2024-04-03,267.09
2024-04-04,247.69
2024-04-05,313.17
2024-04-06,393.7
2024-04-07,352.29
2024-04-08,357.02
2024-04-09,379.5
2024-04-10,442.21
2024-04-11,539.24
2024-04-12,462.33
2024-04-13,384.23
2024-04-14,310.87
2024-04-15,246.08
2024-04-16,209.09
2024-04-17,186.34
2024-04-18,177.64
2024-04-19,155.65
2024-04-20,150.87
2024-04-21,153.85
2024-04-22,155.05
2024-04-23,145.61
2024-04-24,145.01
2024-04-25,145.63
2024-04-26,132.6
2024-04-27,125.58
2024-04-28,118.75
2024-04-29,114.17
2024-04-30,112.16
2024-05-01,112.16
2024-05-02,112.16
2024-05-03,110.18
2024-05-04,112.16
2024-05-05,105.33
2024-05-06,93.26
2024-05-07,88.41
2024-05-08,84.97
2024-05-09,81.61
2024-05-10,81.2
2024-05-11,82.44
2024-05-12,79.56
2024-05-13,77.94
2024-05-14,75.54
2024-05-15,73.19
2024-05-16,105.32
2024-05-17,100.11
2024-05-18,99.64
2024-05-19,93.69
2024-05-20,83.28
2024-05-21,77.17
2024-05-22,70.88
2024-05-23,67.49
2024-05-24,64.93
2024-05-25,63.13
2024-05-26,61.36
2024-05-27,61.36
2024-05-28,59.97
2024-05-29,58.59
2024-05-30,57.24
2024-05-31,57.24
2024-06-01,55.9
2024-06-02,54.58
2024-06-03,53.6
2024-06-04,54.58
2024-06-05,53.93
2024-06-06,52.0
2024-06-07,52.0
2024-06-08,50.73
2024-06-09,50.73
2024-06-10,49.49
2024-06-11,49.49
2024-06-12,48.26
2024-06-13,48.26
2024-06-14,48.26
2024-06-15,48.26
2024-06-16,48.26
2024-06-17,48.26
2024-06-18,48.26
2024-06-19,47.65
2024-06-20,47.05
2024-06-21,47.05
2024-06-22,47.96
2024-06-23,49.49
2024-06-24,48.87
2024-06-25,48.26
2024-06-26,48.26
2024-06-27,47.05
2024-06-28,47.05
2024-06-29,47.05
2024-06-30,47.05
2024-07-01,46.45
2024-07-02,45.86
2024-07-03,45.86
2024-07-04,45.27
2024-07-05,44.68
2024-07-06,44.68
2024-07-07,43.52
2024-07-08,43.52
2024-07-09,42.39
2024-07-10,42.39
2024-07-11,42.39
2024-07-12,42.39
2024-07-13,42.95
2024-07-14,43.52
2024-07-15,42.39
2024-07-16,41.26
2024-07-17,41.26
2024-07-18,41.26
2024-07-19,40.16
2024-07-20,40.16
2024-07-21,39.07
2024-07-22,39.07
2024-07-23,39.07
2024-07-24,39.07
2024-07-25,39.07
2024-07-26,38.0
2024-07-27,38.0
2024-07-28,38.0
2024-07-29,38.0
2024-07-30,36.95
2024-07-31,36.95
2024-08-01,36.95
2024-08-02,36.95
2024-08-03,36.95
2024-08-04,35.92
2024-08-05,35.92
2024-08-06,35.92
2024-08-07,35.92
2024-08-08,35.92
2024-08-09,38.54
2024-08-10,38.54
2024-08-11,38.54
2024-08-12,38.54
2024-08-13,37.55
2024-08-14,37.55
2024-08-15,36.56
2024-08-16,36.56
2024-08-17,36.56
2024-08-18,35.6
2024-08-19,35.6
2024-08-20,35.6
2024-08-21,35.6
2024-08-22,35.6
2024-08-23,34.65
2024-08-24,34.65
2024-08-25,34.65
2024-08-26,34.65
2024-08-27,33.71
2024-08-28,33.71
2024-08-29,33.71
2024-08-30,34.69
2024-08-31,34.69
2024-09-01,34.69
2024-09-02,33.78
2024-09-03,33.78
2024-09-04,33.9
2024-09-05,33.9
2024-09-06,33.9
2024-09-07,33.9
2024-09-08,33.01
2024-09-09,33.01
2024-09-10,33.01
2024-09-11,33.01
2024-09-12,33.01
2024-09-13,33.01
2024-09-14,32.14
2024-09-15,32.14
2024-09-16,32.14
2024-09-17,32.14
2024-09-18,32.14
2024-09-19,32.14
2024-09-20,32.14
2024-09-21,32.14
2024-09-22,31.28
2024-09-23,31.28
2024-09-24,31.28
2024-09-25,31.28
2024-09-26,31.28
2024-09-27,31.28
2024-09-28,31.28
2024-09-29,31.28
2024-09-30,30.44
2024-10-01,30.44
2024-10-02,30.44
2024-10-03,30.44
2024-10-04,30.43
2024-10-05,30.43
2024-10-06,30.43
2024-10-07,30.43
2024-10-08,30.43
2024-10-09,30.43
2024-10-10,30.43
2024-10-11,30.43
2024-10-12,30.43
2024-10-13,30.01
2024-10-14,28.77
2024-10-15,28.77
2024-10-16,28.77
2024-10-17,28.77
2024-10-18,27.97
2024-10-19,27.97
2024-10-20,27.18
2024-10-21,27.03
2024-10-22,27.08
2024-10-23,26.72
2024-10-24,26.33
2024-10-25,26.4
2024-10-26,26.4
2024-10-27,26.4
2024-10-28,26.4
2024-10-29,26.4
2024-10-30,26.4
2024-10-31,27.18
2024-11-01,28.57
2024-11-02,27.18
2024-11-03,26.4
2024-11-04,26.4
2024-11-05,27.74
2024-11-06,27.74
2024-11-07,27.74
2024-11-08,27.09
2024-11-09,27.09
2024-11-10,27.09
2024-11-11,26.45
2024-11-12,26.45
2024-11-13,26.45
2024-11-14,26.45
2024-11-15,26.45
2024-11-16,26.45
2024-11-17,26.45
2024-11-18,28.4
2024-11-19,27.74
2024-11-20,27.09
2024-11-21,26.77
2024-11-22,26.45
2024-11-23,26.45
2024-11-24,26.45
2024-11-25,38.98
2024-11-26,41.77
2024-11-27,49.05
2024-11-28,48.06
2024-11-29,41.99
2024-11-30,50.31
2024-12-01,49.12
2024-12-02,74.7
2024-12-03,70.24
2024-12-04,52.4
2024-12-05,43.36
2024-12-06,43.8
2024-12-07,40.66
2024-12-08,36.28
2024-12-09,34.91
2024-12-10,50.07
2024-12-11,95.68
2024-12-12,117.72
2024-12-13,184.53
2024-12-14,113.07
2024-12-15,85.11
2024-12-16,63.35
2024-12-17,59.81
2024-12-18,67.34
2024-12-19,82.29
2024-12-20,81.54
2024-12-21,81.41
2024-12-22,58.38
2024-12-23,50.06
2024-12-24,58.06
2024-12-25,51.26
2024-12-26,48.95
2024-12-27,41.13
2024-12-28,38.11
2024-12-29,37.06
2024-12-30,38.56
2024-12-31,40.03
