date,discharge_m3s
2000-01-01,39.0
2000-01-02,40.0
2000-01-03,40.0
2000-01-04,40.0
2000-01-05,40.0
2000-01-06,40.0
2000-01-07,40.0
2000-01-08,40.0
2000-01-09,40.0
2000-01-10,40.0
2000-01-11,40.0
2000-01-12,42.0
2000-01-13,42.0
2000-01-14,40.0
2000-01-15,39.333
2000-01-16,38.0
2000-01-17,35.0
2000-01-18,36.333
2000-01-19,36.0
2000-01-20,39.0
2000-01-21,39.667
2000-01-22,40.0
2000-01-23,40.0
2000-01-24,42.0
2000-01-25,45.0
2000-01-26,49.0
2000-01-27,50.0
2000-01-28,50.0
2000-01-29,55.0
2000-01-30,60.0
2000-01-31,62.0
2000-02-01,67.0
2000-02-02,68.0
2000-02-03,73.0
2000-02-04,75.0
2000-02-05,78.0
2000-02-06,83.0
2000-02-07,85.0
2000-02-08,85.333
2000-02-09,75.0
2000-02-10,82.0
2000-02-11,84.0
2000-02-12,82.0
2000-02-13,80.0
2000-02-14,77.0
2000-02-15,63.0
2000-02-16,45.0
2000-02-17,56.0
2000-02-18,75.0
2000-02-19,65.0
2000-02-20,70.0
2000-02-21,74.0
2000-02-22,150.667
2000-02-23,193.0
2000-02-24,175.0
2000-02-25,160.0
2000-02-26,180.0
2000-02-27,160.0
2000-02-28,157.0
2000-02-29,144.0
2000-03-01,125.333
2000-03-02,119.0
2000-03-03,133.0
2000-03-04,125.0
2000-03-05,120.0
2000-03-06,119.0
2000-03-07,105.0
2000-03-08,145.0
2000-03-09,142.0
2000-03-10,135.0
2000-03-11,127.0
2000-03-12,120.0
2000-03-13,110.0
2000-03-14,98.0
2000-03-15,100.0
2000-03-16,95.0
2000-03-17,95.0
2000-03-18,94.0
2000-03-19,95.0
2000-03-20,94.0
2000-03-21,89.0
2000-03-22,87.0
2000-03-23,90.0
2000-03-24,87.0
2000-03-25,83.0
2000-03-26,80.0
2000-03-27,78.0
2000-03-28,76.0
2000-03-29,73.0
2000-03-30,76.667
2000-03-31,80.0
2000-04-01,80.0
2000-04-02,80.0
2000-04-03,78.0
2000-04-04,79.0
2000-04-05,80.0
2000-04-06,81.0
2000-04-07,80.0
2000-04-08,80.0
2000-04-09,80.0
2000-04-10,82.0
2000-04-11,78.0
2000-04-12,76.0
2000-04-13,74.0
2000-04-14,72.0
2000-04-15,72.0
2000-04-16,70.0
2000-04-17,70.0
2000-04-18,69.0
2000-04-19,66.0
2000-04-20,68.0
2000-04-21,70.0
2000-04-22,70.0
2000-04-23,68.0
2000-04-24,64.0
2000-04-25,62.0
2000-04-26,60.0
2000-04-27,58.0
2000-04-28,54.0
2000-04-29,52.0
2000-04-30,50.0
2000-05-01,48.0
2000-05-02,46.0
2000-05-03,46.0
2000-05-04,48.0
2000-05-05,46.0
2000-05-06,46.0
2000-05-07,44.0
2000-05-08,44.0
2000-05-09,44.0
2000-05-10,45.0
2000-05-11,43.0
2000-05-12,43.0
2000-05-13,43.0
2000-05-14,43.0
2000-05-15,44.0
2000-05-16,41.0
2000-05-17,39.0
2000-05-18,39.0
2000-05-19,37.0
2000-05-20,37.0
2000-05-21,36.0
2000-05-22,36.0
2000-05-23,36.0
2000-05-24,36.0
2000-05-25,36.0
2000-05-26,36.0
2000-05-27,36.0
2000-05-28,36.0
2000-05-29,36.0
2000-05-30,34.0
2000-05-31,33.0
2000-06-01,34.0
2000-06-02,34.0
2000-06-03,33.0
2000-06-04,32.0
2000-06-05,32.0
2000-06-06,31.667
2000-06-07,31.333
2000-06-08,31.0
2000-06-09,31.0
2000-06-10,30.0
2000-06-11,30.0
2000-06-12,30.0
2000-06-13,30.0
2000-06-14,30.0
2000-06-15,30.0
2000-06-16,30.0
2000-06-17,30.0
2000-06-18,30.0
2000-06-19,30.0
2000-06-20,30.0
2000-06-21,28.0
2000-06-22,27.0
2000-06-23,27.0
2000-06-24,27.0
2000-06-25,27.0
2000-06-26,26.0
2000-06-27,25.0
2000-06-28,25.0
2000-06-29,25.0
2000-06-30,25.0
2000-07-01,25.0
2000-07-02,25.0
2000-07-03,25.0
2000-07-04,25.0
2000-07-05,25.0
2000-07-06,25.0
2000-07-07,25.0
2000-07-08,24.0
2000-07-09,24.0
2000-07-10,23.0
2000-07-11,23.0
2000-07-12,23.0
2000-07-13,23.0
2000-07-14,23.0
2000-07-15,23.0
2000-07-16,22.0
2000-07-17,22.0
2000-07-18,22.0
2000-07-19,22.0
2000-07-20,22.0
2000-07-21,22.0
2000-07-22,22.0
2000-07-23,22.0
2000-07-24,22.0
2000-07-25,21.0
2000-07-26,21.0
2000-07-27,21.0
2000-07-28,21.0
2000-07-29,21.0
2000-07-30,21.0
2000-07-31,20.0
2000-08-01,18.0
2000-08-02,18.0
2000-08-03,16.0
2000-08-04,16.0
2000-08-05,14.0
2000-08-06,14.0
2000-08-07,14.0
2000-08-08,14.0
2000-08-09,14.0
2000-08-10,14.0
2000-08-11,14.0
2000-08-12,14.0
2000-08-13,14.0
2000-08-14,14.0
2000-08-15,14.0
2000-08-16,14.0
2000-08-17,14.0
2000-08-18,14.0
2000-08-19,14.0
2000-08-20,14.0
2000-08-21,14.0
2000-08-22,14.0
2000-08-23,14.0
2000-08-24,14.0
2000-08-25,13.0
2000-08-26,13.0
2000-08-27,13.0
2000-08-28,13.0
2000-08-29,13.0
2000-08-30,13.0
2000-08-31,13.0
2000-09-01,13.0
2000-09-02,13.0
2000-09-03,13.0
2000-09-04,13.0
2000-09-05,13.0
2000-09-06,13.0
2000-09-07,13.0
2000-09-08,13.0
2000-09-09,13.0
2000-09-10,13.0
2000-09-11,13.0
2000-09-12,13.0
2000-09-13,12.0
2000-09-14,12.0
2000-09-15,12.0
2000-09-16,12.0
2000-09-17,12.0
2000-09-18,12.0
2000-09-19,12.0
2000-09-20,12.0
2000-09-21,12.0
2000-09-22,12.0
2000-09-23,12.0
2000-09-24,12.0
2000-09-25,12.0
2000-09-26,13.0
2000-09-27,14.0
2000-09-28,14.0
2000-09-29,15.0
2000-09-30,14.0
2000-10-01,16.0
2000-10-02,18.0
2000-10-03,14.0
2000-10-04,12.0
2000-10-05,13.0
2000-10-06,16.0
2000-10-07,19.0
2000-10-08,25.0
2000-10-09,23.0
2000-10-10,23.0
2000-10-11,22.0
2000-10-12,22.0
2000-10-13,21.0
2000-10-14,20.0
2000-10-15,20.0
2000-10-16,20.0
2000-10-17,19.0
2000-10-18,19.0
2000-10-19,19.0
2000-10-20,22.0
2000-10-21,20.0
2000-10-22,19.0
2000-10-23,18.0
2000-10-24,18.0
2000-10-25,18.0
2000-10-26,18.0
2000-10-27,17.0
2000-10-28,17.0
2000-10-29,17.0
2000-10-30,17.0
2000-10-31,17.0
2000-11-01,17.0
2000-11-02,17.0
2000-11-03,17.0
2000-11-04,16.0
2000-11-05,16.0
2000-11-06,16.0
2000-11-07,16.0
2000-11-08,16.0
2000-11-09,16.0
2000-11-10,16.0
2000-11-11,16.0
2000-11-12,16.0
2000-11-13,16.0
2000-11-14,16.0
2000-11-15,16.0
2000-11-16,16.0
2000-11-17,15.0
2000-11-18,15.0
2000-11-19,14.0
2000-11-20,14.0
2000-11-21,15.0
2000-11-22,15.0
2000-11-23,15.0
2000-11-24,15.0
2000-11-25,15.0
2000-11-26,15.0
2000-11-27,15.0
2000-11-28,15.0
2000-11-29,15.0
2000-11-30,17.0
2000-12-01,20.0
2000-12-02,25.0
2000-12-03,30.0
2000-12-04,28.0
2000-12-05,28.0
2000-12-06,30.0
2000-12-07,30.0
2000-12-08,33.0
2000-12-09,35.0
2000-12-10,35.0
2000-12-11,36.0
2000-12-12,35.0
2000-12-13,34.0
2000-12-14,34.0
2000-12-15,30.0
2000-12-16,30.0
2000-12-17,30.0
2000-12-18,30.0
2000-12-19,32.0
2000-12-20,32.0
2000-12-21,32.0
2000-12-22,32.0
2000-12-23,32.0
2000-12-24,32.0
2000-12-25,32.0
2000-12-26,32.0
2000-12-27,35.0
2000-12-28,34.0
2000-12-29,33.0
2000-12-30,70.0
2000-12-31,65.0
2001-01-01,65.0
2001-01-02,60.0
2001-01-03,65.0
2001-01-04,72.0
2001-01-05,67.0
2001-01-06,126.667
2001-01-07,120.0
2001-01-08,126.667
2001-01-09,120.5
2001-01-10,97.0
2001-01-11,90.0
2001-01-12,78.0
2001-01-13,72.333
2001-01-14,72.667
2001-01-15,76.0
2001-01-16,93.0
2001-01-17,115.0
2001-01-18,129.333
2001-01-19,168.0
2001-01-20,180.667
2001-01-21,177.0
2001-01-22,168.333
2001-01-23,164.333
2001-01-24,159.0
2001-01-25,130.0
2001-01-26,116.0
2001-01-27,142.0
2001-01-28,133.0
2001-01-29,138.0
2001-01-30,135.0
2001-01-31,127.0
2001-02-01,105.0
2001-02-02,115.0
2001-02-03,109.0
2001-02-04,111.0
2001-02-05,130.0
2001-02-06,107.333
2001-02-07,98.667
2001-02-08,89.833
2001-02-09,82.333
2001-02-10,82.333
2001-02-11,71.667
2001-02-12,68.0
2001-02-13,70.667
2001-02-14,70.667
2001-02-15,95.333
2001-02-16,90.0
2001-02-17,94.0
2001-02-18,93.0
2001-02-19,91.0
2001-02-20,90.0
2001-02-21,82.333
2001-02-22,75.667
2001-02-23,66.667
2001-02-24,86.0
2001-02-25,84.0
2001-02-26,92.667
2001-02-27,117.167
2001-02-28,122.833
2001-03-01,104.167
2001-03-02,113.833
2001-03-03,114.667
2001-03-04,105.333
2001-03-05,104.0
2001-03-06,108.5
2001-03-07,121.5
2001-03-08,143.0
2001-03-09,141.667
2001-03-10,143.0
2001-03-11,146.0
2001-03-12,153.167
2001-03-13,140.0
2001-03-14,120.333
2001-03-15,126.667
2001-03-16,129.333
2001-03-17,128.333
2001-03-18,130.333
2001-03-19,120.0
2001-03-20,134.333
2001-03-21,192.9
2001-03-22,194.333
2001-03-23,200.667
2001-03-24,187.667
2001-03-25,185.333
2001-03-26,187.667
2001-03-27,179.333
2001-03-28,190.333
2001-03-29,175.0
2001-03-30,171.667
2001-03-31,165.0
2001-04-01,157.0
2001-04-02,145.0
2001-04-03,115.0
2001-04-04,106.667
2001-04-05,97.667
2001-04-06,90.0
2001-04-07,90.0
2001-04-08,95.667
2001-04-09,95.333
2001-04-10,91.0
2001-04-11,87.333
2001-04-12,82.333
2001-04-13,80.0
2001-04-14,78.0
2001-04-15,75.667
2001-04-16,75.333
2001-04-17,74.0
2001-04-18,70.667
2001-04-19,70.333
2001-04-20,70.333
2001-04-21,70.333
2001-04-22,70.0
2001-04-23,70.0
2001-04-24,70.0
2001-04-25,70.0
2001-04-26,65.0
2001-04-27,65.0
2001-04-28,65.0
2001-04-29,65.0
2001-04-30,65.0
2001-05-01,65.0
2001-05-02,65.0
2001-05-03,65.0
2001-05-04,65.0
2001-05-05,65.0
2001-05-06,65.0
2001-05-07,65.0
2001-05-08,65.0
2001-05-09,65.0
2001-05-10,65.0
2001-05-11,65.0
2001-05-12,65.0
2001-05-13,65.0
2001-05-14,65.0
2001-05-15,63.0
2001-05-16,60.0
2001-05-17,60.0
2001-05-18,60.0
2001-05-19,60.0
2001-05-20,60.0
2001-05-21,60.0
2001-05-22,60.0
2001-05-23,58.0
2001-05-24,57.0
2001-05-25,56.0
2001-05-26,55.0
2001-05-27,55.0
2001-05-28,53.0
2001-05-29,53.0
2001-05-30,52.0
2001-05-31,50.0
2001-06-01,48.0
2001-06-02,48.0
2001-06-03,48.0
2001-06-04,45.0
2001-06-05,42.0
2001-06-06,40.0
2001-06-07,40.0
2001-06-08,38.0
2001-06-09,38.0
2001-06-10,38.0
2001-06-11,38.0
2001-06-12,35.0
2001-06-13,32.0
2001-06-14,30.0
2001-06-15,30.0
2001-06-16,30.0
2001-06-17,30.0
2001-06-18,30.0
2001-06-19,28.0
2001-06-20,28.0
2001-06-21,28.0
2001-06-22,28.0
2001-06-23,28.0
2001-06-24,28.0
2001-06-25,28.0
2001-06-26,27.0
2001-06-27,27.0
2001-06-28,27.0
2001-06-29,27.0
2001-06-30,27.0
2001-07-01,27.0
2001-07-02,27.0
2001-07-03,27.0
2001-07-04,27.0
2001-07-05,27.0
2001-07-06,27.0
2001-07-07,27.0
2001-07-08,27.0
2001-07-09,27.0
2001-07-10,27.0
2001-07-11,27.0
2001-07-12,15.333
2001-07-13,11.333
2001-07-14,15.0
2001-07-15,20.0
2001-07-16,23.0
2001-07-17,25.0
2001-07-18,25.0
2001-07-19,25.0
2001-07-20,25.0
2001-07-21,25.0
2001-07-22,25.0
2001-07-23,25.0
2001-07-24,25.0
2001-07-25,25.0
2001-07-26,25.0
2001-07-27,25.0
2001-07-28,25.0
2001-07-29,25.0
2001-07-30,25.0
2001-07-31,25.0
2001-08-01,23.0
2001-08-02,23.0
2001-08-03,21.0
2001-08-04,20.333
2001-08-05,19.333
2001-08-06,19.0
2001-08-07,19.0
2001-08-08,19.0
2001-08-09,19.0
2001-08-10,19.0
2001-08-11,19.0
2001-08-12,19.0
2001-08-13,19.0
2001-08-14,19.0
2001-08-15,18.0
2001-08-16,18.0
2001-08-17,17.0
2001-08-18,17.0
2001-08-19,16.0
2001-08-20,15.0
2001-08-21,15.0
2001-08-22,15.0
2001-08-23,15.0
2001-08-24,15.0
2001-08-25,14.0
2001-08-26,14.0
2001-08-27,14.0
2001-08-28,14.667
2001-08-29,15.0
2001-08-30,15.0
2001-08-31,15.0
2001-09-01,15.5
2001-09-02,16.0
2001-09-03,16.0
2001-09-04,16.0
2001-09-05,16.0
2001-09-06,16.0
2001-09-07,16.0
2001-09-08,16.0
2001-09-09,15.0
2001-09-10,14.0
2001-09-11,15.0
2001-09-12,15.0
2001-09-13,15.0
2001-09-14,15.0
2001-09-15,15.0
2001-09-16,16.0
2001-09-17,17.0
2001-09-18,17.333
2001-09-19,17.333
2001-09-20,17.333
2001-09-21,16.0
2001-09-22,15.0
2001-09-23,15.0
2001-09-24,14.0
2001-09-25,14.0
2001-09-26,19.0
2001-09-27,18.0
2001-09-28,18.0
2001-09-29,17.0
2001-09-30,17.0
2001-10-01,17.5
2001-10-02,17.5
2001-10-03,17.0
2001-10-04,16.0
2001-10-05,28.0
2001-10-06,27.0
2001-10-07,27.0
2001-10-08,26.0
2001-10-09,24.333
2001-10-10,21.333
2001-10-11,18.0
2001-10-12,16.0
2001-10-13,16.0
2001-10-14,16.0
2001-10-15,18.667
2001-10-16,16.667
2001-10-17,14.833
2001-10-18,15.5
2001-10-19,20.0
2001-10-20,20.0
2001-10-21,19.8
2001-10-22,19.4
2001-10-23,18.2
2001-10-24,18.6
2001-10-25,18.2
2001-10-26,18.0
2001-10-27,20.0
2001-10-28,25.0
2001-10-29,28.0
2001-10-30,30.0
2001-10-31,32.0
2001-11-01,32.0
2001-11-02,35.0
2001-11-03,41.0
2001-11-04,38.0
2001-11-05,35.0
2001-11-06,30.0
2001-11-07,28.0
2001-11-08,25.0
2001-11-09,25.0
2001-11-10,27.333
2001-11-11,27.0
2001-11-12,25.667
2001-11-13,25.0
2001-11-14,25.0
2001-11-15,30.0
2001-11-16,42.667
2001-11-17,45.0
2001-11-18,45.0
2001-11-19,43.0
2001-11-20,42.0
2001-11-21,40.0
2001-11-22,35.0
2001-11-23,50.0
2001-11-24,60.0
2001-11-25,80.0
2001-11-26,80.0
2001-11-27,100.0
2001-11-28,100.0
2001-11-29,113.333
2001-11-30,73.333
2001-12-01,50.0
2001-12-02,40.0
2001-12-03,36.667
2001-12-04,47.0
2001-12-05,40.0
2001-12-06,40.0
2001-12-07,40.0
2001-12-08,50.0
2001-12-09,60.0
2001-12-10,80.0
2001-12-11,86.667
2001-12-12,80.0
2001-12-13,80.0
2001-12-14,60.0
2001-12-15,60.0
2001-12-16,60.0
2001-12-17,60.0
2001-12-18,62.0
2001-12-19,60.0
2001-12-20,43.333
2001-12-21,33.333
2001-12-22,40.0
2001-12-23,36.667
2001-12-24,38.667
2001-12-25,36.667
2001-12-26,36.667
2001-12-27,40.0
2001-12-28,40.0
2001-12-29,35.0
2001-12-30,35.0
2001-12-31,35.0
2002-01-01,35.0
2002-01-02,35.0
2002-01-03,40.0
2002-01-04,45.0
2002-01-05,40.0
2002-01-06,38.0
2002-01-07,40.0
2002-01-08,35.0
2002-01-09,35.0
2002-01-10,35.0
2002-01-11,35.0
2002-01-12,35.0
2002-01-13,35.0
2002-01-14,45.0
2002-01-15,60.0
2002-01-16,45.0
2002-01-17,45.0
2002-01-18,35.0
2002-01-19,35.0
2002-01-20,35.0
2002-01-21,35.0
2002-01-22,40.0
2002-01-23,45.0
2002-01-24,45.0
2002-01-25,45.0
2002-01-26,45.0
2002-01-27,50.0
2002-01-28,42.0
2002-01-29,42.0
2002-01-30,35.0
2002-01-31,35.0
2002-02-01,30.0
2002-02-02,50.0
2002-02-03,63.333
2002-02-04,60.0
2002-02-05,86.667
2002-02-06,106.667
2002-02-07,100.0
2002-02-08,105.0
2002-02-09,91.667
2002-02-10,83.333
2002-02-11,76.667
2002-02-12,51.667
2002-02-13,50.0
2002-02-14,45.5
2002-02-15,45.667
2002-02-16,44.0
2002-02-17,45.0
2002-02-18,53.667
2002-02-19,62.667
2002-02-20,66.667
2002-02-21,77.667
2002-02-22,80.0
2002-02-23,80.667
2002-02-24,76.0
2002-02-25,78.333
2002-02-26,83.667
2002-02-27,92.333
2002-02-28,87.333
2002-03-01,75.0
2002-03-02,75.333
2002-03-03,75.0
2002-03-04,77.333
2002-03-05,91.667
2002-03-06,79.667
2002-03-07,79.0
2002-03-08,80.0
2002-03-09,95.0
2002-03-10,86.667
2002-03-11,86.667
2002-03-12,81.667
2002-03-13,80.0
2002-03-14,90.0
2002-03-15,91.667
2002-03-16,91.667
2002-03-17,110.0
2002-03-18,110.0
2002-03-19,158.333
2002-03-20,161.667
2002-03-21,151.667
2002-03-22,131.667
2002-03-23,89.0
2002-03-24,88.667
2002-03-25,89.0
2002-03-26,87.333
2002-03-27,99.333
2002-03-28,103.667
2002-03-29,115.0
2002-03-30,113.0
2002-03-31,105.0
2002-04-01,103.333
2002-04-02,115.333
2002-04-03,118.333
2002-04-04,102.0
2002-04-05,106.0
2002-04-06,89.333
2002-04-07,87.667
2002-04-08,97.0
2002-04-09,88.333
2002-04-10,89.0
2002-04-11,84.667
2002-04-12,81.667
2002-04-13,88.0
2002-04-14,82.333
2002-04-15,70.0
2002-04-16,70.333
2002-04-17,64.0
2002-04-18,56.0
2002-04-19,57.333
2002-04-20,59.333
2002-04-21,55.667
2002-04-22,51.333
2002-04-23,54.667
2002-04-24,56.333
2002-04-25,65.0
2002-04-26,55.0
2002-04-27,49.667
2002-04-28,48.667
2002-04-29,53.333
2002-04-30,53.333
2002-05-01,55.667
2002-05-02,55.333
2002-05-03,52.333
2002-05-04,48.667
2002-05-05,55.0
2002-05-06,51.0
2002-05-07,48.667
2002-05-08,45.0
2002-05-09,36.667
2002-05-10,34.333
2002-05-11,35.167
2002-05-12,35.5
2002-05-13,33.667
2002-05-14,29.667
2002-05-15,32.333
2002-05-16,30.0
2002-05-17,25.5
2002-05-18,23.667
2002-05-19,22.333
2002-05-20,19.933
2002-05-21,19.433
2002-05-22,18.933
2002-05-23,18.433
2002-05-24,17.6
2002-05-25,17.367
2002-05-26,17.567
2002-05-27,16.933
2002-05-28,16.767
2002-05-29,16.183
2002-05-30,16.683
2002-05-31,17.733
2002-06-01,20.633
2002-06-02,21.167
2002-06-03,20.767
2002-06-04,21.667
2002-06-05,22.833
2002-06-06,22.5
2002-06-07,21.7
2002-06-08,22.1
2002-06-09,22.0
2002-06-10,21.333
2002-06-11,20.333
2002-06-12,22.5
2002-06-13,23.333
2002-06-14,22.6
2002-06-15,21.8
2002-06-16,20.5
2002-06-17,20.833
2002-06-18,21.333
2002-06-19,21.6
2002-06-20,21.5
2002-06-21,22.333
2002-06-22,20.333
2002-06-23,19.333
2002-06-24,18.85
2002-06-25,19.333
2002-06-26,19.9
2002-06-27,20.433
2002-06-28,20.3
2002-06-29,19.333
2002-06-30,19.333
2002-07-01,18.733
2002-07-02,18.317
2002-07-03,18.3
2002-07-04,18.533
2002-07-05,17.857
2002-07-06,18.1
2002-07-07,18.157
2002-07-08,17.967
2002-07-09,17.833
2002-07-10,19.127
2002-07-11,19.3
2002-07-12,19.25
2002-07-13,19.3
2002-07-14,19.333
2002-07-15,19.4
2002-07-16,19.35
2002-07-17,18.903
2002-07-18,18.133
2002-07-19,16.633
2002-07-20,17.127
2002-07-21,17.333
2002-07-22,17.103
2002-07-23,18.25
2002-07-24,18.05
2002-07-25,17.7
2002-07-26,17.567
2002-07-27,17.6
2002-07-28,16.833
2002-07-29,17.05
2002-07-30,17.293
2002-07-31,17.417
2002-08-01,17.043
2002-08-02,16.77
2002-08-03,16.853
2002-08-04,16.66
2002-08-05,16.667
2002-08-06,16.35
2002-08-07,16.6
2002-08-08,16.527
2002-08-09,16.7
2002-08-10,16.533
2002-08-11,16.4
2002-08-12,16.317
2002-08-13,16.35
2002-08-14,16.497
2002-08-15,16.3
2002-08-16,16.117
2002-08-17,15.863
2002-08-18,15.85
2002-08-19,15.82
2002-08-20,16.0
2002-08-21,15.91
2002-08-22,15.937
2002-08-23,15.937
2002-08-24,15.913
2002-08-25,15.853
2002-08-26,15.817
2002-08-27,15.537
2002-08-28,15.283
2002-08-29,15.277
2002-08-30,15.257
2002-08-31,15.243
2002-09-01,15.137
2002-09-02,14.977
2002-09-03,14.757
2002-09-04,14.653
2002-09-05,14.527
2002-09-06,14.303
2002-09-07,14.263
2002-09-08,14.187
2002-09-09,14.063
2002-09-10,13.953
2002-09-11,13.84
2002-09-12,13.883
2002-09-13,13.743
2002-09-14,13.657
2002-09-15,13.547
2002-09-16,13.463
2002-09-17,13.413
2002-09-18,13.39
2002-09-19,13.373
2002-09-20,13.36
2002-09-21,13.273
2002-09-22,13.237
2002-09-23,13.217
2002-09-24,13.15
2002-09-25,13.043
2002-09-26,12.953
2002-09-27,12.943
2002-09-28,12.93
2002-09-29,12.917
2002-09-30,12.907
2002-10-01,13.27
2002-10-02,14.003
2002-10-03,14.03
2002-10-04,13.95
2002-10-05,13.94
2002-10-06,13.867
2002-10-07,13.737
2002-10-08,13.847
2002-10-09,13.813
2002-10-10,14.16
2002-10-11,15.087
2002-10-12,16.57
2002-10-13,18.52
2002-10-14,20.87
2002-10-15,22.05
2002-10-16,20.85
2002-10-17,20.967
2002-10-18,19.813
2002-10-19,18.573
2002-10-20,18.837
2002-10-21,18.883
2002-10-22,18.477
2002-10-23,18.967
2002-10-24,20.95
2002-10-25,23.833
2002-10-26,25.883
2002-10-27,28.637
2002-10-28,33.883
2002-10-29,40.143
2002-10-30,42.99
2002-10-31,47.2
2002-11-01,44.837
2002-11-02,40.517
2002-11-03,39.257
2002-11-04,38.643
2002-11-05,37.18
2002-11-06,36.017
2002-11-07,34.533
2002-11-08,33.717
2002-11-09,29.897
2002-11-10,30.847
2002-11-11,33.493
2002-11-12,34.017
2002-11-13,51.033
2002-11-14,54.837
2002-11-15,37.197
2002-11-16,27.887
2002-11-17,25.763
2002-11-18,24.607
2002-11-19,25.79
2002-11-20,32.813
2002-11-21,46.52
2002-11-22,52.727
2002-11-23,47.79
2002-11-24,45.56
2002-11-25,42.32
2002-11-26,38.017
2002-11-27,38.667
2002-11-28,35.333
2002-11-29,31.667
2002-11-30,30.0
2002-12-01,34.0
2002-12-02,39.427
2002-12-03,47.023
2002-12-04,57.79
2002-12-05,59.76
2002-12-06,50.78
2002-12-07,46.857
2002-12-08,40.743
2002-12-09,38.367
2002-12-10,34.267
2002-12-11,34.033
2002-12-12,30.167
2002-12-13,22.917
2002-12-14,19.667
2002-12-15,19.5
2002-12-16,22.0
2002-12-17,43.333
2002-12-18,52.0
2002-12-19,53.0
2002-12-20,51.0
2002-12-21,53.333
2002-12-22,69.333
2002-12-23,63.167
2002-12-24,70.067
2002-12-25,69.333
2002-12-26,59.8
2002-12-27,54.4
2002-12-28,61.667
2002-12-29,60.667
2002-12-30,66.0
2002-12-31,62.667
2003-01-01,64.0
2003-01-02,70.1
2003-01-03,56.333
2003-01-04,51.0
2003-01-05,50.333
2003-01-06,45.0
2003-01-07,37.333
2003-01-08,33.333
2003-01-09,32.333
2003-01-10,32.333
2003-01-11,54.333
2003-01-12,57.667
2003-01-13,75.667
2003-01-14,68.667
2003-01-15,62.667
2003-01-16,51.667
2003-01-17,50.0
2003-01-18,43.667
2003-01-19,41.333
2003-01-20,41.0
2003-01-21,41.667
2003-01-22,46.333
2003-01-23,47.333
2003-01-24,47.667
2003-01-25,55.0
2003-01-26,57.0
2003-01-27,58.333
2003-01-28,60.667
2003-01-29,71.0
2003-01-30,57.0
2003-01-31,71.333
2003-02-01,83.667
2003-02-02,84.0
2003-02-03,84.333
2003-02-04,78.0
2003-02-05,73.333
2003-02-06,65.0
2003-02-07,54.667
2003-02-08,54.0
2003-02-09,60.0
2003-02-10,78.0
2003-02-11,94.667
2003-02-12,93.333
2003-02-13,89.0
2003-02-14,88.333
2003-02-15,78.0
2003-02-16,66.333
2003-02-17,56.0
2003-02-18,50.333
2003-02-19,45.333
2003-02-20,39.0
2003-02-21,36.0
2003-02-22,32.333
2003-02-23,32.333
2003-02-24,47.0
2003-02-25,47.333
2003-02-26,49.667
2003-02-27,42.667
2003-02-28,46.333
2003-03-01,49.667
2003-03-02,62.333
2003-03-03,72.667
2003-03-04,104.667
2003-03-05,103.333
2003-03-06,116.667
2003-03-07,106.667
2003-03-08,91.667
2003-03-09,84.667
2003-03-10,79.333
2003-03-11,77.333
2003-03-12,80.0
2003-03-13,78.667
2003-03-14,109.667
2003-03-15,112.333
2003-03-16,119.0
2003-03-17,131.333
2003-03-18,134.0
2003-03-19,126.667
2003-03-20,101.667
2003-03-21,92.333
2003-03-22,92.667
2003-03-23,82.667
2003-03-24,75.333
2003-03-25,77.667
2003-03-26,72.333
2003-03-27,65.667
2003-03-28,60.333
2003-03-29,48.0
2003-03-30,54.667
2003-03-31,71.667
2003-04-01,78.333
2003-04-02,80.333
2003-04-03,72.667
2003-04-04,65.333
2003-04-05,57.0
2003-04-06,51.333
2003-04-07,50.0
2003-04-08,47.333
2003-04-09,40.0
2003-04-10,42.0
2003-04-11,36.667
2003-04-12,41.667
2003-04-13,55.0
2003-04-14,61.0
2003-04-15,62.667
2003-04-16,52.0
2003-04-17,54.333
2003-04-18,52.0
2003-04-19,48.333
2003-04-20,51.0
2003-04-21,42.667
2003-04-22,50.333
2003-04-23,44.0
2003-04-24,42.0
2003-04-25,44.333
2003-04-26,45.0
2003-04-27,47.333
2003-04-28,43.333
2003-04-29,40.667
2003-04-30,35.667
2003-05-01,33.667
2003-05-02,32.333
2003-05-03,31.0
2003-05-04,31.333
2003-05-05,30.333
2003-05-06,29.667
2003-05-07,29.333
2003-05-08,28.667
2003-05-09,27.667
2003-05-10,26.667
2003-05-11,28.333
2003-05-12,28.0
2003-05-13,29.0
2003-05-14,26.0
2003-05-15,28.0
2003-05-16,29.167
2003-05-17,28.5
2003-05-18,27.333
2003-05-19,29.167
2003-05-20,28.5
2003-05-21,27.5
2003-05-22,26.5
2003-05-23,24.5
2003-05-24,23.667
2003-05-25,23.5
2003-05-26,23.167
2003-05-27,22.667
2003-05-28,23.333
2003-05-29,22.833
2003-05-30,22.333
2003-05-31,23.333
2003-06-01,24.0
2003-06-02,23.167
2003-06-03,21.333
2003-06-04,20.667
2003-06-05,18.833
2003-06-06,19.333
2003-06-07,18.167
2003-06-08,17.333
2003-06-09,17.333
2003-06-10,18.1
2003-06-11,17.633
2003-06-12,17.0
2003-06-13,16.967
2003-06-14,16.967
2003-06-15,16.667
2003-06-16,16.567
2003-06-17,17.05
2003-06-18,16.867
2003-06-19,17.067
2003-06-20,16.85
2003-06-21,16.983
2003-06-22,16.85
2003-06-23,16.75
2003-06-24,16.7
2003-06-25,16.533
2003-06-26,16.367
2003-06-27,15.983
2003-06-28,15.883
2003-06-29,15.75
2003-06-30,15.617
2003-07-01,15.433
2003-07-02,15.033
2003-07-03,15.233
2003-07-04,15.233
2003-07-05,15.133
2003-07-06,14.933
2003-07-07,14.967
2003-07-08,14.867
2003-07-09,14.8
2003-07-10,14.933
2003-07-11,14.767
2003-07-12,14.667
2003-07-13,14.533
2003-07-14,14.4
2003-07-15,14.2
2003-07-16,14.0
2003-07-17,14.023
2003-07-18,13.867
2003-07-19,13.917
2003-07-20,13.95
2003-07-21,13.883
2003-07-22,13.783
2003-07-23,13.743
2003-07-24,13.703
2003-07-25,13.617
2003-07-26,13.627
2003-07-27,13.593
2003-07-28,13.517
2003-07-29,13.433
2003-07-30,13.367
2003-07-31,13.833
2003-08-01,12.95
2003-08-02,12.817
2003-08-03,12.693
2003-08-04,12.433
2003-08-05,12.207
2003-08-06,11.983
2003-08-07,11.777
2003-08-08,11.5
2003-08-09,11.483
2003-08-10,11.477
2003-08-11,11.417
2003-08-12,11.367
2003-08-13,11.3
2003-08-14,11.217
2003-08-15,10.967
2003-08-16,10.817
2003-08-17,10.75
2003-08-18,10.717
2003-08-19,10.71
2003-08-20,10.627
2003-08-21,10.6
2003-08-22,10.55
2003-08-23,10.483
2003-08-24,10.467
2003-08-25,10.45
2003-08-26,10.483
2003-08-27,10.5
2003-08-28,10.49
2003-08-29,10.49
2003-08-30,10.477
2003-08-31,10.467
2003-09-01,12.833
2003-09-02,12.667
2003-09-03,12.667
2003-09-04,12.7
2003-09-05,12.85
2003-09-06,12.907
2003-09-07,13.0
2003-09-08,13.267
2003-09-09,13.133
2003-09-10,13.267
2003-09-11,13.467
2003-09-12,13.433
2003-09-13,13.5
2003-09-14,13.233
2003-09-15,12.7
2003-09-16,12.633
2003-09-17,12.333
2003-09-18,12.033
2003-09-19,11.6
2003-09-20,11.667
2003-09-21,11.567
2003-09-22,11.467
2003-09-23,11.317
2003-09-24,11.533
2003-09-25,11.5
2003-09-26,11.45
2003-09-27,11.417
2003-09-28,11.45
2003-09-29,11.367
2003-09-30,11.427
2003-10-01,12.033
2003-10-02,12.267
2003-10-03,12.3
2003-10-04,12.2
2003-10-05,12.467
2003-10-06,12.3
2003-10-07,12.2
2003-10-08,12.3
2003-10-09,12.4
2003-10-10,12.65
2003-10-11,12.7
2003-10-12,12.967
2003-10-13,13.1
2003-10-14,13.333
2003-10-15,13.6
2003-10-16,13.8
2003-10-17,14.4
2003-10-18,14.2
2003-10-19,14.1
2003-10-20,13.8
2003-10-21,13.75
2003-10-22,13.6
2003-10-23,13.5
2003-10-24,13.4
2003-10-25,13.533
2003-10-26,13.433
2003-10-27,13.333
2003-10-28,13.5
2003-10-29,13.567
2003-10-30,13.933
2003-10-31,14.433
2003-11-01,15.933
2003-11-02,16.117
2003-11-03,15.967
2003-11-04,16.183
2003-11-05,16.1
2003-11-06,16.233
2003-11-07,16.267
2003-11-08,15.767
2003-11-09,15.2
2003-11-10,14.933
2003-11-11,15.033
2003-11-12,14.8
2003-11-13,14.7
2003-11-14,14.817
2003-11-15,14.75
2003-11-16,15.067
2003-11-17,15.833
2003-11-18,15.567
2003-11-19,15.5
2003-11-20,15.1
2003-11-21,14.967
2003-11-22,15.033
2003-11-23,14.7
2003-11-24,14.933
2003-11-25,15.233
2003-11-26,17.0
2003-11-27,16.433
2003-11-28,16.4
2003-11-29,16.133
2003-11-30,16.0
2003-12-01,16.233
2003-12-02,26.167
2003-12-03,38.333
2003-12-04,37.633
2003-12-05,38.467
2003-12-06,35.933
2003-12-07,35.167
2003-12-08,36.0
2003-12-09,36.133
2003-12-10,36.3
2003-12-11,34.833
2003-12-12,35.967
2003-12-13,36.733
2003-12-14,47.333
2003-12-15,53.533
2003-12-16,54.5
2003-12-17,56.333
2003-12-18,55.333
2003-12-19,54.5
2003-12-20,56.333
2003-12-21,55.167
2003-12-22,56.667
2003-12-23,50.733
2003-12-24,48.0
2003-12-25,48.0
2003-12-26,49.0
2003-12-27,53.667
2003-12-28,53.333
2003-12-29,58.333
2003-12-30,58.367
2003-12-31,55.0
2004-01-01,49.333
2004-01-02,47.667
2004-01-03,42.533
2004-01-04,43.5
2004-01-05,42.333
2004-01-06,41.333
2004-01-07,37.667
2004-01-08,35.333
2004-01-09,34.0
2004-01-10,33.667
2004-01-11,32.167
2004-01-12,32.1
2004-01-13,28.7
2004-01-14,26.667
2004-01-15,28.133
2004-01-16,24.067
2004-01-17,22.3
2004-01-18,21.567
2004-01-19,20.333
2004-01-20,19.333
2004-01-21,19.467
2004-01-22,19.133
2004-01-23,18.667
2004-01-24,18.533
2004-01-25,18.433
2004-01-26,19.067
2004-01-27,24.0
2004-01-28,26.667
2004-01-29,29.4
2004-01-30,27.367
2004-01-31,25.467
2004-02-01,21.7
2004-02-02,21.4
2004-02-03,29.6
2004-02-04,36.1
2004-02-05,44.1
2004-02-06,66.433
2004-02-07,63.933
2004-02-08,63.1
2004-02-09,67.6
2004-02-10,71.767
2004-02-11,76.267
2004-02-12,87.333
2004-02-13,101.467
2004-02-14,97.833
2004-02-15,92.567
2004-02-16,78.833
2004-02-17,63.633
2004-02-18,60.5
2004-02-19,58.967
2004-02-20,56.933
2004-02-21,55.967
2004-02-22,58.2
2004-02-23,61.3
2004-02-24,56.333
2004-02-25,50.733
2004-02-26,43.233
2004-02-27,41.2
2004-02-28,42.7
2004-02-29,45.567
2004-03-01,36.067
2004-03-02,32.9
2004-03-03,27.967
2004-03-04,29.4
2004-03-05,34.7
2004-03-06,41.0
2004-03-07,38.067
2004-03-08,38.367
2004-03-09,35.267
2004-03-10,34.267
2004-03-11,42.133
2004-03-12,40.067
2004-03-13,42.4
2004-03-14,39.733
2004-03-15,34.033
2004-03-16,42.667
2004-03-17,38.967
2004-03-18,35.833
2004-03-19,50.567
2004-03-20,52.8
2004-03-21,52.567
2004-03-22,60.467
2004-03-23,56.667
2004-03-24,57.533
2004-03-25,57.4
2004-03-26,63.767
2004-03-27,57.033
2004-03-28,50.4
2004-03-29,48.1
2004-03-30,43.233
2004-03-31,39.467
2004-04-01,40.267
2004-04-02,40.467
2004-04-03,47.367
2004-04-04,44.1
2004-04-05,37.167
2004-04-06,40.133
2004-04-07,40.367
2004-04-08,37.7
2004-04-09,37.9
2004-04-10,46.067
2004-04-11,57.567
2004-04-12,52.567
2004-04-13,47.667
2004-04-14,46.6
2004-04-15,45.8
2004-04-16,43.1
2004-04-17,38.967
2004-04-18,36.0
2004-04-19,34.7
2004-04-20,30.7
2004-04-21,29.467
2004-04-22,28.733
2004-04-23,25.4
2004-04-24,23.133
2004-04-25,22.933
2004-04-26,22.633
2004-04-27,21.833
2004-04-28,21.967
2004-04-29,20.633
2004-04-30,20.9
2004-05-01,20.0
2004-05-02,20.133
2004-05-03,20.9
2004-05-04,20.067
2004-05-05,18.733
2004-05-06,19.733
2004-05-07,18.733
2004-05-08,18.367
2004-05-09,19.033
2004-05-10,19.2
2004-05-11,18.433
2004-05-12,17.967
2004-05-13,17.4
2004-05-14,16.967
2004-05-15,16.8
2004-05-16,16.467
2004-05-17,16.333
2004-05-18,15.933
2004-05-19,15.967
2004-05-20,16.167
2004-05-21,16.133
2004-05-22,15.8
2004-05-23,15.567
2004-05-24,17.433
2004-05-25,17.367
2004-05-26,18.467
2004-05-27,17.1
2004-05-28,16.933
2004-05-29,16.967
2004-05-30,16.667
2004-05-31,14.567
2004-06-01,13.8
2004-06-02,13.667
2004-06-03,13.8
2004-06-04,13.533
2004-06-05,13.233
2004-06-06,13.233
2004-06-07,14.033
2004-06-08,14.633
2004-06-09,14.033
2004-06-10,13.267
2004-06-11,13.233
2004-06-12,13.0
2004-06-13,12.367
2004-06-14,12.367
2004-06-15,12.9
2004-06-16,12.8
2004-06-17,12.7
2004-06-18,12.5
2004-06-19,12.733
2004-06-20,11.667
2004-06-21,11.6
2004-06-22,11.6
2004-06-23,11.7
2004-06-24,11.933
2004-06-25,12.133
2004-06-26,12.0
2004-06-27,11.733
2004-06-28,11.8
2004-06-29,12.567
2004-06-30,12.7
2004-07-01,12.433
2004-07-02,11.733
2004-07-03,11.533
2004-07-04,11.233
2004-07-05,11.133
2004-07-06,11.433
2004-07-07,11.633
2004-07-08,11.733
2004-07-09,11.367
2004-07-10,11.3
2004-07-11,11.033
2004-07-12,10.9
2004-07-13,10.5
2004-07-14,10.433
2004-07-15,10.667
2004-07-16,11.133
2004-07-17,11.067
2004-07-18,10.633
2004-07-19,9.667
2004-07-20,9.567
2004-07-21,9.467
2004-07-22,10.067
2004-07-23,10.567
2004-07-24,10.3
2004-07-25,10.2
2004-07-26,10.033
2004-07-27,10.1
2004-07-28,10.2
2004-07-29,9.8
2004-07-30,10.433
2004-07-31,10.433
2004-08-01,10.233
2004-08-02,10.067
2004-08-03,10.5
2004-08-04,10.567
2004-08-05,10.2
2004-08-06,9.7
2004-08-07,9.233
2004-08-08,9.633
2004-08-09,9.333
2004-08-10,9.633
2004-08-11,9.767
2004-08-12,9.7
2004-08-13,9.8
2004-08-14,9.867
2004-08-15,9.267
2004-08-16,9.1
2004-08-17,9.767
2004-08-18,9.733
2004-08-19,10.533
2004-08-20,10.167
2004-08-21,10.167
2004-08-22,10.367
2004-08-23,10.0
2004-08-24,10.1
2004-08-25,9.967
2004-08-26,9.867
2004-08-27,10.033
2004-08-28,10.0
2004-08-29,9.967
2004-08-30,9.967
2004-08-31,9.567
2004-09-01,9.333
2004-09-02,9.433
2004-09-03,9.733
2004-09-04,9.367
2004-09-05,9.233
2004-09-06,9.5
2004-09-07,10.467
2004-09-08,12.867
2004-09-09,13.4
2004-09-10,15.067
2004-09-11,16.367
2004-09-12,13.8
2004-09-13,11.867
2004-09-14,10.467
2004-09-15,10.5
2004-09-16,10.5
2004-09-17,9.533
2004-09-18,9.533
2004-09-19,10.333
2004-09-20,9.367
2004-09-21,9.333
2004-09-22,10.4
2004-09-23,10.3
2004-09-24,9.733
2004-09-25,9.867
2004-09-26,10.3
2004-09-27,10.633
2004-09-28,10.3
2004-09-29,10.933
2004-09-30,13.733
2004-10-01,15.2
2004-10-02,15.967
2004-10-03,19.167
2004-10-04,23.533
2004-10-05,24.967
2004-10-06,21.233
2004-10-07,20.067
2004-10-08,20.4
2004-10-09,17.3
2004-10-10,15.567
2004-10-11,14.667
2004-10-12,13.5
2004-10-13,12.867
2004-10-14,12.267
2004-10-15,12.567
2004-10-16,14.2
2004-10-17,15.0
2004-10-18,17.167
2004-10-19,16.3
2004-10-20,16.567
2004-10-21,20.233
2004-10-22,24.033
2004-10-23,22.833
2004-10-24,34.967
2004-10-25,42.2
2004-10-26,44.3
2004-10-27,36.3
2004-10-28,31.2
2004-10-29,31.567
2004-10-30,28.533
2004-10-31,25.567
2004-11-01,25.7
2004-11-02,34.567
2004-11-03,32.5
2004-11-04,38.233
2004-11-05,39.6
2004-11-06,51.367
2004-11-07,57.267
2004-11-08,75.9
2004-11-09,64.467
2004-11-10,61.867
2004-11-11,54.6
2004-11-12,46.267
2004-11-13,41.333
2004-11-14,36.667
2004-11-15,31.733
2004-11-16,29.133
2004-11-17,25.867
2004-11-18,24.867
2004-11-19,23.2
2004-11-20,22.067
2004-11-21,23.933
2004-11-22,29.567
2004-11-23,31.833
2004-11-24,27.4
2004-11-25,22.633
2004-11-26,20.933
2004-11-27,20.733
2004-11-28,22.767
2004-11-29,21.167
2004-11-30,20.033
2004-12-01,25.233
2004-12-02,24.767
2004-12-03,25.833
2004-12-04,24.933
2004-12-05,25.1
2004-12-06,28.933
2004-12-07,28.633
2004-12-08,29.9
2004-12-09,32.333
2004-12-10,48.833
2004-12-11,60.533
2004-12-12,53.433
2004-12-13,53.2
2004-12-14,50.8
2004-12-15,51.433
2004-12-16,61.633
2004-12-17,63.967
2004-12-18,56.867
2004-12-19,47.0
2004-12-20,41.267
2004-12-21,39.4
2004-12-22,41.667
2004-12-23,50.0
2004-12-24,52.367
2004-12-25,46.433
2004-12-26,37.9
2004-12-27,37.533
2004-12-28,43.433
2004-12-29,38.3
2004-12-30,41.333
2004-12-31,44.733
2005-01-01,53.4
2005-01-02,52.533
2005-01-03,50.767
2005-01-04,64.767
2005-01-05,64.533
2005-01-06,68.433
2005-01-07,59.833
2005-01-08,46.733
2005-01-09,51.7
2005-01-10,52.233
2005-01-11,52.0
2005-01-12,52.567
2005-01-13,54.167
2005-01-14,56.233
2005-01-15,56.3
2005-01-16,55.867
2005-01-17,48.767
2005-01-18,45.067
2005-01-19,39.733
2005-01-20,36.8
2005-01-21,34.1
2005-01-22,32.367
2005-01-23,31.633
2005-01-24,31.967
2005-01-25,32.233
2005-01-26,32.833
2005-01-27,34.433
2005-01-28,30.7
2005-01-29,30.3
2005-01-30,33.067
2005-01-31,40.0
2005-02-01,40.067
2005-02-02,33.367
2005-02-03,30.5
2005-02-04,28.867
2005-02-05,29.7
2005-02-06,27.1
2005-02-07,26.333
2005-02-08,30.533
2005-02-09,40.967
2005-02-10,58.767
2005-02-11,61.233
2005-02-12,52.433
2005-02-13,46.933
2005-02-14,53.933
2005-02-15,53.067
2005-02-16,53.5
2005-02-17,48.2
2005-02-18,48.1
2005-02-19,48.167
2005-02-20,47.9
2005-02-21,62.767
2005-02-22,65.233
2005-02-23,57.5
2005-02-24,53.133
2005-02-25,49.933
2005-02-26,44.1
2005-02-27,41.867
2005-02-28,41.267
2005-03-01,40.833
2005-03-02,50.867
2005-03-03,50.833
2005-03-04,60.733
2005-03-05,56.833
2005-03-06,49.1
2005-03-07,59.967
2005-03-08,53.533
2005-03-09,47.9
2005-03-10,42.967
2005-03-11,51.433
2005-03-12,53.433
2005-03-13,47.267
2005-03-14,51.833
2005-03-15,60.933
2005-03-16,65.4
2005-03-17,58.233
2005-03-18,64.033
2005-03-19,60.967
2005-03-20,68.7
2005-03-21,68.333
2005-03-22,69.333
2005-03-23,62.167
2005-03-24,66.933
2005-03-25,65.333
2005-03-26,64.0
2005-03-27,60.167
2005-03-28,59.433
2005-03-29,59.367
2005-03-30,62.733
2005-03-31,63.133
2005-04-01,64.067
2005-04-02,64.4
2005-04-03,65.533
2005-04-04,66.4
2005-04-05,64.467
2005-04-06,64.1
2005-04-07,59.167
2005-04-08,52.1
2005-04-09,48.567
2005-04-10,48.367
2005-04-11,45.033
2005-04-12,43.133
2005-04-13,41.9
2005-04-14,38.6
2005-04-15,38.867
2005-04-16,35.267
2005-04-17,33.6
2005-04-18,32.1
2005-04-19,37.733
2005-04-20,35.3
2005-04-21,31.867
2005-04-22,35.1
2005-04-23,37.233
2005-04-24,33.933
2005-04-25,32.933
2005-04-26,28.767
2005-04-27,29.1
2005-04-28,31.367
2005-04-29,28.533
2005-04-30,26.6
2005-05-01,27.167
2005-05-02,26.567
2005-05-03,25.667
2005-05-04,24.0
2005-05-05,22.4
2005-05-06,21.367
2005-05-07,20.967
2005-05-08,20.667
2005-05-09,20.233
2005-05-10,19.467
2005-05-11,19.133
2005-05-12,18.867
2005-05-13,18.2
2005-05-14,18.833
2005-05-15,18.833
2005-05-16,20.967
2005-05-17,21.167
2005-05-18,20.0
2005-05-19,18.567
2005-05-20,17.767
2005-05-21,17.567
2005-05-22,17.067
2005-05-23,17.0
2005-05-24,16.767
2005-05-25,16.567
2005-05-26,16.333
2005-05-27,16.3
2005-05-28,16.033
2005-05-29,15.9
2005-05-30,15.8
2005-05-31,15.4
2005-06-01,15.0
2005-06-02,14.733
2005-06-03,14.933
2005-06-04,14.967
2005-06-05,14.9
2005-06-06,15.1
2005-06-07,14.933
2005-06-08,15.167
2005-06-09,15.067
2005-06-10,14.833
2005-06-11,14.567
2005-06-12,14.233
2005-06-13,14.033
2005-06-14,14.1
2005-06-15,14.1
2005-06-16,14.1
2005-06-17,14.267
2005-06-18,14.467
2005-06-19,14.433
2005-06-20,14.467
2005-06-21,14.267
2005-06-22,14.133
2005-06-23,13.833
2005-06-24,13.833
2005-06-25,15.767
2005-06-26,17.7
2005-06-27,15.967
2005-06-28,13.3
2005-06-29,12.967
2005-06-30,12.867
2005-07-01,12.733
2005-07-02,12.267
2005-07-03,12.633
2005-07-04,15.433
2005-07-05,15.467
2005-07-06,15.567
2005-07-07,13.967
2005-07-08,12.967
2005-07-09,12.967
2005-07-10,12.367
2005-07-11,12.5
2005-07-12,12.267
2005-07-13,12.2
2005-07-14,12.467
2005-07-15,12.533
2005-07-16,12.667
2005-07-17,12.733
2005-07-18,12.5
2005-07-19,12.733
2005-07-20,12.1
2005-07-21,12.167
2005-07-22,11.667
2005-07-23,11.3
2005-07-24,11.633
2005-07-25,11.667
2005-07-26,12.167
2005-07-27,11.967
2005-07-28,12.267
2005-07-29,12.133
2005-07-30,12.067
2005-07-31,11.833
2005-08-01,11.567
2005-08-02,11.867
2005-08-03,11.7
2005-08-04,11.567
2005-08-05,11.867
2005-08-06,11.933
2005-08-07,11.8
2005-08-08,11.567
2005-08-09,11.8
2005-08-10,11.7
2005-08-11,11.733
2005-08-12,11.867
2005-08-13,11.733
2005-08-14,12.233
2005-08-15,12.067
2005-08-16,12.133
2005-08-17,12.033
2005-08-18,11.5
2005-08-19,11.633
2005-08-20,12.067
2005-08-21,12.467
2005-08-22,11.567
2005-08-23,10.767
2005-08-24,10.6
2005-08-25,10.467
2005-08-26,10.2
2005-08-27,10.1
2005-08-28,10.567
2005-08-29,10.367
2005-08-30,10.2
2005-08-31,10.033
2005-09-01,11.067
2005-09-02,11.367
2005-09-03,11.0
2005-09-04,11.0
2005-09-05,11.6
2005-09-06,12.267
2005-09-07,11.9
2005-09-08,11.767
2005-09-09,11.9
2005-09-10,12.033
2005-09-11,11.533
2005-09-12,11.233
2005-09-13,11.233
2005-09-14,11.533
2005-09-15,10.8
2005-09-16,10.967
2005-09-17,9.967
2005-09-18,9.967
2005-09-19,11.067
2005-09-20,11.7
2005-09-21,12.3
2005-09-22,12.9
2005-09-23,12.833
2005-09-24,12.867
2005-09-25,12.367
2005-09-26,12.367
2005-09-27,12.633
2005-09-28,12.867
2005-09-29,12.667
2005-09-30,12.333
2005-10-01,12.2
2005-10-02,12.767
2005-10-03,12.833
2005-10-04,12.033
2005-10-05,11.733
2005-10-06,11.667
2005-10-07,11.967
2005-10-08,11.2
2005-10-09,10.8
2005-10-10,12.1
2005-10-11,15.2
2005-10-12,16.5
2005-10-13,17.0
2005-10-14,14.7
2005-10-15,13.1
2005-10-16,12.5
2005-10-17,11.7
2005-10-18,11.2
2005-10-19,11.0
2005-10-20,11.2
2005-10-21,11.2
2005-10-22,13.0
2005-10-23,14.8
2005-10-24,16.6
2005-10-25,17.5
2005-10-26,15.1
2005-10-27,14.5
2005-10-28,13.9
2005-10-29,13.7
2005-10-30,14.2
2005-10-31,14.8
2005-11-01,16.0
2005-11-02,16.5
2005-11-03,15.4
2005-11-04,15.2
2005-11-05,14.9
2005-11-06,14.7
2005-11-07,15.0
2005-11-08,21.2
2005-11-09,26.5
2005-11-10,26.7
2005-11-11,26.0
2005-11-12,19.6
2005-11-13,17.0
2005-11-14,15.7
2005-11-15,15.2
2005-11-16,15.0
2005-11-17,15.1
2005-11-18,15.4
2005-11-19,15.0
2005-11-20,14.9
2005-11-21,15.0
2005-11-22,15.2
2005-11-23,15.0
2005-11-24,15.5
2005-11-25,15.4
2005-11-26,15.9
2005-11-27,15.8
2005-11-28,16.0
2005-11-29,17.0
2005-11-30,16.0
2005-12-01,15.7
2005-12-02,15.5
2005-12-03,14.4
2005-12-04,14.4
2005-12-05,14.1
2005-12-06,12.3
2005-12-07,10.8
2005-12-08,10.6
2005-12-09,11.4
2005-12-10,12.1
2005-12-11,13.5
2005-12-12,13.6
2005-12-13,15.5
2005-12-14,18.3
2005-12-15,19.5
2005-12-16,27.5
2005-12-17,32.7
2005-12-18,39.1
2005-12-19,41.6
2005-12-20,41.2
2005-12-21,38.3
2005-12-22,46.3
2005-12-23,45.9
2005-12-24,42.8
2005-12-25,39.3
2005-12-26,50.8
2005-12-27,54.1
2005-12-28,54.2
2005-12-29,44.4
2005-12-30,35.7
2005-12-31,34.8
2006-01-01,29.8
2006-01-02,26.7
2006-01-03,24.3
2006-01-04,22.1
2006-01-05,26.0
2006-01-06,36.9
2006-01-07,39.9
2006-01-08,34.6
2006-01-09,33.7
2006-01-10,28.8
2006-01-11,25.9
2006-01-12,23.2
2006-01-13,22.3
2006-01-14,25.1
2006-01-15,25.0
2006-01-16,28.2
2006-01-17,30.5
2006-01-18,42.7
2006-01-19,52.7
2006-01-20,42.6
2006-01-21,33.6
2006-01-22,37.7
2006-01-23,36.6
2006-01-24,35.9
2006-01-25,49.8
2006-01-26,47.3
2006-01-27,43.1
2006-01-28,42.1
2006-01-29,50.2
2006-01-30,52.8
2006-01-31,51.5
2006-02-01,66.2
2006-02-02,64.8
2006-02-03,64.8
2006-02-04,61.2
2006-02-05,71.8
2006-02-06,68.4
2006-02-07,76.6
2006-02-08,69.7
2006-02-09,56.3
2006-02-10,64.0
2006-02-11,60.7
2006-02-12,61.5
2006-02-13,60.6
2006-02-14,65.8
2006-02-15,82.5
2006-02-16,53.6
2006-02-17,46.3
2006-02-18,42.3
2006-02-19,40.7
2006-02-20,41.5
2006-02-21,39.4
2006-02-22,45.2
2006-02-23,44.9
2006-02-24,44.6
2006-02-25,48.0
2006-02-26,53.5
2006-02-27,59.1
2006-02-28,51.0
2006-03-01,56.3
2006-03-02,58.8
2006-03-03,64.0
2006-03-04,79.5
2006-03-05,98.7
2006-03-06,77.5
2006-03-07,68.0
2006-03-08,67.0
2006-03-09,68.6
2006-03-10,63.6
2006-03-11,57.7
2006-03-12,59.0
2006-03-13,65.2
2006-03-14,73.6
2006-03-15,67.5
2006-03-16,67.0
2006-03-17,64.0
2006-03-18,60.9
2006-03-19,57.4
2006-03-20,62.0
2006-03-21,66.7
2006-03-22,86.3
2006-03-23,94.4
2006-03-24,82.6
2006-03-25,93.0
2006-03-26,89.2
2006-03-27,94.1
2006-03-28,88.7
2006-03-29,91.2
2006-03-30,100.8
2006-03-31,86.7
2006-04-01,79.0
2006-04-02,54.7
2006-04-03,55.0
2006-04-04,92.0
2006-04-05,89.3
2006-04-06,106.9
2006-04-07,91.3
2006-04-08,112.4
2006-04-09,131.5
2006-04-10,135.3
2006-04-11,119.5
2006-04-12,115.5
2006-04-13,82.7
2006-04-14,73.2
2006-04-15,69.1
2006-04-16,71.1
2006-04-17,68.3
2006-04-18,68.9
2006-04-19,70.2
2006-04-20,69.6
2006-04-21,69.8
2006-04-22,67.1
2006-04-23,48.8
2006-04-24,59.3
2006-04-25,59.4
2006-04-26,55.8
2006-04-27,50.8
2006-04-28,57.1
2006-04-29,49.0
2006-04-30,46.8
2006-05-01,42.3
2006-05-02,42.0
2006-05-03,40.1
2006-05-04,35.9
2006-05-05,35.5
2006-05-06,35.4
2006-05-07,34.6
2006-05-08,34.1
2006-05-09,33.9
2006-05-10,32.2
2006-05-11,29.9
2006-05-12,28.3
2006-05-13,28.4
2006-05-14,28.3
2006-05-15,27.8
2006-05-16,26.1
2006-05-17,26.2
2006-05-18,25.3
2006-05-19,24.4
2006-05-20,23.9
2006-05-21,22.6
2006-05-22,22.6
2006-05-23,22.0
2006-05-24,21.8
2006-05-25,21.0
2006-05-26,20.8
2006-05-27,20.2
2006-05-28,19.6
2006-05-29,19.2
2006-05-30,19.1
2006-05-31,18.9
2006-06-01,18.8
2006-06-02,18.8
2006-06-03,18.5
2006-06-04,18.8
2006-06-05,18.6
2006-06-06,18.0
2006-06-07,17.9
2006-06-08,19.4
2006-06-09,22.6
2006-06-10,25.5
2006-06-11,23.4
2006-06-12,21.9
2006-06-13,21.3
2006-06-14,19.6
2006-06-15,18.6
2006-06-16,17.9
2006-06-17,17.8
2006-06-18,16.9
2006-06-19,16.7
2006-06-20,16.6
2006-06-21,16.5
2006-06-22,16.8
2006-06-23,16.5
2006-06-24,17.0
2006-06-25,16.8
2006-06-26,16.2
2006-06-27,15.4
2006-06-28,15.7
2006-06-29,15.6
2006-06-30,15.4
2006-07-01,15.2
2006-07-02,14.9
2006-07-03,15.0
2006-07-04,14.4
2006-07-05,13.8
2006-07-06,13.9
2006-07-07,13.6
2006-07-08,13.3
2006-07-09,13.0
2006-07-10,13.3
2006-07-11,13.0
2006-07-12,12.7
2006-07-13,12.9
2006-07-14,12.9
2006-07-15,12.5
2006-07-16,12.4
2006-07-17,12.3
2006-07-18,12.2
2006-07-19,12.4
2006-07-20,12.7
2006-07-21,12.6
2006-07-22,12.4
2006-07-23,12.0
2006-07-24,12.2
2006-07-25,12.2
2006-07-26,11.9
2006-07-27,11.9
2006-07-28,12.1
2006-07-29,12.2
2006-07-30,12.2
2006-07-31,12.0
2006-08-01,11.8
2006-08-02,12.2
2006-08-03,11.8
2006-08-04,11.2
2006-08-05,10.9
2006-08-06,10.8
2006-08-07,10.7
2006-08-08,10.6
2006-08-09,10.3
2006-08-10,9.8
2006-08-11,9.8
2006-08-12,9.6
2006-08-13,9.6
2006-08-14,9.1
2006-08-15,10.3
2006-08-16,10.3
2006-08-17,10.3
2006-08-18,10.5
2006-08-19,10.4
2006-08-20,11.0
2006-08-21,11.8
2006-08-22,11.5
2006-08-23,10.7
2006-08-24,11.1
2006-08-25,11.9
2006-08-26,11.7
2006-08-27,11.7
2006-08-28,11.8
2006-08-29,11.7
2006-08-30,11.7
2006-08-31,11.4
2006-09-01,12.1
2006-09-02,12.0
2006-09-03,12.5
2006-09-04,12.5
2006-09-05,13.0
2006-09-06,13.2
2006-09-07,12.8
2006-09-08,12.8
2006-09-09,13.1
2006-09-10,13.3
2006-09-11,13.0
2006-09-12,13.3
2006-09-13,13.4
2006-09-14,13.6
2006-09-15,13.6
2006-09-16,13.8
2006-09-17,13.1
2006-09-18,15.1
2006-09-19,16.7
2006-09-20,15.3
2006-09-21,14.5
2006-09-22,16.3
2006-09-23,13.5
2006-09-24,12.5
2006-09-25,11.8
2006-09-26,12.2
2006-09-27,14.0
2006-09-28,12.0
2006-09-29,11.8
2006-09-30,11.5
2006-10-01,11.7
2006-10-02,12.0
2006-10-03,12.5
2006-10-04,12.2
2006-10-05,11.8
2006-10-06,13.2
2006-10-07,15.6
2006-10-08,19.1
2006-10-09,18.2
2006-10-10,16.7
2006-10-11,15.3
2006-10-12,15.0
2006-10-13,14.3
2006-10-14,14.2
2006-10-15,14.4
2006-10-16,14.7
2006-10-17,15.0
2006-10-18,14.9
2006-10-19,16.1
2006-10-20,15.5
2006-10-21,15.9
2006-10-22,18.4
2006-10-23,18.3
2006-10-24,21.2
2006-10-25,22.7
2006-10-26,24.7
2006-10-27,33.3
2006-10-28,36.5
2006-10-29,26.6
2006-10-30,27.3
2006-10-31,23.7
2006-11-01,27.6
2006-11-02,27.0
2006-11-03,24.8
2006-11-04,21.0
2006-11-05,19.8
2006-11-06,19.8
2006-11-07,19.0
2006-11-08,18.3
2006-11-09,17.5
2006-11-10,19.5
2006-11-11,25.9
2006-11-12,29.4
2006-11-13,39.9
2006-11-14,32.4
2006-11-15,25.2
2006-11-16,21.4
2006-11-17,22.0
2006-11-18,26.1
2006-11-19,35.0
2006-11-20,45.6
2006-11-21,34.2
2006-11-22,34.4
2006-11-23,34.8
2006-11-24,35.1
2006-11-25,31.8
2006-11-26,31.9
2006-11-27,37.9
2006-11-28,38.9
2006-11-29,38.6
2006-11-30,32.1
2006-12-01,32.8
2006-12-02,27.8
2006-12-03,29.1
2006-12-04,33.3
2006-12-05,31.0
2006-12-06,25.9
2006-12-07,38.5
2006-12-08,43.0
2006-12-09,34.6
2006-12-10,33.0
2006-12-11,31.2
2006-12-12,33.3
2006-12-13,38.9
2006-12-14,40.4
2006-12-15,36.0
2006-12-16,34.2
2006-12-17,39.4
2006-12-18,44.0
2006-12-19,39.8
2006-12-20,35.9
2006-12-21,59.5
2006-12-22,69.1
2006-12-23,59.9
2006-12-24,67.6
2006-12-25,63.1
2006-12-26,67.2
2006-12-27,65.0
2006-12-28,61.0
2006-12-29,62.9
2006-12-30,61.3
2006-12-31,69.2
2007-01-01,65.9
2007-01-02,63.3
2007-01-03,61.0
2007-01-04,61.8
2007-01-05,60.4
2007-01-06,58.9
2007-01-07,60.0
2007-01-08,64.4
2007-01-09,60.5
2007-01-10,61.6
2007-01-11,61.6
2007-01-12,61.1
2007-01-13,69.4
2007-01-14,69.0
2007-01-15,61.3
2007-01-16,54.6
2007-01-17,55.7
2007-01-18,61.1
2007-01-19,55.9
2007-01-20,58.8
2007-01-21,53.4
2007-01-22,59.7
2007-01-23,54.4
2007-01-24,53.6
2007-01-25,62.0
2007-01-26,61.9
2007-01-27,62.9
2007-01-28,61.9
2007-01-29,63.2
2007-01-30,59.7
2007-01-31,57.5
2007-02-01,59.9
2007-02-02,58.8
2007-02-03,56.6
2007-02-04,57.5
2007-02-05,61.0
2007-02-06,65.5
2007-02-07,58.7
2007-02-08,53.9
2007-02-09,55.1
2007-02-10,56.1
2007-02-11,61.9
2007-02-12,63.8
2007-02-13,72.9
2007-02-14,66.2
2007-02-15,78.3
2007-02-16,69.1
2007-02-17,59.4
2007-02-18,55.9
2007-02-19,51.1
2007-02-20,49.6
2007-02-21,45.1
2007-02-22,41.1
2007-02-23,42.9
2007-02-24,42.1
2007-02-25,43.0
2007-02-26,43.4
2007-02-27,41.7
2007-02-28,43.0
2007-03-01,42.1
2007-03-02,42.6
2007-03-03,39.6
2007-03-04,45.6
2007-03-05,55.5
2007-03-06,58.8
2007-03-07,66.9
2007-03-08,66.5
2007-03-09,68.8
2007-03-10,71.3
2007-03-11,70.8
2007-03-12,80.0
2007-03-13,85.9
2007-03-14,84.4
2007-03-15,100.0
2007-03-16,106.5
2007-03-17,103.7
2007-03-18,103.5
2007-03-19,107.9
2007-03-20,68.9
2007-03-21,74.4
2007-03-22,70.9
2007-03-23,73.3
2007-03-24,71.8
2007-03-25,65.6
2007-03-26,64.3
2007-03-27,59.6
2007-03-28,61.5
2007-03-29,65.8
2007-03-30,67.3
2007-03-31,70.2
2007-04-01,104.0
2007-04-02,121.8
2007-04-03,99.5
2007-04-04,91.5
2007-04-05,76.5
2007-04-06,71.3
2007-04-07,75.7
2007-04-08,76.0
2007-04-09,74.8
2007-04-10,76.8
2007-04-11,73.2
2007-04-12,72.0
2007-04-13,74.8
2007-04-14,68.0
2007-04-15,67.0
2007-04-16,64.1
2007-04-17,60.5
2007-04-18,58.2
2007-04-19,54.5
2007-04-20,56.5
2007-04-21,53.9
2007-04-22,50.4
2007-04-23,51.0
2007-04-24,61.3
2007-04-25,62.9
2007-04-26,62.8
2007-04-27,62.6
2007-04-28,60.7
2007-04-29,60.6
2007-04-30,58.8
2007-05-01,60.4
2007-05-02,59.8
2007-05-03,58.0
2007-05-04,59.1
2007-05-05,58.6
2007-05-06,58.5
2007-05-07,57.8
2007-05-08,58.9
2007-05-09,61.5
2007-05-10,55.9
2007-05-11,60.2
2007-05-12,54.2
2007-05-13,51.3
2007-05-14,44.1
2007-05-15,39.9
2007-05-16,39.5
2007-05-17,40.1
2007-05-18,39.6
2007-05-19,39.5
2007-05-20,39.5
2007-05-21,39.3
2007-05-22,40.2
2007-05-23,38.1
2007-05-24,31.1
2007-05-25,28.9
2007-05-26,26.4
2007-05-27,26.7
2007-05-28,26.6
2007-05-29,27.3
2007-05-30,26.9
2007-05-31,26.1
2007-06-01,26.6
2007-06-02,25.7
2007-06-03,21.1
2007-06-04,22.8
2007-06-05,22.1
2007-06-06,21.4
2007-06-07,21.0
2007-06-08,20.6
2007-06-09,20.1
2007-06-10,19.8
2007-06-11,19.3
2007-06-12,19.3
2007-06-13,19.0
2007-06-14,19.0
2007-06-15,18.1
2007-06-16,18.0
2007-06-17,17.8
2007-06-18,17.8
2007-06-19,17.7
2007-06-20,17.6
2007-06-21,17.7
2007-06-22,17.2
2007-06-23,17.2
2007-06-24,17.2
2007-06-25,16.9
2007-06-26,17.2
2007-06-27,16.7
2007-06-28,16.5
2007-06-29,16.2
2007-06-30,16.2
2007-07-01,16.0
2007-07-02,15.4
2007-07-03,15.4
2007-07-04,15.6
2007-07-05,15.3
2007-07-06,15.2
2007-07-07,15.2
2007-07-08,15.1
2007-07-09,15.3
2007-07-10,15.4
2007-07-11,15.4
2007-07-12,15.1
2007-07-13,15.1
2007-07-14,14.9
2007-07-15,14.9
2007-07-16,14.9
2007-07-17,14.8
2007-07-18,15.1
2007-07-19,15.1
2007-07-20,15.0
2007-07-21,14.8
2007-07-22,14.9
2007-07-23,14.8
2007-07-24,14.8
2007-07-25,14.4
2007-07-26,14.4
2007-07-27,13.3
2007-07-28,12.0
2007-07-29,12.8
2007-07-30,12.9
2007-07-31,12.5
2007-08-01,13.1
2007-08-02,13.1
2007-08-03,13.2
2007-08-04,13.0
2007-08-05,12.7
2007-08-06,12.5
2007-08-07,12.4
2007-08-08,12.4
2007-08-09,12.9
2007-08-10,13.1
2007-08-11,12.9
2007-08-12,13.1
2007-08-13,13.0
2007-08-14,12.9
2007-08-15,12.1
2007-08-16,11.6
2007-08-17,11.5
2007-08-18,12.1
2007-08-19,12.6
2007-08-20,12.4
2007-08-21,13.4
2007-08-22,12.7
2007-08-23,12.7
2007-08-24,12.8
2007-08-25,13.4
2007-08-26,12.2
2007-08-27,12.9
2007-08-28,13.8
2007-08-29,13.7
2007-08-30,13.5
2007-08-31,12.4
2007-09-01,12.1
2007-09-02,11.9
2007-09-03,12.1
2007-09-04,12.4
2007-09-05,12.4
2007-09-06,12.6
2007-09-07,12.7
2007-09-08,12.4
2007-09-09,12.0
2007-09-10,12.1
2007-09-11,11.9
2007-09-12,11.8
2007-09-13,12.0
2007-09-14,11.3
2007-09-15,11.4
2007-09-16,11.5
2007-09-17,11.3
2007-09-18,11.3
2007-09-19,11.5
2007-09-20,12.3
2007-09-21,11.6
2007-09-22,12.0
2007-09-23,12.2
2007-09-24,12.0
2007-09-25,12.1
2007-09-26,12.2
2007-09-27,12.1
2007-09-28,11.6
2007-09-29,11.4
2007-09-30,11.4
2007-10-01,10.2
2007-10-02,10.0
2007-10-03,10.2
2007-10-04,10.2
2007-10-05,11.6
2007-10-06,12.5
2007-10-07,12.8
2007-10-08,14.4
2007-10-09,16.1
2007-10-10,15.2
2007-10-11,14.5
2007-10-12,15.4
2007-10-13,16.0
2007-10-14,15.1
2007-10-15,15.0
2007-10-16,14.7
2007-10-17,13.4
2007-10-18,13.9
2007-10-19,14.0
2007-10-20,14.3
2007-10-21,14.8
2007-10-22,14.3
2007-10-23,15.2
2007-10-24,19.0
2007-10-25,21.2
2007-10-26,25.2
2007-10-27,20.7
2007-10-28,20.5
2007-10-29,24.2
2007-10-30,25.8
2007-10-31,26.6
2007-11-01,23.4
2007-11-02,21.8
2007-11-03,18.8
2007-11-04,17.5
2007-11-05,16.4
2007-11-06,16.4
2007-11-07,16.7
2007-11-08,16.9
2007-11-09,16.8
2007-11-10,16.4
2007-11-11,16.4
2007-11-12,16.7
2007-11-13,16.1
2007-11-14,15.5
2007-11-15,15.9
2007-11-16,17.7
2007-11-17,21.9
2007-11-18,20.0
2007-11-19,18.5
2007-11-20,17.9
2007-11-21,24.1
2007-11-22,37.7
2007-11-23,36.9
2007-11-24,45.3
2007-11-25,31.9
2007-11-26,26.9
2007-11-27,24.3
2007-11-28,21.9
2007-11-29,19.8
2007-11-30,20.8
2007-12-01,19.0
2007-12-02,17.9
2007-12-03,17.6
2007-12-04,17.3
2007-12-05,17.5
2007-12-06,17.0
2007-12-07,16.3
2007-12-08,16.0
2007-12-09,15.0
2007-12-10,15.4
2007-12-11,15.6
2007-12-12,15.2
2007-12-13,15.0
2007-12-14,16.8
2007-12-15,17.7
2007-12-16,16.0
2007-12-17,15.4
2007-12-18,14.8
2007-12-19,16.5
2007-12-20,25.7
2007-12-21,35.2
2007-12-22,37.0
2007-12-23,33.3
2007-12-24,26.9
2007-12-25,24.7
2007-12-26,21.0
2007-12-27,26.6
2007-12-28,26.6
2007-12-29,33.0
2007-12-30,37.5
2007-12-31,34.7
2008-01-01,34.533
2008-01-02,33.333
2008-01-03,29.867
2008-01-04,32.1
2008-01-05,32.867
2008-01-06,31.167
2008-01-07,32.733
2008-01-08,38.667
2008-01-09,39.9
2008-01-10,45.8
2008-01-11,44.1
2008-01-12,41.033
2008-01-13,48.667
2008-01-14,54.333
2008-01-15,61.7
2008-01-16,63.567
2008-01-17,65.8
2008-01-18,66.8
2008-01-19,65.0
2008-01-20,59.0
2008-01-21,54.3
2008-01-22,55.467
2008-01-23,55.1
2008-01-24,53.9
2008-01-25,61.933
2008-01-26,91.067
2008-01-27,107.933
2008-01-28,94.367
2008-01-29,66.367
2008-01-30,55.933
2008-01-31,47.567
2008-02-01,43.433
2008-02-02,39.6
2008-02-03,39.533
2008-02-04,38.567
2008-02-05,46.067
2008-02-06,38.267
2008-02-07,39.4
2008-02-08,45.267
2008-02-09,42.5
2008-02-10,35.333
2008-02-11,45.7
2008-02-12,54.467
2008-02-13,59.7
2008-02-14,60.667
2008-02-15,58.1
2008-02-16,60.833
2008-02-17,60.833
2008-02-18,69.767
2008-02-19,68.467
2008-02-20,68.767
2008-02-21,71.567
2008-02-22,82.933
2008-02-23,76.767
2008-02-24,71.533
2008-02-25,70.3
2008-02-26,79.8
2008-02-27,68.3
2008-02-28,65.733
2008-02-29,65.567
2008-03-01,65.3
2008-03-02,64.167
2008-03-03,63.2
2008-03-04,61.067
2008-03-05,56.6
2008-03-06,58.567
2008-03-07,53.667
2008-03-08,49.733
2008-03-09,45.6
2008-03-10,47.4
2008-03-11,58.367
2008-03-12,67.033
2008-03-13,67.833
2008-03-14,68.7
2008-03-15,70.667
2008-03-16,64.067
2008-03-17,64.3
2008-03-18,60.633
2008-03-19,48.3
2008-03-20,46.433
2008-03-21,44.133
2008-03-22,43.8
2008-03-23,44.133
2008-03-24,43.467
2008-03-25,45.1
2008-03-26,44.433
2008-03-27,44.067
2008-03-28,47.067
2008-03-29,44.433
2008-03-30,43.5
2008-03-31,48.833
2008-04-01,57.167
2008-04-02,60.1
2008-04-03,64.933
2008-04-04,62.967
2008-04-05,60.533
2008-04-06,64.367
2008-04-07,62.967
2008-04-08,63.067
2008-04-09,57.4
2008-04-10,54.067
2008-04-11,52.767
2008-04-12,53.033
2008-04-13,51.633
2008-04-14,49.467
2008-04-15,48.933
2008-04-16,51.433
2008-04-17,62.167
2008-04-18,58.333
2008-04-19,51.2
2008-04-20,47.1
2008-04-21,42.5
2008-04-22,43.133
2008-04-23,39.033
2008-04-24,40.867
2008-04-25,44.733
2008-04-26,42.067
2008-04-27,42.133
2008-04-28,42.967
2008-04-29,40.233
2008-04-30,38.2
2008-05-01,36.267
2008-05-02,33.533
2008-05-03,32.2
2008-05-04,32.233
2008-05-05,30.333
2008-05-06,27.033
2008-05-07,27.6
2008-05-08,27.233
2008-05-09,27.3
2008-05-10,26.633
2008-05-11,26.8
2008-05-12,26.9
2008-05-13,24.833
2008-05-14,26.033
2008-05-15,25.2
2008-05-16,22.7
2008-05-17,21.967
2008-05-18,21.4
2008-05-19,21.033
2008-05-20,20.267
2008-05-21,19.333
2008-05-22,18.967
2008-05-23,18.6
2008-05-24,18.367
2008-05-25,18.167
2008-05-26,17.833
2008-05-27,17.6
2008-05-28,17.667
2008-05-29,17.467
2008-05-30,17.333
2008-05-31,17.333
2008-06-01,17.267
2008-06-02,16.833
2008-06-03,16.267
2008-06-04,16.3
2008-06-05,15.933
2008-06-06,15.767
2008-06-07,15.7
2008-06-08,15.667
2008-06-09,15.633
2008-06-10,15.533
2008-06-11,15.267
2008-06-12,15.2
2008-06-13,15.167
2008-06-14,18.967
2008-06-15,17.033
2008-06-16,20.733
2008-06-17,20.9
2008-06-18,20.367
2008-06-19,20.067
2008-06-20,19.767
2008-06-21,19.467
2008-06-22,15.567
2008-06-23,16.8
2008-06-24,17.067
2008-06-25,17.2
2008-06-26,16.167
2008-06-27,15.533
2008-06-28,16.3
2008-06-29,15.167
2008-06-30,14.633
2008-07-01,14.633
2008-07-02,14.567
2008-07-03,14.467
2008-07-04,14.3
2008-07-05,14.0
2008-07-06,14.0
2008-07-07,13.733
2008-07-08,13.567
2008-07-09,13.967
2008-07-10,13.9
2008-07-11,13.967
2008-07-12,12.467
2008-07-13,13.567
2008-07-14,12.6
2008-07-15,12.6
2008-07-16,12.9
2008-07-17,12.9
2008-07-18,12.9
2008-07-19,12.967
2008-07-20,12.8
2008-07-21,12.867
2008-07-22,12.8
2008-07-23,13.133
2008-07-24,12.9
2008-07-25,12.867
2008-07-26,12.8
2008-07-27,12.4
2008-07-28,11.4
2008-07-29,10.733
2008-07-30,11.967
2008-07-31,12.0
2008-08-01,12.367
2008-08-02,11.133
2008-08-03,11.167
2008-08-04,11.867
2008-08-05,11.867
2008-08-06,12.467
2008-08-07,12.467
2008-08-08,12.4
2008-08-09,12.567
2008-08-10,11.8
2008-08-11,12.067
2008-08-12,11.7
2008-08-13,11.7
2008-08-14,11.9
2008-08-15,11.733
2008-08-16,11.667
2008-08-17,11.1
2008-08-18,10.967
2008-08-19,11.333
2008-08-20,11.367
2008-08-21,12.533
2008-08-22,12.467
2008-08-23,11.367
2008-08-24,11.0
2008-08-25,11.267
2008-08-26,11.567
2008-08-27,11.567
2008-08-28,11.567
2008-08-29,11.567
2008-08-30,10.733
2008-08-31,11.1
2008-09-01,11.367
2008-09-02,11.733
2008-09-03,11.833
2008-09-04,12.267
2008-09-05,11.833
2008-09-06,11.833
2008-09-07,11.9
2008-09-08,11.733
2008-09-09,12.133
2008-09-10,12.1
2008-09-11,11.463
2008-09-12,10.9
2008-09-13,10.733
2008-09-14,10.733
2008-09-15,10.667
2008-09-16,10.733
2008-09-17,11.067
2008-09-18,11.167
2008-09-19,10.7
2008-09-20,10.533
2008-09-21,10.567
2008-09-22,10.9
2008-09-23,10.733
2008-09-24,10.933
2008-09-25,10.933
2008-09-26,11.1
2008-09-27,11.667
2008-09-28,11.933
2008-09-29,11.7
2008-09-30,11.733
2008-10-01,11.567
2008-10-02,11.6
2008-10-03,13.133
2008-10-04,14.733
2008-10-05,12.2
2008-10-06,11.9
2008-10-07,16.467
2008-10-08,21.3
2008-10-09,20.1
2008-10-10,22.9
2008-10-11,20.1
2008-10-12,17.867
2008-10-13,16.8
2008-10-14,15.5
2008-10-15,14.6
2008-10-16,13.8
2008-10-17,14.767
2008-10-18,13.467
2008-10-19,14.833
2008-10-20,13.7
2008-10-21,12.6
2008-10-22,11.5
2008-10-23,11.933
2008-10-24,15.667
2008-10-25,18.267
2008-10-26,21.033
2008-10-27,23.333
2008-10-28,23.8
2008-10-29,23.867
2008-10-30,39.1
2008-10-31,40.1
2008-11-01,37.333
2008-11-02,30.967
2008-11-03,30.967
2008-11-04,33.2
2008-11-05,34.133
2008-11-06,30.4
2008-11-07,27.0
2008-11-08,24.567
2008-11-09,22.233
2008-11-10,21.033
2008-11-11,20.2
2008-11-12,18.2
2008-11-13,19.3
2008-11-14,18.8
2008-11-15,20.867
2008-11-16,18.533
2008-11-17,17.6
2008-11-18,16.767
2008-11-19,16.467
2008-11-20,17.6
2008-11-21,18.267
2008-11-22,17.867
2008-11-23,18.0
2008-11-24,16.9
2008-11-25,17.133
2008-11-26,20.267
2008-11-27,23.033
2008-11-28,19.767
2008-11-29,18.433
2008-11-30,19.667
2008-12-01,22.333
2008-12-02,31.733
2008-12-03,37.233
2008-12-04,31.933
2008-12-05,27.633
2008-12-06,24.467
2008-12-07,23.633
2008-12-08,21.967
2008-12-09,27.467
2008-12-10,30.8
2008-12-11,26.7
2008-12-12,21.567
2008-12-13,19.833
2008-12-14,18.667
2008-12-15,18.033
2008-12-16,17.3
2008-12-17,17.5
2008-12-18,17.5
2008-12-19,20.967
2008-12-20,22.267
2008-12-21,33.267
2008-12-22,51.4
2008-12-23,54.167
2008-12-24,65.2
2008-12-25,58.267
2008-12-26,45.3
2008-12-27,37.5
2008-12-28,31.7
2008-12-29,30.3
2008-12-30,26.867
2008-12-31,27.167
2009-01-01,34.067
2009-01-02,38.833
2009-01-03,49.933
2009-01-04,55.6
2009-01-05,47.467
2009-01-06,38.433
2009-01-07,41.467
2009-01-08,46.033
2009-01-09,47.967
2009-01-10,47.8
2009-01-11,50.233
2009-01-12,49.3
2009-01-13,47.8
2009-01-14,54.9
2009-01-15,42.9
2009-01-16,39.967
2009-01-17,40.867
2009-01-18,42.433
2009-01-19,54.97
2009-01-20,81.767
2009-01-21,66.467
2009-01-22,59.5
2009-01-23,52.333
2009-01-24,47.433
2009-01-25,45.6
2009-01-26,48.667
2009-01-27,47.9
2009-01-28,47.7
2009-01-29,50.633
2009-01-30,49.333
2009-01-31,52.933
2009-02-01,78.533
2009-02-02,78.4
2009-02-03,75.5
2009-02-04,81.167
2009-02-05,78.933
2009-02-06,74.1
2009-02-07,75.1
2009-02-08,68.167
2009-02-09,74.567
2009-02-10,76.0
2009-02-11,78.433
2009-02-12,68.7
2009-02-13,76.4
2009-02-14,76.5
2009-02-15,70.433
2009-02-16,76.833
2009-02-17,71.433
2009-02-18,73.2
2009-02-19,65.3
2009-02-20,65.567
2009-02-21,75.6
2009-02-22,86.3
2009-02-23,96.333
2009-02-24,85.1
2009-02-25,75.633
2009-02-26,79.933
2009-02-27,79.633
2009-02-28,76.7
2009-03-01,73.7
2009-03-02,76.533
2009-03-03,76.2
2009-03-04,86.0
2009-03-05,82.433
2009-03-06,79.233
2009-03-07,111.167
2009-03-08,91.667
2009-03-09,79.867
2009-03-10,81.133
2009-03-11,79.9
2009-03-12,90.033
2009-03-13,84.7
2009-03-14,94.167
2009-03-15,114.5
2009-03-16,116.833
2009-03-17,92.467
2009-03-18,77.7
2009-03-19,63.1
2009-03-20,77.567
2009-03-21,78.667
2009-03-22,82.333
2009-03-23,93.433
2009-03-24,96.167
2009-03-25,93.9
2009-03-26,94.267
2009-03-27,99.667
2009-03-28,108.133
2009-03-29,144.967
2009-03-30,145.767
2009-03-31,134.9
2009-04-01,104.4
2009-04-02,90.433
2009-04-03,79.5
2009-04-04,72.967
2009-04-05,67.167
2009-04-06,63.467
2009-04-07,93.367
2009-04-08,100.833
2009-04-09,85.067
2009-04-10,94.2
2009-04-11,110.333
2009-04-12,115.633
2009-04-13,97.633
2009-04-14,112.5
2009-04-15,96.767
2009-04-16,101.5
2009-04-17,84.367
2009-04-18,78.7
2009-04-19,63.833
2009-04-20,59.8
2009-04-21,58.333
2009-04-22,56.567
2009-04-23,57.267
2009-04-24,64.467
2009-04-25,64.3
2009-04-26,64.667
2009-04-27,62.833
2009-04-28,62.433
2009-04-29,63.933
2009-04-30,61.967
2009-05-01,59.367
2009-05-02,52.233
2009-05-03,57.033
2009-05-04,54.9
2009-05-05,51.967
2009-05-06,48.667
2009-05-07,44.3
2009-05-08,40.533
2009-05-09,32.3
2009-05-10,35.133
2009-05-11,33.333
2009-05-12,36.9
2009-05-13,37.3
2009-05-14,37.9
2009-05-15,36.433
2009-05-16,33.933
2009-05-17,44.033
2009-05-18,42.4
2009-05-19,38.267
2009-05-20,40.933
2009-05-21,38.367
2009-05-22,36.533
2009-05-23,35.067
2009-05-24,33.733
2009-05-25,30.933
2009-05-26,29.967
2009-05-27,31.0
2009-05-28,29.2
2009-05-29,29.267
2009-05-30,27.533
2009-05-31,27.7
2009-06-01,27.533
2009-06-02,26.967
2009-06-03,26.567
2009-06-04,25.2
2009-06-05,25.8
2009-06-06,26.367
2009-06-07,23.033
2009-06-08,25.4
2009-06-09,24.233
2009-06-10,23.2
2009-06-11,22.4
2009-06-12,22.167
2009-06-13,22.133
2009-06-14,21.833
2009-06-15,21.267
2009-06-16,21.033
2009-06-17,20.967
2009-06-18,20.3
2009-06-19,20.067
2009-06-20,20.1
2009-06-21,19.933
2009-06-22,20.233
2009-06-23,19.333
2009-06-24,19.3
2009-06-25,19.5
2009-06-26,21.4
2009-06-27,21.367
2009-06-28,21.2
2009-06-29,20.6
2009-06-30,19.1
2009-07-01,18.067
2009-07-02,17.9
2009-07-03,17.6
2009-07-04,17.5
2009-07-05,16.933
2009-07-06,16.733
2009-07-07,16.867
2009-07-08,16.733
2009-07-09,17.467
2009-07-10,16.833
2009-07-11,16.433
2009-07-12,16.7
2009-07-13,16.633
2009-07-14,15.9
2009-07-15,17.5
2009-07-16,15.733
2009-07-17,16.033
2009-07-18,15.833
2009-07-19,15.9
2009-07-20,15.833
2009-07-21,16.367
2009-07-22,15.867
2009-07-23,15.233
2009-07-24,15.367
2009-07-25,15.967
2009-07-26,16.1
2009-07-27,16.167
2009-07-28,15.867
2009-07-29,15.667
2009-07-30,14.733
2009-07-31,14.7
2009-08-01,14.767
2009-08-02,14.733
2009-08-03,14.5
2009-08-04,14.967
2009-08-05,15.133
2009-08-06,14.9
2009-08-07,14.967
2009-08-08,14.9
2009-08-09,15.367
2009-08-10,15.167
2009-08-11,15.667
2009-08-12,16.3
2009-08-13,15.433
2009-08-14,15.067
2009-08-15,14.867
2009-08-16,14.8
2009-08-17,14.3
2009-08-18,14.4
2009-08-19,14.1
2009-08-20,14.0
2009-08-21,13.967
2009-08-22,14.633
2009-08-23,14.867
2009-08-24,14.533
2009-08-25,14.7
2009-08-26,14.6
2009-08-27,15.5
2009-08-28,16.233
2009-08-29,15.367
2009-08-30,14.933
2009-08-31,14.133
2009-09-01,14.133
2009-09-02,14.067
2009-09-03,14.267
2009-09-04,14.067
2009-09-05,14.367
2009-09-06,14.233
2009-09-07,13.8
2009-09-08,13.967
2009-09-09,14.267
2009-09-10,14.433
2009-09-11,14.333
2009-09-12,15.8
2009-09-13,12.067
2009-09-14,13.533
2009-09-15,13.6
2009-09-16,14.267
2009-09-17,13.633
2009-09-18,13.667
2009-09-19,13.8
2009-09-20,13.767
2009-09-21,14.3
2009-09-22,14.033
2009-09-23,13.333
2009-09-24,13.7
2009-09-25,14.633
2009-09-26,14.7
2009-09-27,14.533
2009-09-28,14.033
2009-09-29,14.433
2009-09-30,13.167
2009-10-01,13.367
2009-10-02,15.567
2009-10-03,16.367
2009-10-04,15.9
2009-10-05,15.7
2009-10-06,15.2
2009-10-07,14.833
2009-10-08,14.533
2009-10-09,13.8
2009-10-10,14.133
2009-10-11,14.333
2009-10-12,15.133
2009-10-13,15.033
2009-10-14,14.267
2009-10-15,13.367
2009-10-16,13.367
2009-10-17,16.033
2009-10-18,17.933
2009-10-19,19.0
2009-10-20,21.067
2009-10-21,22.8
2009-10-22,22.633
2009-10-23,25.6
2009-10-24,31.967
2009-10-25,45.267
2009-10-26,43.733
2009-10-27,46.6
2009-10-28,52.933
2009-10-29,35.933
2009-10-30,33.6
2009-10-31,28.267
2009-11-01,26.0
2009-11-02,25.567
2009-11-03,22.733
2009-11-04,21.5
2009-11-05,20.2
2009-11-06,19.9
2009-11-07,19.1
2009-11-08,18.0
2009-11-09,16.6
2009-11-10,16.267
2009-11-11,16.967
2009-11-12,16.867
2009-11-13,16.667
2009-11-14,19.133
2009-11-15,20.267
2009-11-16,24.8
2009-11-17,32.6
2009-11-18,63.667
2009-11-19,45.333
2009-11-20,34.0
2009-11-21,36.333
2009-11-22,36.333
2009-11-23,38.0
2009-11-24,35.333
2009-11-25,43.333
2009-11-26,57.333
2009-11-27,62.667
2009-11-28,77.6
2009-11-29,70.533
2009-11-30,73.0
2009-12-01,68.633
2009-12-02,64.167
2009-12-03,61.8
2009-12-04,58.667
2009-12-05,55.133
2009-12-06,58.667
2009-12-07,49.367
2009-12-08,45.3
2009-12-09,51.5
2009-12-10,59.633
2009-12-11,58.933
2009-12-12,53.533
2009-12-13,49.867
2009-12-14,47.967
2009-12-15,46.467
2009-12-16,49.833
2009-12-17,46.433
2009-12-18,54.233
2009-12-19,57.6
2009-12-20,68.733
2009-12-21,67.233
2009-12-22,68.633
2009-12-23,67.567
2009-12-24,68.567
2009-12-25,70.167
2009-12-26,53.433
2009-12-27,67.0
2009-12-28,67.0
2009-12-29,79.6
2009-12-30,66.7
2009-12-31,59.767
2010-01-01,49.8
2010-01-02,46.533
2010-01-03,51.0
2010-01-04,46.667
2010-01-05,49.767
2010-01-06,48.933
2010-01-07,50.033
2010-01-08,47.0
2010-01-09,45.333
2010-01-10,42.967
2010-01-11,62.9
2010-01-12,57.967
2010-01-13,48.533
2010-01-14,47.767
2010-01-15,52.933
2010-01-16,61.2
2010-01-17,60.9
2010-01-18,63.467
2010-01-19,68.967
2010-01-20,71.2
2010-01-21,64.733
2010-01-22,65.233
2010-01-23,68.033
2010-01-24,73.167
2010-01-25,64.9
2010-01-26,63.933
2010-01-27,64.233
2010-01-28,57.2
2010-01-29,51.667
2010-01-30,48.533
2010-01-31,50.7
2010-02-01,47.433
2010-02-02,42.733
2010-02-03,41.467
2010-02-04,42.2
2010-02-05,51.567
2010-02-06,66.933
2010-02-07,73.8
2010-02-08,70.167
2010-02-09,65.433
2010-02-10,57.5
2010-02-11,66.867
2010-02-12,63.733
2010-02-13,62.1
2010-02-14,66.233
2010-02-15,91.9
2010-02-16,82.133
2010-02-17,74.733
2010-02-18,69.367
2010-02-19,63.733
2010-02-20,58.1
2010-02-21,69.233
2010-02-22,77.4
2010-02-23,55.067
2010-02-24,63.767
2010-02-25,56.3
2010-02-26,56.267
2010-02-27,51.967
2010-02-28,47.4
2010-03-01,42.167
2010-03-02,42.5
2010-03-03,51.333
2010-03-04,47.6
2010-03-05,52.0
2010-03-06,53.367
2010-03-07,64.033
2010-03-08,72.767
2010-03-09,64.7
2010-03-10,56.767
2010-03-11,78.233
2010-03-12,76.067
2010-03-13,80.467
2010-03-14,69.267
2010-03-15,92.1
2010-03-16,93.633
2010-03-17,95.6
2010-03-18,91.467
2010-03-19,88.6
2010-03-20,83.967
2010-03-21,77.9
2010-03-22,65.767
2010-03-23,74.433
2010-03-24,87.367
2010-03-25,69.9
2010-03-26,85.4
2010-03-27,82.5
2010-03-28,77.267
2010-03-29,77.0
2010-03-30,74.833
2010-03-31,66.3
2010-04-01,81.9
2010-04-02,81.8
2010-04-03,67.933
2010-04-04,74.033
2010-04-05,92.0
2010-04-06,79.567
2010-04-07,85.333
2010-04-08,94.8
2010-04-09,79.6
2010-04-10,72.7
2010-04-11,70.767
2010-04-12,64.5
2010-04-13,54.733
2010-04-14,54.6
2010-04-15,50.1
2010-04-16,46.733
2010-04-17,47.367
2010-04-18,36.833
2010-04-19,42.233
2010-04-20,46.3
2010-04-21,42.433
2010-04-22,43.167
2010-04-23,36.967
2010-04-24,36.333
2010-04-25,35.1
2010-04-26,39.967
2010-04-27,44.467
2010-04-28,44.1
2010-04-29,43.5
2010-04-30,38.367
2010-05-01,41.233
2010-05-02,46.467
2010-05-03,43.41
2010-05-04,40.833
2010-05-05,40.367
2010-05-06,37.967
2010-05-07,35.567
2010-05-08,34.633
2010-05-09,31.633
2010-05-10,31.4
2010-05-11,30.967
2010-05-12,28.867
2010-05-13,27.4
2010-05-14,24.767
2010-05-15,25.667
2010-05-16,24.133
2010-05-17,23.933
2010-05-18,22.9
2010-05-19,23.033
2010-05-20,23.567
2010-05-21,23.633
2010-05-22,23.3
2010-05-23,22.0
2010-05-24,21.033
2010-05-25,21.1
2010-05-26,20.4
2010-05-27,20.4
2010-05-28,20.0
2010-05-29,19.7
2010-05-30,20.0
2010-05-31,20.033
2010-06-01,19.9
2010-06-02,18.967
2010-06-03,18.7
2010-06-04,18.567
2010-06-05,18.4
2010-06-06,17.833
2010-06-07,17.4
2010-06-08,17.3
2010-06-09,17.0
2010-06-10,16.5
2010-06-11,16.2
2010-06-12,16.3
2010-06-13,16.4
2010-06-14,16.567
2010-06-15,16.633
2010-06-16,16.533
2010-06-17,16.433
2010-06-18,16.767
2010-06-19,16.767
2010-06-20,17.2
2010-06-21,16.733
2010-06-22,16.4
2010-06-23,15.9
2010-06-24,16.067
2010-06-25,16.267
2010-06-26,16.1
2010-06-27,15.833
2010-06-28,16.367
2010-06-29,16.533
2010-06-30,16.667
2010-07-01,16.167
2010-07-02,15.767
2010-07-03,15.867
2010-07-04,15.8
2010-07-05,15.867
2010-07-06,16.2
2010-07-07,16.2
2010-07-08,16.167
2010-07-09,15.967
2010-07-10,15.6
2010-07-11,15.1
2010-07-12,15.267
2010-07-13,15.1
2010-07-14,15.1
2010-07-15,15.067
2010-07-16,14.6
2010-07-17,14.233
2010-07-18,14.133
2010-07-19,14.367
2010-07-20,14.333
2010-07-21,14.3
2010-07-22,14.167
2010-07-23,14.233
2010-07-24,14.133
2010-07-25,14.167
2010-07-26,14.167
2010-07-27,14.033
2010-07-28,14.333
2010-07-29,14.1
2010-07-30,14.267
2010-07-31,14.333
2010-08-01,14.6
2010-08-02,14.367
2010-08-03,14.167
2010-08-04,14.033
2010-08-05,13.833
2010-08-06,13.767
2010-08-07,13.767
2010-08-08,13.667
2010-08-09,13.667
2010-08-10,13.667
2010-08-11,13.633
2010-08-12,13.567
2010-08-13,13.333
2010-08-14,13.233
2010-08-15,13.167
2010-08-16,13.533
2010-08-17,13.767
2010-08-18,13.667
2010-08-19,13.6
2010-08-20,13.433
2010-08-21,13.467
2010-08-22,13.333
2010-08-23,13.333
2010-08-24,13.267
2010-08-25,13.333
2010-08-26,13.4
2010-08-27,13.467
2010-08-28,13.333
2010-08-29,13.0
2010-08-30,12.967
2010-08-31,12.933
2010-09-01,12.833
2010-09-02,12.6
2010-09-03,12.8
2010-09-04,12.7
2010-09-05,12.167
2010-09-06,12.567
2010-09-07,14.567
2010-09-08,14.033
2010-09-09,13.367
2010-09-10,13.0
2010-09-11,12.533
2010-09-12,12.333
2010-09-13,12.233
2010-09-14,12.267
2010-09-15,12.367
2010-09-16,12.367
2010-09-17,12.4
2010-09-18,12.1
2010-09-19,12.133
2010-09-20,11.567
2010-09-21,11.267
2010-09-22,11.567
2010-09-23,12.167
2010-09-24,11.933
2010-09-25,12.167
2010-09-26,12.767
2010-09-27,12.667
2010-09-28,12.1
2010-09-29,12.333
2010-09-30,14.6
2010-10-01,16.833
2010-10-02,18.067
2010-10-03,14.767
2010-10-04,13.4
2010-10-05,13.467
2010-10-06,12.833
2010-10-07,13.367
2010-10-08,12.567
2010-10-09,12.833
2010-10-10,13.6
2010-10-11,11.833
2010-10-12,11.533
2010-10-13,11.833
2010-10-14,11.567
2010-10-15,11.433
2010-10-16,11.733
2010-10-17,12.433
2010-10-18,12.5
2010-10-19,13.367
2010-10-20,19.4
2010-10-21,25.333
2010-10-22,23.933
2010-10-23,20.9
2010-10-24,14.467
2010-10-25,14.3
2010-10-26,15.533
2010-10-27,14.367
2010-10-28,13.833
2010-10-29,12.467
2010-10-30,11.267
2010-10-31,11.367
2010-11-01,11.567
2010-11-02,11.2
2010-11-03,12.6
2010-11-04,16.2
2010-11-05,16.267
2010-11-06,15.767
2010-11-07,15.3
2010-11-08,15.1
2010-11-09,15.1
2010-11-10,16.267
2010-11-11,16.567
2010-11-12,25.133
2010-11-13,25.2
2010-11-14,26.333
2010-11-15,24.8
2010-11-16,24.567
2010-11-17,25.967
2010-11-18,29.8
2010-11-19,30.167
2010-11-20,27.433
2010-11-21,26.833
2010-11-22,28.067
2010-11-23,37.333
2010-11-24,34.233
2010-11-25,26.067
2010-11-26,24.267
2010-11-27,27.833
2010-11-28,31.167
2010-11-29,34.433
2010-11-30,30.5
2010-12-01,24.533
2010-12-02,21.667
2010-12-03,25.933
2010-12-04,31.833
2010-12-05,43.033
2010-12-06,58.0
2010-12-07,56.4
2010-12-08,55.867
2010-12-09,60.0
2010-12-10,59.667
2010-12-11,66.033
2010-12-12,66.033
2010-12-13,51.567
2010-12-14,41.133
2010-12-15,36.0
2010-12-16,32.567
2010-12-17,33.333
2010-12-18,35.1
2010-12-19,37.767
2010-12-20,39.4
2010-12-21,35.6
2010-12-22,38.167
2010-12-23,55.9
2010-12-24,64.5
2010-12-25,89.167
2010-12-26,76.033
2010-12-27,63.567
2010-12-28,87.167
2010-12-29,94.733
2010-12-30,91.0
2010-12-31,80.567
2011-01-01,69.0
2011-01-02,53.933
2011-01-03,54.3
2011-01-04,55.133
2011-01-05,55.267
2011-01-06,58.733
2011-01-07,75.867
2011-01-08,87.733
2011-01-09,79.833
2011-01-10,81.267
2011-01-11,78.833
2011-01-12,98.667
2011-01-13,80.233
2011-01-14,81.233
2011-01-15,76.867
2011-01-16,84.067
2011-01-17,90.967
2011-01-18,77.867
2011-01-19,71.933
2011-01-20,66.167
2011-01-21,61.467
2011-01-22,73.133
2011-01-23,80.667
2011-01-24,70.3
2011-01-25,67.867
2011-01-26,60.8
2011-01-27,56.767
2011-01-28,60.633
2011-01-29,63.8
2011-01-30,95.067
2011-01-31,75.367
2011-02-01,101.6
2011-02-02,99.7
2011-02-03,95.533
2011-02-04,88.9
2011-02-05,88.833
2011-02-06,92.367
2011-02-07,80.467
2011-02-08,89.667
2011-02-09,95.533
2011-02-10,96.467
2011-02-11,100.9
2011-02-12,98.467
2011-02-13,111.833
2011-02-14,86.967
2011-02-15,90.533
2011-02-16,105.94
2011-02-17,70.9
2011-02-18,65.833
2011-02-19,60.4
2011-02-20,56.067
2011-02-21,53.2
2011-02-22,51.4
2011-02-23,56.567
2011-02-24,57.467
2011-02-25,52.967
2011-02-26,59.35
2011-02-27,55.267
2011-02-28,76.833
2011-03-01,79.767
2011-03-02,80.733
2011-03-03,52.367
2011-03-04,59.967
2011-03-05,60.733
2011-03-06,60.433
2011-03-07,79.867
2011-03-08,88.767
2011-03-09,94.0
2011-03-10,84.533
2011-03-11,80.1
2011-03-12,60.133
2011-03-13,56.667
2011-03-14,62.333
2011-03-15,60.567
2011-03-16,59.067
2011-03-17,57.067
2011-03-18,57.9
2011-03-19,59.1
2011-03-20,58.667
2011-03-21,61.2
2011-03-22,65.367
2011-03-23,89.033
2011-03-24,92.233
2011-03-25,99.7
2011-03-26,95.133
2011-03-27,90.633
2011-03-28,96.233
2011-03-29,90.433
2011-03-30,80.867
2011-03-31,96.533
2011-04-01,99.467
2011-04-02,102.267
2011-04-03,99.167
2011-04-04,92.067
2011-04-05,95.433
2011-04-06,105.067
2011-04-07,94.667
2011-04-08,100.867
2011-04-09,98.933
2011-04-10,91.2
2011-04-11,95.8
2011-04-12,84.7
2011-04-13,88.967
2011-04-14,81.9
2011-04-15,73.367
2011-04-16,71.333
2011-04-17,67.933
2011-04-18,67.1
2011-04-19,64.933
2011-04-20,60.9
2011-04-21,53.467
2011-04-22,54.033
2011-04-23,49.933
2011-04-24,48.8
2011-04-25,50.533
2011-04-26,52.5
2011-04-27,51.967
2011-04-28,49.667
2011-04-29,49.4
2011-04-30,50.3
2011-05-01,58.7
2011-05-02,54.2
2011-05-03,51.033
2011-05-04,47.467
2011-05-05,46.133
2011-05-06,45.433
2011-05-07,44.6
2011-05-08,41.3
2011-05-09,40.967
2011-05-10,39.333
2011-05-11,37.767
2011-05-12,39.967
2011-05-13,39.967
2011-05-14,36.133
2011-05-15,35.1
2011-05-16,36.4
2011-05-17,28.133
2011-05-18,30.1
2011-05-19,27.933
2011-05-20,27.3
2011-05-21,27.767
2011-05-22,21.133
2011-05-23,22.3
2011-05-24,26.167
2011-05-25,25.567
2011-05-26,25.1
2011-05-27,23.433
2011-05-28,24.933
2011-05-29,23.333
2011-05-30,22.067
2011-05-31,21.1
2011-06-01,20.733
2011-06-02,20.3
2011-06-03,19.933
2011-06-04,19.933
2011-06-05,19.7
2011-06-06,19.533
2011-06-07,19.533
2011-06-08,19.7
2011-06-09,19.633
2011-06-10,19.133
2011-06-11,19.133
2011-06-12,18.467
2011-06-13,17.9
2011-06-14,17.667
2011-06-15,17.833
2011-06-16,17.8
2011-06-17,17.633
2011-06-18,17.667
2011-06-19,17.9
2011-06-20,18.0
2011-06-21,18.0
2011-06-22,18.167
2011-06-23,18.0
2011-06-24,18.2
2011-06-25,17.733
2011-06-26,17.0
2011-06-27,16.867
2011-06-28,16.5
2011-06-29,16.467
2011-06-30,16.333
2011-07-01,16.133
2011-07-02,16.3
2011-07-03,16.633
2011-07-04,18.733
2011-07-05,18.2
2011-07-06,17.1
2011-07-07,16.7
2011-07-08,16.3
2011-07-09,16.367
2011-07-10,15.833
2011-07-11,15.633
2011-07-12,15.2
2011-07-13,14.767
2011-07-14,16.067
2011-07-15,15.833
2011-07-16,15.967
2011-07-17,16.233
2011-07-18,15.467
2011-07-19,15.067
2011-07-20,15.167
2011-07-21,15.167
2011-07-22,14.9
2011-07-23,14.8
2011-07-24,14.667
2011-07-25,14.333
2011-07-26,13.767
2011-07-27,13.833
2011-07-28,14.367
2011-07-29,14.133
2011-07-30,14.167
2011-07-31,14.167
2011-08-01,13.967
2011-08-02,13.733
2011-08-03,13.867
2011-08-04,14.4
2011-08-05,14.733
2011-08-06,14.367
2011-08-07,14.333
2011-08-08,14.067
2011-08-09,13.9
2011-08-10,13.8
2011-08-11,13.733
2011-08-12,13.533
2011-08-13,13.467
2011-08-14,13.4
2011-08-15,13.367
2011-08-16,13.167
2011-08-17,13.1
2011-08-18,13.4
2011-08-19,13.3
2011-08-20,13.033
2011-08-21,12.9
2011-08-22,12.667
2011-08-23,12.7
2011-08-24,12.833
2011-08-25,13.567
2011-08-26,13.567
2011-08-27,13.5
2011-08-28,13.567
2011-08-29,13.3
2011-08-30,13.267
2011-08-31,13.033
2011-09-01,12.7
2011-09-02,12.3
2011-09-03,12.1
2011-09-04,12.0
2011-09-05,12.1
2011-09-06,12.0
2011-09-07,12.0
2011-09-08,12.2
2011-09-09,12.3
2011-09-10,12.7
2011-09-11,13.5
2011-09-12,13.4
2011-09-13,12.8
2011-09-14,12.4
2011-09-15,12.1
2011-09-16,12.1
2011-09-17,12.4
2011-09-18,12.5
2011-09-19,12.2
2011-09-20,12.0
2011-09-21,12.7
2011-09-22,12.2
2011-09-23,11.9
2011-09-24,11.7
2011-09-25,12.4
2011-09-26,12.8
2011-09-27,12.8
2011-09-28,12.2
2011-09-29,12.5
2011-09-30,12.7
2011-10-01,12.0
2011-10-02,12.1
2011-10-03,12.3
2011-10-04,12.3
2011-10-05,12.3
2011-10-06,13.5
2011-10-07,14.7
2011-10-08,15.3
2011-10-09,17.0
2011-10-10,17.7
2011-10-11,16.0
2011-10-12,15.1
2011-10-13,14.7
2011-10-14,13.8
2011-10-15,13.5
2011-10-16,13.4
2011-10-17,13.0
2011-10-18,11.9
2011-10-19,11.5
2011-10-20,11.4
2011-10-21,12.4
2011-10-22,11.5
2011-10-23,11.7
2011-10-24,11.3
2011-10-25,11.4
2011-10-26,11.7
2011-10-27,11.8
2011-10-28,13.1
2011-10-29,15.9
2011-10-30,16.6
2011-10-31,16.1
2011-11-01,14.9
2011-11-02,14.1
2011-11-03,14.8
2011-11-04,16.8
2011-11-05,18.6
2011-11-06,18.7
2011-11-07,18.7
2011-11-08,21.3
2011-11-09,18.6
2011-11-10,17.1
2011-11-11,16.7
2011-11-12,16.0
2011-11-13,17.0
2011-11-14,19.4
2011-11-15,21.9
2011-11-16,29.0
2011-11-17,32.5
2011-11-18,35.3
2011-11-19,34.2
2011-11-20,35.0
2011-11-21,28.4
2011-11-22,29.2
2011-11-23,32.4
2011-11-24,33.8
2011-11-25,33.3
2011-11-26,33.2
2011-11-27,25.1
2011-11-28,24.7
2011-11-29,22.8
2011-11-30,20.8
2011-12-01,20.4
2011-12-02,19.7
2011-12-03,18.9
2011-12-04,18.7
2011-12-05,18.1
2011-12-06,18.2
2011-12-07,19.9
2011-12-08,31.0
2011-12-09,33.2
2011-12-10,39.7
2011-12-11,65.8
2011-12-12,64.3
2011-12-13,76.3
2011-12-14,65.3
2011-12-15,57.2
2011-12-16,47.4
2011-12-17,52.3
2011-12-18,45.4
2011-12-19,40.8
2011-12-20,36.9
2011-12-21,44.1
2011-12-22,64.7
2011-12-23,76.5
2011-12-24,68.5
2011-12-25,73.3
2011-12-26,84.7
2011-12-27,82.8
2011-12-28,70.2
2011-12-29,65.1
2011-12-30,79.7
2011-12-31,85.7
2012-01-01,76.4
2012-01-02,70.1
2012-01-03,58.4
2012-01-04,46.6
2012-01-05,48.9
2012-01-06,57.1
2012-01-07,57.3
2012-01-08,80.2
2012-01-09,74.6
2012-01-10,56.6
2012-01-11,42.7
2012-01-12,40.7
2012-01-13,39.3
2012-01-14,50.7
2012-01-15,73.3
2012-01-16,78.7
2012-01-17,72.4
2012-01-18,72.6
2012-01-19,68.3
2012-01-20,58.6
2012-01-21,62.8
2012-01-22,90.8
2012-01-23,87.2
2012-01-24,53.6
2012-01-25,50.0
2012-01-26,46.5
2012-01-27,48.9
2012-01-28,62.0
2012-01-29,62.0
2012-01-30,62.4
2012-01-31,83.7
2012-02-01,79.4
2012-02-02,74.7
2012-02-03,71.5
2012-02-04,79.8
2012-02-05,88.1
2012-02-06,102.3
2012-02-07,108.1
2012-02-08,115.2
2012-02-09,131.5
2012-02-10,128.2
2012-02-11,125.4
2012-02-12,102.2
2012-02-13,98.6
2012-02-14,100.4
2012-02-15,101.8
2012-02-16,78.9
2012-02-17,57.6
2012-02-18,52.7
2012-02-19,67.9
2012-02-20,88.1
2012-02-21,86.8
2012-02-22,75.7
2012-02-23,90.8
2012-02-24,90.4
2012-02-25,80.8
2012-02-26,56.1
2012-02-27,86.0
2012-02-28,90.0
2012-02-29,78.1
2012-03-01,68.4
2012-03-02,76.6
2012-03-03,64.4
2012-03-04,68.0
2012-03-05,94.1
2012-03-06,103.7
2012-03-07,94.2
2012-03-08,92.5
2012-03-09,100.0
2012-03-10,96.3
2012-03-11,89.7
2012-03-12,88.0
2012-03-13,85.0
2012-03-14,91.7
2012-03-15,72.1
2012-03-16,76.4
2012-03-17,70.5
2012-03-18,70.3
2012-03-19,71.4
2012-03-20,75.9
2012-03-21,59.2
2012-03-22,56.0
2012-03-23,49.7
2012-03-24,47.8
2012-03-25,54.5
2012-03-26,73.2
2012-03-27,77.9
2012-03-28,92.8
2012-03-29,95.3
2012-03-30,83.3
2012-03-31,69.8
2012-04-01,61.5
2012-04-02,60.0
2012-04-03,53.3
2012-04-04,59.2
2012-04-05,79.8
2012-04-06,78.0
2012-04-07,78.3
2012-04-08,75.7
2012-04-09,95.0
2012-04-10,104.2
2012-04-11,105.0
2012-04-12,92.0
2012-04-13,90.7
2012-04-14,86.0
2012-04-15,90.5
2012-04-16,96.7
2012-04-17,90.7
2012-04-18,81.9
2012-04-19,98.4
2012-04-20,100.5
2012-04-21,95.3
2012-04-22,83.1
2012-04-23,85.6
2012-04-24,89.8
2012-04-25,94.0
2012-04-26,92.5
2012-04-27,89.6
2012-04-28,77.8
2012-04-29,76.4
2012-04-30,70.1
2012-05-01,64.1
2012-05-02,64.1
2012-05-03,58.7
2012-05-04,53.1
2012-05-05,50.7
2012-05-06,49.6
2012-05-07,48.6
2012-05-08,47.4
2012-05-09,40.4
2012-05-10,40.4
2012-05-11,39.1
2012-05-12,37.8
2012-05-13,37.4
2012-05-14,40.4
2012-05-15,37.7
2012-05-16,39.1
2012-05-17,37.8
2012-05-18,36.5
2012-05-19,37.8
2012-05-20,36.6
2012-05-21,35.1
2012-05-22,36.8
2012-05-23,37.7
2012-05-24,37.8
2012-05-25,36.5
2012-05-26,36.5
2012-05-27,35.1
2012-05-28,33.6
2012-05-29,29.8
2012-05-30,23.9
2012-05-31,22.8
2012-06-01,22.3
2012-06-02,22.0
2012-06-03,21.7
2012-06-04,21.5
2012-06-05,21.0
2012-06-06,20.9
2012-06-07,20.7
2012-06-08,21.7
2012-06-09,21.9
2012-06-10,21.4
2012-06-11,21.1
2012-06-12,20.2
2012-06-13,19.8
2012-06-14,19.7
2012-06-15,19.3
2012-06-16,19.4
2012-06-17,20.2
2012-06-18,18.5
2012-06-19,19.4
2012-06-20,19.3
2012-06-21,18.9
2012-06-22,18.8
2012-06-23,18.8
2012-06-24,18.3
2012-06-25,18.1
2012-06-26,17.9
2012-06-27,19.0
2012-06-28,17.6
2012-06-29,17.4
2012-06-30,16.9
2012-07-01,16.8
2012-07-02,16.6
2012-07-03,16.6
2012-07-04,16.9
2012-07-05,16.6
2012-07-06,16.6
2012-07-07,16.6
2012-07-08,16.3
2012-07-09,16.4
2012-07-10,16.3
2012-07-11,15.6
2012-07-12,15.8
2012-07-13,15.6
2012-07-14,14.6
2012-07-15,14.3
2012-07-16,14.3
2012-07-17,14.3
2012-07-18,14.8
2012-07-19,14.3
2012-07-20,15.6
2012-07-21,15.1
2012-07-22,15.1
2012-07-23,15.1
2012-07-24,15.1
2012-07-25,14.8
2012-07-26,14.8
2012-07-27,15.0
2012-07-28,14.6
2012-07-29,14.1
2012-07-30,13.6
2012-07-31,13.8
2012-08-01,13.5
2012-08-02,13.2
2012-08-03,13.4
2012-08-04,13.2
2012-08-05,13.3
2012-08-06,13.3
2012-08-07,13.0
2012-08-08,12.7
2012-08-09,13.1
2012-08-10,13.1
2012-08-11,13.1
2012-08-12,12.9
2012-08-13,13.0
2012-08-14,13.2
2012-08-15,13.7
2012-08-16,14.7
2012-08-17,14.3
2012-08-18,13.9
2012-08-19,13.9
2012-08-20,13.9
2012-08-21,14.0
2012-08-22,13.8
2012-08-23,13.6
2012-08-24,13.8
2012-08-25,13.8
2012-08-26,13.8
2012-08-27,13.6
2012-08-28,13.2
2012-08-29,13.0
2012-08-30,13.4
2012-08-31,13.3
2012-09-01,13.2
2012-09-02,12.9
2012-09-03,13.1
2012-09-04,13.0
2012-09-05,13.0
2012-09-06,12.6
2012-09-07,12.6
2012-09-08,12.5
2012-09-09,12.7
2012-09-10,12.6
2012-09-11,12.7
2012-09-12,12.0
2012-09-13,11.7
2012-09-14,12.0
2012-09-15,11.4
2012-09-16,11.8
2012-09-17,12.2
2012-09-18,14.0
2012-09-19,14.3
2012-09-20,14.1
2012-09-21,14.7
2012-09-22,15.6
2012-09-23,14.9
2012-09-24,14.7
2012-09-25,14.1
2012-09-26,14.2
2012-09-27,13.8
2012-09-28,14.3
2012-09-29,17.1
2012-09-30,19.3
2012-10-01,20.1
2012-10-02,19.5
2012-10-03,16.8
2012-10-04,15.9
2012-10-05,15.2
2012-10-06,14.8
2012-10-07,14.3
2012-10-08,14.2
2012-10-09,14.5
2012-10-10,14.4
2012-10-11,14.8
2012-10-12,13.9
2012-10-13,14.6
2012-10-14,14.3
2012-10-15,14.4
2012-10-16,14.5
2012-10-17,14.6
2012-10-18,14.4
2012-10-19,14.5
2012-10-20,14.5
2012-10-21,14.5
2012-10-22,14.4
2012-10-23,15.2
2012-10-24,15.1
2012-10-25,18.9
2012-10-26,26.0
2012-10-27,25.3
2012-10-28,21.6
2012-10-29,20.0
2012-10-30,20.1
2012-10-31,21.3
2012-11-01,19.8
2012-11-02,18.8
2012-11-03,24.8
2012-11-04,24.8
2012-11-05,25.1
2012-11-06,38.2
2012-11-07,43.5
2012-11-08,45.3
2012-11-09,47.8
2012-11-10,45.8
2012-11-11,44.7
2012-11-12,35.4
2012-11-13,28.4
2012-11-14,26.8
2012-11-15,28.6
2012-11-16,40.6
2012-11-17,50.9
2012-11-18,35.0
2012-11-19,32.6
2012-11-20,33.3
2012-11-21,32.2
2012-11-22,27.0
2012-11-23,26.6
2012-11-24,24.9
2012-11-25,26.4
2012-11-26,27.5
2012-11-27,31.8
2012-11-28,28.5
2012-11-29,31.9
2012-11-30,31.7
2012-12-01,26.9
2012-12-02,26.6
2012-12-03,27.7
2012-12-04,31.0
2012-12-05,30.8
2012-12-06,30.9
2012-12-07,29.5
2012-12-08,28.1
2012-12-09,27.1
2012-12-10,27.8
2012-12-11,23.2
2012-12-12,22.1
2012-12-13,21.2
2012-12-14,21.3
2012-12-15,21.3
2012-12-16,20.0
2012-12-17,19.5
2012-12-18,22.4
2012-12-19,23.9
2012-12-20,28.3
2012-12-21,45.4
2012-12-22,51.2
2012-12-23,47.6
2012-12-24,56.6
2012-12-25,52.8
2012-12-26,60.7
2012-12-27,68.4
2012-12-28,80.7
2012-12-29,77.3
2012-12-30,74.3
2012-12-31,85.2
2013-01-01,84.5
2013-01-02,77.5
2013-01-03,68.8
2013-01-04,55.5
2013-01-05,45.2
2013-01-06,41.2
2013-01-07,40.4
2013-01-08,39.1
2013-01-09,36.3
2013-01-10,39.1
2013-01-11,39.8
2013-01-12,46.7
2013-01-13,42.6
2013-01-14,41.7
2013-01-15,33.8
2013-01-16,33.8
2013-01-17,37.3
2013-01-18,60.8
2013-01-19,53.4
2013-01-20,49.5
2013-01-21,37.8
2013-01-22,44.2
2013-01-23,50.4
2013-01-24,65.6
2013-01-25,60.6
2013-01-26,54.4
2013-01-27,48.5
2013-01-28,47.0
2013-01-29,41.5
2013-01-30,41.2
2013-01-31,46.0
2013-02-01,51.6
2013-02-02,48.2
2013-02-03,45.5
2013-02-04,39.6
2013-02-05,55.3
2013-02-06,52.9
2013-02-07,60.3
2013-02-08,68.3
2013-02-09,63.8
2013-02-10,72.6
2013-02-11,81.6
2013-02-12,90.3
2013-02-13,78.4
2013-02-14,76.1
2013-02-15,76.2
2013-02-16,79.2
2013-02-17,73.3
2013-02-18,81.9
2013-02-19,87.5
2013-02-20,82.2
2013-02-21,74.1
2013-02-22,78.5
2013-02-23,83.1
2013-02-24,83.5
2013-02-25,87.9
2013-02-26,69.5
2013-02-27,81.6
2013-02-28,89.5
2013-03-01,67.267
2013-03-02,89.4
2013-03-03,92.333
2013-03-04,85.433
2013-03-05,87.633
2013-03-06,85.067
2013-03-07,97.533
2013-03-08,81.367
2013-03-09,109.167
2013-03-10,104.8
2013-03-11,114.5
2013-03-12,99.633
2013-03-13,100.267
2013-03-14,106.533
2013-03-15,90.867
2013-03-16,83.9
2013-03-17,88.733
2013-03-18,79.9
2013-03-19,83.4
2013-03-20,86.4
2013-03-21,88.667
2013-03-22,94.867
2013-03-23,92.467
2013-03-24,96.3
2013-03-25,93.033
2013-03-26,88.067
2013-03-27,91.733
2013-03-28,91.3
2013-03-29,89.033
2013-03-30,91.667
2013-03-31,89.6
2013-04-01,85.4
2013-04-02,81.667
2013-04-03,80.133
2013-04-04,78.533
2013-04-05,76.5
2013-04-06,78.667
2013-04-07,71.467
2013-04-08,69.9
2013-04-09,65.9
2013-04-10,64.2
2013-04-11,63.4
2013-04-12,63.0
2013-04-13,64.067
2013-04-14,59.2
2013-04-15,56.0
2013-04-16,44.433
2013-04-17,56.3
2013-04-18,61.633
2013-04-19,54.7
2013-04-20,50.633
2013-04-21,44.833
2013-04-22,33.933
2013-04-23,30.833
2013-04-24,30.967
2013-04-25,29.367
2013-04-26,29.5
2013-04-27,28.067
2013-04-28,27.0
2013-04-29,27.1
2013-04-30,25.7
2013-05-01,23.967
2013-05-02,23.733
2013-05-03,23.567
2013-05-04,22.0
2013-05-05,22.3
2013-05-06,20.667
2013-05-07,22.467
2013-05-08,24.533
2013-05-09,22.167
2013-05-10,21.433
2013-05-11,21.5
2013-05-12,20.833
2013-05-13,21.833
2013-05-14,20.8
2013-05-15,20.5
2013-05-16,26.533
2013-05-17,24.6
2013-05-18,24.067
2013-05-19,25.367
2013-05-20,25.567
2013-05-21,25.6
2013-05-22,24.033
2013-05-23,24.1
2013-05-24,22.1
2013-05-25,20.867
2013-05-26,20.233
2013-05-27,19.6
2013-05-28,18.267
2013-05-29,18.033
2013-05-30,18.1
2013-05-31,17.833
2013-06-01,17.4
2013-06-02,17.3
2013-06-03,13.433
2013-06-04,17.267
2013-06-05,17.667
2013-06-06,19.633
2013-06-07,21.033
2013-06-08,21.633
2013-06-09,22.233
2013-06-10,22.333
2013-06-11,21.167
2013-06-12,20.9
2013-06-13,20.667
2013-06-14,20.433
2013-06-15,20.067
2013-06-16,19.7
2013-06-17,19.533
2013-06-18,19.167
2013-06-19,18.733
2013-06-20,18.6
2013-06-21,18.4
2013-06-22,18.333
2013-06-23,17.9
2013-06-24,17.767
2013-06-25,17.633
2013-06-26,17.233
2013-06-27,16.7
2013-06-28,16.833
2013-06-29,16.3
2013-06-30,16.267
2013-07-01,16.433
2013-07-02,16.3
2013-07-03,16.667
2013-07-04,16.6
2013-07-05,16.367
2013-07-06,15.6
2013-07-07,16.267
2013-07-08,16.1
2013-07-09,15.833
2013-07-10,15.667
2013-07-11,15.167
2013-07-12,15.133
2013-07-13,15.133
2013-07-14,14.9
2013-07-15,15.6
2013-07-16,16.067
2013-07-17,15.8
2013-07-18,15.1
2013-07-19,15.4
2013-07-20,15.033
2013-07-21,14.967
2013-07-22,15.033
2013-07-23,15.133
2013-07-24,14.833
2013-07-25,14.733
2013-07-26,15.1
2013-07-27,15.267
2013-07-28,14.933
2013-07-29,14.7
2013-07-30,14.533
2013-07-31,13.967
2013-08-01,13.933
2013-08-02,14.267
2013-08-03,14.433
2013-08-04,13.967
2013-08-05,13.9
2013-08-06,13.567
2013-08-07,13.467
2013-08-08,13.467
2013-08-09,13.333
2013-08-10,13.133
2013-08-11,12.833
2013-08-12,12.4
2013-08-13,12.633
2013-08-14,13.867
2013-08-15,13.833
2013-08-16,13.967
2013-08-17,13.767
2013-08-18,13.7
2013-08-19,13.9
2013-08-20,14.067
2013-08-21,14.1
2013-08-22,14.067
2013-08-23,14.033
2013-08-24,13.767
2013-08-25,13.333
2013-08-26,13.067
2013-08-27,13.1
2013-08-28,13.533
2013-08-29,13.933
2013-08-30,13.833
2013-08-31,12.733
2013-09-01,12.8
2013-09-02,13.0
2013-09-03,13.3
2013-09-04,13.2
2013-09-05,12.9
2013-09-06,12.4
2013-09-07,12.1
2013-09-08,12.1
2013-09-09,11.9
2013-09-10,12.2
2013-09-11,12.0
2013-09-12,11.8
2013-09-13,11.8
2013-09-14,11.7
2013-09-15,12.5
2013-09-16,12.0
2013-09-17,12.4
2013-09-18,12.0
2013-09-19,11.9
2013-09-20,13.0
2013-09-21,12.2
2013-09-22,12.4
2013-09-23,11.9
2013-09-24,11.9
2013-09-25,11.7
2013-09-26,11.8
2013-09-27,11.9
2013-09-28,12.3
2013-09-29,13.1
2013-09-30,13.2
2013-10-01,12.9
2013-10-02,12.9
2013-10-03,12.7
2013-10-04,12.5
2013-10-05,12.9
2013-10-06,14.3
2013-10-07,19.5
2013-10-08,18.4
2013-10-09,16.1
2013-10-10,15.3
2013-10-11,14.6
2013-10-12,14.1
2013-10-13,14.9
2013-10-14,18.6
2013-10-15,18.3
2013-10-16,29.8
2013-10-17,32.5
2013-10-18,32.0
2013-10-19,28.5
2013-10-20,21.2
2013-10-21,19.5
2013-10-22,17.6
2013-10-23,16.7
2013-10-24,18.3
2013-10-25,22.5
2013-10-26,27.0
2013-10-27,27.7
2013-10-28,27.3
2013-10-29,31.6
2013-10-30,30.1
2013-10-31,28.3
2013-11-01,27.1
2013-11-02,26.3
2013-11-03,27.3
2013-11-04,29.5
2013-11-05,35.1
2013-11-06,39.0
2013-11-07,34.1
2013-11-08,31.4
2013-11-09,26.4
2013-11-10,25.1
2013-11-11,24.5
2013-11-12,21.0
2013-11-13,21.8
2013-11-14,22.4
2013-11-15,22.2
2013-11-16,22.9
2013-11-17,21.5
2013-11-18,25.8
2013-11-19,23.9
2013-11-20,21.9
2013-11-21,23.6
2013-11-22,24.6
2013-11-23,24.5
2013-11-24,24.7
2013-11-25,22.6
2013-11-26,24.4
2013-11-27,22.4
2013-11-28,19.4
2013-11-29,20.2
2013-11-30,19.2
2013-12-01,20.4
2013-12-02,29.2
2013-12-03,29.0
2013-12-04,30.4
2013-12-05,32.3
2013-12-06,46.3
2013-12-07,52.7
2013-12-08,49.0
2013-12-09,48.2
2013-12-10,54.1
2013-12-11,61.0
2013-12-12,70.4
2013-12-13,72.2
2013-12-14,62.1
2013-12-15,65.3
2013-12-16,62.5
2013-12-17,63.5
2013-12-18,64.9
2013-12-19,52.5
2013-12-20,44.5
2013-12-21,40.4
2013-12-22,34.9
2013-12-23,31.0
2013-12-24,28.2
2013-12-25,26.7
2013-12-26,26.8
2013-12-27,26.1
2013-12-28,24.1
2013-12-29,23.5
2013-12-30,24.4
2013-12-31,25.2
2014-01-01,24.8
2014-01-02,34.04
2014-01-03,22.9
2014-01-04,25.7
2014-01-05,31.9
2014-01-06,97.45
2014-01-07,40.8
2014-01-08,47.2
2014-01-09,78.4
2014-01-10,74.9
2014-01-11,63.5
2014-01-12,64.5
2014-01-13,59.8
2014-01-14,55.2
2014-01-15,58.9
2014-01-16,49.3
2014-01-17,54.0
2014-01-18,57.4
2014-01-19,101.46
2014-01-20,80.8
2014-01-21,84.1
2014-01-22,83.7
2014-01-23,105.26
2014-01-24,90.3
2014-01-25,90.3
2014-01-26,107.54
2014-01-27,58.9
2014-01-28,49.6
2014-01-29,55.5
2014-01-30,56.5
2014-01-31,51.24
2014-02-01,57.4
2014-02-02,52.81
2014-02-03,58.3
2014-02-04,65.5
2014-02-05,63.5
2014-02-06,56.79
2014-02-07,64.8
2014-02-08,67.1
2014-02-09,60.5
2014-02-10,59.37
2014-02-11,65.6
2014-02-12,69.2
2014-02-13,83.6
2014-02-14,86.98
2014-02-15,85.8
2014-02-16,85.7
2014-02-17,100.95
2014-02-18,85.1
2014-02-19,82.7
2014-02-20,70.8
2014-02-21,67.66
2014-02-22,81.2
2014-02-23,85.0
2014-02-24,128.94
2014-02-25,108.3
2014-02-26,92.7
2014-02-27,102.0
2014-02-28,119.92
2014-03-01,194.51
2014-03-02,102.2
2014-03-03,96.8
2014-03-04,119.92
2014-03-05,100.5
2014-03-06,104.1
2014-03-07,108.7
2014-03-08,139.65
2014-03-09,124.0
2014-03-10,124.7
2014-03-11,106.6
2014-03-12,117.11
2014-03-13,100.3
2014-03-14,108.9
2014-03-15,106.0
2014-03-16,124.03
2014-03-17,107.1
2014-03-18,109.9
2014-03-19,109.6
2014-03-20,167.9
2014-03-21,104.1
2014-03-22,108.1
2014-03-23,108.7
2014-03-24,106.5
2014-03-25,103.7
2014-03-26,101.74
2014-03-27,105.0
2014-03-28,107.2
2014-03-29,107.1
2014-03-30,101.6
2014-03-31,37.18
2014-04-01,86.6
2014-04-02,74.933
2014-04-03,90.25
2014-04-04,65.567
2014-04-05,67.7
2014-04-06,65.89
2014-04-07,68.733
2014-04-08,54.833
2014-04-09,58.267
2014-04-10,58.93
2014-04-11,51.533
2014-04-12,49.8
2014-04-13,47.433
2014-04-14,44.17
2014-04-15,45.2
2014-04-16,44.533
2014-04-17,43.267
2014-04-18,46.78
2014-04-19,43.8
2014-04-20,41.4
2014-04-21,39.533
2014-04-22,38.84
2014-04-23,42.633
2014-04-24,47.867
2014-04-25,48.467
2014-04-26,52.12
2014-04-27,48.333
2014-04-28,49.233
2014-04-29,44.567
2014-04-30,71.07
2014-05-01,54.8
2014-05-02,70.41
2014-05-03,48.667
2014-05-04,48.933
2014-05-05,83.19
2014-05-06,56.433
2014-05-07,60.233
2014-05-08,68.0
2014-05-09,86.867
2014-05-10,62.8
2014-05-11,95.37
2014-05-12,53.3
2014-05-13,46.4
2014-05-14,43.767
2014-05-15,63.56
2014-05-16,42.467
2014-05-17,38.367
2014-05-18,35.3
2014-05-19,34.267
2014-05-20,34.4
2014-05-21,45.433
2014-05-22,49.96
2014-05-23,34.167
2014-05-24,32.6
2014-05-25,31.7
2014-05-26,27.3
2014-05-27,28.1
2014-05-28,39.18
2014-05-29,25.133
2014-05-30,24.267
2014-05-31,34.88
2014-06-01,24.1
2014-06-02,50.91
2014-06-03,22.467
2014-06-04,22.067
2014-06-05,21.5
2014-06-06,44.3
2014-06-07,20.333
2014-06-08,20.2
2014-06-09,20.1
2014-06-10,19.6
2014-06-11,39.19
2014-06-12,19.067
2014-06-13,19.2
2014-06-14,18.667
2014-06-15,35.31
2014-06-16,18.333
2014-06-17,18.333
2014-06-18,18.2
2014-06-19,17.7
2014-06-20,18.433
2014-06-21,30.78
2014-06-22,18.8
2014-06-23,18.467
2014-06-24,18.3
2014-06-25,17.167
2014-06-26,36.85
2014-06-27,17.867
2014-06-28,18.0
2014-06-29,17.833
2014-06-30,39.19
2014-07-01,30.57
2014-07-02,17.133
2014-07-03,16.467
2014-07-04,16.167
2014-07-05,27.51
2014-07-06,16.167
2014-07-07,16.067
2014-07-08,15.733
2014-07-09,15.533
2014-07-10,20.97
2014-07-11,15.433
2014-07-12,14.933
2014-07-13,15.367
2014-07-14,15.467
2014-07-15,22.19
2014-07-16,14.8
2014-07-17,14.3
2014-07-18,12.66
2014-07-19,14.2
2014-07-20,14.133
2014-07-21,14.867
2014-07-22,15.04
2014-07-23,14.767
2014-07-24,14.767
2014-07-25,14.7
2014-07-26,14.667
2014-07-27,15.39
2014-07-28,14.8
2014-07-29,15.2
2014-07-30,14.743
2014-07-31,13.95
2014-08-01,14.867
2014-08-02,21.78
2014-08-03,14.8
2014-08-04,14.3
2014-08-05,13.967
2014-08-06,18.35
2014-08-07,13.9
2014-08-08,14.067
2014-08-09,14.2
2014-08-10,25.32
2014-08-11,14.667
2014-08-12,13.1
2014-08-13,13.033
2014-08-14,12.7
2014-08-15,13.867
2014-08-16,15.07
2014-08-17,12.133
2014-08-18,11.867
2014-08-19,11.6
2014-08-20,12.2
2014-08-21,11.933
2014-08-22,12.02
2014-08-23,12.5
2014-08-24,12.533
2014-08-25,11.833
2014-08-26,11.49
2014-08-27,11.3
2014-08-28,10.633
2014-08-29,10.933
2014-08-30,10.07
2014-08-31,10.8
2014-09-01,10.733
2014-09-02,16.41
2014-09-03,10.6
2014-09-04,11.033
2014-09-05,12.033
2014-09-06,12.767
2014-09-07,12.31
2014-09-08,12.133
2014-09-09,11.967
2014-09-10,11.833
2014-09-11,11.767
2014-09-12,12.2
2014-09-13,11.467
2014-09-14,11.467
2014-09-15,12.333
2014-09-16,10.9
2014-09-17,14.533
2014-09-18,16.667
2014-09-19,15.1
2014-09-20,19.21
2014-09-21,12.767
2014-09-22,13.3
2014-09-23,14.433
2014-09-24,14.167
2014-09-25,23.54
2014-09-26,14.467
2014-09-27,14.267
2014-09-28,14.433
2014-09-29,37.57
2014-09-30,15.133
2014-10-01,14.533
2014-10-02,37.14
2014-10-03,12.9
2014-10-04,12.367
2014-10-05,12.367
2014-10-06,30.92
2014-10-07,13.333
2014-10-08,13.9
2014-10-09,18.033
2014-10-10,24.967
2014-10-11,12.56
2014-10-12,20.133
2014-10-13,19.1
2014-10-14,15.633
2014-10-15,47.43
2014-10-16,16.233
2014-10-17,16.533
2014-10-18,14.667
2014-10-19,42.13
2014-10-20,16.233
2014-10-21,20.433
2014-10-22,22.567
2014-10-23,64.2
2014-10-24,22.933
2014-10-25,21.4
2014-10-26,20.0
2014-10-27,17.9
2014-10-28,17.8
2014-10-29,49.59
2014-10-30,18.933
2014-10-31,17.633
2014-11-01,16.8
2014-11-02,34.48
2014-11-03,15.733
2014-11-04,15.2
2014-11-05,15.041
2014-11-06,34.27
2014-11-07,17.037
2014-11-08,22.1
2014-11-09,22.033
2014-11-10,21.365
2014-11-11,63.09
2014-11-12,26.231
2014-11-13,25.28
2014-11-14,26.199
2014-11-15,53.84
2014-11-16,29.029
2014-11-17,31.135
2014-11-18,43.248
2014-11-19,30.166
2014-11-20,49.61
2014-11-21,24.218
2014-11-22,21.883
2014-11-23,20.792
2014-11-24,19.994
2014-11-25,45.66
2014-11-26,18.249
2014-11-27,17.693
2014-11-28,17.306
2014-11-29,30.12
2014-11-30,16.974
2014-12-01,16.967
2014-12-02,43.0
2014-12-03,17.933
2014-12-04,20.733
2014-12-05,23.233
2014-12-06,55.1
2014-12-07,19.867
2014-12-08,22.2
2014-12-09,35.7
2014-12-10,83.88
2014-12-11,43.267
2014-12-12,37.167
2014-12-13,38.8
2014-12-14,102.32
2014-12-15,43.667
2014-12-16,41.667
2014-12-17,43.733
2014-12-18,38.133
2014-12-19,113.69
2014-12-20,41.967
2014-12-21,37.0
2014-12-22,33.333
2014-12-23,92.18
2014-12-24,35.767
2014-12-25,35.733
2014-12-26,38.833
2014-12-27,118.71
2014-12-28,49.333
2014-12-29,69.833
2014-12-30,162.36
2014-12-31,84.033
2015-01-01,82.8
2015-01-02,81.2
2015-01-03,152.76
2015-01-04,66.2
2015-01-05,62.6
2015-01-06,66.2
2015-01-07,111.76
2015-01-08,65.2
2015-01-09,59.7
2015-01-10,63.4
2015-01-11,56.1
2015-01-12,92.169
2015-01-13,51.4
2015-01-14,45.5
2015-01-15,41.5
2015-01-16,68.875
2015-01-17,34.8
2015-01-18,39.5
2015-01-19,45.9
2015-01-20,53.2
2015-01-21,72.3
2015-01-22,211.12
2015-01-23,88.4
2015-01-24,91.2
2015-01-25,104.1
2015-01-26,222.04
2015-01-27,98.3
2015-01-28,85.8
2015-01-29,85.3
2015-01-30,171.06
2015-01-31,101.9
2015-02-01,94.2
2015-02-02,179.49
2015-02-03,98.4
2015-02-04,80.9
2015-02-05,74.2
2015-02-06,87.94
2015-02-07,73.5
2015-02-08,71.5
2015-02-09,80.1
2015-02-10,102.78
2015-02-11,59.5
2015-02-12,60.8
2015-02-13,70.6
2015-02-14,106.97
2015-02-15,63.0
2015-02-16,92.2
2015-02-17,88.3
2015-02-18,73.0
2015-02-19,93.02
2015-02-20,60.0
2015-02-21,54.0
2015-02-22,53.6
2015-02-23,65.08
2015-02-24,62.6
2015-02-25,69.5
2015-02-26,60.5
2015-02-27,82.95
2015-02-28,61.5
2015-03-01,101.66
2015-03-02,78.6
2015-03-03,101.5
2015-03-04,102.1
2015-03-05,203.49
2015-03-06,101.8
2015-03-07,100.4
2015-03-08,95.9
2015-03-09,84.4
2015-03-10,112.17
2015-03-11,72.2
2015-03-12,73.7
2015-03-13,72.3
2015-03-14,67.3
2015-03-15,106.97
2015-03-16,66.1
2015-03-17,68.6
2015-03-18,83.3
2015-03-19,105.0
2015-03-20,181.45
2015-03-21,104.0
2015-03-22,114.0
2015-03-23,111.8
2015-03-24,106.7
2015-03-25,137.75
2015-03-26,103.7
2015-03-27,97.0
2015-03-28,88.3
2015-03-29,116.99
2015-03-30,84.1
2015-03-31,83.33
2015-04-01,72.2
2015-04-02,111.08
2015-04-03,75.0
2015-04-04,71.0
2015-04-05,74.7
2015-04-06,97.36
2015-04-07,66.9
2015-04-08,63.9
2015-04-09,66.6
2015-04-10,64.6
2015-04-11,92.1
2015-04-12,83.5
2015-04-13,74.0
2015-04-14,72.8
2015-04-15,100.68
2015-04-16,79.8
2015-04-17,71.9
2015-04-18,64.7
2015-04-19,76.87
2015-04-20,57.1
2015-04-21,57.5
2015-04-22,63.9
2015-04-23,63.7
2015-04-24,83.34
2015-04-25,57.7
2015-04-26,54.8
2015-04-27,62.83
2015-04-28,44.8
2015-04-29,47.6
2015-04-30,62.03
2015-05-01,45.5
2015-05-02,82.45
2015-05-03,43.4
2015-05-04,44.7
2015-05-05,44.8
2015-05-06,61.55
2015-05-07,40.9
2015-05-08,37.5
2015-05-09,31.1
2015-05-10,30.1
2015-05-11,51.45
2015-05-12,26.6
2015-05-13,26.6
2015-05-14,26.6
2015-05-15,47.09
2015-05-16,30.0
2015-05-17,33.2
2015-05-18,35.1
2015-05-19,38.6
2015-05-20,55.16
2015-05-21,36.7
2015-05-22,33.1
2015-05-23,32.2
2015-05-24,30.0
2015-05-25,29.7
2015-05-26,42.02
2015-05-27,28.5
2015-05-28,27.6
2015-05-29,27.1
2015-05-30,35.26
2015-05-31,26.4
2015-06-01,27.0
2015-06-02,40.101
2015-06-03,26.8
2015-06-04,26.6
2015-06-05,39.406
2015-06-06,23.7
2015-06-07,22.5
2015-06-08,22.0
2015-06-09,21.3
2015-06-10,33.139
2015-06-11,20.1
2015-06-12,19.9
2015-06-13,19.7
2015-06-14,19.4
2015-06-15,26.98
2015-06-16,18.6
2015-06-17,18.9
2015-06-18,18.2
2015-06-19,18.0
2015-06-20,20.216
2015-06-21,18.6
2015-06-22,18.0
2015-06-23,17.2
2015-06-24,16.8
2015-06-25,18.33
2015-06-26,16.5
2015-06-27,16.2
2015-06-28,16.0
2015-06-29,16.1
2015-06-30,17.9
2015-07-01,16.6
2015-07-02,32.22
2015-07-03,16.6
2015-07-04,16.6
2015-07-05,23.68
2015-07-06,16.4
2015-07-07,16.3
2015-07-08,16.3
2015-07-09,28.89
2015-07-10,15.6
2015-07-11,15.8
2015-07-12,15.3
2015-07-13,29.64
2015-07-14,15.7
2015-07-15,15.6
2015-07-16,15.4
2015-07-17,15.5
2015-07-18,37.08
2015-07-19,15.3
2015-07-20,15.0
2015-07-21,14.8
2015-07-22,14.9
2015-07-23,26.79
2015-07-24,14.5
2015-07-25,14.5
2015-07-26,14.6
2015-07-27,25.72
2015-07-28,14.2
2015-07-29,14.1
2015-07-30,14.2
2015-07-31,29.74
2015-08-01,14.1
2015-08-02,35.36
2015-08-03,13.5
2015-08-04,13.0
2015-08-05,13.5
2015-08-06,35.98
2015-08-07,13.6
2015-08-08,14.2
2015-08-09,13.9
2015-08-10,13.9
2015-08-11,26.43
2015-08-12,13.4
2015-08-13,13.9
2015-08-14,13.1
2015-08-15,13.3
2015-08-16,19.14
2015-08-17,12.7
2015-08-18,12.3
2015-08-19,11.9
2015-08-20,11.9
2015-08-21,23.12
2015-08-22,12.5
2015-08-23,12.9
2015-08-24,12.7
2015-08-25,12.3
2015-08-26,22.09
2015-08-27,12.9
2015-08-28,12.9
2015-08-29,12.3
2015-08-30,22.35
2015-08-31,11.5
2015-09-01,11.5
2015-09-02,19.38
2015-09-03,11.8
2015-09-04,11.8
2015-09-05,11.6
2015-09-06,11.7
2015-09-07,28.26
2015-09-08,11.9
2015-09-09,12.3
2015-09-10,13.5
2015-09-11,18.84
2015-09-12,14.0
2015-09-13,13.8
2015-09-14,13.9
2015-09-15,14.0
2015-09-16,14.1
2015-09-17,15.21
2015-09-18,15.0
2015-09-19,15.3
2015-09-20,15.6
2015-09-21,18.84
2015-09-22,15.1
2015-09-23,15.6
2015-09-24,14.9
2015-09-25,14.7
2015-09-26,20.69
2015-09-27,14.3
2015-09-28,15.0
2015-09-29,14.6
2015-09-30,24.33
2015-10-01,13.5
2015-10-02,13.3
2015-10-03,17.67
2015-10-04,15.2
2015-10-05,17.8
2015-10-06,16.7
2015-10-07,17.67
2015-10-08,14.9
2015-10-09,15.3
2015-10-10,14.3
2015-10-11,18.61
2015-10-12,16.1
2015-10-13,16.1
2015-10-14,15.7
2015-10-15,16.2
2015-10-16,16.86
2015-10-17,15.8
2015-10-18,17.0
2015-10-19,15.7
2015-10-20,13.9
2015-10-21,21.31
2015-10-22,16.3
2015-10-23,16.8
2015-10-24,16.3
2015-10-25,14.7
2015-10-26,31.76
2015-10-27,19.0
2015-10-28,17.1
2015-10-29,22.3
2015-10-30,55.71
2015-10-31,29.4
2015-11-01,23.9
2015-11-02,49.16
2015-11-03,17.9
2015-11-04,16.4
2015-11-05,15.4
2015-11-06,39.5
2015-11-07,18.0
2015-11-08,18.6
2015-11-09,26.0
2015-11-10,35.8
2015-11-11,31.58
2015-11-12,25.9
2015-11-13,27.5
2015-11-14,26.0
2015-11-15,27.4
2015-11-16,80.67
2015-11-17,37.4
2015-11-18,42.2
2015-11-19,43.4
2015-11-20,35.5
2015-11-21,72.35
2015-11-22,28.7
2015-11-23,32.3
2015-11-24,24.5
2015-11-25,53.33
2015-11-26,22.2
2015-11-27,20.9
2015-11-28,38.1
2015-11-29,45.34
2015-11-30,32.5
2015-12-01,61.75
2015-12-02,35.8
2015-12-03,29.3
2015-12-04,33.1
2015-12-05,47.386
2015-12-06,34.5
2015-12-07,30.3
2015-12-08,25.1
2015-12-09,23.0
2015-12-10,50.22
2015-12-11,32.4
2015-12-12,27.0
2015-12-13,24.7
2015-12-14,22.4
2015-12-15,38.66
2015-12-16,20.5
2015-12-17,20.6
2015-12-18,23.1
2015-12-19,35.1
2015-12-20,61.89
2015-12-21,37.7
2015-12-22,34.7
2015-12-23,44.8
2015-12-24,52.5
2015-12-25,94.097
2015-12-26,62.8
2015-12-27,59.1
2015-12-28,67.4
2015-12-29,64.6
2015-12-30,131.17
2015-12-31,62.6
2016-01-01,59.5
2016-01-02,125.67
2016-01-03,45.8
2016-01-04,36.7
2016-01-05,36.4
2016-01-06,80.37
2016-01-07,40.9
2016-01-08,38.0
2016-01-09,35.1
2016-01-10,54.42
2016-01-11,30.9
2016-01-12,29.1
2016-01-13,26.6
2016-01-14,26.0
2016-01-15,42.63
2016-01-16,24.1
2016-01-17,22.8
2016-01-18,24.7
2016-01-19,26.8
2016-01-20,92.05
2016-01-21,33.5
2016-01-22,33.5
2016-01-23,32.5
2016-01-24,26.2
2016-01-25,44.83
2016-01-26,27.6
2016-01-27,29.1
2016-01-28,24.4
2016-01-29,26.4
2016-01-30,38.8
2016-01-31,57.79
2016-02-01,35.8
2016-02-02,53.89
2016-02-03,53.0
2016-02-04,72.4
2016-02-05,68.0
2016-02-06,71.23
2016-02-07,46.4
2016-02-08,49.0
2016-02-09,59.9
2016-02-10,66.1
2016-02-11,77.68
2016-02-12,65.2
2016-02-13,75.0
2016-02-14,59.9
2016-02-15,88.179
2016-02-16,45.6
2016-02-17,39.9
2016-02-18,46.2
2016-02-19,47.6
2016-02-20,99.404
2016-02-21,58.0
2016-02-22,45.3
2016-02-23,54.7
2016-02-24,55.3
2016-02-25,136.25
2016-02-26,77.7
2016-02-27,82.2
2016-02-28,78.4
2016-02-29,204.1
2016-03-01,157.2
2016-03-02,198.4
2016-03-03,109.2
2016-03-04,86.5
2016-03-05,64.4
2016-03-06,192.25
2016-03-07,67.5
2016-03-08,84.7
2016-03-09,81.7
2016-03-10,80.3
2016-03-11,87.8
2016-03-12,122.14
2016-03-13,74.4
2016-03-14,63.3
2016-03-15,82.8
2016-03-16,86.62
2016-03-17,60.6
2016-03-18,56.8
2016-03-19,49.3
2016-03-20,46.5
2016-03-21,64.2
2016-03-22,43.9
2016-03-23,43.2
2016-03-24,43.1
2016-03-25,51.98
2016-03-26,38.5
2016-03-27,38.0
2016-03-28,41.4
2016-03-29,41.3
2016-03-30,62.86
2016-03-31,46.7
2016-04-01,42.6
2016-04-02,7.98
2016-04-03,50.7
2016-04-04,74.0
2016-04-05,46.9
2016-04-06,91.29
2016-04-07,43.9
2016-04-08,38.5
2016-04-09,67.7
2016-04-10,116.7
2016-04-11,59.9
2016-04-12,56.6
2016-04-13,53.7
2016-04-14,50.1
2016-04-15,80.79
2016-04-16,35.2
2016-04-17,47.5
2016-04-18,50.7
2016-04-19,49.7
2016-04-20,92.67
2016-04-21,51.8
2016-04-22,46.0
2016-04-23,59.0
2016-04-24,53.4
2016-04-25,46.5
2016-04-26,77.78
2016-04-27,35.5
2016-04-28,32.0
2016-04-29,31.7
2016-04-30,61.94
2016-05-01,30.4
2016-05-02,28.8
2016-05-03,55.13
2016-05-04,25.4
2016-05-05,24.8
2016-05-06,23.9
2016-05-07,23.5
2016-05-08,51.11
2016-05-09,22.5
2016-05-10,21.5
2016-05-11,21.3
2016-05-12,48.45
2016-05-13,20.4
2016-05-14,19.8
2016-05-15,19.8
2016-05-16,46.74
2016-05-17,18.8
2016-05-18,21.1
2016-05-19,19.2
2016-05-20,51.11
2016-05-21,18.0
2016-05-22,19.0
2016-05-23,19.3
2016-05-24,20.2
2016-05-25,39.62
2016-05-26,17.6
2016-05-27,17.2
2016-05-28,16.9
2016-05-29,16.6
2016-05-30,31.7
2016-05-31,16.5
2016-06-01,16.3
2016-06-02,44.47
2016-06-03,16.2
2016-06-04,16.0
2016-06-05,33.7
2016-06-06,15.5
2016-06-07,15.1
2016-06-08,15.1
2016-06-09,15.5
2016-06-10,15.6
2016-06-11,31.92
2016-06-12,15.2
2016-06-13,15.1
2016-06-14,14.9
2016-06-15,33.7
2016-06-16,14.6
2016-06-17,14.1
2016-06-18,14.0
2016-06-19,14.1
2016-06-20,30.14
2016-06-21,13.6
2016-06-22,13.7
2016-06-23,13.7
2016-06-24,13.7
2016-06-25,26.16
2016-06-26,13.3
2016-06-27,13.3
2016-06-28,13.2
2016-06-29,13.1
2016-06-30,28.31
2016-07-01,39.39
2016-07-02,13.0
2016-07-03,12.7
2016-07-04,12.7
2016-07-05,33.44
2016-07-06,12.0
2016-07-07,11.9
2016-07-08,12.0
2016-07-09,11.9
2016-07-10,28.42
2016-07-11,12.1
2016-07-12,11.8
2016-07-13,11.5
2016-07-14,11.3
2016-07-15,30.84
2016-07-16,10.9
2016-07-17,10.8
2016-07-18,11.1
2016-07-19,11.0
2016-07-20,35.22
2016-07-21,10.0
2016-07-22,9.6
2016-07-23,9.6
2016-07-24,9.6
2016-07-25,33.0
2016-07-26,10.1
2016-07-27,10.5
2016-07-28,10.5
2016-07-29,10.2
2016-07-30,25.99
2016-07-31,10.2
2016-08-01,33.66
2016-08-02,9.7
2016-08-03,9.9
2016-08-04,9.8
2016-08-05,36.11
2016-08-06,12.2
2016-08-07,11.4
2016-08-08,12.1
2016-08-09,12.6
2016-08-10,12.9
2016-08-11,25.99
2016-08-12,12.5
2016-08-13,12.8
2016-08-14,11.9
2016-08-15,11.8
2016-08-16,26.29
2016-08-17,11.9
2016-08-18,12.3
2016-08-19,12.4
2016-08-20,11.2
2016-08-21,30.69
2016-08-22,11.0
2016-08-23,11.0
2016-08-24,11.0
2016-08-25,10.9
2016-08-26,20.06
2016-08-27,10.3
2016-08-28,10.9
2016-08-29,11.0
2016-08-30,11.0
2016-08-31,23.8
2016-09-01,10.3
2016-09-02,21.517
2016-09-03,10.0
2016-09-04,10.2
2016-09-05,10.5
2016-09-06,18.475
2016-09-07,10.5
2016-09-08,10.9
2016-09-09,10.5
2016-09-10,20.947
2016-09-11,13.1
2016-09-12,13.1
2016-09-13,13.0
2016-09-14,12.7
2016-09-15,22.382
2016-09-16,14.0
2016-09-17,12.8
2016-09-18,11.9
2016-09-19,11.8
2016-09-20,27.941
2016-09-21,12.5
2016-09-22,13.1
2016-09-23,12.1
2016-09-24,12.5
2016-09-25,18.346
2016-09-26,15.0
2016-09-27,14.1
2016-09-28,13.1
2016-09-29,13.2
2016-09-30,16.919
2016-10-01,12.6
2016-10-02,21.44
2016-10-03,17.1
2016-10-04,16.1
2016-10-05,15.6
2016-10-06,21.19
2016-10-07,21.5
2016-10-08,18.1
2016-10-09,16.4
2016-10-10,19.55
2016-10-11,16.4
2016-10-12,16.2
2016-10-13,14.8
2016-10-14,15.4
2016-10-15,15.6
2016-10-16,17.85
2016-10-17,17.4
2016-10-18,15.9
2016-10-19,14.7
2016-10-20,22.73
2016-10-21,15.2
2016-10-22,14.5
2016-10-23,14.2
2016-10-24,13.2
2016-10-25,36.07
2016-10-26,12.9
2016-10-27,12.8
2016-10-28,12.1
2016-10-29,14.7
2016-10-30,47.85
2016-10-31,12.2
2016-11-01,14.3
2016-11-02,30.8
2016-11-03,21.0
2016-11-04,23.1
2016-11-05,22.9
2016-11-06,26.37
2016-11-07,18.8
2016-11-08,24.3
2016-11-09,24.1
2016-11-10,32.18
2016-11-11,19.4
2016-11-12,18.0
2016-11-13,17.6
2016-11-14,27.73
2016-11-15,21.6
2016-11-16,18.9
2016-11-17,17.4
2016-11-18,36.11
2016-11-19,23.1
2016-11-20,23.2
2016-11-21,25.9
2016-11-22,32.0
2016-11-23,42.05
2016-11-24,20.5
2016-11-25,20.4
2016-11-26,19.7
2016-11-27,19.3
2016-11-28,36.93
2016-11-29,27.5
2016-11-30,40.3
2016-12-01,37.61
2016-12-02,14.3
2016-12-03,17.6
2016-12-04,21.0
2016-12-05,49.77
2016-12-06,22.9
2016-12-07,20.1
2016-12-08,18.8
2016-12-09,24.3
2016-12-10,44.89
2016-12-11,20.1
2016-12-12,19.4
2016-12-13,18.0
2016-12-14,17.6
2016-12-15,55.33
2016-12-16,21.6
2016-12-17,18.9
2016-12-18,17.4
2016-12-19,18.5
2016-12-20,89.4
2016-12-21,23.2
2016-12-22,25.9
2016-12-23,32.0
2016-12-24,25.4
2016-12-25,94.83
2016-12-26,20.4
2016-12-27,19.7
2016-12-28,19.3
2016-12-29,23.6
2016-12-30,76.95
2016-12-31,40.3
2017-01-01,53.0
2017-01-02,77.56
2017-01-03,51.1
2017-01-04,50.1
2017-01-05,39.6
2017-01-06,71.13
2017-01-07,55.0
2017-01-08,63.7
2017-01-09,47.0
2017-01-10,37.6
2017-01-11,86.45
2017-01-12,56.4
2017-01-13,71.6
2017-01-14,71.7
2017-01-15,77.2
2017-01-16,143.12
2017-01-17,79.9
2017-01-18,77.5
2017-01-19,67.3
2017-01-20,61.0
2017-01-21,111.91
2017-01-22,48.0
2017-01-23,67.2
2017-01-24,65.7
2017-01-25,74.6
2017-01-26,170.24
2017-01-27,76.5
2017-01-28,71.6
2017-01-29,64.3
2017-01-30,55.6
2017-01-31,94.73
2017-02-01,54.1
2017-02-02,72.23
2017-02-03,50.3
2017-02-04,64.4
2017-02-05,65.9
2017-02-06,66.4
2017-02-07,75.92
2017-02-08,66.6
2017-02-09,72.9
2017-02-10,74.0
2017-02-11,104.72
2017-02-12,74.6
2017-02-13,77.5
2017-02-14,70.5
2017-02-15,82.7
2017-02-16,83.4
2017-02-17,115.32
2017-02-18,78.7
2017-02-19,79.7
2017-02-20,77.8
2017-02-21,95.4
2017-02-22,161.02
2017-02-23,98.8
2017-02-24,82.5
2017-02-25,82.0
2017-02-26,79.1
2017-02-27,209.8
2017-02-28,86.9
2017-03-01,92.9
2017-03-02,75.7
2017-03-03,95.4
2017-03-04,91.3
2017-03-05,107.4
2017-03-06,86.7
2017-03-07,88.9
2017-03-08,83.9
2017-03-09,82.1
2017-03-10,61.6
2017-03-11,166.4
2017-03-12,165.6
2017-03-13,139.2
2017-03-14,112.3
2017-03-15,117.9
2017-03-16,170.7
2017-03-17,173.6
2017-03-18,160.5
2017-03-19,125.3
2017-03-20,100.0
2017-03-21,91.0
2017-03-22,79.3
2017-03-23,77.6
2017-03-24,111.7
2017-03-25,107.0
2017-03-26,100.6
2017-03-27,109.5
2017-03-28,98.2
2017-03-29,91.9
2017-03-30,101.6
2017-03-31,104.1
2017-04-01,92.3
2017-04-02,78.1
2017-04-03,67.8
2017-04-04,107.1
2017-04-05,97.2
2017-04-06,82.8
2017-04-07,56.3
2017-04-08,61.6
2017-04-09,58.4
2017-04-10,57.3
2017-04-11,63.4
2017-04-12,62.4
2017-04-13,64.6
2017-04-14,60.7
2017-04-15,55.1
2017-04-16,55.9
2017-04-17,50.6
2017-04-18,50.5
2017-04-19,45.3
2017-04-20,47.5
2017-04-21,45.4
2017-04-22,42.4
2017-04-23,41.7
2017-04-24,42.6
2017-04-25,43.6
2017-04-26,38.1
2017-04-27,36.0
2017-04-28,37.0
2017-04-29,47.6
2017-04-30,46.9
2017-05-01,46.6
2017-05-02,36.4
2017-05-03,31.9
2017-05-04,33.3
2017-05-05,31.3
2017-05-06,28.7
2017-05-07,28.6
2017-05-08,31.9
2017-05-09,35.3
2017-05-10,34.4
2017-05-11,45.7
2017-05-12,44.5
2017-05-13,39.6
2017-05-14,39.1
2017-05-15,42.3
2017-05-16,45.8
2017-05-17,44.3
2017-05-18,43.3
2017-05-19,44.4
2017-05-20,43.1
2017-05-21,42.2
2017-05-22,43.9
2017-05-23,41.6
2017-05-24,41.4
2017-05-25,33.5
2017-05-26,38.5
2017-05-27,38.7
2017-05-28,39.1
2017-05-29,37.5
2017-05-30,36.6
2017-05-31,36.1
2017-06-01,33.2
2017-06-02,33.2
2017-06-03,32.7
2017-06-04,32.7
2017-06-05,32.6
2017-06-06,31.5
2017-06-07,29.7
2017-06-08,30.1
2017-06-09,29.0
2017-06-10,28.9
2017-06-11,29.1
2017-06-12,27.0
2017-06-13,26.6
2017-06-14,26.6
2017-06-15,25.9
2017-06-16,24.4
2017-06-17,23.9
2017-06-18,23.7
2017-06-19,22.8
2017-06-20,23.8
2017-06-21,23.3
2017-06-22,24.2
2017-06-23,23.0
2017-06-24,20.3
2017-06-25,20.7
2017-06-26,22.2
2017-06-27,22.3
2017-06-28,22.1
2017-06-29,22.1
2017-06-30,18.5
2017-07-01,17.3
2017-07-02,18.6
2017-07-03,18.8
2017-07-04,17.2
2017-07-05,16.2
2017-07-06,16.0
2017-07-07,17.5
2017-07-08,17.3
2017-07-09,17.7
2017-07-10,16.6
2017-07-11,16.5
2017-07-12,16.1
2017-07-13,15.8
2017-07-14,15.6
2017-07-15,15.8
2017-07-16,15.6
2017-07-17,15.3
2017-07-18,15.1
2017-07-19,15.1
2017-07-20,15.6
2017-07-21,15.3
2017-07-22,14.9
2017-07-23,14.8
2017-07-24,14.4
2017-07-25,14.1
2017-07-26,14.1
2017-07-27,13.9
2017-07-28,13.7
2017-07-29,13.7
2017-07-30,13.4
2017-07-31,13.7
2017-08-01,13.6
2017-08-02,13.9
2017-08-03,13.8
2017-08-04,14.5
2017-08-05,13.4
2017-08-06,13.1
2017-08-07,13.1
2017-08-08,12.9
2017-08-09,12.8
2017-08-10,11.9
2017-08-11,11.7
2017-08-12,11.7
2017-08-13,11.9
2017-08-14,12.2
2017-08-15,11.9
2017-08-16,12.3
2017-08-17,12.2
2017-08-18,13.0
2017-08-19,11.4
2017-08-20,11.4
2017-08-21,11.0
2017-08-22,11.3
2017-08-23,11.3
2017-08-24,11.3
2017-08-25,11.1
2017-08-26,11.4
2017-08-27,11.2
2017-08-28,11.5
2017-08-29,11.8
2017-08-30,11.8
2017-08-31,11.0
2017-09-01,10.5
2017-09-02,10.2
2017-09-03,9.9
2017-09-04,10.9
2017-09-05,10.9
2017-09-06,11.6
2017-09-07,11.3
2017-09-08,11.3
2017-09-09,11.2
2017-09-10,11.2
2017-09-11,11.2
2017-09-12,11.2
2017-09-13,11.0
2017-09-14,11.2
2017-09-15,11.2
2017-09-16,11.2
2017-09-17,11.0
2017-09-18,12.0
2017-09-19,12.0
2017-09-20,11.0
2017-09-21,11.0
2017-09-22,11.0
2017-09-23,11.0
2017-09-24,11.0
2017-09-25,11.0
2017-09-26,11.0
2017-09-27,11.0
2017-09-28,11.0
2017-09-29,11.0
2017-09-30,11.0
2017-10-01,11.5
2017-10-02,11.5
2017-10-03,11.5
2017-10-04,13.5
2017-10-05,13.3
2017-10-06,12.9
2017-10-07,12.3
2017-10-08,13.1
2017-10-09,13.6
2017-10-10,13.6
2017-10-11,13.0
2017-10-12,13.3
2017-10-13,12.6
2017-10-14,12.8
2017-10-15,12.2
2017-10-16,16.0
2017-10-17,14.7
2017-10-18,14.2
2017-10-19,13.1
2017-10-20,12.2
2017-10-21,14.3
2017-10-22,17.1
2017-10-23,21.2
2017-10-24,24.0
2017-10-25,20.7
2017-10-26,19.3
2017-10-27,18.5
2017-10-28,21.9
2017-10-29,21.0
2017-10-30,23.6
2017-10-31,22.3
2017-11-01,23.36
2017-11-02,19.55
2017-11-03,19.48
2017-11-04,17.54
2017-11-05,16.7
2017-11-06,16.32
2017-11-07,16.38
2017-11-08,16.25
2017-11-09,16.132
2017-11-10,17.14
2017-11-11,17.53
2017-11-12,17.39
2017-11-13,17.45
2017-11-14,17.42
2017-11-15,15.55
2017-11-16,14.55
2017-11-17,14.32
2017-11-18,12.4
2017-11-19,14.89
2017-11-20,14.48
2017-11-21,13.36
2017-11-22,13.51
2017-11-23,14.15
2017-11-24,20.56
2017-11-25,22.87
2017-11-26,20.97
2017-11-27,18.75
2017-11-28,18.14
2017-11-29,17.89
2017-11-30,18.16
2017-12-01,18.45
2017-12-02,22.1
2017-12-03,23.29
2017-12-04,21.44
2017-12-05,51.3
2017-12-06,26.07
2017-12-07,26.17
2017-12-08,26.2
2017-12-09,26.29
2017-12-10,46.06
2017-12-11,26.43
2017-12-12,26.59
2017-12-13,23.28
2017-12-14,22.17
2017-12-15,41.92
2017-12-16,43.49
2017-12-17,35.9
2017-12-18,44.5
2017-12-19,33.16
2017-12-20,48.42
2017-12-21,27.99
2017-12-22,26.35
2017-12-23,23.86
2017-12-24,24.88
2017-12-25,56.32
2017-12-26,22.69
2017-12-27,26.75
2017-12-28,35.83
2017-12-29,40.85
2017-12-30,68.22
2017-12-31,36.77
2018-01-01,31.53
2018-01-02,27.91
2018-01-03,23.82
2018-01-04,22.06
2018-01-05,21.82
2018-01-06,24.45
2018-01-07,27.38
2018-01-08,34.99
2018-01-09,34.87
2018-01-10,62.03
2018-01-11,65.55
2018-01-12,63.32
2018-01-13,75.41
2018-01-14,67.69
2018-01-15,70.09
2018-01-16,72.14
2018-01-17,74.36
2018-01-18,78.53
2018-01-19,81.48
2018-01-20,70.97
2018-01-21,67.05
2018-01-22,79.55
2018-01-23,77.82
2018-01-24,87.93
2018-01-25,80.23
2018-01-26,81.86
2018-01-27,74.95
2018-01-28,68.05
2018-01-29,57.54
2018-01-30,57.84
2018-01-31,51.69
2018-02-01,54.99
2018-02-02,65.25
2018-02-03,66.0
2018-02-04,49.41
2018-02-05,44.42
2018-02-06,47.22
2018-02-07,51.86
2018-02-08,62.64
2018-02-09,58.97
2018-02-10,52.34
2018-02-11,49.06
2018-02-12,42.91
2018-02-13,45.7
2018-02-14,68.54
2018-02-15,66.75
2018-02-16,85.16
2018-02-17,84.48
2018-02-18,83.85
2018-02-19,86.32
2018-02-20,90.17
2018-02-21,76.32
2018-02-22,64.46
2018-02-23,56.99
2018-02-24,54.28
2018-02-25,50.78
2018-02-26,59.54
2018-02-27,63.84
2018-02-28,60.26
2018-03-01,66.33
2018-03-02,85.81
2018-03-03,88.68
2018-03-04,77.34
2018-03-05,77.96
2018-03-06,84.7
2018-03-07,87.81
2018-03-08,86.7
2018-03-09,84.92
2018-03-10,98.86
2018-03-11,82.33
2018-03-12,75.35
2018-03-13,76.14
2018-03-14,81.45
2018-03-15,82.0
2018-03-16,82.72
2018-03-17,90.18
2018-03-18,84.21
2018-03-19,104.38
2018-03-20,74.14
2018-03-21,101.12
2018-03-22,98.65
2018-03-23,100.91
2018-03-24,108.29
2018-03-25,99.44
2018-03-26,93.67
2018-03-27,116.42
2018-03-28,115.301
2018-03-29,87.535
2018-03-30,100.9
2018-03-31,92.6
2018-04-01,85.4
2018-04-02,81.85
2018-04-03,84.73
2018-04-04,85.15
2018-04-05,82.69
2018-04-06,95.69
2018-04-07,87.32
2018-04-08,84.54
2018-04-09,91.49
2018-04-10,92.42
2018-04-11,95.89
2018-04-12,85.01
2018-04-13,80.34
2018-04-14,78.03
2018-04-15,78.6
2018-04-16,67.9
2018-04-17,67.12
2018-04-18,60.85
2018-04-19,52.13
2018-04-20,50.48
2018-04-21,47.16
2018-04-22,46.98
2018-04-23,47.19
2018-04-24,48.25
2018-04-25,61.2
2018-04-26,60.02
2018-04-27,59.28
2018-04-28,56.12
2018-04-29,52.85
2018-04-30,50.13
2018-05-01,48.43
2018-05-02,51.52
2018-05-03,45.13
2018-05-04,40.75
2018-05-05,44.43
2018-05-06,42.05
2018-05-07,47.61
2018-05-08,49.88
2018-05-09,45.72
2018-05-10,44.27
2018-05-11,42.3
2018-05-12,27.55
2018-05-13,40.01
2018-05-14,37.29
2018-05-15,34.09
2018-05-16,33.02
2018-05-17,34.68
2018-05-18,38.92
2018-05-19,38.9
2018-05-20,36.03
2018-05-21,31.09
2018-05-22,28.96
2018-05-23,28.87
2018-05-24,28.0
2018-05-25,26.6
2018-05-26,26.09
2018-05-27,24.16
2018-05-28,23.19
2018-05-29,23.19
2018-05-30,22.4
2018-05-31,21.88
2018-06-01,21.21
2018-06-02,19.72
2018-06-03,19.72
2018-06-04,25.2
2018-06-05,25.55
2018-06-06,22.75
2018-06-07,22.06
2018-06-08,19.36
2018-06-09,19.16
2018-06-10,18.84
2018-06-11,18.84
2018-06-12,18.44
2018-06-13,18.32
2018-06-14,18.36
2018-06-15,18.24
2018-06-16,17.05
2018-06-17,15.9
2018-06-18,15.74
2018-06-19,15.28
2018-06-20,15.13
2018-06-21,14.91
2018-06-22,14.4
2018-06-23,13.95
2018-06-24,13.81
2018-06-25,14.1
2018-06-26,13.81
2018-06-27,13.88
2018-06-28,13.58
2018-06-29,13.44
2018-06-30,13.45
2018-07-01,13.44
2018-07-02,12.85
2018-07-03,12.33
2018-07-04,24.54
2018-07-05,24.55
2018-07-06,12.77
2018-07-07,12.63
2018-07-08,12.56
2018-07-09,12.56
2018-07-10,12.33
2018-07-11,12.1
2018-07-12,14.25
2018-07-13,14.76
2018-07-14,15.6
2018-07-15,15.21
2018-07-16,15.13
2018-07-17,14.84
2018-07-18,17.21
2018-07-19,16.06
2018-07-20,17.01
2018-07-21,16.06
2018-07-22,16.14
2018-07-23,17.25
2018-07-24,17.29
2018-07-25,17.09
2018-07-26,15.98
2018-07-27,15.82
2018-07-28,18.6
2018-07-29,18.64
2018-07-30,18.64
2018-07-31,18.56
2018-08-01,18.52
2018-08-02,18.48
2018-08-03,18.52
2018-08-04,18.4
2018-08-05,17.29
2018-08-06,17.01
2018-08-07,17.16
2018-08-08,18.24
2018-08-09,18.24
2018-08-10,17.01
2018-08-11,15.82
2018-08-12,15.67
2018-08-13,15.79
2018-08-14,15.5
2018-08-15,15.9
2018-08-16,15.75
2018-08-17,15.6
2018-08-18,18.24
2018-08-19,13.31
2018-08-20,9.85
2018-08-21,16.85
2018-08-22,15.9
2018-08-23,18.28
2018-08-24,17.01
2018-08-25,15.67
2018-08-26,15.89
2018-08-27,15.43
2018-08-28,16.22
2018-08-29,15.98
2018-08-30,15.28
2018-08-31,14.84
2018-09-01,14.76
2018-09-02,15.43
2018-09-03,15.13
2018-09-04,14.99
2018-09-05,14.99
2018-09-06,14.69
2018-09-07,15.06
2018-09-08,14.91
2018-09-09,14.84
2018-09-10,14.54
2018-09-11,14.25
2018-09-12,13.44
2018-09-13,10.56
2018-09-14,10.77
2018-09-15,12.85
2018-09-16,12.26
2018-09-17,11.09
2018-09-18,13.51
2018-09-19,15.13
2018-09-20,14.03
2018-09-21,11.23
2018-09-22,9.7
2018-09-23,9.5
2018-09-24,9.28
2018-09-25,9.38
2018-09-26,9.43
2018-09-27,9.5
2018-09-28,9.28
2018-09-29,9.29
2018-09-30,9.01
2018-10-01,9.14
2018-10-02,9.42
2018-10-03,9.29
2018-10-04,9.43
2018-10-05,13.44
2018-10-06,15.8
2018-10-07,15.75
2018-10-08,15.13
2018-10-09,12.63
2018-10-10,11.24
2018-10-11,11.01
2018-10-12,10.14
2018-10-13,11.6
2018-10-14,12.48
2018-10-15,14.1
2018-10-16,12.7
2018-10-17,13.22
2018-10-18,12.78
2018-10-19,16.93
2018-10-20,18.44
2018-10-21,21.81
2018-10-22,34.505
2018-10-23,29.89
2018-10-24,24.58
2018-10-25,20.79
2018-10-26,20.79
2018-10-27,15.9
2018-10-28,17.45
2018-10-29,15.9
2018-10-30,17.01
2018-10-31,20.19
2018-11-01,23.88
2018-11-02,31.95
2018-11-03,34.99
2018-11-04,30.18
2018-11-05,25.47
2018-11-06,22.75
2018-11-07,19.56
2018-11-08,19.16
2018-11-09,20.94
2018-11-10,20.48
2018-11-11,20.19
2018-11-12,21.11
2018-11-13,19.28
2018-11-14,18.52
2018-11-15,18.48
2018-11-16,19.28
2018-11-17,23.04
2018-11-18,22.51
2018-11-19,30.52
2018-11-20,52.1
2018-11-21,53.29
2018-11-22,49.0
2018-11-23,53.55
2018-11-24,61.4
2018-11-25,57.06
2018-11-26,58.44
2018-11-27,49.03
2018-11-28,38.25
2018-11-29,32.73
2018-11-30,30.0
2018-12-01,26.31
2018-12-02,23.06
2018-12-03,22.34
2018-12-04,21.74
2018-12-05,21.93
2018-12-06,21.64
2018-12-07,21.51
2018-12-08,23.56
2018-12-09,21.87
2018-12-10,20.11
2018-12-11,15.6
2018-12-12,15.29
2018-12-13,13.86
2018-12-14,14.2
2018-12-15,16.58
2018-12-16,17.49
2018-12-17,23.38
2018-12-18,38.32
2018-12-19,36.94
2018-12-20,37.58
2018-12-21,69.97
2018-12-22,67.2
2018-12-23,70.57
2018-12-24,61.13
2018-12-25,56.21
2018-12-26,40.07
2018-12-27,35.02
2018-12-28,34.34
2018-12-29,33.8
2018-12-30,34.29
2018-12-31,28.6
2019-01-01,27.09
2019-01-02,25.43
2019-01-03,23.28
2019-01-04,22.41
2019-01-05,25.21
2019-01-06,30.93
2019-01-07,32.32
2019-01-08,26.32
2019-01-09,26.6
2019-01-10,27.49
2019-01-11,31.89
2019-01-12,37.28
2019-01-13,36.47
2019-01-14,36.82
2019-01-15,34.65
2019-01-16,51.29
2019-01-17,51.81
2019-01-18,61.72
2019-01-19,60.5
2019-01-20,56.22
2019-01-21,63.19
2019-01-22,82.71
2019-01-23,79.18
2019-01-24,81.52
2019-01-25,89.93
2019-01-26,102.4
2019-01-27,102.12
2019-01-28,89.66
2019-01-29,93.48
2019-01-30,112.21
2019-01-31,104.48
2019-02-01,89.57
2019-02-02,82.27
2019-02-03,72.38
2019-02-04,65.63
2019-02-05,82.93
2019-02-06,82.27
2019-02-07,82.27
2019-02-08,87.71
2019-02-09,91.56
2019-02-10,81.1
2019-02-11,87.11
2019-02-12,120.386
2019-02-13,166.956
2019-02-14,168.172
2019-02-15,114.5
2019-02-16,102.52
2019-02-17,108.39
2019-02-18,103.38
2019-02-19,89.23
2019-02-20,100.83
2019-02-21,91.31
2019-02-22,87.35
2019-02-23,92.07
2019-02-24,82.86
2019-02-25,85.41
2019-02-26,94.749
2019-02-27,75.15
2019-02-28,96.44
2019-03-01,98.49
2019-03-02,106.98
2019-03-03,107.83
2019-03-04,92.87
2019-03-05,92.93
2019-03-06,89.69
2019-03-07,96.93
2019-03-08,95.5
2019-03-09,79.46
2019-03-10,103.79
2019-03-11,100.234
2019-03-12,98.47
2019-03-13,103.4
2019-03-14,88.676
2019-03-15,96.87
2019-03-16,98.67
2019-03-17,94.43
2019-03-18,83.35
2019-03-19,83.51
2019-03-20,94.66
2019-03-21,92.52
2019-03-22,98.8
2019-03-23,98.89
2019-03-24,101.29
2019-03-25,101.16
2019-03-26,105.01
2019-03-27,96.21
2019-03-28,92.43
2019-03-29,101.69
2019-03-30,94.54
2019-03-31,87.4
2019-04-01,79.82
2019-04-02,80.82
2019-04-03,89.96
2019-04-04,85.428
2019-04-05,70.897
2019-04-06,60.695
2019-04-07,72.6
2019-04-08,62.27
2019-04-09,62.38
2019-04-10,61.43
2019-04-11,56.19
2019-04-12,54.5
2019-04-13,50.0
2019-04-14,50.7
2019-04-15,51.62
2019-04-16,47.6
2019-04-17,47.23
2019-04-18,45.17
2019-04-19,42.63
2019-04-20,39.87
2019-04-21,40.17
2019-04-22,75.9
2019-04-23,60.31
2019-04-24,49.73
2019-04-25,45.1
2019-04-26,45.27
2019-04-27,33.47
2019-04-28,42.4
2019-04-29,67.99
2019-04-30,39.97
2019-05-01,40.293
2019-05-02,39.83
2019-05-03,38.47
2019-05-04,38.87
2019-05-05,35.2
2019-05-06,36.3
2019-05-07,38.59
2019-05-08,35.278
2019-05-09,32.6
2019-05-10,31.1
2019-05-11,32.67
2019-05-12,31.91
2019-05-13,31.53
2019-05-14,32.51
2019-05-15,34.45
2019-05-16,32.58
2019-05-17,31.2
2019-05-18,29.7
2019-05-19,29.72
2019-05-20,28.91
2019-05-21,26.63
2019-05-22,26.241
2019-05-23,24.06
2019-05-24,22.28
2019-05-25,22.12
2019-05-26,22.08
2019-05-27,21.88
2019-05-28,21.99
2019-05-29,18.36
2019-05-30,18.2
2019-05-31,18.0
2019-06-01,18.2
2019-06-02,18.24
2019-06-03,16.18
2019-06-04,15.948
2019-06-05,15.51
2019-06-06,15.35
2019-06-07,15.29
2019-06-08,15.33
2019-06-09,14.76
2019-06-10,15.13
2019-06-11,15.06
2019-06-12,14.936
2019-06-13,14.62
2019-06-14,14.5
2019-06-15,14.45
2019-06-16,15.82
2019-06-17,15.67
2019-06-18,15.28
2019-06-19,15.21
2019-06-20,15.378
2019-06-21,15.427
2019-06-22,15.77
2019-06-23,15.82
2019-06-24,15.66
2019-06-25,15.62
2019-06-26,15.28
2019-06-27,15.28
2019-06-28,15.35
2019-06-29,15.5
2019-06-30,15.44
2019-07-01,15.73
2019-07-02,15.35
2019-07-03,14.99
2019-07-04,15.06
2019-07-05,15.06
2019-07-06,15.0
2019-07-07,15.07
2019-07-08,15.47
2019-07-09,14.76
2019-07-10,14.54
2019-07-11,14.54
2019-07-12,14.322
2019-07-13,14.25
2019-07-14,13.88
2019-07-15,13.59
2019-07-16,13.27
2019-07-17,13.365
2019-07-18,13.73
2019-07-19,13.5
2019-07-20,13.45
2019-07-21,13.807
2019-07-22,13.51
2019-07-23,13.71
2019-07-24,13.14
2019-07-25,13.44
2019-07-26,12.85
2019-07-27,13.22
2019-07-28,13.73
2019-07-29,13.59
2019-07-30,13.22
2019-07-31,12.85
2019-08-01,12.555
2019-08-02,12.33
2019-08-03,12.19
2019-08-04,12.19
2019-08-05,12.19
2019-08-06,11.82
2019-08-07,12.63
2019-08-08,11.88
2019-08-09,12.48
2019-08-10,12.92
2019-08-11,12.78
2019-08-12,12.628
2019-08-13,12.92
2019-08-14,13.07
2019-08-15,12.85
2019-08-16,12.7
2019-08-17,12.63
2019-08-18,12.4
2019-08-19,12.41
2019-08-20,12.33
2019-08-21,12.41
2019-08-22,12.41
2019-08-23,11.95
2019-08-24,11.97
2019-08-25,11.97
2019-08-26,12.33
2019-08-27,12.11
2019-08-28,11.95
2019-08-29,11.4
2019-08-30,11.75
2019-08-31,11.35
2019-09-01,10.437
2019-09-02,10.29
2019-09-03,10.44
2019-09-04,10.44
2019-09-05,11.38
2019-09-06,10.51
2019-09-07,11.38
2019-09-08,11.38
2019-09-09,11.52
2019-09-10,11.38
2019-09-11,11.6
2019-09-12,11.6
2019-09-13,11.38
2019-09-14,11.38
2019-09-15,12.04
2019-09-16,11.74
2019-09-17,11.52
2019-09-18,11.67
2019-09-19,12.92
2019-09-20,14.25
2019-09-21,15.9
2019-09-22,18.05
2019-09-23,17.19
2019-09-24,14.54
2019-09-25,13.66
2019-09-26,12.85
2019-09-27,12.78
2019-09-28,12.56
2019-09-29,10.72
2019-09-30,12.48
2019-10-01,12.33
2019-10-02,12.92
2019-10-03,15.33
2019-10-04,16.7
2019-10-05,15.2
2019-10-06,18.56
2019-10-07,17.13
2019-10-08,15.68
2019-10-09,13.59
2019-10-10,13.29
2019-10-11,13.4
2019-10-12,13.57
2019-10-13,13.51
2019-10-14,13.66
2019-10-15,14.1
2019-10-16,14.76
2019-10-17,14.25
2019-10-18,18.4
2019-10-19,23.11
2019-10-20,22.84
2019-10-21,19.0
2019-10-22,18.66
2019-10-23,16.71
2019-10-24,14.54
2019-10-25,13.17
2019-10-26,12.19
2019-10-27,10.8
2019-10-28,12.11
2019-10-29,11.82
2019-10-30,11.97
2019-10-31,13.29
2019-11-01,16.89
2019-11-02,16.91
2019-11-03,19.6
2019-11-04,20.68
2019-11-05,21.58
2019-11-06,23.72
2019-11-07,26.6
2019-11-08,26.6
2019-11-09,25.9
2019-11-10,26.2
2019-11-11,26.6
2019-11-12,26.6
2019-11-13,26.6
2019-11-14,26.6
2019-11-15,38.5
2019-11-16,39.45
2019-11-17,23.3
2019-11-18,21.8
2019-11-19,19.32
2019-11-20,18.76
2019-11-21,17.25
2019-11-22,15.75
2019-11-23,18.25
2019-11-24,17.09
2019-11-25,17.13
2019-11-26,18.8
2019-11-27,19.48
2019-11-28,20.89
2019-11-29,22.67
2019-11-30,20.49
2019-12-01,26.6
2019-12-02,41.21
2019-12-03,54.18
2019-12-04,55.95
2019-12-05,55.03
2019-12-06,44.45
2019-12-07,41.1
2019-12-08,26.6
2019-12-09,40.56
2019-12-10,41.719
2019-12-11,67.77
2019-12-12,83.77
2019-12-13,85.2
2019-12-14,71.43
2019-12-15,87.01
2019-12-16,92.51
2019-12-17,85.12
2019-12-18,73.35
2019-12-19,85.31
2019-12-20,96.35
2019-12-21,90.5
2019-12-22,105.27
2019-12-23,107.86
2019-12-24,92.86
2019-12-25,85.94
2019-12-26,77.33
2019-12-27,71.73
2019-12-28,71.49
2019-12-29,74.61
2019-12-30,90.73
2019-12-31,79.04
2020-01-01,69.26
2020-01-02,57.84
2020-01-03,57.0
2020-01-04,49.91
2020-01-05,48.16
2020-01-06,43.96
2020-01-07,43.13
2020-01-08,39.66
2020-01-09,38.75
2020-01-10,33.76
2020-01-11,28.26
2020-01-12,28.07
2020-01-13,26.6
2020-01-14,26.79
2020-01-15,29.91
2020-01-16,33.76
2020-01-17,42.0
2020-01-18,46.57
2020-01-19,41.63
2020-01-20,51.09
2020-01-21,60.55
2020-01-22,56.99
2020-01-23,45.79
2020-01-24,35.14
2020-01-25,46.91
2020-01-26,53.685
2020-01-27,60.46
2020-01-28,56.18
2020-01-29,53.24
2020-01-30,57.58
2020-01-31,54.207
2020-02-01,60.205
2020-02-02,64.272
2020-02-03,87.6
2020-02-04,92.51
2020-02-05,73.06
2020-02-06,95.987
2020-02-07,73.9
2020-02-08,85.03
2020-02-09,92.63
2020-02-10,82.83
2020-02-11,74.65
2020-02-12,73.0
2020-02-13,68.1
2020-02-14,79.57
2020-02-15,73.33
2020-02-16,64.05
2020-02-17,69.48
2020-02-18,65.76
2020-02-19,58.43
2020-02-20,50.51
2020-02-21,53.33
2020-02-22,57.76
2020-02-23,42.88
2020-02-24,38.64
2020-02-25,40.13
2020-02-26,42.13
2020-02-27,42.13
2020-02-28,36.6
2020-02-29,46.1
2020-03-01,85.44
2020-03-02,84.9
2020-03-03,79.2
2020-03-04,71.53
2020-03-05,65.8
2020-03-06,57.26
2020-03-07,61.47
2020-03-08,59.04
2020-03-09,55.39
2020-03-10,49.81
2020-03-11,44.95
2020-03-12,44.46
2020-03-13,47.605
2020-03-14,50.75
2020-03-16,57.04
2020-03-17,50.86
2020-03-18,61.33
2020-03-19,73.7
2020-03-20,78.25
2020-03-21,76.1
2020-03-22,62.72
2020-03-23,77.63
2020-03-24,79.92
2020-03-25,71.45
2020-03-26,58.6
2020-03-27,66.92
2020-03-28,72.11
2020-03-29,64.11
2020-03-30,57.96
2020-03-31,70.029
2020-04-01,97.09
2020-04-02,86.91
2020-04-03,68.05
2020-04-04,59.73
2020-04-05,62.68
2020-04-06,61.57
2020-04-07,61.3
2020-04-08,50.64
2020-04-09,55.3
2020-04-10,53.42
2020-04-11,58.09
2020-04-12,53.34
2020-04-13,53.9
2020-04-14,39.22
2020-04-15,36.67
2020-04-16,36.22
2020-04-17,33.58
2020-04-18,38.75
2020-04-19,40.18
2020-04-20,33.76
2020-04-21,27.34
2020-04-22,25.31
2020-04-23,24.81
2020-04-24,23.89
2020-04-25,23.45
2020-04-26,25.16
2020-04-27,25.9
2020-04-28,26.6
2020-04-29,24.37
2020-04-30,23.98
2020-05-01,25.04
2020-05-02,26.6
2020-05-03,26.6
2020-05-04,55.98
2020-05-05,57.774
2020-05-06,56.76
2020-05-07,56.44
2020-05-08,49.75
2020-05-09,45.17
2020-05-10,44.07
2020-05-11,44.8
2020-05-12,46.33
2020-05-13,39.32
2020-05-14,29.52
2020-05-15,29.95
2020-05-16,30.51
2020-05-17,35.88
2020-05-18,36.28
2020-05-19,45.9
2020-05-20,37.79
2020-05-21,33.21
2020-05-22,28.35
2020-05-23,27.78
2020-05-24,24.78
2020-05-25,25.82
2020-05-26,26.6
2020-05-27,23.81
2020-05-28,22.45
2020-05-29,21.71
2020-05-30,21.71
2020-05-31,20.17
2020-06-01,19.16
2020-06-02,18.92
2020-06-03,18.56
2020-06-04,18.49
2020-06-05,17.87
2020-06-06,18.48
2020-06-07,17.09
2020-06-08,15.43
2020-06-09,15.28
2020-06-10,15.14
2020-06-11,14.76
2020-06-12,14.62
2020-06-13,14.47
2020-06-14,14.47
2020-06-15,14.62
2020-06-16,14.59
2020-06-17,14.4
2020-06-18,14.028
2020-06-19,14.03
2020-06-20,13.66
2020-06-21,13.88
2020-06-22,13.51
2020-06-23,12.85
2020-06-24,12.48
2020-06-25,12.85
2020-06-26,14.32
2020-06-27,14.4
2020-06-28,14.4
2020-06-29,14.25
2020-06-30,14.25
2020-07-01,14.25
2020-07-02,14.03
2020-07-03,13.66
2020-07-04,13.88
2020-07-05,13.42
2020-07-06,13.14
2020-07-07,12.63
2020-07-08,12.41
2020-07-09,11.82
2020-07-10,12.48
2020-07-11,11.54
2020-07-12,10.79
2020-07-13,11.86
2020-07-14,11.4
2020-07-15,11.17
2020-07-16,11.09
2020-07-17,10.87
2020-07-18,10.42
2020-07-19,11.02
2020-07-20,11.02
2020-07-21,11.25
2020-07-22,11.81
2020-07-23,11.835
2020-07-24,11.86
2020-07-25,11.2
2020-07-26,11.246
2020-07-27,11.246
2020-07-28,11.246
2020-07-29,10.87
2020-07-30,11.02
2020-07-31,11.246
2020-08-01,11.3
2020-08-02,11.17
2020-08-03,11.09
2020-08-04,10.79
2020-08-05,10.56
2020-08-06,10.564
2020-08-07,10.413
2020-08-08,10.338
2020-08-09,10.384
2020-08-10,10.188
2020-08-11,10.075
2020-08-12,10.301
2020-08-13,10.564
2020-08-14,10.79
2020-08-15,11.17
2020-08-16,10.9
2020-08-17,11.5
2020-08-18,11.32
2020-08-19,11.4
2020-08-20,11.55
2020-08-21,11.63
2020-08-22,11.71
2020-08-23,11.4
2020-08-24,11.55
2020-08-25,11.706
2020-08-26,11.629
2020-08-27,11.706
2020-08-28,11.937
2020-08-29,11.706
2020-08-30,11.4
2020-08-31,11.323
2020-09-01,10.69
2020-09-02,10.87
2020-09-03,13.33
2020-09-04,13.3
2020-09-05,11.77
2020-09-06,11.94
2020-09-07,11.86
2020-09-08,12.47
2020-09-09,15.02
2020-09-10,15.18
2020-09-11,15.14
2020-09-12,15.75
2020-09-13,16.15
2020-09-14,15.83
2020-09-15,15.58
2020-09-16,15.26
2020-09-17,15.18
2020-09-18,15.1
2020-09-19,15.26
2020-09-20,15.74
2020-09-21,16.81
2020-09-22,16.32
2020-09-23,16.4
2020-09-24,16.65
2020-09-25,15.99
2020-09-26,15.91
2020-09-27,16.81
2020-09-28,16.76
2020-09-29,15.42
2020-09-30,16.98
2020-10-01,19.52
2020-10-02,17.31
2020-10-03,15.99
2020-10-04,15.42
2020-10-05,13.3
2020-10-06,12.87
2020-10-07,12.78
2020-10-08,15.91
2020-10-09,15.02
2020-10-10,13.58
2020-10-11,14.22
2020-10-12,13.75
2020-10-13,13.74
2020-10-14,11.63
2020-10-15,11.32
2020-10-16,12.48
2020-10-17,12.56
2020-10-18,12.48
2020-10-19,13.82
2020-10-20,12.56
2020-10-21,12.64
2020-10-22,19.91
2020-10-23,19.75
2020-10-24,23.46
2020-10-25,25.38
2020-10-26,23.72
2020-10-27,23.1
2020-10-28,22.42
2020-10-29,18.73
2020-10-30,17.14
2020-10-31,15.99
2020-11-01,14.54
2020-11-02,14.07
2020-11-03,13.55
2020-11-04,13.16
2020-11-05,12.48
2020-11-06,13.11
2020-11-07,13.06
2020-11-08,13.48
2020-11-09,13.24
2020-11-10,13.16
2020-11-11,12.79
2020-11-12,12.74
2020-11-13,12.93
2020-11-14,13.48
2020-11-15,13.48
2020-11-16,14.14
2020-11-17,13.19
2020-11-18,12.79
2020-11-19,12.4
2020-11-20,12.17
2020-11-21,17.15
2020-11-22,19.58
2020-11-23,16.98
2020-11-24,15.03
2020-11-25,12.8
2020-11-26,12.17
2020-11-27,12.17
2020-11-28,16.17
2020-11-29,18.72
2020-11-30,22.35
2020-12-01,40.648
2020-12-02,16.209
2020-12-03,40.498
2020-12-04,41.839
2020-12-05,64.123
2020-12-06,69.996
2020-12-07,61.816
2020-12-08,80.39
2020-12-09,76.22
2020-12-10,60.66
2020-12-11,52.87
2020-12-12,47.52
2020-12-13,37.0
2020-12-14,34.83
2020-12-15,34.7
2020-12-16,40.0
2020-12-17,46.91
2020-12-18,60.37
2020-12-19,75.19
2020-12-20,65.86
2020-12-21,74.46
2020-12-22,57.89
2020-12-23,58.17
2020-12-24,65.9
2020-12-25,69.4
2020-12-26,74.68
2020-12-27,74.13
2020-12-28,87.24
2020-12-29,97.99
2020-12-30,80.36
2020-12-31,66.94
2021-01-01,75.444
2021-01-02,89.52
2021-01-03,89.47
2021-01-04,87.24
2021-01-05,105.63
2021-01-06,116.31
2021-01-07,77.11
2021-01-08,108.54
2021-01-09,111.25
2021-01-10,109.43
2021-01-11,104.26
2021-01-12,113.61
2021-01-13,109.83
2021-01-14,109.07
2021-01-15,110.61
2021-01-16,111.81
2021-01-17,112.71
2021-01-18,111.41
2021-01-19,108.94
2021-01-20,96.55
2021-01-21,105.8
2021-01-22,110.5
2021-01-23,109.58
2021-01-24,103.13
2021-01-25,109.97
2021-01-26,109.65
2021-01-27,112.81
2021-01-28,114.57
2021-01-29,111.71
2021-01-30,111.83
2021-01-31,109.44
2021-02-01,113.392
2021-02-02,110.77
2021-02-03,106.6
2021-02-04,101.21
2021-02-05,109.56
2021-02-06,112.05
2021-02-07,107.07
2021-02-08,92.22
2021-02-09,86.1
2021-02-10,85.44
2021-02-11,75.21
2021-02-12,71.2
2021-02-13,67.08
2021-02-14,67.06
2021-02-15,60.61
2021-02-16,57.53
2021-02-17,56.88
2021-02-18,52.39
2021-02-19,47.16
2021-02-20,46.34
2021-02-21,47.42
2021-02-22,44.46
2021-02-23,48.34
2021-02-24,45.17
2021-02-25,43.37
2021-02-26,47.28
2021-02-27,45.73
2021-02-28,42.66
2021-03-01,44.91
2021-03-02,68.671
2021-03-03,72.78
2021-03-04,60.51
2021-03-05,59.14
2021-03-06,57.76
2021-03-07,69.18
2021-03-08,89.59
2021-03-09,102.13
2021-03-10,108.01
2021-03-11,110.95
2021-03-12,96.15
2021-03-13,100.34
2021-03-14,100.23
2021-03-15,99.5
2021-03-16,100.58
2021-03-17,93.47
2021-03-18,93.32
2021-03-19,94.1
2021-03-20,83.41
2021-03-21,74.45
2021-03-22,80.95
2021-03-23,78.88
2021-03-24,95.75
2021-03-25,109.08
2021-03-26,89.47
2021-03-27,86.77
2021-03-28,95.04
2021-03-29,84.31
2021-03-30,80.87
2021-03-31,70.77
2021-04-01,100.793
2021-04-02,79.74
2021-04-03,96.34
2021-04-04,104.12
2021-04-05,105.79
2021-04-06,95.71
2021-04-07,100.99
2021-04-08,92.01
2021-04-09,91.56
2021-04-10,83.34
2021-04-11,79.56
2021-04-12,84.93
2021-04-13,87.9
2021-04-14,84.65
2021-04-15,84.1
2021-04-16,75.48
2021-04-17,54.45
2021-04-18,65.74
2021-04-19,58.59
2021-04-20,54.2
2021-04-21,47.74
2021-04-22,56.54
2021-04-23,61.31
2021-04-24,53.45
2021-04-25,45.98
2021-04-26,55.58
2021-04-27,49.73
2021-04-28,49.53
2021-04-29,44.85
2021-04-30,42.32
2021-05-01,42.95
2021-05-02,44.29
2021-05-03,39.23
2021-05-04,38.41
2021-05-05,39.43
2021-05-06,38.44
2021-05-07,39.57
2021-05-08,40.84
2021-05-09,39.38
2021-05-10,35.89
2021-05-11,35.72
2021-05-12,35.46
2021-05-13,30.68
2021-05-14,29.23
2021-05-15,28.83
2021-05-16,28.62
2021-05-17,27.47
2021-05-18,26.6
2021-05-19,29.53
2021-05-20,29.79
2021-05-21,26.84
2021-05-22,27.55
2021-05-23,25.3
2021-05-24,27.49
2021-05-25,26.45
2021-05-26,28.24
2021-05-27,25.83
2021-05-28,24.99
2021-05-29,24.15
2021-05-30,24.58
2021-05-31,21.106
2021-06-01,20.85
2021-06-02,20.392
2021-06-03,20.42
2021-06-04,21.28
2021-06-05,22.2
2021-06-06,21.71
2021-06-07,21.46
2021-06-08,20.25
2021-06-09,19.65
2021-06-10,19.15
2021-06-11,19.54
2021-06-12,18.81
2021-06-13,18.98
2021-06-14,18.56
2021-06-15,18.47
2021-06-16,18.39
2021-06-17,18.08
2021-06-18,17.89
2021-06-19,18.05
2021-06-20,17.97
2021-06-21,17.86
2021-06-22,16.98
2021-06-23,16.81
2021-06-24,16.89
2021-06-25,16.81
2021-06-26,16.56
2021-06-27,16.4
2021-06-28,16.316
2021-06-29,16.235
2021-06-30,16.316
2021-07-01,16.152
2021-07-02,15.908
2021-07-03,15.582
2021-07-04,15.258
2021-07-05,15.447
2021-07-06,15.016
2021-07-07,14.694
2021-07-08,14.614
2021-07-09,14.855
2021-07-10,14.454
2021-07-11,14.534
2021-07-12,14.342
2021-07-13,14.15
2021-07-14,14.157
2021-07-15,14.077
2021-07-16,13.895
2021-07-17,14.054
2021-07-18,13.896
2021-07-19,13.579
2021-07-20,13.499
2021-07-21,12.949
2021-07-22,13.184
2021-07-23,13.186
2021-07-24,12.558
2021-07-25,12.792
2021-07-26,12.558
2021-07-27,12.635
2021-07-28,12.87
2021-07-29,12.791
2021-07-30,12.791
2021-07-31,13.105
2021-08-01,12.948
2021-08-02,13.421
2021-08-03,13.184
2021-08-04,12.948
2021-08-05,12.755
2021-08-06,12.325
2021-08-07,12.092
2021-08-08,11.86
2021-08-09,11.859
2021-08-10,12.066
2021-08-11,11.86
2021-08-12,11.783
2021-08-13,11.553
2021-08-14,11.654
2021-08-15,11.476
2021-08-16,11.399
2021-08-17,11.629
2021-08-18,11.629
2021-08-19,11.629
2021-08-20,11.552
2021-08-21,11.782
2021-08-22,11.655
2021-08-23,11.552
2021-08-24,11.783
2021-08-25,12.118
2021-08-26,18.192
2021-08-27,18.137
2021-08-28,17.803
2021-08-29,18.053
2021-08-30,18.892
2021-08-31,19.243
2021-09-01,18.977
2021-09-02,17.886
2021-09-03,17.97
2021-09-04,15.778
2021-09-05,17.844
2021-09-06,17.886
2021-09-07,17.72
2021-09-08,17.554
2021-09-09,18.053
2021-09-10,19.314
2021-09-11,18.921
2021-09-12,19.143
2021-09-13,18.39
2021-09-14,18.054
2021-09-15,18.222
2021-09-16,14.533
2021-09-17,14.295
2021-09-18,18.809
2021-09-19,18.305
2021-09-20,17.47
2021-09-21,17.554
2021-09-22,17.471
2021-09-23,17.803
2021-09-24,17.722
2021-09-25,17.057
2021-09-26,16.81
2021-09-27,16.727
2021-09-28,17.057
2021-09-29,17.139
2021-09-30,17.804
2021-10-01,17.472
2021-10-02,17.886
2021-10-03,19.908
2021-10-04,19.568
2021-10-05,22.948
2021-10-06,25.135
2021-10-07,38.74
2021-10-08,30.61
2021-10-09,32.233
2021-10-10,27.647
2021-10-11,23.543
2021-10-12,22.058
2021-10-13,21.451
2021-10-14,23.014
2021-10-15,22.84
2021-10-16,23.54
2021-10-17,30.61
2021-10-18,26.369
2021-10-19,23.452
2021-10-20,28.222
2021-10-21,42.33
2021-10-22,36.406
2021-10-23,23.452
2021-10-24,21.451
2021-10-25,23.628
2021-10-26,21.885
2021-10-27,20.421
2021-10-28,20.107
2021-10-29,20.507
2021-10-30,19.909
2021-10-31,19.655
2021-11-01,18.726
2021-11-02,18.305
2021-11-03,17.803
2021-11-04,18.182
2021-11-05,18.643
2021-11-06,18.731
2021-11-07,20.249
2021-11-08,19.574
2021-11-09,20.592
2021-11-10,19.568
2021-11-11,19.147
2021-11-12,18.066
2021-11-13,19.653
2021-11-14,19.543
2021-11-15,19.571
2021-11-16,19.066
2021-11-17,16.334
2021-11-18,19.597
2021-11-19,14.373
2021-11-20,14.775
2021-11-21,17.485
2021-11-22,18.472
2021-11-23,18.387
2021-11-24,19.534
2021-11-25,20.278
2021-11-26,26.437
2021-11-27,47.268
2021-11-28,50.84
2021-11-29,68.755
2021-11-30,69.931
2021-12-01,56.753
2021-12-02,45.466
2021-12-03,39.958
2021-12-04,47.929
2021-12-05,51.854
2021-12-06,87.375
2021-12-07,83.707
2021-12-08,89.719
2021-12-09,88.565
2021-12-10,62.498
2021-12-11,65.188
2021-12-12,50.159
2021-12-13,51.148
2021-12-14,42.956
2021-12-15,59.447
2021-12-16,59.447
2021-12-17,37.695
2021-12-18,31.385
2021-12-19,30.927
2021-12-20,26.6
2021-12-21,36.58
2021-12-22,32.364
2021-12-23,26.6
2021-12-24,26.557
2021-12-25,25.873
2021-12-26,26.037
2021-12-27,23.161
2021-12-28,22.346
2021-12-29,22.868
2021-12-30,23.044
2021-12-31,27.971
2022-01-01,33.62
2022-01-02,26.6
2022-01-03,25.54
2022-01-04,24.48
2022-01-05,25.205
2022-01-06,27.19
2022-01-07,24.451
2022-01-08,23.686
2022-01-09,22.868
2022-01-10,22.23
2022-01-11,21.653
2022-01-12,20.107
2022-01-13,18.885
2022-01-14,18.388
2022-01-15,18.248
2022-01-16,18.136
2022-01-17,17.915
2022-01-18,18.808
2022-01-19,16.919
2022-01-20,17.311
2022-01-21,21.49
2022-01-22,25.378
2022-01-23,26.435
2022-01-24,25.695
2022-01-25,39.14
2022-01-26,44.61
2022-01-27,47.47
2022-01-28,65.167
2022-01-29,52.827
2022-01-30,45.797
2022-01-31,55.375
2022-02-01,41.13
2022-02-02,36.507
2022-02-03,36.393
2022-02-04,34.4
2022-02-05,48.391
2022-02-06,53.283
2022-02-07,86.897
2022-02-08,87.03
2022-02-09,89.692
2022-02-10,105.11
2022-02-11,84.515
2022-02-12,136.43
2022-02-13,90.356
2022-02-14,39.367
2022-02-15,36.053
2022-02-16,31.33
2022-02-17,46.391
2022-02-18,56.307
2022-02-19,85.576
2022-02-20,85.432
2022-02-21,68.962
2022-02-22,58.437
2022-02-23,76.794
2022-02-24,73.978
2022-02-25,80.807
2022-02-26,81.434
2022-02-27,103.195
2022-02-28,90.503
2022-03-01,78.835
2022-03-02,66.165
2022-03-03,93.496
2022-03-04,105.216
2022-03-05,115.95
2022-03-06,96.81
2022-03-07,102.99
2022-03-08,117.43
2022-03-09,106.04
2022-03-10,112.75
2022-03-11,114.99
2022-03-12,107.72
2022-03-13,122.31
2022-03-14,135.9
2022-03-15,127.77
2022-03-16,134.21
2022-03-17,106.95
2022-03-18,99.14
2022-03-19,86.35
2022-03-20,83.53
2022-03-21,82.78
2022-03-22,84.99
2022-03-23,91.09
2022-03-24,87.07
2022-03-25,94.61
2022-03-26,77.42
2022-03-27,76.1
2022-03-28,84.56
2022-03-29,106.61
2022-03-30,105.57
2022-03-31,108.3
2022-04-01,104.6
2022-04-02,125.51
2022-04-03,126.8
2022-04-04,127.37
2022-04-05,100.92
2022-04-06,88.12
2022-04-07,82.59
2022-04-08,86.22
2022-04-09,90.2
2022-04-10,94.08
2022-04-11,88.82
2022-04-12,83.65
2022-04-13,74.84
2022-04-14,76.38
2022-04-15,60.34
2022-04-16,61.61
2022-04-17,56.72
2022-04-18,75.82
2022-04-19,50.64
2022-04-20,48.54
2022-04-21,49.0
2022-04-22,55.2
2022-04-23,47.45
2022-04-24,43.68
2022-04-25,42.28
2022-04-26,43.3
2022-04-27,38.64
2022-04-28,40.2
2022-04-29,38.43
2022-04-30,37.29
2022-05-01,35.259
2022-05-02,33.78
2022-05-03,32.09
2022-05-04,29.9
2022-05-05,30.291
2022-05-06,30.219
2022-05-07,30.644
2022-05-08,29.412
2022-05-09,28.835
2022-05-10,28.11
2022-05-11,27.761
2022-05-12,27.707
2022-05-13,28.284
2022-05-14,28.652
2022-05-15,28.705
2022-05-16,29.411
2022-05-17,30.003
2022-05-18,29.61
2022-05-19,28.456
2022-05-20,28.742
2022-05-21,28.195
2022-05-22,26.702
2022-05-23,25.133
2022-05-24,23.54
2022-05-25,22.667
2022-05-26,21.969
2022-05-27,21.536
2022-05-28,21.538
2022-05-29,21.451
2022-05-30,21.709
2022-05-31,20.506
2022-06-01,19.824
2022-06-02,19.061
2022-06-03,18.892
2022-06-04,18.807
2022-06-05,18.892
2022-06-06,18.808
2022-06-07,18.892
2022-06-08,19.061
2022-06-09,18.137
2022-06-10,18.138
2022-06-11,17.554
2022-06-12,17.224
2022-06-13,17.099
2022-06-14,16.865
2022-06-15,16.618
2022-06-16,16.974
2022-06-17,16.316
2022-06-18,15.989
2022-06-19,16.48
2022-06-20,16.425
2022-06-21,15.989
2022-06-22,15.745
2022-06-23,15.258
2022-06-24,15.096
2022-06-25,14.936
2022-06-26,15.177
2022-06-27,14.696
2022-06-28,14.373
2022-06-29,14.055
2022-06-30,13.262
2022-07-01,13.183
2022-07-02,12.87
2022-07-03,12.791
2022-07-04,12.713
2022-07-05,12.364
2022-07-06,12.092
2022-07-07,12.635
2022-07-08,12.402
2022-07-09,12.48
2022-07-10,12.557
2022-07-11,12.713
2022-07-12,12.635
2022-07-13,12.48
2022-07-14,12.531
2022-07-15,12.557
2022-07-16,12.48
2022-07-17,12.479
2022-07-18,12.557
2022-07-19,12.949
2022-07-20,12.637
2022-07-21,12.17
2022-07-22,11.783
2022-07-23,11.937
2022-07-24,11.937
2022-07-25,11.705
2022-07-26,12.17
2022-07-27,12.635
2022-07-28,12.246
2022-07-29,11.937
2022-07-30,12.092
2022-07-31,11.475
2022-08-01,11.475
2022-08-02,11.475
2022-08-03,11.552
2022-08-04,11.551
2022-08-05,11.937
2022-08-06,11.937
2022-08-07,11.706
2022-08-08,11.654
2022-08-09,11.629
2022-08-10,11.552
2022-08-11,11.86
2022-08-12,11.707
2022-08-13,11.323
2022-08-14,11.348
2022-08-15,11.348
2022-08-16,11.399
2022-08-17,11.2
2022-08-18,15.745
2022-08-19,15.258
2022-08-20,15.016
2022-08-21,15.666
2022-08-22,16.727
2022-08-23,16.427
2022-08-24,16.644
2022-08-25,16.644
2022-08-26,16.48
2022-08-27,16.316
2022-08-28,16.316
2022-08-29,16.316
2022-08-30,16.316
2022-08-31,16.316
2022-09-01,16.316
2022-09-02,16.316
2022-09-03,16.316
2022-09-04,16.316
2022-09-05,16.316
2022-09-06,16.316
2022-09-07,16.316
2022-09-08,16.316
2022-09-09,16.316
2022-09-10,16.316
2022-09-11,16.316
2022-09-12,16.316
2022-09-13,16.316
2022-09-14,16.316
2022-09-15,16.316
2022-09-16,16.316
2022-09-17,16.316
2022-09-18,16.316
2022-09-19,16.152
2022-09-20,16.152
2022-09-21,16.152
2022-09-22,15.989
2022-09-23,15.826
2022-09-24,15.989
2022-09-25,15.989
2022-09-26,18.136
2022-09-27,19.877
2022-09-28,19.254
2022-09-29,17.586
2022-09-30,16.628
2022-10-01,17.333
2022-10-02,17.178
2022-10-03,17.173
2022-10-04,17.801
2022-10-05,17.801
2022-10-06,16.398
2022-10-07,16.551
2022-10-08,11.88
2022-10-09,11.68
2022-10-10,11.2
2022-10-11,9.592
2022-10-12,9.149
2022-10-13,8.133
2022-10-14,9.296
2022-10-15,9.296
2022-10-16,9.296
2022-10-17,9.296
2022-10-18,9.3
2022-10-19,11.509
2022-10-20,11.655
2022-10-21,11.928
2022-10-22,11.002
2022-10-23,11.351
2022-10-24,11.651
2022-10-25,12.204
2022-10-26,12.635
2022-10-27,11.859
2022-10-28,11.859
2022-10-29,11.859
2022-10-30,11.093
2022-10-31,11.093
2022-11-01,11.093
2022-11-02,11.093
2022-11-03,10.48
2022-11-04,10.941
2022-11-05,10.79
2022-11-06,10.79
2022-11-07,10.79
2022-11-08,10.79
2022-11-09,11.093
2022-11-10,11.093
2022-11-11,11.003
2022-11-12,11.331
2022-11-13,11.452
2022-11-14,11.458
2022-11-15,11.552
2022-11-16,10.844
2022-11-17,11.194
2022-11-18,10.524
2022-11-19,11.18
2022-11-20,11.412
2022-11-21,11.013
2022-11-22,11.778
2022-11-23,11.246
2022-11-24,11.246
2022-11-25,11.246
2022-11-26,11.246
2022-11-27,11.246
2022-11-28,11.246
2022-11-29,11.246
2022-11-30,11.246
2022-12-01,11.093
2022-12-02,11.043
2022-12-03,10.992
2022-12-04,11.093
2022-12-05,11.195
2022-12-06,11.195
2022-12-07,11.25
2022-12-08,11.09
2022-12-09,11.09
2022-12-10,10.64
2022-12-11,10.488
2022-12-12,11.643
2022-12-13,13.948
2022-12-14,16.825
2022-12-15,18.28
2022-12-16,19.787
2022-12-17,19.89
2022-12-18,21.536
2022-12-19,22.079
2022-12-20,22.58
2022-12-21,22.577
2022-12-22,22.229
2022-12-23,19.992
2022-12-24,18.807
2022-12-25,18.805
2022-12-26,18.807
2022-12-27,21.709
2022-12-28,22.0
2022-12-29,23.451
2022-12-30,24.332
2022-12-31,25.219
2023-01-01,26.112
2023-01-02,26.112
2023-01-03,26.112
2023-01-04,26.6
2023-01-05,26.6
2023-01-06,26.6
2023-01-07,26.65
2023-01-08,26.6
2023-01-09,26.6
2023-01-10,46.67
2023-01-11,56.07
2023-01-12,57.07
2023-01-13,46.78
2023-01-14,35.3
2023-01-15,30.26
2023-01-16,28.8
2023-01-17,33.56
2023-01-18,20.65
2023-01-19,37.39
2023-01-20,66.72
2023-01-21,72.3
2023-01-22,74.45
2023-01-23,34.14
2023-01-24,53.17
2023-01-25,51.02
2023-01-26,47.7
2023-01-27,46.74
2023-01-28,42.11
2023-01-29,38.77
2023-01-30,36.16
2023-01-31,30.86
2023-02-01,28.37
2023-02-02,37.88
2023-02-03,39.99
2023-02-04,53.96
2023-02-05,60.11
2023-02-06,49.06
2023-02-07,44.39
2023-02-08,36.36
2023-02-09,35.56
2023-02-10,40.94
2023-02-11,42.13
2023-02-12,44.61
2023-02-13,49.21
2023-02-14,53.81
2023-02-15,67.66
2023-02-16,82.4
2023-02-17,103.92
2023-02-18,87.77
2023-02-19,92.95
2023-02-20,95.49
2023-02-21,107.8
2023-02-22,106.17
2023-02-23,78.0
2023-02-24,102.57
2023-02-25,99.88
2023-02-26,94.97
2023-02-27,100.54
2023-02-28,91.5
2023-03-01,80.86
2023-03-02,77.91
2023-03-03,71.18
2023-03-04,71.02
2023-03-05,60.78
2023-03-06,67.02
2023-03-07,56.16
2023-03-08,53.76
2023-03-09,68.3
2023-03-10,91.703
2023-03-11,93.168
2023-03-12,105.96
2023-03-13,88.73
2023-03-14,113.954
2023-03-15,113.954
2023-03-16,113.954
2023-03-17,113.954
2023-03-18,113.954
2023-03-19,113.954
2023-03-20,116.54
2023-03-21,109.72
2023-03-22,97.55
2023-03-23,85.37
2023-03-24,70.91
2023-03-25,76.96
2023-03-26,90.75
2023-03-27,93.89
2023-03-28,87.35
2023-03-29,70.69
2023-03-30,51.49
2023-03-31,53.75
2023-04-01,65.16
2023-04-02,49.59
2023-04-03,39.06
2023-04-04,37.8
2023-04-05,52.94
2023-04-06,44.5
2023-04-07,42.13
2023-04-08,45.02
2023-04-09,45.42
2023-04-10,60.0
2023-04-11,42.93
2023-04-12,41.71
2023-04-13,42.97
2023-04-14,59.16
2023-04-15,43.31
2023-04-16,45.82
2023-04-17,64.2
2023-04-18,54.62
2023-04-19,52.42
2023-04-20,40.65
2023-04-21,40.42
2023-04-22,40.83
2023-04-23,40.8
2023-04-24,44.61
2023-04-25,40.444
2023-04-26,41.719
2023-04-27,41.719
2023-04-28,37.15
2023-04-29,37.83
2023-04-30,35.82
2023-05-01,35.82
2023-05-02,36.496
2023-05-03,15.965
2023-05-04,30.94
2023-05-05,29.523
2023-05-06,29.523
2023-05-07,29.523
2023-05-08,23.677
2023-05-09,33.765
2023-05-10,42.15
2023-05-11,32.65
2023-05-12,23.87
2023-05-13,26.866
2023-05-14,29.234
2023-05-15,29.811
2023-05-16,29.811
2023-05-17,29.811
2023-05-18,29.33
2023-05-19,29.8
2023-05-20,29.4
2023-05-21,27.6
2023-05-22,27.25
2023-05-23,26.84
2023-05-24,23.41
2023-05-25,25.15
2023-05-26,26.64
2023-05-27,25.78
2023-05-28,24.89
2023-05-29,27.778
2023-05-30,24.45
2023-05-31,23.16
2023-06-01,21.42
2023-06-02,20.39
2023-06-03,19.77
2023-06-04,19.2
2023-06-05,19.03
2023-06-06,18.7
2023-06-07,19.57
2023-06-08,18.471
2023-06-09,18.7
2023-06-10,18.19
2023-06-11,18.3
2023-06-12,17.91
2023-06-13,17.91
2023-06-14,16.7
2023-06-15,16.7
2023-06-16,16.57
2023-06-17,16.47
2023-06-18,16.26
2023-06-19,15.99
2023-06-20,16.1
2023-06-21,16.07
2023-06-22,15.5
2023-06-23,15.34
2023-06-24,15.02
2023-06-25,15.02
2023-06-26,14.59
2023-06-27,14.53
2023-06-28,14.21
2023-06-29,14.17
2023-06-30,13.68
2023-07-01,13.87
2023-07-02,13.84
2023-07-03,13.68
2023-07-04,13.47
2023-07-05,13.66
2023-07-06,13.58
2023-07-07,13.11
2023-07-08,13.11
2023-07-09,12.64
2023-07-10,12.64
2023-07-11,14.89
2023-07-12,17.14
2023-07-13,18.7
2023-07-14,18.47
2023-07-15,18.42
2023-07-16,17.64
2023-07-17,18.86
2023-07-18,18.64
2023-07-19,18.98
2023-07-20,18.36
2023-07-21,18.36
2023-07-22,18.3
2023-07-23,18.7
2023-07-24,17.38
2023-07-25,17.8
2023-07-26,16.32
2023-07-27,16.92
2023-07-28,16.92
2023-07-29,17.44
2023-07-30,17.64
2023-07-31,17.803
2023-08-01,12.4
2023-08-02,11.86
2023-08-03,11.94
2023-08-04,11.78
2023-08-05,11.71
2023-08-06,11.55
2023-08-07,11.25
2023-08-08,11.25
2023-08-09,11.14
2023-08-10,10.98
2023-08-11,11.39
2023-08-12,11.32
2023-08-13,11.23
2023-08-14,10.941
2023-08-15,11.16
2023-08-16,10.941
2023-08-17,10.94
2023-08-18,11.17
2023-08-19,11.4
2023-08-20,11.86
2023-08-21,12.01
2023-08-22,11.78
2023-08-23,11.27
2023-08-24,11.27
2023-08-25,11.27
2023-08-26,11.17
2023-08-27,11.17
2023-08-28,11.17
2023-08-29,11.17
2023-08-30,11.55
2023-08-31,11.55
2023-09-01,11.55
2023-09-02,11.55
2023-09-03,11.55
2023-09-04,11.09
2023-09-05,11.09
2023-09-06,11.09
2023-09-07,11.09
2023-09-08,10.94
2023-09-09,10.94
2023-09-10,10.94
2023-09-11,10.79
2023-09-12,10.64
2023-09-13,10.942
2023-09-14,10.941
2023-09-15,10.94
2023-09-16,10.94
2023-09-17,11.25
2023-09-18,13.42
2023-09-19,13.74
2023-09-20,15.5
2023-09-21,15.5
2023-09-22,14.53
2023-09-23,13.63
2023-09-24,12.9
2023-09-25,11.81
2023-09-26,11.71
2023-09-27,12.12
2023-09-28,12.07
2023-09-29,13.92
2023-09-30,15.61
2023-10-01,16.21
2023-10-02,16.43
2023-10-03,24.22
2023-10-04,19.43
2023-10-05,19.14
2023-10-06,17.08
2023-10-07,17.06
2023-10-08,17.06
2023-10-09,16.64
2023-10-10,26.8
2023-10-11,26.6
2023-10-12,22.49
2023-10-13,29.5
2023-10-14,21.71
2023-10-15,25.05
2023-10-16,23.02
2023-10-17,22.58
2023-10-18,26.6
2023-10-19,25.17
2023-10-20,21.46
2023-10-21,20.42
2023-10-22,25.38
2023-10-23,22.17
2023-10-24,20.45
2023-10-25,21.97
2023-10-26,26.6
2023-10-27,26.6
2023-10-28,26.6
2023-10-29,20.91
2023-10-30,16.09
2023-10-31,14.33
2023-11-01,20.62
2023-11-02,19.94
2023-11-03,19.144
2023-11-04,21.363
2023-11-05,18.723
2023-11-06,20.5
2023-11-07,25.03
2023-11-08,21.94
2023-11-09,20.22
2023-11-10,18.98
2023-11-11,20.91
2023-11-12,20.56
2023-11-13,19.88
2023-11-14,24.93
2023-11-15,26.6
2023-11-16,26.6
2023-11-17,26.6
2023-11-18,30.0
2023-11-19,36.615
2023-11-20,41.57
2023-11-21,36.63
2023-11-22,28.353
2023-11-23,26.6
2023-11-24,26.6
2023-11-25,26.6
2023-11-26,30.62
2023-11-27,30.6
2023-11-28,30.6
2023-11-29,32.02
2023-11-30,32.332
2023-12-01,50.41
2023-12-02,31.16
2023-12-03,31.34
2023-12-04,33.53
2023-12-05,33.65
2023-12-06,32.25
2023-12-07,34.56
2023-12-08,39.66
2023-12-09,37.92
2023-12-10,26.71
2023-12-11,21.47
2023-12-12,30.11
2023-12-13,31.03
2023-12-14,41.83
2023-12-15,49.42
2023-12-16,47.19
2023-12-17,64.15
2023-12-18,48.6
2023-12-19,39.45
2023-12-20,72.14
2023-12-21,31.15
2023-12-22,31.4
2023-12-23,30.66
2023-12-24,47.0
2023-12-25,46.53
2023-12-26,47.08
2023-12-27,24.92
2023-12-28,27.11
2023-12-29,82.01
2023-12-30,89.31
2023-12-31,88.8
2024-01-01,100.0
2024-01-02,125.0
2024-01-03,86.12
2024-01-04,82.41
2024-01-05,61.55
2024-01-06,78.29
2024-01-07,74.76
2024-01-08,71.63
2024-01-09,74.52
2024-01-10,77.36
2024-01-11,76.23
2024-01-12,80.06
2024-01-13,84.32
2024-01-14,63.44
2024-01-15,54.29
2024-01-16,61.71
2024-01-17,97.91
2024-01-18,57.34
2024-01-19,89.73
2024-01-20,79.27
2024-01-21,90.63
2024-01-22,82.74
2024-01-23,88.8
2024-01-24,77.02
2024-01-25,63.04
2024-01-26,71.52
2024-01-27,90.36
2024-01-28,86.12
2024-01-29,91.51
2024-01-30,117.75
2024-01-31,92.75
2024-02-01,96.0
2024-02-02,149.3
2024-02-03,128.07
2024-02-04,113.5
2024-02-05,108.97
2024-02-06,89.7
2024-02-07,85.75
2024-02-08,89.83
2024-02-09,62.98
2024-02-10,58.89
2024-02-11,50.18
2024-02-12,50.57
2024-02-13,56.09
2024-02-14,65.54
2024-02-15,71.49
2024-02-16,71.69
2024-02-17,62.12
2024-02-18,48.19
2024-02-19,51.08
2024-02-20,51.87
2024-02-21,50.87
2024-02-22,43.63
2024-02-23,43.44
2024-02-24,44.3
2024-02-25,41.68
2024-02-26,44.715
2024-02-27,47.75
2024-02-28,93.83
2024-02-29,79.89
2024-03-01,91.35
2024-03-02,85.59
2024-03-03,82.91
2024-03-04,87.46
2024-03-05,91.57
2024-03-06,82.04
2024-03-07,78.68
2024-03-08,68.84
2024-03-09,73.24
2024-03-10,55.79
2024-03-11,50.03
2024-03-12,52.69
2024-03-13,50.81
2024-03-14,54.01
2024-03-15,46.69
2024-03-16,65.14
2024-03-17,90.79
2024-03-18,79.39
2024-03-19,81.12
2024-03-20,86.49
2024-03-21,77.79
2024-03-22,74.69
2024-03-23,81.72
2024-03-24,81.72
2024-03-25,92.93
2024-03-26,97.19
2024-03-27,86.75
2024-03-28,72.59
2024-03-29,66.85
2024-03-30,53.78
2024-03-31,62.62
2024-04-01,52.96
2024-04-02,73.37
2024-04-03,59.73
2024-04-04,75.94
2024-04-05,91.83
2024-04-06,93.08
2024-04-07,103.72
2024-04-08,89.25
2024-04-09,81.93
2024-04-10,49.35
2024-04-11,67.74
2024-04-12,71.03
2024-04-13,56.82
2024-04-14,53.0
2024-04-15,58.02
2024-04-16,53.57
2024-04-17,51.73
2024-04-18,52.43
2024-04-19,50.81
2024-04-20,48.63
2024-04-21,48.6
2024-04-22,51.92
2024-04-23,48.47
2024-04-24,47.185
2024-04-25,45.9
2024-04-26,42.15
2024-04-27,39.4
2024-04-28,39.31
2024-04-29,40.17
2024-04-30,40.18
2024-05-01,42.21
2024-05-02,38.56
2024-05-03,40.74
2024-05-04,40.87
2024-05-05,41.29
2024-05-06,39.59
2024-05-07,37.54
2024-05-08,38.1
2024-05-09,36.35
2024-05-10,36.5
2024-05-11,35.14
2024-05-12,35.14
2024-05-13,30.66
2024-05-14,28.01
2024-05-15,27.82
2024-05-16,30.94
2024-05-17,31.22
2024-05-18,35.141
2024-05-19,35.68
2024-05-20,35.0
2024-05-21,34.77
2024-05-22,29.3
2024-05-23,27.71
2024-05-24,27.03
2024-05-25,26.6
2024-05-26,26.38
2024-05-27,27.4
2024-05-28,26.6
2024-05-29,25.93
2024-05-30,26.79
2024-05-31,25.52
2024-06-01,24.1
2024-06-02,23.86
2024-06-03,23.63
2024-06-04,23.63
2024-06-05,23.28
2024-06-06,22.75
2024-06-07,16.3
2024-06-08,17.2
2024-06-09,18.6
2024-06-10,18.29
2024-06-11,20.49
2024-06-12,19.36
2024-06-13,17.63
2024-06-14,20.53
2024-06-15,19.19
2024-06-16,18.47
2024-06-17,17.64
2024-06-18,18.02
2024-06-19,17.3
2024-06-20,17.3
2024-06-21,18.36
2024-06-22,17.94
2024-06-23,18.11
2024-06-24,17.88
2024-06-25,17.88
2024-06-26,18.14
2024-06-27,17.61
2024-06-28,17.33
2024-06-29,17.33
2024-06-30,17.44
2024-07-01,17.44
2024-07-02,17.55
2024-07-03,17.44
2024-07-04,17.39
2024-07-05,14.67
2024-07-06,14.67
2024-07-07,15.11
2024-07-08,15.04
2024-07-09,15.28
2024-07-10,14.94
2024-07-11,14.94
2024-07-12,14.89
2024-07-13,14.61
2024-07-14,14.45
2024-07-15,14.07
2024-07-16,14.28
2024-07-17,14.28
2024-07-18,13.4
2024-07-19,12.85
2024-07-20,12.31
2024-07-21,12.04
2024-07-22,12.31
2024-07-23,12.15
2024-07-24,12.29
2024-07-25,12.55
2024-07-26,12.48
2024-07-27,12.55
2024-07-28,12.54
2024-07-29,12.46
2024-07-30,12.85
2024-07-31,12.695
2024-08-01,12.54
2024-08-02,12.54
2024-08-03,12.54
2024-08-04,12.54
2024-08-05,12.47
2024-08-06,12.47
2024-08-07,12.47
2024-08-08,11.79
2024-08-09,12.1
2024-08-10,11.99
2024-08-11,12.5
2024-08-12,12.5
2024-08-13,13.28
2024-08-14,12.62
2024-08-15,12.5
2024-08-16,12.43
2024-08-17,12.57
2024-08-18,12.37
2024-08-19,12.5
2024-08-20,12.36
2024-08-21,12.39
2024-08-22,12.23
2024-08-23,12.28
2024-08-24,12.22
2024-08-25,11.82
2024-08-26,12.1
2024-08-27,11.82
2024-08-28,11.46
2024-08-29,11.27
2024-08-30,10.98
2024-08-31,10.98
2024-09-01,10.38
2024-09-02,10.82
2024-09-03,10.42
2024-09-04,11.66
2024-09-05,11.97
2024-09-06,11.59
2024-09-07,11.03
2024-09-08,10.89
2024-09-09,10.2
2024-09-10,10.04
2024-09-11,9.88
2024-09-12,9.88
2024-09-13,9.4
2024-09-14,9.4
2024-09-15,9.79
2024-09-16,10.11
2024-09-17,9.63
2024-09-18,9.55
2024-09-19,9.99
2024-09-20,10.07
2024-09-21,9.4
2024-09-22,8.28
2024-09-23,7.68
2024-09-24,8.47
2024-09-25,9.83
2024-09-26,10.41
2024-09-27,10.17
2024-09-28,13.33
2024-09-29,13.33
2024-09-30,11.89
2024-10-01,11.88
2024-10-02,12.97
2024-10-03,12.72
2024-10-04,12.73
2024-10-05,12.27
2024-10-06,12.2
2024-10-07,11.93
2024-10-08,11.3
2024-10-09,11.14
2024-10-10,12.22
2024-10-11,12.03
2024-10-12,12.08
2024-10-13,15.08
2024-10-14,14.06
2024-10-15,15.54
2024-10-16,16.58
2024-10-17,21.36
2024-10-18,19.0
2024-10-19,19.0
2024-10-20,19.12
2024-10-21,18.13
2024-10-22,17.68
2024-10-23,17.12
2024-10-24,14.42
2024-10-25,13.78
2024-10-26,13.41
2024-10-27,13.41
2024-10-28,14.0
2024-10-29,14.27
2024-10-30,14.13
2024-10-31,14.18
2024-11-01,13.93
2024-11-02,13.85
2024-11-03,14.78
2024-11-04,21.3
2024-11-05,21.83
2024-11-06,23.95
2024-11-07,23.52
2024-11-08,21.76
2024-11-09,24.69
2024-11-10,25.8
2024-11-11,26.6
2024-11-12,24.75
2024-11-13,24.14
2024-11-14,23.42
2024-11-15,23.52
2024-11-16,24.04
2024-11-17,23.97
2024-11-18,23.77
2024-11-19,23.32
2024-11-20,23.39
2024-11-21,20.37
2024-11-22,24.13
2024-11-23,25.29
2024-11-24,25.55
2024-11-25,26.21
2024-11-26,28.57
2024-11-27,29.21
2024-11-28,32.66
2024-11-29,31.14
2024-11-30,35.28
2024-12-01,35.54
2024-12-02,35.31
2024-12-03,36.38
2024-12-04,41.41
2024-12-05,42.39
2024-12-06,37.43
2024-12-07,31.79
2024-12-08,36.76
2024-12-09,39.83
2024-12-10,39.96
2024-12-11,32.71
2024-12-12,40.01
2024-12-13,42.75
2024-12-14,54.75
2024-12-15,65.24
2024-12-16,65.09
2024-12-17,55.9
2024-12-18,62.01
2024-12-19,61.23
2024-12-20,50.01
2024-12-21,46.46
2024-12-22,45.4
2024-12-23,49.37
2024-12-24,51.05
2024-12-25,43.88
2024-12-26,44.72
2024-12-27,44.36
2024-12-28,43.56
2024-12-29,37.92
2024-12-30,43.88
2024-12-31,45.55
