date,discharge_m3s
1985-01-01,171.5
1985-01-02,168.5
1985-01-03,224.5
1985-01-04,255.5
1985-01-05,279.25
1985-01-06,299.13
1985-01-07,380.5
1985-01-08,358.0
1985-01-09,349.25
1985-01-10,369.0
1985-01-11,328.0
1985-01-12,419.25
1985-01-13,361.5
1985-01-14,304.25
1985-01-15,300.25
1985-01-16,334.0
1985-01-17,428.0
1985-01-18,495.5
1985-01-19,395.5
1985-01-20,351.75
1985-01-21,344.0
1985-01-22,284.0
1985-01-23,280.25
1985-01-24,279.25
1985-01-25,265.25
1985-01-26,261.5
1985-01-27,241.75
1985-01-28,249.0
1985-01-29,217.75
1985-01-30,204.5
1985-01-31,200.5
1985-02-01,198.5
1985-02-02,192.5
1985-02-03,212.5
1985-02-04,275.5
1985-02-05,305.5
1985-02-06,266.75
1985-02-07,236.88
1985-02-08,229.0
1985-02-09,209.25
1985-02-10,217.75
1985-02-11,212.5
1985-02-12,231.25
1985-02-13,220.0
1985-02-14,268.0
1985-02-15,274.25
1985-02-16,274.25
1985-02-17,316.75
1985-02-18,314.25
1985-02-19,299.13
1985-02-20,476.75
1985-02-21,406.75
1985-02-22,373.0
1985-02-23,330.5
1985-02-24,335.75
1985-02-25,450.5
1985-02-26,405.5
1985-02-27,361.75
1985-02-28,355.5
1985-03-01,370.5
1985-03-02,394.25
1985-03-03,349.25
1985-03-04,364.25
1985-03-05,326.75
1985-03-06,323.0
1985-03-07,369.25
1985-03-08,324.25
1985-03-09,319.25
1985-03-10,326.75
1985-03-11,349.25
1985-03-12,360.5
1985-03-13,360.5
1985-03-14,351.75
1985-03-15,355.5
1985-03-16,330.0
1985-03-17,283.0
1985-03-18,251.75
1985-03-19,230.13
1985-03-20,225.63
1985-03-21,210.5
1985-03-22,199.5
1985-03-23,192.5
1985-03-24,189.5
1985-03-25,208.5
1985-03-26,204.5
1985-03-27,201.5
1985-03-28,192.5
1985-03-29,192.5
1985-03-30,201.5
1985-03-31,216.34
1985-04-01,215.5
1985-04-02,244.25
1985-04-03,258.0
1985-04-04,268.25
1985-04-05,291.75
1985-04-06,278.0
1985-04-07,277.0
1985-04-08,255.5
1985-04-09,229.0
1985-04-10,232.38
1985-04-11,222.25
1985-04-12,201.5
1985-04-13,203.5
1985-04-14,206.5
1985-04-15,196.5
1985-04-16,207.5
1985-04-17,189.25
1985-04-18,182.5
1985-04-19,181.5
1985-04-20,179.5
1985-04-21,185.5
1985-04-22,186.5
1985-04-23,230.13
1985-04-24,215.5
1985-04-25,209.5
1985-04-26,203.5
1985-04-27,197.5
1985-04-28,183.5
1985-04-29,168.5
1985-04-30,159.5
1985-05-01,155.5
1985-05-02,160.5
1985-05-03,153.5
1985-05-04,146.5
1985-05-05,147.5
1985-05-06,134.63
1985-05-07,132.0
1985-05-08,123.25
1985-05-09,119.75
1985-05-10,118.0
1985-05-11,114.25
1985-05-12,110.5
1985-05-13,112.0
1985-05-14,110.5
1985-05-15,112.0
1985-05-16,110.5
1985-05-17,119.46
1985-05-18,120.63
1985-05-19,118.0
1985-05-20,109.0
1985-05-21,100.75
1985-05-22,98.5
1985-05-23,94.0
1985-05-24,91.75
1985-05-25,85.18
1985-05-26,85.18
1985-05-27,83.63
1985-05-28,83.63
1985-05-29,83.63
1985-05-30,79.01
1985-05-31,79.32
1985-06-01,82.08
1985-06-02,91.75
1985-06-03,97.0
1985-06-04,103.75
1985-06-05,95.5
1985-06-06,102.25
1985-06-07,93.25
1985-06-08,82.86
1985-06-09,79.01
1985-06-10,75.21
1985-06-11,71.44
1985-06-12,68.45
1985-06-13,66.24
1985-06-14,66.24
1985-06-15,62.56
1985-06-16,62.56
1985-06-17,62.56
1985-06-18,62.56
1985-06-19,57.33
1985-06-20,53.86
1985-06-21,51.39
1985-06-22,50.42
1985-06-23,50.42
1985-06-24,50.42
1985-06-25,52.37
1985-06-26,51.39
1985-06-27,49.46
1985-06-28,48.51
1985-06-29,47.11
1985-06-30,46.64
1985-07-01,44.79
1985-07-02,43.89
1985-07-03,42.09
1985-07-04,42.09
1985-07-05,42.09
1985-07-06,42.09
1985-07-07,41.21
1985-07-08,41.21
1985-07-09,41.21
1985-07-10,41.21
1985-07-11,41.21
1985-07-12,40.33
1985-07-13,40.33
1985-07-14,40.33
1985-07-15,39.46
1985-07-16,38.6
1985-07-17,38.6
1985-07-18,37.75
1985-07-19,37.15
1985-07-20,36.56
1985-07-21,36.56
1985-07-22,36.56
1985-07-23,35.98
1985-07-24,35.98
1985-07-25,35.4
1985-07-26,35.12
1985-07-27,34.27
1985-07-28,34.83
1985-07-29,34.83
1985-07-30,34.83
1985-07-31,33.71
1985-08-01,33.71
1985-08-02,33.16
1985-08-03,33.16
1985-08-04,32.61
1985-08-05,32.64
1985-08-06,31.54
1985-08-07,31.54
1985-08-08,31.54
1985-08-09,31.54
1985-08-10,31.54
1985-08-11,31.54
1985-08-12,31.54
1985-08-13,31.54
1985-08-14,31.54
1985-08-15,31.54
1985-08-16,31.01
1985-08-17,31.01
1985-08-18,31.01
1985-08-19,31.01
1985-08-20,31.01
1985-08-21,30.48
1985-08-22,30.48
1985-08-23,30.48
1985-08-24,29.97
1985-08-25,29.97
1985-08-26,29.97
1985-08-27,29.97
1985-08-28,29.97
1985-08-29,30.48
1985-08-30,30.48
1985-08-31,30.75
1985-09-01,31.01
1985-09-02,31.54
1985-09-03,31.54
1985-09-04,31.54
1985-09-05,31.54
1985-09-06,31.01
1985-09-07,30.48
1985-09-08,29.97
1985-09-09,29.45
1985-09-10,29.45
1985-09-11,29.2
1985-09-12,28.94
1985-09-13,29.45
1985-09-14,30.48
1985-09-15,30.48
1985-09-16,33.16
1985-09-17,41.21
1985-09-18,41.21
1985-09-19,42.09
1985-09-20,41.21
1985-09-21,60.14
1985-09-22,54.87
1985-09-23,52.87
1985-09-24,51.39
1985-09-25,46.64
1985-09-26,40.77
1985-09-27,40.33
1985-09-28,39.46
1985-09-29,39.03
1985-09-30,44.79
1985-10-01,44.79
1985-10-02,43.89
1985-10-03,42.99
1985-10-04,41.21
1985-10-05,40.33
1985-10-06,37.15
1985-10-07,35.98
1985-10-08,35.98
1985-10-09,35.98
1985-10-10,35.98
1985-10-11,34.27
1985-10-12,35.4
1985-10-13,38.6
1985-10-14,43.89
1985-10-15,42.99
1985-10-16,43.89
1985-10-17,42.99
1985-10-18,40.33
1985-10-19,39.46
1985-10-20,37.45
1985-10-21,36.56
1985-10-22,34.83
1985-10-23,34.83
1985-10-24,34.27
1985-10-25,36.56
1985-10-26,37.15
1985-10-27,39.46
1985-10-28,38.6
1985-10-29,38.6
1985-10-30,40.33
1985-10-31,42.09
1985-11-01,48.09258064516129
1985-11-02,54.09516129032258
1986-01-01,414.25
1986-01-02,389.25
1986-01-03,299.13
1986-01-04,284.25
1986-01-05,323.0
1986-01-06,331.75
1986-01-07,300.25
1986-01-08,343.0
1986-01-09,291.75
1986-01-10,241.75
1986-01-11,279.25
1986-01-12,289.25
1986-01-13,286.75
1986-01-14,253.5
1986-01-15,280.5
1986-01-16,286.75
1986-01-17,256.75
1986-01-18,248.25
1986-01-19,256.75
1986-01-20,249.25
1986-01-21,280.5
1986-01-22,275.5
1986-01-23,275.25
1986-01-24,253.0
1986-01-25,230.13
1986-01-26,216.63
1986-01-27,204.5
1986-01-28,199.5
1986-01-29,183.5
1986-01-30,179.5
1986-01-31,203.5
1986-02-01,185.5
1986-02-02,194.5
1986-02-03,203.5
1986-02-04,227.88
1986-02-05,304.25
1986-02-06,279.25
1986-02-07,241.75
1986-02-08,262.5
1986-02-09,334.25
1986-02-10,321.75
1986-02-11,315.25
1986-02-12,306.75
1986-02-13,320.5
1986-02-14,308.0
1986-02-15,334.75
1986-02-16,315.5
1986-02-17,305.5
1986-02-18,345.5
1986-02-19,356.75
1986-02-20,411.75
1986-02-21,438.0
1986-02-22,435.5
1986-02-23,371.75
1986-02-24,360.25
1986-02-25,323.0
1986-02-26,317.0
1986-02-27,315.5
1986-02-28,309.25
1986-03-01,310.5
1986-03-02,353.0
1986-03-03,389.25
1986-03-04,379.25
1986-03-05,379.25
1986-03-06,454.25
1986-03-07,464.25
1986-03-08,446.75
1986-03-09,510.5
1986-03-10,560.0
1986-03-11,504.5
1986-03-12,513.0
1986-03-13,508.0
1986-03-14,523.0
1986-03-15,483.0
1986-03-16,445.5
1986-03-17,561.75
1986-03-18,541.75
1986-03-19,498.0
1986-03-20,455.25
1986-03-21,505.5
1986-03-22,483.0
1986-03-23,458.0
1986-03-24,418.0
1986-03-25,432.75
1986-03-26,384.0
1986-03-27,365.5
1986-03-28,360.5
1986-03-29,339.25
1986-03-30,296.75
1986-03-31,295.5
1986-04-01,266.75
1986-04-02,255.5
1986-04-03,269.25
1986-04-04,269.25
1986-04-05,289.25
1986-04-06,279.25
1986-04-07,284.25
1986-04-08,362.75
1986-04-09,343.0
1986-04-10,294.25
1986-04-11,276.5
1986-04-12,276.75
1986-04-13,266.75
1986-04-14,268.0
1986-04-15,260.25
1986-04-16,260.0
1986-04-17,251.75
1986-04-18,234.63
1986-04-19,216.63
1986-04-20,203.5
1986-04-21,191.5
1986-04-22,183.5
1986-04-23,177.5
1986-04-24,161.5
1986-04-25,161.5
1986-04-26,159.5
1986-04-27,160.5
1986-04-28,158.5
1986-04-29,170.5
1986-04-30,190.5
1986-05-01,185.5
1986-05-02,170.5
1986-05-03,165.5
1986-05-04,164.5
1986-05-05,173.5
1986-05-06,170.5
1986-05-07,162.75
1986-05-08,151.5
1986-05-09,132.88
1986-05-10,129.38
1986-05-11,125.88
1986-05-12,119.75
1986-05-13,112.0
1986-05-14,107.5
1986-05-15,106.75
1986-05-16,106.0
1986-05-17,106.0
1986-05-18,106.0
1986-05-19,103.0
1986-05-20,103.2
1986-05-21,100.0
1986-05-22,95.5
1986-05-23,91.75
1986-05-24,89.5
1986-05-25,86.74
1986-05-26,86.74
1986-05-27,85.18
1986-05-28,81.31
1986-05-29,78.25
1986-05-30,75.96
1986-05-31,74.45
1986-06-01,71.44
1986-06-02,71.44
1986-06-03,68.45
1986-06-04,66.97
1986-06-05,66.97
1986-06-06,65.5
1986-06-07,64.77
1986-06-08,62.56
1986-06-09,61.84
1986-06-10,58.21
1986-06-11,56.85
1986-06-12,58.21
1986-06-13,54.36
1986-06-14,54.36
1986-06-15,53.86
1986-06-16,53.86
1986-06-17,53.36
1986-06-18,52.37
1986-06-19,50.91
1986-06-20,49.46
1986-06-21,49.46
1986-06-22,48.51
1986-06-23,48.51
1986-06-24,48.51
1986-06-25,46.64
1986-06-26,46.64
1986-06-27,46.64
1986-06-28,46.18
1986-06-29,45.71
1986-06-30,44.79
1986-07-01,44.79
1986-07-02,44.79
1986-07-03,44.79
1986-07-04,42.99
1986-07-05,42.09
1986-07-06,41.65
1986-07-07,41.21
1986-07-08,41.21
1986-07-09,40.33
1986-07-10,40.55
1986-07-11,39.46
1986-07-12,39.25
1986-07-13,38.39
1986-07-14,37.75
1986-07-15,37.45
1986-07-16,37.75
1986-07-17,39.46
1986-07-18,38.6
1986-07-19,38.6
1986-07-20,39.46
1986-07-21,39.46
1986-07-22,38.6
1986-07-23,38.6
1986-07-24,38.6
1986-07-25,39.46
1986-07-26,38.6
1986-07-27,38.6
1986-07-28,37.15
1986-07-29,36.56
1986-07-30,36.56
1986-07-31,35.98
1986-08-01,34.83
1986-08-02,34.27
1986-08-03,33.71
1986-08-04,33.16
1986-08-05,33.16
1986-08-06,33.71
1986-08-07,33.16
1986-08-08,32.89
1986-08-09,33.16
1986-08-10,33.16
1986-08-11,33.71
1986-08-12,33.71
1986-08-13,33.44
1986-08-14,33.16
1986-08-15,32.61
1986-08-16,32.61
1986-08-17,32.61
1986-08-18,32.61
1986-08-19,34.27
1986-08-20,35.4
1986-08-21,34.27
1986-08-22,34.27
1986-08-23,33.71
1986-08-24,33.71
1986-08-25,32.89
1986-08-26,31.54
1986-08-27,31.54
1986-08-28,31.54
1986-08-29,31.01
1986-08-30,35.4
1986-08-31,34.83
1986-09-01,35.69
1986-09-02,33.71
1986-09-03,33.16
1986-09-04,33.16
1986-09-05,32.89
1986-09-06,32.07
1986-09-07,32.07
1986-09-08,32.07
1986-09-09,31.54
1986-09-10,31.54
1986-09-11,30.75
1986-09-12,30.48
1986-09-13,30.48
1986-09-14,31.54
1986-09-15,31.81
1986-09-16,31.54
1986-09-17,36.27
1986-09-18,35.12
1986-09-19,35.12
1986-09-20,35.98
1986-09-21,35.69
1986-09-22,35.4
1986-09-23,34.55
1986-09-24,35.12
1986-09-25,35.4
1986-09-26,35.4
1986-09-27,54.87
1986-09-28,44.79
1986-09-29,43.44
1986-09-30,41.21
1986-10-01,38.6
1986-10-02,37.15
1986-10-03,36.56
1986-10-04,37.75
1986-10-05,36.56
1986-10-06,35.4
1986-10-07,35.4
1986-10-08,36.56
1986-10-09,35.4
1986-10-10,35.4
1986-10-11,35.4
1986-10-12,43.89
1986-10-13,43.89
1986-10-14,38.39
1986-10-15,35.4
1986-10-16,37.45
1986-10-17,35.12
1986-10-18,34.83
1986-10-19,41.21
1986-10-20,42.09
1986-10-21,39.9
1986-10-22,38.6
1986-10-23,35.69
1986-10-24,35.4
1986-10-25,35.98
1986-10-26,35.69
1986-10-27,35.12
1986-10-28,35.69
1986-10-29,35.4
1986-10-30,36.56
1986-10-31,36.56
1986-11-01,36.56
1986-11-02,36.56
1986-11-03,39.46
1986-11-04,45.71
1986-11-05,49.46
1986-11-06,81.31
1986-11-07,69.2
1986-11-08,60.39
1986-11-09,52.37
1986-11-10,47.57
1986-11-11,48.51
1986-11-12,49.46
1986-11-13,48.51
1986-11-14,42.99
1986-11-15,41.21
1986-11-16,42.99
1986-11-17,47.57
1986-11-18,52.87
1986-11-19,51.39
1986-11-20,50.91
1986-11-21,46.64
1986-11-22,54.87
1986-11-23,56.14
1986-11-24,73.7
1986-11-25,77.48
1986-11-26,71.44
1986-11-27,61.84
1986-11-28,54.87
1986-11-29,48.99
1986-11-30,46.64
1986-12-01,46.18
1986-12-02,44.79
1986-12-03,43.89
1986-12-04,44.34
1986-12-05,44.79
1986-12-06,42.54
1986-12-07,45.71
1986-12-08,65.5
1986-12-09,69.2
1986-12-10,85.18
1986-12-11,85.7
1986-12-12,74.45
1986-12-13,74.45
1986-12-14,106.0
1986-12-15,97.75
1986-12-16,85.96
1986-12-17,67.71
1986-12-18,74.2
1986-12-19,68.45
1986-12-20,98.5
1986-12-21,118.0
1986-12-22,117.25
1986-12-23,104.5
1986-12-24,90.25
1986-12-25,97.75
1986-12-26,96.25
1986-12-27,90.25
1986-12-28,93.25
1986-12-29,88.12
1986-12-30,93.5
1986-12-31,103.2
1987-01-01,103.0
1987-01-02,122.38
1987-01-03,114.5
1987-01-04,136.5
1987-01-05,223.38
1987-01-06,214.5
1987-01-07,294.25
1987-01-08,321.75
1987-01-09,270.5
1987-01-10,369.25
1987-01-11,318.0
1987-01-12,348.0
1987-01-13,274.25
1987-01-14,232.38
1987-01-15,348.0
1987-01-16,351.75
1987-01-17,311.75
1987-01-18,306.75
1987-01-19,293.0
1987-01-20,244.5
1987-01-21,273.0
1987-01-22,335.5
1987-01-23,439.25
1987-01-24,495.5
1987-01-25,496.5
1987-01-26,444.25
1987-01-27,576.75
1987-01-28,609.25
1987-01-29,606.75
1987-01-30,569.25
1987-01-31,445.5
1987-02-01,383.0
1987-02-02,328.0
1987-02-03,310.5
1987-02-04,305.5
1987-02-05,289.25
1987-02-06,250.5
1987-02-07,226.75
1987-02-08,212.5
1987-02-09,210.5
1987-02-10,280.5
1987-02-11,258.0
1987-02-12,326.75
1987-02-13,313.0
1987-02-14,316.75
1987-02-15,296.5
1987-02-16,299.13
1987-02-17,271.75
1987-02-18,233.5
1987-02-19,223.38
1987-02-20,220.0
1987-02-21,209.5
1987-02-22,201.5
1987-02-23,180.5
1987-02-24,192.5
1987-02-25,179.5
1987-02-26,176.5
1987-02-27,200.0
1987-02-28,182.5
1987-03-01,179.5
1987-03-02,185.5
1987-03-03,185.5
1987-03-04,182.5
1987-03-05,174.5
1987-03-06,161.5
1987-03-07,153.5
1987-03-08,201.5
1987-03-09,181.5
1987-03-10,160.5
1987-03-11,140.5
1987-03-12,143.5
1987-03-13,141.5
1987-03-14,136.5
1987-03-15,135.5
1987-03-16,120.63
1987-03-17,115.5
1987-03-18,108.0
1987-03-19,103.0
1987-03-20,100.5
1987-03-21,90.25
1987-03-22,120.63
1987-03-23,138.5
1987-03-24,118.88
1987-03-25,113.5
1987-03-26,108.25
1987-03-27,101.5
1987-03-28,100.0
1987-03-29,99.25
1987-03-30,112.0
1987-03-31,136.5
1987-04-01,109.75
1987-04-02,102.25
1987-04-03,106.75
1987-04-04,114.25
1987-04-05,106.0
1987-04-06,94.0
1987-04-07,88.12
1987-04-08,85.96
1987-04-09,79.01
1987-04-10,72.94
1987-04-11,74.45
1987-04-12,75.21
1987-04-13,74.45
1987-04-14,72.94
1987-04-15,74.45
1987-04-16,86.74
1987-04-17,91.0
1987-04-18,84.41
1987-04-19,96.25
1987-04-20,91.75
1987-04-21,82.86
1987-04-22,80.54
1987-04-23,85.96
1987-04-24,86.74
1987-04-25,80.54
1987-04-26,79.01
1987-04-27,75.21
1987-04-28,70.69
1987-04-29,68.45
1987-04-30,64.77
1987-05-01,62.56
1987-05-02,61.11
1987-05-03,57.53
1987-05-04,54.36
1987-05-05,54.36
1987-05-06,54.36
1987-05-07,53.36
1987-05-08,53.36
1987-05-09,52.37
1987-05-10,51.39
1987-05-11,50.42
1987-05-12,48.51
1987-05-13,47.57
1987-05-14,46.64
1987-05-15,46.64
1987-05-16,46.64
1987-05-17,45.71
1987-05-18,45.71
1987-05-19,44.79
1987-05-20,44.79
1987-05-21,43.89
1987-05-22,43.89
1987-05-23,43.89
1987-05-24,42.99
1987-05-25,42.09
1987-05-26,42.54
1987-05-27,42.32
1987-05-28,42.54
1987-05-29,40.33
1987-05-30,39.03
1987-05-31,37.75
1987-06-01,37.75
1987-06-02,37.75
1987-06-03,37.15
1987-06-04,37.15
1987-06-05,37.15
1987-06-06,36.56
1987-06-07,36.56
1987-06-08,35.98
1987-06-09,35.98
1987-06-10,35.4
1987-06-11,35.4
1987-06-12,34.83
1987-06-13,34.83
1987-06-14,34.27
1987-06-15,34.27
1987-06-16,34.27
1987-06-17,34.27
1987-06-18,33.71
1987-06-19,33.71
1987-06-20,33.16
1987-06-21,33.16
1987-06-22,33.16
1987-06-23,33.16
1987-06-24,32.61
1987-06-25,33.16
1987-06-26,35.4
1987-06-27,35.4
1987-06-28,34.83
1987-06-29,34.27
1987-06-30,33.16
1987-07-01,32.61
1987-07-02,35.69
1987-07-03,42.54
1987-07-04,46.64
1987-07-05,43.89
1987-07-06,40.33
1987-07-07,38.6
1987-07-08,37.15
1987-07-09,36.56
1987-07-10,35.4
1987-07-11,35.98
1987-07-12,34.83
1987-07-13,34.27
1987-07-14,33.16
1987-07-15,33.16
1987-07-16,32.61
1987-07-17,32.61
1987-07-18,32.61
1987-07-19,32.07
1987-07-20,31.54
1987-07-21,32.07
1987-07-22,32.07
1987-07-23,31.54
1987-07-24,31.01
1987-07-25,30.48
1987-07-26,29.97
1987-07-27,29.97
1987-07-28,30.48
1987-07-29,29.97
1987-07-30,29.97
1987-07-31,29.97
1987-08-01,29.97
1987-08-02,29.45
1987-08-03,28.94
1987-08-04,28.94
1987-08-05,28.94
1987-08-06,28.94
1987-08-07,28.94
1987-08-08,28.44
1987-08-09,28.44
1987-08-10,28.44
1987-08-11,28.44
1987-08-12,28.44
1987-08-13,28.44
1987-08-14,28.94
1987-08-15,28.94
1987-08-16,28.94
1987-08-17,28.94
1987-08-18,28.44
1987-08-19,28.44
1987-08-20,28.44
1987-08-21,28.44
1987-08-22,28.44
1987-08-23,28.44
1987-08-24,28.44
1987-08-25,28.44
1987-08-26,28.44
1987-08-27,27.94
1987-08-28,27.94
1987-08-29,27.94
1987-08-30,27.94
1987-08-31,28.44
1987-09-01,28.94
1987-09-02,29.45
1987-09-03,27.94
1987-09-04,27.94
1987-09-05,27.94
1987-09-06,29.45
1987-09-07,29.45
1987-09-08,29.97
1987-09-09,29.45
1987-09-10,29.45
1987-09-11,29.45
1987-09-12,30.48
1987-09-13,29.97
1987-09-14,29.97
1987-09-15,29.45
1987-09-16,29.45
1987-09-17,29.45
1987-09-18,29.45
1987-09-19,29.45
1987-09-20,29.45
1987-09-21,30.48
1987-09-22,31.28
1987-09-23,29.97
1987-09-24,29.97
1987-09-25,30.48
1987-09-26,30.48
1987-09-27,31.01
1987-09-28,31.01
1987-09-29,35.4
1987-09-30,33.99
1987-10-01,34.83
1987-10-02,32.89
1987-10-03,33.71
1987-10-04,33.16
1987-10-05,33.16
1987-10-06,33.71
1987-10-07,34.83
1987-10-08,33.99
1987-10-09,33.71
1987-10-10,33.71
1987-10-11,33.44
1987-10-12,35.12
1987-10-13,45.94
1987-10-14,40.77
1987-10-15,38.18
1987-10-16,37.45
1987-10-17,39.03
1987-10-18,45.25
1987-10-19,85.96
1987-10-20,60.39
1987-10-21,57.53
1987-10-22,57.53
1987-10-23,50.91
1987-10-24,45.71
1987-10-25,42.09
1987-10-26,36.86
1987-10-27,38.18
1987-10-28,36.56
1987-10-29,39.03
1987-10-30,39.9
1987-10-31,41.43
1987-11-01,40.33
1987-11-02,40.77
1987-11-03,40.77
1987-11-04,41.65
1987-11-05,50.42
1987-11-06,49.46
1987-11-07,70.69
1987-11-08,89.5
1987-11-09,85.96
1987-11-10,70.69
1987-11-11,70.69
1987-11-12,83.63
1987-11-13,72.94
1987-11-14,69.94
1987-11-15,108.25
1987-11-16,75.96
1987-11-17,106.75
1987-11-18,89.5
1987-11-19,76.72
1987-11-20,69.2
1987-11-21,74.45
1987-11-22,85.18
1987-11-23,78.25
1987-11-24,86.74
1987-11-25,108.25
1987-11-26,118.88
1987-11-27,125.0
1987-11-28,154.5
1987-11-29,264.25
1987-11-30,242.5
1987-12-01,239.75
1987-12-02,225.63
1987-12-03,199.0
1987-12-04,158.5
1987-12-05,138.5
1987-12-06,162.5
1987-12-07,142.5
1987-12-08,137.0
1987-12-09,145.5
1987-12-10,148.5
1987-12-11,143.5
1987-12-12,135.75
1987-12-13,183.5
1987-12-14,288.0
1987-12-15,310.5
1987-12-16,275.5
1987-12-17,213.5
1987-12-18,185.5
1987-12-19,161.5
1987-12-20,143.5
1987-12-21,127.63
1987-12-22,122.38
1987-12-23,143.5
1987-12-24,119.17
1987-12-25,138.75
1987-12-26,184.5
1987-12-27,176.5
1987-12-28,178.5
1987-12-29,173.5
1987-12-30,142.75
1987-12-31,122.38
1988-01-01,120.63
1988-01-02,125.0
1988-01-03,208.5
1988-01-04,178.5
1988-01-05,162.25
1988-01-06,160.5
1988-01-07,156.5
1988-01-08,154.5
1988-01-09,176.5
1988-01-10,180.5
1988-01-11,276.75
1988-01-12,242.0
1988-01-13,235.75
1988-01-14,265.5
1988-01-15,222.25
1988-01-16,274.25
1988-01-17,264.5
1988-01-18,278.0
1988-01-19,359.25
1988-01-20,338.0
1988-01-21,306.75
1988-01-22,441.75
1988-01-23,371.75
1988-01-24,366.75
1988-01-25,530.5
1988-01-26,469.0
1988-01-27,399.25
1988-01-28,403.0
1988-01-29,416.75
1988-01-30,344.0
1988-01-31,301.63
1988-02-01,273.0
1988-02-02,276.75
1988-02-03,373.0
1988-02-04,378.0
1988-02-05,379.25
1988-02-06,394.25
1988-02-07,339.25
1988-02-08,284.25
1988-02-09,251.75
1988-02-10,246.75
1988-02-11,258.0
1988-02-12,241.75
1988-02-13,214.5
1988-02-14,261.75
1988-02-15,290.5
1988-02-16,361.75
1988-02-17,296.75
1988-02-18,243.5
1988-02-19,211.13
1988-02-20,231.25
1988-02-21,209.5
1988-02-22,265.5
1988-02-23,270.5
1988-02-24,232.38
1988-02-25,201.5
1988-02-26,187.5
1988-02-27,173.5
1988-02-28,157.5
1988-02-29,160.5
1988-03-01,156.5
1988-03-02,141.5
1988-03-03,140.5
1988-03-04,136.5
1988-03-05,130.25
1988-03-06,170.5
1988-03-07,162.5
1988-03-08,159.5
1988-03-09,276.75
1988-03-10,310.5
1988-03-11,300.25
1988-03-12,299.13
1988-03-13,477.0
1988-03-14,353.0
1988-03-15,300.25
1988-03-16,370.5
1988-03-17,323.0
1988-03-18,324.25
1988-03-19,344.25
1988-03-20,293.0
1988-03-21,344.25
1988-03-22,354.25
1988-03-23,350.5
1988-03-24,420.5
1988-03-25,384.25
1988-03-26,384.25
1988-03-27,348.0
1988-03-28,349.25
1988-03-29,335.5
1988-03-30,321.75
1988-03-31,409.25
1988-04-01,426.75
1988-04-02,453.0
1988-04-03,418.0
1988-04-04,386.75
1988-04-05,434.25
1988-04-06,444.25
1988-04-07,470.5
1988-04-08,463.0
1988-04-09,404.25
1988-04-10,486.75
1988-04-11,416.75
1988-04-12,406.0
1988-04-13,356.75
1988-04-14,349.25
1988-04-15,338.0
1988-04-16,308.0
1988-04-17,278.0
1988-04-18,245.5
1988-04-19,224.5
1988-04-20,209.5
1988-04-21,206.5
1988-04-22,200.5
1988-04-23,196.5
1988-04-24,204.5
1988-04-25,221.13
1988-04-26,200.5
1988-04-27,215.5
1988-04-28,186.5
1988-04-29,201.5
1988-04-30,199.5
1988-05-01,190.5
1988-05-02,172.5
1988-05-03,158.5
1988-05-04,155.5
1988-05-05,148.5
1988-05-06,140.25
1988-05-07,137.5
1988-05-08,131.13
1988-05-09,122.38
1988-05-10,120.63
1988-05-11,117.5
1988-05-12,117.0
1988-05-13,115.0
1988-05-14,106.0
1988-05-15,105.25
1988-05-16,103.0
1988-05-17,97.75
1988-05-18,95.9
1988-05-19,91.0
1988-05-20,89.5
1988-05-21,86.74
1988-05-22,86.74
1988-05-23,86.74
1988-05-24,85.18
1988-05-25,82.86
1988-05-26,82.08
1988-05-27,75.96
1988-05-28,80.54
1988-05-29,76.72
1988-05-30,74.45
1988-05-31,72.19
1988-06-01,69.2
1988-06-02,69.94
1988-06-03,64.03
1988-06-04,62.56
1988-06-05,59.66
1988-06-06,57.53
1988-06-07,54.36
1988-06-08,54.36
1988-06-09,54.36
1988-06-10,53.36
1988-06-11,52.37
1988-06-12,51.39
1988-06-13,49.94
1988-06-14,49.46
1988-06-15,48.51
1988-06-16,48.04
1988-06-17,47.57
1988-06-18,46.64
1988-06-19,46.64
1988-06-20,45.71
1988-06-21,44.79
1988-06-22,44.79
1988-06-23,43.89
1988-06-24,43.89
1988-06-25,42.99
1988-06-26,42.99
1988-06-27,42.99
1988-06-28,42.99
1988-06-29,42.09
1988-06-30,42.09
1988-07-01,42.09
1988-07-02,42.09
1988-07-03,41.21
1988-07-04,39.9
1988-07-05,39.46
1988-07-06,39.46
1988-07-07,39.46
1988-07-08,39.03
1988-07-09,38.6
1988-07-10,38.6
1988-07-11,37.75
1988-07-12,37.45
1988-07-13,37.15
1988-07-14,37.15
1988-07-15,36.56
1988-07-16,36.97
1988-07-17,35.98
1988-07-18,35.4
1988-07-19,35.12
1988-07-20,34.83
1988-07-21,34.55
1988-07-22,34.27
1988-07-23,34.27
1988-07-24,34.27
1988-07-25,34.27
1988-07-26,34.27
1988-07-27,33.71
1988-07-28,33.71
1988-07-29,33.71
1988-07-30,33.71
1988-07-31,33.71
1988-08-01,33.16
1988-08-02,32.61
1988-08-03,32.61
1988-08-04,32.61
1988-08-05,32.61
1988-08-06,32.61
1988-08-07,32.61
1988-08-08,32.61
1988-08-09,32.61
1988-08-10,32.07
1988-08-11,31.54
1988-08-12,31.01
1988-08-13,31.01
1988-08-14,31.01
1988-08-15,31.01
1988-08-16,31.01
1988-08-17,31.01
1988-08-18,31.01
1988-08-19,30.48
1988-08-20,30.48
1988-08-21,30.48
1988-08-22,29.97
1988-08-23,29.97
1988-08-24,29.97
1988-08-25,30.48
1988-08-26,29.45
1988-08-27,29.97
1988-08-28,29.97
1988-08-29,29.71
1988-08-30,29.45
1988-08-31,30.23
1988-09-01,29.97
1988-09-02,29.97
1988-09-03,29.97
1988-09-04,29.97
1988-09-05,29.97
1988-09-06,29.97
1988-09-07,29.97
1988-09-08,29.97
1988-09-09,30.48
1988-09-10,30.48
1988-09-11,30.48
1988-09-12,31.01
1988-09-13,32.34
1988-09-14,32.61
1988-09-15,32.34
1988-09-16,32.61
1988-09-17,32.07
1988-09-18,31.01
1988-09-19,31.01
1988-09-20,30.48
1988-09-21,30.48
1988-09-22,30.48
1988-09-23,31.01
1988-09-24,32.07
1988-09-25,32.61
1988-09-26,32.61
1988-09-27,32.61
1988-09-28,33.99
1988-09-29,32.89
1988-09-30,33.16
1988-10-01,31.01
1988-10-02,31.01
1988-10-03,35.4
1988-10-04,32.07
1988-10-05,31.54
1988-10-06,32.89
1988-10-07,35.4
1988-10-08,34.83
1988-10-09,33.16
1988-10-10,35.12
1988-10-11,34.27
1988-10-12,38.18
1988-10-13,35.69
1988-10-14,35.12
1988-10-15,34.83
1988-10-16,33.71
1988-10-17,32.61
1988-10-18,32.07
1988-10-19,32.89
1988-10-20,33.44
1988-10-21,33.44
1988-10-22,33.16
1988-10-23,34.27
1988-10-24,32.34
1988-10-25,32.61
1988-10-26,34.83
1988-10-27,56.39
1988-10-28,42.99
1988-10-29,38.6
1988-10-30,37.75
1988-10-31,37.75
1988-11-01,38.18
1988-11-02,44.79
1988-11-03,51.88
1988-11-04,47.11
1988-11-05,47.57
1988-11-06,46.18
1988-11-07,43.44
1988-11-08,42.09
1988-11-09,42.54
1988-11-10,39.9
1988-11-11,40.33
1988-11-12,38.18
1988-11-13,41.21
1988-11-14,44.34
1988-11-15,42.99
1988-11-16,43.89
1988-11-17,45.71
1988-11-18,42.09
1988-11-19,40.77
1988-11-20,40.33
1988-11-21,39.9
1988-11-22,40.33
1988-11-23,38.18
1988-11-24,37.15
1988-11-25,36.56
1988-11-26,38.18
1988-11-27,38.39
1988-11-28,38.18
1988-11-29,38.6
1988-11-30,37.75
1988-12-01,36.86
1988-12-02,43.44
1988-12-03,41.21
1988-12-04,43.89
1988-12-05,42.99
1988-12-06,47.11
1988-12-07,46.18
1988-12-08,53.86
1988-12-09,48.51
1988-12-10,42.99
1988-12-11,40.33
1988-12-12,41.21
1988-12-13,38.6
1988-12-14,38.82
1988-12-15,72.19
1988-12-16,63.05
1988-12-17,72.94
1988-12-18,80.54
1988-12-19,83.63
1988-12-20,61.84
1988-12-21,56.85
1988-12-22,58.215
1988-12-23,51.88
1988-12-24,72.94
1988-12-25,79.78
1988-12-26,96.25
1988-12-27,134.63
1988-12-28,125.29
1988-12-29,125.88
1988-12-30,122.38
1988-12-31,115.75
1989-01-01,119.75
1989-01-02,154.5
1989-01-03,185.5
1989-01-04,174.5
1989-01-05,167.5
1989-01-06,196.5
1989-01-07,181.5
1989-01-08,204.5
1989-01-09,216.63
1989-01-10,227.88
1989-01-11,216.63
1989-01-12,194.5
1989-01-13,187.5
1989-01-14,186.5
1989-01-15,173.5
1989-01-16,152.5
1989-01-17,147.5
1989-01-18,136.5
1989-01-19,149.5
1989-01-20,151.5
1989-01-21,138.5
1989-01-22,138.5
1989-01-23,156.5
1989-01-24,160.5
1989-01-25,214.5
1989-01-26,225.63
1989-01-27,232.94
1989-01-28,343.0
1989-01-29,404.25
1989-01-30,410.5
1989-01-31,475.25
1989-02-01,366.75
1989-02-02,294.25
1989-02-03,361.75
1989-02-04,425.5
1989-02-05,400.5
1989-02-06,429.25
1989-02-07,394.25
1989-02-08,400.5
1989-02-09,410.5
1989-02-10,443.0
1989-02-11,346.75
1989-02-12,284.25
1989-02-13,259.25
1989-02-14,217.75
1989-02-15,202.5
1989-02-16,269.25
1989-02-17,232.38
1989-02-18,233.5
1989-02-19,230.13
1989-02-20,241.5
1989-02-21,213.5
1989-02-22,241.5
1989-02-23,210.5
1989-02-24,229.0
1989-02-25,254.25
1989-02-26,291.75
1989-02-27,339.25
1989-02-28,270.5
1989-03-01,231.25
1989-03-02,217.75
1989-03-03,249.25
1989-03-04,254.5
1989-03-05,240.5
1989-03-06,351.75
1989-03-07,461.75
1989-03-08,466.75
1989-03-09,421.75
1989-03-10,404.25
1989-03-11,453.0
1989-03-12,487.0
1989-03-13,518.0
1989-03-14,466.75
1989-03-15,440.25
1989-03-16,419.25
1989-03-17,354.25
1989-03-18,315.5
1989-03-19,278.25
1989-03-20,254.25
1989-03-21,245.5
1989-03-22,243.0
1989-03-23,264.0
1989-03-24,249.25
1989-03-25,235.75
1989-03-26,254.25
1989-03-27,308.0
1989-03-28,279.25
1989-03-29,293.0
1989-03-30,261.75
1989-03-31,251.75
1989-04-01,271.75
1989-04-02,271.75
1989-04-03,369.25
1989-04-04,310.5
1989-04-05,285.5
1989-04-06,281.75
1989-04-07,274.25
1989-04-08,233.5
1989-04-09,213.5
1989-04-10,211.5
1989-04-11,198.5
1989-04-12,188.5
1989-04-13,182.5
1989-04-14,181.5
1989-04-15,162.5
1989-04-16,168.5
1989-04-17,160.5
1989-04-18,157.5
1989-04-19,159.5
1989-04-20,154.5
1989-04-21,155.5
1989-04-22,140.5
1989-04-23,138.5
1989-04-24,135.5
1989-04-25,132.88
1989-04-26,132.0
1989-04-27,154.5
1989-04-28,159.5
1989-04-29,144.5
1989-04-30,136.5
1989-05-01,133.75
1989-05-02,125.0
1989-05-03,115.75
1989-05-04,110.0
1989-05-05,102.25
1989-05-06,100.0
1989-05-07,103.0
1989-05-08,102.25
1989-05-09,101.5
1989-05-10,97.75
1989-05-11,91.75
1989-05-12,85.96
1989-05-13,79.78
1989-05-14,77.48
1989-05-15,75.96
1989-05-16,74.45
1989-05-17,74.45
1989-05-18,72.19
1989-05-19,70.69
1989-05-20,71.44
1989-05-21,68.45
1989-05-22,67.71
1989-05-23,66.97
1989-05-24,65.5
1989-05-25,65.5
1989-05-26,61.11
1989-05-27,59.66
1989-05-28,58.21
1989-05-29,56.85
1989-05-30,53.36
1989-05-31,53.36
1989-06-01,56.85
1989-06-02,65.5
1989-06-03,68.45
1989-06-04,64.03
1989-06-05,61.11
1989-06-06,64.03
1989-06-07,60.39
1989-06-08,60.39
1989-06-09,53.36
1989-06-10,61.11
1989-06-11,59.66
1989-06-12,49.46
1989-06-13,48.51
1989-06-14,46.64
1989-06-15,46.64
1989-06-16,43.89
1989-06-17,43.89
1989-06-18,46.64
1989-06-19,44.79
1989-06-20,45.71
1989-06-21,44.79
1989-06-22,44.79
1989-06-23,44.79
1989-06-24,41.21
1989-06-25,40.33
1989-06-26,40.33
1989-06-27,40.33
1989-06-28,40.33
1989-06-29,41.21
1989-06-30,39.9
1989-07-01,37.75
1989-07-02,37.75
1989-07-03,37.75
1989-07-04,37.15
1989-07-05,36.56
1989-07-06,36.56
1989-07-07,35.4
1989-07-08,35.98
1989-07-09,35.4
1989-07-10,35.98
1989-07-11,35.4
1989-07-12,35.4
1989-07-13,34.83
1989-07-14,34.27
1989-07-15,34.27
1989-07-16,34.83
1989-07-17,35.4
1989-07-18,35.4
1989-07-19,34.27
1989-07-20,34.83
1989-07-21,33.16
1989-07-22,33.16
1989-07-23,33.16
1989-07-24,33.16
1989-07-25,32.61
1989-07-26,32.61
1989-07-27,32.61
1989-07-28,32.61
1989-07-29,32.61
1989-07-30,32.61
1989-07-31,32.61
1989-08-01,32.61
1989-08-02,32.61
1989-08-03,32.61
1989-08-04,32.61
1989-08-05,32.61
1989-08-06,32.61
1989-08-07,32.61
1989-08-08,31.01
1989-08-09,31.01
1989-08-10,31.01
1989-08-11,31.01
1989-08-12,31.01
1989-08-13,31.01
1989-08-14,29.97
1989-08-15,29.45
1989-08-16,29.45
1989-08-17,29.45
1989-08-18,28.94
1989-08-19,28.94
1989-08-20,28.44
1989-08-21,28.44
1989-08-22,28.44
1989-08-23,28.44
1989-08-24,28.44
1989-08-25,28.19
1989-08-26,27.94
1989-08-27,27.45
1989-08-28,27.45
1989-08-29,27.45
1989-08-30,27.45
1989-08-31,27.45
1989-09-01,26.96
1989-09-02,26.96
1989-09-03,28.44
1989-09-04,27.94
1989-09-05,27.94
1989-09-06,27.94
1989-09-07,26.96
1989-09-08,28.44
1989-09-09,28.44
1989-09-10,28.44
1989-09-11,27.94
1989-09-12,26.47
1989-09-13,26.47
1989-09-14,26.47
1989-09-15,26.47
1989-09-16,26.47
1989-09-17,26.96
1989-09-18,27.45
1989-09-19,29.45
1989-09-20,28.44
1989-09-21,28.44
1989-09-22,26.96
1989-09-23,26.96
1989-09-24,28.44
1989-09-25,28.44
1989-09-26,27.94
1989-09-27,31.01
1989-09-28,38.18
1989-09-29,37.75
1989-09-30,33.99
1989-10-01,33.16
1989-10-02,33.16
1989-10-03,33.71
1989-10-04,33.16
1989-10-05,31.01
1989-10-06,30.23
1989-10-07,29.45
1989-10-08,29.45
1989-10-09,31.54
1989-10-10,34.27
1989-10-11,40.33
1989-10-12,46.18
1989-10-13,43.89
1989-10-14,44.79
1989-10-15,37.45
1989-10-16,36.27
1989-10-17,36.56
1989-10-18,36.56
1989-10-19,34.83
1989-10-20,33.44
1989-10-21,38.18
1989-10-22,41.21
1989-10-23,42.54
1989-10-24,38.6
1989-10-25,33.16
1989-10-26,34.27
1989-10-27,41.21
1989-10-28,40.33
1989-10-29,37.15
1989-10-30,36.56
1989-10-31,36.56
1989-11-01,39.03
1989-11-02,43.89
1989-11-03,53.61
1989-11-04,46.64
1989-11-05,45.71
1989-11-06,45.25
1989-11-07,50.42
1989-11-08,58.21
1989-11-09,52.87
1989-11-10,49.46
1989-11-11,42.54
1989-11-12,38.18
1989-11-13,37.15
1989-11-14,35.4
1989-11-15,35.12
1989-11-16,34.27
1989-11-17,33.44
1989-11-18,34.27
1989-11-19,36.56
1989-11-20,38.6
1989-11-21,38.18
1989-11-22,36.56
1989-11-23,35.98
1989-11-24,35.4
1989-11-25,34.27
1989-11-26,35.4
1989-11-27,36.56
1989-11-28,49.54
1989-11-29,52.37
1989-11-30,56.85
1989-12-01,56.14
1989-12-02,77.48
1989-12-03,54.11
1989-12-04,48.51
1989-12-05,43.89
1989-12-06,39.46
1989-12-07,37.45
1989-12-08,35.98
1989-12-09,34.83
1989-12-10,35.98
1989-12-11,35.4
1989-12-12,35.12
1989-12-13,33.16
1989-12-14,35.98
1989-12-15,39.46
1989-12-16,37.75
1989-12-17,41.21
1989-12-18,51.88
1989-12-19,62.56
1989-12-20,60.39
1989-12-21,72.94
1989-12-22,91.0
1989-12-23,125.0
1989-12-24,75.96
1989-12-25,65.5
1989-12-26,103.0
1989-12-27,102.75
1989-12-28,85.18
1989-12-29,91.75
1989-12-30,104.5
1989-12-31,185.5
1990-01-01,202.5
1990-01-02,268.25
1990-01-03,225.5
1990-01-04,214.5
1990-01-05,267.75
1990-01-06,260.5
1990-01-07,283.0
1990-01-08,366.75
1990-01-09,363.0
1990-01-10,339.25
1990-01-11,266.75
1990-01-12,228.0
1990-01-13,204.5
1990-01-14,305.5
1990-01-15,284.0
1990-01-16,305.25
1990-01-17,270.25
1990-01-18,220.5
1990-01-19,199.5
1990-01-20,196.5
1990-01-21,191.5
1990-01-22,199.5
1990-01-23,203.5
1990-01-24,198.5
1990-01-25,254.0
1990-01-26,237.75
1990-01-27,273.0
1990-01-28,271.25
1990-01-29,220.5
1990-01-30,197.5
1990-01-31,255.0
1990-02-01,269.25
1990-02-02,251.75
1990-02-03,226.75
1990-02-04,187.5
1990-02-05,178.5
1990-02-06,178.5
1990-02-07,165.5
1990-02-08,156.5
1990-02-09,143.5
1990-02-10,131.5
1990-02-11,115.0
1990-02-12,109.0
1990-02-13,107.5
1990-02-14,122.5
1990-02-15,162.5
1990-02-16,141.5
1990-02-17,153.5
1990-02-18,300.5
1990-02-19,258.0
1990-02-20,219.5
1990-02-21,191.5
1990-02-22,197.5
1990-02-23,195.5
1990-02-24,183.5
1990-02-25,170.5
1990-02-26,159.5
1990-02-27,159.5
1990-02-28,173.5
1990-03-01,199.5
1990-03-02,192.5
1990-03-03,171.5
1990-03-04,153.5
1990-03-05,169.5
1990-03-06,151.5
1990-03-07,134.5
1990-03-08,129.5
1990-03-09,159.5
1990-03-10,195.5
1990-03-11,171.5
1990-03-12,169.5
1990-03-13,171.5
1990-03-14,218.5
1990-03-15,174.5
1990-03-16,155.5
1990-03-17,144.5
1990-03-18,150.5
1990-03-19,169.5
1990-03-20,165.5
1990-03-21,134.5
1990-03-22,123.25
1990-03-23,142.5
1990-03-24,122.5
1990-03-25,112.0
1990-03-26,82.69
1990-03-27,88.97
1990-03-28,79.64
1990-03-29,79.64
1990-03-30,74.41
1990-03-31,70.77
1990-04-01,72.22
1990-04-02,86.59
1990-04-03,100.0
1990-04-04,98.95
1990-04-05,97.75
1990-04-06,96.2
1990-04-07,92.99
1990-04-08,92.18
1990-04-09,91.37
1990-04-10,89.76
1990-04-11,88.17
1990-04-12,96.2
1990-04-13,106.75
1990-04-14,106.0
1990-04-15,99.25
1990-04-16,88.97
1990-04-17,89.76
1990-04-18,85.02
1990-04-19,81.92
1990-04-20,80.39
1990-04-21,81.92
1990-04-22,81.92
1990-04-23,75.88
1990-04-24,70.05
1990-04-25,67.21
1990-04-26,88.17
1990-04-27,81.92
1990-04-28,88.17
1990-04-29,84.24
1990-04-30,83.46
1990-05-01,80.39
1990-05-02,72.94
1990-05-03,68.63
1990-05-04,67.92
1990-05-05,67.21
1990-05-06,66.51
1990-05-07,65.81
1990-05-08,60.72
1990-05-09,55.93
1990-05-10,51.59
1990-05-11,47.66
1990-05-12,47.66
1990-05-13,47.66
1990-05-14,46.93
1990-05-15,46.93
1990-05-16,46.93
1990-05-17,46.93
1990-05-18,46.2
1990-05-19,46.93
1990-05-20,48.42
1990-05-21,46.2
1990-05-22,46.93
1990-05-23,46.93
1990-05-24,44.8
1990-05-25,43.45
1990-05-26,42.16
1990-05-27,42.16
1990-05-28,42.16
1990-05-29,42.16
1990-05-30,41.53
1990-05-31,42.16
1990-06-01,44.12
1990-06-02,48.42
1990-06-03,50.77
1990-06-04,47.66
1990-06-05,47.66
1990-06-06,41.53
1990-06-07,44.12
1990-06-08,44.12
1990-06-09,41.53
1990-06-10,46.93
1990-06-11,48.57
1990-06-12,60.72
1990-06-13,58.75
1990-06-14,55.93
1990-06-15,52.85
1990-06-16,47.3
1990-06-17,44.8
1990-06-18,42.16
1990-06-19,42.16
1990-06-20,41.53
1990-06-21,40.92
1990-06-22,40.92
1990-06-23,40.31
1990-06-24,39.72
1990-06-25,40.31
1990-06-26,46.93
1990-06-27,48.42
1990-06-28,49.19
1990-06-29,50.77
1990-06-30,48.42
1990-07-01,48.42
1990-07-02,46.93
1990-07-03,46.2
1990-07-04,44.12
1990-07-05,42.16
1990-07-06,41.53
1990-07-07,41.23
1990-07-08,40.92
1990-07-09,40.31
1990-07-10,39.14
1990-07-11,39.72
1990-07-12,39.14
1990-07-13,39.72
1990-07-14,39.72
1990-07-15,39.72
1990-07-16,39.14
1990-07-17,38.02
1990-07-18,38.57
1990-07-19,38.3
1990-07-20,38.02
1990-07-21,37.47
1990-07-22,36.93
1990-07-23,36.93
1990-07-24,36.41
1990-07-25,36.41
1990-07-26,35.89
1990-07-27,35.38
1990-07-28,35.38
1990-07-29,34.88
1990-07-30,34.88
1990-07-31,34.88
1990-08-01,34.39
1990-08-02,34.39
1990-08-03,34.39
1990-08-04,34.39
1990-08-05,33.91
1990-08-06,33.91
1990-08-07,33.91
1990-08-08,32.98
1990-08-09,32.98
1990-08-10,33.91
1990-08-11,33.91
1990-08-12,33.91
1990-08-13,32.98
1990-08-14,32.98
1990-08-15,32.98
1990-08-16,32.52
1990-08-17,32.52
1990-08-18,32.98
1990-08-19,32.98
1990-08-20,32.98
1990-08-21,34.88
1990-08-22,34.39
1990-08-23,34.88
1990-08-24,33.44
1990-08-25,33.44
1990-08-26,33.91
1990-08-27,33.44
1990-08-28,33.44
1990-08-29,33.44
1990-08-30,33.44
1990-08-31,33.91
1990-09-01,32.98
1990-09-02,32.98
1990-09-03,32.98
1990-09-04,32.98
1990-09-05,32.98
1990-09-06,32.07
1990-09-07,32.52
1990-09-08,32.07
1990-09-09,32.52
1990-09-10,32.07
1990-09-11,32.07
1990-09-12,31.63
1990-09-13,31.63
1990-09-14,32.98
1990-09-15,32.07
1990-09-16,32.07
1990-09-17,31.85
1990-09-18,33.68
1990-09-19,32.52
1990-09-20,32.07
1990-09-21,32.07
1990-09-22,32.07
1990-09-23,32.52
1990-09-24,33.44
1990-09-25,33.91
1990-09-26,34.88
1990-09-27,33.21
1990-09-28,33.44
1990-09-29,33.44
1990-09-30,33.44
1990-10-01,33.44
1990-10-02,33.44
1990-10-03,33.91
1990-10-04,35.89
1990-10-05,35.89
1990-10-06,35.89
1990-10-07,35.89
1990-10-08,35.38
1990-10-09,34.39
1990-10-10,35.38
1990-10-11,35.38
1990-10-12,44.8
1990-10-13,43.13
1990-10-14,43.13
1990-10-15,43.13
1990-10-16,49.19
1990-10-17,49.19
1990-10-18,51.59
1990-10-19,44.12
1990-10-20,45.49
1990-10-21,44.46
1990-10-22,55.03
1990-10-23,63.77
1990-10-24,73.68
1990-10-25,80.39
1990-10-26,77.67
1990-10-27,62.77
1990-10-28,58.75
1990-10-29,58.75
1990-10-30,90.24
1990-10-31,89.76
1990-11-01,113.5
1990-11-02,123.25
1990-11-03,132.5
1990-11-04,119.8
1990-11-05,112.0
1990-11-06,110.5
1990-11-07,116.8
1990-11-08,108.55
1990-11-09,105.25
1990-11-10,100.45
1990-11-11,135.5
1990-11-12,175.5
1990-11-13,163.5
1990-11-14,157.5
1990-11-15,134.5
1990-11-16,124.75
1990-11-17,126.5
1990-11-18,131.5
1990-11-19,235.5
1990-11-20,240.5
1990-11-21,191.1
1990-11-22,192.5
1990-11-23,166.5
1990-11-24,146.5
1990-11-25,138.5
1990-11-26,124.75
1990-11-27,111.25
1990-11-28,101.5
1990-11-29,104.2
1990-11-30,92.18
1990-12-01,111.25
1990-12-02,128.5
1990-12-03,147.5
1990-12-04,146.5
1990-12-05,166.5
1990-12-06,223.5
1990-12-07,221.5
1990-12-08,249.0
1990-12-09,211.5
1990-12-10,186.5
1990-12-11,155.5
1990-12-12,153.5
1990-12-13,148.5
1990-12-14,141.5
1990-12-15,126.5
1990-12-16,127.5
1990-12-17,121.0
1990-12-18,112.75
1990-12-19,114.25
1990-12-20,107.5
1990-12-21,106.0
1990-12-22,99.25
1990-12-23,156.7
1990-12-24,163.5
1990-12-25,178.5
1990-12-26,181.5
1990-12-27,167.5
1990-12-28,168.5
1990-12-29,155.5
1990-12-30,159.5
1990-12-31,212.5
1991-01-01,189.5
1991-01-02,259.25
1991-01-03,339.25
1991-01-04,340.5
1991-01-05,343.0
1991-01-06,318.0
1991-01-07,278.0
1991-01-08,220.5
1991-01-09,190.5
1991-01-10,185.5
1991-01-11,248.25
1991-01-12,216.5
1991-01-13,175.5
1991-01-14,142.5
1991-01-15,126.7
1991-01-16,123.55
1991-01-17,116.5
1991-01-18,136.5
1991-01-19,156.5
1991-01-20,174.5
1991-01-21,166.5
1991-01-22,151.5
1991-01-23,146.5
1991-01-24,146.5
1991-01-25,134.5
1991-01-26,125.7
1991-01-27,154.5
1991-01-28,127.5
1991-01-29,121.0
1991-01-30,141.5
1991-01-31,140.5
1991-02-01,142.5
1991-02-02,128.5
1991-02-03,116.2
1991-02-04,103.0
1991-02-05,97.75
1991-02-06,95.0
1991-02-07,92.99
1991-02-08,98.5
1991-02-09,95.0
1991-02-10,92.99
1991-02-11,107.5
1991-02-12,173.5
1991-02-13,177.5
1991-02-14,193.5
1991-02-15,388.0
1991-02-16,330.5
1991-02-17,235.5
1991-02-18,237.5
1991-02-19,294.25
1991-02-20,341.75
1991-02-21,401.75
1991-02-22,334.25
1991-02-23,275.5
1991-02-24,278.0
1991-02-25,250.5
1991-02-26,214.5
1991-02-27,193.5
1991-02-28,175.5
1991-03-01,170.5
1991-03-02,176.5
1991-03-03,170.5
1991-03-04,144.5
1991-03-05,127.5
1991-03-06,129.5
1991-03-07,131.5
1991-03-08,135.5
1991-03-09,152.5
1991-03-10,149.5
1991-03-11,158.5
1991-03-12,175.5
1991-03-13,178.5
1991-03-14,161.5
1991-03-15,180.5
1991-03-16,228.25
1991-03-17,332.75
1991-03-18,346.5
1991-03-19,287.75
1991-03-20,275.5
1991-03-21,269.25
1991-03-22,293.0
1991-03-23,251.75
1991-03-24,255.5
1991-03-25,250.5
1991-03-26,214.5
1991-03-27,329.25
1991-03-28,381.75
1991-03-29,394.0
1991-03-30,314.3
1991-03-31,268.0
1991-04-01,235.5
1991-04-02,221.5
1991-04-03,195.5
1991-04-04,191.5
1991-04-05,175.5
1991-04-06,159.5
1991-04-07,162.5
1991-04-08,145.5
1991-04-09,134.5
1991-04-10,148.5
1991-04-11,175.5
1991-04-12,151.5
1991-04-13,149.5
1991-04-14,147.5
1991-04-15,131.5
1991-04-16,127.5
1991-04-17,125.5
1991-04-18,123.25
1991-04-19,118.75
1991-04-20,115.0
1991-04-21,158.5
1991-04-22,126.5
1991-04-23,120.25
1991-04-24,121.0
1991-04-25,121.0
1991-04-26,116.5
1991-04-27,106.0
1991-04-28,98.5
1991-04-29,91.37
1991-04-30,85.02
1991-05-01,78.58
1991-05-02,77.37
1991-05-03,75.88
1991-05-04,72.94
1991-05-05,70.05
1991-05-06,67.21
1991-05-07,64.43
1991-05-08,62.77
1991-05-09,62.77
1991-05-10,62.77
1991-05-11,70.05
1991-05-12,68.63
1991-05-13,68.63
1991-05-14,68.63
1991-05-15,67.21
1991-05-16,67.21
1991-05-17,65.12
1991-05-18,62.77
1991-05-19,62.77
1991-05-20,57.32
1991-05-21,54.58
1991-05-22,53.27
1991-05-23,52.01
1991-05-24,52.01
1991-05-25,52.01
1991-05-26,52.01
1991-05-27,52.01
1991-05-28,52.01
1991-05-29,52.01
1991-05-30,50.77
1991-05-31,49.58
1991-06-01,49.58
1991-06-02,49.19
1991-06-03,48.81
1991-06-04,47.66
1991-06-05,46.93
1991-06-06,44.8
1991-06-07,44.8
1991-06-08,44.12
1991-06-09,49.35
1991-06-10,68.2
1991-06-11,62.26
1991-06-12,61.74
1991-06-13,59.24
1991-06-14,55.93
1991-06-15,52.17
1991-06-16,49.19
1991-06-17,47.66
1991-06-18,46.2
1991-06-19,45.85
1991-06-20,44.8
1991-06-21,42.16
1991-06-22,40.92
1991-06-23,40.31
1991-06-24,40.31
1991-06-25,40.31
1991-06-26,40.31
1991-06-27,40.31
1991-06-28,37.47
1991-06-29,36.93
1991-06-30,35.89
1991-07-01,35.89
1991-07-02,35.89
1991-07-03,35.89
1991-07-04,35.38
1991-07-05,38.57
1991-07-06,40.31
1991-07-07,40.31
1991-07-08,37.47
1991-07-09,36.93
1991-07-10,38.57
1991-07-11,38.57
1991-07-12,38.57
1991-07-13,38.57
1991-07-14,38.57
1991-07-15,38.57
1991-07-16,39.14
1991-07-17,39.14
1991-07-18,39.14
1991-07-19,38.57
1991-07-20,35.89
1991-07-21,35.38
1991-07-22,35.38
1991-07-23,35.38
1991-07-24,35.38
1991-07-25,33.91
1991-07-26,32.07
1991-07-27,31.85
1991-07-28,33.21
1991-07-29,34.39
1991-07-30,34.39
1991-07-31,32.07
1991-08-01,32.07
1991-08-02,32.98
1991-08-03,32.98
1991-08-04,32.98
1991-08-05,32.98
1991-08-06,34.88
1991-08-07,32.98
1991-08-08,34.39
1991-08-09,34.39
1991-08-10,33.91
1991-08-11,33.91
1991-08-12,33.91
1991-08-13,33.91
1991-08-14,33.91
1991-08-15,33.91
1991-08-16,33.44
1991-08-17,33.44
1991-08-18,33.44
1991-08-19,33.44
1991-08-20,32.98
1991-08-21,32.98
1991-08-22,32.75
1991-08-23,32.07
1991-08-24,32.52
1991-08-25,32.52
1991-08-26,32.75
1991-08-27,32.98
1991-08-28,32.98
1991-08-29,32.98
1991-08-30,32.98
1991-08-31,32.98
1991-09-01,32.98
1991-09-02,32.98
1991-09-03,32.98
1991-09-04,32.98
1991-09-05,32.98
1991-09-06,32.98
1991-09-07,32.98
1991-09-08,32.98
1991-09-09,32.98
1991-09-10,32.98
1991-09-11,32.98
1991-09-12,32.98
1991-09-13,32.75
1991-09-14,32.52
1991-09-15,32.52
1991-09-16,32.52
1991-09-17,32.52
1991-09-18,32.52
1991-09-19,32.52
1991-09-20,32.52
1991-09-21,35.38
1991-09-22,34.88
1991-09-23,34.88
1991-09-24,33.91
1991-09-25,33.91
1991-09-26,33.91
1991-09-27,33.91
1991-09-28,33.91
1991-09-29,33.91
1991-09-30,34.39
1991-10-01,35.38
1991-10-02,36.93
1991-10-03,35.89
1991-10-04,35.89
1991-10-05,35.89
1991-10-06,35.38
1991-10-07,35.89
1991-10-08,35.89
1991-10-09,35.89
1991-10-10,35.89
1991-10-11,35.89
1991-10-12,37.47
1991-10-13,37.47
1991-10-14,37.47
1991-10-15,37.47
1991-10-16,38.86
1991-10-17,39.14
1991-10-18,42.16
1991-10-19,42.16
1991-10-20,42.16
1991-10-21,40.92
1991-10-22,42.16
1991-10-23,47.66
1991-10-24,44.26
1991-10-25,42.61
1991-10-26,40.92
1991-10-27,39.72
1991-10-28,39.72
1991-10-29,41.53
1991-10-30,40.92
1991-10-31,44.12
1991-11-01,46.57
1991-11-02,46.2
1991-11-03,70.05
1991-11-04,77.37
1991-11-05,67.92
1991-11-06,54.14
1991-11-07,57.79
1991-11-08,56.85
1991-11-09,60.72
1991-11-10,57.32
1991-11-11,55.93
1991-11-12,51.59
1991-11-13,45.49
1991-11-14,42.61
1991-11-15,41.23
1991-11-16,40.62
1991-11-17,39.72
1991-11-18,38.86
1991-11-19,38.57
1991-11-20,39.14
1991-11-21,39.14
1991-11-22,40.31
1991-11-23,40.31
1991-11-24,39.72
1991-11-25,41.85
1991-11-26,54.14
1991-11-27,56.85
1991-11-28,58.46
1991-11-29,91.86
1991-11-30,97.0
1991-12-01,60.72
1991-12-02,57.79
1991-12-03,56.39
1991-12-04,55.93
1991-12-05,94.19
1991-12-06,87.38
1991-12-07,84.86
1991-12-08,81.61
1991-12-09,130.7
1991-12-10,141.1
1991-12-11,136.5
1991-12-12,77.37
1991-12-13,71.49
1991-12-14,67.21
1991-12-15,61.23
1991-12-16,56.85
1991-12-17,53.27
1991-12-18,53.27
1991-12-19,50.77
1991-12-20,50.77
1991-12-21,47.66
1991-12-22,46.57
1991-12-23,46.93
1991-12-24,46.93
1991-12-25,51.18
1991-12-26,58.75
1991-12-27,58.27
1991-12-28,90.24
1991-12-29,138.5
1991-12-30,155.1
1991-12-31,249.5
1992-01-01,190.5
1992-01-02,192.5
1992-01-03,187.5
1992-01-04,163.5
1992-01-05,239.25
1992-01-06,250.5
1992-01-07,314.6
1992-01-08,255.5
1992-01-09,226.5
1992-01-10,235.5
1992-01-11,300.5
1992-01-12,310.25
1992-01-13,265.5
1992-01-14,311.7
1992-01-15,264.0
1992-01-16,216.5
1992-01-17,192.5
1992-01-18,181.5
1992-01-19,189.5
1992-01-20,185.5
1992-01-21,281.75
1992-01-22,266.75
1992-01-23,299.5
1992-01-24,243.0
1992-01-25,214.5
1992-01-26,200.5
1992-01-27,188.5
1992-01-28,175.5
1992-01-29,160.5
1992-01-30,139.5
1992-01-31,139.5
1992-02-01,139.5
1992-02-02,121.0
1992-02-03,111.25
1992-02-04,92.99
1992-02-05,97.0
1992-02-06,95.0
1992-02-07,111.55
1992-02-08,107.5
1992-02-09,92.99
1992-02-10,92.18
1992-02-11,100.0
1992-02-12,92.99
1992-02-13,124.45
1992-02-14,157.5
1992-02-15,219.1
1992-02-16,201.5
1992-02-17,195.5
1992-02-18,218.5
1992-02-19,226.0
1992-02-20,308.0
1992-02-21,324.25
1992-02-22,258.0
1992-02-23,233.0
1992-02-24,226.75
1992-02-25,281.5
1992-02-26,283.25
1992-02-27,280.5
1992-02-28,269.25
1992-02-29,231.75
1992-03-01,292.0
1992-03-02,239.25
1992-03-03,219.7
1992-03-04,193.5
1992-03-05,212.5
1992-03-06,328.0
1992-03-07,321.75
1992-03-08,374.25
1992-03-09,284.0
1992-03-10,231.75
1992-03-11,213.5
1992-03-12,228.75
1992-03-13,235.5
1992-03-14,251.75
1992-03-15,210.5
1992-03-16,188.5
1992-03-17,168.5
1992-03-18,148.5
1992-03-19,135.5
1992-03-20,121.0
1992-03-21,123.25
1992-03-22,139.3
1992-03-23,123.25
1992-03-24,122.8
1992-03-25,118.0
1992-03-26,111.25
1992-03-27,97.0
1992-03-28,88.17
1992-03-29,88.17
1992-03-30,83.46
1992-03-31,80.39
1992-04-01,113.5
1992-04-02,110.5
1992-04-03,97.0
1992-04-04,92.18
1992-04-05,92.18
1992-04-06,85.02
1992-04-07,92.99
1992-04-08,97.0
1992-04-09,92.99
1992-04-10,88.17
1992-04-11,89.76
1992-04-12,89.76
1992-04-13,77.37
1992-04-14,70.05
1992-04-15,67.21
1992-04-16,64.43
1992-04-17,64.43
1992-04-18,61.74
1992-04-19,60.72
1992-04-20,57.79
1992-04-21,56.85
1992-04-22,55.93
1992-04-23,55.03
1992-04-24,55.03
1992-04-25,55.03
1992-04-26,55.03
1992-04-27,55.03
1992-04-28,64.43
1992-04-29,65.81
1992-04-30,61.74
1992-05-01,57.79
1992-05-02,53.27
1992-05-03,51.59
1992-05-04,50.77
1992-05-05,50.77
1992-05-06,49.57
1992-05-07,46.93
1992-05-08,46.93
1992-05-09,46.2
1992-05-10,46.2
1992-05-11,46.2
1992-05-12,46.2
1992-05-13,46.2
1992-05-14,46.2
1992-05-15,45.49
1992-05-16,46.2
1992-05-17,44.8
1992-05-18,44.8
1992-05-19,44.12
1992-05-20,43.45
1992-05-21,43.45
1992-05-22,43.45
1992-05-23,42.8
1992-05-24,42.8
1992-05-25,42.16
1992-05-26,42.16
1992-05-27,42.16
1992-05-28,42.16
1992-05-29,41.53
1992-05-30,41.53
1992-05-31,41.53
1992-06-01,40.92
1992-06-02,44.26
1992-06-03,46.57
1992-06-04,44.26
1992-06-05,40.92
1992-06-06,40.92
1992-06-07,41.53
1992-06-08,40.92
1992-06-09,40.92
1992-06-10,40.31
1992-06-11,40.31
1992-06-12,39.72
1992-06-13,39.72
1992-06-14,43.45
1992-06-15,38.02
1992-06-16,38.02
1992-06-17,38.02
1992-06-18,38.02
1992-06-19,35.64
1992-06-20,36.41
1992-06-21,35.89
1992-06-22,36.41
1992-06-23,37.47
1992-06-24,36.93
1992-06-25,36.93
1992-06-26,36.41
1992-06-27,35.89
1992-06-28,35.38
1992-06-29,35.38
1992-06-30,35.38
1992-07-01,57.32
1992-07-02,43.45
1992-07-03,41.85
1992-07-04,38.97
1992-07-05,39.14
1992-07-06,38.57
1992-07-07,37.47
1992-07-08,38.57
1992-07-09,39.14
1992-07-10,38.57
1992-07-11,37.47
1992-07-12,36.93
1992-07-13,36.41
1992-07-14,35.89
1992-07-15,35.38
1992-07-16,34.88
1992-07-17,35.89
1992-07-18,35.89
1992-07-19,37.2
1992-07-20,38.02
1992-07-21,36.93
1992-07-22,35.98
1992-07-23,36.41
1992-07-24,33.91
1992-07-25,33.91
1992-07-26,33.44
1992-07-27,32.98
1992-07-28,32.98
1992-07-29,32.52
1992-07-30,31.85
1992-07-31,32.52
1992-08-01,32.52
1992-08-02,32.07
1992-08-03,32.07
1992-08-04,31.85
1992-08-05,31.63
1992-08-06,31.63
1992-08-07,31.63
1992-08-08,31.41
1992-08-09,31.19
1992-08-10,31.19
1992-08-11,30.98
1992-08-12,30.98
1992-08-13,30.98
1992-08-14,31.1
1992-08-15,30.98
1992-08-16,30.98
1992-08-17,30.85
1992-08-18,32.03
1992-08-19,32.75
1992-08-20,47.3
1992-08-21,53.88
1992-08-22,52.42
1992-08-23,44.8
1992-08-24,43.45
1992-08-25,42.8
1992-08-26,43.45
1992-08-27,42.8
1992-08-28,45.49
1992-08-29,47.66
1992-08-30,45.49
1992-08-31,44.12
1992-09-01,41.53
1992-09-02,39.72
1992-09-03,38.57
1992-09-04,38.02
1992-09-05,38.02
1992-09-06,37.47
1992-09-07,38.57
1992-09-08,38.02
1992-09-09,38.57
1992-09-10,38.02
1992-09-11,38.02
1992-09-12,38.02
1992-09-13,37.47
1992-09-14,36.93
1992-09-15,35.89
1992-09-16,34.88
1992-09-17,33.91
1992-09-18,33.91
1992-09-19,33.91
1992-09-20,33.91
1992-09-21,33.63
1992-09-22,33.39
1992-09-23,33.91
1992-09-24,34.01
1992-09-25,34.39
1992-09-26,35.64
1992-09-27,35.64
1992-09-28,36.41
1992-09-29,42.16
1992-09-30,36.15
1992-10-01,35.38
1992-10-02,35.48
1992-10-03,34.1
1992-10-04,34.25
1992-10-05,34.88
1992-10-06,34.88
1992-10-07,34.88
1992-10-08,35.03
1992-10-09,34.64
1992-10-10,36.41
1992-10-11,44.12
1992-10-12,47.66
1992-10-13,49.19
1992-10-14,48.81
1992-10-15,41.23
1992-10-16,41.53
1992-10-17,40.02
1992-10-18,40.62
1992-10-19,40.92
1992-10-20,44.12
1992-10-21,44.8
1992-10-22,44.12
1992-10-23,45.49
1992-10-24,46.93
1992-10-25,47.66
1992-10-26,42.29
1992-10-27,45.85
1992-10-28,52.42
1992-10-29,51.59
1992-10-30,46.2
1992-10-31,45.49
1992-11-01,44.6
1992-11-02,43.45
1992-11-03,42.16
1992-11-04,38.02
1992-11-05,36.41
1992-11-06,35.89
1992-11-07,35.38
1992-11-08,37.47
1992-11-09,37.47
1992-11-10,38.02
1992-11-11,38.02
1992-11-12,37.47
1992-11-13,37.47
1992-11-14,44.12
1992-11-15,50.37
1992-11-16,56.39
1992-11-17,65.81
1992-11-18,85.81
1992-11-19,124.0
1992-11-20,153.5
1992-11-21,168.5
1992-11-22,153.5
1992-11-23,110.5
1992-11-24,110.5
1992-11-25,100.75
1992-11-26,88.17
1992-11-27,92.99
1992-11-28,88.17
1992-11-29,79.64
1992-11-30,72.94
1992-12-01,65.12
1992-12-02,59.72
1992-12-03,60.22
1992-12-04,61.74
1992-12-05,60.72
1992-12-06,70.77
1992-12-07,78.13
1992-12-08,92.18
1992-12-09,124.45
1992-12-10,118.0
1992-12-11,87.38
1992-12-12,82.69
1992-12-13,95.0
1992-12-14,86.28
1992-12-15,70.05
1992-12-16,67.92
1992-12-17,72.22
1992-12-18,62.26
1992-12-19,58.75
1992-12-20,56.39
1992-12-21,52.42
1992-12-22,48.04
1992-12-23,47.66
1992-12-24,48.04
1992-12-25,55.47
1992-12-26,60.72
1992-12-27,73.68
1992-12-28,89.76
1992-12-29,106.75
1992-12-30,100.0
1992-12-31,79.64
1993-01-01,67.92
1993-01-02,72.22
1993-01-03,118.0
1993-01-04,170.5
1993-01-05,184.5
1993-01-06,227.5
1993-01-07,180.5
1993-01-08,137.5
1993-01-09,113.5
1993-01-10,92.99
1993-01-11,112.0
1993-01-12,102.25
1993-01-13,102.25
1993-01-14,125.05
1993-01-15,132.5
1993-01-16,148.5
1993-01-17,168.5
1993-01-18,253.0
1993-01-19,211.5
1993-01-20,199.5
1993-01-21,196.5
1993-01-22,222.1
1993-01-23,243.0
1993-01-24,210.5
1993-01-25,265.5
1993-01-26,415.5
1993-01-27,428.0
1993-01-28,542.75
1993-01-29,528.0
1993-01-30,441.75
1993-01-31,455.75
1993-02-01,399.25
1993-02-02,365.5
1993-02-03,311.7
1993-02-04,311.7
1993-02-05,303.0
1993-02-06,301.75
1993-02-07,285.5
1993-02-08,253.0
1993-02-09,216.5
1993-02-10,188.5
1993-02-11,202.5
1993-02-12,319.25
1993-02-13,310.5
1993-02-14,253.0
1993-02-15,231.75
1993-02-16,189.5
1993-02-17,177.5
1993-02-18,161.5
1993-02-19,151.5
1993-02-20,172.5
1993-02-21,179.5
1993-02-22,160.5
1993-02-23,152.5
1993-02-24,161.5
1993-02-25,238.25
1993-02-26,206.5
1993-02-27,208.3
1993-02-28,196.5
1993-03-01,218.5
1993-03-02,225.75
1993-03-03,396.75
1993-03-04,338.0
1993-03-05,374.25
1993-03-06,348.0
1993-03-07,353.0
1993-03-08,391.75
1993-03-09,348.0
1993-03-10,371.75
1993-03-11,355.5
1993-03-12,311.7
1993-03-13,270.5
1993-03-14,239.25
1993-03-15,210.5
1993-03-16,192.5
1993-03-17,181.5
1993-03-18,172.5
1993-03-19,171.5
1993-03-20,163.5
1993-03-21,168.5
1993-03-22,161.5
1993-03-23,149.5
1993-03-24,145.5
1993-03-25,162.5
1993-03-26,165.5
1993-03-27,175.5
1993-03-28,165.5
1993-03-29,153.5
1993-03-30,140.5
1993-03-31,145.5
1993-04-01,141.5
1993-04-02,132.5
1993-04-03,173.5
1993-04-04,159.5
1993-04-05,143.5
1993-04-06,140.5
1993-04-07,143.5
1993-04-08,180.5
1993-04-09,201.5
1993-04-10,176.5
1993-04-11,181.5
1993-04-12,159.5
1993-04-13,146.5
1993-04-14,137.5
1993-04-15,135.5
1993-04-16,157.5
1993-04-17,173.5
1993-04-18,157.5
1993-04-19,149.5
1993-04-20,142.5
1993-04-21,133.5
1993-04-22,127.5
1993-04-23,130.5
1993-04-24,133.5
1993-04-25,125.05
1993-04-26,121.75
1993-04-27,116.5
1993-04-28,112.0
1993-04-29,108.25
1993-04-30,114.25
1993-05-01,117.25
1993-05-02,121.75
1993-05-03,116.5
1993-05-04,105.25
1993-05-05,88.97
1993-05-06,84.24
1993-05-07,78.13
1993-05-08,76.18
1993-05-09,72.22
1993-05-10,70.77
1993-05-11,67.92
1993-05-12,67.92
1993-05-13,66.23
1993-05-14,62.77
1993-05-15,62.46
1993-05-16,60.22
1993-05-17,58.75
1993-05-18,57.79
1993-05-19,58.27
1993-05-20,57.79
1993-05-21,56.39
1993-05-22,55.93
1993-05-23,54.58
1993-05-24,51.59
1993-05-25,50.37
1993-05-26,51.18
1993-05-27,52.85
1993-05-28,75.15
1993-05-29,58.27
1993-05-30,53.71
1993-05-31,51.18
1993-06-01,49.19
1993-06-02,47.66
1993-06-03,48.04
1993-06-04,47.3
1993-06-05,49.19
1993-06-06,47.3
1993-06-07,45.15
1993-06-08,44.46
1993-06-09,44.12
1993-06-10,44.46
1993-06-11,44.12
1993-06-12,43.79
1993-06-13,42.8
1993-06-14,43.13
1993-06-15,42.61
1993-06-16,41.53
1993-06-17,41.23
1993-06-18,40.92
1993-06-19,40.31
1993-06-20,40.31
1993-06-21,40.31
1993-06-22,39.72
1993-06-23,39.14
1993-06-24,39.14
1993-06-25,38.57
1993-06-26,38.3
1993-06-27,37.2
1993-06-28,37.75
1993-06-29,38.02
1993-06-30,37.75
1993-07-01,36.93
1993-07-02,36.67
1993-07-03,36.41
1993-07-04,36.93
1993-07-05,36.67
1993-07-06,36.93
1993-07-07,36.93
1993-07-08,36.41
1993-07-09,36.41
1993-07-10,36.41
1993-07-11,35.89
1993-07-12,35.89
1993-07-13,36.41
1993-07-14,36.41
1993-07-15,35.64
1993-07-16,35.38
1993-07-17,35.38
1993-07-18,35.38
1993-07-19,35.38
1993-07-20,35.38
1993-07-21,34.88
1993-07-22,34.39
1993-07-23,34.39
1993-07-24,33.91
1993-07-25,33.91
1993-07-26,33.44
1993-07-27,33.44
1993-07-28,33.44
1993-07-29,33.44
1993-07-30,32.98
1993-07-31,32.98
1993-08-01,32.98
1993-08-02,32.98
1993-08-03,32.98
1993-08-04,32.52
1993-08-05,31.63
1993-08-06,31.85
1993-08-07,31.63
1993-08-08,31.19
1993-08-09,31.19
1993-08-10,31.94
1993-08-11,42.48
1993-08-12,42.48
1993-08-13,39.72
1993-08-14,39.14
1993-08-15,38.68
1993-08-16,38.3
1993-08-17,37.75
1993-08-18,38.02
1993-08-19,40.02
1993-08-20,40.02
1993-08-21,40.43
1993-08-22,39.14
1993-08-23,38.68
1993-08-24,39.14
1993-08-25,38.97
1993-08-26,38.97
1993-08-27,38.02
1993-08-28,37.31
1993-08-29,36.15
1993-08-30,35.89
1993-08-31,37.2
1993-09-01,37.04
1993-09-02,37.2
1993-09-03,36.15
1993-09-04,36.15
1993-09-05,35.64
1993-09-06,34.64
1993-09-07,34.64
1993-09-08,34.39
1993-09-09,34.39
1993-09-10,34.88
1993-09-11,35.64
1993-09-12,40.02
1993-09-13,41.53
1993-09-14,37.75
1993-09-15,37.04
1993-09-16,35.04
1993-09-17,35.13
1993-09-18,35.13
1993-09-19,35.13
1993-09-20,35.13
1993-09-21,35.38
1993-09-22,35.64
1993-09-23,36.67
1993-09-24,36.15
1993-09-25,38.57
1993-09-26,37.2
1993-09-27,38.86
1993-09-28,39.72
1993-09-29,38.02
1993-09-30,37.31
1993-10-01,36.67
1993-10-02,36.67
1993-10-03,37.2
1993-10-04,39.72
1993-10-05,40.62
1993-10-06,44.6
1993-10-07,46.71
1993-10-08,42.61
1993-10-09,40.74
1993-10-10,39.14
1993-10-11,39.14
1993-10-12,38.3
1993-10-13,37.75
1993-10-14,36.67
1993-10-15,36.93
1993-10-16,37.2
1993-10-17,37.2
1993-10-18,39.72
1993-10-19,44.26
1993-10-20,48.42
1993-10-21,48.04
1993-10-22,48.04
1993-10-23,47.66
1993-10-24,45.49
1993-10-25,46.2
1993-10-26,43.45
1993-10-27,46.57
1993-10-28,46.35
1993-10-29,47.3
1993-10-30,59.24
1993-10-31,81.92
1993-11-01,80.85
1993-11-02,65.81
1993-11-03,59.72
1993-11-04,63.1
1993-11-05,58.27
1993-11-06,52.42
1993-11-07,56.82
1993-11-08,52.85
1993-11-09,90.57
1993-11-10,128.7
1993-11-11,161.5
1993-11-12,163.5
1993-11-13,158.5
1993-11-14,187.5
1993-11-15,177.5
1993-11-16,168.5
1993-11-17,127.7
1993-11-18,114.25
1993-11-19,119.5
1993-11-20,117.25
1993-11-21,127.7
1993-11-22,110.5
1993-11-23,112.0
1993-11-24,109.75
1993-11-25,136.5
1993-11-26,118.0
1993-11-27,120.25
1993-11-28,116.5
1993-11-29,130.7
1993-11-30,127.7
1993-12-01,111.25
1993-12-02,106.75
1993-12-03,138.5
1993-12-04,208.3
1993-12-05,230.0
1993-12-06,207.5
1993-12-07,171.5
1993-12-08,154.5
1993-12-09,203.7
1993-12-10,249.25
1993-12-11,213.5
1993-12-12,286.75
1993-12-13,249.25
1993-12-14,268.0
1993-12-15,238.0
1993-12-16,218.5
1993-12-17,278.0
1993-12-18,298.0
1993-12-19,316.75
1993-12-20,238.0
1993-12-21,210.5
1993-12-22,213.5
1993-12-23,179.5
1993-12-24,163.5
1993-12-25,197.5
1993-12-26,187.1
1993-12-27,188.5
1993-12-28,254.25
1993-12-29,220.5
1993-12-30,210.5
1993-12-31,278.0
1994-01-01,250.5
1994-01-02,281.25
1994-01-03,228.75
1994-01-04,258.0
1994-01-05,356.75
1994-01-06,320.0
1994-01-07,295.0
1994-01-08,328.0
1994-01-09,377.5
1994-01-10,335.0
1994-01-11,313.1
1994-01-12,229.25
1994-01-13,268.75
1994-01-14,229.25
1994-01-15,190.5
1994-01-16,195.5
1994-01-17,199.5
1994-01-18,187.1
1994-01-19,214.5
1994-01-20,318.0
1994-01-21,295.5
1994-01-22,288.75
1994-01-23,364.25
1994-01-24,335.0
1994-01-25,368.25
1994-01-26,318.75
1994-01-27,348.75
1994-01-28,410.5
1994-01-29,372.5
1994-01-30,439.25
1994-01-31,378.0
1994-02-01,369.0
1994-02-02,452.5
1994-02-03,460.5
1994-02-04,378.75
1994-02-05,363.75
1994-02-06,369.25
1994-02-07,391.0
1994-02-08,408.0
1994-02-09,418.75
1994-02-10,435.0
1994-02-11,498.0
1994-02-12,506.75
1994-02-13,515.5
1994-02-14,474.25
1994-02-15,418.0
1994-02-16,455.5
1994-02-17,529.75
1994-02-18,474.25
1994-02-19,474.25
1994-02-20,545.25
1994-02-21,552.5
1994-02-22,471.75
1994-02-23,389.75
1994-02-24,341.25
1994-02-25,308.75
1994-02-26,290.0
1994-02-27,311.7
1994-02-28,386.75
1994-03-01,340.25
1994-03-02,376.75
1994-03-03,416.75
1994-03-04,343.0
1994-03-05,299.75
1994-03-06,268.75
1994-03-07,280.5
1994-03-08,300.5
1994-03-09,343.75
1994-03-10,295.0
1994-03-11,268.0
1994-03-12,220.5
1994-03-13,254.5
1994-03-14,232.5
1994-03-15,254.0
1994-03-16,222.5
1994-03-17,215.5
1994-03-18,324.25
1994-03-19,349.25
1994-03-20,353.0
1994-03-21,389.25
1994-03-22,400.25
1994-03-23,497.0
1994-03-24,571.25
1994-03-25,443.0
1994-03-26,405.5
1994-03-27,385.0
1994-03-28,488.0
1994-03-29,394.25
1994-03-30,430.5
1994-03-31,361.75
1994-04-01,325.0
1994-04-02,309.25
1994-04-03,311.7
1994-04-04,277.5
1994-04-05,260.0
1994-04-06,254.25
1994-04-07,234.25
1994-04-08,231.75
1994-04-09,229.25
1994-04-10,237.5
1994-04-11,268.75
1994-04-12,236.25
1994-04-13,224.3
1994-04-14,219.3
1994-04-15,243.75
1994-04-16,236.25
1994-04-17,246.75
1994-04-18,231.75
1994-04-19,206.5
1994-04-20,200.5
1994-04-21,201.5
1994-04-22,183.1
1994-04-23,219.1
1994-04-24,185.1
1994-04-25,174.1
1994-04-26,182.1
1994-04-27,179.1
1994-04-28,177.1
1994-04-29,174.1
1994-04-30,172.1
1994-05-01,178.5
1994-05-02,172.1
1994-05-03,169.5
1994-05-04,156.5
1994-05-05,147.5
1994-05-06,158.1
1994-05-07,146.1
1994-05-08,142.5
1994-05-09,139.5
1994-05-10,144.5
1994-05-11,152.1
1994-05-12,137.1
1994-05-13,125.5
1994-05-14,120.25
1994-05-15,110.95
1994-05-16,106.45
1994-05-17,104.2
1994-05-18,94.193
1994-05-19,91.856
1994-05-20,90.243
1994-05-21,88.647
1994-05-22,83.928
1994-05-23,82.382
1994-05-24,80.849
1994-05-25,79.333
1994-05-26,78.88
1994-05-27,75.145
1994-05-28,73.381
1994-05-29,71.925
1994-05-30,70.05
1994-05-31,70.05
1994-06-01,69.056
1994-06-02,66.51
1994-06-03,64.43
1994-06-04,64.43
1994-06-05,62.049
1994-06-06,60.924
1994-06-07,59.92
1994-06-08,58.944
1994-06-09,58.75
1994-06-10,57.79
1994-06-11,56.85
1994-06-12,56.114
1994-06-13,56.114
1994-06-14,55.93
1994-06-15,53.705
1994-06-16,54.14
1994-06-17,53.27
1994-06-18,53.27
1994-06-19,51.59
1994-06-20,54.14
1994-06-21,52.59
1994-06-22,51.756
1994-06-23,51.344
1994-06-24,50.77
1994-06-25,49.97
1994-06-26,48.574
1994-06-27,47.812
1994-06-28,47.66
1994-06-29,47.076
1994-06-30,46.346
1994-07-01,46.2
1994-07-02,45.49
1994-07-03,45.703
1994-07-04,45.007
1994-07-05,44.8
1994-07-06,44.256
1994-07-07,44.12
1994-07-08,43.651
1994-07-09,42.995
1994-07-10,43.45
1994-07-11,42.16
1994-07-12,42.16
1994-07-13,42.034
1994-07-14,42.16
1994-07-15,41.719
1994-07-16,40.92
1994-07-17,40.432
1994-07-18,40.92
1994-07-19,40.31
1994-07-20,40.31
1994-07-21,39.897
1994-07-22,39.314
1994-07-23,38.684
1994-07-24,38.57
1994-07-25,38.684
1994-07-26,38.57
1994-07-27,38.185
1994-07-28,38.57
1994-07-29,38.185
1994-07-30,38.02
1994-07-31,37.47
1994-08-01,37.47
1994-08-02,37.038
1994-08-03,37.47
1994-08-04,37.635
1994-08-05,36.93
1994-08-06,36.93
1994-08-07,36.41
1994-08-08,36.41
1994-08-09,36.046
1994-08-10,35.89
1994-08-11,35.89
1994-08-12,35.89
1994-08-13,35.482
1994-08-14,35.38
1994-08-15,35.38
1994-08-16,35.03
1994-08-17,34.88
1994-08-18,34.88
1994-08-19,34.537
1994-08-20,34.39
1994-08-21,33.91
1994-08-22,33.44
1994-08-23,33.818
1994-08-24,33.118
1994-08-25,32.98
1994-08-26,32.658
1994-08-27,32.658
1994-08-28,32.52
1994-08-29,32.98
1994-08-30,32.658
1994-08-31,32.658
1994-09-01,32.658
1994-09-02,32.658
1994-09-03,32.658
1994-09-04,32.98
1994-09-05,32.52
1994-09-06,32.52
1994-09-07,32.52
1994-09-08,32.52
1994-09-09,33.21
1994-09-10,32.658
1994-09-11,32.52
1994-09-12,32.07
1994-09-13,33.118
1994-09-14,32.52
1994-09-15,32.205
1994-09-16,32.07
1994-09-17,34.246
1994-09-18,34.006
1994-09-19,33.91
1994-09-20,33.584
1994-09-21,33.91
1994-09-22,33.818
1994-09-23,34.006
1994-09-24,34.15
1994-09-25,33.584
1994-09-26,33.44
1994-09-27,33.44
1994-09-28,33.91
1994-09-29,33.44
1994-09-30,35.737
1994-10-01,37.2
1994-10-02,36.15
1994-10-03,35.03
1994-10-04,34.102
1994-10-05,34.102
1994-10-06,33.91
1994-10-07,34.39
1994-10-08,34.39
1994-10-09,34.537
1994-10-10,35.28
1994-10-11,35.38
1994-10-12,35.03
1994-10-13,35.38
1994-10-14,39.314
1994-10-15,44.12
1994-10-16,43.45
1994-10-17,42.224
1994-10-18,43.45
1994-10-19,46.058
1994-10-20,42.416
1994-10-21,42.034
1994-10-22,40.554
1994-10-23,42.8
1994-10-24,46.058
1994-10-25,48.959
1994-10-26,47.076
1994-10-27,45.49
1994-10-28,41.53
1994-10-29,42.416
1994-10-30,41.845
1994-10-31,45.703
1994-11-01,42.995
1994-11-02,42.224
1994-11-03,47.295
1994-11-04,59.92
1994-11-05,68.346
1994-11-06,59.429
1994-11-07,61.23
1994-11-08,57.982
1994-11-09,55.204
1994-11-10,58.462
1994-11-11,55.657
1994-11-12,53.879
1994-11-13,55.47
1994-11-14,63.6
1994-11-15,57.508
1994-11-16,56.114
1994-11-17,60.22
1994-11-18,56.39
1994-11-19,51.344
1994-11-20,51.756
1994-11-21,53.444
1994-11-22,53.705
1994-11-23,55.204
1994-11-24,64.098
1994-11-25,61.434
1994-11-26,52.005
1994-11-27,49.58
1994-11-28,49.58
1994-11-29,47.076
1994-11-30,46.93
1994-12-01,45.703
1994-12-02,45.007
1994-12-03,46.93
1994-12-04,47.441
1994-12-05,47.66
1994-12-06,46.565
1994-12-07,44.8
1994-12-08,45.845
1994-12-09,49.97
1994-12-10,60.42
1994-12-11,70.05
1994-12-12,70.482
1994-12-13,134.3
1994-12-14,143.5
1994-12-15,149.1
1994-12-16,238.75
1994-12-17,206.1
1994-12-18,214.1
1994-12-19,268.0
1994-12-20,245.5
1994-12-21,181.5
1994-12-22,130.1
1994-12-23,106.0
1994-12-24,114.7
1994-12-25,121.0
1994-12-26,132.1
1994-12-27,127.1
1994-12-28,140.5
1994-12-29,224.5
1994-12-30,364.25
1994-12-31,290.5
1995-01-01,236.25
1995-01-02,231.75
1995-01-03,259.25
1995-01-04,260.5
1995-01-05,247.5
1995-01-06,211.5
1995-01-07,196.5
1995-01-08,189.1
1995-01-09,157.5
1995-01-10,164.1
1995-01-11,264.25
1995-01-12,258.25
1995-01-13,388.0
1995-01-14,419.25
1995-01-15,373.0
1995-01-16,300.0
1995-01-17,303.75
1995-01-18,256.75
1995-01-19,239.5
1995-01-20,225.5
1995-01-21,201.1
1995-01-22,203.1
1995-01-23,188.1
1995-01-24,176.1
1995-01-25,162.5
1995-01-26,165.5
1995-01-27,164.5
1995-01-28,162.1
1995-01-29,140.5
1995-01-30,134.1
1995-01-31,119.95
1995-02-01,104.2
1995-02-02,94.193
1995-02-03,102.25
1995-02-04,89.442
1995-02-05,85.491
1995-02-06,89.442
1995-02-07,88.17
1995-02-08,81.614
1995-02-09,80.849
1995-02-10,71.49
1995-02-11,78.125
1995-02-12,84.084
1995-02-13,88.647
1995-02-14,79.786
1995-02-15,85.805
1995-02-16,78.88
1995-02-17,124.75
1995-02-18,112.0
1995-02-19,147.1
1995-02-20,151.5
1995-02-21,156.5
1995-02-22,168.1
1995-02-23,201.5
1995-02-24,178.1
1995-02-25,211.5
1995-02-26,249.0
1995-02-27,236.0
1995-02-28,278.75
1995-03-01,304.25
1995-03-02,275.0
1995-03-03,242.5
1995-03-04,207.9
1995-03-05,196.5
1995-03-06,214.5
1995-03-07,271.75
1995-03-08,365.5
1995-03-09,340.0
1995-03-10,356.25
1995-03-11,328.0
1995-03-12,357.5
1995-03-13,415.0
1995-03-14,499.25
1995-03-15,489.25
1995-03-16,575.0
1995-03-17,469.25
1995-03-18,402.75
1995-03-19,363.75
1995-03-20,317.5
1995-03-21,289.25
1995-03-22,300.5
1995-03-23,315.2
1995-03-24,303.0
1995-03-25,298.75
1995-03-26,279.25
1995-03-27,297.5
1995-03-28,297.5
1995-03-29,267.5
1995-03-30,241.25
1995-03-31,325.0
1995-04-01,285.5
1995-04-02,339.25
1995-04-03,291.25
1995-04-04,253.75
1995-04-05,222.5
1995-04-06,211.1
1995-04-07,208.1
1995-04-08,186.3
1995-04-09,185.1
1995-04-10,176.5
1995-04-11,178.5
1995-04-12,189.1
1995-04-13,171.1
1995-04-14,165.1
1995-04-15,158.5
1995-04-16,137.1
1995-04-17,142.1
1995-04-18,129.1
1995-04-19,124.45
1995-04-20,114.7
1995-04-21,123.25
1995-04-22,123.25
1995-04-23,114.25
1995-04-24,110.95
1995-04-25,96.198
1995-04-26,87.38
1995-04-27,82.69
1995-04-28,82.69
1995-04-29,80.39
1995-04-30,76.327
1995-05-01,75.88
1995-05-02,75.88
1995-05-03,76.327
1995-05-04,83.46
1995-05-05,77.823
1995-05-06,70.482
1995-05-07,67.636
1995-05-08,65.81
1995-05-09,60.72
1995-05-10,58.75
1995-05-11,57.038
1995-05-12,56.114
1995-05-13,55.027
1995-05-14,54.317
1995-05-15,53.444
1995-05-16,52.59
1995-05-17,55.47
1995-05-18,55.657
1995-05-19,57.038
1995-05-20,57.038
1995-05-21,55.204
1995-05-22,55.027
1995-05-23,54.14
1995-05-24,52.59
1995-05-25,50.934
1995-05-26,49.97
1995-05-27,49.346
1995-05-28,48.805
1995-05-29,47.812
1995-05-30,47.076
1995-05-31,46.346
1995-06-01,46.2
1995-06-02,45.703
1995-06-03,43.651
1995-06-04,45.49
1995-06-05,45.007
1995-06-06,44.12
1995-06-07,42.8
1995-06-08,42.16
1995-06-09,42.16
1995-06-10,42.16
1995-06-11,41.719
1995-06-12,42.034
1995-06-13,41.719
1995-06-14,41.103
1995-06-15,40.92
1995-06-16,40.92
1995-06-17,40.31
1995-06-18,40.92
1995-06-19,40.737
1995-06-20,39.897
1995-06-21,40.92
1995-06-22,40.432
1995-06-23,40.31
1995-06-24,40.92
1995-06-25,39.897
1995-06-26,39.72
1995-06-27,39.314
1995-06-28,38.684
1995-06-29,38.185
1995-06-30,38.02
1995-07-01,38.185
1995-07-02,38.02
1995-07-03,38.02
1995-07-04,37.47
1995-07-05,37.635
1995-07-06,37.47
1995-07-07,36.93
1995-07-08,37.47
1995-07-09,37.47
1995-07-10,36.93
1995-07-11,36.566
1995-07-12,36.15
1995-07-13,35.584
1995-07-14,35.89
1995-07-15,35.89
1995-07-16,35.482
1995-07-17,36.046
1995-07-18,36.046
1995-07-19,35.89
1995-07-20,36.046
1995-07-21,35.89
1995-07-22,35.737
1995-07-23,35.38
1995-07-24,35.38
1995-07-25,34.88
1995-07-26,34.88
1995-07-27,34.88
1995-07-28,34.102
1995-07-29,34.102
1995-07-30,33.91
1995-07-31,34.006
1995-08-01,34.39
1995-08-02,33.818
1995-08-03,33.91
1995-08-04,34.006
1995-08-05,33.91
1995-08-06,34.006
1995-08-07,34.006
1995-08-08,33.584
1995-08-09,33.44
1995-08-10,32.75
1995-08-11,33.118
1995-08-12,32.98
1995-08-13,32.658
1995-08-14,32.52
1995-08-15,32.658
1995-08-16,32.658
1995-08-17,33.118
1995-08-18,33.21
1995-08-19,33.584
1995-08-20,33.44
1995-08-21,32.98
1995-08-22,31.85
1995-08-23,32.658
1995-08-24,32.658
1995-08-25,32.52
1995-08-26,32.52
1995-08-27,32.07
1995-08-28,32.07
1995-08-29,32.07
1995-08-30,32.07
1995-08-31,32.07
1995-09-01,32.205
1995-09-02,32.205
1995-09-03,32.658
1995-09-04,32.658
1995-09-05,32.205
1995-09-06,32.07
1995-09-07,31.278
1995-09-08,31.278
1995-09-09,31.718
1995-09-10,31.718
1995-09-11,32.07
1995-09-12,32.52
1995-09-13,33.44
1995-09-14,34.782
1995-09-15,35.482
1995-09-16,36.566
1995-09-17,37.038
1995-09-18,37.47
1995-09-19,35.482
1995-09-20,41.408
1995-09-21,36.826
1995-09-22,34.88
1995-09-23,34.39
1995-09-24,34.537
1995-09-25,33.91
1995-09-26,34.006
1995-09-27,34.006
1995-09-28,33.584
1995-09-29,33.584
1995-09-30,33.118
1995-10-01,33.818
1995-10-02,35.28
1995-10-03,35.03
1995-10-04,35.584
1995-10-05,38.855
1995-10-06,37.635
1995-10-07,37.308
1995-10-08,36.15
1995-10-09,35.482
1995-10-10,34.88
1995-10-11,35.737
1995-10-12,35.38
1995-10-13,36.046
1995-10-14,38.57
1995-10-15,38.46
1995-10-16,38.684
1995-10-17,38.855
1995-10-18,41.53
1995-10-19,39.897
1995-10-20,39.897
1995-10-21,38.855
1995-10-22,38.798
1995-10-23,37.2
1995-10-24,36.93
1995-10-25,38.798
1995-10-26,38.855
1995-10-27,38.855
1995-10-28,39.43
1995-10-29,41.408
1995-10-30,47.66
1995-10-31,41.225
1995-11-01,40.737
1995-11-02,39.72
1995-11-03,39.43
1995-11-04,39.43
1995-11-05,40.192
1995-11-06,40.432
1995-11-07,40.554
1995-11-08,48.574
1995-11-09,52.845
1995-11-10,54.317
1995-11-11,54.14
1995-11-12,51.756
1995-11-13,52.845
1995-11-14,55.027
1995-11-15,54.317
1995-11-16,62.77
1995-11-17,57.32
1995-11-18,56.85
1995-11-19,72.215
1995-11-20,75.145
1995-11-21,86.59
1995-11-22,101.2
1995-11-23,101.5
1995-11-24,92.99
1995-11-25,66.23
1995-11-26,54.761
1995-11-27,48.959
1995-11-28,48.04
1995-11-29,42.608
1995-11-30,42.48
1995-12-01,43.986
1995-12-02,45.703
1995-12-03,50.53
1995-12-04,77.221
1995-12-05,77.37
1995-12-06,77.072
1995-12-07,78.88
1995-12-08,76.327
1995-12-09,130.1
1995-12-10,113.5
1995-12-11,96.198
1995-12-12,70.77
1995-12-13,59.429
1995-12-14,52.171
1995-12-15,49.346
1995-12-16,47.812
1995-12-17,47.812
1995-12-18,48.192
1995-12-19,45.703
1995-12-20,46.346
1995-12-21,43.125
1995-12-22,47.66
1995-12-23,61.332
1995-12-24,65.12
1995-12-25,67.92
1995-12-26,79.635
1995-12-27,107.8
1995-12-28,112.0
1995-12-29,151.5
1995-12-30,159.1
1995-12-31,169.5
1996-01-01,114.7
1996-01-02,115.45
1996-01-03,97.75
1996-01-04,90.565
1996-01-05,104.2
1996-01-06,101.95
1996-01-07,114.25
1996-01-08,92.99
1996-01-09,96.198
1996-01-10,77.072
1996-01-11,72.65
1996-01-12,78.578
1996-01-13,80.39
1996-01-14,86.59
1996-01-15,114.25
1996-01-16,129.5
1996-01-17,192.5
1996-01-18,220.5
1996-01-19,200.9
1996-01-20,192.1
1996-01-21,217.7
1996-01-22,233.5
1996-01-23,230.25
1996-01-24,233.75
1996-01-25,261.75
1996-01-26,300.25
1996-01-27,386.5
1996-01-28,357.75
1996-01-29,395.5
1996-01-30,398.0
1996-01-31,371.75
1996-02-01,398.0
1996-02-02,355.5
1996-02-03,311.1
1996-02-04,288.25
1996-02-05,276.25
1996-02-06,330.0
1996-02-07,299.25
1996-02-08,275.0
1996-02-09,301.75
1996-02-10,355.5
1996-02-11,380.0
1996-02-12,332.25
1996-02-13,280.0
1996-02-14,236.75
1996-02-15,241.75
1996-02-16,206.9
1996-02-17,228.0
1996-02-18,225.3
1996-02-19,208.1
1996-02-20,204.5
1996-02-21,230.0
1996-02-22,265.0
1996-02-23,268.75
1996-02-24,320.5
1996-02-25,275.0
1996-02-26,273.0
1996-02-27,251.75
1996-02-28,204.5
1996-02-29,201.5
1996-03-01,213.5
1996-03-02,229.0
1996-03-03,238.0
1996-03-04,265.0
1996-03-05,317.5
1996-03-06,403.75
1996-03-07,368.75
1996-03-08,288.0
1996-03-09,273.75
1996-03-10,215.1
1996-03-11,203.5
1996-03-12,199.1
1996-03-13,191.1
1996-03-14,160.1
1996-03-15,151.1
1996-03-16,144.1
1996-03-17,124.9
1996-03-18,127.5
1996-03-19,122.5
1996-03-20,112.75
1996-03-21,123.25
1996-03-22,145.1
1996-03-23,146.5
1996-03-24,156.1
1996-03-25,149.3
1996-03-26,175.1
1996-03-27,175.1
1996-03-28,201.1
1996-03-29,217.1
1996-03-30,342.5
1996-03-31,283.0
1996-04-01,245.0
1996-04-02,235.0
1996-04-03,229.25
1996-04-04,206.5
1996-04-05,207.5
1996-04-06,196.5
1996-04-07,192.5
1996-04-08,169.5
1996-04-09,174.1
1996-04-10,185.5
1996-04-11,178.5
1996-04-12,170.1
1996-04-13,166.5
1996-04-14,167.1
1996-04-15,209.1
1996-04-16,190.1
1996-04-17,183.5
1996-04-18,166.5
1996-04-19,171.1
1996-04-20,159.1
1996-04-21,134.5
1996-04-22,122.65
1996-04-23,114.7
1996-04-24,112.0
1996-04-25,107.95
1996-04-26,99.7
1996-04-27,98.95
1996-04-28,97.0
1996-04-29,90.565
1996-04-30,92.828
1996-05-01,97.75
1996-05-02,91.856
1996-05-03,92.99
1996-05-04,107.95
1996-05-05,99.7
1996-05-06,87.854
1996-05-07,81.155
1996-05-08,78.125
1996-05-09,69.056
1996-05-10,67.21
1996-05-11,65.81
1996-05-12,67.636
1996-05-13,69.056
1996-05-14,67.21
1996-05-15,76.625
1996-05-16,70.482
1996-05-17,66.93
1996-05-18,62.049
1996-05-19,58.944
1996-05-20,57.982
1996-05-21,55.93
1996-05-22,55.027
1996-05-23,52.845
1996-05-24,53.27
1996-05-25,53.27
1996-05-26,52.59
1996-05-27,51.756
1996-05-28,50.934
1996-05-29,49.346
1996-05-30,49.346
1996-05-31,47.812
1996-06-01,47.66
1996-06-02,47.076
1996-06-03,47.076
1996-06-04,46.346
1996-06-05,46.2
1996-06-06,45.007
1996-06-07,44.256
1996-06-08,44.8
1996-06-09,42.995
1996-06-10,42.995
1996-06-11,42.288
1996-06-12,42.16
1996-06-13,41.719
1996-06-14,41.719
1996-06-15,41.103
1996-06-16,40.92
1996-06-17,40.432
1996-06-18,40.31
1996-06-19,40.92
1996-06-20,40.92
1996-06-21,40.31
1996-06-22,39.897
1996-06-23,39.314
1996-06-24,38.684
1996-06-25,38.684
1996-06-26,38.684
1996-06-27,38.57
1996-06-28,37.146
1996-06-29,36.93
1996-06-30,36.566
1996-07-01,36.566
1996-07-02,36.41
1996-07-03,36.046
1996-07-04,35.89
1996-07-05,35.89
1996-07-06,35.89
1996-07-07,35.89
1996-07-08,35.89
1996-07-09,35.89
1996-07-10,35.482
1996-07-11,35.482
1996-07-12,35.584
1996-07-13,35.38
1996-07-14,35.38
1996-07-15,35.03
1996-07-16,34.88
1996-07-17,34.537
1996-07-18,34.39
1996-07-19,34.39
1996-07-20,34.006
1996-07-21,33.584
1996-07-22,33.584
1996-07-23,33.584
1996-07-24,33.44
1996-07-25,34.537
1996-07-26,34.88
1996-07-27,35.03
1996-07-28,34.88
1996-07-29,35.03
1996-07-30,35.38
1996-07-31,35.03
1996-08-01,34.88
1996-08-02,35.03
1996-08-03,34.635
1996-08-04,33.118
1996-08-05,32.842
1996-08-06,32.888
1996-08-07,34.782
1996-08-08,34.733
1996-08-09,33.818
1996-08-10,33.44
1996-08-11,33.91
1996-08-12,33.21
1996-08-13,32.704
1996-08-14,32.658
1996-08-15,33.21
1996-08-16,32.842
1996-08-17,32.842
1996-08-18,36.984
1996-08-19,38.855
1996-08-20,38.855
1996-08-21,37.308
1996-08-22,35.23
1996-08-23,33.118
1996-08-24,32.842
1996-08-25,32.475
1996-08-26,32.52
1996-08-27,34.88
1996-08-28,37.2
1996-08-29,39.14
1996-08-30,43.45
1996-08-31,38.02
1996-09-01,37.8
1996-09-02,35.635
1996-09-03,34.88
1996-09-04,34.102
1996-09-05,33.302
1996-09-06,32.385
1996-09-07,31.63
1996-09-08,31.454
1996-09-09,31.41
1996-09-10,31.586
1996-09-11,30.975
1996-09-12,31.41
1996-09-13,32.98
1996-09-14,32.16
1996-09-15,33.118
1996-09-16,31.674
1996-09-17,33.302
1996-09-18,33.44
1996-09-19,31.718
1996-09-20,32.205
1996-09-21,32.612
1996-09-22,32.934
1996-09-23,33.958
1996-09-24,33.91
1996-09-25,33.91
1996-09-26,35.635
1996-09-27,35.23
1996-09-28,35.89
1996-09-29,36.046
1996-09-30,35.03
1996-10-01,34.39
1996-10-02,32.842
1996-10-03,32.295
1996-10-04,32.612
1996-10-05,33.118
1996-10-06,32.75
1996-10-07,36.046
1996-10-08,37.416
1996-10-09,40.737
1996-10-10,42.544
1996-10-11,41.845
1996-10-12,41.53
1996-10-13,40.92
1996-10-14,41.042
1996-10-15,39.897
1996-10-16,38.295
1996-10-17,36.566
1996-10-18,35.482
1996-10-19,35.28
1996-10-20,35.28
1996-10-21,35.28
1996-10-22,37.146
1996-10-23,38.46
1996-10-24,38.46
1996-10-25,40.737
1996-10-26,42.48
1996-10-27,39.72
1996-10-28,37.308
1996-10-29,36.826
1996-10-30,38.627
1996-10-31,45.007
1996-11-01,50.77
1996-11-02,63.6
1996-11-03,55.115
1996-11-04,49.736
1996-11-05,46.565
1996-11-06,50.37
1996-11-07,44.8
1996-11-08,44.46
1996-11-09,42.034
1996-11-10,39.43
1996-11-11,38.684
1996-11-12,39.897
1996-11-13,48.574
1996-11-14,51.756
1996-11-15,44.8
1996-11-16,44.12
1996-11-17,42.16
1996-11-18,46.058
1996-11-19,67.636
1996-11-20,79.635
1996-11-21,83.306
1996-11-22,74.116
1996-11-23,62.255
1996-11-24,56.39
1996-11-25,64.43
1996-11-26,71.925
1996-11-27,69.482
1996-11-28,59.92
1996-11-29,58.75
1996-11-30,55.47
1996-12-01,59.138
1996-12-02,59.429
1996-12-03,63.6
1996-12-04,60.42
1996-12-05,62.049
1996-12-06,71.49
1996-12-07,97.75
1996-12-08,147.1
1996-12-09,128.3
1996-12-10,110.5
1996-12-11,109.75
1996-12-12,124.9
1996-12-13,146.1
1996-12-14,165.5
1996-12-15,154.5
1996-12-16,137.5
1996-12-17,113.5
1996-12-18,100.75
1996-12-19,88.647
1996-12-20,139.1
1996-12-21,123.7
1996-12-22,113.2
1996-12-23,114.25
1996-12-24,115.0
1996-12-25,234.25
1996-12-26,168.1
1996-12-27,180.1
1996-12-28,220.5
1996-12-29,258.25
1996-12-30,180.1
1996-12-31,150.1
1997-01-01,113.5
1997-01-02,106.0
1997-01-03,94.75
1997-01-04,130.5
1997-01-05,133.75
1997-01-06,106.75
1997-01-07,116.5
1997-01-08,99.25
1997-01-09,91.75
1997-01-10,94.75
1997-01-11,103.75
1997-01-12,135.25
1997-01-13,174.5
1997-01-14,185.5
1997-01-15,162.5
1997-01-16,166.5
1997-01-17,226.25
1997-01-18,356.75
1997-01-19,394.25
1997-01-20,391.75
1997-01-21,380.5
1997-01-22,529.667
1997-01-23,485.5
1997-01-24,370.5
1997-01-25,313.0
1997-01-26,298.0
1997-01-27,275.5
1997-01-28,293.0
1997-01-29,296.75
1997-01-30,426.75
1997-01-31,385.5
1997-02-01,374.25
1997-02-02,363.0
1997-02-03,309.25
1997-02-04,233.0
1997-02-05,231.75
1997-02-06,286.75
1997-02-07,279.25
1997-02-08,302.75
1997-02-09,304.25
1997-02-10,296.75
1997-02-11,404.25
1997-02-12,351.75
1997-02-13,353.0
1997-02-14,376.75
1997-02-15,360.5
1997-02-16,412.167
1997-02-17,488.0
1997-02-18,575.5
1997-02-19,569.25
1997-02-20,518.0
1997-02-21,531.75
1997-02-22,538.0
1997-02-23,544.75
1997-02-24,471.75
1997-02-25,426.5
1997-02-26,401.75
1997-02-27,340.5
1997-02-28,300.5
1997-03-01,355.25
1997-03-02,361.75
1997-03-03,608.5
1997-03-04,772.275
1997-03-05,749.9
1997-03-06,693.5
1997-03-07,631.75
1997-03-08,752.833
1997-03-09,787.5
1997-03-10,694.25
1997-03-11,663.75
1997-03-12,591.75
1997-03-13,491.75
1997-03-14,424.25
1997-03-15,390.5
1997-03-16,379.0
1997-03-17,336.75
1997-03-18,300.5
1997-03-19,311.5
1997-03-20,281.75
1997-03-21,268.0
1997-03-22,263.0
1997-03-23,299.0
1997-03-24,275.5
1997-03-25,251.5
1997-03-26,281.75
1997-03-27,268.0
1997-03-28,244.25
1997-03-29,303.0
1997-03-30,297.75
1997-03-31,316.5
1997-04-01,276.75
1997-04-02,241.75
1997-04-03,220.25
1997-04-04,196.5
1997-04-05,192.5
1997-04-06,193.5
1997-04-07,201.5
1997-04-08,191.5
1997-04-09,194.5
1997-04-10,190.5
1997-04-11,181.5
1997-04-12,169.5
1997-04-13,171.5
1997-04-14,178.5
1997-04-15,181.0
1997-04-16,152.5
1997-04-17,147.5
1997-04-18,162.5
1997-04-19,158.5
1997-04-20,144.5
1997-04-21,135.5
1997-04-22,133.5
1997-04-23,118.75
1997-04-24,114.75
1997-04-25,112.5
1997-04-26,112.0
1997-04-27,112.0
1997-04-28,112.0
1997-04-29,104.5
1997-04-30,113.0
1997-05-01,125.0
1997-05-02,111.25
1997-05-03,103.75
1997-05-04,100.75
1997-05-05,98.5
1997-05-06,96.25
1997-05-07,96.25
1997-05-08,94.75
1997-05-09,89.5
1997-05-10,85.0
1997-05-11,85.0
1997-05-12,82.75
1997-05-13,82.0
1997-05-14,79.0
1997-05-15,79.0
1997-05-16,76.75
1997-05-17,75.25
1997-05-18,71.5
1997-05-19,78.25
1997-05-20,76.0
1997-05-21,74.5
1997-05-22,71.5
1997-05-23,69.25
1997-05-24,67.75
1997-05-25,67.0
1997-05-26,66.25
1997-05-27,64.0
1997-05-28,63.0
1997-05-29,62.0
1997-05-30,60.5
1997-05-31,59.0
1997-06-01,61.0
1997-06-02,60.0
1997-06-03,60.0
1997-06-04,58.5
1997-06-05,58.5
1997-06-06,58.0
1997-06-07,58.0
1997-06-08,57.0
1997-06-09,57.0
1997-06-10,56.0
1997-06-11,56.0
1997-06-12,55.0
1997-06-13,55.0
1997-06-14,54.0
1997-06-15,53.0
1997-06-16,53.0
1997-06-17,51.5
1997-06-18,52.0
1997-06-19,51.0
1997-06-20,50.5
1997-06-21,50.5
1997-06-22,50.0
1997-06-23,50.0
1997-06-24,49.0
1997-06-25,48.0
1997-06-26,48.0
1997-06-27,48.0
1997-06-28,47.5
1997-06-29,48.0
1997-06-30,49.0
1997-07-01,48.5
1997-07-02,47.0
1997-07-03,46.5
1997-07-04,46.0
1997-07-05,47.0
1997-07-06,47.5
1997-07-07,46.5
1997-07-08,45.5
1997-07-09,45.0
1997-07-10,45.0
1997-07-11,44.5
1997-07-12,44.5
1997-07-13,44.5
1997-07-14,43.75
1997-07-15,43.75
1997-07-16,43.75
1997-07-17,43.0
1997-07-18,41.833
1997-07-19,42.75
1997-07-20,42.25
1997-07-21,41.833
1997-07-22,42.0
1997-07-23,41.0
1997-07-24,38.5
1997-07-25,38.0
1997-07-26,38.0
1997-07-27,39.0
1997-07-28,44.0
1997-07-29,43.5
1997-07-30,43.0
1997-07-31,43.0
1997-08-01,42.0
1997-08-02,43.0
1997-08-03,42.0
1997-08-04,42.0
1997-08-05,41.75
1997-08-06,41.25
1997-08-07,44.0
1997-08-08,45.75
1997-08-09,43.25
1997-08-10,43.0
1997-08-11,43.0
1997-08-12,43.25
1997-08-13,44.0
1997-08-14,46.5
1997-08-15,45.75
1997-08-16,44.5
1997-08-17,43.25
1997-08-18,42.25
1997-08-19,44.75
1997-08-20,43.25
1997-08-21,41.75
1997-08-22,41.25
1997-08-23,41.25
1997-08-24,41.0
1997-08-25,42.25
1997-08-26,41.25
1997-08-27,41.25
1997-08-28,40.75
1997-08-29,41.25
1997-08-30,41.75
1997-08-31,42.5
1997-09-01,42.25
1997-09-02,40.75
1997-09-03,42.25
1997-09-04,41.75
1997-09-05,40.75
1997-09-06,35.05
1997-09-07,35.05
1997-09-08,37.0
1997-09-09,37.0
1997-09-10,37.0
1997-09-11,37.0
1997-09-12,37.25
1997-09-13,37.5
1997-09-14,38.0
1997-09-15,37.0
1997-09-16,37.0
1997-09-17,37.5
1997-09-18,37.0
1997-09-19,37.0
1997-09-20,37.0
1997-09-21,37.0
1997-09-22,37.0
1997-09-23,38.0
1997-09-24,38.0
1997-09-25,38.0
1997-09-26,37.5
1997-09-27,37.5
1997-09-28,38.0
1997-09-29,38.0
1997-09-30,37.0
1997-10-01,37.5
1997-10-02,37.0
1997-10-03,37.0
1997-10-04,37.0
1997-10-05,37.12
1997-10-06,36.42
1997-10-07,37.12
1997-10-08,35.845
1997-10-09,35.625
1997-10-10,36.2
1997-10-11,37.12
1997-10-12,37.34
1997-10-13,37.56
1997-10-14,40.5
1997-10-15,43.5
1997-10-16,46.5
1997-10-17,48.0
1997-10-18,46.385
1997-10-19,43.46
1997-10-20,40.5
1997-10-21,38.75
1997-10-22,39.41
1997-10-23,40.0
1997-10-24,41.75
1997-10-25,42.615
1997-10-26,42.393
1997-10-27,41.545
1997-10-28,41.55
1997-10-29,42.0
1997-10-30,42.943
1997-10-31,42.26
1997-11-01,44.56
1997-11-02,46.22
1997-11-03,50.23
1997-11-04,83.5
1997-11-05,102.25
1997-11-06,103.0
1997-11-07,100.0
1997-11-08,95.5
1997-11-09,103.75
1997-11-10,80.5
1997-11-11,148.833
1997-11-12,157.5
1997-11-13,139.25
1997-11-14,83.5
1997-11-15,71.5
1997-11-16,70.0
1997-11-17,66.25
1997-11-18,61.5
1997-11-19,70.0
1997-11-20,85.75
1997-11-21,86.5
1997-11-22,109.0
1997-11-23,97.0
1997-11-24,101.5
1997-11-25,122.25
1997-11-26,106.0
1997-11-27,85.75
1997-11-28,76.0
1997-11-29,71.5
1997-11-30,78.25
1997-12-01,72.5
1997-12-02,73.75
1997-12-03,65.25
1997-12-04,71.5
1997-12-05,64.75
1997-12-06,60.5
1997-12-07,57.0
1997-12-08,57.0
1997-12-09,82.9
1997-12-10,94.0
1997-12-11,108.25
1997-12-12,103.0
1997-12-13,92.5
1997-12-14,82.0
1997-12-15,77.5
1997-12-16,79.0
1997-12-17,88.75
1997-12-18,101.5
1997-12-19,106.75
1997-12-20,106.0
1997-12-21,99.25
1997-12-22,91.75
1997-12-23,121.75
1997-12-24,169.5
1997-12-25,226.0
1997-12-26,256.333
1997-12-27,226.5
1997-12-28,184.5
1997-12-29,153.5
1997-12-30,162.5
1997-12-31,128.5
1998-01-01,120.25
1998-01-02,126.5
1998-01-03,135.5
1998-01-04,138.5
1998-01-05,157.5
1998-01-06,201.5
1998-01-07,226.75
1998-01-08,312.167
1998-01-09,243.0
1998-01-10,220.5
1998-01-11,179.5
1998-01-12,167.5
1998-01-13,167.5
1998-01-14,183.5
1998-01-15,145.5
1998-01-16,125.5
1998-01-17,120.25
1998-01-18,112.0
1998-01-19,113.5
1998-01-20,115.75
1998-01-21,113.7
1998-01-22,119.5
1998-01-23,143.5
1998-01-24,128.75
1998-01-25,245.5
1998-01-26,148.5
1998-01-27,260.5
1998-01-28,212.5
1998-01-29,194.5
1998-01-30,201.55
1998-01-31,253.0
1998-02-01,216.5
1998-02-02,193.5
1998-02-03,162.5
1998-02-04,147.5
1998-02-05,136.5
1998-02-06,138.5
1998-02-07,213.5
1998-02-08,203.5
1998-02-09,238.0
1998-02-10,231.5
1998-02-11,372.167
1998-02-12,435.5
1998-02-13,365.5
1998-02-14,288.0
1998-02-15,224.5
1998-02-16,198.5
1998-02-17,218.75
1998-02-18,282.75
1998-02-19,268.0
1998-02-20,285.5
1998-02-21,258.0
1998-02-22,279.25
1998-02-23,273.0
1998-02-24,255.5
1998-02-25,329.25
1998-02-26,264.25
1998-02-27,271.5
1998-02-28,259.25
1998-03-01,245.5
1998-03-02,275.5
1998-03-03,278.0
1998-03-04,270.5
1998-03-05,225.5
1998-03-06,188.5
1998-03-07,177.5
1998-03-08,162.5
1998-03-09,153.5
1998-03-10,175.5
1998-03-11,158.167
1998-03-12,207.5
1998-03-13,256.75
1998-03-14,250.5
1998-03-15,260.5
1998-03-16,271.75
1998-03-17,226.75
1998-03-18,223.75
1998-03-19,230.5
1998-03-20,199.5
1998-03-21,240.5
1998-03-22,224.75
1998-03-23,201.5
1998-03-24,181.25
1998-03-25,175.5
1998-03-26,166.5
1998-03-27,154.0
1998-03-28,147.5
1998-03-29,142.5
1998-03-30,154.5
1998-03-31,149.75
1998-04-01,141.5
1998-04-02,161.5
1998-04-03,167.5
1998-04-04,167.5
1998-04-05,151.5
1998-04-06,135.5
1998-04-07,131.5
1998-04-08,125.0
1998-04-09,116.0
1998-04-10,125.0
1998-04-11,149.5
1998-04-12,126.75
1998-04-13,133.25
1998-04-14,125.75
1998-04-15,115.0
1998-04-16,112.0
1998-04-17,106.0
1998-04-18,98.5
1998-04-19,103.0
1998-04-20,97.75
1998-04-21,93.25
1998-04-22,89.25
1998-04-23,87.25
1998-04-24,84.5
1998-04-25,79.0
1998-04-26,73.0
1998-04-27,71.5
1998-04-28,70.0
1998-04-29,69.5
1998-04-30,68.5
1998-05-01,69.25
1998-05-02,67.0
1998-05-03,67.0
1998-05-04,65.5
1998-05-05,64.0
1998-05-06,63.0
1998-05-07,62.0
1998-05-08,61.0
1998-05-09,60.0
1998-05-10,58.0
1998-05-11,56.5
1998-05-12,55.0
1998-05-13,54.5
1998-05-14,54.0
1998-05-15,52.0
1998-05-16,52.0
1998-05-17,52.0
1998-05-18,51.0
1998-05-19,50.0
1998-05-20,48.5
1998-05-21,46.5
1998-05-22,46.0
1998-05-23,45.25
1998-05-24,45.0
1998-05-25,44.5
1998-05-26,45.5
1998-05-27,45.0
1998-05-28,45.0
1998-05-29,44.0
1998-05-30,45.0
1998-05-31,48.5
1998-06-01,49.0
1998-06-02,46.5
1998-06-03,44.5
1998-06-04,43.0
1998-06-05,43.25
1998-06-06,43.0
1998-06-07,43.25
1998-06-08,43.0
1998-06-09,42.0
1998-06-10,42.5
1998-06-11,42.5
1998-06-12,42.0
1998-06-13,41.25
1998-06-14,41.0
1998-06-15,41.0
1998-06-16,41.25
1998-06-17,41.0
1998-06-18,41.0
1998-06-19,40.0
1998-06-20,40.5
1998-06-21,40.0
1998-06-22,39.0
1998-06-23,39.0
1998-06-24,38.0
1998-06-25,38.0
1998-06-26,37.5
1998-06-27,37.0
1998-06-28,37.0
1998-06-29,37.0
1998-06-30,37.0
1998-07-01,37.0
1998-07-02,36.5
1998-07-03,36.0
1998-07-04,37.0
1998-07-05,37.0
1998-07-06,36.5
1998-07-07,36.0
1998-07-08,36.0
1998-07-09,37.0
1998-07-10,37.25
1998-07-11,37.0
1998-07-12,37.0
1998-07-13,36.0
1998-07-14,36.0
1998-07-15,35.0
1998-07-16,35.0
1998-07-17,35.0
1998-07-18,35.0
1998-07-19,34.0
1998-07-20,34.0
1998-07-21,33.5
1998-07-22,33.25
1998-07-23,33.0
1998-07-24,33.0
1998-07-25,33.0
1998-07-26,33.0
1998-07-27,33.0
1998-07-28,33.0
1998-07-29,33.5
1998-07-30,33.5
1998-07-31,33.5
1998-08-01,33.75
1998-08-02,33.75
1998-08-03,33.75
1998-08-04,35.25
1998-08-05,34.0
1998-08-06,34.0
1998-08-07,33.75
1998-08-08,34.0
1998-08-09,35.0
1998-08-10,34.5
1998-08-11,33.75
1998-08-12,33.5
1998-08-13,33.25
1998-08-14,33.0
1998-08-15,33.0
1998-08-16,33.5
1998-08-17,33.5
1998-08-18,33.25
1998-08-19,33.0
1998-08-20,33.5
1998-08-21,34.0
1998-08-22,33.75
1998-08-23,33.5
1998-08-24,33.0
1998-08-25,33.0
1998-08-26,33.5
1998-08-27,34.5
1998-08-28,34.5
1998-08-29,33.75
1998-08-30,33.5
1998-08-31,33.25
1998-09-01,33.5
1998-09-02,33.25
1998-09-03,33.0
1998-09-04,33.0
1998-09-05,32.0
1998-09-06,32.0
1998-09-07,33.0
1998-09-08,33.0
1998-09-09,33.5
1998-09-10,33.5
1998-09-11,33.5
1998-09-12,33.5
1998-09-13,33.25
1998-09-14,33.5
1998-09-15,36.0
1998-09-16,35.5
1998-09-17,35.5
1998-09-18,36.0
1998-09-19,37.0
1998-09-20,37.0
1998-09-21,36.0
1998-09-22,36.5
1998-09-23,37.0
1998-09-24,37.5
1998-09-25,37.5
1998-09-26,37.25
1998-09-27,37.5
1998-09-28,37.25
1998-09-29,38.5
1998-09-30,43.0
1998-10-01,41.0
1998-10-02,40.75
1998-10-03,39.25
1998-10-04,37.5
1998-10-05,37.5
1998-10-06,37.5
1998-10-07,38.5
1998-10-08,45.0
1998-10-09,44.5
1998-10-10,43.0
1998-10-11,41.75
1998-10-12,41.25
1998-10-13,40.0
1998-10-14,40.75
1998-10-15,38.5
1998-10-16,36.0
1998-10-17,35.75
1998-10-18,37.25
1998-10-19,37.25
1998-10-20,37.25
1998-10-21,43.0
1998-10-22,45.5
1998-10-23,69.5
1998-10-24,74.5
1998-10-25,77.0
1998-10-26,63.25
1998-10-27,54.5
1998-10-28,54.5
1998-10-29,62.167
1998-10-30,59.0
1998-10-31,64.0
1998-11-01,79.75
1998-11-02,63.25
1998-11-03,56.5
1998-11-04,47.5
1998-11-05,41.5
1998-11-06,39.5
1998-11-07,39.0
1998-11-08,41.0
1998-11-09,42.5
1998-11-10,45.5
1998-11-11,49.0
1998-11-12,51.5
1998-11-13,47.5
1998-11-14,44.5
1998-11-15,45.0
1998-11-16,46.75
1998-11-17,57.0
1998-11-18,59.0
1998-11-19,68.5
1998-11-20,70.75
1998-11-21,70.75
1998-11-22,68.5
1998-11-23,85.0
1998-11-24,88.0
1998-11-25,73.75
1998-11-26,66.25
1998-11-27,61.0
1998-11-28,73.75
1998-11-29,81.75
1998-11-30,77.5
1998-12-01,94.75
1998-12-02,104.5
1998-12-03,81.25
1998-12-04,70.0
1998-12-05,64.75
1998-12-06,66.25
1998-12-07,91.0
1998-12-08,85.75
1998-12-09,85.75
1998-12-10,96.25
1998-12-11,107.5
1998-12-12,114.5
1998-12-13,99.25
1998-12-14,85.0
1998-12-15,75.25
1998-12-16,70.75
1998-12-17,73.75
1998-12-18,76.75
1998-12-19,72.25
1998-12-20,100.0
1998-12-21,121.0
1998-12-22,109.75
1998-12-23,107.5
1998-12-24,104.75
1998-12-25,107.5
1998-12-26,106.0
1998-12-27,94.75
1998-12-28,85.75
1998-12-29,77.5
1998-12-30,85.0
1998-12-31,85.75
1999-01-01,85.0
1999-01-02,94.0
1999-01-03,103.75
1999-01-04,88.0
1999-01-05,113.5
1999-01-06,112.75
1999-01-07,120.25
1999-01-08,208.5
1999-01-09,240.5
1999-01-10,248.0
1999-01-11,375.5
1999-01-12,336.75
1999-01-13,253.0
1999-01-14,218.833
1999-01-15,202.833
1999-01-16,203.5
1999-01-17,178.167
1999-01-18,155.5
1999-01-19,146.5
1999-01-20,130.5
1999-01-21,127.667
1999-01-22,137.5
1999-01-23,141.5
1999-01-24,124.667
1999-01-25,133.5
1999-01-26,148.833
1999-01-27,150.5
1999-01-28,165.5
1999-01-29,181.5
1999-01-30,176.5
1999-01-31,242.0
1999-02-01,258.0
1999-02-02,229.5
1999-02-03,278.0
1999-02-04,293.0
1999-02-05,300.5
1999-02-06,320.5
1999-02-07,283.833
1999-02-08,348.0
1999-02-09,333.0
1999-02-10,323.0
1999-02-11,251.75
1999-02-12,249.25
1999-02-13,259.25
1999-02-14,246.75
1999-02-15,236.75
1999-02-16,280.5
1999-02-17,253.0
1999-02-18,271.333
1999-02-19,309.5
1999-02-20,276.333
1999-02-21,283.833
1999-02-22,253.0
1999-02-23,238.0
1999-02-24,233.0
1999-02-25,236.333
1999-02-26,351.75
1999-02-27,333.0
1999-02-28,385.5
1999-03-01,397.167
1999-03-02,373.0
1999-03-03,349.5
1999-03-04,304.0
1999-03-05,297.167
1999-03-06,276.75
1999-03-07,283.0
1999-03-08,282.167
1999-03-09,343.667
1999-03-10,321.333
1999-03-11,299.0
1999-03-12,304.25
1999-03-13,292.0
1999-03-14,320.5
1999-03-15,381.75
1999-03-16,363.833
1999-03-17,496.333
1999-03-18,394.25
1999-03-19,375.5
1999-03-20,401.333
1999-03-21,387.167
1999-03-22,346.75
1999-03-23,317.833
1999-03-24,316.833
1999-03-25,286.75
1999-03-26,277.167
1999-03-27,261.167
1999-03-28,251.333
1999-03-29,224.167
1999-03-30,249.0
1999-03-31,226.5
1999-04-01,208.167
1999-04-02,202.167
1999-04-03,205.5
1999-04-04,206.167
1999-04-05,214.833
1999-04-06,204.5
1999-04-07,217.5
1999-04-08,231.75
1999-04-09,225.667
1999-04-10,262.167
1999-04-11,227.25
1999-04-12,218.5
1999-04-13,206.5
1999-04-14,206.5
1999-04-15,193.5
1999-04-16,184.5
1999-04-17,178.5
1999-04-18,214.0
1999-04-19,263.0
1999-04-20,241.75
1999-04-21,211.5
1999-04-22,201.5
1999-04-23,178.5
1999-04-24,170.5
1999-04-25,159.5
1999-04-26,161.5
1999-04-27,159.5
1999-04-28,152.5
1999-04-29,156.5
1999-04-30,174.5
1999-05-01,168.5
1999-05-02,162.5
1999-05-03,158.5
1999-05-04,192.5
1999-05-05,188.5
1999-05-06,159.5
1999-05-07,150.5
1999-05-08,132.5
1999-05-09,120.25
1999-05-10,115.75
1999-05-11,107.5
1999-05-12,105.75
1999-05-13,96.25
1999-05-14,85.75
1999-05-15,88.75
1999-05-16,85.75
1999-05-17,82.0
1999-05-18,73.75
1999-05-19,72.25
1999-05-20,71.5
1999-05-21,46.63
1999-05-22,47.355
1999-05-23,47.1
1999-05-24,47.335
1999-05-25,45.32
1999-05-26,45.32
1999-05-27,44.31
1999-05-28,58.5
1999-05-29,54.5
1999-05-30,53.0
1999-05-31,52.0
1999-06-01,52.0
1999-06-02,52.0
1999-06-03,52.0
1999-06-04,52.0
1999-06-05,52.5
1999-06-06,51.0
1999-06-07,51.0
1999-06-08,50.0
1999-06-09,49.0
1999-06-10,47.0
1999-06-11,46.0
1999-06-12,45.25
1999-06-13,45.0
1999-06-14,44.0
1999-06-15,44.0
1999-06-16,43.5
1999-06-17,43.5
1999-06-18,43.0
1999-06-19,43.0
1999-06-20,43.0
1999-06-21,42.0
1999-06-22,41.5
1999-06-23,41.0
1999-06-24,41.0
1999-06-25,41.0
1999-06-26,40.0
1999-06-27,40.0
1999-06-28,40.0
1999-06-29,39.75
1999-06-30,39.25
1999-07-01,39.0
1999-07-02,39.0
1999-07-03,38.0
1999-07-04,38.0
1999-07-05,38.0
1999-07-06,38.0
1999-07-07,37.5
1999-07-08,37.5
1999-07-09,37.0
1999-07-10,37.0
1999-07-11,37.0
1999-07-12,37.0
1999-07-13,36.0
1999-07-14,36.0
1999-07-15,36.0
1999-07-16,35.5
1999-07-17,35.5
1999-07-18,35.5
1999-07-19,35.5
1999-07-20,35.5
1999-07-21,30.0
1999-07-22,30.0
1999-07-23,30.0
1999-07-24,29.0
1999-07-25,29.0
1999-07-26,29.0
1999-07-27,28.0
1999-07-28,28.0
1999-07-29,28.0
1999-07-30,28.0
1999-07-31,28.0
1999-08-01,28.0
1999-08-02,33.5
1999-08-03,33.5
1999-08-04,33.5
1999-08-05,33.5
1999-08-06,35.5
1999-08-07,33.0
1999-08-08,33.0
1999-08-09,33.0
1999-08-10,33.0
1999-08-11,33.0
1999-08-12,33.0
1999-08-13,31.5
1999-08-14,31.5
1999-08-15,31.0
1999-08-16,31.0
1999-08-17,31.0
1999-08-18,30.5
1999-08-19,30.5
1999-08-20,30.5
1999-08-21,30.5
1999-08-22,30.5
1999-08-23,30.5
1999-08-24,30.5
1999-08-25,30.5
1999-08-26,30.5
1999-08-27,30.5
1999-08-28,31.0
1999-08-29,31.5
1999-08-30,31.5
1999-08-31,31.5
1999-09-01,31.0
1999-09-02,31.0
1999-09-03,31.0
1999-09-04,30.5
1999-09-05,30.5
1999-09-06,33.25
1999-09-07,33.25
1999-09-08,31.5
1999-09-09,31.5
1999-09-10,32.0
1999-09-11,31.5
1999-09-12,31.0
1999-09-13,31.0
1999-09-14,31.5
1999-09-15,31.5
1999-09-16,38.0
1999-09-17,41.0
1999-09-18,37.75
1999-09-19,37.0
1999-09-20,34.5
1999-09-21,33.0
1999-09-22,33.5
1999-09-23,33.5
1999-09-24,33.0
1999-09-25,34.0
1999-09-26,34.0
1999-09-27,34.0
1999-09-28,43.5
1999-09-29,43.5
1999-09-30,43.5
1999-10-01,42.0
1999-10-02,39.0
1999-10-03,40.0
1999-10-04,41.0
1999-10-05,40.0
1999-10-06,40.0
1999-10-07,37.0
1999-10-08,37.25
1999-10-09,37.0
1999-10-10,37.0
1999-10-11,37.0
1999-10-12,40.75
1999-10-13,41.5
1999-10-14,39.0
1999-10-15,38.5
1999-10-16,37.5
1999-10-17,37.5
1999-10-18,41.5
1999-10-19,42.0
1999-10-20,41.0
1999-10-21,41.0
1999-10-22,40.0
1999-10-23,39.5
1999-10-24,39.5
1999-10-25,41.0
1999-10-26,46.0
1999-10-27,50.5
1999-10-28,51.0
1999-10-29,43.5
1999-10-30,43.0
1999-10-31,42.0
1999-11-01,41.5
1999-11-02,53.0
1999-11-03,54.0
1999-11-04,56.0
1999-11-05,56.0
1999-11-06,48.0
1999-11-07,49.0
1999-11-08,42.0
1999-11-09,42.0
1999-11-10,45.0
1999-11-11,50.0
1999-11-12,44.5
1999-11-13,42.25
1999-11-14,43.75
1999-11-15,44.0
1999-11-16,44.5
1999-11-17,45.5
1999-11-18,44.0
1999-11-19,44.0
1999-11-20,44.5
1999-11-21,44.0
1999-11-22,43.5
1999-11-23,38.0
1999-11-24,43.5
1999-11-25,46.0
1999-11-26,45.0
1999-11-27,45.0
1999-11-28,45.0
1999-11-29,46.25
1999-11-30,46.0
1999-12-01,44.0
1999-12-02,43.75
1999-12-03,43.0
1999-12-04,43.5
1999-12-05,43.25
1999-12-06,42.0
1999-12-07,42.0
1999-12-08,50.0
1999-12-09,51.0
1999-12-10,56.0
1999-12-11,56.0
1999-12-12,65.5
1999-12-13,76.0
1999-12-14,70.75
1999-12-15,67.75
1999-12-16,67.0
1999-12-17,79.75
1999-12-18,120.25
1999-12-19,100.75
1999-12-20,73.0
1999-12-21,133.75
1999-12-22,145.5
1999-12-23,227.75
1999-12-24,274.25
1999-12-25,320.5
1999-12-26,222.75
1999-12-27,179.5
1999-12-28,163.5
1999-12-29,172.5
1999-12-30,163.5
1999-12-31,157.5
2000-01-01,140.5
2000-01-02,153.5
2000-01-03,151.5
2000-01-04,116.5
2000-01-05,131.5
2000-01-06,137.5
2000-01-07,125.5
2000-01-08,133.5
2000-01-09,180.5
2000-01-10,153.5
2000-01-11,201.5
2000-01-12,222.0
2000-01-13,214.5
2000-01-14,187.5
2000-01-15,195.5
2000-01-16,330.5
2000-01-17,336.75
2000-01-18,323.0
2000-01-19,309.0
2000-01-20,269.25
2000-01-21,214.5
2000-01-22,198.5
2000-01-23,255.75
2000-01-24,223.25
2000-01-25,226.25
2000-01-26,304.25
2000-01-27,300.5
2000-01-28,353.0
2000-01-29,419.25
2000-01-30,404.25
2000-01-31,383.0
2000-02-01,366.75
2000-02-02,399.25
2000-02-03,360.5
2000-02-04,355.5
2000-02-05,469.25
2000-02-06,441.75
2000-02-07,408.0
2000-02-08,378.0
2000-02-09,364.25
2000-02-10,376.75
2000-02-11,498.5
2000-02-12,531.125
2000-02-13,486.75
2000-02-14,373.0
2000-02-15,320.5
2000-02-16,346.75
2000-02-17,378.0
2000-02-18,329.25
2000-02-19,298.0
2000-02-20,310.5
2000-02-21,318.0
2000-02-22,351.75
2000-02-23,374.25
2000-02-24,408.0
2000-02-25,384.5
2000-02-26,355.5
2000-02-27,361.75
2000-02-28,366.75
2000-02-29,363.0
2000-03-01,339.25
2000-03-02,358.0
2000-03-03,335.5
2000-03-04,310.25
2000-03-05,284.25
2000-03-06,280.5
2000-03-07,344.25
2000-03-08,359.25
2000-03-09,431.75
2000-03-10,383.0
2000-03-11,408.0
2000-03-12,563.625
2000-03-13,464.25
2000-03-14,475.5
2000-03-15,483.0
2000-03-16,483.0
2000-03-17,408.0
2000-03-18,373.0
2000-03-19,333.0
2000-03-20,364.25
2000-03-21,356.75
2000-03-22,336.75
2000-03-23,291.75
2000-03-24,309.25
2000-03-25,316.75
2000-03-26,255.5
2000-03-27,245.5
2000-03-28,220.5
2000-03-29,212.5
2000-03-30,199.5
2000-03-31,212.5
2000-04-01,193.5
2000-04-02,175.5
2000-04-03,177.5
2000-04-04,165.5
2000-04-05,156.5
2000-04-06,150.5
2000-04-07,144.5
2000-04-08,144.5
2000-04-09,137.5
2000-04-10,133.5
2000-04-11,124.0
2000-04-12,121.0
2000-04-13,111.25
2000-04-14,100.0
2000-04-15,91.0
2000-04-16,107.5
2000-04-17,97.0
2000-04-18,93.0
2000-04-19,93.25
2000-04-20,87.25
2000-04-21,92.5
2000-04-22,91.25
2000-04-23,90.5
2000-04-24,82.75
2000-04-25,87.25
2000-04-26,85.0
2000-04-27,86.5
2000-04-28,86.5
2000-04-29,88.0
2000-04-30,88.0
2000-05-01,88.13963414634146
2000-05-02,88.27926829268293
2001-01-01,122.35
2001-01-02,119.26
2001-01-03,123.46
2001-01-04,134.48
2001-01-05,150.25
2001-01-06,197.5
2001-01-07,293.0
2001-01-08,293.0
2001-01-09,328.0
2001-01-10,460.5
2001-01-11,418.0
2001-01-12,398.0
2001-01-13,341.75
2001-01-14,529.25
2001-01-15,463.0
2001-01-16,410.5
2001-01-17,485.33
2001-01-18,488.0
2001-01-19,518.0
2001-01-20,525.5
2001-01-21,471.75
2001-01-22,420.5
2001-01-23,395.5
2001-01-24,410.5
2001-01-25,416.75
2001-01-26,353.0
2001-01-27,396.75
2001-01-28,354.25
2001-01-29,350.5
2001-01-30,338.0
2001-01-31,375.75
2001-02-01,428.25
2001-02-02,339.5
2001-02-03,415.5
2001-02-04,409.25
2001-02-05,389.25
2001-02-06,303.0
2001-02-07,295.25
2001-02-08,259.75
2001-02-09,241.0
2001-02-10,204.25
2001-02-11,191.0
2001-02-12,196.0
2001-02-13,200.25
2001-02-14,194.0
2001-02-15,206.5
2001-02-16,254.25
2001-02-17,282.0
2001-02-18,299.75
2001-02-19,327.0
2001-02-20,341.75
2001-02-21,456.25
2001-02-22,394.0
2001-02-23,377.75
2001-02-24,393.4
2001-02-25,464.5
2001-02-26,428.25
2001-02-27,460.25
2001-02-28,481.5
2001-03-01,403.5
2001-03-02,383.0
2001-03-03,379.75
2001-03-04,360.0
2001-03-05,338.25
2001-03-06,371.75
2001-03-07,360.0
2001-03-08,337.25
2001-03-09,400.0
2001-03-10,421.25
2001-03-11,432.5
2001-03-12,382.5
2001-03-13,383.5
2001-03-14,360.0
2001-03-15,312.0
2001-03-16,432.5
2001-03-17,521.2
2001-03-18,485.25
2001-03-19,389.25
2001-03-20,374.25
2001-03-21,399.75
2001-03-22,423.75
2001-03-23,429.75
2001-03-24,400.0
2001-03-25,408.25
2001-03-26,457.5
2001-03-27,469.5
2001-03-28,462.0
2001-03-29,437.0
2001-03-30,403.75
2001-03-31,457.5
2001-04-01,334.75
2001-04-02,299.75
2001-04-03,286.25
2001-04-04,266.25
2001-04-05,247.75
2001-04-06,234.75
2001-04-07,232.75
2001-04-08,235.25
2001-04-09,212.75
2001-04-10,225.25
2001-04-11,222.25
2001-04-12,225.25
2001-04-13,215.75
2001-04-14,201.75
2001-04-15,205.25
2001-04-16,191.0
2001-04-17,183.0
2001-04-18,185.0
2001-04-19,169.0
2001-04-20,132.75
2001-04-21,133.5
2001-04-22,133.5
2001-04-23,130.0
2001-04-24,122.25
2001-04-25,115.5
2001-04-26,111.25
2001-04-27,105.5
2001-04-28,103.0
2001-04-29,101.0
2001-04-30,99.0
2001-05-01,97.5
2001-05-02,96.5
2001-05-03,95.5
2001-05-04,94.5
2001-05-05,92.5
2001-05-06,92.5
2001-05-07,87.5
2001-05-08,85.0
2001-05-09,82.5
2001-05-10,81.0
2001-05-11,79.5
2001-05-12,79.5
2001-05-13,89.25
2001-05-14,97.0
2001-05-15,97.5
2001-05-16,96.0
2001-05-17,97.5
2001-05-18,95.75
2001-05-19,94.75
2001-05-20,93.25
2001-05-21,88.5
2001-05-22,79.75
2001-05-23,75.75
2001-05-24,73.5
2001-05-25,71.5
2001-05-26,70.0
2001-05-27,68.25
2001-05-28,67.0
2001-05-29,65.25
2001-05-30,64.5
2001-05-31,64.0
2001-06-01,64.75
2001-06-02,65.5
2001-06-03,65.5
2001-06-04,63.5
2001-06-05,62.5
2001-06-06,61.0
2001-06-07,61.0
2001-06-08,60.0
2001-06-09,59.0
2001-06-10,59.0
2001-06-11,58.0
2001-06-12,58.0
2001-06-13,56.5
2001-06-14,56.5
2001-06-15,55.5
2001-06-16,54.5
2001-06-17,54.5
2001-06-18,53.5
2001-06-19,53.0
2001-06-20,52.5
2001-06-21,52.5
2001-06-22,51.5
2001-06-23,51.5
2001-06-24,50.5
2001-06-25,49.75
2001-06-26,49.0
2001-06-27,48.5
2001-06-28,48.5
2001-06-29,48.0
2001-06-30,47.0
2001-07-01,47.0
2001-07-02,47.0
2001-07-03,47.0
2001-07-04,47.0
2001-07-05,47.0
2001-07-06,52.0
2001-07-07,55.0
2001-07-08,56.0
2001-07-09,58.5
2001-07-10,56.0
2001-07-11,54.0
2001-07-12,52.5
2001-07-13,49.75
2001-07-14,48.0
2001-07-15,47.5
2001-07-16,47.235
2001-07-17,47.0
2001-07-18,47.0
2001-07-19,46.5
2001-07-20,46.0
2001-07-21,45.0
2001-07-22,45.0
2001-07-23,45.0
2001-07-24,46.0
2001-07-25,46.0
2001-07-26,44.5
2001-07-27,44.5
2001-07-28,45.0
2001-07-29,44.0
2001-07-30,44.0
2001-07-31,44.0
2001-08-01,43.0
2001-08-02,41.5
2001-08-03,41.5
2001-08-04,40.5
2001-08-05,40.25
2001-08-06,40.0
2001-08-07,39.5
2001-08-08,38.5
2001-08-09,38.5
2001-08-10,38.5
2001-08-11,38.25
2001-08-12,38.0
2001-08-13,38.0
2001-08-14,38.0
2001-08-15,38.0
2001-08-16,38.0
2001-08-17,40.0
2001-08-18,42.0
2001-08-19,45.0
2001-08-20,47.0
2001-08-21,47.0
2001-08-22,45.5
2001-08-23,45.0
2001-08-24,44.5
2001-08-25,61.0
2001-08-26,63.5
2001-08-27,46.25
2001-08-28,43.75
2001-08-29,42.75
2001-08-30,42.0
2001-08-31,40.0
2001-09-01,40.0
2001-09-02,39.5
2001-09-03,40.25
2001-09-04,40.0
2001-09-05,40.5
2001-09-06,40.0
2001-09-07,39.5
2001-09-08,39.25
2001-09-09,39.5
2001-09-10,40.0
2001-09-11,40.0
2001-09-12,40.0
2001-09-13,36.0
2001-09-14,36.5
2001-09-15,36.5
2001-09-16,36.5
2001-09-17,38.0
2001-09-18,37.75
2001-09-19,35.25
2001-09-20,35.35
2001-09-21,36.25
2001-09-22,35.5
2001-09-23,36.75
2001-09-24,44.75
2001-09-25,39.75
2001-09-26,40.25
2001-09-27,38.25
2001-09-28,36.5
2001-09-29,37.5
2001-09-30,38.5
2001-10-01,35.5
2001-10-02,40.5
2001-10-03,40.25
2001-10-04,45.5
2001-10-05,45.5
2001-10-06,47.5
2001-10-07,45.0
2001-10-08,45.0
2001-10-09,48.25
2001-10-10,45.5
2001-10-11,43.75
2001-10-12,46.5
2001-10-13,50.0
2001-10-14,51.0
2001-10-15,50.01
2001-10-16,60.0
2001-10-17,72.0
2001-10-18,62.25
2001-10-19,53.7
2001-10-20,48.25
2001-10-21,44.75
2001-10-22,43.5
2001-10-23,40.0
2001-10-24,39.0
2001-10-25,39.0
2001-10-26,39.0
2001-10-27,40.25
2001-10-28,40.0
2001-10-29,42.75
2001-10-30,50.5
2001-10-31,79.5
2001-11-01,91.25
2001-11-02,92.25
2001-11-03,80.0
2001-11-04,77.75
2001-11-05,78.17
2001-11-06,60.75
2001-11-07,70.75
2001-11-08,64.25
2001-11-09,66.25
2001-11-10,74.0
2001-11-11,86.5
2001-11-12,93.25
2001-11-13,106.25
2001-11-14,102.5
2001-11-15,84.0
2001-11-16,79.25
2001-11-17,78.5
2001-11-18,76.0
2001-11-19,76.0
2001-11-20,66.25
2001-11-21,64.0
2001-11-22,57.5
2001-11-23,60.5
2001-11-24,57.75
2001-11-25,62.75
2001-11-26,62.25
2001-11-27,62.0
2001-11-28,60.75
2001-11-29,79.25
2001-11-30,91.0
2001-12-01,96.5
2001-12-02,80.75
2001-12-03,88.75
2001-12-04,76.75
2001-12-05,69.75
2001-12-06,66.5
2001-12-07,71.5
2001-12-08,76.0
2001-12-09,77.75
2001-12-10,85.0
2001-12-11,82.97
2001-12-12,83.6
2001-12-13,69.75
2001-12-14,69.25
2001-12-15,65.5
2001-12-16,65.0
2001-12-17,143.5
2001-12-18,159.5
2001-12-19,168.0
2001-12-20,144.5
2001-12-21,158.5
2001-12-22,141.0
2001-12-23,124.75
2001-12-24,113.5
2001-12-25,115.25
2001-12-26,121.95
2001-12-27,133.5
2001-12-28,116.0
2001-12-29,122.0
2001-12-30,157.5
2001-12-31,150.0
2002-01-01,85.0
2002-01-02,94.0
2002-01-03,103.75
2002-01-04,88.0
2002-01-05,113.5
2002-01-06,112.75
2002-01-07,120.25
2002-01-08,208.5
2002-01-09,240.5
2002-01-10,248.0
2002-01-11,354.25
2002-01-12,336.75
2002-01-13,253.0
2002-01-14,219.75
2002-01-15,202.5
2002-01-16,203.5
2002-01-17,175.5
2002-01-18,155.5
2002-01-19,146.5
2002-01-20,130.5
2002-01-21,130.5
2002-01-22,126.75
2002-01-23,141.5
2002-01-24,118.0
2002-01-25,131.5
2002-01-26,148.5
2002-01-27,150.5
2002-01-28,165.5
2002-01-29,181.5
2002-01-30,176.5
2002-01-31,242.0
2002-02-01,253.25
2002-02-02,245.75
2002-02-03,270.0
2002-02-04,393.75
2002-02-05,435.75
2002-02-06,365.25
2002-02-07,422.5
2002-02-08,495.75
2002-02-09,650.25
2002-02-10,589.5
2002-02-11,433.8
2002-02-12,370.0
2002-02-13,339.5
2002-02-14,349.25
2002-02-15,336.5
2002-02-16,388.75
2002-02-17,376.75
2002-02-18,363.0
2002-02-19,352.5
2002-02-20,368.75
2002-02-21,329.5
2002-02-22,421.75
2002-02-23,515.75
2002-02-24,469.75
2002-02-25,433.5
2002-02-26,370.0
2002-02-27,423.0
2002-02-28,417.25
2002-03-01,400.25
2002-03-02,351.25
2002-03-03,360.5
2002-03-04,383.75
2002-03-05,349.0
2002-03-06,391.5
2002-03-07,390.0
2002-03-08,475.25
2002-03-09,499.0
2002-03-10,389.75
2002-03-11,385.0
2002-03-12,454.0
2002-03-13,449.75
2002-03-14,443.25
2002-03-15,400.25
2002-03-16,441.0
2002-03-17,439.5
2002-03-18,482.25
2002-03-19,472.5
2002-03-20,451.5
2002-03-21,393.0
2002-03-22,432.0
2002-03-23,429.0
2002-03-24,353.5
2002-03-25,358.25
2002-03-26,310.0
2002-03-27,285.5
2002-03-28,276.5
2002-03-29,276.5
2002-03-30,306.5
2002-03-31,324.0
2002-04-01,312.5
2002-04-02,328.0
2002-04-03,320.5
2002-04-04,270.0
2002-04-05,252.25
2002-04-06,271.25
2002-04-07,206.5
2002-04-08,223.25
2002-04-09,209.5
2002-04-10,193.0
2002-04-11,184.0
2002-04-12,196.25
2002-04-13,212.75
2002-04-14,216.0
2002-04-15,207.5
2002-04-16,189.0
2002-04-17,175.0
2002-04-18,234.0
2002-04-19,243.55
2002-04-20,276.25
2002-04-21,253.25
2002-04-22,246.75
2002-04-23,239.25
2002-04-24,234.0
2002-04-25,228.75
2002-04-26,218.0
2002-04-27,203.25
2002-04-28,187.0
2002-04-29,175.0
2002-04-30,154.75
2002-05-01,148.0
2002-05-02,145.25
2002-05-03,129.0
2002-05-04,131.5
2002-05-05,134.25
2002-05-06,137.25
2002-05-07,126.25
2002-05-08,120.25
2002-05-09,112.0
2002-05-10,106.25
2002-05-11,96.25
2002-05-12,98.75
2002-05-13,96.5
2002-05-14,94.5
2002-05-15,94.0
2002-05-16,93.5
2002-05-17,92.5
2002-05-18,99.25
2002-05-19,102.0
2002-05-20,99.5
2002-05-21,93.75
2002-05-22,91.0
2002-05-23,84.0
2002-05-24,84.0
2002-05-25,84.0
2002-05-26,81.75
2002-05-27,73.75
2002-05-28,70.0
2002-05-29,77.5
2002-05-30,75.6
2002-05-31,75.0
2002-06-01,68.75
2002-06-02,67.25
2002-06-03,66.0
2002-06-04,65.5
2002-06-05,64.5
2002-06-06,64.0
2002-06-07,64.0
2002-06-08,62.75
2002-06-09,61.75
2002-06-10,60.0
2002-06-11,59.5
2002-06-12,59.5
2002-06-13,59.0
2002-06-14,58.5
2002-06-15,58.5
2002-06-16,59.0
2002-06-17,58.5
2002-06-18,58.0
2002-06-19,56.5
2002-06-20,55.25
2002-06-21,54.5
2002-06-22,54.5
2002-06-23,52.5
2002-06-24,53.0
2002-06-25,52.5
2002-06-26,52.0
2002-06-27,51.0
2002-06-28,50.5
2002-06-29,50.5
2002-06-30,50.5
2002-07-01,59.5
2002-07-02,55.75
2002-07-03,54.5
2002-07-04,58.0
2002-07-05,67.5
2002-07-06,73.75
2002-07-07,69.75
2002-07-08,66.75
2002-07-09,73.75
2002-07-10,93.5
2002-07-11,93.25
2002-07-12,92.0
2002-07-13,86.5
2002-07-14,84.25
2002-07-15,77.75
2002-07-16,73.0
2002-07-17,68.75
2002-07-18,65.5
2002-07-19,64.5
2002-07-20,64.5
2002-07-21,63.25
2002-07-22,62.75
2002-07-23,58.5
2002-07-24,57.5
2002-07-25,56.5
2002-07-26,55.25
2002-07-27,54.5
2002-07-28,55.25
2002-07-29,55.25
2002-07-30,54.5
2002-07-31,54.0
2002-08-01,53.5
2002-08-02,53.0
2002-08-03,53.0
2002-08-04,52.5
2002-08-05,52.0
2002-08-06,51.0
2002-08-07,51.5
2002-08-08,51.5
2002-08-09,50.5
2002-08-10,49.5
2002-08-11,47.5
2002-08-12,46.5
2002-08-13,46.25
2002-08-14,46.0
2002-08-15,46.0
2002-08-16,45.5
2002-08-17,45.0
2002-08-18,45.0
2002-08-19,45.5
2002-08-20,46.0
2002-08-21,46.0
2002-08-22,45.5
2002-08-23,44.75
2002-08-24,44.75
2002-08-25,44.5
2002-08-26,44.25
2002-08-27,44.0
2002-08-28,43.0
2002-08-29,43.0
2002-08-30,42.75
2002-08-31,42.5
2002-09-01,43.25
2002-09-02,51.8
2002-09-03,57.75
2002-09-04,55.25
2002-09-05,49.0
2002-09-06,53.0
2002-09-07,56.75
2002-09-08,65.0
2002-09-09,73.0
2002-09-10,69.75
2002-09-11,68.0
2002-09-12,70.75
2002-09-13,68.75
2002-09-14,68.75
2002-09-15,66.75
2002-09-16,65.0
2002-09-17,65.0
2002-09-18,64.5
2002-09-19,67.0
2002-09-20,64.25
2002-09-21,60.25
2002-09-22,56.0
2002-09-23,55.75
2002-09-24,54.75
2002-09-25,56.0
2002-09-26,53.75
2002-09-27,52.5
2002-09-28,53.0
2002-09-29,53.0
2002-09-30,53.5
2002-10-01,53.5
2002-10-02,53.5
2002-10-03,52.5
2002-10-04,52.5
2002-10-05,51.0
2002-10-06,52.5
2002-10-07,55.25
2002-10-08,58.0
2002-10-09,66.25
2002-10-10,68.0
2002-10-11,77.5
2002-10-12,86.5
2002-10-13,85.75
2002-10-14,72.0
2002-10-15,65.5
2002-10-16,68.5
2002-10-17,63.75
2002-10-18,59.5
2002-10-19,58.0
2002-10-20,55.75
2002-10-21,55.25
2002-10-22,54.0
2002-10-23,51.5
2002-10-24,56.5
2002-10-25,54.0
2002-10-26,60.0
2002-10-27,84.0
2002-10-28,105.0
2002-10-29,117.75
2002-10-30,112.75
2002-10-31,120.5
2002-11-01,156.0
2002-11-02,150.0
2002-11-03,151.75
2002-11-04,151.4
2002-11-05,145.75
2002-11-06,132.75
2002-11-07,105.0
2002-11-08,93.75
2002-11-09,88.0
2002-11-10,84.75
2002-11-11,81.75
2002-11-12,79.75
2002-11-13,77.75
2002-11-14,77.75
2002-11-15,77.75
2002-11-16,80.25
2002-11-17,78.5
2002-11-18,80.5
2002-11-19,80.25
2002-11-20,80.25
2002-11-21,85.75
2002-11-22,86.5
2002-11-23,88.75
2002-11-24,120.0
2002-11-25,150.75
2002-11-26,139.75
2002-11-27,135.25
2002-11-28,139.0
2002-11-29,143.5
2002-11-30,134.25
2002-12-01,163.5
2002-12-02,138.25
2002-12-03,119.5
2002-12-04,121.25
2002-12-05,148.75
2002-12-06,224.5
2002-12-07,191.0
2002-12-08,180.0
2002-12-09,141.75
2002-12-10,126.5
2002-12-11,100.75
2002-12-12,96.0
2002-12-13,105.25
2002-12-14,98.25
2002-12-15,102.0
2002-12-16,108.5
2002-12-17,149.0
2002-12-18,154.0
2002-12-19,161.25
2002-12-20,182.0
2002-12-21,179.0
2002-12-22,185.0
2002-12-23,233.5
2002-12-24,262.5
2002-12-25,333.5
2002-12-26,282.25
2002-12-27,331.75
2002-12-28,288.75
2002-12-29,262.25
2002-12-30,272.0
2002-12-31,281.3
2003-01-01,307.0
2003-01-02,225.5
2003-01-03,211.75
2003-01-04,223.25
2003-01-05,217.25
2003-01-06,182.0
2003-01-07,167.25
2003-01-08,163.5
2003-01-09,200.25
2003-01-10,213.0
2003-01-11,229.75
2003-01-12,239.5
2003-01-13,306.5
2003-01-14,291.0
2003-01-15,257.5
2003-01-16,311.75
2003-01-17,309.0
2003-01-18,276.5
2003-01-19,298.75
2003-01-20,343.5
2003-01-21,401.0
2003-01-22,589.0
2003-01-23,494.5
2003-01-24,462.5
2003-01-25,369.75
2003-01-26,352.5
2003-01-27,401.5
2003-01-28,392.0
2003-01-29,372.0
2003-01-30,400.75
2003-01-31,388.75
2003-02-01,365.25
2003-02-02,328.25
2003-02-03,305.75
2003-02-04,302.25
2003-02-05,337.75
2003-02-06,406.25
2003-02-07,422.0
2003-02-08,425.5
2003-02-09,498.5
2003-02-10,551.5
2003-02-11,463.75
2003-02-12,400.25
2003-02-13,367.5
2003-02-14,346.75
2003-02-15,351.5
2003-02-16,311.25
2003-02-17,334.5
2003-02-18,341.0
2003-02-19,354.75
2003-02-20,365.25
2003-02-21,395.5
2003-02-22,413.25
2003-02-23,407.25
2003-02-24,364.0
2003-02-25,330.5
2003-02-26,428.0
2003-02-27,479.5
2003-02-28,489.5
2003-03-01,441.0
2003-03-02,454.0
2003-03-03,457.75
2003-03-04,449.5
2003-03-05,442.0
2003-03-06,507.25
2003-03-07,507.0
2003-03-08,512.25
2003-03-09,455.25
2003-03-10,425.0
2003-03-11,415.75
2003-03-12,378.0
2003-03-13,410.25
2003-03-14,428.5
2003-03-15,391.0
2003-03-16,379.25
2003-03-17,389.75
2003-03-18,406.25
2003-03-19,461.5
2003-03-20,399.0
2003-03-21,444.255
2003-03-22,411.0
2003-03-23,375.5
2003-03-24,359.25
2003-03-25,387.5
2003-03-26,411.0
2003-03-27,379.0
2003-03-28,356.0
2003-03-29,367.5
2003-03-30,393.25
2003-03-31,425.25
2003-04-01,559.75
2003-04-02,641.5
2003-04-03,454.0
2003-04-04,450.25
2003-04-05,462.75
2003-04-06,436.0
2003-04-07,397.75
2003-04-08,368.75
2003-04-09,344.5
2003-04-10,321.5
2003-04-11,311.25
2003-04-12,349.25
2003-04-13,389.75
2003-04-14,335.25
2003-04-15,302.25
2003-04-16,286.5
2003-04-17,263.25
2003-04-18,233.75
2003-04-19,215.75
2003-04-20,202.25
2003-04-21,195.0
2003-04-22,191.0
2003-04-23,193.0
2003-04-24,190.0
2003-04-25,189.0
2003-04-26,186.0
2003-04-27,178.0
2003-04-28,170.0
2003-04-29,161.25
2003-04-30,154.5
2003-05-01,152.75
2003-05-02,151.0
2003-05-03,141.5
2003-05-04,135.0
2003-05-05,131.5
2003-05-06,130.0
2003-05-07,130.75
2003-05-08,130.75
2003-05-09,133.5
2003-05-10,130.0
2003-05-11,122.0
2003-05-12,117.75
2003-05-13,114.5
2003-05-14,112.5
2003-05-15,111.0
2003-05-16,109.5
2003-05-17,110.25
2003-05-18,111.0
2003-05-19,109.25
2003-05-20,106.0
2003-05-21,103.0
2003-05-22,103.0
2003-05-23,103.0
2003-05-24,98.75
2003-05-25,98.0
2003-05-26,96.75
2003-05-27,96.25
2003-05-28,95.25
2003-05-29,94.75
2003-05-30,93.75
2003-05-31,93.0
2003-06-01,92.0
2003-06-02,90.0
2003-06-03,87.5
2003-06-04,87.5
2003-06-05,87.5
2003-06-06,85.0
2003-06-07,82.5
2003-06-08,82.5
2003-06-09,82.5
2003-06-10,83.25
2003-06-11,83.25
2003-06-12,82.5
2003-06-13,81.0
2003-06-14,79.5
2003-06-15,77.75
2003-06-16,76.0
2003-06-17,76.0
2003-06-18,75.25
2003-06-19,74.5
2003-06-20,79.25
2003-06-21,84.0
2003-06-22,82.5
2003-06-23,81.0
2003-06-24,76.0
2003-06-25,76.0
2003-06-26,73.0
2003-06-27,73.0
2003-06-28,71.25
2003-06-29,69.5
2003-06-30,73.0
2003-07-01,73.0
2003-07-02,70.5
2003-07-03,68.75
2003-07-04,68.0
2003-07-05,68.0
2003-07-06,68.0
2003-07-07,66.75
2003-07-08,65.5
2003-07-09,65.0
2003-07-10,64.5
2003-07-11,63.5
2003-07-12,63.5
2003-07-13,63.5
2003-07-14,63.5
2003-07-15,63.5
2003-07-16,62.75
2003-07-17,62.0
2003-07-18,69.0
2003-07-19,71.25
2003-07-20,66.5
2003-07-21,64.25
2003-07-22,61.0
2003-07-23,60.0
2003-07-24,60.0
2003-07-25,59.0
2003-07-26,59.5
2003-07-27,62.0
2003-07-28,62.0
2003-07-29,61.0
2003-07-30,60.0
2003-07-31,59.5
2003-08-01,60.0
2003-08-02,59.0
2003-08-03,59.0
2003-08-04,59.0
2003-08-05,58.0
2003-08-06,58.0
2003-08-07,60.0
2003-08-08,61.0
2003-08-09,62.0
2003-08-10,69.5
2003-08-11,69.5
2003-08-12,69.5
2003-08-13,68.0
2003-08-14,64.5
2003-08-15,62.0
2003-08-16,61.0
2003-08-17,59.0
2003-08-18,57.0
2003-08-19,54.0
2003-08-20,52.5
2003-08-21,43.75
2003-08-22,37.0
2003-08-23,37.0
2003-08-24,37.0
2003-08-25,62.5
2003-08-26,62.5
2003-08-27,62.5
2003-08-28,62.5
2003-08-29,59.5
2003-08-30,58.0
2003-08-31,53.0
2003-09-01,50.0
2003-09-02,48.5
2003-09-03,55.75
2003-09-04,59.5
2003-09-05,59.5
2003-09-06,58.0
2003-09-07,58.0
2003-09-08,58.0
2003-09-09,56.25
2003-09-10,56.0
2003-09-11,69.25
2003-09-12,70.5
2003-09-13,68.25
2003-09-14,74.0
2003-09-15,70.0
2003-09-16,64.0
2003-09-17,61.75
2003-09-18,48.75
2003-09-19,41.75
2003-09-20,42.25
2003-09-21,37.0
2003-09-22,37.0
2003-09-23,37.0
2003-09-24,38.5
2003-09-25,39.5
2003-09-26,44.5
2003-09-27,44.5
2003-09-28,41.25
2003-09-29,40.0
2003-09-30,41.0
2003-10-01,40.0
2003-10-02,46.25
2003-10-03,45.0
2003-10-04,47.5
2003-10-05,50.5
2003-10-06,46.5
2003-10-07,47.5
2003-10-08,45.5
2003-10-09,44.5
2003-10-10,42.5
2003-10-11,45.0
2003-10-12,45.5
2003-10-13,48.5
2003-10-14,49.25
2003-10-15,49.25
2003-10-16,48.0
2003-10-17,43.75
2003-10-18,43.0
2003-10-19,43.0
2003-10-20,44.0
2003-10-21,44.0
2003-10-22,48.5
2003-10-23,49.25
2003-10-24,69.0
2003-10-25,59.25
2003-10-26,55.25
2003-10-27,53.25
2003-10-28,49.25
2003-10-29,51.5
2003-10-30,57.75
2003-10-31,62.5
2003-11-01,80.0
2003-11-02,80.75
2003-11-03,82.5
2003-11-04,79.0
2003-11-05,68.0
2003-11-06,56.25
2003-11-07,47.75
2003-11-08,47.0
2003-11-09,45.0
2003-11-10,43.0
2003-11-11,48.0
2003-11-12,47.0
2003-11-13,49.25
2003-11-14,53.25
2003-11-15,59.275
2003-11-16,58.75
2003-11-17,52.0
2003-11-18,50.25
2003-11-19,46.5
2003-11-20,46.0
2003-11-21,46.0
2003-11-22,43.75
2003-11-23,42.25
2003-11-24,46.5
2003-11-25,48.5
2003-11-26,48.0
2003-11-27,56.75
2003-11-28,61.75
2003-11-29,65.0
2003-11-30,63.5
2003-12-01,62.5
2003-12-02,56.25
2003-12-03,54.5
2003-12-04,68.75
2003-12-05,57.5
2003-12-06,54.5
2003-12-07,65.0
2003-12-08,66.5
2003-12-09,65.0
2003-12-10,65.0
2003-12-11,69.0
2003-12-12,81.0
2003-12-13,99.25
2003-12-14,114.5
2003-12-15,120.0
2003-12-16,102.75
2003-12-17,100.75
2003-12-18,117.25
2003-12-19,99.0
2003-12-20,87.25
2003-12-21,107.0
2003-12-22,101.0
2003-12-23,101.0
2003-12-24,107.0
2003-12-25,187.75
2003-12-26,196.0
2003-12-27,166.5
2003-12-28,149.75
2003-12-29,128.25
2003-12-30,135.75
2003-12-31,216.25
2004-01-01,223.5
2004-01-02,240.25
2004-01-03,276.5
2004-01-04,235.5
2004-01-05,271.0
2004-01-06,264.25
2004-01-07,259.25
2004-01-08,251.0
2004-01-09,251.75
2004-01-10,278.75
2004-01-11,287.75
2004-01-12,311.5
2004-01-13,414.25
2004-01-14,440.5
2004-01-15,373.75
2004-01-16,415.5
2004-01-17,435.0
2004-01-18,479.75
2004-01-19,483.5
2004-01-20,379.75
2004-01-21,425.0
2004-01-22,408.0
2004-01-23,525.25
2004-01-24,528.5
2004-01-25,544.75
2004-01-26,428.5
2004-01-27,388.0
2004-01-28,311.5
2004-01-29,284.0
2004-01-30,244.25
2004-01-31,233.25
2004-02-01,226.75
2004-02-02,204.5
2004-02-03,226.5
2004-02-04,311.75
2004-02-05,376.25
2004-02-06,346.0
2004-02-07,356.5
2004-02-08,471.0
2004-02-09,487.25
2004-02-10,462.75
2004-02-11,549.0
2004-02-12,587.0
2004-02-13,621.0
2004-02-14,503.5
2004-02-15,448.0
2004-02-16,512.5
2004-02-17,446.5
2004-02-18,388.0
2004-02-19,384.25
2004-02-20,368.0
2004-02-21,474.5
2004-02-22,478.25
2004-02-23,412.5
2004-02-24,343.5
2004-02-25,311.5
2004-02-26,295.5
2004-02-27,269.75
2004-02-28,255.25
2004-02-29,221.5
2004-03-01,206.5
2004-03-02,199.0
2004-03-03,178.5
2004-03-04,177.5
2004-03-05,211.0
2004-03-06,180.25
2004-03-07,172.5
2004-03-08,180.75
2004-03-09,198.25
2004-03-10,204.5
2004-03-11,181.5
2004-03-12,207.5
2004-03-13,204.5
2004-03-14,182.5
2004-03-15,189.0
2004-03-16,161.5
2004-03-17,161.5
2004-03-18,161.5
2004-03-19,157.5
2004-03-20,161.5
2004-03-21,165.5
2004-03-22,161.5
2004-03-23,204.75
2004-03-24,199.25
2004-03-25,215.0
2004-03-26,273.0
2004-03-27,213.0
2004-03-28,194.0
2004-03-29,213.0
2004-03-30,222.75
2004-03-31,233.25
2004-04-01,201.25
2004-04-02,193.0
2004-04-03,182.75
2004-04-04,228.0
2004-04-05,193.0
2004-04-06,204.5
2004-04-07,191.0
2004-04-08,182.5
2004-04-09,166.5
2004-04-10,193.0
2004-04-11,173.5
2004-04-12,154.75
2004-04-13,144.25
2004-04-14,144.25
2004-04-15,138.5
2004-04-16,144.25
2004-04-17,147.0
2004-04-18,155.75
2004-04-19,161.75
2004-04-20,151.75
2004-04-21,132.75
2004-04-22,121.75
2004-04-23,113.75
2004-04-24,106.75
2004-04-25,114.75
2004-04-26,139.5
2004-04-27,140.5
2004-04-28,129.0
2004-04-29,118.75
2004-04-30,105.25
2004-05-01,101.0
2004-05-02,100.0
2004-05-03,101.75
2004-05-04,101.0
2004-05-05,111.0
2004-05-06,104.25
2004-05-07,98.5
2004-05-08,88.0
2004-05-09,85.25
2004-05-10,84.0
2004-05-11,82.0
2004-05-12,80.75
2004-05-13,79.5
2004-05-14,78.5
2004-05-15,76.25
2004-05-16,77.0
2004-05-17,72.25
2004-05-18,68.25
2004-05-19,66.75
2004-05-20,65.0
2004-05-21,64.0
2004-05-22,63.25
2004-05-23,62.5
2004-05-24,61.75
2004-05-25,61.0
2004-05-26,61.0
2004-05-27,61.0
2004-05-28,61.0
2004-05-29,59.5
2004-05-30,59.5
2004-05-31,58.75
2004-06-01,57.0
2004-06-02,58.0
2004-06-03,56.0
2004-06-04,55.25
2004-06-05,54.5
2004-06-06,53.75
2004-06-07,54.5
2004-06-08,52.5
2004-06-09,52.5
2004-06-10,52.0
2004-06-11,51.5
2004-06-12,51.0
2004-06-13,51.0
2004-06-14,50.0
2004-06-15,50.0
2004-06-16,50.0
2004-06-17,48.5
2004-06-18,48.5
2004-06-19,48.0
2004-06-20,47.5
2004-06-21,47.5
2004-06-22,44.5
2004-06-23,42.5
2004-06-24,44.0
2004-06-25,47.0
2004-06-26,48.0
2004-06-27,53.25
2004-06-28,61.0
2004-06-29,59.25
2004-06-30,58.5
2004-07-01,59.25
2004-07-02,60.0
2004-07-03,70.0
2004-07-04,77.75
2004-07-05,76.25
2004-07-06,76.25
2004-07-07,74.25
2004-07-08,68.25
2004-07-09,63.5
2004-07-10,59.25
2004-07-11,57.75
2004-07-12,54.75
2004-07-13,53.0
2004-07-14,48.5
2004-07-15,47.5
2004-07-16,46.0
2004-07-17,46.0
2004-07-18,46.0
2004-07-19,45.25
2004-07-20,44.0
2004-07-21,43.0
2004-07-22,42.5
2004-07-23,42.5
2004-07-24,41.5
2004-07-25,41.0
2004-07-26,40.0
2004-07-27,40.5
2004-07-28,40.0
2004-07-29,39.5
2004-07-30,43.75
2004-07-31,46.5
2004-08-01,46.0
2004-08-02,45.25
2004-08-03,45.25
2004-08-04,47.5
2004-08-05,46.0
2004-08-06,45.25
2004-08-07,46.0
2004-08-08,45.25
2004-08-09,44.0
2004-08-10,44.0
2004-08-11,41.0
2004-08-12,37.0
2004-08-13,36.0
2004-08-14,38.5
2004-08-15,42.5
2004-08-16,42.5
2004-08-17,43.0
2004-08-18,42.5
2004-08-19,43.0
2004-08-20,42.5
2004-08-21,42.5
2004-08-22,41.75
2004-08-23,42.5
2004-08-24,48.75
2004-08-25,53.5
2004-08-26,53.5
2004-08-27,55.0
2004-08-28,52.75
2004-08-29,48.5
2004-08-30,47.75
2004-08-31,47.0
2004-09-01,46.25
2004-09-02,47.0
2004-09-03,47.0
2004-09-04,47.0
2004-09-05,46.25
2004-09-06,48.0
2004-09-07,51.0
2004-09-08,47.5
2004-09-09,54.25
2004-09-10,56.5
2004-09-11,63.75
2004-09-12,67.0
2004-09-13,59.75
2004-09-14,52.75
2004-09-15,46.25
2004-09-16,44.75
2004-09-17,40.5
2004-09-18,39.0
2004-09-19,38.0
2004-09-20,36.0
2004-09-21,35.25
2004-09-22,37.0
2004-09-23,39.0
2004-09-24,41.25
2004-09-25,46.5
2004-09-26,48.75
2004-09-27,49.5
2004-09-28,49.5
2004-09-29,53.5
2004-09-30,55.75
2004-10-01,62.25
2004-10-02,66.25
2004-10-03,62.5
2004-10-04,55.75
2004-10-05,53.5
2004-10-06,56.75
2004-10-07,60.75
2004-10-08,57.5
2004-10-09,59.25
2004-10-10,63.0
2004-10-11,63.0
2004-10-12,58.5
2004-10-13,54.75
2004-10-14,55.0
2004-10-15,59.0
2004-10-16,56.0
2004-10-17,52.0
2004-10-18,47.75
2004-10-19,52.0
2004-10-20,69.5
2004-10-21,73.5
2004-10-22,76.0
2004-10-23,73.5
2004-10-24,72.75
2004-10-25,71.75
2004-10-26,57.0
2004-10-27,55.0
2004-10-28,50.0
2004-10-29,48.0
2004-10-30,44.5
2004-10-31,44.5
2004-11-01,53.5
2004-11-02,72.25
2004-11-03,67.25
2004-11-04,64.0
2004-11-05,68.75
2004-11-06,64.75
2004-11-07,87.5
2004-11-08,101.0
2004-11-09,122.5
2004-11-10,104.5
2004-11-11,75.0
2004-11-12,73.75
2004-11-13,69.5
2004-11-14,63.25
2004-11-15,57.5
2004-11-16,60.0
2004-11-17,60.0
2004-11-18,56.75
2004-11-19,54.25
2004-11-20,68.75
2004-11-21,71.5
2004-11-22,72.0
2004-11-23,87.75
2004-11-24,76.0
2004-11-25,73.75
2004-11-26,72.5
2004-11-27,74.5
2004-11-28,71.5
2004-11-29,72.5
2004-11-30,68.75
2004-12-01,66.5
2004-12-02,71.25
2004-12-03,73.0
2004-12-04,73.5
2004-12-05,71.0
2004-12-06,71.75
2004-12-07,69.5
2004-12-08,71.0
2004-12-09,68.0
2004-12-10,71.0
2004-12-11,103.5
2004-12-12,124.0
2004-12-13,110.5
2004-12-14,146.5
2004-12-15,159.0
2004-12-16,195.25
2004-12-17,206.5
2004-12-18,172.25
2004-12-19,180.75
2004-12-20,164.0
2004-12-21,213.25
2004-12-22,229.0
2004-12-23,180.0
2004-12-24,173.0
2004-12-25,164.0
2004-12-26,155.0
2004-12-27,147.25
2004-12-28,153.0
2004-12-29,155.0
2004-12-30,153.0
2004-12-31,142.5
2005-01-01,145.25
2005-01-02,153.0
2005-01-03,220.75
2005-01-04,241.25
2005-01-05,185.5
2005-01-06,162.0
2005-01-07,129.0
2005-01-08,110.5
2005-01-09,134.0
2005-01-10,154.0
2005-01-11,142.5
2005-01-12,133.75
2005-01-13,129.75
2005-01-14,180.5
2005-01-15,178.25
2005-01-16,191.75
2005-01-17,174.0
2005-01-18,202.25
2005-01-19,200.25
2005-01-20,203.75
2005-01-21,181.5
2005-01-22,159.0
2005-01-23,122.5
2005-01-24,111.5
2005-01-25,118.75
2005-01-26,129.0
2005-01-27,124.5
2005-01-28,111.5
2005-01-29,111.5
2005-01-30,110.5
2005-01-31,105.25
2005-02-01,95.0
2005-02-02,148.75
2005-02-03,256.0
2005-02-04,217.0
2005-02-05,164.0
2005-02-06,136.5
2005-02-07,131.0
2005-02-08,152.0
2005-02-09,173.25
2005-02-10,186.5
2005-02-11,209.75
2005-02-12,349.75
2005-02-13,461.0
2005-02-14,551.75
2005-02-15,486.5
2005-02-16,384.0
2005-02-17,378.0
2005-02-18,357.0
2005-02-19,309.5
2005-02-20,304.0
2005-02-21,338.5
2005-02-22,432.0
2005-02-23,404.0
2005-02-24,353.5
2005-02-25,340.5
2005-02-26,306.25
2005-02-27,297.0
2005-02-28,300.5
2005-03-01,256.75
2005-03-02,263.5
2005-03-03,293.75
2005-03-04,337.75
2005-03-05,335.0
2005-03-06,256.75
2005-03-07,219.25
2005-03-08,223.75
2005-03-09,210.75
2005-03-10,269.0
2005-03-11,262.25
2005-03-12,382.75
2005-03-13,447.0
2005-03-14,402.0
2005-03-15,360.5
2005-03-16,304.0
2005-03-17,255.5
2005-03-18,230.0
2005-03-19,222.5
2005-03-20,206.5
2005-03-21,197.5
2005-03-22,178.25
2005-03-23,191.5
2005-03-24,225.75
2005-03-25,216.25
2005-03-26,194.75
2005-03-27,173.0
2005-03-28,162.0
2005-03-29,174.5
2005-03-30,282.5
2005-03-31,241.25
2005-04-01,302.0
2005-04-02,288.0
2005-04-03,265.5
2005-04-04,325.25
2005-04-05,316.505
2005-04-06,279.0
2005-04-07,222.5
2005-04-08,220.5
2005-04-09,220.5
2005-04-10,193.75
2005-04-11,174.0
2005-04-12,166.0
2005-04-13,154.0
2005-04-14,150.0
2005-04-15,153.0
2005-04-16,164.0
2005-04-17,187.5
2005-04-18,160.0
2005-04-19,140.5
2005-04-20,127.25
2005-04-21,117.0
2005-04-22,110.5
2005-04-23,104.5
2005-04-24,99.25
2005-04-25,98.5
2005-04-26,93.5
2005-04-27,89.0
2005-04-28,83.5
2005-04-29,76.5
2005-04-30,75.25
2005-05-01,74.0
2005-05-02,73.0
2005-05-03,72.75
2005-05-04,72.0
2005-05-05,71.5
2005-05-06,71.0
2005-05-07,71.0
2005-05-08,68.25
2005-05-09,68.0
2005-05-10,65.5
2005-05-11,62.25
2005-05-12,58.25
2005-05-13,56.5
2005-05-14,56.5
2005-05-15,57.5
2005-05-16,60.0
2005-05-17,57.5
2005-05-18,56.5
2005-05-19,56.5
2005-05-20,55.0
2005-05-21,55.0
2005-05-22,54.25
2005-05-23,53.5
2005-05-24,51.25
2005-05-25,51.25
2005-05-26,51.82
2005-05-27,48.5
2005-05-28,48.5
2005-05-29,47.0
2005-05-30,47.0
2005-05-31,45.75
2005-06-01,45.5
2005-06-02,45.0
2005-06-03,45.0
2005-06-04,45.0
2005-06-05,44.0
2005-06-06,44.0
2005-06-07,43.5
2005-06-08,43.5
2005-06-09,42.5
2005-06-10,42.5
2005-06-11,42.5
2005-06-12,42.0
2005-06-13,42.0
2005-06-14,42.0
2005-06-15,41.5
2005-06-16,41.0
2005-06-17,41.25
2005-06-18,41.5
2005-06-19,41.5
2005-06-20,41.5
2005-06-21,41.0
2005-06-22,41.0
2005-06-23,41.0
2005-06-24,41.0
2005-06-25,40.5
2005-06-26,40.25
2005-06-27,38.25
2005-06-28,36.75
2005-06-29,36.0
2005-06-30,36.5
2005-07-01,37.75
2005-07-02,39.5
2005-07-03,39.5
2005-07-04,39.0
2005-07-05,38.75
2005-07-06,40.25
2005-07-07,39.25
2005-07-08,40.25
2005-07-09,40.0
2005-07-10,37.5
2005-07-11,37.5
2005-07-12,37.0
2005-07-13,36.0
2005-07-14,36.0
2005-07-15,37.0
2005-07-16,38.0
2005-07-17,38.0
2005-07-18,38.0
2005-07-19,40.0
2005-07-20,40.5
2005-07-21,42.0
2005-07-22,42.0
2005-07-23,39.25
2005-07-24,38.0
2005-07-25,37.0
2005-07-26,36.0
2005-07-27,34.5
2005-07-28,36.0
2005-07-29,38.5
2005-07-30,38.0
2005-07-31,37.0
2005-08-01,36.5
2005-08-02,36.5
2005-08-03,37.0
2005-08-04,36.0
2005-08-05,36.0
2005-08-06,36.0
2005-08-07,36.5
2005-08-08,38.5
2005-08-09,38.75
2005-08-10,39.75
2005-08-11,37.5
2005-08-12,37.0
2005-08-13,36.0
2005-08-14,36.5
2005-08-15,36.5
2005-08-16,36.5
2005-08-17,36.5
2005-08-18,36.0
2005-08-19,35.0
2005-08-20,35.0
2005-08-21,37.0
2005-08-22,38.5
2005-08-23,37.5
2005-08-24,37.0
2005-08-25,37.0
2005-08-26,37.5
2005-08-27,37.0
2005-08-28,37.5
2005-08-29,37.5
2005-08-30,37.5
2005-08-31,36.5
2005-09-01,36.0
2005-09-02,37.0
2005-09-03,36.5
2005-09-04,36.5
2005-09-05,35.5
2005-09-06,36.0
2005-09-07,35.5
2005-09-08,35.5
2005-09-09,35.0
2005-09-10,36.5
2005-09-11,37.5
2005-09-12,38.5
2005-09-13,40.75
2005-09-14,52.25
2005-09-15,44.75
2005-09-16,43.0
2005-09-17,38.75
2005-09-18,37.0
2005-09-19,36.5
2005-09-20,35.0
2005-09-21,35.0
2005-09-22,37.0
2005-09-23,37.0
2005-09-24,40.0
2005-09-25,43.5
2005-09-26,43.5
2005-09-27,40.75
2005-09-28,40.75
2005-09-29,39.25
2005-09-30,40.75
2005-10-01,43.0
2005-10-02,43.5
2005-10-03,41.5
2005-10-04,47.25
2005-10-05,46.75
2005-10-06,49.0
2005-10-07,51.25
2005-10-08,61.5
2005-10-09,84.75
2005-10-10,81.0
2005-10-11,76.0
2005-10-12,78.0
2005-10-13,77.0
2005-10-14,66.25
2005-10-15,60.0
2005-10-16,58.5
2005-10-17,59.25
2005-10-18,60.0
2005-10-19,76.75
2005-10-20,71.25
2005-10-21,60.0
2005-10-22,58.5
2005-10-23,48.75
2005-10-24,49.5
2005-10-25,49.0
2005-10-26,49.75
2005-10-27,49.25
2005-10-28,48.5
2005-10-29,47.25
2005-10-30,45.75
2005-10-31,44.0
2005-11-01,42.5
2005-11-02,39.75
2005-11-03,42.0
2005-11-04,39.75
2005-11-05,39.25
2005-11-06,39.75
2005-11-07,42.0
2005-11-08,48.5
2005-11-09,58.75
2005-11-10,76.0
2005-11-11,75.25
2005-11-12,82.25
2005-11-13,106.0
2005-11-14,89.75
2005-11-15,77.0
2005-11-16,71.25
2005-11-17,70.5
2005-11-18,60.0
2005-11-19,61.75
2005-11-20,60.0
2005-11-21,64.75
2005-11-22,78.5
2005-11-23,91.75
2005-11-24,93.25
2005-11-25,86.0
2005-11-26,77.25
2005-11-27,75.0
2005-11-28,60.0
2005-11-29,58.5
2005-11-30,51.5
2005-12-01,55.25
2005-12-02,60.0
2005-12-03,57.75
2005-12-04,70.5
2005-12-05,81.0
2005-12-06,80.5
2005-12-07,82.25
2005-12-08,72.75
2005-12-09,72.75
2005-12-10,62.5
2005-12-11,65.5
2005-12-12,77.0
2005-12-13,77.75
2005-12-14,81.0
2005-12-15,78.25
2005-12-16,77.5
2005-12-17,141.5
2005-12-18,129.25
2005-12-19,112.25
2005-12-20,92.5
2005-12-21,80.5
2005-12-22,77.25
2005-12-23,74.75
2005-12-24,76.0
2005-12-25,76.0
2005-12-26,90.5
2005-12-27,104.5
2005-12-28,133.0
2005-12-29,152.5
2005-12-30,236.5
2005-12-31,212.5
2006-01-01,187.75
2006-01-02,179.0
2006-01-03,202.0
2006-01-04,207.25
2006-01-05,233.25
2006-01-06,252.75
2006-01-07,208.25
2006-01-08,169.0
2006-01-09,149.25
2006-01-10,157.0
2006-01-11,153.25
2006-01-12,152.25
2006-01-13,194.75
2006-01-14,312.75
2006-01-15,442.25
2006-01-16,420.0
2006-01-17,403.5
2006-01-18,491.0
2006-01-19,613.0
2006-01-20,547.75
2006-01-21,401.0
2006-01-22,377.25
2006-01-23,338.75
2006-01-24,306.75
2006-01-25,358.5
2006-01-26,433.0
2006-01-27,368.0
2006-01-28,421.5
2006-01-29,383.25
2006-01-30,329.5
2006-01-31,277.25
2006-02-01,246.25
2006-02-02,249.5
2006-02-03,213.75
2006-02-04,203.0
2006-02-05,216.75
2006-02-06,207.25
2006-02-07,341.0
2006-02-08,335.25
2006-02-09,342.25
2006-02-10,342.25
2006-02-11,360.75
2006-02-12,412.25
2006-02-13,558.75
2006-02-14,433.5
2006-02-15,349.25
2006-02-16,288.5
2006-02-17,236.25
2006-02-18,224.25
2006-02-19,270.5
2006-02-20,285.25
2006-02-21,273.0
2006-02-22,261.75
2006-02-23,235.25
2006-02-24,207.25
2006-02-25,201.0
2006-02-26,198.75
2006-02-27,211.5
2006-02-28,295.25
2006-03-01,240.5
2006-03-02,258.5
2006-03-03,320.25
2006-03-04,355.0
2006-03-05,333.0
2006-03-06,273.0
2006-03-07,261.75
2006-03-08,240.5
2006-03-09,213.75
2006-03-10,190.5
2006-03-11,179.0
2006-03-12,173.0
2006-03-13,159.0
2006-03-14,155.0
2006-03-15,157.0
2006-03-16,137.75
2006-03-17,171.75
2006-03-18,210.5
2006-03-19,172.0
2006-03-20,196.25
2006-03-21,297.0
2006-03-22,298.75
2006-03-23,344.5
2006-03-24,338.75
2006-03-25,281.75
2006-03-26,252.75
2006-03-27,246.25
2006-03-28,224.5
2006-03-29,237.5
2006-03-30,225.25
2006-03-31,284.25
2006-04-01,355.0
2006-04-02,261.5
2006-04-03,296.5
2006-04-04,378.75
2006-04-05,440.0
2006-04-06,384.25
2006-04-07,363.25
2006-04-08,343.5
2006-04-09,309.0
2006-04-10,274.0
2006-04-11,225.5
2006-04-12,215.75
2006-04-13,202.0
2006-04-14,202.0
2006-04-15,229.75
2006-04-16,260.5
2006-04-17,267.25
2006-04-18,265.0
2006-04-19,237.5
2006-04-20,213.75
2006-04-21,185.25
2006-04-22,170.0
2006-04-23,151.25
2006-04-24,134.0
2006-04-25,123.75
2006-04-26,115.75
2006-04-27,119.25
2006-04-28,111.25
2006-04-29,108.75
2006-04-30,106.0
2006-05-01,109.5
2006-05-02,98.5
2006-05-03,95.0
2006-05-04,82.25
2006-05-05,81.0
2006-05-06,82.25
2006-05-07,80.75
2006-05-08,80.0
2006-05-09,79.25
2006-05-10,78.75
2006-05-11,78.0
2006-05-12,77.25
2006-05-13,76.25
2006-05-14,76.0
2006-05-15,78.0
2006-05-16,71.25
2006-05-17,64.75
2006-05-18,60.75
2006-05-19,63.25
2006-05-20,60.75
2006-05-21,61.75
2006-05-22,60.0
2006-05-23,60.0
2006-05-24,60.0
2006-05-25,62.5
2006-05-26,57.0
2006-05-27,55.5
2006-05-28,54.5
2006-05-29,53.5
2006-05-30,52.75
2006-05-31,51.25
2006-06-01,53.0
2006-06-02,57.0
2006-06-03,59.5
2006-06-04,57.75
2006-06-05,53.25
2006-06-06,48.25
2006-06-07,44.0
2006-06-08,44.5
2006-06-09,44.5
2006-06-10,44.5
2006-06-11,44.5
2006-06-12,43.5
2006-06-13,43.5
2006-06-14,43.0
2006-06-15,43.0
2006-06-16,41.75
2006-06-17,40.5
2006-06-18,40.5
2006-06-19,40.0
2006-06-20,38.0
2006-06-21,38.5
2006-06-22,37.5
2006-06-23,37.0
2006-06-24,40.25
2006-06-25,41.75
2006-06-26,41.25
2006-06-27,41.75
2006-06-28,39.5
2006-06-29,38.5
2006-06-30,39.5
2006-07-01,36.0
2006-07-02,35.0
2006-07-03,34.5
2006-07-04,33.5
2006-07-05,33.0
2006-07-06,34.25
2006-07-07,33.0
2006-07-08,33.5
2006-07-09,34.5
2006-07-10,34.995
2006-07-11,34.735
2006-07-12,34.25
2006-07-13,34.375
2006-07-14,33.385
2006-07-15,33.51
2006-07-16,33.635
2006-07-17,34.38
2006-07-18,34.125
2006-07-19,34.38
2006-07-20,33.025
2006-07-21,32.78
2006-07-22,32.415
2006-07-23,33.02
2006-07-24,33.14
2006-07-25,33.64
2006-07-26,33.88
2006-07-27,34.005
2006-07-28,33.635
2006-07-29,33.88
2006-07-30,34.62
2006-07-31,34.5
2006-08-01,36.125
2006-08-02,37.145
2006-08-03,35.625
2006-08-04,37.27
2006-08-05,36.135
2006-08-06,35.895
2006-08-07,35.035
2006-08-08,34.5
2006-08-09,33.5
2006-08-10,33.5
2006-08-11,34.5
2006-08-12,36.0
2006-08-13,36.5
2006-08-14,36.0
2006-08-15,34.5
2006-08-16,33.0
2006-08-17,34.5
2006-08-18,36.5
2006-08-19,38.25
2006-08-20,38.25
2006-08-21,38.25
2006-08-22,36.5
2006-08-23,36.0
2006-08-24,36.0
2006-08-25,35.0
2006-08-26,35.0
2006-08-27,34.0
2006-08-28,33.5
2006-08-29,35.0
2006-08-30,35.5
2006-08-31,35.5
2006-09-01,37.0
2006-09-02,36.0
2006-09-03,36.0
2006-09-04,37.25
2006-09-05,38.25
2006-09-06,38.5
2006-09-07,38.25
2006-09-08,37.37
2006-09-09,34.5
2006-09-10,34.585
2006-09-11,34.9
2006-09-12,35.245
2006-09-13,34.87
2006-09-14,34.25
2006-09-15,34.62
2006-09-16,35.245
2006-09-17,36.435
2006-09-18,37.285
2006-09-19,36.91
2006-09-20,35.135
2006-09-21,36.265
2006-09-22,36.4
2006-09-23,34.32
2006-09-24,34.005
2006-09-25,35.375
2006-09-26,35.38
2006-09-27,36.4
2006-09-28,36.5
2006-09-29,34.5
2006-09-30,33.565
2006-10-01,33.815
2006-10-02,33.935
2006-10-03,34.375
2006-10-04,36.26
2006-10-05,39.25
2006-10-06,37.5
2006-10-07,37.5
2006-10-08,38.25
2006-10-09,42.25
2006-10-10,39.75
2006-10-11,36.5
2006-10-12,36.0
2006-10-13,35.5
2006-10-14,36.0
2006-10-15,33.2
2006-10-16,35.0
2006-10-17,35.5
2006-10-18,35.0
2006-10-19,36.42
2006-10-20,33.69
2006-10-21,40.75
2006-10-22,45.75
2006-10-23,53.75
2006-10-24,59.25
2006-10-25,61.75
2006-10-26,56.0
2006-10-27,51.5
2006-10-28,53.75
2006-10-29,76.0
2006-10-30,65.5
2006-10-31,61.75
2006-11-01,62.5
2006-11-02,60.0
2006-11-03,64.0
2006-11-04,68.0
2006-11-05,68.0
2006-11-06,71.5
2006-11-07,93.5
2006-11-08,116.0
2006-11-09,136.75
2006-11-10,140.0
2006-11-11,137.75
2006-11-12,107.0
2006-11-13,88.75
2006-11-14,78.0
2006-11-15,66.5
2006-11-16,61.75
2006-11-17,63.25
2006-11-18,67.25
2006-11-19,72.0
2006-11-20,72.75
2006-11-21,60.75
2006-11-22,60.0
2006-11-23,60.0
2006-11-24,69.25
2006-11-25,96.5
2006-11-26,79.75
2006-11-27,81.0
2006-11-28,81.0
2006-11-29,79.0
2006-11-30,111.25
2006-12-01,132.75
2006-12-02,129.25
2006-12-03,97.5
2006-12-04,79.0
2006-12-05,79.75
2006-12-06,77.25
2006-12-07,83.0
2006-12-08,155.0
2006-12-09,150.25
2006-12-10,130.25
2006-12-11,116.5
2006-12-12,119.25
2006-12-13,120.25
2006-12-14,102.5
2006-12-15,90.75
2006-12-16,112.25
2006-12-17,168.25
2006-12-18,223.0
2006-12-19,237.5
2006-12-20,207.25
2006-12-21,242.5
2006-12-22,256.0
2006-12-23,272.75
2006-12-24,222.25
2006-12-25,226.25
2006-12-26,199.75
2006-12-27,201.0
2006-12-28,249.5
2006-12-29,235.25
2006-12-30,223.25
2006-12-31,208.5
2007-01-01,181.0
2007-01-02,219.0
2007-01-03,281.0
2007-01-04,283.0
2007-01-05,259.5
2007-01-06,222.25
2007-01-07,244.0
2007-01-08,273.0
2007-01-09,258.25
2007-01-10,247.25
2007-01-11,265.0
2007-01-12,323.5
2007-01-13,332.75
2007-01-14,322.5
2007-01-15,274.0
2007-01-16,299.25
2007-01-17,321.75
2007-01-18,273.0
2007-01-19,229.75
2007-01-20,207.25
2007-01-21,202.0
2007-01-22,199.75
2007-01-23,206.25
2007-01-24,221.0
2007-01-25,210.5
2007-01-26,206.25
2007-01-27,175.0
2007-01-28,159.0
2007-01-29,179.25
2007-01-30,160.0
2007-01-31,155.0
2007-02-01,173.25
2007-02-02,189.5
2007-02-03,226.75
2007-02-04,279.5
2007-02-05,241.75
2007-02-06,213.75
2007-02-07,205.25
2007-02-08,207.25
2007-02-09,215.0
2007-02-10,238.0
2007-02-11,339.25
2007-02-12,362.25
2007-02-13,356.0
2007-02-14,344.5
2007-02-15,371.25
2007-02-16,293.25
2007-02-17,237.5
2007-02-18,209.25
2007-02-19,205.0
2007-02-20,241.75
2007-02-21,249.5
2007-02-22,238.5
2007-02-23,213.75
2007-02-24,201.0
2007-02-25,195.5
2007-02-26,218.0
2007-02-27,206.25
2007-02-28,216.75
2007-03-01,206.0
2007-03-02,217.0
2007-03-03,241.75
2007-03-04,301.25
2007-03-05,391.25
2007-03-06,354.0
2007-03-07,357.5
2007-03-08,319.25
2007-03-09,362.0
2007-03-10,428.25
2007-03-11,415.25
2007-03-12,379.5
2007-03-13,358.5
2007-03-14,349.25
2007-03-15,314.75
2007-03-16,379.75
2007-03-17,373.75
2007-03-18,403.25
2007-03-19,414.5
2007-03-20,483.0
2007-03-21,516.5
2007-03-22,461.25
2007-03-23,377.25
2007-03-24,336.25
2007-03-25,293.0
2007-03-26,287.5
2007-03-27,285.25
2007-03-28,274.0
2007-03-29,280.75
2007-03-30,278.5
2007-03-31,328.25
2007-04-01,317.0
2007-04-02,285.25
2007-04-03,263.75
2007-04-04,304.5
2007-04-05,298.75
2007-04-06,334.25
2007-04-07,356.25
2007-04-08,351.5
2007-04-09,337.5
2007-04-10,309.0
2007-04-11,281.5
2007-04-12,240.75
2007-04-13,250.5
2007-04-14,235.245
2007-04-15,222.0
2007-04-16,202.0
2007-04-17,182.25
2007-04-18,175.25
2007-04-19,162.0
2007-04-20,151.25
2007-04-21,137.75
2007-04-22,138.75
2007-04-23,139.75
2007-04-24,137.75
2007-04-25,136.0
2007-04-26,134.0
2007-04-27,137.75
2007-04-28,129.25
2007-04-29,124.75
2007-04-30,117.5
2007-05-01,120.0
2007-05-02,118.25
2007-05-03,107.75
2007-05-04,101.0
2007-05-05,98.25
2007-05-06,92.5
2007-05-07,84.0
2007-05-08,86.75
2007-05-09,92.5
2007-05-10,91.75
2007-05-11,92.75
2007-05-12,80.75
2007-05-13,79.5
2007-05-14,79.75
2007-05-15,77.25
2007-05-16,77.75
2007-05-17,76.75
2007-05-18,76.25
2007-05-19,75.5
2007-05-20,71.25
2007-05-21,68.75
2007-05-22,66.5
2007-05-23,64.25
2007-05-24,63.25
2007-05-25,62.5
2007-05-26,62.5
2007-05-27,60.75
2007-05-28,60.75
2007-05-29,57.75
2007-05-30,57.0
2007-05-31,54.5
2007-06-01,52.75
2007-06-02,52.0
2007-06-03,51.25
2007-06-04,50.5
2007-06-05,50.0
2007-06-06,49.5
2007-06-07,48.5
2007-06-08,48.0
2007-06-09,48.0
2007-06-10,47.5
2007-06-11,46.0
2007-06-12,46.0
2007-06-13,44.5
2007-06-14,42.25
2007-06-15,39.75
2007-06-16,39.5
2007-06-17,39.5
2007-06-18,40.0
2007-06-19,40.0
2007-06-20,40.0
2007-06-21,39.5
2007-06-22,39.0
2007-06-23,37.5
2007-06-24,38.0
2007-06-25,38.5
2007-06-26,37.0
2007-06-27,36.5
2007-06-28,37.0
2007-06-29,41.575
2007-06-30,41.5
2007-07-01,40.75
2007-07-02,40.67
2007-07-03,40.44
2007-07-04,40.175
2007-07-05,40.25
2007-07-06,40.25
2007-07-07,38.75
2007-07-08,39.0
2007-07-09,39.77
2007-07-10,39.5
2007-07-11,41.0
2007-07-12,42.25
2007-07-13,41.0
2007-07-14,40.5
2007-07-15,39.5
2007-07-16,37.75
2007-07-17,37.25
2007-07-18,36.45
2007-07-19,35.755
2007-07-20,35.625
2007-07-21,35.525
2007-07-22,36.005
2007-07-23,36.645
2007-07-24,35.755
2007-07-25,35.25
2007-07-26,36.135
2007-07-27,34.75
2007-07-28,34.745
2007-07-29,34.25
2007-07-30,34.745
2007-07-31,36.13
2007-08-01,35.375
2007-08-02,36.645
2007-08-03,36.395
2007-08-04,35.5
2007-08-05,35.625
2007-08-06,35.75
2007-08-07,35.485
2007-08-08,34.88
2007-08-09,34.195
2007-08-10,34.87
2007-08-11,32.195
2007-08-12,36.39
2007-08-13,34.995
2007-08-14,35.37
2007-08-15,35.5
2007-08-16,36.005
2007-08-17,35.625
2007-08-18,35.245
2007-08-19,35.12
2007-08-20,34.75
2007-08-21,34.5
2007-08-22,34.13
2007-08-23,34.0
2007-08-24,34.5
2007-08-25,34.13
2007-08-26,34.88
2007-08-27,36.645
2007-08-28,36.77
2007-08-29,36.9
2007-08-30,36.395
2007-08-31,36.9
2007-09-01,35.89
2007-09-02,35.755
2007-09-03,35.5
2007-09-04,35.245
2007-09-05,36.515
2007-09-06,36.135
2007-09-07,36.135
2007-09-08,35.63
2007-09-09,35.88
2007-09-10,35.5
2007-09-11,35.005
2007-09-12,34.87
2007-09-13,34.87
2007-09-14,33.88
2007-09-15,34.25
2007-09-16,34.125
2007-09-17,35.125
2007-09-18,35.375
2007-09-19,36.005
2007-09-20,35.88
2007-09-21,35.75
2007-09-22,35.755
2007-09-23,35.625
2007-09-24,37.94
2007-09-25,38.715
2007-09-26,38.85
2007-09-27,37.16
2007-09-28,36.52
2007-09-29,35.25
2007-09-30,35.755
2007-10-01,35.88
2007-10-02,35.245
2007-10-03,35.88
2007-10-04,35.375
2007-10-05,38.56
2007-10-06,38.895
2007-10-07,40.19
2007-10-08,44.645
2007-10-09,44.145
2007-10-10,42.165
2007-10-11,40.82
2007-10-12,38.98
2007-10-13,38.85
2007-10-14,36.65
2007-10-15,36.795
2007-10-16,34.0
2007-10-17,34.5
2007-10-18,36.795
2007-10-19,42.885
2007-10-20,40.44
2007-10-21,46.685
2007-10-22,48.475
2007-10-23,49.12
2007-10-24,44.385
2007-10-25,43.425
2007-10-26,41.22
2007-10-27,39.865
2007-10-28,38.59
2007-10-29,45.05
2007-10-30,47.56
2007-10-31,46.355
2007-11-01,49.98
2007-11-02,46.305
2007-11-03,44.63
2007-11-04,39.745
2007-11-05,36.95
2007-11-06,35.865
2007-11-07,35.815
2007-11-08,34.78
2007-11-09,34.255
2007-11-10,35.25
2007-11-11,34.375
2007-11-12,36.395
2007-11-13,36.77
2007-11-14,37.4
2007-11-15,38.04
2007-11-16,46.25
2007-11-17,47.505
2007-11-18,55.225
2007-11-19,50.83
2007-11-20,50.75
2007-11-21,49.405
2007-11-22,60.685
2007-11-23,61.25
2007-11-24,63.5
2007-11-25,63.5
2007-11-26,59.5
2007-11-27,61.205
2007-11-28,59.185
2007-11-29,60.55
2007-11-30,60.55
2007-12-01,65.68
2007-12-02,72.56
2007-12-03,91.915
2007-12-04,111.0
2007-12-05,88.145
2007-12-06,59.185
2007-12-07,52.745
2007-12-08,46.535
2007-12-09,47.565
2007-12-10,48.08
2007-12-11,45.465
2007-12-12,47.0
2007-12-13,58.495
2007-12-14,57.165
2007-12-15,58.53
2007-12-16,98.68
2007-12-17,99.405
2007-12-18,154.045
2007-12-19,161.135
2007-12-20,208.54
2007-12-21,161.53
2007-12-22,111.0
2007-12-23,88.725
2007-12-24,84.595
2007-12-25,80.91
2007-12-26,100.52
2007-12-27,97.14
2007-12-28,81.735
2007-12-29,122.33
2007-12-30,131.3
2007-12-31,129.89
2008-01-01,123.74
2008-01-02,173.785
2008-01-03,142.7
2008-01-04,157.64
2008-01-05,239.985
2008-01-06,217.8
2008-01-07,261.915
2008-01-08,270.02
2008-01-09,238.11
2008-01-10,187.83
2008-01-11,396.785
2008-01-12,377.03
2008-01-13,326.945
2008-01-14,362.075
2008-01-15,310.955
2008-01-16,195.43
2008-01-17,174.215
2008-01-18,144.575
2008-01-19,132.98
2008-01-20,137.35
2008-01-21,151.005
2008-01-22,173.175
2008-01-23,176.26
2008-01-24,187.395
2008-01-25,190.465
2008-01-26,271.64
2008-01-27,322.305
2008-01-28,286.025
2008-01-29,283.93
2008-01-30,343.55
2008-01-31,396.2
2008-02-01,380.285
2008-02-02,348.27
2008-02-03,323.485
2008-02-04,320.08
2008-02-05,283.71
2008-02-06,232.535
2008-02-07,187.43
2008-02-08,168.22
2008-02-09,148.19
2008-02-10,154.715
2008-02-11,145.62
2008-02-12,152.91
2008-02-13,195.425
2008-02-14,163.32
2008-02-15,151.9
2008-02-16,139.145
2008-02-17,128.67
2008-02-18,143.65
2008-02-19,175.155
2008-02-20,150.03
2008-02-21,154.73
2008-02-22,227.285
2008-02-23,233.62
2008-02-24,245.97
2008-02-25,336.705
2008-02-26,325.845
2008-02-27,277.97
2008-02-28,288.495
2008-02-29,295.55
2008-03-01,358.925
2008-03-02,350.63
2008-03-03,328.21
2008-03-04,325.845
2008-03-05,355.39
2008-03-06,382.665
2008-03-07,331.72
2008-03-08,316.415
2008-03-09,330.545
2008-03-10,336.44
2008-03-11,321.145
2008-03-12,354.18
2008-03-13,330.545
2008-03-14,361.335
2008-03-15,383.86
2008-03-16,305.97
2008-03-17,256.305
2008-03-18,230.33
2008-03-19,203.125
2008-03-20,185.415
2008-03-21,168.435
2008-03-22,154.75
2008-03-23,132.985
2008-03-24,133.84
2008-03-25,132.1
2008-03-26,128.67
2008-03-27,119.66
2008-03-28,104.19
2008-03-29,98.88
2008-03-30,120.08
2008-03-31,131.19
2008-04-01,151.9
2008-04-02,132.34
2008-04-03,126.15
2008-04-04,130.385
2008-04-05,121.195
2008-04-06,113.13
2008-04-07,99.605
2008-04-08,91.255
2008-04-09,81.46
2008-04-10,80.845
2008-04-11,80.21
2008-04-12,82.08
2008-04-13,80.21
2008-04-14,73.645
2008-04-15,73.05
2008-04-16,74.19
2008-04-17,77.16
2008-04-18,71.88
2008-04-19,69.055
2008-04-20,65.76
2008-04-21,67.435
2008-04-22,65.76
2008-04-23,65.215
2008-04-24,74.2
2008-04-25,79.675
2008-04-26,69.61
2008-04-27,67.935
2008-04-28,67.405
2008-04-29,64.14
2008-04-30,60.98
2008-05-01,59.45
2008-05-02,56.91
2008-05-03,56.425
2008-05-04,53.95
2008-05-05,52.01
2008-05-06,49.615
2008-05-07,49.14
2008-05-08,48.665
2008-05-09,48.195
2008-05-10,46.785
2008-05-11,50.095
2008-05-12,51.05
2008-05-13,56.495
2008-05-14,60.465
2008-05-15,59.955
2008-05-16,50.575
2008-05-17,49.14
2008-05-18,48.195
2008-05-19,46.785
2008-05-20,44.915
2008-05-21,45.385
2008-05-22,43.985
2008-05-23,43.055
2008-05-24,42.59
2008-05-25,42.59
2008-05-26,42.13
2008-05-27,41.67
2008-05-28,41.67
2008-05-29,40.28
2008-05-30,39.355
2008-05-31,38.89
2008-06-01,38.89
2008-06-02,39.355
2008-06-03,39.355
2008-06-04,38.89
2008-06-05,39.355
2008-06-06,37.96
2008-06-07,39.815
2008-06-08,40.28
2008-06-09,37.955
2008-06-10,37.49
2008-06-11,39.855
2008-06-12,38.89
2008-06-13,38.425
2008-06-14,38.425
2008-06-15,37.96
2008-06-16,39.355
2008-06-17,38.89
2008-06-18,38.89
2008-06-19,38.425
2008-06-20,37.96
2008-06-21,36.095
2008-06-22,35.16
2008-06-23,35.16
2008-06-24,33.74
2008-06-25,33.74
2008-06-26,33.27
2008-06-27,34.21
2008-06-28,34.21
2008-06-29,34.3
2008-06-30,34.21
2008-07-01,34.215
2008-07-02,33.935
2008-07-03,33.74
2008-07-04,33.74
2008-07-05,32.605
2008-07-06,33.085
2008-07-07,33.27
2008-07-08,33.27
2008-07-09,33.27
2008-07-10,33.74
2008-07-11,33.74
2008-07-12,34.685
2008-07-13,34.685
2008-07-14,35.625
2008-07-15,34.215
2008-07-16,33.27
2008-07-17,33.27
2008-07-18,33.27
2008-07-19,34.215
2008-07-20,33.74
2008-07-21,33.74
2008-07-22,33.27
2008-07-23,33.74
2008-07-24,34.21
2008-07-25,33.74
2008-07-26,32.79
2008-07-27,32.79
2008-07-28,34.21
2008-07-29,33.74
2008-07-30,33.74
2008-07-31,33.74
2008-08-01,33.74
2008-08-02,34.21
2008-08-03,33.74
2008-08-04,33.27
2008-08-05,32.31
2008-08-06,34.21
2008-08-07,35.16
2008-08-08,34.685
2008-08-09,35.15
2008-08-10,34.21
2008-08-11,34.685
2008-08-12,34.21
2008-08-13,33.74
2008-08-14,33.27
2008-08-15,32.79
2008-08-16,32.31
2008-08-17,33.27
2008-08-18,34.21
2008-08-19,33.74
2008-08-20,32.79
2008-08-21,32.31
2008-08-22,32.97
2008-08-23,33.74
2008-08-24,33.27
2008-08-25,33.74
2008-08-26,33.27
2008-08-27,33.74
2008-08-28,33.33
2008-08-29,33.77
2008-08-30,34.21
2008-08-31,34.21
2008-09-01,34.21
2008-09-02,33.74
2008-09-03,33.74
2008-09-04,34.685
2008-09-05,34.68
2008-09-06,34.21
2008-09-07,34.685
2008-09-08,35.625
2008-09-09,34.685
2008-09-10,35.15
2008-09-11,34.685
2008-09-12,34.21
2008-09-13,33.74
2008-09-14,34.21
2008-09-15,34.21
2008-09-16,34.21
2008-09-17,34.685
2008-09-18,34.21
2008-09-19,33.74
2008-09-20,33.74
2008-09-21,33.74
2008-09-22,33.74
2008-09-23,33.74
2008-09-24,33.26
2008-09-25,32.79
2008-09-26,33.74
2008-09-27,35.16
2008-09-28,34.685
2008-09-29,37.495
2008-09-30,36.56
2008-10-01,36.56
2008-10-02,37.96
2008-10-03,38.89
2008-10-04,38.425
2008-10-05,37.025
2008-10-06,38.425
2008-10-07,43.06
2008-10-08,48.27
2008-10-09,45.85
2008-10-10,49.615
2008-10-11,46.32
2008-10-12,41.205
2008-10-13,37.025
2008-10-14,35.62
2008-10-15,36.56
2008-10-16,36.095
2008-10-17,37.025
2008-10-18,37.495
2008-10-19,40.74
2008-10-20,43.995
2008-10-21,39.925
2008-10-22,36.56
2008-10-23,35.16
2008-10-24,35.625
2008-10-25,36.09
2008-10-26,46.33
2008-10-27,49.62
2008-10-28,48.665
2008-10-29,54.005
2008-10-30,53.98
2008-10-31,47.26
2008-11-01,46.985
2008-11-02,43.52
2008-11-03,40.74
2008-11-04,48.205
2008-11-05,44.915
2008-11-06,44.915
2008-11-07,44.915
2008-11-08,41.205
2008-11-09,41.205
2008-11-10,38.88
2008-11-11,40.74
2008-11-12,41.205
2008-11-13,41.205
2008-11-14,40.745
2008-11-15,40.745
2008-11-16,42.13
2008-11-17,44.45
2008-11-18,47.255
2008-11-19,47.72
2008-11-20,47.255
2008-11-21,49.14
2008-11-22,51.545
2008-11-23,70.735
2008-11-24,60.475
2008-11-25,60.985
2008-11-26,66.375
2008-11-27,66.375
2008-11-28,66.375
2008-11-29,66.375
2008-11-30,66.375
2008-12-01,77.79
2008-12-02,86.67
2008-12-03,129.725
2008-12-04,100.49
2008-12-05,77.175
2008-12-06,69.61
2008-12-07,61.5
2008-12-08,60.5
2008-12-09,60.475
2008-12-10,66.87
2008-12-11,90.54
2008-12-12,76.72
2008-12-13,65.255
2008-12-14,76.66
2008-12-15,112.35
2008-12-16,134.72
2008-12-17,149.105
2008-12-18,125.355
2008-12-19,106.965
2008-12-20,116.93
2008-12-21,147.275
2008-12-22,126.515
2008-12-23,100.375
2008-12-24,117.44
2008-12-25,165.62
2008-12-26,210.81
2008-12-27,330.74
2008-12-28,336.445
2008-12-29,303.54
2008-12-30,262.955
2008-12-31,223.645
2009-01-01,288.31
2009-01-02,294.17
2009-01-03,283.71
2009-01-04,325.97
2009-01-05,304.68
2009-01-06,222.54
2009-01-07,198.055
2009-01-08,193.59
2009-01-09,176.22
2009-01-10,175.2
2009-01-11,195.21
2009-01-12,181.25
2009-01-13,165.27
2009-01-14,143.615
2009-01-15,132.125
2009-01-16,116.325
2009-01-17,133.895
2009-01-18,132.965
2009-01-19,153.105
2009-01-20,239.33
2009-01-21,285.385
2009-01-22,270.99
2009-01-23,264.1
2009-01-24,250.515
2009-01-25,199.895
2009-01-26,176.19
2009-01-27,180.25
2009-01-28,192.79
2009-01-29,185.3
2009-01-30,175.155
2009-01-31,172.19
2009-02-01,151.9
2009-02-02,155.71
2009-02-03,146.35
2009-02-04,152.87
2009-02-05,141.82
2009-02-06,126.97
2009-02-07,124.5
2009-02-08,118.715
2009-02-09,164.605
2009-02-10,218.09
2009-02-11,241.41
2009-02-12,218.355
2009-02-13,236.12
2009-02-14,226.94
2009-02-15,226.09
2009-02-16,192.675
2009-02-17,194.025
2009-02-18,196.755
2009-02-19,171.215
2009-02-20,220.63
2009-02-21,263.065
2009-02-22,251.58
2009-02-23,229.195
2009-02-24,281.43
2009-02-25,272.16
2009-02-26,350.65
2009-02-27,358.915
2009-02-28,336.445
2009-03-01,316.425
2009-03-02,309.37
2009-03-03,304.695
2009-03-04,252.755
2009-03-05,230.28
2009-03-06,225.86
2009-03-07,201.035
2009-03-08,181.335
2009-03-09,214.69
2009-03-10,190.785
2009-03-11,177.21
2009-03-12,167.245
2009-03-13,186.355
2009-03-14,164.305
2009-03-15,161.48
2009-03-16,183.325
2009-03-17,154.335
2009-03-18,136.66
2009-03-19,126.98
2009-03-20,143.8
2009-03-21,148.24
2009-03-22,152.835
2009-03-23,161.535
2009-03-24,227.355
2009-03-25,248.32
2009-03-26,211.35
2009-03-27,202.01
2009-03-28,186.42
2009-03-29,189.05
2009-03-30,198.89
2009-03-31,183.235
2009-04-01,169.325
2009-04-02,151.92
2009-04-03,134.705
2009-04-04,121.17
2009-04-05,113.98
2009-04-06,96.74
2009-04-07,99.68
2009-04-08,108.535
2009-04-09,119.6
2009-04-10,129.3
2009-04-11,140.47
2009-04-12,141.065
2009-04-13,126.98
2009-04-14,140.14
2009-04-15,140.015
2009-04-16,135.69
2009-04-17,123.87
2009-04-18,104.19
2009-04-19,91.95
2009-04-20,85.91
2009-04-21,83.985
2009-04-22,89.18
2009-04-23,86.62
2009-04-24,85.26
2009-04-25,77.24
2009-04-26,73.645
2009-04-27,73.05
2009-04-28,69.865
2009-04-29,67.97
2009-04-30,65.75
2009-05-01,65.495
2009-05-02,64.805
2009-05-03,65.47
2009-05-04,64.795
2009-05-05,62.165
2009-05-06,57.69
2009-05-07,57.69
2009-05-08,55.885
2009-05-09,54.035
2009-05-10,54.94
2009-05-11,53.46
2009-05-12,52.01
2009-05-13,55.705
2009-05-14,54.93
2009-05-15,55.425
2009-05-16,54.935
2009-05-17,51.53
2009-05-18,48.665
2009-05-19,47.72
2009-05-20,47.72
2009-05-21,46.785
2009-05-22,45.85
2009-05-23,45.385
2009-05-24,45.38
2009-05-25,44.915
2009-05-26,44.45
2009-05-27,44.915
2009-05-28,43.52
2009-05-29,43.055
2009-05-30,42.59
2009-05-31,42.13
2009-06-01,40.795
2009-06-02,38.89
2009-06-03,38.89
2009-06-04,37.495
2009-06-05,37.16
2009-06-06,37.96
2009-06-07,38.425
2009-06-08,38.39
2009-06-09,38.425
2009-06-10,36.56
2009-06-11,36.56
2009-06-12,37.03
2009-06-13,37.495
2009-06-14,35.625
2009-06-15,37.495
2009-06-16,35.625
2009-06-17,34.685
2009-06-18,34.685
2009-06-19,37.025
2009-06-20,37.475
2009-06-21,39.865
2009-06-22,40.28
2009-06-23,39.815
2009-06-24,39.355
2009-06-25,38.89
2009-06-26,39.355
2009-06-27,37.96
2009-06-28,36.56
2009-06-29,36.095
2009-06-30,35.625
2009-07-01,35.16
2009-07-02,35.15
2009-07-03,35.15
2009-07-04,34.685
2009-07-05,34.685
2009-07-06,35.16
2009-07-07,35.625
2009-07-08,34.685
2009-07-09,34.21
2009-07-10,34.685
2009-07-11,33.74
2009-07-12,35.16
2009-07-13,34.685
2009-07-14,35.625
2009-07-15,34.685
2009-07-16,34.685
2009-07-17,33.74
2009-07-18,32.79
2009-07-19,32.79
2009-07-20,33.165
2009-07-21,33.26
2009-07-22,34.21
2009-07-23,34.26
2009-07-24,35.16
2009-07-25,35.16
2009-07-26,38.425
2009-07-27,40.74
2009-07-28,36.56
2009-07-29,34.685
2009-07-30,32.79
2009-07-31,32.31
2009-08-01,33.29
2009-08-02,32.79
2009-08-03,32.31
2009-08-04,32.31
2009-08-05,33.27
2009-08-06,33.27
2009-08-07,32.31
2009-08-08,32.945
2009-08-09,32.945
2009-08-10,33.59
2009-08-11,33.79
2009-08-12,33.59
2009-08-13,33.455
2009-08-14,33.065
2009-08-15,32.615
2009-08-16,33.065
2009-08-17,33.27
2009-08-18,33.27
2009-08-19,33.27
2009-08-20,33.27
2009-08-21,33.74
2009-08-22,33.74
2009-08-23,32.79
2009-08-24,33.27
2009-08-25,33.27
2009-08-26,33.27
2009-08-27,33.74
2009-08-28,33.895
2009-08-29,33.165
2009-08-30,32.925
2009-08-31,32.92
2009-09-01,33.215
2009-09-02,33.27
2009-09-03,34.395
2009-09-04,34.275
2009-09-05,34.97
2009-09-06,33.27
2009-09-07,33.27
2009-09-08,33.74
2009-09-09,33.27
2009-09-10,33.74
2009-09-11,34.685
2009-09-12,34.685
2009-09-13,35.62
2009-09-14,34.685
2009-09-15,35.15
2009-09-16,36.115
2009-09-17,35.62
2009-09-18,35.15
2009-09-19,34.68
2009-09-20,35.62
2009-09-21,37.025
2009-09-22,36.545
2009-09-23,35.15
2009-09-24,34.215
2009-09-25,34.685
2009-09-26,35.15
2009-09-27,34.215
2009-09-28,34.685
2009-09-29,35.16
2009-09-30,35.16
2009-10-01,36.09
2009-10-02,35.625
2009-10-03,37.495
2009-10-04,38.415
2009-10-05,36.095
2009-10-06,36.095
2009-10-07,35.15
2009-10-08,34.68
2009-10-09,34.215
2009-10-10,33.99
2009-10-11,34.215
2009-10-12,34.215
2009-10-13,34.215
2009-10-14,34.215
2009-10-15,33.74
2009-10-16,34.215
2009-10-17,35.15
2009-10-18,36.085
2009-10-19,36.095
2009-10-20,40.0
2009-10-21,40.275
2009-10-22,39.35
2009-10-23,37.49
2009-10-24,36.095
2009-10-25,37.475
2009-10-26,35.62
2009-10-27,35.625
2009-10-28,40.28
2009-10-29,36.985
2009-10-30,35.62
2009-10-31,34.68
2009-11-01,33.735
2009-11-02,38.875
2009-11-03,35.62
2009-11-04,43.055
2009-11-05,38.415
2009-11-06,37.49
2009-11-07,37.025
2009-11-08,37.025
2009-11-09,35.15
2009-11-10,32.78
2009-11-11,33.26
2009-11-12,34.685
2009-11-13,52.02
2009-11-14,54.44
2009-11-15,60.73
2009-11-16,97.45
2009-11-17,101.795
2009-11-18,115.62
2009-11-19,104.83
2009-11-20,90.555
2009-11-21,87.375
2009-11-22,89.59
2009-11-23,173.34
2009-11-24,135.63
2009-11-25,117.915
2009-11-26,119.46
2009-11-27,133.21
2009-11-28,182.755
2009-11-29,204.545
2009-11-30,211.31
2009-12-01,202.01
2009-12-02,204.31
2009-12-03,235.815
2009-12-04,207.51
2009-12-05,175.175
2009-12-06,157.65
2009-12-07,135.69
2009-12-08,135.585
2009-12-09,145.995
2009-12-10,145.47
2009-12-11,155.81
2009-12-12,144.585
2009-12-13,117.07
2009-12-14,125.975
2009-12-15,110.16
2009-12-16,90.015
2009-12-17,83.11
2009-12-18,89.075
2009-12-19,135.915
2009-12-20,142.7
2009-12-21,180.54
2009-12-22,174.185
2009-12-23,175.15
2009-12-24,191.5
2009-12-25,207.28
2009-12-26,259.38
2009-12-27,267.99
2009-12-28,289.51
2009-12-29,277.05
2009-12-30,268.02
2009-12-31,267.63
2010-01-01,281.245
2010-01-02,251.59
2010-01-03,221.44
2010-01-04,243.985
2010-01-05,282.92
2010-01-06,234.775
2010-01-07,208.345
2010-01-08,186.215
2010-01-09,208.715
2010-01-10,210.575
2010-01-11,347.67
2010-01-12,408.96
2010-01-13,337.485
2010-01-14,393.495
2010-01-15,398.33
2010-01-16,354.26
2010-01-17,337.67
2010-01-18,338.815
2010-01-19,329.39
2010-01-20,320.665
2010-01-21,337.78
2010-01-22,474.795
2010-01-23,551.075
2010-01-24,720.0
2010-01-25,900.0
2010-01-26,1100.0
2010-01-27,1009.5
2010-01-28,588.495
2010-01-29,507.7
2010-01-30,507.7
2010-01-31,479.25
2010-02-01,387.5
2010-02-02,320.11
2010-02-03,310.51
2010-02-04,252.76
2010-02-05,336.5
2010-02-06,383.85
2010-02-07,331.73
2010-02-08,312.89
2010-02-09,321.16
2010-02-10,308.19
2010-02-11,290.73
2010-02-12,273.3
2010-02-13,259.81
2010-02-14,258.38
2010-02-15,256.11
2010-02-16,243.66
2010-02-17,266.59
2010-02-18,264.63
2010-02-19,216.73
2010-02-20,256.74
2010-02-21,328.26
2010-02-22,448.06
2010-02-23,380.07
2010-02-24,380.0
2010-02-25,326.02
2010-02-26,334.3
2010-02-27,330.22
2010-02-28,393.55
2010-03-01,442.55
2010-03-02,417.28
2010-03-03,402.92
2010-03-04,473.9
2010-03-05,451.38
2010-03-06,468.03
2010-03-07,463.27
2010-03-08,373.19
2010-03-09,321.12
2010-03-10,295.34
2010-03-11,271.01
2010-03-12,241.41
2010-03-13,294.57
2010-03-14,291.84
2010-03-15,288.34
2010-03-16,284.86
2010-03-17,281.39
2010-03-18,284.98
2010-03-19,258.4
2010-03-20,235.83
2010-03-21,211.98
2010-03-22,207.55
2010-03-23,200.6
2010-03-24,200.32
2010-03-25,281.68
2010-03-26,273.34
2010-03-27,245.94
2010-03-28,257.24
2010-03-29,296.75
2010-03-30,288.42
2010-03-31,265.27
2010-04-01,279.09
2010-04-02,263.04
2010-04-03,253.59
2010-04-04,225.83
2010-04-05,210.58
2010-04-06,230.26
2010-04-07,257.39
2010-04-08,231.36
2010-04-09,220.35
2010-04-10,221.44
2010-04-11,214.9
2010-04-12,192.71
2010-04-13,200.71
2010-04-14,189.73
2010-04-15,178.53
2010-04-16,170.42
2010-04-17,166.25
2010-04-18,162.69
2010-04-19,156.66
2010-04-20,155.5
2010-04-21,155.34
2010-04-22,150.85
2010-04-23,156.61
2010-04-24,155.66
2010-04-25,155.5
2010-04-26,154.56
2010-04-27,155.66
2010-04-28,154.72
2010-04-29,154.72
2010-04-30,155.66
2010-05-01,155.66
2010-05-02,155.66
2010-05-03,154.715
2010-05-04,155.24
2010-05-05,149.025
2010-05-06,117.985
2010-05-07,89.86
2010-05-08,85.0
2010-05-09,90.53
2010-05-10,87.87
2010-05-11,86.56
2010-05-12,79.035
2010-05-13,76.65
2010-05-14,71.87
2010-05-15,71.355
2010-05-16,70.205
2010-05-17,67.39
2010-05-18,67.67
2010-05-19,65.21
2010-05-20,64.675
2010-05-21,64.665
2010-05-22,64.805
2010-05-23,64.28
2010-05-24,63.455
2010-05-25,59.25
2010-05-26,56.415
2010-05-27,56.415
2010-05-28,57.925
2010-05-29,57.425
2010-05-30,54.93
2010-05-31,54.93
2010-06-01,53.95
2010-06-02,51.53
2010-06-03,49.615
2010-06-04,49.14
2010-06-05,46.795
2010-06-06,44.45
2010-06-07,45.85
2010-06-08,47.25
2010-06-09,47.72
2010-06-10,48.19
2010-06-11,48.19
2010-06-12,53.59
2010-06-13,52.97
2010-06-14,52.01
2010-06-15,51.87
2010-06-16,52.42
2010-06-17,52.395
2010-06-18,50.365
2010-06-19,50.425
2010-06-20,50.76
2010-06-21,51.31
2010-06-22,49.41
2010-06-23,48.435
2010-06-24,48.435
2010-06-25,48.895
2010-06-26,47.72
2010-06-27,47.25
2010-06-28,47.72
2010-06-29,47.72
2010-06-30,47.25
2010-07-01,47.255
2010-07-02,46.32
2010-07-03,46.32
2010-07-04,44.0
2010-07-05,45.595
2010-07-06,45.185
2010-07-07,47.48
2010-07-08,49.155
2010-07-09,50.22
2010-07-10,50.22
2010-07-11,48.885
2010-07-12,48.41
2010-07-13,46.96
2010-07-14,47.94
2010-07-15,47.6
2010-07-16,38.425
2010-07-17,38.415
2010-07-18,40.74
2010-07-19,40.28
2010-07-20,39.355
2010-07-21,37.03
2010-07-22,36.56
2010-07-23,35.625
2010-07-24,35.625
2010-07-25,34.685
2010-07-26,35.16
2010-07-27,34.685
2010-07-28,34.21
2010-07-29,33.74
2010-07-30,33.27
2010-07-31,33.32
2010-08-01,33.27
2010-08-02,33.27
2010-08-03,33.27
2010-08-04,34.21
2010-08-05,34.21
2010-08-06,34.21
2010-08-07,34.21
2010-08-08,34.21
2010-08-09,33.27
2010-08-10,33.27
2010-08-11,33.74
2010-08-12,33.27
2010-08-13,33.74
2010-08-14,33.27
2010-08-15,34.21
2010-08-16,36.595
2010-08-17,36.16
2010-08-18,36.56
2010-08-19,36.125
2010-08-20,36.095
2010-08-21,35.16
2010-08-22,35.145
2010-08-23,36.125
2010-08-24,35.66
2010-08-25,36.19
2010-08-26,35.16
2010-08-27,34.685
2010-08-28,35.625
2010-08-29,36.56
2010-08-30,36.56
2010-08-31,36.56
2010-09-01,37.96
2010-09-02,42.13
2010-09-03,43.06
2010-09-04,42.135
2010-09-05,40.74
2010-09-06,38.89
2010-09-07,37.425
2010-09-08,39.35
2010-09-09,36.655
2010-09-10,34.67
2010-09-11,32.675
2010-09-12,31.315
2010-09-13,33.2
2010-09-14,34.145
2010-09-15,34.64
2010-09-16,34.64
2010-09-17,34.685
2010-09-18,34.685
2010-09-19,35.16
2010-09-20,35.15
2010-09-21,34.685
2010-09-22,35.15
2010-09-23,35.625
2010-09-24,38.885
2010-09-25,43.995
2010-09-26,48.195
2010-09-27,49.41
2010-09-28,47.705
2010-09-29,47.395
2010-09-30,38.055
2010-10-01,36.08
2010-10-02,37.03
2010-10-03,47.18
2010-10-04,46.64
2010-10-05,40.88
2010-10-06,36.08
2010-10-07,35.185
2010-10-08,41.38
2010-10-09,37.03
2010-10-10,43.06
2010-10-11,48.27
2010-10-12,43.985
2010-10-13,39.35
2010-10-14,34.685
2010-10-15,36.285
2010-10-16,44.005
2010-10-17,44.46
2010-10-18,48.195
2010-10-19,51.085
2010-10-20,52.79
2010-10-21,47.685
2010-10-22,52.855
2010-10-23,53.19
2010-10-24,53.27
2010-10-25,53.72
2010-10-26,50.845
2010-10-27,49.14
2010-10-28,49.14
2010-10-29,47.72
2010-10-30,40.28
2010-10-31,45.85
2010-11-01,56.45
2010-11-02,58.475
2010-11-03,51.53
2010-11-04,48.67
2010-11-05,47.72
2010-11-06,40.745
2010-11-07,39.355
2010-11-08,38.895
2010-11-09,38.805
2010-11-10,38.19
2010-11-11,37.45
2010-11-12,39.575
2010-11-13,43.975
2010-11-14,46.47
2010-11-15,46.86
2010-11-16,46.545
2010-11-17,45.63
2010-11-18,44.525
2010-11-19,42.42
2010-11-20,40.745
2010-11-21,40.28
2010-11-22,41.205
2010-11-23,41.665
2010-11-24,39.355
2010-11-25,40.745
2010-11-26,44.915
2010-11-27,43.52
2010-11-28,45.85
2010-11-29,47.73
2010-11-30,48.19
2010-12-01,47.4
2010-12-02,45.665
2010-12-03,42.18
2010-12-04,43.49
2010-12-05,60.89
2010-12-06,68.54
2010-12-07,60.475
2010-12-08,61.535
2010-12-09,71.88
2010-12-10,79.215
2010-12-11,76.585
2010-12-12,84.66
2010-12-13,156.645
2010-12-14,156.04
2010-12-15,119.815
2010-12-16,91.295
2010-12-17,85.29
2010-12-18,75.37
2010-12-19,79.96
2010-12-20,76.66
2010-12-21,129.675
2010-12-22,121.195
2010-12-23,111.58
2010-12-24,159.15
2010-12-25,147.305
2010-12-26,131.315
2010-12-27,175.395
2010-12-28,165.29
2010-12-29,340.27
2010-12-30,252.755
2010-12-31,214.95
2011-01-01,191.61
2011-01-02,179.183
2011-01-03,153.87
2011-01-04,136.1
2011-01-05,129.53
2011-01-06,118.96
2011-01-07,103.23
2011-01-08,112.35
2011-01-09,112.375
2011-01-10,109.255
2011-01-11,160.165
2011-01-12,167.25
2011-01-13,213.71
2011-01-14,234.04
2011-01-15,219.595
2011-01-16,187.395
2011-01-17,159.94
2011-01-18,133.94
2011-01-19,127.285
2011-01-20,125.29
2011-01-21,117.27
2011-01-22,116.505
2011-01-23,127.8
2011-01-24,192.06
2011-01-25,299.57
2011-01-26,328.3
2011-01-27,317.65
2011-01-28,321.195
2011-01-29,322.665
2011-01-30,268.88
2011-01-31,288.345
2011-02-01,246.9
2011-02-02,252.6
2011-02-03,315.255
2011-02-04,251.61
2011-02-05,232.475
2011-02-06,293.07
2011-02-07,281.39
2011-02-08,301.45
2011-02-09,291.84
2011-02-10,295.55
2011-02-11,296.51
2011-02-12,348.27
2011-02-13,358.96
2011-02-14,430.57
2011-02-15,395.775
2011-02-16,355.705
2011-02-17,355.365
2011-02-18,361.29
2011-02-19,387.46
2011-02-20,457.15
2011-02-21,573.775
2011-02-22,544.99
2011-02-23,554.205
2011-02-24,574.405
2011-02-25,596.715
2011-02-26,539.05
2011-02-27,481.77
2011-02-28,455.83
2011-03-01,442.545
2011-03-02,458.285
2011-03-03,453.435
2011-03-04,451.77
2011-03-05,481.765
2011-03-06,533.595
2011-03-07,530.64
2011-03-08,480.3
2011-03-09,435.315
2011-03-10,535.35
2011-03-11,562.82
2011-03-12,603.655
2011-03-13,503.95
2011-03-14,424.47
2011-03-15,407.69
2011-03-16,424.505
2011-03-17,388.61
2011-03-18,370.785
2011-03-19,337.62
2011-03-20,330.545
2011-03-21,322.31
2011-03-22,368.59
2011-03-23,393.385
2011-03-24,349.455
2011-03-25,325.83
2011-03-26,309.375
2011-03-27,323.49
2011-03-28,413.725
2011-03-29,413.725
2011-03-30,434.07
2011-03-31,414.875
2011-04-01,399.34
2011-04-02,376.72
2011-04-03,409.01
2011-04-04,422.01
2011-04-05,390.995
2011-04-06,363.66
2011-04-07,416.29
2011-04-08,414.9
2011-04-09,398.15
2011-04-10,381.475
2011-04-11,341.23
2011-04-12,289.505
2011-04-13,269.87
2011-04-14,247.055
2011-04-15,242.535
2011-04-16,222.72
2011-04-17,213.815
2011-04-18,297.845
2011-04-19,335.26
2011-04-20,255.005
2011-04-21,231.425
2011-04-22,196.755
2011-04-23,186.355
2011-04-24,172.225
2011-04-25,173.16
2011-04-26,163.375
2011-04-27,153.78
2011-04-28,146.35
2011-04-29,147.305
2011-04-30,144.575
2011-05-01,136.46
2011-05-02,136.56
2011-05-03,135.58
2011-05-04,134.705
2011-05-05,132.1
2011-05-06,126.15
2011-05-07,118.715
2011-05-08,117.3
2011-05-09,106.965
2011-05-10,107.72
2011-05-11,109.26
2011-05-12,108.49
2011-05-13,107.72
2011-05-14,103.23
2011-05-15,94.64
2011-05-16,91.89
2011-05-17,86.56
2011-05-18,85.91
2011-05-19,85.26
2011-05-20,83.98
2011-05-21,82.71
2011-05-22,81.45
2011-05-23,82.71
2011-05-24,81.45
2011-05-25,82.08
2011-05-26,81.45
2011-05-27,81.45
2011-05-28,81.45
2011-05-29,82.08
2011-05-30,81.45
2011-05-31,81.45
2011-06-01,60.98
2011-06-02,60.98
2011-06-03,58.93
2011-06-04,58.93
2011-06-05,55.92
2011-06-06,54.93
2011-06-07,54.93
2011-06-08,52.97
2011-06-09,52.01
2011-06-10,50.09
2011-06-11,49.62
2011-06-12,49.14
2011-06-13,49.14
2011-06-14,48.69
2011-06-15,47.255
2011-06-16,45.385
2011-06-17,43.985
2011-06-18,43.52
2011-06-19,42.13
2011-06-20,42.595
2011-06-21,44.5
2011-06-22,44.45
2011-06-23,43.52
2011-06-24,43.52
2011-06-25,43.52
2011-06-26,42.59
2011-06-27,42.59
2011-06-28,43.52
2011-06-29,44.45
2011-06-30,44.45
2011-07-01,45.38
2011-07-02,50.095
2011-07-03,57.92
2011-07-04,62.02
2011-07-05,61.5
2011-07-06,59.44
2011-07-07,57.43
2011-07-08,54.93
2011-07-09,52.98
2011-07-10,50.57
2011-07-11,49.02
2011-07-12,47.72
2011-07-13,46.32
2011-07-14,45.38
2011-07-15,45.38
2011-07-16,43.985
2011-07-17,42.59
2011-07-18,42.13
2011-07-19,41.205
2011-07-20,41.205
2011-07-21,40.74
2011-07-22,39.82
2011-07-23,37.96
2011-07-24,37.03
2011-07-25,36.56
2011-07-26,36.09
2011-07-27,38.415
2011-07-28,39.62
2011-07-29,39.82
2011-07-30,38.43
2011-07-31,37.96
2011-08-01,37.96
2011-08-02,37.03
2011-08-03,37.945
2011-08-04,38.98
2011-08-05,38.98
2011-08-06,38.43
2011-08-07,37.96
2011-08-08,37.025
2011-08-09,37.03
2011-08-10,37.96
2011-08-11,37.96
2011-08-12,37.03
2011-08-13,36.56
2011-08-14,35.625
2011-08-15,35.16
2011-08-16,35.16
2011-08-17,35.16
2011-08-18,35.16
2011-08-19,35.16
2011-08-20,35.16
2011-08-21,35.16
2011-08-22,37.37
2011-08-23,36.68
2011-08-24,35.69
2011-08-25,36.0
2011-08-26,35.35
2011-08-27,35.35
2011-08-28,36.325
2011-08-29,37.03
2011-08-30,36.35
2011-08-31,37.36
2011-09-01,38.125
2011-09-02,36.285
2011-09-03,35.49
2011-09-04,34.745
2011-09-05,33.95
2011-09-06,34.69
2011-09-07,34.69
2011-09-08,35.87
2011-09-09,36.67
2011-09-10,35.87
2011-09-11,35.465
2011-09-12,37.96
2011-09-13,38.83
2011-09-14,39.25
2011-09-15,40.16
2011-09-16,37.96
2011-09-17,38.805
2011-09-18,41.105
2011-09-19,43.09
2011-09-20,44.82
2011-09-21,46.34
2011-09-22,48.64
2011-09-23,50.77
2011-09-24,53.55
2011-09-25,50.22
2011-09-26,48.14
2011-09-27,49.68
2011-09-28,58.94
2011-09-29,64.12
2011-09-30,66.24
2011-10-01,62.135
2011-10-02,54.77
2011-10-03,49.725
2011-10-04,46.855
2011-10-05,44.595
2011-10-06,44.6
2011-10-07,58.31
2011-10-08,61.07
2011-10-09,60.24
2011-10-10,66.96
2011-10-11,62.79
2011-10-12,62.8
2011-10-13,54.77
2011-10-14,48.68
2011-10-15,45.83
2011-10-16,43.085
2011-10-17,44.06
2011-10-18,40.205
2011-10-19,45.34
2011-10-20,48.12
2011-10-21,41.65
2011-10-22,38.83
2011-10-23,38.83
2011-10-24,38.38
2011-10-25,37.5
2011-10-26,36.68
2011-10-27,36.745
2011-10-28,37.195
2011-10-29,39.62
2011-10-30,49.955
2011-10-31,56.72
2011-11-01,57.775
2011-11-02,58.39
2011-11-03,62.75
2011-11-04,61.48
2011-11-05,62.14
2011-11-06,60.31
2011-11-07,53.26
2011-11-08,42.84
2011-11-09,42.57
2011-11-10,40.625
2011-11-11,40.16
2011-11-12,41.09
2011-11-13,40.63
2011-11-14,41.6
2011-11-15,40.625
2011-11-16,40.65
2011-11-17,39.725
2011-11-18,42.57
2011-11-19,49.225
2011-11-20,52.985
2011-11-21,57.8
2011-11-22,65.655
2011-11-23,69.68
2011-11-24,80.33
2011-11-25,73.82
2011-11-26,64.165
2011-11-27,56.53
2011-11-28,53.025
2011-11-29,48.68
2011-11-30,48.455
2011-12-01,44.325
2011-12-02,44.325
2011-12-03,44.1
2011-12-04,42.57
2011-12-05,43.545
2011-12-06,46.34
2011-12-07,49.225
2011-12-08,49.18
2011-12-09,47.1
2011-12-10,59.515
2011-12-11,71.855
2011-12-12,65.295
2011-12-13,73.34
2011-12-14,106.09
2011-12-15,142.37
2011-12-16,134.06
2011-12-17,129.205
2011-12-18,119.23
2011-12-19,121.055
2011-12-20,129.92
2011-12-21,134.885
2011-12-22,131.4
2011-12-23,175.365
2011-12-24,171.41
2011-12-25,158.85
2011-12-26,191.73
2011-12-27,244.07
2011-12-28,217.64
2011-12-29,204.96
2011-12-30,193.525
2011-12-31,168.695
2012-01-01,166.15
2012-01-02,183.455
2012-01-03,285.155
2012-01-04,335.85
2012-01-05,295.3
2012-01-06,252.115
2012-01-07,226.555
2012-01-08,239.815
2012-01-09,256.8
2012-01-10,273.46
2012-01-11,227.825
2012-01-12,182.455
2012-01-13,157.14
2012-01-14,165.05
2012-01-15,154.57
2012-01-16,143.32
2012-01-17,131.58
2012-01-18,126.65
2012-01-19,133.28
2012-01-20,159.77
2012-01-21,161.495
2012-01-22,225.24
2012-01-23,214.8
2012-01-24,207.85
2012-01-25,242.95
2012-01-26,255.355
2012-01-27,233.64
2012-01-28,246.96
2012-01-29,326.12
2012-01-30,299.775
2012-01-31,268.04
2012-02-01,229.66
2012-02-02,203.035
2012-02-03,190.675
2012-02-04,249.67
2012-02-05,275.335
2012-02-06,310.065
2012-02-07,328.28
2012-02-08,335.05
2012-02-09,286.455
2012-02-10,239.62
2012-02-11,283.15
2012-02-12,291.84
2012-02-13,327.49
2012-02-14,455.085
2012-02-15,549.045
2012-02-16,617.765
2012-02-17,678.795
2012-02-18,657.8
2012-02-19,578.3
2012-02-20,588.775
2012-02-21,605.21
2012-02-22,542.305
2012-02-23,551.445
2012-02-24,569.735
2012-02-25,602.425
2012-02-26,478.68
2012-02-27,434.49
2012-02-28,441.29
2012-02-29,455.845
2012-03-01,420.195
2012-03-02,379.74
2012-03-03,376.11
2012-03-04,470.95
2012-03-05,449.04
2012-03-06,418.92
2012-03-07,450.385
2012-03-08,411.245
2012-03-09,424.29
2012-03-10,421.515
2012-03-11,386.035
2012-03-12,355.455
2012-03-13,305.435
2012-03-14,305.435
2012-03-15,288.665
2012-03-16,286.46
2012-03-17,280.98
2012-03-18,279.89
2012-03-19,274.48
2012-03-20,258.465
2012-03-21,255.32
2012-03-22,239.77
2012-03-23,189.62
2012-03-24,187.86
2012-03-25,186.93
2012-03-26,180.45
2012-03-27,173.135
2012-03-28,186.0
2012-03-29,226.635
2012-03-30,213.7
2012-03-31,187.88
2012-04-01,193.58
2012-04-02,188.805
2012-04-03,189.735
2012-04-04,184.15
2012-04-05,173.15
2012-04-06,182.29
2012-04-07,174.04
2012-04-08,174.955
2012-04-09,179.225
2012-04-10,166.83
2012-04-11,204.085
2012-04-12,201.1
2012-04-13,185.075
2012-04-14,172.225
2012-04-15,170.42
2012-04-16,167.735
2012-04-17,180.45
2012-04-18,161.495
2012-04-19,178.635
2012-04-20,162.15
2012-04-21,157.09
2012-04-22,157.965
2012-04-23,157.965
2012-04-24,158.09
2012-04-25,157.09
2012-04-26,155.34
2012-04-27,156.215
2012-04-28,150.15
2012-04-29,140.77
2012-04-30,134.06
2012-05-01,128.285
2012-05-02,124.21
2012-05-03,121.79
2012-05-04,119.385
2012-05-05,114.625
2012-05-06,109.115
2012-05-07,103.735
2012-05-08,100.68
2012-05-09,96.91
2012-05-10,91.7
2012-05-11,87.3
2012-05-12,85.85
2012-05-13,82.96
2012-05-14,78.705
2012-05-15,77.15
2012-05-16,75.62
2012-05-17,73.34
2012-05-18,71.855
2012-05-19,69.68
2012-05-20,68.25
2012-05-21,67.55
2012-05-22,68.965
2012-05-23,66.85
2012-05-24,67.55
2012-05-25,66.16
2012-05-26,65.47
2012-05-27,65.47
2012-05-28,65.47
2012-05-29,65.47
2012-05-30,65.47
2012-05-31,65.47
2012-06-01,66.16
2012-06-02,65.47
2012-06-03,64.795
2012-06-04,65.47
2012-06-05,64.795
2012-06-06,65.47
2012-06-07,67.55
2012-06-08,60.98
2012-06-09,57.71
2012-06-10,54.705
2012-06-11,53.55
2012-06-12,50.765
2012-06-13,48.63
2012-06-14,47.6
2012-06-15,46.6
2012-06-16,46.375
2012-06-17,46.15
2012-06-18,46.375
2012-06-19,44.565
2012-06-20,44.06
2012-06-21,42.545
2012-06-22,42.05
2012-06-23,42.065
2012-06-24,41.105
2012-06-25,41.09
2012-06-26,40.63
2012-06-27,40.16
2012-06-28,40.625
2012-06-29,39.25
2012-06-30,38.805
2012-07-01,37.93
2012-07-02,37.5
2012-07-03,37.085
2012-07-04,37.085
2012-07-05,37.085
2012-07-06,36.67
2012-07-07,37.085
2012-07-08,38.36
2012-07-09,37.93
2012-07-10,37.5
2012-07-11,36.265
2012-07-12,35.465
2012-07-13,35.07
2012-07-14,34.825
2012-07-15,35.255
2012-07-16,36.955
2012-07-17,35.7
2012-07-18,34.96
2012-07-19,34.0
2012-07-20,33.635
2012-07-21,33.515
2012-07-22,33.62
2012-07-23,34.12
2012-07-24,33.25
2012-07-25,32.98
2012-07-26,31.92
2012-07-27,31.92
2012-07-28,32.175
2012-07-29,32.175
2012-07-30,32.97
2012-07-31,32.7
2012-08-01,32.2
2012-08-02,32.175
2012-08-03,31.92
2012-08-04,31.85
2012-08-05,32.7
2012-08-06,33.94
2012-08-07,32.725
2012-08-08,33.115
2012-08-09,33.26
2012-08-10,32.425
2012-08-11,32.98
2012-08-12,32.97
2012-08-13,33.6
2012-08-14,33.27
2012-08-15,32.985
2012-08-16,32.98
2012-08-17,32.98
2012-08-18,33.54
2012-08-19,33.25
2012-08-20,33.53
2012-08-21,33.82
2012-08-22,33.25
2012-08-23,32.98
2012-08-24,33.25
2012-08-25,34.725
2012-08-26,35.05
2012-08-27,34.41
2012-08-28,34.41
2012-08-29,34.595
2012-08-30,34.81
2012-08-31,35.08
2012-09-01,34.285
2012-09-02,34.04
2012-09-03,34.81
2012-09-04,34.54
2012-09-05,34.285
2012-09-06,34.81
2012-09-07,34.555
2012-09-08,34.81
2012-09-09,35.36
2012-09-10,35.65
2012-09-11,35.21
2012-09-12,35.36
2012-09-13,34.81
2012-09-14,34.54
2012-09-15,34.05
2012-09-16,35.08
2012-09-17,35.98
2012-09-18,35.65
2012-09-19,35.09
2012-09-20,34.285
2012-09-21,33.785
2012-09-22,32.005
2012-09-23,32.23
2012-09-24,33.24
2012-09-25,33.79
2012-09-26,33.79
2012-09-27,34.92
2012-09-28,36.15
2012-09-29,38.88
2012-09-30,44.51
2012-10-01,41.575
2012-10-02,40.025
2012-10-03,37.16
2012-10-04,35.535
2012-10-05,34.93
2012-10-06,34.06
2012-10-07,34.34
2012-10-08,36.495
2012-10-09,37.16
2012-10-10,36.15
2012-10-11,38.17
2012-10-12,37.82
2012-10-13,37.84
2012-10-14,37.16
2012-10-15,36.8
2012-10-16,37.82
2012-10-17,37.485
2012-10-18,36.495
2012-10-19,36.16
2012-10-20,35.86
2012-10-21,35.245
2012-10-22,35.535
2012-10-23,36.16
2012-10-24,38.17
2012-10-25,37.84
2012-10-26,37.135
2012-10-27,38.525
2012-10-28,39.635
2012-10-29,42.415
2012-10-30,42.82
2012-10-31,41.215
2012-11-01,41.575
2012-11-02,42.49
2012-11-03,44.54
2012-11-04,64.105
2012-11-05,51.33
2012-11-06,72.54
2012-11-07,72.415
2012-11-08,68.985
2012-11-09,57.32
2012-11-10,46.145
2012-11-11,40.915
2012-11-12,37.16
2012-11-13,35.245
2012-11-14,34.08
2012-11-15,37.82
2012-11-16,38.21
2012-11-17,40.025
2012-11-18,47.895
2012-11-19,73.14
2012-11-20,76.035
2012-11-21,76.74
2012-11-22,76.68
2012-11-23,57.69
2012-11-24,51.96
2012-11-25,46.115
2012-11-26,44.725
2012-11-27,40.83
2012-11-28,40.12
2012-11-29,37.365
2012-11-30,36.325
2012-12-01,37.01
2012-12-02,41.215
2012-12-03,50.975
2012-12-04,78.685
2012-12-05,89.575
2012-12-06,81.82
2012-12-07,96.94
2012-12-08,87.32
2012-12-09,85.12
2012-12-10,149.005
2012-12-11,168.725
2012-12-12,153.765
2012-12-13,141.63
2012-12-14,143.52
2012-12-15,173.41
2012-12-16,164.16
2012-12-17,227.34
2012-12-18,213.765
2012-12-19,169.55
2012-12-20,197.775
2012-12-21,224.61
2012-12-22,210.77
2012-12-23,172.235
2012-12-24,186.41
2012-12-25,190.71
2012-12-26,186.83
2012-12-27,300.875
2012-12-28,288.665
2012-12-29,333.6
2012-12-30,300.01
2012-12-31,281.105
2013-01-01,240.81
2013-01-02,269.68
2013-01-03,255.47
2013-01-04,223.83
2013-01-05,243.37
2013-01-06,303.25
2013-01-07,270.35
2013-01-08,293.14
2013-01-09,255.47
2013-01-10,209.93
2013-01-11,200.23
2013-01-12,196.41
2013-01-13,265.94
2013-01-14,256.39
2013-01-15,239.79
2013-01-16,251.17
2013-01-17,252.41
2013-01-18,294.38
2013-01-19,332.22
2013-01-20,293.09
2013-01-21,282.26
2013-01-22,373.67
2013-01-23,345.9
2013-01-24,314.62
2013-01-25,276.65
2013-01-26,266.0
2013-01-27,227.65
2013-01-28,234.66
2013-01-29,268.14
2013-01-30,252.54
2013-01-31,273.43
2013-02-01,289.11
2013-02-02,378.16
2013-02-03,347.09
2013-02-04,349.48
2013-02-05,345.05
2013-02-06,306.51
2013-02-07,353.98
2013-02-08,450.87
2013-02-09,520.88
2013-02-10,599.36
2013-02-11,574.0
2013-02-12,500.66
2013-02-13,402.46
2013-02-14,398.8
2013-02-15,416.35
2013-02-16,393.5
2013-02-17,401.03
2013-02-18,371.21
2013-02-19,361.49
2013-02-20,364.31
2013-02-21,401.22
2013-02-22,423.49
2013-02-23,437.11
2013-02-24,389.75
2013-02-25,355.47
2013-02-26,318.27
2013-02-27,291.11
2013-02-28,317.96
2013-03-01,330.82
2013-03-02,361.68
2013-03-03,327.14
2013-03-04,305.78
2013-03-05,293.15
2013-03-06,280.0
2013-03-07,288.72
2013-03-08,322.51
2013-03-09,303.16
2013-03-10,307.66
2013-03-11,319.16
2013-03-12,324.91
2013-03-13,334.18
2013-03-14,334.25
2013-03-15,375.81
2013-03-16,412.31
2013-03-17,437.59
2013-03-18,506.6
2013-03-19,446.77
2013-03-20,370.17
2013-03-21,306.7
2013-03-22,273.5
2013-03-23,243.93
2013-03-24,231.72
2013-03-25,204.09
2013-03-26,199.21
2013-03-27,217.06
2013-03-28,220.61
2013-03-29,202.06
2013-03-30,196.36
2013-03-31,188.82
2013-04-01,183.22
2013-04-02,169.46
2013-04-03,168.62
2013-04-04,167.72
2013-04-05,179.57
2013-04-06,182.34
2013-04-07,171.33
2013-04-08,178.61
2013-04-09,176.78
2013-04-10,155.37
2013-04-11,149.27
2013-04-12,148.42
2013-04-13,144.15
2013-04-14,134.88
2013-04-15,131.57
2013-04-16,129.11
2013-04-17,129.94
2013-04-18,134.06
2013-04-19,129.93
2013-04-20,124.23
2013-04-21,114.63
2013-04-22,107.59
2013-04-23,102.97
2013-04-24,99.18
2013-04-25,93.93
2013-04-26,88.77
2013-04-27,85.85
2013-04-28,81.54
2013-04-29,78.27
2013-04-30,75.62
2013-05-01,74.1
2013-05-02,72.61
2013-05-03,71.86
2013-05-04,73.44
2013-05-05,72.61
2013-05-06,70.42
2013-05-07,68.27
2013-05-08,67.55
2013-05-09,65.8
2013-05-10,64.13
2013-05-11,62.16
2013-05-12,62.14
2013-05-13,62.14
2013-05-14,62.14
2013-05-15,61.48
2013-05-16,62.14
2013-05-17,62.79
2013-05-18,64.8
2013-05-19,64.12
2013-05-20,64.8
2013-05-21,62.79
2013-05-22,61.48
2013-05-23,61.48
2013-05-24,62.79
2013-05-25,62.14
2013-05-26,62.14
2013-05-27,61.48
2013-05-28,62.14
2013-05-29,60.84
2013-05-30,61.48
2013-05-31,60.84
2013-06-01,60.84
2013-06-02,60.84
2013-06-03,60.84
2013-06-04,60.84
2013-06-05,60.84
2013-06-06,61.48
2013-06-07,61.99
2013-06-08,60.84
2013-06-09,60.19
2013-06-10,59.56
2013-06-11,58.39
2013-06-12,52.99
2013-06-13,49.73
2013-06-14,46.08
2013-06-15,44.64
2013-06-16,42.87
2013-06-17,41.59
2013-06-18,41.59
2013-06-19,42.87
2013-06-20,42.43
2013-06-21,42.43
2013-06-22,42.89
2013-06-23,42.01
2013-06-24,41.61
2013-06-25,41.59
2013-06-26,40.38
2013-06-27,39.59
2013-06-28,38.09
2013-06-29,37.72
2013-06-30,37.72
2013-07-01,37.03
2013-07-02,37.37
2013-07-03,36.68
2013-07-04,37.72
2013-07-05,37.72
2013-07-06,37.72
2013-07-07,38.12
2013-07-08,39.97
2013-07-09,38.44
2013-07-10,38.09
2013-07-11,37.01
2013-07-12,36.33
2013-07-13,36.68
2013-07-14,37.01
2013-07-15,37.72
2013-07-16,38.09
2013-07-17,37.36
2013-07-18,37.03
2013-07-19,37.01
2013-07-20,36.0
2013-07-21,35.67
2013-07-22,36.0
2013-07-23,35.35
2013-07-24,34.51
2013-07-25,35.35
2013-07-26,34.47
2013-07-27,35.35
2013-07-28,35.03
2013-07-29,35.03
2013-07-30,34.71
2013-07-31,34.73
2013-08-01,31.95
2013-08-02,32.18
2013-08-03,32.06
2013-08-04,32.06
2013-08-05,32.18
2013-08-06,31.83
2013-08-07,31.83
2013-08-08,32.06
2013-08-09,31.95
2013-08-10,32.3
2013-08-11,31.71
2013-08-12,32.54
2013-08-13,32.18
2013-08-14,32.06
2013-08-15,32.54
2013-08-16,32.66
2013-08-17,32.3
2013-08-18,31.83
2013-08-19,32.07
2013-08-20,32.42
2013-08-21,32.54
2013-08-22,31.85
2013-08-23,32.3
2013-08-24,32.43
2013-08-25,32.08
2013-08-26,32.3
2013-08-27,31.95
2013-08-28,33.3
2013-08-29,32.07
2013-08-30,32.19
2013-08-31,32.4
2013-09-01,40.43
2013-09-02,39.28
2013-09-03,35.91
2013-09-04,34.08
2013-09-05,33.26
2013-09-06,34.38
2013-09-07,34.35
2013-09-08,34.35
2013-09-09,34.93
2013-09-10,35.25
2013-09-11,34.93
2013-09-12,34.65
2013-09-13,34.66
2013-09-14,36.04
2013-09-15,36.2
2013-09-16,35.25
2013-09-17,34.93
2013-09-18,35.25
2013-09-19,37.82
2013-09-20,36.81
2013-09-21,36.16
2013-09-22,35.86
2013-09-23,36.65
2013-09-24,37.84
2013-09-25,38.21
2013-09-26,37.52
2013-09-27,37.16
2013-09-28,36.81
2013-09-29,37.14
2013-09-30,36.5
2013-10-01,37.82
2013-10-02,36.85
2013-10-03,34.08
2013-10-04,33.79
2013-10-05,36.2
2013-10-06,40.4
2013-10-07,40.01
2013-10-08,40.43
2013-10-09,40.78
2013-10-10,39.62
2013-10-11,40.4
2013-10-12,38.55
2013-10-13,41.6
2013-10-14,43.26
2013-10-15,48.28
2013-10-16,47.79
2013-10-17,46.41
2013-10-18,44.59
2013-10-19,42.82
2013-10-20,39.67
2013-10-21,38.21
2013-10-22,36.51
2013-10-23,36.84
2013-10-24,47.76
2013-10-25,44.11
2013-10-26,50.24
2013-10-27,69.78
2013-10-28,81.82
2013-10-29,99.96
2013-10-30,85.87
2013-10-31,80.83
2013-11-01,107.85
2013-11-02,95.5
2013-11-03,87.34
2013-11-04,84.42
2013-11-05,148.54
2013-11-06,206.3
2013-11-07,155.56
2013-11-08,109.3
2013-11-09,85.21
2013-11-10,71.31
2013-11-11,71.12
2013-11-12,78.21
2013-11-13,76.04
2013-11-14,79.4
2013-11-15,84.0
2013-11-16,68.97
2013-11-17,96.23
2013-11-18,87.32
2013-11-19,80.37
2013-11-20,71.17
2013-11-21,76.69
2013-11-22,106.38
2013-11-23,130.89
2013-11-24,121.23
2013-11-25,97.73
2013-11-26,81.14
2013-11-27,71.93
2013-11-28,69.03
2013-11-29,64.87
2013-11-30,62.74
2013-12-01,57.21
2013-12-02,60.84
2013-12-03,93.15
2013-12-04,156.99
2013-12-05,182.31
2013-12-06,149.34
2013-12-07,131.79
2013-12-08,118.6
2013-12-09,135.16
2013-12-10,182.5
2013-12-11,190.22
2013-12-12,220.49
2013-12-13,242.86
2013-12-14,254.79
2013-12-15,293.2
2013-12-16,293.11
2013-12-17,241.12
2013-12-18,179.72
2013-12-19,147.6
2013-12-20,143.29
2013-12-21,198.39
2013-12-22,251.53
2013-12-23,249.05
2013-12-24,291.41
2013-12-25,396.04
2013-12-26,354.53
2013-12-27,303.13
2013-12-28,317.62
2013-12-29,298.86
2013-12-30,240.81
2013-12-31,225.6
2014-01-01,202.13
2014-01-02,199.28
2014-01-03,214.95
2014-01-04,284.3
2014-01-05,358.15
2014-01-06,325.96
2014-01-07,338.39
2014-01-08,396.0
2014-01-09,350.7
2014-01-10,334.13
2014-01-11,345.9
2014-01-12,283.38
2014-01-13,245.95
2014-01-14,221.61
2014-01-15,250.17
2014-01-16,213.7
2014-01-17,247.83
2014-01-18,265.97
2014-01-19,355.09
2014-01-20,534.17
2014-01-21,408.83
2014-01-22,341.87
2014-01-23,354.26
2014-01-24,350.66
2014-01-25,317.96
2014-01-26,257.62
2014-01-27,236.7
2014-01-28,245.99
2014-01-29,258.53
2014-01-30,243.86
2014-01-31,322.84
2014-02-01,286.02
2014-02-02,493.15
2014-02-03,521.76
2014-02-04,372.19
2014-02-05,289.84
2014-02-06,276.64
2014-02-07,275.8
2014-02-08,315.63
2014-02-09,381.21
2014-02-10,399.85
2014-02-11,445.01
2014-02-12,422.82
2014-02-13,421.57
2014-02-14,444.3
2014-02-15,424.24
2014-02-16,387.28
2014-02-17,465.47
2014-02-18,407.43
2014-02-19,381.13
2014-02-20,367.56
2014-02-21,342.37
2014-02-22,324.88
2014-02-23,288.32
2014-02-24,321.01
2014-02-25,293.18
2014-02-26,238.73
2014-02-27,238.72
2014-02-28,239.79
2014-03-01,210.85
2014-03-02,190.7
2014-03-03,188.81
2014-03-04,186.12
2014-03-05,169.54
2014-03-06,152.08
2014-03-07,156.24
2014-03-08,167.78
2014-03-09,152.77
2014-03-10,142.44
2014-03-11,134.9
2014-03-12,157.98
2014-03-13,166.85
2014-03-14,185.45
2014-03-15,202.21
2014-03-16,179.53
2014-03-17,180.45
2014-03-18,174.98
2014-03-19,181.43
2014-03-20,194.45
2014-03-21,198.24
2014-03-22,247.28
2014-03-23,204.09
2014-03-24,216.65
2014-03-25,203.99
2014-03-26,213.84
2014-03-27,213.7
2014-03-28,205.92
2014-03-29,187.95
2014-03-30,160.66
2014-03-31,142.48
2014-04-01,137.39
2014-04-02,135.73
2014-04-03,128.3
2014-04-04,125.02
2014-04-05,145.85
2014-04-06,131.63
2014-04-07,117.81
2014-04-08,115.41
2014-04-09,126.65
2014-04-10,119.43
2014-04-11,112.26
2014-04-12,102.98
2014-04-13,99.92
2014-04-14,102.97
2014-04-15,102.98
2014-04-16,94.68
2014-04-17,90.24
2014-04-18,86.58
2014-04-19,85.12
2014-04-20,84.41
2014-04-21,84.41
2014-04-22,98.45
2014-04-23,92.47
2014-04-24,95.5
2014-04-25,85.86
2014-04-26,86.58
2014-04-27,90.96
2014-04-28,80.81
2014-04-29,78.98
2014-04-30,83.69
2014-05-01,86.58
2014-05-02,84.44
2014-05-03,76.04
2014-05-04,72.61
2014-05-05,83.01
2014-05-06,70.42
2014-05-07,67.55
2014-05-08,65.52
2014-05-09,64.13
2014-05-10,63.46
2014-05-11,62.16
2014-05-12,62.8
2014-05-13,61.49
2014-05-14,61.49
2014-05-15,61.49
2014-05-16,60.21
2014-05-17,57.71
2014-05-18,56.49
2014-05-19,54.14
2014-05-20,53.55
2014-05-21,54.71
2014-05-22,63.36
2014-05-23,78.86
2014-05-24,73.34
2014-05-25,66.9
2014-05-26,60.21
2014-05-27,55.91
2014-05-28,52.99
2014-05-29,50.77
2014-05-30,49.16
2014-05-31,67.62
2014-06-01,46.58
2014-06-02,45.62
2014-06-03,45.09
2014-06-04,44.63
2014-06-05,44.18
2014-06-06,43.29
2014-06-07,42.0
2014-06-08,41.17
2014-06-09,40.77
2014-06-10,39.2
2014-06-11,38.81
2014-06-12,38.44
2014-06-13,38.44
2014-06-14,38.07
2014-06-15,38.07
2014-06-16,37.72
2014-06-17,37.72
2014-06-18,37.36
2014-06-19,36.66
2014-06-20,36.33
2014-06-21,36.33
2014-06-22,36.33
2014-06-23,36.0
2014-06-24,35.67
2014-06-25,35.67
2014-06-26,35.35
2014-06-27,35.67
2014-06-28,35.03
2014-06-29,35.67
2014-06-30,35.67
2014-07-01,35.34
2014-07-02,34.73
2014-07-03,34.41
2014-07-04,34.41
2014-07-05,34.73
2014-07-06,33.82
2014-07-07,34.41
2014-07-08,34.41
2014-07-09,34.41
2014-07-10,34.41
2014-07-11,33.53
2014-07-12,33.53
2014-07-13,33.52
2014-07-14,34.41
2014-07-15,33.82
2014-07-16,33.82
2014-07-17,34.41
2014-07-18,34.41
2014-07-19,34.41
2014-07-20,34.41
2014-07-21,34.41
2014-07-22,34.41
2014-07-23,34.11
2014-07-24,33.82
2014-07-25,34.11
2014-07-26,33.54
2014-07-27,34.11
2014-07-28,34.11
2014-07-29,33.82
2014-07-30,33.53
2014-07-31,33.82
2014-08-01,34.11
2014-08-02,35.03
2014-08-03,35.35
2014-08-04,34.41
2014-08-05,34.12
2014-08-06,34.73
2014-08-07,34.11
2014-08-08,34.11
2014-08-09,34.41
2014-08-10,38.47
2014-08-11,36.33
2014-08-12,35.35
2014-08-13,34.73
2014-08-14,34.41
2014-08-15,34.41
2014-08-16,33.25
2014-08-17,33.82
2014-08-18,34.71
2014-08-19,34.41
2014-08-20,33.82
2014-08-21,34.11
2014-08-22,33.53
2014-08-23,32.97
2014-08-24,31.44
2014-08-25,30.05
2014-08-26,32.54
2014-08-27,32.54
2014-08-28,32.54
2014-08-29,32.06
2014-08-30,30.69
2014-08-31,31.29
2014-09-01,33.26
2014-09-02,33.26
2014-09-03,32.11
2014-09-04,32.85
2014-09-05,34.49
2014-09-06,35.67
2014-09-07,36.0
2014-09-08,37.03
2014-09-09,35.05
2014-09-10,33.82
2014-09-11,33.54
2014-09-12,33.89
2014-09-13,35.15
2014-09-14,35.77
2014-09-15,35.22
2014-09-16,34.77
2014-09-17,34.69
2014-09-18,33.27
2014-09-19,35.95
2014-09-20,34.54
2014-09-21,34.12
2014-09-22,35.67
2014-09-23,35.05
2014-09-24,35.39
2014-09-25,35.05
2014-09-26,34.11
2014-09-27,36.76
2014-09-28,37.03
2014-09-29,37.01
2014-09-30,36.0
2014-10-01,35.99
2014-10-02,34.73
2014-10-03,34.41
2014-10-04,33.54
2014-10-05,37.37
2014-10-06,36.68
2014-10-07,37.72
2014-10-08,73.48
2014-10-09,71.23
2014-10-10,60.24
2014-10-11,51.45
2014-10-12,45.23
2014-10-13,40.41
2014-10-14,37.74
2014-10-15,35.05
2014-10-16,34.12
2014-10-17,33.82
2014-10-18,32.2
2014-10-19,32.98
2014-10-20,35.1
2014-10-21,36.66
2014-10-22,41.27
2014-10-23,39.97
2014-10-24,42.87
2014-10-25,48.14
2014-10-26,40.04
2014-10-27,38.12
2014-10-28,36.76
2014-10-29,35.05
2014-10-30,35.35
2014-10-31,34.06
2014-11-01,33.8
2014-11-02,35.0
2014-11-03,34.2
2014-11-04,35.7
2014-11-05,35.1
2014-11-06,33.5
2014-11-07,33.8
2014-11-08,34.8
2014-11-09,35.7
2014-11-10,34.3
2014-11-11,36.0
2014-11-12,36.0
2014-11-13,36.0
2014-11-14,39.6
2014-11-15,38.0
2014-11-16,37.1
2014-11-17,39.8
2014-11-18,36.4
2014-11-19,39.4
2014-11-20,35.1
2014-11-21,36.0
2014-11-22,38.0
2014-11-23,39.4
2014-11-24,41.6
2014-11-25,40.0
2014-11-26,39.4
2014-11-27,35.7
2014-11-28,34.4
2014-11-29,33.9
2014-11-30,35.35
2014-12-01,35.05
2014-12-02,35.34
2014-12-03,44.2
2014-12-04,48.12
2014-12-05,48.63
2014-12-06,45.17
2014-12-07,42.01
2014-12-08,43.78
2014-12-09,60.24
2014-12-10,59.59
2014-12-11,55.96
2014-12-12,49.23
2014-12-13,52.98
2014-12-14,52.42
2014-12-15,57.16
2014-12-16,68.39
2014-12-17,119.69
2014-12-18,113.86
2014-12-19,134.2
2014-12-20,157.14
2014-12-21,131.79
2014-12-22,109.96
2014-12-23,90.97
2014-12-24,99.19
2014-12-25,113.02
2014-12-26,110.78
2014-12-27,102.97
2014-12-28,114.81
2014-12-29,131.63
2014-12-30,139.91
2014-12-31,151.88
2015-01-01,202.13
2015-01-02,183.92
2015-01-03,175.08
2015-01-04,178.64
2015-01-05,253.16
2015-01-06,247.08
2015-01-07,223.6
2015-01-08,196.34
2015-01-09,172.23
2015-01-10,280.08
2015-01-11,286.6
2015-01-12,273.43
2015-01-13,324.92
2015-01-14,305.4
2015-01-15,231.72
2015-01-16,189.82
2015-01-17,166.9
2015-01-18,174.15
2015-01-19,214.68
2015-01-20,202.17
2015-01-21,217.78
2015-01-22,201.16
2015-01-23,194.44
2015-01-24,176.78
2015-01-25,185.11
2015-01-26,224.03
2015-01-27,259.73
2015-01-28,275.55
2015-01-29,251.12
2015-01-30,210.77
2015-01-31,226.59
2015-02-01,223.61
2015-02-02,208.82
2015-02-03,178.73
2015-02-04,155.37
2015-02-05,128.7
2015-02-06,108.36
2015-02-07,105.27
2015-02-08,105.27
2015-02-09,106.04
2015-02-10,107.6
2015-02-11,109.92
2015-02-12,113.05
2015-02-13,222.99
2015-02-14,342.68
2015-02-15,349.7
2015-02-16,334.13
2015-02-17,348.46
2015-02-18,328.36
2015-02-19,259.73
2015-02-20,219.71
2015-02-21,261.81
2015-02-22,340.07
2015-02-23,290.68
2015-02-24,324.6
2015-02-25,281.15
2015-02-26,255.01
2015-02-27,232.52
2015-02-28,248.23
2015-03-01,276.81
2015-03-02,303.51
2015-03-03,272.16
2015-03-04,277.91
2015-03-05,399.92
2015-03-06,446.14
2015-03-07,367.22
2015-03-08,331.72
2015-03-09,295.37
2015-03-10,303.51
2015-03-11,298.91
2015-03-12,286.08
2015-03-13,269.85
2015-03-14,267.58
2015-03-15,265.25
2015-03-16,238.17
2015-03-17,221.44
2015-03-18,257.27
2015-03-19,294.21
2015-03-20,325.83
2015-03-21,331.5
2015-03-22,291.84
2015-03-23,269.87
2015-03-24,228.09
2015-03-25,209.52
2015-03-26,221.49
2015-03-27,241.41
2015-03-28,204.18
2015-03-29,187.43
2015-03-30,175.15
2015-03-31,150.18
2015-04-01,164.31
2015-04-02,162.36
2015-04-03,164.3
2015-04-04,164.31
2015-04-05,156.65
2015-04-06,161.59
2015-04-07,195.72
2015-04-08,194.64
2015-04-09,203.16
2015-04-10,207.4
2015-04-11,255.97
2015-04-12,283.76
2015-04-13,268.7
2015-04-14,282.66
2015-04-15,280.22
2015-04-16,256.14
2015-04-17,252.7
2015-04-18,253.84
2015-04-19,225.86
2015-04-20,222.56
2015-04-21,213.82
2015-04-22,213.89
2015-04-23,202.01
2015-04-24,202.03
2015-04-25,194.72
2015-04-26,166.64
2015-04-27,162.47
2015-04-28,174.15
2015-04-29,169.19
2015-04-30,145.45
2015-05-01,142.72
2015-05-02,155.66
2015-05-03,142.17
2015-05-04,119.54
2015-05-05,112.35
2015-05-06,103.99
2015-05-07,101.05
2015-05-08,98.88
2015-05-09,96.05
2015-05-10,92.58
2015-05-11,93.26
2015-05-12,93.95
2015-05-13,91.21
2015-05-14,90.45
2015-05-15,91.89
2015-05-16,90.53
2015-05-17,91.21
2015-05-18,87.22
2015-05-19,87.23
2015-05-20,80.22
2015-05-21,77.16
2015-05-22,74.2
2015-05-23,71.28
2015-05-24,70.17
2015-05-25,67.94
2015-05-26,63.77
2015-05-27,63.61
2015-05-28,61.5
2015-05-29,60.68
2015-05-30,60.99
2015-05-31,58.93
2015-06-01,57.92
2015-06-02,56.42
2015-06-03,57.42
2015-06-04,55.92
2015-06-05,54.94
2015-06-06,55.43
2015-06-07,55.92
2015-06-08,53.95
2015-06-09,50.57
2015-06-10,49.62
2015-06-11,48.67
2015-06-12,49.1
2015-06-13,49.14
2015-06-14,49.14
2015-06-15,48.67
2015-06-16,47.72
2015-06-17,46.79
2015-06-18,45.85
2015-06-19,46.32
2015-06-20,44.92
2015-06-21,43.99
2015-06-22,43.99
2015-06-23,43.45
2015-06-24,43.21
2015-06-25,40.74
2015-06-26,40.91
2015-06-27,40.78
2015-06-28,39.36
2015-06-29,39.17
2015-06-30,38.96
2015-07-01,39.4
2015-07-02,38.61
2015-07-03,37.96
2015-07-04,39.98
2015-07-05,41.67
2015-07-06,47.25
2015-07-07,45.97
2015-07-08,43.65
2015-07-09,40.28
2015-07-10,39.82
2015-07-11,38.03
2015-07-12,38.43
2015-07-13,38.89
2015-07-14,38.89
2015-07-15,38.89
2015-07-16,37.96
2015-07-17,38.43
2015-07-18,37.96
2015-07-19,38.43
2015-07-20,37.01
2015-07-21,36.56
2015-07-22,35.16
2015-07-23,32.78
2015-07-24,30.87
2015-07-25,30.39
2015-07-26,32.78
2015-07-27,37.5
2015-07-28,35.16
2015-07-29,35.63
2015-07-30,34.21
2015-07-31,35.09
2015-08-01,35.22
2015-08-02,35.22
2015-08-03,35.25
2015-08-04,35.17
2015-08-05,35.16
2015-08-06,35.16
2015-08-07,35.16
2015-08-08,35.16
2015-08-09,37.96
2015-08-10,38.43
2015-08-11,37.96
2015-08-12,38.89
2015-08-13,42.13
2015-08-14,44.45
2015-08-15,45.85
2015-08-16,48.67
2015-08-17,44.45
2015-08-18,41.21
2015-08-19,41.21
2015-08-20,40.28
2015-08-21,40.74
2015-08-22,41.67
2015-08-23,42.59
2015-08-24,41.67
2015-08-25,41.67
2015-08-26,41.67
2015-08-27,41.21
2015-08-28,40.74
2015-08-29,40.74
2015-08-30,39.35
2015-08-31,36.09
2015-09-01,32.79
2015-09-02,30.87
2015-09-03,31.83
2015-09-04,31.83
2015-09-05,31.35
2015-09-06,31.83
2015-09-07,30.33
2015-09-08,30.87
2015-09-09,29.9
2015-09-10,31.83
2015-09-11,32.31
2015-09-12,32.31
2015-09-13,32.31
2015-09-14,32.31
2015-09-15,35.98
2015-09-16,37.96
2015-09-17,40.74
2015-09-18,38.89
2015-09-19,35.12
2015-09-20,43.52
2015-09-21,45.86
2015-09-22,42.54
2015-09-23,42.59
2015-09-24,41.21
2015-09-25,43.56
2015-09-26,43.9
2015-09-27,43.99
2015-09-28,43.99
2015-09-29,42.13
2015-09-30,38.88
2015-10-01,33.74
2015-10-02,32.54
2015-10-03,34.99
2015-10-04,35.63
2015-10-05,34.68
2015-10-06,34.55
2015-10-07,35.63
2015-10-08,35.16
2015-10-09,35.16
2015-10-10,34.69
2015-10-11,35.63
2015-10-12,34.69
2015-10-13,33.24
2015-10-14,32.79
2015-10-15,32.69
2015-10-16,33.22
2015-10-17,33.27
2015-10-18,34.22
2015-10-19,33.27
2015-10-20,34.21
2015-10-21,34.11
2015-10-22,36.1
2015-10-23,39.82
2015-10-24,38.89
2015-10-25,37.5
2015-10-26,36.56
2015-10-27,37.03
2015-10-28,35.16
2015-10-29,52.97
2015-10-30,54.94
2015-10-31,52.97
2015-11-01,37.7
2015-11-02,38.76
2015-11-03,39.35
2015-11-04,49.89
2015-11-05,43.19
2015-11-06,53.04
2015-11-07,53.12
2015-11-08,51.87
2015-11-09,46.49
2015-11-10,40.2
2015-11-11,38.45
2015-11-12,36.58
2015-11-13,35.62
2015-11-14,36.83
2015-11-15,37.89
2015-11-16,37.65
2015-11-17,39.92
2015-11-18,42.12
2015-11-19,56.27
2015-11-20,55.54
2015-11-21,56.37
2015-11-22,57.36
2015-11-23,48.55
2015-11-24,46.76
2015-11-25,43.05
2015-11-26,42.06
2015-11-27,38.28
2015-11-28,37.28
2015-11-29,35.63
2015-11-30,35.84
2015-12-01,65.95
2015-12-02,54.01
2015-12-03,50.1
2015-12-04,61.67
2015-12-05,70.79
2015-12-06,68.49
2015-12-07,67.39
2015-12-08,64.94
2015-12-09,67.39
2015-12-10,71.43
2015-12-11,71.43
2015-12-12,70.83
2015-12-13,74.86
2015-12-14,75.66
2015-12-15,65.86
2015-12-16,54.99
2015-12-17,62.02
2015-12-18,82.04
2015-12-19,141.76
2015-12-20,203.2
2015-12-21,187.06
2015-12-22,273.63
2015-12-23,266.3
2015-12-24,262.97
2015-12-25,254.08
2015-12-26,273.32
2015-12-27,249.68
2015-12-28,248.26
2015-12-29,223.72
2015-12-30,193.94
2015-12-31,161.39
2016-01-01,157.61
2016-01-02,134.5
2016-01-03,129.81
2016-01-04,108.08
2016-01-05,96.74
2016-01-06,98.9
2016-01-07,94.65
2016-01-08,116.34
2016-01-09,112.46
2016-01-10,120.9
2016-01-11,150.43
2016-01-12,175.57
2016-01-13,234.49
2016-01-14,233.63
2016-01-15,195.72
2016-01-16,146.37
2016-01-17,171.17
2016-01-18,223.39
2016-01-19,247.43
2016-01-20,341.72
2016-01-21,370.24
2016-01-22,250.86
2016-01-23,187.06
2016-01-24,145.03
2016-01-25,129.6
2016-01-26,127.95
2016-01-27,117.12
2016-01-28,111.24
2016-01-29,150.51
2016-01-30,179.59
2016-01-31,165.02
2016-02-01,163.6
2016-02-02,212.67
2016-02-03,277.15
2016-02-04,371.28
2016-02-05,356.55
2016-02-06,399.42
2016-02-07,396.96
2016-02-08,383.89
2016-02-09,373.16
2016-02-10,392.31
2016-02-11,344.72
2016-02-12,381.67
2016-02-13,386.4
2016-02-14,333.14
2016-02-15,260.94
2016-02-16,223.72
2016-02-17,251.72
2016-02-18,304.78
2016-02-19,284.39
2016-02-20,341.17
2016-02-21,323.59
2016-02-22,318.89
2016-02-23,414.28
2016-02-24,429.33
2016-02-25,562.16
2016-02-26,621.75
2016-02-27,465.635
2016-02-28,479.34
2016-02-29,430.57
2016-03-01,417.22
2016-03-02,335.31
2016-03-03,289.51
2016-03-04,260.67
2016-03-05,264.1
2016-03-06,241.41
2016-03-07,222.54
2016-03-08,213.82
2016-03-09,220.35
2016-03-10,236.94
2016-03-11,321.35
2016-03-12,297.7
2016-03-13,304.72
2016-03-14,286.15
2016-03-15,233.61
2016-03-16,206.42
2016-03-17,182.38
2016-03-18,166.36
2016-03-19,151.9
2016-03-20,159.48
2016-03-21,155.66
2016-03-22,153.78
2016-03-23,146.35
2016-03-24,150.03
2016-03-25,135.67
2016-03-26,132.97
2016-03-27,131.24
2016-03-28,130.44
2016-03-29,137.41
2016-03-30,141.07
2016-03-31,123.63
2016-04-01,116.34
2016-04-02,104.78
2016-04-03,110.8
2016-04-04,126.27
2016-04-05,120.45
2016-04-06,111.58
2016-04-07,160.36
2016-04-08,150.03
2016-04-09,156.65
2016-04-10,149.15
2016-04-11,132.98
2016-04-12,150.03
2016-04-13,150.04
2016-04-14,127.84
2016-04-15,117.15
2016-04-16,112.35
2016-04-17,132.11
2016-04-18,126.97
2016-04-19,152.77
2016-04-20,165.27
2016-04-21,156.73
2016-04-22,166.28
2016-04-23,142.74
2016-04-24,126.98
2016-04-25,110.8
2016-04-26,100.34
2016-04-27,93.26
2016-04-28,86.57
2016-04-29,80.83
2016-04-30,80.83
2016-05-01,78.37
2016-05-02,76.56
2016-05-03,70.73
2016-05-04,70.17
2016-05-05,67.94
2016-05-06,63.75
2016-05-07,64.68
2016-05-08,63.08
2016-05-09,61.5
2016-05-10,60.47
2016-05-11,59.44
2016-05-12,57.42
2016-05-13,56.91
2016-05-14,57.92
2016-05-15,58.43
2016-05-16,58.93
2016-05-17,57.92
2016-05-18,56.43
2016-05-19,53.93
2016-05-20,52.95
2016-05-21,52.49
2016-05-22,51.07
2016-05-23,52.01
2016-05-24,51.05
2016-05-25,52.5
2016-05-26,54.09
2016-05-27,52.01
2016-05-28,50.08
2016-05-29,48.29
2016-05-30,46.79
2016-05-31,45.88
2016-06-01,46.32
2016-06-02,45.88
2016-06-03,44.95
2016-06-04,44.45
2016-06-05,44.45
2016-06-06,43.99
2016-06-07,43.06
2016-06-08,42.59
2016-06-09,42.59
2016-06-10,42.59
2016-06-11,41.67
2016-06-12,41.67
2016-06-13,41.66
2016-06-14,40.28
2016-06-15,39.36
2016-06-16,39.36
2016-06-17,37.96
2016-06-18,38.89
2016-06-19,37.96
2016-06-20,37.96
2016-06-21,37.96
2016-06-22,37.51
2016-06-23,36.56
2016-06-24,36.09
2016-06-25,37.96
2016-06-26,37.96
2016-06-27,37.96
2016-06-28,37.96
2016-06-29,38.13
2016-06-30,38.05
2016-07-01,36.31
2016-07-02,36.56
2016-07-03,36.1
2016-07-04,36.59
2016-07-05,34.22
2016-07-06,34.33
2016-07-07,34.95
2016-07-08,41.15
2016-07-09,47.35
2016-07-10,50.7
2016-07-11,50.85
2016-07-12,47.15
2016-07-13,46.03
2016-07-14,45.5
2016-07-15,45.5
2016-07-16,45.65
2016-07-17,45.44
2016-07-18,45.44
2016-07-19,43.99
2016-07-20,43.52
2016-07-21,44.04
2016-07-22,42.13
2016-07-23,42.13
2016-07-24,42.13
2016-07-25,42.59
2016-07-26,42.87
2016-07-27,42.59
2016-07-28,42.59
2016-07-29,42.59
2016-07-30,42.59
2016-07-31,40.56
2016-08-01,40.74
2016-08-02,40.74
2016-08-03,40.28
2016-08-04,37.96
2016-08-05,37.03
2016-08-06,36.09
2016-08-07,37.5
2016-08-08,37.5
2016-08-09,35.86
2016-08-10,36.55
2016-08-11,36.55
2016-08-12,35.85
2016-08-13,35.16
2016-08-14,35.86
2016-08-15,35.86
2016-08-16,35.16
2016-08-17,35.16
2016-08-18,34.69
2016-08-19,34.69
2016-08-20,34.69
2016-08-21,35.16
2016-08-22,36.1
2016-08-23,35.16
2016-08-24,34.21
2016-08-25,34.21
2016-08-26,36.55
2016-08-27,35.38
2016-08-28,34.21
2016-08-29,35.19
2016-08-30,34.69
2016-08-31,34.25
2016-09-01,32.79
2016-09-02,32.31
2016-09-03,32.31
2016-09-04,32.31
2016-09-05,31.28
2016-09-06,31.35
2016-09-07,30.39
2016-09-08,29.41
2016-09-09,29.41
2016-09-10,27.43
2016-09-11,28.43
2016-09-12,28.43
2016-09-13,28.92
2016-09-14,29.41
2016-09-15,28.92
2016-09-16,33.74
2016-09-17,33.74
2016-09-18,33.27
2016-09-19,33.27
2016-09-20,33.27
2016-09-21,34.2
2016-09-22,36.1
2016-09-23,34.69
2016-09-24,34.69
2016-09-25,36.56
2016-09-26,38.43
2016-09-27,41.67
2016-09-28,41.67
2016-09-29,40.28
2016-09-30,38.43
2016-10-01,37.5
2016-10-02,37.5
2016-10-03,41.67
2016-10-04,44.45
2016-10-05,48.2
2016-10-06,51.53
2016-10-07,46.32
2016-10-08,43.52
2016-10-09,41.21
2016-10-10,42.59
2016-10-11,42.6
2016-10-12,44.95
2016-10-13,50.58
2016-10-14,53.47
2016-10-15,57.67
2016-10-16,47.72
2016-10-17,48.2
2016-10-18,59.44
2016-10-19,54.93
2016-10-20,54.93
2016-10-21,54.93
2016-10-22,56.42
2016-10-23,55.92
2016-10-24,50.04
2016-10-25,45.85
2016-10-26,44.48
2016-10-27,50.1
2016-10-28,52.19
2016-10-29,55.12
2016-10-30,53.47
2016-10-31,50.09
2016-11-01,48.79
2016-11-02,45.85
2016-11-03,42.95
2016-11-04,42.59
2016-11-05,43.52
2016-11-06,50.1
2016-11-07,46.32
2016-11-08,43.47
2016-11-09,45.87
2016-11-10,50.58
2016-11-11,49.14
2016-11-12,47.72
2016-11-13,42.14
2016-11-14,40.28
2016-11-15,37.96
2016-11-16,38.89
2016-11-17,36.56
2016-11-18,41.67
2016-11-19,43.06
2016-11-20,44.02
2016-11-21,44.46
2016-11-22,43.56
2016-11-23,40.28
2016-11-24,37.27
2016-11-25,37.82
2016-11-26,35.86
2016-11-27,34.57
2016-11-28,37.45
2016-11-29,40.28
2016-11-30,40.28
2016-12-01,42.13
2016-12-02,56.08
2016-12-03,54.44
2016-12-04,66.65
2016-12-05,56.08
2016-12-06,93.96
2016-12-07,94.64
2016-12-08,98.27
2016-12-09,98.88
2016-12-10,90.65
2016-12-11,70.79
2016-12-12,70.1
2016-12-13,64.68
2016-12-14,62.05
2016-12-15,53.85
2016-12-16,55.92
2016-12-17,58.43
2016-12-18,52.98
2016-12-19,50.78
2016-12-20,54.99
2016-12-21,58.94
2016-12-22,55.92
2016-12-23,55.94
2016-12-24,55.43
2016-12-25,54.44
2016-12-26,54.08
2016-12-27,53.9
2016-12-28,55.54
2016-12-29,70.03
2016-12-30,73.03
2016-12-31,78.41
2017-01-01,80.73
2017-01-02,84.62
2017-01-03,78.98
2017-01-04,89.45
2017-01-05,97.48
2017-01-06,117.16
2017-01-07,140.02
2017-01-08,171.17
2017-01-09,214.16
2017-01-10,218.16
2017-01-11,186.36
2017-01-12,159.49
2017-01-13,157.65
2017-01-14,150.33
2017-01-15,179.5
2017-01-16,218.16
2017-01-17,195.12
2017-01-18,176.16
2017-01-19,165.27
2017-01-20,139.18
2017-01-21,137.51
2017-01-22,126.13
2017-01-23,114.71
2017-01-24,141.82
2017-01-25,168.8
2017-01-26,147.34
2017-01-27,152.84
2017-01-28,177.49
2017-01-29,137.51
2017-01-30,127.82
2017-01-31,128.31
2017-02-01,108.52
2017-02-02,104.89
2017-02-03,84.42
2017-02-04,83.98
2017-02-05,81.45
2017-02-06,77.16
2017-02-07,82.71
2017-02-08,89.86
2017-02-09,89.88
2017-02-10,93.96
2017-02-11,92.58
2017-02-12,98.17
2017-02-13,113.18
2017-02-14,99.68
2017-02-15,94.1
2017-02-16,82.08
2017-02-17,124.25
2017-02-18,126.13
2017-02-19,128.7
2017-02-20,145.02
2017-02-21,169.63
2017-02-22,151.9
2017-02-23,199.49
2017-02-24,225.24
2017-02-25,246.48
2017-02-26,282.56
2017-02-27,268.72
2017-02-28,308.2
2017-03-01,289.51
2017-03-02,283.89
2017-03-03,321.32
2017-03-04,331.72
2017-03-05,440.17
2017-03-06,407.69
2017-03-07,351.85
2017-03-08,392.35
2017-03-09,371.97
2017-03-10,324.57
2017-03-11,243.66
2017-03-12,221.44
2017-03-13,202.03
2017-03-14,195.68
2017-03-15,192.68
2017-03-16,230.33
2017-03-17,253.22
2017-03-18,230.33
2017-03-19,215.99
2017-03-20,189.5
2017-03-21,160.6
2017-03-22,146.35
2017-03-23,174.17
2017-03-24,213.84
2017-03-25,295.55
2017-03-26,282.56
2017-03-27,264.1
2017-03-28,235.82
2017-03-29,243.87
2017-03-30,301.3
2017-03-31,281.43
2017-04-01,279.12
2017-04-02,384.06
2017-04-03,342.87
2017-04-04,321.12
2017-04-05,286.1
2017-04-06,265.26
2017-04-07,234.73
2017-04-08,218.16
2017-04-09,204.14
2017-04-10,186.47
2017-04-11,200.0
2017-04-12,214.08
2017-04-13,218.23
2017-04-14,183.37
2017-04-15,163.33
2017-04-16,164.31
2017-04-17,158.53
2017-04-18,172.64
2017-04-19,156.68
2017-04-20,146.57
2017-04-21,125.29
2017-04-22,111.58
2017-04-23,111.58
2017-04-24,110.02
2017-04-25,114.73
2017-04-26,111.61
2017-04-27,108.49
2017-04-28,111.58
2017-04-29,139.25
2017-04-30,148.69
2017-05-01,122.89
2017-05-02,109.28
2017-05-03,108.5
2017-05-04,97.47
2017-05-05,93.28
2017-05-06,87.88
2017-05-07,83.99
2017-05-08,81.46
2017-05-09,80.19
2017-05-10,75.97
2017-05-11,74.78
2017-05-12,70.17
2017-05-13,70.17
2017-05-14,69.61
2017-05-15,67.38
2017-05-16,69.61
2017-05-17,69.61
2017-05-18,70.74
2017-05-19,68.51
2017-05-20,64.18
2017-05-21,60.47
2017-05-22,60.47
2017-05-23,63.69
2017-05-24,74.2
2017-05-25,79.6
2017-05-26,79.04
2017-05-27,74.78
2017-05-28,72.45
2017-05-29,70.73
2017-05-30,69.05
2017-05-31,65.75
2017-06-01,66.43
2017-06-02,64.15
2017-06-03,61.0
2017-06-04,59.44
2017-06-05,55.92
2017-06-06,53.46
2017-06-07,52.01
2017-06-08,49.14
2017-06-09,48.19
2017-06-10,48.67
2017-06-11,49.14
2017-06-12,45.88
2017-06-13,44.34
2017-06-14,43.72
2017-06-15,42.94
2017-06-16,41.89
2017-06-17,42.13
2017-06-18,41.12
2017-06-19,40.53
2017-06-20,40.6
2017-06-21,39.66
2017-06-22,39.82
2017-06-23,39.08
2017-06-24,37.86
2017-06-25,38.43
2017-06-26,38.43
2017-06-27,38.05
2017-06-28,37.5
2017-06-29,37.5
2017-06-30,37.5
2017-07-01,37.5
2017-07-02,39.81
2017-07-03,42.13
2017-07-04,38.24
2017-07-05,37.08
2017-07-06,36.02
2017-07-07,35.21
2017-07-08,34.63
2017-07-09,34.83
2017-07-10,34.65
2017-07-11,34.25
2017-07-12,33.74
2017-07-13,32.89
2017-07-14,32.31
2017-07-15,32.31
2017-07-16,32.31
2017-07-17,32.31
2017-07-18,32.31
2017-07-19,32.31
2017-07-20,31.85
2017-07-21,30.39
2017-07-22,30.87
2017-07-23,32.31
2017-07-24,31.35
2017-07-25,32.31
2017-07-26,31.83
2017-07-27,31.83
2017-07-28,31.83
2017-07-29,31.35
2017-07-30,31.33
2017-07-31,31.35
2017-08-01,31.83
2017-08-02,32.31
2017-08-03,32.26
2017-08-04,31.35
2017-08-05,31.35
2017-08-06,31.35
2017-08-07,31.35
2017-08-08,31.35
2017-08-09,30.87
2017-08-10,30.39
2017-08-11,30.39
2017-08-12,29.9
2017-08-13,29.41
2017-08-14,29.41
2017-08-15,28.92
2017-08-16,28.92
2017-08-17,29.9
2017-08-18,35.15
2017-08-19,34.2
2017-08-20,35.63
2017-08-21,33.28
2017-08-22,31.83
2017-08-23,30.41
2017-08-24,29.4
2017-08-25,30.47
2017-08-26,29.9
2017-08-27,30.38
2017-08-28,30.9
2017-08-29,32.31
2017-08-30,31.88
2017-08-31,32.79
2017-09-01,33.27
2017-09-02,32.79
2017-09-03,32.79
2017-09-04,33.3
2017-09-05,34.17
2017-09-06,34.4
2017-09-07,35.45
2017-09-08,35.46
2017-09-09,35.56
2017-09-10,36.69
2017-09-11,37.49
2017-09-12,37.08
2017-09-13,36.69
2017-09-14,39.39
2017-09-15,43.52
2017-09-16,42.13
2017-09-17,42.72
2017-09-18,42.59
2017-09-19,42.18
2017-09-20,41.35
2017-09-21,38.94
2017-09-22,37.96
2017-09-23,36.56
2017-09-24,35.16
2017-09-25,32.39
2017-09-26,31.41
2017-09-27,31.43
2017-09-28,31.35
2017-09-29,33.14
2017-09-30,37.96
2017-10-01,37.17
2017-10-02,37.06
2017-10-03,36.12
2017-10-04,34.03
2017-10-05,33.55
2017-10-06,31.83
2017-10-07,31.81
2017-10-08,33.5
2017-10-09,33.27
2017-10-10,37.47
2017-10-11,41.21
2017-10-12,41.21
2017-10-13,43.99
2017-10-14,43.52
2017-10-15,51.7
2017-10-16,55.41
2017-10-17,55.76
2017-10-18,55.67
2017-10-19,54.65
2017-10-20,49.63
2017-10-21,46.48
2017-10-22,43.62
2017-10-23,42.23
2017-10-24,44.73
2017-10-25,41.77
2017-10-26,44.35
2017-10-27,44.36
2017-10-28,43.93
2017-10-29,46.79
2017-10-30,42.21
2017-10-31,40.41
2017-11-01,37.03
2017-11-02,36.1
2017-11-03,35.63
2017-11-04,34.68
2017-11-05,42.6
2017-11-06,40.75
2017-11-07,40.74
2017-11-08,42.72
2017-11-09,48.51
2017-11-10,42.99
2017-11-11,40.76
2017-11-12,49.26
2017-11-13,74.46
2017-11-14,92.59
2017-11-15,88.6
2017-11-16,70.05
2017-11-17,64.63
2017-11-18,75.45
2017-11-19,79.6
2017-11-20,76.59
2017-11-21,70.18
2017-11-22,58.97
2017-11-23,49.62
2017-11-24,46.32
2017-11-25,45.44
2017-11-26,42.13
2017-11-27,40.87
2017-11-28,46.96
2017-11-29,47.26
2017-11-30,53.21
2017-12-01,59.01
2017-12-02,55.43
2017-12-03,56.44
2017-12-04,54.08
2017-12-05,56.96
2017-12-06,57.02
2017-12-07,64.43
2017-12-08,56.91
2017-12-09,55.92
2017-12-10,56.91
2017-12-11,56.42
2017-12-12,53.01
2017-12-13,46.79
2017-12-14,43.53
2017-12-15,47.74
2017-12-16,44.92
2017-12-17,51.09
2017-12-18,53.5
2017-12-19,65.62
2017-12-20,69.8
2017-12-21,74.62
2017-12-22,99.54
2017-12-23,110.66
2017-12-24,86.67
2017-12-25,81.06
2017-12-26,93.95
2017-12-27,85.93
2017-12-28,127.53
2017-12-29,143.62
2017-12-30,142.72
2017-12-31,179.2
2018-01-01,178.45
2018-01-02,161.96
2018-01-03,184.3
2018-01-04,253.85
2018-01-05,308.23
2018-01-06,264.15
2018-01-07,256.14
2018-01-08,252.76
2018-01-09,181.36
2018-01-10,208.42
2018-01-11,213.84
2018-01-12,229.32
2018-01-13,234.99
2018-01-14,301.33
2018-01-15,271.01
2018-01-16,257.24
2018-01-17,244.82
2018-01-18,267.68
2018-01-19,253.9
2018-01-20,247.06
2018-01-21,286.03
2018-01-22,308.51
2018-01-23,303.54
2018-01-24,259.54
2018-01-25,230.31
2018-01-26,198.89
2018-01-27,173.2
2018-01-28,163.35
2018-01-29,144.58
2018-01-30,135.65
2018-01-31,127.04
2018-02-01,127.08
2018-02-02,121.97
2018-02-03,121.97
2018-02-04,131.25
2018-02-05,162.39
2018-02-06,156.79
2018-02-07,130.39
2018-02-08,185.37
2018-02-09,260.4
2018-02-10,248.41
2018-02-11,330.84
2018-02-12,476.62
2018-02-13,398.27
2018-02-14,360.1
2018-02-15,356.55
2018-02-16,316.42
2018-02-17,409.25
2018-02-18,479.07
2018-02-19,416.22
2018-02-20,324.67
2018-02-21,348.26
2018-02-22,524.39
2018-02-23,560.85
2018-02-24,548.44
2018-02-25,538.51
2018-02-26,480.33
2018-02-27,400.62
2018-02-28,343.53
2018-03-01,343.53
2018-03-02,314.07
2018-03-03,309.34
2018-03-04,294.18
2018-03-05,323.47
2018-03-06,270.53
2018-03-07,260.68
2018-03-08,273.3
2018-03-09,324.35
2018-03-10,379.12
2018-03-11,436.99
2018-03-12,444.99
2018-03-13,533.08
2018-03-14,641.06
2018-03-15,593.5
2018-03-16,532.09
2018-03-17,600.01
2018-03-18,486.57
2018-03-19,453.44
2018-03-20,385.04
2018-03-21,371.47
2018-03-22,364.87
2018-03-23,375.86
2018-03-24,366.05
2018-03-25,331.75
2018-03-26,274.54
2018-03-27,252.74
2018-03-28,235.83
2018-03-29,236.94
2018-03-30,274.75
2018-03-31,211.7
2018-04-01,215.13
2018-04-02,178.24
2018-04-03,163.34
2018-04-04,159.48
2018-04-05,157.56
2018-04-06,150.03
2018-04-07,139.15
2018-04-08,136.48
2018-04-09,132.11
2018-04-10,124.46
2018-04-11,127.01
2018-04-12,126.98
2018-04-13,124.47
2018-04-14,123.63
2018-04-15,121.15
2018-04-16,109.6
2018-04-17,102.715
2018-04-18,98.88
2018-04-19,91.21
2018-04-20,85.99
2018-04-21,85.93
2018-04-22,84.62
2018-04-23,83.36
2018-04-24,95.34
2018-04-25,95.45
2018-04-26,91.92
2018-04-27,90.54
2018-04-28,90.57
2018-04-29,96.76
2018-04-30,95.34
2018-05-01,91.21
2018-05-02,88.55
2018-05-03,81.46
2018-05-04,83.35
2018-05-05,80.21
2018-05-06,78.98
2018-05-07,78.39
2018-05-08,77.175
2018-05-09,73.62
2018-05-10,71.57
2018-05-11,69.05
2018-05-12,65.75
2018-05-13,66.29
2018-05-14,64.88
2018-05-15,61.38
2018-05-16,60.48
2018-05-17,59.44
2018-05-18,57.25
2018-05-19,56.92
2018-05-20,56.42
2018-05-21,56.42
2018-05-22,54.44
2018-05-23,53.46
2018-05-24,51.5
2018-05-25,51.05
2018-05-26,51.05
2018-05-27,50.09
2018-05-28,50.09
2018-05-29,49.14
2018-05-30,47.72
2018-05-31,46.79
2018-06-01,46.99
2018-06-02,47.3
2018-06-03,53.8
2018-06-04,69.11
2018-06-05,65.67
2018-06-06,61.49
2018-06-07,55.94
2018-06-08,53.93
2018-06-09,51.46
2018-06-10,54.42
2018-06-11,61.87
2018-06-12,69.66
2018-06-13,71.32
2018-06-14,65.23
2018-06-15,59.97
2018-06-16,55.92
2018-06-17,54.93
2018-06-18,53.95
2018-06-19,51.53
2018-06-20,50.1
2018-06-21,49.14
2018-06-22,48.23
2018-06-23,47.7
2018-06-24,47.23
2018-06-25,45.87
2018-06-26,43.54
2018-06-27,42.25
2018-06-28,42.31
2018-06-29,41.85
2018-06-30,41.68
2018-07-01,41.68
2018-07-02,40.33
2018-07-03,39.82
2018-07-04,38.47
2018-07-05,37.13
2018-07-06,36.6
2018-07-07,36.48
2018-07-08,36.98
2018-07-09,35.63
2018-07-10,35.71
2018-07-11,36.56
2018-07-12,38.89
2018-07-13,38.76
2018-07-14,39.75
2018-07-15,38.24
2018-07-16,37.96
2018-07-17,37.22
2018-07-18,37.56
2018-07-19,39.35
2018-07-20,41.71
2018-07-21,46.17
2018-07-22,54.23
2018-07-23,58.54
2018-07-24,59.96
2018-07-25,58.94
2018-07-26,58.425
2018-07-27,56.92
2018-07-28,54.93
2018-07-29,52.49
2018-07-30,53.385
2018-07-31,53.46
2018-08-01,52.01
2018-08-02,52.01
2018-08-03,50.215
2018-08-04,46.135
2018-08-05,46.59
2018-08-06,50.945
2018-08-07,50.425
2018-08-08,51.19
2018-08-09,55.14
2018-08-10,53.375
2018-08-11,50.14
2018-08-12,50.145
2018-08-13,50.15
2018-08-14,44.85
2018-08-15,43.52
2018-08-16,39.82
2018-08-17,36.56
2018-08-18,35.63
2018-08-19,35.15
2018-08-20,36.56
2018-08-21,37.96
2018-08-22,36.56
2018-08-23,34.2
2018-08-24,33.34
2018-08-25,34.01
2018-08-26,34.2
2018-08-27,33.02
2018-08-28,31.38
2018-08-29,32.97
2018-08-30,32.86
2018-08-31,32.44
2018-09-01,32.71
2018-09-02,32.52
2018-09-03,31.69
2018-09-04,31.35
2018-09-05,30.38
2018-09-06,30.38
2018-09-07,29.41
2018-09-08,29.41
2018-09-09,29.9
2018-09-10,29.9
2018-09-11,29.47
2018-09-12,29.47
2018-09-13,29.41
2018-09-14,29.75
2018-09-15,30.73
2018-09-16,30.8
2018-09-17,31.45
2018-09-18,32.31
2018-09-19,30.93
2018-09-20,30.83
2018-09-21,30.45
2018-09-22,30.77
2018-09-23,34.73
2018-09-24,36.13
2018-09-25,36.09
2018-09-26,36.56
2018-09-27,43.06
2018-09-28,43.985
2018-09-29,43.52
2018-09-30,42.95
2018-10-01,42.6
2018-10-02,41.67
2018-10-03,38.42
2018-10-04,40.28
2018-10-05,44.92
2018-10-06,47.2
2018-10-07,50.49
2018-10-08,47.29
2018-10-09,46.88
2018-10-10,44.28
2018-10-11,49.89
2018-10-12,60.32
2018-10-13,77.35
2018-10-14,73.67
2018-10-15,68.49
2018-10-16,72.46
2018-10-17,72.45
2018-10-18,71.88
2018-10-19,70.73
2018-10-20,75.975
2018-10-21,77.185
2018-10-22,72.46
2018-10-23,66.34
2018-10-24,80.63
2018-10-25,95.31
2018-10-26,109.5
2018-10-27,123.79
2018-10-28,131.08
2018-10-29,119.26
2018-10-30,98.2
2018-10-31,90.54
2018-11-01,103.78
2018-11-02,106.22
2018-11-03,98.87
2018-11-04,131.07
2018-11-05,118.1
2018-11-06,112.35
2018-11-07,111.57
2018-11-08,112.35
2018-11-09,114.71
2018-11-10,114.71
2018-11-11,112.35
2018-11-12,94.73
2018-11-13,80.83
2018-11-14,78.39
2018-11-15,77.16
2018-11-16,96.03
2018-11-17,115.04
2018-11-18,94.81
2018-11-19,93.96
2018-11-20,90.08
2018-11-21,98.16
2018-11-22,118.77
2018-11-23,117.92
2018-11-24,86.26
2018-11-25,77.18
2018-11-26,74.19
2018-11-27,97.45
2018-11-28,101.95
2018-11-29,95.48
2018-11-30,108.5
2018-12-01,84.91
2018-12-02,69.66
2018-12-03,65.21
2018-12-04,61.5
2018-12-05,54.45
2018-12-06,53.085
2018-12-07,52.02
2018-12-08,52.61
2018-12-09,54.025
2018-12-10,54.41
2018-12-11,52.51
2018-12-12,50.45
2018-12-13,50.71
2018-12-14,51.01
2018-12-15,55.76
2018-12-16,55.585
2018-12-17,69.13
2018-12-18,83.26
2018-12-19,94.65
2018-12-20,131.84
2018-12-21,115.53
2018-12-22,112.21
2018-12-23,94.65
2018-12-24,89.91
2018-12-25,90.54
2018-12-26,111.05
2018-12-27,112.46
2018-12-28,113.93
2018-12-29,119.52
2018-12-30,123.63
2018-12-31,121.17
2019-01-01,119.52
2019-01-02,121.15
2019-01-03,100.38
2019-01-04,146.93
2019-01-05,263.38
2019-01-06,229.19
2019-01-07,203.25
2019-01-08,142.39
2019-01-09,132.99
2019-01-10,148.34
2019-01-11,142.94
2019-01-12,143.62
2019-01-13,174.17
2019-01-14,181.29
2019-01-15,161.54
2019-01-16,154.72
2019-01-17,144.58
2019-01-18,210.66
2019-01-19,171.82
2019-01-20,184.48
2019-01-21,214.91
2019-01-22,201.25
2019-01-23,200.1
2019-01-24,171.3
2019-01-25,154.75
2019-01-26,138.37
2019-01-27,117.6
2019-01-28,115.53
2019-01-29,172.16
2019-01-30,239.39
2019-01-31,298.93
2019-02-01,311.73
2019-02-02,310.55
2019-02-03,406.78
2019-02-04,448.55
2019-02-05,348.26
2019-02-06,296.53
2019-02-07,276.78
2019-02-08,274.64
2019-02-09,241.42
2019-02-10,243.68
2019-02-11,269.89
2019-02-12,328.42
2019-02-13,345.91
2019-02-14,302.42
2019-02-15,284.95
2019-02-16,311.72
2019-02-17,369.69
2019-02-18,544.94
2019-02-19,413.7
2019-02-20,460.1
2019-02-21,417.27
2019-02-22,364.85
2019-02-23,332.91
2019-02-24,283.75
2019-02-25,252.76
2019-02-26,240.29
2019-02-27,253.96
2019-02-28,322.44
2019-03-01,314.11
2019-03-02,256.2
2019-03-03,250.55
2019-03-04,213.84
2019-03-05,207.35
2019-03-06,253.03
2019-03-07,207.36
2019-03-08,187.4
2019-03-09,181.25
2019-03-10,170.19
2019-03-11,172.27
2019-03-12,265.71
2019-03-13,255.15
2019-03-14,238.06
2019-03-15,238.08
2019-03-16,226.94
2019-03-17,221.45
2019-03-18,243.95
2019-03-19,410.63
2019-03-20,436.925
2019-03-21,388.63
2019-03-22,366.88
2019-03-23,355.365
2019-03-24,328.18
2019-03-25,369.76
2019-03-26,358.93
2019-03-27,321.12
2019-03-28,329.4
2019-03-29,310.55
2019-03-30,308.26
2019-03-31,276.9
2019-04-01,247.05
2019-04-02,239.19
2019-04-03,235.05
2019-04-04,235.87
2019-04-05,205.29
2019-04-06,175.2
2019-04-07,163.32
2019-04-08,151.01
2019-04-09,150.06
2019-04-10,147.28
2019-04-11,133.84
2019-04-12,118.72
2019-04-13,111.57
2019-04-14,102.54
2019-04-15,103.24
2019-04-16,99.59
2019-04-17,98.92
2019-04-18,110.035
2019-04-19,112.46
2019-04-20,105.46
2019-04-21,108.49
2019-04-22,106.21
2019-04-23,106.22
2019-04-24,103.26
2019-04-25,101.05
2019-04-26,96.05
2019-04-27,93.95
2019-04-28,93.95
2019-04-29,90.54
2019-04-30,91.21
2019-05-01,108.94
2019-05-02,93.33
2019-05-03,87.9
2019-05-04,81.49
2019-05-05,77.16
2019-05-06,91.21
2019-05-07,93.32
2019-05-08,81.48
2019-05-09,77.16
2019-05-10,75.38
2019-05-11,73.03
2019-05-12,86.81
2019-05-13,77.18
2019-05-14,83.01
2019-05-15,77.76
2019-05-16,109.68
2019-05-17,67.95
2019-05-18,63.61
2019-05-19,62.03
2019-05-20,59.04
2019-05-21,55.43
2019-05-22,56.92
2019-05-23,54.94
2019-05-24,54.45
2019-05-25,54.44
2019-05-26,52.97
2019-05-27,51.955
2019-05-28,51.96
2019-05-29,51.955
2019-05-30,48.885
2019-05-31,49.14
2019-06-01,48.67
2019-06-02,46.1
2019-06-03,47.72
2019-06-04,46.79
2019-06-05,45.85
2019-06-06,45.385
2019-06-07,43.99
2019-06-08,43.06
2019-06-09,42.13
2019-06-10,42.4
2019-06-11,42.74
2019-06-12,42.46
2019-06-13,42.5
2019-06-14,42.04
2019-06-15,42.65
2019-06-16,43.52
2019-06-17,42.85
2019-06-18,42.17
2019-06-19,44.66
2019-06-20,45.04
2019-06-21,45.23
2019-06-22,45.4
2019-06-23,44.17
2019-06-24,44.49
2019-06-25,44.45
2019-06-26,43.19
2019-06-27,44.45
2019-06-28,44.92
2019-06-29,44.45
2019-06-30,43.99
2019-07-01,44.6
2019-07-02,43.76
2019-07-03,44.55
2019-07-04,42.51
2019-07-05,43.05
2019-07-06,42.7
2019-07-07,41.18
2019-07-08,41.08
2019-07-09,39.94
2019-07-10,39.8
2019-07-11,39.14
2019-07-12,38.47
2019-07-13,39.815
2019-07-14,40.8
2019-07-15,42.74
2019-07-16,42.59
2019-07-17,44.55
2019-07-18,43.52
2019-07-19,44.92
2019-07-20,43.99
2019-07-21,43.99
2019-07-22,42.86
2019-07-23,42.84
2019-07-24,44.64
2019-07-25,46.73
2019-07-26,47.24
2019-07-27,45.9
2019-07-28,47.24
2019-07-29,44.65
2019-07-30,43.23
2019-07-31,42.08
2019-08-01,42.17
2019-08-02,41.36
2019-08-03,40.75
2019-08-04,39.82
2019-08-05,38.08
2019-08-06,37.83
2019-08-07,37.5
2019-08-08,36.56
2019-08-09,38.51
2019-08-10,37.76
2019-08-11,37.5
2019-08-12,36.64
2019-08-13,36.71
2019-08-14,36.31
2019-08-15,36.13
2019-08-16,35.8
2019-08-17,35.46
2019-08-18,32.31
2019-08-19,35.85
2019-08-20,35.76
2019-08-21,35.3
2019-08-22,35.12
2019-08-23,34.67
2019-08-24,33.6
2019-08-25,33.43
2019-08-26,34.32
2019-08-27,34.22
2019-08-28,33.27
2019-08-29,36.1
2019-08-30,34.22
2019-08-31,34.375
2019-09-01,36.095
2019-09-02,36.16
2019-09-03,35.83
2019-09-04,35.54
2019-09-05,37.19
2019-09-06,36.59
2019-09-07,35.795
2019-09-08,35.41
2019-09-09,34.435
2019-09-10,33.67
2019-09-11,33.23
2019-09-12,33.93
2019-09-13,33.81
2019-09-14,35.64
2019-09-15,33.72
2019-09-16,32.79
2019-09-17,32.79
2019-09-18,31.9
2019-09-19,32.78
2019-09-20,32.31
2019-09-21,34.31
2019-09-22,35.37
2019-09-23,33.61
2019-09-24,32.44
2019-09-25,32.15
2019-09-26,30.58
2019-09-27,29.27
2019-09-28,30.25
2019-09-29,33.43
2019-09-30,33.24
2019-10-01,36.4
2019-10-02,39.76
2019-10-03,39.86
2019-10-04,41.76
2019-10-05,41.205
2019-10-06,49.14
2019-10-07,45.52
2019-10-08,41.86
2019-10-09,37.97
2019-10-10,36.36
2019-10-11,34.86
2019-10-12,33.97
2019-10-13,36.3
2019-10-14,32.08
2019-10-15,35.05
2019-10-16,34.45
2019-10-17,37.12
2019-10-18,53.92
2019-10-19,70.69
2019-10-20,69.81
2019-10-21,56.75
2019-10-22,48.81
2019-10-23,46.09
2019-10-24,41.15
2019-10-25,36.8
2019-10-26,35.75
2019-10-27,39.65
2019-10-28,37.03
2019-10-29,38.19
2019-10-30,34.76
2019-10-31,34.31
2019-11-01,34.49
2019-11-02,42.41
2019-11-03,50.1
2019-11-04,49.72
2019-11-05,57.41
2019-11-06,79.26
2019-11-07,74.99
2019-11-08,79.2
2019-11-09,76.82
2019-11-10,82.59
2019-11-11,108.98
2019-11-12,157.59
2019-11-13,122.89
2019-11-14,105.66
2019-11-15,103.35
2019-11-16,110.32
2019-11-17,106.965
2019-11-18,132.425
2019-11-19,158.515
2019-11-20,135.645
2019-11-21,109.315
2019-11-22,108.935
2019-11-23,98.245
2019-11-24,107.11
2019-11-25,99.955
2019-11-26,89.87
2019-11-27,91.28
2019-11-28,92.89
2019-11-29,81.325
2019-11-30,77.01
2019-12-01,77.0
2019-12-02,77.1
2019-12-03,93.855
2019-12-04,165.555
2019-12-05,187.87
2019-12-06,262.29
2019-12-07,264.74
2019-12-08,337.695
2019-12-09,226.04
2019-12-10,184.415
2019-12-11,168.435
2019-12-12,152.955
2019-12-13,142.715
2019-12-14,141.88
2019-12-15,132.9
2019-12-16,155.32
2019-12-17,173.47
2019-12-18,168.365
2019-12-19,197.36
2019-12-20,397.22
2019-12-21,305.06
2019-12-22,312.15
2019-12-23,249.795
2019-12-24,272.4
2019-12-25,353.59
2019-12-26,301.575
2019-12-27,258.45
2019-12-28,242.535
2019-12-29,209.485
2019-12-30,231.37
2019-12-31,234.84
2020-01-01,257.385
2020-01-02,351.855
2020-01-03,419.0
2020-01-04,460.68
2020-01-05,632.895
2020-01-06,730.665
2020-01-07,493.21
2020-01-08,404.47
2020-01-09,288.635
2020-01-10,266.53
2020-01-11,234.84
2020-01-12,283.89
2020-01-13,223.32
2020-01-14,209.495
2020-01-15,255.29
2020-01-16,280.25
2020-01-17,266.395
2020-01-18,220.41
2020-01-19,197.795
2020-01-20,189.44
2020-01-21,218.26
2020-01-22,276.09
2020-01-23,293.26
2020-01-24,335.58
2020-01-25,258.03
2020-01-26,216.905
2020-01-27,192.65
2020-01-28,199.74
2020-01-29,220.61
2020-01-30,204.87
2020-01-31,196.73
2020-02-01,252.39
2020-02-02,277.115
2020-02-03,393.76
2020-02-04,423.49
2020-02-05,464.72
2020-02-06,476.86
2020-02-07,582.77
2020-02-08,762.92
2020-02-09,630.94
2020-02-10,544.94
2020-02-11,622.13
2020-02-12,627.15
2020-02-13,618.6
2020-02-14,550.52
2020-02-15,496.77
2020-02-16,571.57
2020-02-17,468.76
2020-02-18,399.64
2020-02-19,395.76
2020-02-20,343.39
2020-02-21,364.4
2020-02-22,461.56
2020-02-23,434.62
2020-02-24,434.62
2020-02-25,425.77
2020-02-26,387.42
2020-02-27,349.44
2020-02-28,364.855
2020-02-29,388.61
2020-03-01,433.18
2020-03-02,371.775
2020-03-03,390.995
2020-03-04,434.41
2020-03-05,361.29
2020-03-06,338.22
2020-03-07,309.96
2020-03-08,347.065
2020-03-09,343.54
2020-03-10,303.72
2020-03-11,329.09
2020-03-12,292.63
2020-03-13,299.785
2020-03-14,288.315
2020-03-15,334.02
2020-03-16,363.66
2020-03-17,480.135
2020-03-18,454.64
2020-03-19,373.16
2020-03-20,349.45
2020-03-21,388.67
2020-03-22,408.92
2020-03-23,410.1
2020-03-24,373.17
2020-03-25,385.05
2020-03-26,361.29
2020-03-27,338.82
2020-03-28,335.26
2020-03-29,375.56
2020-03-30,345.9
2020-03-31,350.67
2020-04-01,358.96
2020-04-02,277.3
2020-04-03,281.44
2020-04-04,259.96
2020-04-05,290.88
2020-04-06,286.04
2020-04-07,286.04
2020-04-08,268.51
2020-04-09,266.18
2020-04-10,247.54
2020-04-11,224.03
2020-04-12,196.66
2020-04-13,186.27
2020-04-14,170.21
2020-04-15,158.52
2020-04-16,144.53
2020-04-17,140.015
2020-04-18,140.91
2020-04-19,132.16
2020-04-20,127.01
2020-04-21,122.89
2020-04-22,120.44
2020-04-23,113.13
2020-04-24,111.58
2020-04-25,108.49
2020-04-26,104.38
2020-04-27,111.57
2020-04-28,108.5
2020-04-29,112.38
2020-04-30,107.76
2020-05-01,108.56
2020-05-02,111.74
2020-05-03,107.95
2020-05-04,140.89
2020-05-05,134.31
2020-05-06,127.16
2020-05-07,116.78
2020-05-08,113.525
2020-05-09,107.2
2020-05-10,104.44
2020-05-11,100.74
2020-05-12,98.0
2020-05-13,98.56
2020-05-14,93.99
2020-05-15,84.7
2020-05-16,79.61
2020-05-17,76.65
2020-05-18,75.4
2020-05-19,74.2
2020-05-20,73.03
2020-05-21,71.8
2020-05-22,70.74
2020-05-23,71.8
2020-05-24,71.3
2020-05-25,67.97
2020-05-26,64.15
2020-05-27,63.61
2020-05-28,63.64
2020-05-29,62.02
2020-05-30,60.22
2020-05-31,61.59
2020-06-01,60.45
2020-06-02,59.58
2020-06-03,59.08
2020-06-04,59.06
2020-06-05,65.0
2020-06-06,63.28
2020-06-07,62.47
2020-06-08,62.1
2020-06-09,60.44
2020-06-10,60.11
2020-06-11,59.56
2020-06-12,58.59
2020-06-13,57.87
2020-06-14,59.34
2020-06-15,57.78
2020-06-16,56.42
2020-06-17,56.26
2020-06-18,54.93
2020-06-19,53.46
2020-06-20,53.95
2020-06-21,53.46
2020-06-22,53.95
2020-06-23,52.26
2020-06-24,50.09
2020-06-25,50.57
2020-06-26,48.19
2020-06-27,48.72
2020-06-28,48.91
2020-06-29,48.19
2020-06-30,46.93
2020-07-01,45.74
2020-07-02,46.25
2020-07-03,46.14
2020-07-04,46.15
2020-07-05,45.85
2020-07-06,45.0
2020-07-07,44.6
2020-07-08,43.71
2020-07-09,43.49
2020-07-10,43.43
2020-07-11,44.02
2020-07-12,43.93
2020-07-13,43.12
2020-07-14,42.65
2020-07-15,41.9
2020-07-16,41.75
2020-07-17,41.85
2020-07-18,41.29
2020-07-19,40.875
2020-07-20,40.84
2020-07-21,38.57
2020-07-22,38.57
2020-07-23,39.82
2020-07-24,40.55
2020-07-25,39.89
2020-07-26,41.475
2020-07-27,40.1
2020-07-28,39.105
2020-07-29,39.885
2020-07-30,38.84
2020-07-31,38.86
2020-08-01,38.55
2020-08-02,38.43
2020-08-03,37.83
2020-08-04,37.28
2020-08-05,37.37
2020-08-06,37.74
2020-08-07,37.15
2020-08-08,37.21
2020-08-09,36.85
2020-08-10,36.85
2020-08-11,38.05
2020-08-12,38.81
2020-08-13,38.48
2020-08-14,39.23
2020-08-15,39.1
2020-08-16,38.16
2020-08-17,39.19
2020-08-18,38.57
2020-08-19,38.29
2020-08-20,37.56
2020-08-21,37.96
2020-08-22,37.89
2020-08-23,37.76
2020-08-24,37.45
2020-08-25,36.83
2020-08-26,36.02
2020-08-27,36.07
2020-08-28,36.29
2020-08-29,36.98
2020-08-30,37.18
2020-08-31,37.57
2020-09-01,39.27
2020-09-02,38.47
2020-09-03,38.26
2020-09-04,38.23
2020-09-05,37.72
2020-09-06,37.57
2020-09-07,39.68
2020-09-08,39.97
2020-09-09,41.39
2020-09-10,43.24
2020-09-11,42.19
2020-09-12,41.97
2020-09-13,41.635
2020-09-14,41.46
2020-09-15,42.02
2020-09-16,40.72
2020-09-17,39.23
2020-09-18,41.52
2020-09-19,40.77
2020-09-20,37.08
2020-09-21,39.31
2020-09-22,38.89
2020-09-23,38.44
2020-09-24,37.47
2020-09-25,37.22
2020-09-26,38.68
2020-09-27,39.02
2020-09-28,39.55
2020-09-29,39.44
2020-09-30,42.94
2020-10-01,45.38
2020-10-02,44.16
2020-10-03,43.09
2020-10-04,46.92
2020-10-05,47.27
2020-10-06,46.32
2020-10-07,44.64
2020-10-08,43.5
2020-10-09,43.58
2020-10-10,43.08
2020-10-11,43.52
2020-10-12,43.52
2020-10-13,43.28
2020-10-14,43.16
2020-10-15,44.67
2020-10-16,48.57
2020-10-17,47.09
2020-10-18,49.15
2020-10-19,52.48
2020-10-20,51.82
2020-10-21,48.67
2020-10-22,48.03
2020-10-23,48.62
2020-10-24,51.5
2020-10-25,56.7
2020-10-26,51.86
2020-10-27,50.1
2020-10-28,47.95
2020-10-29,43.53
2020-10-30,41.77
2020-10-31,45.59
2020-11-01,44.91
2020-11-02,47.31
2020-11-03,47.31
2020-11-04,51.98
2020-11-05,49.0
2020-11-06,46.49
2020-11-07,44.65
2020-11-08,44.44
2020-11-09,42.56
2020-11-10,43.26
2020-11-11,50.65
2020-11-12,50.42
2020-11-13,48.35
2020-11-14,46.4
2020-11-15,45.22
2020-11-16,45.6
2020-11-17,44.93
2020-11-18,44.31
2020-11-19,42.7
2020-11-20,43.03
2020-11-21,42.67
2020-11-22,41.665
2020-11-23,42.13
2020-11-24,42.13
2020-11-25,42.11
2020-11-26,43.84
2020-11-27,46.22
2020-11-28,46.22
2020-11-29,62.03
2020-11-30,58.935
2020-12-01,63.12
2020-12-02,71.89
2020-12-03,68.35
2020-12-04,71.56
2020-12-05,79.88
2020-12-06,109.07
2020-12-07,113.64
2020-12-08,105.61
2020-12-09,80.85
2020-12-10,75.38
2020-12-11,70.34
2020-12-12,65.79
2020-12-13,59.1
2020-12-14,55.31
2020-12-15,55.92
2020-12-16,52.98
2020-12-17,55.93
2020-12-18,55.43
2020-12-19,52.23
2020-12-20,54.53
2020-12-21,54.62
2020-12-22,89.195
2020-12-23,99.19
2020-12-24,77.265
2020-12-25,105.155
2020-12-26,128.145
2020-12-27,200.59
2020-12-28,185.53
2020-12-29,203.495
2020-12-30,188.55
2020-12-31,174.215
2021-01-01,181.285
2021-01-02,161.39
2021-01-03,201.46
2021-01-04,223.69
2021-01-05,247.12
2021-01-06,236.96
2021-01-07,303.6
2021-01-08,259.77
2021-01-09,213.82
2021-01-10,204.2
2021-01-11,185.48
2021-01-12,179.31
2021-01-13,168.36
2021-01-14,211.85
2021-01-15,251.64
2021-01-16,328.14
2021-01-17,372.08
2021-01-18,404.13
2021-01-19,356.55
2021-01-20,362.76
2021-01-21,375.62
2021-01-22,465.59
2021-01-23,382.64
2021-01-24,380.71
2021-01-25,382.67
2021-01-26,325.83
2021-01-27,293.12
2021-01-28,267.55
2021-01-29,224.75
2021-01-30,204.68
2021-01-31,174.2
2021-02-01,180.27
2021-02-02,169.2
2021-02-03,204.93
2021-02-04,261.88
2021-02-05,231.48
2021-02-06,315.58
2021-02-07,315.32
2021-02-08,391.68
2021-02-09,332.9
2021-02-10,304.69
2021-02-11,295.34
2021-02-12,269.85
2021-02-13,291.97
2021-02-14,382.76
2021-02-15,441.06
2021-02-16,375.31
2021-02-17,282.58
2021-02-18,296.54
2021-02-19,319.03
2021-02-20,316.59
2021-02-21,335.32
2021-02-22,291.84
2021-02-23,257.28
2021-02-24,240.32
2021-02-25,203.53
2021-02-26,172.27
2021-02-27,182.26
2021-02-28,204.14
2021-03-01,204.26
2021-03-02,198.06
2021-03-03,179.2
2021-03-04,194.63
2021-03-05,205.33
2021-03-06,203.16
2021-03-07,255.35
2021-03-08,246.24
2021-03-09,216.09
2021-03-10,213.26
2021-03-11,186.36
2021-03-12,164.97
2021-03-13,168.84
2021-03-14,221.77
2021-03-15,233.7
2021-03-16,229.21
2021-03-17,249.55
2021-03-18,228.07
2021-03-19,278.44
2021-03-20,267.55
2021-03-21,305.92
2021-03-22,271.0
2021-03-23,348.27
2021-03-24,319.94
2021-03-25,265.36
2021-03-26,233.61
2021-03-27,273.44
2021-03-28,249.3
2021-03-29,248.21
2021-03-30,290.0
2021-03-31,302.38
2021-04-01,362.5
2021-04-02,320.84
2021-04-03,269.85
2021-04-04,278.38
2021-04-05,252.54
2021-04-06,272.05
2021-04-07,289.51
2021-04-08,287.5
2021-04-09,311.57
2021-04-10,314.07
2021-04-11,353.15
2021-04-12,358.74
2021-04-13,307.89
2021-04-14,317.52
2021-04-15,315.04
2021-04-16,271.11
2021-04-17,229.21
2021-04-18,197.82
2021-04-19,189.42
2021-04-20,167.31
2021-04-21,154.12
2021-04-22,149.15
2021-04-23,139.15
2021-04-24,131.28
2021-04-25,121.15
2021-04-26,117.91
2021-04-27,110.8
2021-04-28,103.99
2021-04-29,102.52
2021-04-30,96.76
2021-05-01,88.05
2021-05-02,80.94
2021-05-03,78.8
2021-05-04,77.74
2021-05-05,76.43
2021-05-06,76.13
2021-05-07,76.62
2021-05-08,75.62
2021-05-09,74.93
2021-05-10,74.78
2021-05-11,72.47
2021-05-12,71.76
2021-05-13,70.96
2021-05-14,70.78
2021-05-15,70.06
2021-05-16,71.37
2021-05-17,71.27
2021-05-18,69.53
2021-05-19,68.47
2021-05-20,67.67
2021-05-21,63.67
2021-05-22,63.12
2021-05-23,63.1
2021-05-24,67.38
2021-05-25,71.0
2021-05-26,72.47
2021-05-27,71.85
2021-05-28,69.42
2021-05-29,67.67
2021-05-30,63.94
2021-05-31,60.14
2021-06-01,58.57
2021-06-02,57.68
2021-06-03,56.66
2021-06-04,57.01
2021-06-05,59.12
2021-06-06,56.75
2021-06-07,57.01
2021-06-08,55.27
2021-06-09,54.03
2021-06-10,52.78
2021-06-11,50.59
2021-06-12,52.4
2021-06-13,52.41
2021-06-14,49.8
2021-06-15,48.2
2021-06-16,47.42
2021-06-17,46.46
2021-06-18,45.89
2021-06-19,45.61
2021-06-20,45.16
2021-06-21,44.9
2021-06-22,43.57
2021-06-23,43.165
2021-06-24,42.77
2021-06-25,42.56
2021-06-26,41.405
2021-06-27,42.015
2021-06-28,41.785
2021-06-29,41.715
2021-06-30,42.075
2021-07-01,40.485
2021-07-02,40.435
2021-07-03,39.92
2021-07-04,39.5
2021-07-05,39.4
2021-07-06,38.36
2021-07-07,37.75
2021-07-08,37.95
2021-07-09,37.81
2021-07-10,36.86
2021-07-11,36.94
2021-07-12,37.03
2021-07-13,37.23
2021-07-14,35.97
2021-07-15,35.66
2021-07-16,35.09
2021-07-17,34.84
2021-07-18,35.94
2021-07-19,35.22
2021-07-20,35.57
2021-07-21,38.36
2021-07-22,39.46
2021-07-23,38.14
2021-07-24,38.22
2021-07-25,39.33
2021-07-26,39.93
2021-07-27,39.65
2021-07-28,40.02
2021-07-29,39.91
2021-07-30,39.91
2021-07-31,39.83
2021-08-01,41.17
2021-08-02,42.58
2021-08-03,41.68
2021-08-04,42.25
2021-08-05,41.32
2021-08-06,40.99
2021-08-07,40.8
2021-08-08,41.78
2021-08-09,40.77
2021-08-10,39.27
2021-08-11,39.34
2021-08-12,38.26
2021-08-13,39.4
2021-08-14,38.53
2021-08-15,38.44
2021-08-16,38.46
2021-08-17,37.97
2021-08-18,37.6
2021-08-19,37.18
2021-08-20,36.34
2021-08-21,37.01
2021-08-22,37.79
2021-08-23,37.19
2021-08-24,38.31
2021-08-25,38.25
2021-08-26,38.8
2021-08-27,38.43
2021-08-28,38.16
2021-08-29,38.61
2021-08-30,36.74
2021-08-31,37.73
2021-09-01,37.3
2021-09-02,36.94
2021-09-03,37.17
2021-09-04,35.65
2021-09-05,36.85
2021-09-06,37.52
2021-09-07,37.05
2021-09-08,37.01
2021-09-09,35.84
2021-09-10,35.98
2021-09-11,35.62
2021-09-12,36.64
2021-09-13,36.45
2021-09-14,35.11
2021-09-15,37.56
2021-09-16,37.58
2021-09-17,37.51
2021-09-18,36.31
2021-09-19,36.15
2021-09-20,36.34
2021-09-21,35.45
2021-09-22,35.88
2021-09-23,37.94
2021-09-24,36.91
2021-09-25,36.87
2021-09-26,36.12
2021-09-27,35.54
2021-09-28,36.32
2021-09-29,36.56
2021-09-30,37.145
2021-10-01,38.655
2021-10-02,41.265
2021-10-03,41.67
2021-10-04,40.89
2021-10-05,44.5
2021-10-06,45.83
2021-10-07,51.465
2021-10-08,48.92
2021-10-09,54.24
2021-10-10,49.95
2021-10-11,51.78
2021-10-12,48.13
2021-10-13,48.33
2021-10-14,46.69
2021-10-15,45.6
2021-10-16,43.76
2021-10-17,40.77
2021-10-18,40.77
2021-10-19,37.76
2021-10-20,36.99
2021-10-21,35.59
2021-10-22,36.35
2021-10-23,36.56
2021-10-24,35.78
2021-10-25,35.78
2021-10-26,35.4
2021-10-27,33.79
2021-10-28,33.37
2021-10-29,39.05
2021-10-30,40.73
2021-10-31,43.07
2021-11-01,48.15
2021-11-02,50.04
2021-11-03,48.77
2021-11-04,46.48
2021-11-05,45.25
2021-11-06,43.78
2021-11-07,42.66
2021-11-08,40.36
2021-11-09,39.75
2021-11-10,38.425
2021-11-11,39.56
2021-11-12,44.29
2021-11-13,62.18
2021-11-14,66.03
2021-11-15,61.83
2021-11-16,61.01
2021-11-17,60.6
2021-11-18,58.26
2021-11-19,48.87
2021-11-20,55.11
2021-11-21,53.7
2021-11-22,56.31
2021-11-23,53.46
2021-11-24,64.2
2021-11-25,62.14
2021-11-26,62.52
2021-11-27,81.2
2021-11-28,83.63
2021-11-29,106.93
2021-11-30,126.44
2021-12-01,137.51
2021-12-02,118.72
2021-12-03,120.4
2021-12-04,123.64
2021-12-05,115.5
2021-12-06,109.53
2021-12-07,196.23
2021-12-08,169.9
2021-12-09,293.15
2021-12-10,273.65
2021-12-11,289.5
2021-12-12,245.59
2021-12-13,168.66
2021-12-14,137.23
2021-12-15,169.1
2021-12-16,169.7
2021-12-17,170.19
2021-12-18,158.36
2021-12-19,143.44
2021-12-20,189.15
2021-12-21,167.175
2021-12-22,199.075
2021-12-23,263.06
2021-12-24,206.54
2021-12-25,166.945
2021-12-26,146.49
2021-12-27,209.07
2021-12-28,169.4
2021-12-29,190.15
2021-12-30,158.4
2021-12-31,147.8
2022-01-01,120.5
2022-01-02,108.85
2022-01-03,106.37
2022-01-04,95.83
2022-01-05,92.23
2022-01-06,93.19
2022-01-07,93.99
2022-01-08,96.03
2022-01-09,114.63
2022-01-10,146.38
2022-01-11,212.69
2022-01-12,294.21
2022-01-13,258.15
2022-01-14,218.15
2022-01-15,197.08
2022-01-16,177.36
2022-01-17,173.28
2022-01-18,215.93
2022-01-19,223.77
2022-01-20,241.19
2022-01-21,326.92
2022-01-22,432.13
2022-01-23,538.85
2022-01-24,451.89
2022-01-25,416.14
2022-01-26,429.26
2022-01-27,384.36
2022-01-28,388.14
2022-01-29,376.72
2022-01-30,381.61
2022-01-31,389.81
2022-02-01,425.94
2022-02-02,419.08
2022-02-03,383.86
2022-02-04,451.21
2022-02-05,404.36
2022-02-06,425.72
2022-02-07,403.06
2022-02-08,435.85
2022-02-09,437.65
2022-02-10,452.71
2022-02-11,381.52
2022-02-12,343.3
2022-02-13,395.83
2022-02-14,411.375
2022-02-15,439.685
2022-02-16,420.93
2022-02-17,413.965
2022-02-18,385.05
2022-02-19,347.62
2022-02-20,320.7
2022-02-21,283.7
2022-02-22,261.75
2022-02-23,258.595
2022-02-24,278.895
2022-02-25,321.51
2022-02-26,334.145
2022-02-27,382.77
2022-02-28,343.01
2022-03-01,307.05
2022-03-02,268.7
2022-03-03,239.07
2022-03-04,241.06
2022-03-05,404.35
2022-03-06,371.36
2022-03-07,349.0
2022-03-08,339.21
2022-03-09,282.55
2022-03-10,260.7
2022-03-11,260.77
2022-03-12,287.91
2022-03-13,349.48
2022-03-14,382.75
2022-03-15,451.02
2022-03-16,597.595
2022-03-17,468.41
2022-03-18,362.51
2022-03-19,313.85
2022-03-20,333.285
2022-03-21,313.09
2022-03-22,285.94
2022-03-23,269.95
2022-03-24,263.29
2022-03-25,253.99
2022-03-26,251.96
2022-03-27,248.65
2022-03-28,273.48
2022-03-29,273.29
2022-03-30,294.19
2022-03-31,272.55
2022-04-01,263.24
2022-04-02,272.61
2022-04-03,260.64
2022-04-04,254.54
2022-04-05,226.98
2022-04-06,195.72
2022-04-07,187.35
2022-04-08,207.62
2022-04-09,209.08
2022-04-10,299.92
2022-04-11,250.72
2022-04-12,219.585
2022-04-13,191.83
2022-04-14,173.61
2022-04-15,160.89
2022-04-16,150.5
2022-04-17,142.63
2022-04-18,134.34
2022-04-19,126.15
2022-04-20,120.34
2022-04-21,115.175
2022-04-22,111.99
2022-04-23,107.73
2022-04-24,106.97
2022-04-25,102.8
2022-04-26,99.8
2022-04-27,98.37
2022-04-28,87.51
2022-04-29,78.17
2022-04-30,75.86
2022-05-01,75.16
2022-05-02,74.55
2022-05-03,73.18
2022-05-04,71.82
2022-05-05,71.08
2022-05-06,70.48
2022-05-07,75.82
2022-05-08,69.88
2022-05-09,69.24
2022-05-10,68.45
2022-05-11,67.95
2022-05-12,67.21
2022-05-13,66.79
2022-05-14,66.24
2022-05-15,65.91
2022-05-16,65.48
2022-05-17,65.24
2022-05-18,63.58
2022-05-19,57.16
2022-05-20,56.42
2022-05-21,55.68
2022-05-22,55.49
2022-05-23,54.45
2022-05-24,54.92
2022-05-25,53.13
2022-05-26,53.19
2022-05-27,53.29
2022-05-28,53.0
2022-05-29,52.57
2022-05-30,53.21
2022-05-31,53.39
2022-06-01,53.65
2022-06-02,54.68
2022-06-03,53.78
2022-06-04,53.12
2022-06-05,52.42
2022-06-06,52.99
2022-06-07,52.21
2022-06-08,50.83
2022-06-09,49.68
2022-06-10,50.16
2022-06-11,52.0
2022-06-12,52.61
2022-06-13,53.18
2022-06-14,52.62
2022-06-15,52.31
2022-06-16,51.85
2022-06-17,52.24
2022-06-18,52.24
2022-06-19,52.17
2022-06-20,52.64
2022-06-21,52.82
2022-06-22,53.18
2022-06-23,54.06
2022-06-24,53.2
2022-06-25,53.48
2022-06-26,53.66
2022-06-27,53.085
2022-06-28,52.4
2022-06-29,49.45
2022-06-30,47.92
2022-07-01,44.29
2022-07-02,42.01
2022-07-03,40.89
2022-07-04,39.68
2022-07-05,38.8
2022-07-06,39.04
2022-07-07,38.77
2022-07-08,38.17
2022-07-09,38.43
2022-07-10,38.43
2022-07-11,38.22
2022-07-12,37.86
2022-07-13,36.59
2022-07-14,36.36
2022-07-15,35.69
2022-07-16,35.25
2022-07-17,34.85
2022-07-18,34.8
2022-07-19,34.33
2022-07-20,34.03
2022-07-21,33.65
2022-07-22,32.545
2022-07-23,33.49
2022-07-24,33.595
2022-07-25,33.385
2022-07-26,33.38
2022-07-27,33.08
2022-07-28,32.76
2022-07-29,32.55
2022-07-30,32.205
2022-07-31,32.26
2022-08-01,32.58
2022-08-02,32.1
2022-08-03,31.29
2022-08-04,31.14
2022-08-05,31.87
2022-08-06,32.13
2022-08-07,33.74
2022-08-08,34.52
2022-08-09,37.76
2022-08-10,38.63
2022-08-11,39.19
2022-08-12,37.36
2022-08-13,37.44
2022-08-14,36.4
2022-08-15,36.06
2022-08-16,36.8
2022-08-17,36.06
2022-08-18,34.64
2022-08-19,34.32
2022-08-20,35.55
2022-08-21,35.8
2022-08-22,37.7
2022-08-23,39.04
2022-08-24,40.87
2022-08-25,40.68
2022-08-26,40.19
2022-08-27,40.99
2022-08-28,40.01
2022-08-29,40.68
2022-08-30,40.82
2022-08-31,40.58
2022-09-01,40.55
2022-09-02,40.78
2022-09-03,40.67
2022-09-04,40.19
2022-09-05,39.92
2022-09-06,39.51
2022-09-07,39.7
2022-09-08,38.99
2022-09-09,38.77
2022-09-10,40.19
2022-09-11,39.74
2022-09-12,40.21
2022-09-13,40.29
2022-09-14,40.3
2022-09-15,42.87
2022-09-16,48.71
2022-09-17,50.14
2022-09-18,45.34
2022-09-19,44.38
2022-09-20,42.3
2022-09-21,41.24
2022-09-22,41.08
2022-09-23,39.36
2022-09-24,39.11
2022-09-25,39.11
2022-09-26,41.62
2022-09-27,42.14
2022-09-28,39.31
2022-09-29,38.4
2022-09-30,37.97
2022-10-01,37.74
2022-10-02,37.92
2022-10-03,37.81
2022-10-04,40.36
2022-10-05,39.71
2022-10-06,39.99
2022-10-07,38.63
2022-10-08,37.38
2022-10-09,37.01
2022-10-10,36.67
2022-10-11,36.52
2022-10-12,35.93
2022-10-13,34.98
2022-10-14,35.79
2022-10-15,37.59
2022-10-16,40.2
2022-10-17,43.26
2022-10-18,41.41
2022-10-19,39.54
2022-10-20,40.3
2022-10-21,42.31
2022-10-22,41.67
2022-10-23,41.58
2022-10-24,42.19
2022-10-25,41.41
2022-10-26,41.51
2022-10-27,41.99
2022-10-28,42.15
2022-10-29,42.23
2022-10-30,42.75
2022-10-31,39.11
2022-11-01,39.07
2022-11-02,41.29
2022-11-03,40.97
2022-11-04,41.54
2022-11-05,41.39
2022-11-06,40.96
2022-11-07,40.15
2022-11-08,39.93
2022-11-09,39.19
2022-11-10,39.3
2022-11-11,40.07
2022-11-12,39.79
2022-11-13,39.805
2022-11-14,38.7
2022-11-15,39.24
2022-11-16,39.3
2022-11-17,39.05
2022-11-18,40.04
2022-11-19,40.22
2022-11-20,40.22
2022-11-21,42.43
2022-11-22,41.4
2022-11-23,41.99
2022-11-24,44.4
2022-11-25,42.7
2022-11-26,43.85
2022-11-27,41.72
2022-11-28,40.55
2022-11-29,39.53
2022-11-30,39.66
2022-12-01,38.49
2022-12-02,38.13
2022-12-03,37.9
2022-12-04,38.02
2022-12-05,37.6
2022-12-06,37.01
2022-12-07,43.23
2022-12-08,50.83
2022-12-09,49.2
2022-12-10,44.85
2022-12-11,42.04
2022-12-12,44.59
2022-12-13,42.62
2022-12-14,43.6
2022-12-15,42.5
2022-12-16,52.59
2022-12-17,59.66
2022-12-18,62.87
2022-12-19,59.14
2022-12-20,58.65
2022-12-21,58.35
2022-12-22,53.95
2022-12-23,52.53
2022-12-24,53.11
2022-12-25,53.2
2022-12-26,52.105
2022-12-27,45.17
2022-12-28,43.395
2022-12-29,52.13
2022-12-30,50.92
2022-12-31,56.94
2023-01-01,62.59
2023-01-02,63.55
2023-01-03,67.81
2023-01-04,68.73
2023-01-05,76.18
2023-01-06,73.2
2023-01-07,67.76
2023-01-08,62.84
2023-01-09,62.45
2023-01-10,60.31
2023-01-11,60.59
2023-01-12,58.06
2023-01-13,54.21
2023-01-14,50.03
2023-01-15,45.75
2023-01-16,43.28
2023-01-17,39.99
2023-01-18,44.13
2023-01-19,49.06
2023-01-20,49.63
2023-01-21,47.71
2023-01-22,45.2
2023-01-23,42.51
2023-01-24,41.92
2023-01-25,41.98
2023-01-26,48.4
2023-01-27,61.93
2023-01-28,60.84
2023-01-29,66.64
2023-01-30,82.85
2023-01-31,99.56
2023-02-01,112.52
2023-02-02,114.38
2023-02-03,128.55
2023-02-04,141.22
2023-02-05,143.45
2023-02-06,147.47
2023-02-07,126.27
2023-02-08,104.75
2023-02-09,124.19
2023-02-10,132.39
2023-02-11,125.37
2023-02-12,136.16
2023-02-13,138.96
2023-02-14,149.38
2023-02-15,154.64
2023-02-16,180.24
2023-02-17,167.62
2023-02-18,152.01
2023-02-19,129.29
2023-02-20,117.57
2023-02-21,108.98
2023-02-22,127.95
2023-02-23,130.02
2023-02-24,129.595
2023-02-25,115.495
2023-02-26,108.32
2023-02-27,106.73
2023-02-28,96.94
2023-03-01,89.74
2023-03-02,73.33
2023-03-03,68.295
2023-03-04,66.515
2023-03-05,66.915
2023-03-06,64.8
2023-03-07,62.535
2023-03-08,64.225
2023-03-09,60.19
2023-03-10,66.975
2023-03-11,74.93
2023-03-12,67.765
2023-03-13,71.22
2023-03-14,75.69
2023-03-15,111.73
2023-03-16,120.875
2023-03-17,128.58
2023-03-18,143.98
2023-03-19,186.68
2023-03-20,305.28
2023-03-21,326.73
2023-03-22,316.56
2023-03-23,371.58
2023-03-24,311.99
2023-03-25,277.15
2023-03-26,223.69
2023-03-27,191.48
2023-03-28,199.82
2023-03-29,200.73
2023-03-30,220.05
2023-03-31,190.71
2023-04-01,185.23
2023-04-02,167.0
2023-04-03,191.825
2023-04-04,183.93
2023-04-05,196.79
2023-04-06,196.13
2023-04-07,176.04
2023-04-08,155.85
2023-04-09,168.46
2023-04-10,148.2
2023-04-11,138.33
2023-04-12,131.25
2023-04-13,129.74
2023-04-14,114.2
2023-04-15,104.7
2023-04-16,106.93
2023-04-17,102.73
2023-04-18,94.78
2023-04-19,91.61
2023-04-20,79.08
2023-04-21,75.06
2023-04-22,72.3
2023-04-23,69.38
2023-04-24,65.8
2023-04-25,62.8
2023-04-26,62.76
2023-04-27,62.58
2023-04-28,54.65
2023-04-29,56.97
2023-04-30,54.97
2023-05-01,54.83
2023-05-02,54.39
2023-05-03,52.71
2023-05-04,53.5
2023-05-05,55.58
2023-05-06,56.33
2023-05-07,67.41
2023-05-08,124.86
2023-05-09,129.84
2023-05-10,116.71
2023-05-11,106.88
2023-05-12,101.07
2023-05-13,97.72
2023-05-14,93.75
2023-05-15,84.06
2023-05-16,74.22
2023-05-17,69.01
2023-05-18,64.74
2023-05-19,62.1
2023-05-20,61.92
2023-05-21,60.17
2023-05-22,58.58
2023-05-23,56.37
2023-05-24,54.53
2023-05-25,53.03
2023-05-26,52.16
2023-05-27,51.82
2023-05-28,51.84
2023-05-29,51.9
2023-05-30,50.98
2023-05-31,50.52
2023-06-01,49.09
2023-06-02,47.29
2023-06-03,45.26
2023-06-04,43.21
2023-06-05,42.5
2023-06-06,41.96
2023-06-07,40.93
2023-06-08,40.35
2023-06-09,39.78
2023-06-10,39.09
2023-06-11,37.81
2023-06-12,37.66
2023-06-13,37.23
2023-06-14,37.47
2023-06-15,37.05
2023-06-16,36.43
2023-06-17,35.63
2023-06-18,35.98
2023-06-19,34.33
2023-06-20,34.18
2023-06-21,33.95
2023-06-22,33.72
2023-06-23,33.25
2023-06-24,34.02
2023-06-25,34.03
2023-06-26,33.73
2023-06-27,33.52
2023-06-28,33.35
2023-06-29,32.99
2023-06-30,31.7925
2023-07-01,30.595
2023-07-02,30.135
2023-07-03,30.015
2023-07-04,30.115
2023-07-05,29.91
2023-07-06,29.48
2023-07-07,29.265
2023-07-08,29.585
2023-07-09,29.235
2023-07-10,29.12
2023-07-11,29.185
2023-07-12,29.045
2023-07-13,29.185
2023-07-14,29.82
2023-07-15,30.22
2023-07-16,30.625
2023-07-17,30.565
2023-07-18,26.71
2023-07-19,30.68
2023-07-20,30.455
2023-07-21,30.41
2023-07-22,30.515
2023-07-23,32.27
2023-07-24,33.775
2023-07-25,34.055
2023-07-26,34.405
2023-07-27,34.795
2023-07-28,35.0
2023-07-29,35.36
2023-07-30,35.675
2023-07-31,35.72
2023-08-01,34.715
2023-08-02,31.55
2023-08-03,30.495
2023-08-04,30.62
2023-08-05,33.115
2023-08-06,33.225
2023-08-07,32.15
2023-08-08,32.33
2023-08-09,30.385
2023-08-10,30.105
2023-08-11,29.745
2023-08-12,29.1
2023-08-13,30.68
2023-08-14,34.025
2023-08-15,33.03
2023-08-16,31.695
2023-08-17,30.33
2023-08-18,29.575
2023-08-19,29.045
2023-08-20,28.725
2023-08-21,28.415
2023-08-22,28.39
2023-08-23,28.245
2023-08-24,28.165
2023-08-25,27.96
2023-08-26,27.88
2023-08-27,27.865
2023-08-28,27.985
2023-08-29,28.345
2023-08-30,29.16
2023-08-31,30.04
2023-09-01,30.235
2023-09-02,29.74
2023-09-03,30.43
2023-09-04,30.67
2023-09-05,30.11
2023-09-06,30.465
2023-09-07,31.775
2023-09-08,33.61
2023-09-09,33.775
2023-09-10,32.345
2023-09-11,29.865
2023-09-12,29.085
2023-09-13,29.655
2023-09-14,29.675
2023-09-15,29.88
2023-09-16,29.315
2023-09-17,27.385
2023-09-18,30.945
2023-09-19,32.425
2023-09-20,31.425
2023-09-21,32.0
2023-09-22,33.715
2023-09-23,32.78
2023-09-24,32.825
2023-09-25,31.78
2023-09-26,31.275
2023-09-27,30.895
2023-09-28,32.095
2023-09-29,33.04
2023-09-30,33.65
2023-10-01,34.045
2023-10-02,38.33
2023-10-03,38.455
2023-10-04,39.465
2023-10-05,38.615
2023-10-06,36.85
2023-10-07,37.33
2023-10-08,35.71
2023-10-09,46.965
2023-10-10,44.065
2023-10-11,43.28
2023-10-12,38.95
2023-10-13,37.1
2023-10-14,40.055
2023-10-15,38.225
2023-10-16,35.245
2023-10-17,34.935
2023-10-18,26.51
2023-10-19,34.415
2023-10-20,34.07
2023-10-21,34.41
2023-10-22,35.43
2023-10-23,36.45
2023-10-24,34.88
2023-10-25,35.865
2023-10-26,43.165
2023-10-27,42.26
2023-10-28,44.655
2023-10-29,40.275
2023-10-30,37.47
2023-10-31,36.285
2023-11-01,35.1
2023-11-02,34.795
2023-11-03,34.43
2023-11-04,35.225
2023-11-05,41.105
2023-11-06,41.22
2023-11-07,42.38
2023-11-08,38.565
2023-11-09,45.61
2023-11-10,48.27
2023-11-11,45.36
2023-11-12,44.955
2023-11-13,38.68
2023-11-14,39.99
2023-11-15,43.515
2023-11-16,47.0
2023-11-17,44.435
2023-11-18,46.205
2023-11-19,50.685
2023-11-20,47.51
2023-11-21,53.655
2023-11-22,56.43
2023-11-23,52.92
2023-11-24,52.58
2023-11-25,65.185
2023-11-26,73.61
2023-11-27,84.425
2023-11-28,109.553
2023-11-29,126.03
2023-11-30,103.99
2023-12-01,132.075
2023-12-02,139.83
2023-12-03,198.62
2023-12-04,166.53
2023-12-05,141.715
2023-12-06,118.93
2023-12-07,103.395
2023-12-08,87.83
2023-12-09,132.635
2023-12-10,134.76
2023-12-11,139.985
2023-12-12,184.765
2023-12-13,254.31
2023-12-14,214.03
2023-12-15,174.195
2023-12-16,211.47
2023-12-17,301.025
2023-12-18,377.145
2023-12-19,302.4
2023-12-20,223.275
2023-12-21,225.145
2023-12-22,170.585
2023-12-23,149.94
2023-12-24,129.155
2023-12-25,112.7
2023-12-26,100.415
2023-12-27,97.585
2023-12-28,87.335
2023-12-29,89.24
2023-12-30,92.185
2023-12-31,92.96
2024-01-01,113.705
2024-01-02,124.315
2024-01-03,135.9
2024-01-04,159.905
2024-01-05,176.02
2024-01-06,225.14
2024-01-07,192.895
2024-01-08,144.83
2024-01-09,118.985
2024-01-10,104.625
2024-01-11,100.355
2024-01-12,87.07
2024-01-13,78.465
2024-01-14,90.01
2024-01-15,87.24
2024-01-16,99.37
2024-01-17,100.2
2024-01-18,116.195
2024-01-19,119.735
2024-01-20,112.565
2024-01-21,104.495
2024-01-22,103.065
2024-01-23,100.04
2024-01-24,111.23
2024-01-25,189.32
2024-01-26,266.825
2024-01-27,276.1375
2024-01-28,285.45
2024-01-29,279.875
2024-01-30,300.33
2024-01-31,307.605
2024-02-01,274.75
2024-02-02,265.3575
2024-02-03,255.965
2024-02-04,230.3
2024-02-05,191.275
2024-02-06,179.1
2024-02-07,207.47
2024-02-08,254.28
2024-02-09,242.355
2024-02-10,231.96
2024-02-11,232.91
2024-02-12,211.005
2024-02-13,241.305
2024-02-14,269.5
2024-02-15,301.705
2024-02-16,243.84
2024-02-17,204.34
2024-02-18,243.84
2024-02-19,184.205
2024-02-20,251.045
2024-02-21,308.775
2024-02-22,247.67
2024-02-23,200.24
2024-02-24,195.4
2024-02-25,200.485
2024-02-26,205.935
2024-02-27,230.81
2024-02-28,240.825
2024-02-29,281.7
2024-03-01,348.995
2024-03-02,312.8
2024-03-03,240.425
2024-03-04,255.21
2024-03-05,329.895
2024-03-06,355.935
2024-03-07,309.615
2024-03-08,264.925
2024-03-09,269.57
2024-03-10,258.975
2024-03-11,310.975
2024-03-12,260.23
2024-03-13,204.035
2024-03-14,191.865
2024-03-15,197.615
2024-03-16,198.7
2024-03-17,307.62
2024-03-18,294.92
2024-03-19,255.745
2024-03-20,359.635
2024-03-21,288.36
2024-03-22,277.43
2024-03-23,234.815
2024-03-24,200.905
2024-03-25,195.395
2024-03-26,212.52
2024-03-27,264.64
2024-03-28,320.41
2024-03-29,291.905
2024-03-30,271.865
2024-03-31,294.68
2024-04-01,321.325
2024-04-02,275.26
2024-04-03,321.585
2024-04-04,272.555
2024-04-05,240.215
2024-04-06,213.485
2024-04-07,203.4
2024-04-08,201.73
2024-04-09,210.55
2024-04-10,205.835
2024-04-11,237.55
2024-04-12,266.395
2024-04-13,223.71
2024-04-14,202.235
2024-04-15,187.975
2024-04-16,168.61
2024-04-17,174.635
2024-04-18,172.065
2024-04-19,169.145
2024-04-20,158.255
2024-04-21,154.86
2024-04-22,142.385
2024-04-23,135.83
2024-04-24,127.435
2024-04-25,120.07
2024-04-26,112.905
2024-04-27,106.735
2024-04-28,101.57
2024-04-29,95.895
2024-04-30,93.075
2024-05-01,91.39
2024-05-02,92.46
2024-05-03,91.715
2024-05-04,113.195
2024-05-05,120.36
2024-05-06,104.83
2024-05-07,92.88
2024-05-08,80.07
2024-05-09,78.765
2024-05-10,77.16
2024-05-11,74.45
2024-05-12,72.08
2024-05-13,69.9
2024-05-14,68.715
2024-05-15,68.49
2024-05-16,68.03
2024-05-17,67.035
2024-05-18,65.73
2024-05-19,64.535
2024-05-20,63.13
2024-05-21,63.24
2024-05-22,63.03
2024-05-23,60.485
2024-05-24,57.56
2024-05-25,56.585
2024-05-26,56.35
2024-05-27,54.955
2024-05-28,53.56
2024-05-29,51.54
2024-05-30,50.46
2024-05-31,49.96
2024-06-01,49.69
2024-06-02,49.865
2024-06-03,49.03
2024-06-04,48.025
2024-06-05,47.01
2024-06-06,46.39
2024-06-07,45.775
2024-06-08,45.335
2024-06-09,44.67
2024-06-10,45.1
2024-06-11,44.185
2024-06-12,43.385
2024-06-13,43.365
2024-06-14,42.93
2024-06-15,43.25
2024-06-16,42.775
2024-06-17,42.785
2024-06-18,43.22
2024-06-19,47.625
2024-06-20,47.275
2024-06-21,48.005
2024-06-22,47.63
2024-06-23,45.36
2024-06-24,43.37
2024-06-25,41.125
2024-06-26,40.05
2024-06-27,38.955
2024-06-28,38.415
2024-06-29,38.48
2024-06-30,37.935
2024-07-01,37.575
2024-07-02,37.2
2024-07-03,36.895
2024-07-04,36.89
2024-07-05,35.92
2024-07-06,34.58
2024-07-07,35.035
2024-07-08,35.455
2024-07-09,34.89
2024-07-10,33.775
2024-07-11,33.95
2024-07-12,33.35
2024-07-13,33.215
2024-07-14,33.055
2024-07-15,33.55
2024-07-16,32.775
2024-07-17,32.45
2024-07-18,32.255
2024-07-19,32.215
2024-07-20,32.575
2024-07-21,32.325
2024-07-22,32.375
2024-07-23,32.19
2024-07-24,32.265
2024-07-25,32.685
2024-07-26,32.615
2024-07-27,32.595
2024-07-28,32.565
2024-07-29,32.775
2024-07-30,31.995
2024-07-31,32.0
2024-08-01,32.06
2024-08-02,34.275
2024-08-03,34.445
2024-08-04,34.54
2024-08-05,34.68
2024-08-06,34.675
2024-08-07,34.585
2024-08-08,33.94
2024-08-09,33.77
2024-08-10,34.38
2024-08-11,34.555
2024-08-12,34.94
2024-08-13,34.575
2024-08-14,34.445
2024-08-15,34.4
2024-08-16,34.485
2024-08-17,36.315
2024-08-18,35.65
2024-08-19,35.24
2024-08-20,35.53
2024-08-21,35.44
2024-08-22,34.795
2024-08-23,35.485
2024-08-24,35.24
2024-08-25,35.58
2024-08-26,35.38
2024-08-27,35.24
2024-08-28,36.19
2024-08-29,37.22
2024-08-30,36.735
2024-08-31,37.12
2024-09-01,37.42
2024-09-02,37.2
2024-09-03,36.68
2024-09-04,36.38
2024-09-05,36.465
2024-09-06,36.705
2024-09-07,36.305
2024-09-08,35.905
2024-09-09,36.115
2024-09-10,35.64
2024-09-11,35.395
2024-09-12,35.035
2024-09-13,34.85
2024-09-14,35.7
2024-09-15,37.585
2024-09-16,38.66
2024-09-17,39.0
2024-09-18,37.49
2024-09-19,37.705
2024-09-20,38.015
2024-09-21,37.95
2024-09-22,37.9
2024-09-23,37.88
2024-09-24,37.54
2024-09-25,37.41
2024-09-26,38.26
2024-09-27,41.05
2024-09-28,48.13
2024-09-29,49.22
2024-09-30,45.58
2024-10-01,42.45
2024-10-02,42.105
2024-10-03,42.165
2024-10-04,42.25
2024-10-05,45.24
2024-10-06,44.515
2024-10-07,41.835
2024-10-08,40.385
2024-10-09,39.415
2024-10-10,40.785
2024-10-11,41.95
2024-10-12,41.725
2024-10-13,40.99
2024-10-14,42.945
2024-10-15,42.925
2024-10-16,43.815
2024-10-17,43.83
2024-10-18,41.725
2024-10-19,38.495
2024-10-20,34.88
2024-10-21,34.305
2024-10-22,32.485
2024-10-23,33.24
2024-10-24,36.49
2024-10-25,37.94
2024-10-26,40.13
2024-10-27,41.95
2024-10-28,47.475
2024-10-29,46.005
2024-10-30,47.955
2024-10-31,53.315
2024-11-01,52.345
2024-11-02,45.34
2024-11-03,42.2
2024-11-04,41.185
2024-11-05,39.745
2024-11-06,43.53
2024-11-07,40.15
2024-11-08,40.83
2024-11-09,37.755
2024-11-10,36.51
2024-11-11,44.96
2024-11-12,45.0
2024-11-13,53.18
2024-11-14,64.68
2024-11-15,73.78
2024-11-16,82.11
2024-11-17,145.395
2024-11-18,169.375
2024-11-19,147.38
2024-11-20,126.03
2024-11-21,124.28
2024-11-22,111.36
2024-11-23,121.25
2024-11-24,160.17
2024-11-25,177.595
2024-11-26,137.675
2024-11-27,110.215
2024-11-28,99.385
2024-11-29,112.685
2024-11-30,111.645
2024-12-01,103.585
2024-12-02,117.82
2024-12-03,119.035
2024-12-04,103.985
2024-12-05,103.675
2024-12-06,101.785
2024-12-07,98.68
2024-12-08,103.26
2024-12-09,154.315
2024-12-10,127.705
2024-12-11,133.905
2024-12-12,128.505
2024-12-13,140.465
2024-12-14,161.87
2024-12-15,140.29
2024-12-16,140.965
2024-12-17,118.585
2024-12-18,101.675
2024-12-19,147.47
2024-12-20,165.23
2024-12-21,150.875
2024-12-22,143.045
2024-12-23,159.435
2024-12-24,153.99
2024-12-25,121.01
2024-12-26,104.83
2024-12-27,94.95
2024-12-28,84.25
2024-12-29,76.985
2024-12-30,76.995
2024-12-31,73.7
