date,discharge_m3s
1953-01-01,1.52
1953-01-02,1.55
1953-01-03,1.81
1953-01-04,1.99
1953-01-05,2.05
1953-01-06,1.65
1953-01-07,1.58
1953-01-08,1.5
1953-01-09,1.58
1953-01-10,1.76
1953-01-11,2.06
1953-01-12,3.23
1953-01-13,3.45
1953-01-14,3.0
1953-01-15,3.14
1953-01-16,3.88
1953-01-17,4.11
1953-01-18,3.93
1953-01-19,3.28
1953-01-20,2.73
1953-01-21,2.53
1953-01-22,3.08
1953-01-23,3.02
1953-01-24,2.73
1953-01-25,4.82
1953-01-26,5.28
1953-01-27,5.44
1953-01-28,5.01
1953-01-29,4.56
1953-01-30,4.41
1953-01-31,3.61
1953-02-01,4.92
1953-02-02,7.0
1953-02-03,8.75
1953-02-04,9.29
1953-02-05,10.78
1953-02-06,15.15
1953-02-07,14.37
1953-02-08,14.7
1953-02-09,13.4
1953-02-10,13.79
1953-02-11,13.06
1953-02-12,11.25
1953-02-13,9.9
1953-02-14,9.44
1953-02-15,10.59
1953-02-16,8.85
1953-02-17,11.71
1953-02-18,17.9
1953-02-19,17.18
1953-02-20,18.13
1953-02-21,13.61
1953-02-22,10.45
1953-02-23,11.0
1953-02-24,9.98
1953-02-25,7.47
1953-02-26,6.03
1953-02-27,5.5
1953-02-28,5.86
1953-03-01,6.21
1953-03-02,5.91
1953-03-03,5.72
1953-03-04,6.35
1953-03-05,5.88
1953-03-06,5.05
1953-03-07,4.73
1953-03-08,6.2
1953-03-09,10.5
1953-03-10,9.58
1953-03-11,10.95
1953-03-12,13.21
1953-03-13,11.49
1953-03-14,9.89
1953-03-15,8.2
1953-03-16,7.67
1953-03-17,7.27
1953-03-18,7.6
1953-03-19,8.7
1953-03-20,9.67
1953-03-21,9.6
1953-03-22,8.79
1953-03-23,7.3
1953-03-24,7.19
1953-03-25,6.76
1953-03-26,7.35
1953-03-27,6.77
1953-03-28,5.18
1953-03-29,4.24
1953-03-30,3.67
1953-03-31,3.37
1953-04-01,3.2
1953-04-02,3.11
1953-04-03,5.67
1953-04-04,9.0
1953-04-05,7.5
1953-04-06,8.26
1953-04-07,8.4
1953-04-08,11.36
1953-04-09,12.06
1953-04-10,9.52
1953-04-11,9.86
1953-04-12,12.88
1953-04-13,13.47
1953-04-14,10.7
1953-04-15,9.39
1953-04-16,7.97
1953-04-17,6.71
1953-04-18,5.73
1953-04-19,4.76
1953-04-20,4.5
1953-04-21,4.42
1953-04-22,3.45
1953-04-23,3.19
1953-04-24,3.12
1953-04-25,2.9
1953-04-26,2.68
1953-04-27,2.47
1953-04-28,2.26
1953-04-29,2.19
1953-04-30,2.15
1953-05-01,2.0
1953-05-02,2.0
1953-05-03,1.85
1953-05-04,1.85
1953-05-05,1.78
1953-05-06,1.7
1953-05-07,1.85
1953-05-08,1.85
1953-05-09,1.93
1953-05-10,2.0
1953-05-11,2.3
1953-05-12,2.3
1953-05-13,2.3
1953-05-14,2.15
1953-05-15,1.85
1953-05-16,1.93
1953-05-17,1.78
1953-05-18,1.65
1953-05-19,1.6
1953-05-20,1.5
1953-05-21,1.4
1953-05-22,1.4
1953-05-23,1.3
1953-05-24,1.25
1953-05-25,1.2
1953-05-26,1.15
1953-05-27,1.1
1953-05-28,1.1
1953-05-29,1.01
1953-05-30,1.01
1953-05-31,1.01
1953-06-01,1.01
1953-06-02,0.96
1953-06-03,0.88
1953-06-04,0.88
1953-06-05,0.84
1953-06-06,0.84
1953-06-07,0.76
1953-06-08,0.69
1953-06-09,0.69
1953-06-10,0.69
1953-06-11,0.66
1953-06-12,0.69
1953-06-13,0.96
1953-06-14,0.96
1953-06-15,0.96
1953-06-16,0.96
1953-06-17,0.96
1953-06-18,0.56
1953-06-19,0.56
1953-06-20,0.56
1953-06-21,0.56
1953-06-22,0.56
1953-06-23,0.54
1953-06-24,0.54
1953-06-25,0.54
1953-06-26,0.54
1953-06-27,0.54
1953-06-28,0.54
1953-06-29,0.54
1953-06-30,0.54
1953-07-01,0.56
1953-07-02,0.54
1953-07-03,0.54
1953-07-04,0.52
1953-07-05,0.52
1953-07-06,0.5
1953-07-07,0.5
1953-07-08,0.5
1953-07-09,0.5
1953-07-10,0.48
1953-07-11,0.46
1953-07-12,0.46
1953-07-13,0.46
1953-07-14,0.46
1953-07-15,0.46
1953-07-16,0.46
1953-07-17,0.46
1953-07-18,0.46
1953-07-19,0.46
1953-07-20,0.46
1953-07-21,0.46
1953-07-22,0.46
1953-07-23,0.45
1953-07-24,0.45
1953-07-25,0.45
1953-07-26,0.44
1953-07-27,0.44
1953-07-28,0.43
1953-07-29,0.43
1953-07-30,0.43
1953-07-31,0.43
1953-08-01,0.43
1953-08-02,0.42
1953-08-03,0.42
1953-08-04,0.4
1953-08-05,0.4
1953-08-06,0.4
1953-08-07,0.4
1953-08-08,0.4
1953-08-09,0.4
1953-08-10,0.4
1953-08-11,0.36
1953-08-12,0.36
1953-08-13,0.36
1953-08-14,0.36
1953-08-15,0.36
1953-08-16,0.36
1953-08-17,0.38
1953-08-18,0.38
1953-08-19,0.38
1953-08-20,0.38
1953-08-21,0.36
1953-08-22,0.36
1953-08-23,0.34
1953-08-24,0.34
1953-08-25,0.34
1953-08-26,0.36
1953-08-27,0.36
1953-08-28,0.34
1953-08-29,0.32
1953-08-30,0.32
1953-08-31,0.32
1953-09-01,0.47
1953-09-02,0.47
1953-09-03,0.45
1953-09-04,0.45
1953-09-05,0.45
1953-09-06,0.45
1953-09-07,0.44
1953-09-08,0.44
1953-09-09,0.44
1953-09-10,0.48
1953-09-11,0.5
1953-09-12,0.5
1953-09-13,0.51
1953-09-14,0.45
1953-09-15,0.44
1953-09-16,0.44
1953-09-17,0.42
1953-09-18,0.41
1953-09-19,0.41
1953-09-20,0.42
1953-09-21,0.41
1953-09-22,0.41
1953-09-23,0.4
1953-09-24,0.4
1953-09-25,0.4
1953-09-26,0.39
1953-09-27,0.39
1953-09-28,0.41
1953-09-29,0.43
1953-09-30,0.51
1953-10-01,0.47
1953-10-02,0.44
1953-10-03,0.43
1953-10-04,0.42
1953-10-05,0.41
1953-10-06,0.39
1953-10-07,0.4
1953-10-08,0.4
1953-10-09,0.4
1953-10-10,0.41
1953-10-11,0.4
1953-10-12,0.41
1953-10-13,0.41
1953-10-14,0.39
1953-10-15,0.39
1953-10-16,0.39
1953-10-17,0.39
1953-10-18,0.39
1953-10-19,0.4
1953-10-20,0.43
1953-10-21,0.43
1953-10-22,0.45
1953-10-23,0.57
1953-10-24,0.56
1953-10-25,0.58
1953-10-26,0.91
1953-10-27,1.21
1953-10-28,1.68
1953-10-29,1.91
1953-10-30,2.01
1953-10-31,2.38
1953-11-01,2.38
1953-11-02,2.28
1953-11-03,1.99
1953-11-04,1.67
1953-11-05,2.1
1953-11-06,2.36
1953-11-07,1.75
1953-11-08,1.57
1953-11-09,2.16
1953-11-10,3.14
1953-11-11,3.06
1953-11-12,2.65
1953-11-13,2.07
1953-11-14,1.76
1953-11-15,1.53
1953-11-16,1.39
1953-11-17,1.41
1953-11-18,1.7
1953-11-19,1.87
1953-11-20,1.77
1953-11-21,1.72
1953-11-22,2.13
1953-11-23,2.75
1953-11-24,2.95
1953-11-25,2.82
1953-11-26,2.79
1953-11-27,3.6
1953-11-28,4.4
1953-11-29,4.48
1953-11-30,4.19
1953-12-01,5.21
1953-12-02,5.0
1953-12-03,4.29
1953-12-04,4.16
1953-12-05,3.64
1953-12-06,2.96
1953-12-07,2.4
1953-12-08,2.18
1953-12-09,2.11
1953-12-10,2.3
1953-12-11,2.38
1953-12-12,2.87
1953-12-13,2.75
1953-12-14,2.15
1953-12-15,1.93
1953-12-16,1.81
1953-12-17,1.66
1953-12-18,1.81
1953-12-19,1.85
1953-12-20,1.66
1953-12-21,1.46
1953-12-22,1.36
1953-12-23,1.35
1953-12-24,1.33
1953-12-25,1.27
1953-12-26,1.35
1953-12-27,1.38
1953-12-28,1.23
1953-12-29,1.4
1953-12-30,1.34
1953-12-31,1.28
1954-01-01,1.52
1954-01-02,1.52
1954-01-03,1.68
1954-01-04,1.81
1954-01-05,1.89
1954-01-06,2.31
1954-01-07,3.27
1954-01-08,3.19
1954-01-09,3.1
1954-01-10,3.24
1954-01-11,3.82
1954-01-12,3.86
1954-01-13,4.57
1954-01-14,6.51
1954-01-15,7.63
1954-01-16,9.52
1954-01-17,9.8
1954-01-18,13.33
1954-01-19,12.48
1954-01-20,12.13
1954-01-21,13.57
1954-01-22,9.97
1954-01-23,8.58
1954-01-24,7.08
1954-01-25,6.77
1954-01-26,9.21
1954-01-27,13.1
1954-01-28,14.24
1954-01-29,13.77
1954-01-30,10.86
1954-01-31,11.05
1954-02-01,9.99
1954-02-02,9.59
1954-02-03,9.81
1954-02-04,12.81
1954-02-05,14.11
1954-02-06,14.62
1954-02-07,11.0
1954-02-08,9.08
1954-02-09,8.32
1954-02-10,8.53
1954-02-11,7.64
1954-02-12,6.26
1954-02-13,5.25
1954-02-14,4.52
1954-02-15,4.02
1954-02-16,3.58
1954-02-17,3.26
1954-02-18,3.16
1954-02-19,3.89
1954-02-20,4.46
1954-02-21,3.93
1954-02-22,3.69
1954-02-23,4.0
1954-02-24,4.51
1954-02-25,7.49
1954-02-26,7.88
1954-02-27,6.62
1954-02-28,7.19
1954-03-01,11.44
1954-03-02,12.53
1954-03-03,15.72
1954-03-04,16.02
1954-03-05,14.06
1954-03-06,13.65
1954-03-07,11.51
1954-03-08,9.53
1954-03-09,8.43
1954-03-10,10.07
1954-03-11,12.86
1954-03-12,11.82
1954-03-13,8.77
1954-03-14,7.27
1954-03-15,6.92
1954-03-16,6.36
1954-03-17,6.28
1954-03-18,5.54
1954-03-19,5.39
1954-03-20,6.18
1954-03-21,6.45
1954-03-22,6.0
1954-03-23,5.79
1954-03-24,5.5
1954-03-25,4.83
1954-03-26,4.25
1954-03-27,3.8
1954-03-28,3.4
1954-03-29,3.2
1954-03-30,3.08
1954-03-31,3.15
1954-04-01,3.89
1954-04-02,3.65
1954-04-03,3.55
1954-04-04,3.28
1954-04-05,3.11
1954-04-06,2.88
1954-04-07,3.05
1954-04-08,4.04
1954-04-09,3.98
1954-04-10,4.13
1954-04-11,4.14
1954-04-12,4.47
1954-04-13,4.52
1954-04-14,3.87
1954-04-15,3.43
1954-04-16,3.25
1954-04-17,3.15
1954-04-18,3.33
1954-04-19,3.87
1954-04-20,3.51
1954-04-21,3.51
1954-04-22,3.19
1954-04-23,3.24
1954-04-24,2.88
1954-04-25,2.64
1954-04-26,2.49
1954-04-27,2.32
1954-04-28,2.19
1954-04-29,2.06
1954-04-30,1.89
1954-05-01,1.89
1954-05-02,2.03
1954-05-03,1.82
1954-05-04,1.82
1954-05-05,2.09
1954-05-06,2.54
1954-05-07,2.59
1954-05-08,2.19
1954-05-09,2.12
1954-05-10,2.02
1954-05-11,1.81
1954-05-12,1.62
1954-05-13,1.54
1954-05-14,1.47
1954-05-15,1.54
1954-05-16,1.58
1954-05-17,1.39
1954-05-18,1.33
1954-05-19,1.27
1954-05-20,1.22
1954-05-21,1.22
1954-05-22,1.33
1954-05-23,1.33
1954-05-24,1.22
1954-05-25,1.09
1954-05-26,1.04
1954-05-27,0.95
1954-05-28,0.95
1954-05-29,0.9
1954-05-30,0.86
1954-05-31,0.86
1954-06-01,0.83
1954-06-02,0.74
1954-06-03,0.74
1954-06-04,0.74
1954-06-05,0.68
1954-06-06,0.71
1954-06-07,0.77
1954-06-08,0.8
1954-06-09,0.74
1954-06-10,0.68
1954-06-11,0.63
1954-06-12,0.61
1954-06-13,0.61
1954-06-14,0.59
1954-06-15,0.59
1954-06-16,0.59
1954-06-17,0.57
1954-06-18,0.57
1954-06-19,0.57
1954-06-20,0.59
1954-06-21,0.59
1954-06-22,0.59
1954-06-23,0.59
1954-06-24,0.57
1954-06-25,0.51
1954-06-26,0.53
1954-06-27,0.53
1954-06-28,0.51
1954-06-29,0.51
1954-06-30,0.53
1954-07-01,0.53
1954-07-02,0.59
1954-07-03,0.74
1954-07-04,0.74
1954-07-05,0.71
1954-07-06,0.68
1954-07-07,0.68
1954-07-08,0.68
1954-07-09,0.66
1954-07-10,0.66
1954-07-11,0.63
1954-07-12,0.63
1954-07-13,0.63
1954-07-14,0.66
1954-07-15,0.66
1954-07-16,0.63
1954-07-17,0.61
1954-07-18,0.61
1954-07-19,0.59
1954-07-20,0.57
1954-07-21,0.55
1954-07-22,0.55
1954-07-23,0.55
1954-07-24,0.55
1954-07-25,0.55
1954-07-26,0.55
1954-07-27,0.55
1954-07-28,0.55
1954-07-29,0.53
1954-07-30,0.53
1954-07-31,0.53
1954-08-01,0.51
1954-08-02,0.51
1954-08-03,0.51
1954-08-04,0.51
1954-08-05,0.51
1954-08-06,0.51
1954-08-07,0.51
1954-08-08,0.51
1954-08-09,0.5
1954-08-10,0.5
1954-08-11,0.48
1954-08-12,0.48
1954-08-13,0.48
1954-08-14,0.48
1954-08-15,0.5
1954-08-16,0.5
1954-08-17,0.48
1954-08-18,0.48
1954-08-19,0.48
1954-08-20,0.48
1954-08-21,0.47
1954-08-22,0.47
1954-08-23,0.48
1954-08-24,0.48
1954-08-25,0.47
1954-08-26,0.45
1954-08-27,0.45
1954-08-28,0.45
1954-08-29,0.45
1954-08-30,0.45
1954-08-31,0.47
1954-09-01,0.47
1954-09-02,0.47
1954-09-03,0.48
1954-09-04,0.47
1954-09-05,0.47
1954-09-06,0.47
1954-09-07,0.47
1954-09-08,0.47
1954-09-09,0.47
1954-09-10,0.47
1954-09-11,0.47
1954-09-12,0.46
1954-09-13,0.46
1954-09-14,0.45
1954-09-15,0.45
1954-09-16,0.45
1954-09-17,0.45
1954-09-18,0.45
1954-09-19,0.45
1954-09-20,0.48
1954-09-21,0.56
1954-09-22,0.63
1954-09-23,0.61
1954-09-24,0.59
1954-09-25,0.59
1954-09-26,0.61
1954-09-27,0.75
1954-09-28,0.96
1954-09-29,0.97
1954-09-30,0.86
1954-10-01,0.8992741935483871
1954-10-02,0.938548387096774
1955-02-01,5.73
1955-02-02,6.21
1955-02-03,5.38
1955-02-04,5.7
1955-02-05,7.53
1955-02-06,6.43
1955-02-07,5.75
1955-02-08,7.27
1955-02-09,9.02
1955-02-10,9.86
1955-02-11,9.79
1955-02-12,8.33
1955-02-13,7.49
1955-02-14,6.86
1955-02-15,5.91
1955-02-16,5.84
1955-02-17,6.25
1955-02-18,6.11
1955-02-19,7.61
1955-02-20,8.36
1955-02-21,13.22
1955-02-22,16.2
1955-02-23,18.45
1955-02-24,18.32
1955-02-25,17.08
1955-02-26,16.93
1955-02-27,13.86
1955-02-28,10.28
1955-03-01,7.98
1955-03-02,6.58
1955-03-03,5.61
1955-03-04,4.86
1955-03-05,4.52
1955-03-06,4.82
1955-03-07,6.91
1955-03-08,8.82
1955-03-09,8.07
1955-03-10,7.98
1955-03-11,16.97
1955-03-12,14.87
1955-03-13,12.2
1955-03-14,12.65
1955-03-15,17.32
1955-03-16,22.6
1955-03-17,21.67
1955-03-18,31.89
1955-03-19,26.64
1955-03-20,23.3
1955-03-21,18.82
1955-03-22,17.32
1955-03-23,20.57
1955-03-24,17.03
1955-03-25,14.14
1955-03-26,12.59
1955-03-27,11.53
1955-03-28,10.23
1955-03-29,9.65
1955-03-30,9.47
1955-03-31,9.2
1955-04-01,9.081612903225803
1955-04-02,8.963225806451613
1955-06-01,1.86
1955-06-02,1.86
1955-06-03,1.86
1955-06-04,1.71
1955-06-05,1.65
1955-06-06,1.52
1955-06-07,1.45
1955-06-08,1.39
1955-06-09,1.33
1955-06-10,1.33
1955-06-11,1.28
1955-06-12,1.18
1955-06-13,1.13
1955-06-14,1.13
1955-06-15,1.13
1955-06-16,1.13
1955-06-17,1.13
1955-06-18,1.13
1955-06-19,1.13
1955-06-20,1.13
1955-06-21,1.18
1955-06-22,1.13
1955-06-23,1.13
1955-06-24,1.18
1955-06-25,1.18
1955-06-26,1.13
1955-06-27,1.13
1955-06-28,1.13
1955-06-29,1.18
1955-06-30,1.18
1955-07-01,1.1733333333333331
1955-07-02,1.1666666666666663
1955-09-01,0.76
1955-09-02,0.76
1955-09-03,0.76
1955-09-04,0.68
1955-09-05,0.68
1955-09-06,0.68
1955-09-07,0.68
1955-09-08,0.71
1955-09-09,0.68
1955-09-10,0.68
1955-09-11,0.68
1955-09-12,0.68
1955-09-13,0.68
1955-09-14,0.8
1955-09-15,0.76
1955-09-16,0.68
1955-09-17,0.71
1955-09-18,0.8
1955-09-19,0.95
1955-09-20,0.83
1955-09-21,0.76
1955-09-22,0.76
1955-09-23,0.68
1955-09-24,0.68
1955-09-25,0.68
1955-09-26,0.63
1955-09-27,0.61
1955-09-28,0.55
1955-09-29,0.55
1955-09-30,0.55
1955-10-01,0.55
1955-10-02,0.57
1955-10-03,0.59
1955-10-04,0.63
1955-10-05,0.63
1955-10-06,0.59
1955-10-07,0.51
1955-10-08,0.53
1955-10-09,0.51
1955-10-10,0.51
1955-10-11,0.53
1955-10-12,0.53
1955-10-13,0.59
1955-10-14,0.86
1955-10-15,0.95
1955-10-16,1.0
1955-10-17,0.8
1955-10-18,0.63
1955-10-19,0.57
1955-10-20,0.55
1955-10-21,0.53
1955-10-22,0.51
1955-10-23,0.51
1955-10-24,0.51
1955-10-25,0.53
1955-10-26,0.51
1955-10-27,0.51
1955-10-28,0.59
1955-10-29,0.57
1955-10-30,0.61
1955-10-31,0.67
1955-11-01,0.62
1955-11-02,0.72
1955-11-03,0.78
1955-11-04,0.76
1955-11-05,0.75
1955-11-06,0.74
1955-11-07,0.74
1955-11-08,0.77
1955-11-09,0.84
1955-11-10,0.95
1955-11-11,0.78
1955-11-12,0.66
1955-11-13,0.61
1955-11-14,0.59
1955-11-15,0.57
1955-11-16,0.58
1955-11-17,0.6
1955-11-18,0.63
1955-11-19,0.62
1955-11-20,0.66
1955-11-21,0.74
1955-11-22,0.87
1955-11-23,0.82
1955-11-24,0.85
1955-11-25,1.08
1955-11-26,1.0
1955-11-27,0.89
1955-11-28,0.87
1955-11-29,1.02
1955-11-30,1.32
1955-12-01,1.44
1955-12-02,1.14
1955-12-03,1.14
1955-12-04,1.16
1955-12-05,1.32
1955-12-06,1.25
1955-12-07,1.11
1955-12-08,1.01
1955-12-09,0.89
1955-12-10,0.92
1955-12-11,1.07
1955-12-12,1.18
1955-12-13,1.25
1955-12-14,1.74
1955-12-15,2.56
1955-12-16,3.06
1955-12-17,3.28
1955-12-18,2.91
1955-12-19,2.73
1955-12-20,2.54
1955-12-21,2.16
1955-12-22,1.77
1955-12-23,1.54
1955-12-24,1.54
1955-12-25,1.66
1955-12-26,1.53
1955-12-27,1.39
1955-12-28,1.33
1955-12-29,1.22
1955-12-30,1.18
1955-12-31,1.18
1956-01-01,1.18
1956-01-02,1.22
1956-01-03,1.28
1956-01-04,1.18
1956-01-05,1.18
1956-01-06,1.33
1956-01-07,1.22
1956-01-08,1.09
1956-01-09,1.04
1956-01-10,1.09
1956-01-11,1.09
1956-01-12,1.22
1956-01-13,1.22
1956-01-14,1.33
1956-01-15,1.22
1956-01-16,1.13
1956-01-17,1.09
1956-01-18,1.01
1956-01-19,1.24
1956-01-20,1.48
1956-01-21,1.8
1956-01-22,2.38
1956-01-23,2.94
1956-01-24,3.85
1956-01-25,4.68
1956-01-26,5.43
1956-01-27,7.27
1956-01-28,9.08
1956-01-29,9.32
1956-01-30,7.94
1956-01-31,5.96
1956-02-01,4.52
1956-02-02,4.14
1956-02-03,3.77
1956-02-04,3.99
1956-02-05,5.6
1956-02-06,7.49
1956-02-07,6.01
1956-02-08,6.0
1956-02-09,6.1
1956-02-10,6.21
1956-02-11,5.67
1956-02-12,8.33
1956-02-13,11.53
1956-02-14,10.14
1956-02-15,9.22
1956-02-16,7.64
1956-02-17,6.3
1956-02-18,5.85
1956-02-19,6.32
1956-02-20,7.99
1956-02-21,7.87
1956-02-22,10.45
1956-02-23,11.81
1956-02-24,12.0
1956-02-25,12.5
1956-02-26,12.9
1956-02-27,11.49
1956-02-28,11.42
1956-02-29,10.67
1956-03-01,9.43
1956-03-02,13.87
1956-03-03,12.0
1956-03-04,11.0
1956-03-05,10.0
1956-03-06,10.0
1956-03-07,10.0
1956-03-08,9.0
1956-03-09,8.0
1956-03-10,7.0
1956-03-11,6.95
1956-03-12,10.51
1956-03-13,9.57
1956-03-14,11.97
1956-03-15,16.87
1956-03-16,18.26
1956-03-17,14.71
1956-03-18,11.35
1956-03-19,9.17
1956-03-20,77.8
1956-03-21,7.91
1956-03-22,6.82
1956-03-23,7.18
1956-03-24,6.37
1956-03-25,5.5
1956-03-26,5.71
1956-03-27,7.25
1956-03-28,6.01
1956-03-29,5.24
1956-03-30,4.9
1956-03-31,8.23
1956-04-01,8.37
1956-04-02,14.89
1956-04-03,16.42
1956-04-04,12.5
1956-04-05,10.21
1956-04-06,9.3
1956-04-07,8.81
1956-04-08,7.78
1956-04-09,7.75
1956-04-10,10.55
1956-04-11,10.81
1956-04-12,12.25
1956-04-13,9.93
1956-04-14,10.92
1956-04-15,10.7
1956-04-16,10.64
1956-04-17,8.92
1956-04-18,9.17
1956-04-19,8.14
1956-04-20,7.5
1956-04-21,7.43
1956-04-22,8.0
1956-04-23,9.1
1956-04-24,8.55
1956-04-25,9.27
1956-04-26,7.83
1956-04-27,6.79
1956-04-28,6.0
1956-04-29,5.59
1956-04-30,5.5
1956-05-01,5.47
1956-05-02,4.73
1956-05-03,4.44
1956-05-04,3.9
1956-05-05,4.82
1956-05-06,4.6
1956-05-07,4.4
1956-05-08,4.31
1956-05-09,4.02
1956-05-10,3.95
1956-05-11,4.12
1956-05-12,3.76
1956-05-13,3.6
1956-05-14,3.6
1956-05-15,3.5
1956-05-16,3.27
1956-05-17,3.0
1956-05-18,2.91
1956-05-19,2.83
1956-05-20,2.69
1956-05-21,2.45
1956-05-22,2.2
1956-05-23,2.0
1956-05-24,1.8
1956-05-25,1.6
1956-05-26,1.47
1956-05-27,1.38
1956-05-28,1.32
1956-05-29,1.27
1956-05-30,1.27
1956-05-31,1.23
1956-06-01,1.22
1956-06-02,1.17
1956-06-03,1.13
1956-06-04,1.13
1956-06-05,1.13
1956-06-06,1.12
1956-06-07,1.09
1956-06-08,1.09
1956-06-09,1.09
1956-06-10,1.09
1956-06-11,1.05
1956-06-12,1.05
1956-06-13,1.01
1956-06-14,1.01
1956-06-15,1.0
1956-06-16,1.0
1956-06-17,0.98
1956-06-18,0.9
1956-06-19,0.9
1956-06-20,0.86
1956-06-21,0.86
1956-06-22,0.86
1956-06-23,0.83
1956-06-24,0.83
1956-06-25,0.83
1956-06-26,0.86
1956-06-27,0.87
1956-06-28,0.82
1956-06-29,0.83
1956-06-30,0.84
1956-07-01,0.85
1956-07-02,0.87
1956-07-03,0.86
1956-07-04,0.86
1956-07-05,0.87
1956-07-06,0.87
1956-07-07,0.86
1956-07-08,0.92
1956-07-09,0.95
1956-07-10,0.95
1956-07-11,0.93
1956-07-12,0.89
1956-07-13,0.9
1956-07-14,0.95
1956-07-15,0.95
1956-07-16,0.97
1956-07-17,1.0
1956-07-18,1.0
1956-07-19,0.95
1956-07-20,0.96
1956-07-21,0.95
1956-07-22,0.95
1956-07-23,0.95
1956-07-24,0.95
1956-07-25,0.95
1956-07-26,1.0
1956-07-27,1.03
1956-07-28,1.04
1956-07-29,1.0
1956-07-30,1.0
1956-07-31,1.0
1956-08-01,0.93
1956-08-02,0.9
1956-08-03,0.89
1956-08-04,0.94
1956-08-05,0.95
1956-08-06,0.95
1956-08-07,0.88
1956-08-08,0.86
1956-08-09,0.86
1956-08-10,0.87
1956-08-11,0.87
1956-08-12,0.87
1956-08-13,0.87
1956-08-14,0.86
1956-08-15,0.85
1956-08-16,0.87
1956-08-17,0.84
1956-08-18,0.84
1956-08-19,0.85
1956-08-20,0.84
1956-08-21,0.84
1956-08-22,0.89
1956-08-23,0.95
1956-08-24,1.08
1956-08-25,1.0
1956-08-26,0.99
1956-08-27,1.04
1956-08-28,0.99
1956-08-29,0.98
1956-08-30,0.96
1956-08-31,0.91
1956-09-01,0.87
1956-09-02,0.87
1956-09-03,0.87
1956-09-04,0.87
1956-09-05,0.86
1956-09-06,0.98
1956-09-07,1.14
1956-09-08,1.07
1956-09-09,1.02
1956-09-10,0.98
1956-09-11,0.92
1956-09-12,0.9
1956-09-13,0.89
1956-09-14,0.9
1956-09-15,0.89
1956-09-16,0.88
1956-09-17,0.92
1956-09-18,0.95
1956-09-19,0.97
1956-09-20,1.04
1956-09-21,1.09
1956-09-22,1.04
1956-09-23,1.04
1956-09-24,1.14
1956-09-25,1.28
1956-09-26,1.19
1956-09-27,1.2
1956-09-28,1.35
1956-09-29,1.82
1956-09-30,1.85
1956-10-01,1.66
1956-10-02,1.89
1956-10-03,2.45
1956-10-04,2.65
1956-10-05,2.68
1956-10-06,2.89
1956-10-07,3.19
1956-10-08,3.15
1956-10-09,2.98
1956-10-10,3.1
1956-10-11,3.25
1956-10-12,3.23
1956-10-13,2.93
1956-10-14,2.6
1956-10-15,2.36
1956-10-16,3.03
1956-10-17,1.87
1956-10-18,1.79
1956-10-19,1.8
1956-10-20,1.72
1956-10-21,1.59
1956-10-22,1.5
1956-10-23,1.53
1956-10-24,1.49
1956-10-25,1.4
1956-10-26,1.3
1956-10-27,1.27
1956-10-28,1.24
1956-10-29,1.22
1956-10-30,1.19
1956-10-31,1.24
1956-11-01,1.27
1956-11-02,1.22
1956-11-03,1.21
1956-11-04,1.26
1956-11-05,1.38
1956-11-06,1.38
1956-11-07,0.86
1956-11-08,0.56
1956-11-09,0.68
1956-11-10,0.72
1956-11-11,0.72
1956-11-12,0.69
1956-11-13,0.65
1956-11-14,0.68
1956-11-15,0.66
1956-11-16,0.61
1956-11-17,0.62
1956-11-18,0.59
1956-11-19,0.56
1956-11-20,0.56
1956-11-21,0.58
1956-11-22,0.64
1956-11-23,0.68
1956-11-24,0.7
1956-11-25,0.92
1956-11-26,0.92
1956-11-27,0.91
1956-11-28,0.94
1956-11-29,0.85
1956-11-30,0.92
1956-12-01,1.06
1956-12-02,0.99
1956-12-03,0.87
1956-12-04,0.8
1956-12-05,0.95
1956-12-06,1.04
1956-12-07,0.91
1956-12-08,0.94
1956-12-09,0.98
1956-12-10,0.97
1956-12-11,0.95
1956-12-12,0.99
1956-12-13,1.06
1956-12-14,1.0
1956-12-15,0.89
1956-12-16,0.86
1956-12-17,0.98
1956-12-18,1.1
1956-12-19,1.1
1956-12-20,1.18
1956-12-21,1.09
1956-12-22,1.12
1956-12-23,1.27
1956-12-24,1.46
1956-12-25,1.43
1956-12-26,1.54
1956-12-27,1.63
1956-12-28,1.68
1956-12-29,1.54
1956-12-30,1.39
1956-12-31,1.36
1957-01-01,1.4143750000000002
1957-01-02,1.46875
1957-02-01,3.1
1957-02-02,3.33
1957-02-03,3.03
1957-02-04,3.72
1957-02-05,5.1
1957-02-06,6.32
1957-02-07,6.66
1957-02-08,6.77
1957-02-09,8.3
1957-02-10,6.99
1957-02-11,5.52
1957-02-12,4.78
1957-02-13,4.83
1957-02-14,5.24
1957-02-15,5.71
1957-02-16,4.95
1957-02-17,4.24
1957-02-18,3.64
1957-02-19,4.13
1957-02-20,6.16
1957-02-21,7.58
1957-02-22,11.49
1957-02-23,17.52
1957-02-24,16.34
1957-02-25,12.6
1957-02-26,10.45
1957-02-27,8.43
1957-02-28,6.82
1957-03-01,5.77
1957-03-02,5.04
1957-03-03,4.52
1957-03-04,4.26
1957-03-05,4.19
1957-03-06,4.3
1957-03-07,5.37
1957-03-08,10.45
1957-03-09,10.53
1957-03-10,8.8
1957-03-11,7.46
1957-03-12,6.39
1957-03-13,5.66
1957-03-14,6.04
1957-03-15,7.82
1957-03-16,6.65
1957-03-17,6.49
1957-03-18,5.44
1957-03-19,6.43
1957-03-20,6.16
1957-03-21,5.11
1957-03-22,6.77
1957-03-23,8.99
1957-03-24,7.83
1957-03-25,7.64
1957-03-26,8.81
1957-03-27,6.91
1957-03-28,6.08
1957-03-29,5.22
1957-03-30,6.42
1957-03-31,7.47
1957-04-01,6.84
1957-04-02,6.92
1957-04-03,5.96
1957-04-04,5.12
1957-04-05,4.96
1957-04-06,4.51
1957-04-07,4.35
1957-04-08,5.11
1957-04-09,4.15
1957-04-10,3.64
1957-04-11,3.4
1957-04-12,3.27
1957-04-13,3.29
1957-04-14,3.35
1957-04-15,3.34
1957-04-16,3.23
1957-04-17,3.73
1957-04-18,4.08
1957-04-19,4.33
1957-04-20,4.66
1957-04-21,4.96
1957-04-22,5.3
1957-04-23,4.5
1957-04-24,4.22
1957-04-25,3.86
1957-04-26,3.75
1957-04-27,3.7
1957-04-28,3.7
1957-04-29,3.5
1957-04-30,3.41
1957-05-01,3.31
1957-05-02,3.15
1957-05-03,2.84
1957-05-04,2.71
1957-05-05,2.5
1957-05-06,2.34
1957-05-07,1.94
1957-05-08,1.69
1957-05-09,1.71
1957-05-10,1.83
1957-05-11,1.82
1957-05-12,1.85
1957-05-13,1.8
1957-05-14,1.56
1957-05-15,1.49
1957-05-16,1.52
1957-05-17,1.57
1957-05-18,1.51
1957-05-19,1.41
1957-05-20,1.34
1957-05-21,1.31
1957-05-22,1.44
1957-05-23,1.45
1957-05-24,1.45
1957-05-25,1.44
1957-05-26,1.36
1957-05-27,1.28
1957-05-28,1.23
1957-05-29,1.29
1957-05-30,1.37
1957-05-31,1.45
1957-06-01,1.09
1957-06-02,1.05
1957-06-03,1.01
1957-06-04,1.03
1957-06-05,1.06
1957-06-06,1.04
1957-06-07,1.04
1957-06-08,1.04
1957-06-09,1.09
1957-06-10,1.12
1957-06-11,0.9
1957-06-12,0.74
1957-06-13,0.75
1957-06-14,0.75
1957-06-15,0.78
1957-06-16,0.74
1957-06-17,0.74
1957-06-18,0.74
1957-06-19,0.73
1957-06-20,0.69
1957-06-21,0.68
1957-06-22,0.67
1957-06-23,0.65
1957-06-24,0.66
1957-06-25,0.67
1957-06-26,0.68
1957-06-27,0.73
1957-06-28,0.72
1957-06-29,0.72
1957-06-30,0.71
1957-07-01,0.69
1957-07-02,0.69
1957-07-03,0.68
1957-07-04,0.68
1957-07-05,0.68
1957-07-06,0.67
1957-07-07,0.67
1957-07-08,0.68
1957-07-09,0.68
1957-07-10,0.7
1957-07-11,0.7
1957-07-12,0.69
1957-07-13,0.68
1957-07-14,0.68
1957-07-15,0.68
1957-07-16,0.68
1957-07-17,0.67
1957-07-18,0.65
1957-07-19,0.67
1957-07-20,0.68
1957-07-21,0.61
1957-07-22,0.56
1957-07-23,0.56
1957-07-24,0.56
1957-07-25,0.56
1957-07-26,0.54
1957-07-27,0.55
1957-07-28,0.56
1957-07-29,0.56
1957-07-30,0.56
1957-07-31,0.56
1957-08-01,0.56
1957-08-02,0.56
1957-08-03,0.56
1957-08-04,0.55
1957-08-05,0.52
1957-08-06,0.53
1957-08-07,0.54
1957-08-08,0.54
1957-08-09,0.58
1957-08-10,0.6
1957-08-11,0.6
1957-08-12,0.64
1957-08-13,0.66
1957-08-14,0.63
1957-08-15,0.61
1957-08-16,0.61
1957-08-17,0.61
1957-08-18,0.61
1957-08-19,0.55
1957-08-20,0.46
1957-08-21,0.45
1957-08-22,0.45
1957-08-23,0.45
1957-08-24,0.45
1957-08-25,0.45
1957-08-26,0.45
1957-08-27,0.46
1957-08-28,0.47
1957-08-29,0.48
1957-08-30,0.48
1957-08-31,0.53
1957-09-01,0.62
1957-09-02,0.55
1957-09-03,0.54
1957-09-04,0.54
1957-09-05,0.53
1957-09-06,0.52
1957-09-07,0.51
1957-09-08,0.49
1957-09-09,0.44
1957-09-10,0.44
1957-09-11,0.46
1957-09-12,0.46
1957-09-13,0.51
1957-09-14,0.53
1957-09-15,0.54
1957-09-16,0.51
1957-09-17,0.5
1957-09-18,0.48
1957-09-19,0.47
1957-09-20,0.45
1957-09-21,0.44
1957-09-22,0.45
1957-09-23,0.45
1957-09-24,0.46
1957-09-25,0.47
1957-09-26,0.51
1957-09-27,0.53
1957-09-28,0.52
1957-09-29,0.5
1957-09-30,0.46
1957-10-01,0.51
1957-10-02,0.5
1957-10-03,0.47
1957-10-04,0.47
1957-10-05,0.47
1957-10-06,0.47
1957-10-07,0.48
1957-10-08,0.52
1957-10-09,0.51
1957-10-10,0.51
1957-10-11,0.52
1957-10-12,0.53
1957-10-13,0.5
1957-10-14,0.47
1957-10-15,0.47
1957-10-16,0.47
1957-10-17,0.49
1957-10-18,0.5
1957-10-19,0.5
1957-10-20,0.5
1957-10-21,0.54
1957-10-22,0.58
1957-10-23,0.57
1957-10-24,0.81
1957-10-25,1.14
1957-10-26,1.15
1957-10-27,1.08
1957-10-28,0.91
1957-10-29,0.82
1957-10-30,0.77
1957-10-31,0.7
1957-11-01,0.73
1957-11-02,0.75
1957-11-03,0.91
1957-11-04,1.29
1957-11-05,1.58
1957-11-06,1.72
1957-11-07,1.77
1957-11-08,1.65
1957-11-09,1.58
1957-11-10,1.46
1957-11-11,1.26
1957-11-12,1.18
1957-11-13,1.15
1957-11-14,1.07
1957-11-15,0.93
1957-11-16,0.79
1957-11-17,1.25
1957-11-18,1.13
1957-11-19,1.25
1957-11-20,1.1
1957-11-21,1.04
1957-11-22,1.01
1957-11-23,1.03
1957-11-24,0.92
1957-11-25,0.86
1957-11-26,0.87
1957-11-27,0.85
1957-11-28,0.82
1957-11-29,0.87
1957-11-30,0.9
1957-12-01,0.97
1957-12-02,0.97
1957-12-03,0.96
1957-12-04,0.88
1957-12-05,0.85
1957-12-06,0.81
1957-12-07,0.91
1957-12-08,1.16
1957-12-09,1.25
1957-12-10,1.16
1957-12-11,1.07
1957-12-12,1.07
1957-12-13,1.01
1957-12-14,0.96
1957-12-15,1.15
1957-12-16,1.24
1957-12-17,1.27
1957-12-18,1.16
1957-12-19,1.41
1957-12-20,2.58
1957-12-21,3.3
1957-12-22,3.5
1957-12-23,3.55
1957-12-24,2.91
1957-12-25,2.97
1957-12-26,3.27
1957-12-27,4.23
1957-12-28,4.59
1957-12-29,4.99
1957-12-30,3.93
1957-12-31,3.0
1958-01-01,2.58
1958-01-02,2.25
1958-01-03,2.62
1958-01-04,2.79
1958-01-05,3.16
1958-01-06,3.91
1958-01-07,3.51
1958-01-08,3.11
1958-01-09,2.94
1958-01-10,3.49
1958-01-11,4.23
1958-01-12,4.08
1958-01-13,4.59
1958-01-14,4.61
1958-01-15,4.17
1958-01-16,3.55
1958-01-17,3.09
1958-01-18,2.86
1958-01-19,2.57
1958-01-20,2.55
1958-01-21,2.47
1958-01-22,2.58
1958-01-23,2.61
1958-01-24,2.28
1958-01-25,2.16
1958-01-26,2.09
1958-01-27,2.2
1958-01-28,2.14
1958-01-29,1.99
1958-01-30,2.22
1958-01-31,2.67
1958-02-01,2.35
1958-02-02,2.07
1958-02-03,2.15
1958-02-04,2.44
1958-02-05,2.9
1958-02-06,2.66
1958-02-07,2.22
1958-02-08,2.08
1958-02-09,2.08
1958-02-10,1.98
1958-02-11,2.27
1958-02-12,2.34
1958-02-13,3.02
1958-02-14,4.34
1958-02-15,5.18
1958-02-16,7.73
1958-02-17,7.49
1958-02-18,6.28
1958-02-19,5.75
1958-02-20,6.9
1958-02-21,6.45
1958-02-22,8.01
1958-02-23,12.41
1958-02-24,13.68
1958-02-25,13.45
1958-02-26,14.45
1958-02-27,13.79
1958-02-28,11.89
1958-03-01,9.29
1958-03-02,7.93
1958-03-03,8.12
1958-03-04,6.81
1958-03-05,5.62
1958-03-06,4.56
1958-03-07,4.39
1958-03-08,5.71
1958-03-09,6.43
1958-03-10,6.95
1958-03-11,7.33
1958-03-12,8.1
1958-03-13,8.52
1958-03-14,10.99
1958-03-15,10.24
1958-03-16,11.85
1958-03-17,13.75
1958-03-18,17.73
1958-03-19,16.54
1958-03-20,16.06
1958-03-21,13.63
1958-03-22,11.41
1958-03-23,13.95
1958-03-24,14.44
1958-03-25,14.95
1958-03-26,12.96
1958-03-27,10.37
1958-03-28,12.23
1958-03-29,9.81
1958-03-30,7.57
1958-03-31,6.19
1958-04-01,5.15
1958-04-02,4.99
1958-04-03,5.25
1958-04-04,4.88
1958-04-05,5.15
1958-04-06,5.3
1958-04-07,4.48
1958-04-08,4.08
1958-04-09,3.72
1958-04-10,3.4
1958-04-11,3.06
1958-04-12,3.1
1958-04-13,2.87
1958-04-14,2.74
1958-04-15,2.82
1958-04-16,2.53
1958-04-17,2.43
1958-04-18,2.34
1958-04-19,2.42
1958-04-20,3.72
1958-04-21,3.48
1958-04-22,3.27
1958-04-23,3.13
1958-04-24,2.86
1958-04-25,2.6
1958-04-26,2.47
1958-04-27,2.5
1958-04-28,2.38
1958-04-29,2.47
1958-04-30,2.51
1958-05-01,2.21
1958-05-02,2.02
1958-05-03,1.88
1958-05-04,1.75
1958-05-05,1.68
1958-05-06,1.6
1958-05-07,1.47
1958-05-08,1.39
1958-05-09,1.33
1958-05-10,1.33
1958-05-11,1.39
1958-05-12,1.33
1958-05-13,1.33
1958-05-14,1.28
1958-05-15,1.33
1958-05-16,1.33
1958-05-17,1.22
1958-05-18,1.18
1958-05-19,1.22
1958-05-20,1.33
1958-05-21,1.22
1958-05-22,1.13
1958-05-23,1.09
1958-05-24,1.13
1958-05-25,1.18
1958-05-26,1.18
1958-05-27,1.04
1958-05-28,1.0
1958-05-29,0.95
1958-05-30,1.0
1958-05-31,0.91
1958-06-01,0.86
1958-06-02,0.8
1958-06-03,0.74
1958-06-04,0.71
1958-06-05,0.64
1958-06-06,0.66
1958-06-07,0.64
1958-06-08,0.64
1958-06-09,0.62
1958-06-10,0.62
1958-06-11,0.62
1958-06-12,0.6
1958-06-13,0.6
1958-06-14,0.62
1958-06-15,0.62
1958-06-16,0.62
1958-06-17,0.6
1958-06-18,0.6
1958-06-19,0.62
1958-06-20,0.62
1958-06-21,0.6
1958-06-22,0.6
1958-06-23,0.6
1958-06-24,0.58
1958-06-25,0.58
1958-06-26,0.56
1958-06-27,0.56
1958-06-28,0.56
1958-06-29,0.58
1958-06-30,0.58
1958-07-01,0.58
1958-07-02,0.56
1958-07-03,0.58
1958-07-04,0.58
1958-07-05,0.6
1958-07-06,0.62
1958-07-07,0.62
1958-07-08,0.64
1958-07-09,0.62
1958-07-10,0.56
1958-07-11,0.56
1958-07-12,0.58
1958-07-13,0.56
1958-07-14,0.58
1958-07-15,0.56
1958-07-16,0.56
1958-07-17,0.52
1958-07-18,0.54
1958-07-19,0.52
1958-07-20,0.52
1958-07-21,0.52
1958-07-22,0.52
1958-07-23,0.52
1958-07-24,0.52
1958-07-25,0.52
1958-07-26,0.52
1958-07-27,0.52
1958-07-28,0.54
1958-07-29,0.54
1958-07-30,0.52
1958-07-31,0.52
1958-08-01,0.52
1958-08-02,0.54
1958-08-03,0.52
1958-08-04,0.52
1958-08-05,0.52
1958-08-06,0.52
1958-08-07,0.54
1958-08-08,0.54
1958-08-09,0.56
1958-08-10,0.58
1958-08-11,0.58
1958-08-12,0.58
1958-08-13,0.56
1958-08-14,0.5
1958-08-15,0.47
1958-08-16,0.45
1958-08-17,0.45
1958-08-18,0.47
1958-08-19,0.47
1958-08-20,0.47
1958-08-21,0.47
1958-08-22,0.5
1958-08-23,0.48
1958-08-24,0.47
1958-08-25,0.45
1958-08-26,0.44
1958-08-27,0.43
1958-08-28,0.44
1958-08-29,0.44
1958-08-30,0.44
1958-08-31,0.45
1958-09-01,0.47
1958-09-02,0.48
1958-09-03,0.44
1958-09-04,0.44
1958-09-05,0.44
1958-09-06,0.45
1958-09-07,0.45
1958-09-08,0.45
1958-09-09,0.48
1958-09-10,0.5
1958-09-11,0.5
1958-09-12,0.52
1958-09-13,0.5
1958-09-14,0.52
1958-09-15,0.52
1958-09-16,0.48
1958-09-17,0.48
1958-09-18,0.48
1958-09-19,0.48
1958-09-20,0.45
1958-09-21,0.48
1958-09-22,0.56
1958-09-23,0.52
1958-09-24,0.52
1958-09-25,0.52
1958-09-26,0.56
1958-09-27,0.68
1958-09-28,0.6
1958-09-29,0.52
1958-09-30,0.5
1958-10-01,0.51
1958-10-02,0.57
1958-10-03,0.78
1958-10-04,1.19
1958-10-05,1.25
1958-10-06,0.83
1958-10-07,0.68
1958-10-08,0.64
1958-10-09,0.62
1958-10-10,0.62
1958-10-11,0.62
1958-10-12,0.73
1958-10-13,0.88
1958-10-14,0.89
1958-10-15,0.99
1958-10-16,1.05
1958-10-17,0.9
1958-10-18,1.54
1958-10-19,1.93
1958-10-20,1.5
1958-10-21,1.3
1958-10-22,1.2
1958-10-23,1.2
1958-10-24,1.23
1958-10-25,1.17
1958-10-26,1.09
1958-10-27,0.93
1958-10-28,0.85
1958-10-29,0.85
1958-10-30,0.92
1958-10-31,0.97
1958-11-01,1.09
1958-11-02,1.1
1958-11-03,1.17
1958-11-04,1.24
1958-11-05,1.21
1958-11-06,1.08
1958-11-07,0.97
1958-11-08,0.94
1958-11-09,1.1
1958-11-10,1.05
1958-11-11,0.94
1958-11-12,1.0
1958-11-13,1.07
1958-11-14,1.06
1958-11-15,1.11
1958-11-16,1.14
1958-11-17,1.2
1958-11-18,1.21
1958-11-19,1.34
1958-11-20,1.43
1958-11-21,1.31
1958-11-22,1.2
1958-11-23,1.02
1958-11-24,0.83
1958-11-25,0.83
1958-11-26,0.9
1958-11-27,0.9
1958-11-28,0.94
1958-11-29,1.27
1958-11-30,1.43
1958-12-01,1.3
1958-12-02,1.2
1958-12-03,1.14
1958-12-04,1.17
1958-12-05,1.13
1958-12-06,1.07
1958-12-07,0.94
1958-12-08,1.03
1958-12-09,1.23
1958-12-10,1.32
1958-12-11,1.35
1958-12-12,1.36
1958-12-13,1.42
1958-12-14,1.51
1958-12-15,1.59
1958-12-16,1.59
1958-12-17,1.55
1958-12-18,1.74
1958-12-19,1.89
1958-12-20,1.76
1958-12-21,1.63
1958-12-22,1.94
1958-12-23,2.17
1958-12-24,2.14
1958-12-25,2.09
1958-12-26,1.46
1958-12-27,1.17
1958-12-28,1.08
1958-12-29,1.1
1958-12-30,1.15
1958-12-31,1.18
1959-01-01,1.23
1959-01-02,1.35
1959-01-03,1.56
1959-01-04,1.68
1959-01-05,1.5
1959-01-06,1.5
1959-01-07,1.51
1959-01-08,1.48
1959-01-09,1.61
1959-01-10,1.93
1959-01-11,1.85
1959-01-12,1.66
1959-01-13,1.63
1959-01-14,1.59
1959-01-15,1.61
1959-01-16,1.83
1959-01-17,2.07
1959-01-18,1.9
1959-01-19,1.68
1959-01-20,1.63
1959-01-21,2.04
1959-01-22,1.99
1959-01-23,1.77
1959-01-24,1.75
1959-01-25,1.74
1959-01-26,1.9
1959-01-27,1.83
1959-01-28,1.68
1959-01-29,1.59
1959-01-30,2.02
1959-01-31,2.22
1959-02-01,2.7765517241379314
1959-02-02,3.333103448275862
1959-03-01,18.36
1959-03-02,13.83
1959-03-03,12.9
1959-03-04,12.19
1959-03-05,12.29
1959-03-06,14.47
1959-03-07,13.05
1959-03-08,14.65
1959-03-09,14.77
1959-03-10,14.4
1959-03-11,14.08
1959-03-12,18.34
1959-03-13,16.68
1959-03-14,18.2
1959-03-15,17.45
1959-03-16,13.92
1959-03-17,11.1
1959-03-18,9.58
1959-03-19,12.13
1959-03-20,14.16
1959-03-21,13.66
1959-03-22,12.53
1959-03-23,11.07
1959-03-24,8.66
1959-03-25,7.42
1959-03-26,6.91
1959-03-27,7.84
1959-03-28,7.05
1959-03-29,7.81
1959-03-30,7.74
1959-03-31,6.85
1959-04-01,5.58
1959-04-02,7.67
1959-04-03,7.74
1959-04-04,8.47
1959-04-05,8.61
1959-04-06,8.44
1959-04-07,7.86
1959-04-08,6.43
1959-04-09,5.92
1959-04-10,5.19
1959-04-11,4.84
1959-04-12,5.44
1959-04-13,5.46
1959-04-14,5.28
1959-04-15,6.58
1959-04-16,5.87
1959-04-17,5.758076923076923
1959-04-18,5.646153846153847
1959-05-12,2.96
1959-05-13,3.0
1959-05-14,2.73
1959-05-15,2.64
1959-05-16,2.47
1959-05-17,2.3
1959-05-18,2.2
1959-05-19,2.08
1959-05-20,1.98
1959-05-21,1.98
1959-05-22,1.95
1959-05-23,1.92
1959-05-24,2.25
1959-05-25,1.94
1959-05-26,1.8
1959-05-27,1.68
1959-05-28,1.63
1959-05-29,1.65
1959-05-30,1.61
1959-05-31,1.49
1959-06-01,1.51
1959-06-02,1.28
1959-06-03,1.19
1959-06-04,1.16
1959-06-05,1.13
1959-06-06,1.13
1959-06-07,1.08
1959-06-08,1.09
1959-06-09,1.02
1959-06-10,0.95
1959-06-11,0.94
1959-06-12,0.94
1959-06-13,0.88
1959-06-14,0.86
1959-06-15,0.86
1959-06-16,0.81
1959-06-17,0.84
1959-06-18,0.86
1959-06-19,0.9
1959-06-20,0.86
1959-06-21,0.86
1959-06-22,0.86
1959-06-23,0.8
1959-06-24,0.77
1959-06-25,0.77
1959-06-26,0.89
1959-06-27,0.86
1959-06-28,0.89
1959-06-29,0.89
1959-06-30,0.77
1959-07-01,0.73
1959-07-02,0.73
1959-07-03,0.68
1959-07-04,0.68
1959-07-05,0.68
1959-07-06,0.68
1959-07-07,0.68
1959-07-08,0.69
1959-07-09,0.7
1959-07-10,0.72
1959-07-11,0.74
1959-07-12,0.74
1959-07-13,0.73
1959-07-14,0.68
1959-07-15,0.69
1959-07-16,0.75
1959-07-17,0.75
1959-07-18,0.72
1959-07-19,0.73
1959-07-20,0.73
1959-07-21,0.68
1959-07-22,0.69
1959-07-23,0.73
1959-07-24,0.76
1959-07-25,0.76
1959-07-26,0.78
1959-07-27,0.79
1959-07-28,0.8
1959-07-29,0.8
1959-07-30,0.8
1959-07-31,0.8
1959-08-01,0.8
1959-08-02,0.8
1959-08-03,0.8
1959-08-04,0.8
1959-08-05,0.66
1959-08-06,0.64
1959-08-07,0.66
1959-08-08,0.67
1959-08-09,0.68
1959-08-10,0.68
1959-08-11,0.68
1959-08-12,0.68
1959-08-13,0.68
1959-08-14,0.68
1959-08-15,0.68
1959-08-16,0.68
1959-08-17,0.69
1959-08-18,0.68
1959-08-19,0.66
1959-08-20,0.66
1959-08-21,0.68
1959-08-22,0.68
1959-08-23,0.68
1959-08-24,0.62
1959-08-25,0.56
1959-08-26,0.56
1959-08-27,0.57
1959-08-28,0.57
1959-08-29,0.56
1959-08-30,0.57
1959-08-31,0.56
1959-09-01,0.56
1959-09-02,0.66
1959-09-03,0.55
1959-09-04,0.55
1959-09-05,0.55
1959-09-06,0.55
1959-09-07,0.55
1959-09-08,0.54
1959-09-09,0.55
1959-09-10,0.57
1959-09-11,0.6
1959-09-12,0.61
1959-09-13,0.61
1959-09-14,0.61
1959-09-15,0.55
1959-09-16,0.5
1959-09-17,0.52
1959-09-18,0.5
1959-09-19,0.5
1959-09-20,0.5
1959-09-21,0.5
1959-09-22,0.48
1959-09-23,0.5
1959-09-24,0.52
1959-09-25,0.52
1959-09-26,0.52
1959-09-27,0.52
1959-09-28,0.58
1959-09-29,0.52
1959-09-30,0.52
1959-10-01,0.52
1959-10-02,0.54
1959-10-03,0.59
1959-10-04,0.72
1959-10-05,0.69
1959-10-06,0.67
1959-10-07,0.65
1959-10-08,0.93
1959-10-09,1.24
1959-10-10,1.55
1959-10-11,1.71
1959-10-12,1.52
1959-10-13,1.17
1959-10-14,0.95
1959-10-15,0.83
1959-10-16,0.95
1959-10-17,1.18
1959-10-18,1.09
1959-10-19,1.28
1959-10-20,1.28
1959-10-21,1.23
1959-10-22,1.14
1959-10-23,1.3
1959-10-24,1.56
1959-10-25,2.2
1959-10-26,2.03
1959-10-27,2.12
1959-10-28,2.07
1959-10-29,3.14
1959-10-30,3.08
1959-10-31,2.35
1959-11-01,1.99
1959-11-02,1.73
1959-11-03,1.58
1959-11-04,1.47
1959-11-05,1.35
1959-11-06,1.3
1959-11-07,1.38
1959-11-08,1.37
1959-11-09,1.33
1959-11-10,1.24
1959-11-11,1.11
1959-11-12,1.15
1959-11-13,1.15
1959-11-14,1.13
1959-11-15,1.13
1959-11-16,1.26
1959-11-17,1.13
1959-11-18,1.08
1959-11-19,1.15
1959-11-20,1.3
1959-11-21,1.31
1959-11-22,1.21
1959-11-23,1.18
1959-11-24,1.15
1959-11-25,1.215
1959-11-26,1.2799999999999998
1960-01-01,3.62
1960-01-02,3.61
1960-01-03,3.35
1960-01-04,3.15
1960-01-05,3.15
1960-01-06,2.88
1960-01-07,2.64
1960-01-08,2.47
1960-01-09,2.23
1960-01-10,2.19
1960-01-11,2.33
1960-01-12,2.68
1960-01-13,3.11
1960-01-14,3.09
1960-01-15,2.6
1960-01-16,2.65
1960-01-17,3.04
1960-01-18,4.2
1960-01-19,5.2
1960-01-20,6.61
1960-01-21,11.51
1960-01-22,13.91
1960-01-23,15.61
1960-01-24,19.9
1960-01-25,15.55
1960-01-26,16.8
1960-01-27,18.18
1960-01-28,11.39
1960-01-29,8.34
1960-01-30,6.37
1960-01-31,5.2
1960-02-01,4.64
1960-02-02,3.94
1960-02-03,3.48
1960-02-04,3.3
1960-02-05,3.17
1960-02-06,3.16
1960-02-07,3.7
1960-02-08,3.2
1960-02-09,2.99
1960-02-10,3.08
1960-02-11,4.05
1960-02-12,5.41
1960-02-13,6.19
1960-02-14,8.46
1960-02-15,10.94
1960-02-16,12.4525
1960-02-17,13.965
1960-02-19,16.99
1960-02-20,13.6
1960-02-21,9.23
1960-02-22,9.81
1960-02-23,10.39
1960-03-07,17.93
1960-03-08,14.7
1960-03-09,12.7
1960-03-10,14.07
1960-03-11,14.33
1960-03-12,14.59
1960-03-14,15.11
1960-03-15,11.28
1960-03-16,9.42
1960-03-17,8.53
1960-03-18,11.04
1960-03-19,9.18
1960-03-20,7.56
1960-03-21,6.52
1960-03-22,5.73
1960-03-23,4.74
1960-03-24,3.65
1960-03-25,3.38
1960-03-26,3.24
1960-03-27,4.01
1960-03-28,5.9
1960-03-29,4.13
1960-03-30,3.3
1960-03-31,3.11
1960-04-01,3.44
1960-04-02,5.3
1960-04-03,4.88
1960-04-04,5.35
1960-04-05,5.39
1960-04-06,8.33
1960-04-07,11.54
1960-04-08,11.31
1960-04-09,8.35
1960-04-10,6.53
1960-04-11,6.03
1960-04-12,5.85
1960-04-13,10.35
1960-04-14,11.51
1960-04-15,10.51
1960-04-16,8.42
1960-04-17,7.72
1960-04-18,8.83
1960-04-19,6.35
1960-04-20,6.18
1960-04-21,9.74
1960-04-22,8.85
1960-04-23,6.06
1960-04-24,5.4
1960-04-25,4.97
1960-04-26,4.38
1960-04-27,4.02
1960-04-28,3.88
1960-04-29,4.15
1960-04-30,4.75
1960-05-01,4.61
1960-05-02,4.35625
1960-05-03,4.1025
1960-05-09,2.58
1960-05-10,2.36
1960-05-11,2.38
1960-05-12,2.66
1960-05-13,2.6
1960-05-14,2.41
1960-05-15,2.12
1960-05-16,2.02
1960-05-17,2.01
1960-05-18,1.94
1960-05-19,1.9
1960-05-20,1.99
1960-05-21,2.03
1960-05-22,2.01
1960-05-23,1.88
1960-05-24,1.77
1960-05-25,1.75
1960-05-26,1.63
1960-05-27,1.57
1960-05-28,1.56
1960-05-29,1.57
1960-05-30,1.57
1960-05-31,1.57
1960-06-01,1.57
1960-06-02,1.57
1960-06-03,1.51
1960-06-04,1.47
1960-06-05,1.4
1960-06-06,1.31
1960-06-07,1.21
1960-06-08,1.11
1960-06-09,1.09
1960-06-10,1.11
1960-06-11,1.13
1960-06-12,1.14
1960-06-13,1.13
1960-06-14,1.05
1960-06-15,1.02
1960-06-16,1.02
1960-06-17,1.02
1960-06-18,1.02
1960-06-19,1.02
1960-06-20,1.02
1960-06-21,1.0
1960-06-22,0.98
1960-06-23,0.96
1960-06-24,0.96
1960-06-25,0.96
1960-06-26,0.98
1960-06-27,1.02
1960-06-28,1.02
1960-06-29,0.94
1960-06-30,0.9
1960-07-01,0.91
1960-07-02,0.9
1960-07-03,0.91
1960-07-04,0.92
1960-07-05,0.93
1960-07-06,0.93
1960-07-07,0.94
1960-07-08,0.91
1960-07-09,0.905
1960-07-10,0.9
1960-07-14,0.88
1960-07-15,0.89
1960-07-16,0.88
1960-07-17,0.87
1960-07-18,0.88
1960-07-19,0.89
1960-07-20,0.9
1960-07-21,0.9
1960-07-22,0.9
1960-07-23,0.9
1960-07-24,0.9
1960-07-25,0.9
1960-07-26,0.87
1960-07-27,0.89
1960-07-28,0.92
1960-07-29,0.95
1960-07-30,0.93
1960-07-31,0.9
1960-08-01,0.9
1960-08-02,0.91
1960-08-03,0.92
1960-08-04,0.92
1960-08-05,0.89
1960-08-06,0.86
1960-08-07,0.87
1960-08-08,0.91
1960-08-09,0.92
1960-08-10,0.92
1960-08-11,0.93
1960-08-12,0.92
1960-08-13,0.92
1960-08-14,0.92
1960-08-15,0.9
1960-08-16,0.88
1960-08-17,0.88
1960-08-18,0.88
1960-08-19,0.88
1960-08-20,0.92
1960-08-21,0.94
1960-08-22,0.81
1960-08-23,0.71
1960-08-24,0.68
1960-08-25,0.68
1960-08-26,0.69
1960-08-27,0.68
1960-08-28,0.69
1960-08-29,0.74
1960-08-30,0.79
1960-08-31,0.72
1960-09-01,0.71
1960-09-02,0.69
1960-09-03,0.74
1960-09-04,0.73
1960-09-05,0.72
1960-09-06,0.7
1960-09-07,0.69
1960-09-08,0.71
1960-09-09,0.71
1960-09-10,0.65
1960-09-11,0.7
1960-09-12,0.72
1960-09-13,0.73
1960-09-14,0.72
1960-09-15,0.72
1960-09-16,0.76
1960-09-17,0.81
1960-09-18,0.8
1960-09-19,0.75
1960-09-20,0.685
1960-09-21,0.62
1960-09-23,0.49
1960-09-24,0.59
1960-09-25,0.59
1960-09-26,0.64
1960-09-27,0.71
1960-09-28,0.71
1960-09-29,0.65
1960-09-30,0.6
1960-10-01,0.64
1960-10-02,0.82
1960-10-03,0.81
1960-10-04,0.87
1960-10-05,0.92
1960-10-06,0.98
1960-10-07,0.91
1960-10-08,0.94
1960-10-09,0.86
1960-10-10,0.8
1960-10-11,0.81
1960-10-12,0.78
1960-10-13,1.03
1960-10-14,1.27
1960-10-15,1.15
1960-10-16,1.3
1960-10-17,1.5
1960-10-18,1.44
1960-10-19,1.25
1960-10-20,1.16
1960-10-21,1.0
1960-10-22,0.91
1960-10-23,0.86
1960-10-24,0.79
1960-10-25,0.75
1960-10-26,0.7
1960-10-27,0.82
1960-10-28,0.81
1960-10-29,0.74
1960-10-30,0.72
1960-10-31,0.74
1960-11-01,0.8
1960-11-02,1.11
1960-11-03,1.25
1960-11-04,1.19
1960-11-05,1.26
1960-11-06,1.61
1960-11-07,1.69
1960-11-08,1.65
1960-11-09,2.04
1960-11-10,2.36
1960-11-11,2.07
1960-11-12,1.72
1960-11-13,1.44
1960-11-14,1.25
1960-11-15,1.22
1960-11-16,1.24
1960-11-17,1.21
1960-11-18,1.17
1960-11-19,1.15
1960-11-20,1.1
1960-11-21,1.11
1960-11-22,1.09
1960-11-23,1.19
1960-11-24,1.54
1960-11-25,1.6
1960-11-26,1.64
1960-11-27,1.69
1960-11-28,1.55
1960-11-29,1.43
1960-11-30,1.67
1960-12-01,2.33
1960-12-02,2.75
1960-12-03,1.87
1960-12-04,1.66
1960-12-05,1.6
1960-12-06,1.48
1960-12-07,1.51
1960-12-08,1.49
1960-12-09,1.57
1960-12-10,1.71
1960-12-11,1.54
1960-12-12,1.47
1960-12-13,1.49
1960-12-14,1.43
1960-12-15,1.4
1960-12-16,1.43
1960-12-17,1.46
1960-12-18,1.51
1960-12-19,1.58
1960-12-20,1.46
1960-12-21,1.32
1960-12-22,1.22
1960-12-23,1.26
1960-12-24,1.31
1960-12-25,1.24
1960-12-26,1.18
1960-12-27,1.21
1960-12-28,1.26
1960-12-29,1.34
1960-12-30,1.81
1960-12-31,2.39
1961-01-01,2.25
1961-01-02,2.29
1961-01-03,2.37
1961-01-04,2.47
1961-01-05,2.46
1961-01-06,2.59
1961-01-07,3.35
1961-01-08,3.84
1961-01-09,4.52
1961-01-10,4.71
1961-01-11,5.33
1961-01-12,9.17
1961-01-13,9.22
1961-01-14,11.91
1961-01-15,10.07
1961-01-16,10.1
1961-01-17,12.45
1961-01-18,12.33
1961-01-19,9.52
1961-01-20,7.06
1961-01-21,5.15
1961-01-22,4.4
1961-01-23,4.6
1961-01-24,4.04
1961-01-25,3.81
1961-01-26,3.49
1961-01-27,3.52
1961-01-28,4.2
1961-01-29,3.93
1961-01-30,3.6
1961-01-31,3.23
1961-02-01,2.87
1961-02-02,2.67
1961-02-03,3.44
1961-02-04,4.02
1961-02-05,3.55
1961-02-06,3.11
1961-02-07,2.85
1961-02-08,2.93
1961-02-09,3.47
1961-02-10,4.26
1961-02-11,6.77
1961-02-12,7.12
1961-02-13,6.76
1961-02-14,7.16
1961-02-15,10.27
1961-02-16,9.47
1961-02-17,11.83
1961-02-18,16.1
1961-02-19,8.84
1961-02-20,5.93
1961-02-21,7.1
1961-02-22,9.17
1961-02-23,10.77
1961-02-24,8.37
1961-02-25,10.81
1961-02-26,16.67
1961-02-27,16.37
1961-02-28,13.72
1961-03-01,8.38
1961-03-02,8.53
1961-03-03,11.16
1961-03-04,8.4
1961-03-05,5.75
1961-03-06,4.74
1961-03-07,5.62
1961-03-08,8.11
1961-03-09,9.13
1961-03-10,7.93
1961-03-11,8.23
1961-03-12,9.99
1961-03-13,11.79
1961-03-14,13.28
1961-03-15,18.48
1961-03-16,18.27
1961-03-17,18.69
1961-03-18,21.51
1961-03-19,26.38
1961-03-20,25.42
1961-03-21,19.3
1961-03-22,14.91
1961-03-23,10.76
1961-03-24,7.84
1961-03-25,6.56
1961-03-26,5.78
1961-03-27,5.29
1961-03-28,7.96
1961-03-29,9.83
1961-03-30,12.77
1961-03-31,15.21
1961-04-01,15.066666666666666
1961-04-02,14.923333333333334
1961-04-06,14.35
1961-04-07,11.03
1961-04-08,8.03
1961-04-09,6.33
1961-04-10,5.31
1961-04-11,5.14
1961-04-12,6.27
1961-04-13,5.98
1961-04-14,5.1
1961-04-15,4.61
1961-04-16,4.65
1961-04-17,5.03
1961-04-18,5.69
1961-04-19,5.96
1961-04-20,5.21
1961-04-21,4.51
1961-04-22,4.03
1961-04-23,3.57
1961-04-24,3.613333333333333
1961-04-25,3.6566666666666663
1961-04-26,3.7
1961-04-27,4.22
1961-04-28,3.47
1961-04-29,3.14
1961-04-30,2.93
1961-05-01,2.75
1961-05-02,2.46
1961-05-03,2.22
1961-05-04,2.13
1961-05-05,2.16
1961-05-06,2.2
1961-05-07,2.34
1961-05-08,2.46
1961-05-09,2.41
1961-05-10,2.28
1961-05-11,3.13
1961-05-12,2.56
1961-05-13,2.25
1961-05-14,2.3
1961-05-15,3.8
1961-05-16,4.74
1961-05-17,3.99
1961-05-18,3.45
1961-05-19,3.21
1961-05-20,3.22
1961-05-21,2.81
1961-05-22,2.76
1961-05-23,2.48
1961-05-24,2.13
1961-05-25,2.01
1961-05-26,1.89
1961-05-27,1.78
1961-05-28,1.77
1961-05-29,1.76
1961-05-30,1.71
1961-05-31,1.57
1961-06-01,1.49
1961-06-02,1.43
1961-06-03,1.48
1961-06-04,1.57
1961-06-05,1.48
1961-06-06,1.46
1961-06-07,1.4
1961-06-08,1.43
1961-06-09,1.42
1961-06-10,1.4
1961-06-11,1.4
1961-06-12,1.4
1961-06-13,1.31
1961-06-14,1.23
1961-06-15,1.23
1961-06-16,1.23
1961-06-17,1.21
1961-06-18,1.17
1961-06-19,1.11
1961-06-20,1.09
1961-06-21,1.12
1961-06-22,1.15
1961-06-23,1.15
1961-06-24,1.15
1961-06-25,1.09
1961-06-26,1.11
1961-06-27,1.12
1961-06-28,1.11
1961-06-29,1.1
1961-06-30,1.1
1961-07-01,1.09
1961-07-02,1.09
1961-07-03,1.09
1961-07-04,1.09
1961-07-05,1.09
1961-07-06,1.09
1961-07-07,1.09
1961-07-08,1.1
1961-07-09,1.13
1961-07-10,1.13
1961-07-11,0.99
1961-07-12,0.96
1961-07-13,0.97
1961-07-14,0.99
1961-07-15,0.99
1961-07-16,0.98
1961-07-17,0.99
1961-07-18,0.96
1961-07-19,0.96
1961-07-20,0.97
1961-07-21,0.99
1961-07-22,1.02
1961-07-23,0.92
1961-07-24,0.96
1961-07-25,0.95
1961-07-26,0.93
1961-07-27,0.93
1961-07-28,0.93
1961-07-29,0.96
1961-07-30,0.96
1961-07-31,0.96
1961-08-01,0.93
1961-08-02,0.9
1961-08-03,0.9
1961-08-04,0.91
1961-08-05,0.9
1961-08-06,0.9
1961-08-07,0.9
1961-08-08,0.83
1961-08-09,0.78
1961-08-10,0.8
1961-08-11,0.83
1961-08-12,0.81
1961-08-13,0.8
1961-08-14,0.81
1961-08-15,0.82
1961-08-16,0.84
1961-08-17,0.84
1961-08-18,0.85
1961-08-19,0.89
1961-08-20,0.89
1961-08-21,0.86
1961-08-22,0.82
1961-08-23,0.81
1961-08-24,0.82
1961-08-25,0.82
1961-08-26,0.79
1961-08-27,0.78
1961-08-28,0.78
1961-08-29,0.79
1961-08-30,0.8
1961-08-31,0.83
1961-09-01,0.79
1961-09-02,0.8
1961-09-03,0.82
1961-09-04,0.8
1961-09-05,0.8
1961-09-06,0.81
1961-09-07,0.81
1961-09-08,0.83
1961-09-09,0.8
1961-09-10,0.79
1961-09-11,0.79
1961-09-12,0.78
1961-09-13,0.79
1961-09-14,0.8
1961-09-15,0.77
1961-09-16,0.75
1961-09-17,0.72
1961-09-18,0.72
1961-09-19,0.77
1961-09-20,0.84
1961-09-21,0.88
1961-09-22,0.96
1961-09-23,0.92
1961-09-24,0.86
1961-09-25,0.84
1961-09-26,0.85
1961-09-27,0.87
1961-09-28,0.98
1961-09-29,1.02
1961-09-30,0.99
1961-10-01,0.72
1961-10-02,0.66
1961-10-03,0.64
1961-10-04,0.64
1961-10-05,0.64
1961-10-06,0.61
1961-10-07,0.61
1961-10-08,0.6
1961-10-09,0.58
1961-10-10,0.62
1961-10-11,0.72
1961-10-12,0.79
1961-10-13,0.75
1961-10-14,0.68
1961-10-15,0.67
1961-10-16,0.67
1961-10-17,0.64
1961-10-18,0.68
1961-10-19,0.69
1961-10-20,0.66
1961-10-21,0.65
1961-10-22,0.69
1961-10-23,0.67
1961-10-24,0.65
1961-10-25,0.64
1961-10-26,0.68
1961-10-27,0.66
1961-10-28,0.66
1961-10-29,0.71
1961-10-30,0.81
1961-10-31,0.95
1961-11-01,1.02
1961-11-02,1.15
1961-11-03,1.25
1961-11-04,1.31
1961-11-05,1.38
1961-11-06,1.63
1961-11-07,1.61
1961-11-08,1.9966666666666668
1961-11-09,2.3833333333333333
1961-11-10,2.77
1961-11-11,2.07
1961-11-12,1.68
1961-11-13,1.42
1961-11-14,1.24
1961-11-15,1.12
1961-11-16,1.32
1961-11-17,1.67
1961-11-18,1.78
1961-11-19,1.94
1961-11-20,2.57
1961-11-21,3.11
1961-11-22,2.9
1961-11-23,3.91
1961-11-24,5.06
1961-11-25,4.33
1961-11-26,3.73
1961-11-27,3.3
1961-11-28,3.01
1961-11-29,4.62
1961-11-30,5.53
1961-12-01,4.38
1961-12-02,4.28
1961-12-03,3.6
1961-12-04,3.38
1961-12-05,4.92
1961-12-06,5.26
1961-12-07,4.79
1961-12-08,5.17
1961-12-09,4.68
1961-12-10,4.01
1961-12-11,3.41
1961-12-12,2.98
1961-12-13,2.78
1961-12-14,2.69
1961-12-15,3.05
1961-12-16,4.77
1961-12-17,9.07
1961-12-18,8.96
1961-12-19,8.0
1961-12-20,12.5
1961-12-21,15.98
1961-12-22,11.7
1961-12-23,8.33
1961-12-24,6.44
1961-12-25,5.7
1961-12-26,6.42
1961-12-27,7.17
1961-12-28,9.27
1961-12-29,8.37
1961-12-30,6.01
1961-12-31,6.55
1962-01-01,5.36
1962-01-02,4.44
1962-01-03,4.24
1962-01-04,6.09
1962-01-05,7.08
1962-01-06,7.41
1962-01-07,7.25
1962-01-08,5.52
1962-01-09,4.53
1962-01-10,4.02
1962-01-11,4.12
1962-01-12,5.81
1962-01-13,8.49
1962-01-14,7.04
1962-01-15,6.64
1962-01-16,6.33
1962-01-17,6.44
1962-01-18,5.79
1962-01-19,5.25
1962-01-20,5.25
1962-01-21,7.57
1962-01-22,9.43
1962-01-23,14.5
1962-01-24,14.48
1962-01-25,15.89
1962-01-26,13.49
1962-01-27,22.0
1962-01-28,21.0
1962-01-29,28.0
1962-01-30,17.48
1962-01-31,12.51
1962-02-01,9.72
1962-02-02,11.95
1962-02-03,10.62
1962-02-04,7.99
1962-02-05,6.32
1962-02-06,7.02
1962-02-07,8.39
1962-02-08,10.75
1962-02-09,12.33
1962-02-10,12.99
1962-02-11,13.22
1962-02-12,10.86
1962-02-13,8.57
1962-02-14,7.82
1962-02-15,7.74
1962-02-16,6.76
1962-02-17,8.92
1962-02-18,11.17
1962-02-19,10.3
1962-02-20,9.77
1962-02-21,9.7
1962-02-22,9.08
1962-02-23,12.36
1962-02-24,13.9
1962-02-25,13.13
1962-02-26,10.52
1962-02-27,9.91
1962-02-28,11.1
1962-03-01,9.77
1962-03-02,8.6
1962-03-03,9.07
1962-03-04,10.63
1962-03-05,12.49
1962-03-06,16.0
1962-03-07,22.0
1962-03-08,29.0
1962-03-09,30.0
1962-03-10,32.0
1962-03-11,30.0
1962-03-12,31.0
1962-03-13,33.0
1962-03-14,30.0
1962-03-15,26.0
1962-03-16,24.0
1962-03-17,19.0
1962-03-18,17.0
1962-03-19,16.0
1962-03-20,13.5
1962-03-21,11.16
1962-03-22,8.34
1962-03-23,7.24
1962-03-24,6.85
1962-03-25,8.83
1962-03-26,10.0
1962-03-27,12.0
1962-03-28,13.0
1962-03-29,12.0
1962-03-30,11.0
1962-03-31,10.0
1962-04-01,17.0
1962-04-02,16.92
1962-04-03,16.26
1962-04-04,14.44
1962-04-05,11.66
1962-04-06,10.05
1962-04-07,12.73
1962-04-08,10.09
1962-04-09,9.56
1962-04-10,13.0
1962-04-11,16.39
1962-04-12,11.61
1962-04-13,8.98
1962-04-14,7.95
1962-04-15,7.14
1962-04-16,6.0
1962-04-17,4.9
1962-04-18,5.45
1962-04-19,6.49
1962-04-20,6.42
1962-04-21,6.39
1962-04-22,5.68
1962-04-23,5.04
1962-04-24,4.75
1962-04-25,5.27
1962-04-26,5.39
1962-04-27,5.8
1962-04-28,4.57
1962-04-29,4.02
1962-04-30,3.75
1962-05-01,3.63
1962-05-02,3.49
1962-05-03,3.39
1962-05-04,3.4
1962-05-05,3.22
1962-05-06,2.98
1962-05-07,2.95
1962-05-08,2.62
1962-05-09,2.39
1962-05-10,2.34
1962-05-11,2.33
1962-05-12,2.34
1962-05-13,2.34
1962-05-14,2.52
1962-05-15,2.29
1962-05-16,2.26
1962-05-17,2.2
1962-05-18,2.13
1962-05-19,2.05
1962-05-20,2.05
1962-05-21,2.04
1962-05-22,1.95
1962-05-23,2.32
1962-05-24,2.3
1962-05-25,2.29
1962-05-26,2.16
1962-05-27,2.07
1962-05-28,1.99
1962-05-29,1.92
1962-05-30,1.89
1962-05-31,2.0
1962-06-01,1.97
1962-06-02,1.96
1962-06-03,1.93
1962-06-04,1.95
1962-06-05,1.9
1962-06-06,1.76
1962-06-07,1.31
1962-06-08,1.03
1962-06-09,1.03
1962-06-10,1.05
1962-06-11,1.09
1962-06-12,1.05
1962-06-13,1.02
1962-06-14,1.0
1962-06-15,0.99
1962-06-16,1.0
1962-06-17,0.99
1962-06-18,0.99
1962-06-19,0.96
1962-06-20,0.94
1962-06-21,0.95
1962-06-22,0.93
1962-06-23,0.93
1962-06-24,0.93
1962-06-25,0.91
1962-06-26,0.89
1962-06-27,0.88
1962-06-28,0.89
1962-06-29,0.92
1962-06-30,0.94
1962-07-01,0.95
1962-07-02,0.92
1962-07-03,0.91
1962-07-04,0.9
1962-07-05,0.9
1962-07-06,0.9
1962-07-07,0.89
1962-07-08,0.88
1962-07-09,0.88
1962-07-10,0.82
1962-07-11,0.81
1962-07-12,0.81
1962-07-13,0.84
1962-07-14,0.87
1962-07-15,0.89
1962-07-16,0.89
1962-07-17,0.85
1962-07-18,0.82
1962-07-19,0.84
1962-07-20,0.81
1962-07-21,0.77
1962-07-22,0.76
1962-07-23,0.74
1962-07-24,0.79
1962-07-25,0.76
1962-07-26,0.76
1962-07-27,0.75
1962-07-28,0.741764705882353
1962-07-29,0.7335294117647059
1962-08-13,0.61
1962-08-14,0.64
1962-08-15,0.65
1962-08-16,0.66
1962-08-17,0.66
1962-08-18,0.67
1962-08-19,0.66
1962-08-20,0.62
1962-08-21,0.62
1962-08-22,0.61
1962-08-23,0.63
1962-08-24,0.62
1962-08-25,0.62
1962-08-26,0.62
1962-08-27,0.6
1962-08-28,0.6
1962-08-29,0.62
1962-08-30,0.64
1962-08-31,0.63
1962-09-01,0.63
1962-09-02,0.61
1962-09-03,0.66
1962-09-04,0.66
1962-09-05,0.66
1962-09-06,0.66
1962-09-07,0.66
1962-09-08,0.6
1962-09-09,0.58
1962-09-10,0.63
1962-09-11,0.64
1962-09-12,0.68
1962-09-13,0.63
1962-09-14,0.62
1962-09-15,0.63
1962-09-16,0.64
1962-09-17,0.63
1962-09-18,0.55
1962-09-19,0.52
1962-09-20,0.57
1962-09-21,0.59
1962-09-22,0.59
1962-09-23,0.57
1962-09-24,0.57
1962-09-25,0.55
1962-09-26,0.59
1962-09-27,0.71
1962-09-28,0.65
1962-09-29,0.62
1962-09-30,0.59
1962-10-01,0.64
1962-10-02,0.63
1962-10-03,0.6
1962-10-04,0.59
1962-10-05,0.59
1962-10-06,0.59
1962-10-07,0.59
1962-10-08,0.6
1962-10-09,0.63
1962-10-10,0.63
1962-10-11,0.58
1962-10-12,0.55
1962-10-13,0.57
1962-10-14,0.57
1962-10-15,0.51
1962-10-16,0.48
1962-10-17,0.54
1962-10-18,0.55
1962-10-19,0.55
1962-10-20,0.6
1962-10-21,0.55
1962-10-22,0.54
1962-10-23,0.55
1962-10-24,0.57
1962-10-25,0.59
1962-10-26,0.59
1962-10-27,0.6
1962-10-28,0.67
1962-10-29,0.68
1962-10-30,0.63
1962-10-31,0.64
1962-11-01,0.67
1962-11-02,0.75
1962-11-03,0.74
1962-11-04,0.88
1962-11-05,1.02
1962-11-06,1.06
1962-11-07,1.1
1962-11-08,1.1
1962-11-09,1.2
1962-11-10,1.39
1962-11-11,1.3
1962-11-12,1.24
1962-11-13,1.1
1962-11-14,1.04
1962-11-15,0.88
1962-11-16,0.81
1962-11-17,0.87
1962-11-18,0.88
1962-11-19,0.74
1962-11-20,0.7
1962-11-21,0.69
1962-11-22,0.67
1962-11-23,0.68
1962-11-24,0.7
1962-11-25,0.78
1962-11-26,0.75
1962-11-27,0.67
1962-11-28,0.69
1962-11-29,0.8
1962-11-30,0.96
1962-12-01,1.08
1962-12-02,1.09
1962-12-03,1.57
1962-12-04,1.93
1962-12-05,1.62
1962-12-06,1.18
1962-12-07,1.11
1962-12-08,1.15
1962-12-09,1.41
1962-12-10,2.05
1962-12-11,2.41
1962-12-12,2.34
1962-12-13,2.15
1962-12-14,1.73
1962-12-15,1.3
1962-12-16,1.03
1962-12-17,0.9
1962-12-18,0.89
1962-12-19,0.87
1962-12-20,0.82
1962-12-21,0.8
1962-12-22,0.87
1962-12-23,0.92
1962-12-24,0.9
1962-12-25,0.9
1962-12-26,0.82
1962-12-27,0.79
1962-12-28,0.84
1962-12-29,0.9
1962-12-30,0.96
1962-12-31,1.06
1963-01-01,1.1
1963-01-02,1.13
1963-01-03,1.53
1963-01-04,2.13
1963-01-05,2.96
1963-01-06,3.49
1963-01-07,3.17
1963-01-08,2.77
1963-01-09,2.5
1963-01-10,2.83
1963-01-11,3.47
1963-01-12,3.81
1963-01-13,3.65
1963-01-14,3.35
1963-01-15,3.42
1963-01-16,3.45
1963-01-17,3.66
1963-01-18,3.43
1963-01-19,3.92
1963-01-20,4.29
1963-01-21,4.88
1963-01-22,4.55
1963-01-23,4.89
1963-01-24,4.84
1963-01-25,4.57
1963-01-26,4.74
1963-01-27,5.26
1963-01-28,7.29
1963-01-29,9.62
1963-01-30,7.91
1963-01-31,5.79
1963-02-01,4.43
1963-02-02,3.83
1963-02-03,4.13
1963-02-04,4.65
1963-02-05,8.32
1963-02-06,8.74
1963-02-07,15.75
1963-02-08,15.93
1963-02-09,18.88
1963-02-10,17.97
1963-02-11,18.33
1963-02-12,19.97
1963-02-13,19.06
1963-02-14,17.85
1963-02-15,12.66
1963-02-16,9.18
1963-02-17,7.35
1963-02-18,6.15
1963-02-19,5.64
1963-02-20,5.08
1963-02-21,4.45
1963-02-22,4.11
1963-02-23,3.93
1963-02-24,4.16
1963-02-25,6.13
1963-02-26,8.01
1963-02-27,10.72
1963-02-28,14.44
1963-03-01,11.72
1963-03-02,16.96
1963-03-03,16.62
1963-03-04,20.14
1963-03-05,17.41
1963-03-06,19.69
1963-03-07,16.59
1963-03-08,15.34
1963-03-09,16.58
1963-03-10,18.57
1963-03-11,29.25
1963-03-12,24.73
1963-03-13,17.22
1963-03-14,13.14
1963-03-15,9.54
1963-03-16,8.49
1963-03-17,13.53
1963-03-18,17.01
1963-03-19,19.12
1963-03-20,19.28
1963-03-21,16.4
1963-03-22,18.15
1963-03-23,20.69
1963-03-24,22.35
1963-03-25,25.05
1963-03-26,19.49
1963-03-27,17.29
1963-03-28,13.2
1963-03-29,13.53
1963-03-30,11.57
1963-03-31,9.57
1963-04-01,8.57
1963-04-02,7.02
1963-04-03,9.67
1963-04-04,9.86
1963-04-05,9.33
1963-04-06,10.57
1963-04-07,20.7
1963-04-08,15.97
1963-04-09,14.86
1963-04-10,13.37
1963-04-11,12.57
1963-04-12,11.15
1963-04-13,10.17
1963-04-14,8.52
1963-04-15,7.5
1963-04-16,6.72
1963-04-17,6.31
1963-04-18,5.98
1963-04-19,5.79
1963-04-20,5.96
1963-04-21,5.56
1963-04-22,5.25
1963-04-23,4.57
1963-04-24,4.2
1963-04-25,4.05
1963-04-26,3.98
1963-04-27,3.67
1963-04-28,3.44
1963-04-29,3.38
1963-04-30,3.36
1963-05-01,3.62
1963-05-02,3.39
1963-05-03,3.38
1963-05-04,3.6
1963-05-05,3.52
1963-05-06,3.38
1963-05-07,3.34
1963-05-08,3.12
1963-05-09,3.12
1963-05-10,3.11
1963-05-11,3.12
1963-05-12,2.96
1963-05-13,2.83
1963-05-14,2.86
1963-05-15,2.45
1963-05-16,2.25
1963-05-17,2.05
1963-05-18,2.08
1963-05-19,2.04
1963-05-20,1.95
1963-05-21,1.84
1963-05-22,1.72
1963-05-23,1.66
1963-05-24,1.73
1963-05-25,1.75
1963-05-26,1.77
1963-05-27,1.72
1963-05-28,1.76
1963-05-29,1.66
1963-05-30,1.54
1963-05-31,1.51
1963-06-01,1.43
1963-06-02,1.45
1963-06-03,1.4
1963-06-04,1.4
1963-06-05,1.32
1963-06-06,1.3
1963-06-07,1.28
1963-06-08,1.28
1963-06-09,1.28
1963-06-10,1.28
1963-06-11,1.34
1963-06-12,1.37
1963-06-13,1.4
1963-06-14,1.19
1963-06-15,1.04
1963-06-16,1.04
1963-06-17,1.09
1963-06-18,1.16
1963-06-19,1.16
1963-06-20,1.05
1963-06-21,0.97
1963-06-22,0.92
1963-06-23,0.92
1963-06-24,0.92
1963-06-25,0.96
1963-06-26,0.98
1963-06-27,0.98
1963-06-28,0.87
1963-06-29,0.82
1963-06-30,0.88
1963-07-01,0.83
1963-07-02,0.87
1963-07-03,0.93
1963-07-04,0.97
1963-07-05,1.01
1963-07-06,0.99
1963-07-07,1.01
1963-07-08,0.92
1963-07-09,0.84
1963-07-10,0.82
1963-07-11,0.89
1963-07-12,0.96
1963-07-13,0.96
1963-07-14,1.01
1963-07-15,0.93
1963-07-16,0.82
1963-07-17,0.92
1963-07-18,0.95
1963-07-19,0.91
1963-07-20,0.79
1963-07-21,0.76
1963-07-22,0.72
1963-07-23,0.74
1963-07-24,0.73
1963-07-25,0.7
1963-07-26,0.7
1963-07-27,0.66
1963-07-28,0.64
1963-07-29,0.64
1963-07-30,0.64
1963-07-31,0.64
1963-08-01,0.64
1963-08-02,0.66
1963-08-03,0.66
1963-08-04,0.64
1963-08-05,0.64
1963-08-06,0.66
1963-08-07,0.66
1963-08-08,0.64
1963-08-09,0.64
1963-08-10,0.64
1963-08-11,0.65
1963-08-12,0.65
1963-08-13,0.64
1963-08-14,0.54
1963-08-15,0.48
1963-08-16,0.48
1963-08-17,0.48
1963-08-18,0.48
1963-08-19,0.48
1963-08-20,0.5
1963-08-21,0.45
1963-08-22,0.44
1963-08-23,0.46
1963-08-24,0.46
1963-08-25,0.46
1963-08-26,0.42
1963-08-27,0.41
1963-08-28,0.41
1963-08-29,0.35
1963-08-30,0.36
1963-08-31,0.36
1963-09-01,0.38
1963-09-02,0.44
1963-09-03,0.44
1963-09-04,0.49
1963-09-05,0.5
1963-09-06,0.46
1963-09-07,0.39
1963-09-08,0.36
1963-09-09,0.39
1963-09-10,0.45
1963-09-11,0.61
1963-09-12,0.53
1963-09-13,0.48
1963-09-14,0.41
1963-09-15,0.38
1963-09-16,0.37
1963-09-17,0.37
1963-09-18,0.37
1963-09-19,0.38
1963-09-20,0.45
1963-09-21,0.42
1963-09-22,0.36
1963-09-23,0.37
1963-09-24,0.39
1963-09-25,0.39
1963-09-26,0.39
1963-09-27,0.4
1963-09-28,0.38
1963-09-29,0.4
1963-09-30,0.46
1963-10-01,0.63
1963-10-02,0.64
1963-10-03,0.64
1963-10-04,0.67
1963-10-05,0.66
1963-10-06,0.65
1963-10-07,0.66
1963-10-08,0.77
1963-10-09,0.7
1963-10-10,0.66
1963-10-11,0.71
1963-10-12,0.74
1963-10-13,0.73
1963-10-14,0.7
1963-10-15,0.65
1963-10-16,0.65
1963-10-17,0.74
1963-10-18,0.71
1963-10-19,0.66
1963-10-20,0.67
1963-10-21,0.68
1963-10-22,0.69
1963-10-23,0.72
1963-10-24,0.72
1963-10-25,0.7
1963-10-26,0.73
1963-10-27,0.76
1963-10-28,0.78
1963-10-29,0.82
1963-10-30,0.88
1963-10-31,1.04
1963-11-01,1.14
1963-11-02,1.25
1963-11-03,1.34
1963-11-04,2.29
1963-11-05,3.92
1963-11-06,3.36
1963-11-07,2.54
1963-11-08,1.94
1963-11-09,1.74
1963-11-10,1.56
1963-11-11,1.44
1963-11-12,1.29
1963-11-13,1.21
1963-11-14,1.12
1963-11-15,1.15
1963-11-16,1.23
1963-11-17,1.33
1963-11-18,1.41
1963-11-19,1.53
1963-11-20,1.36
1963-11-21,1.55
1963-11-22,2.29
1963-11-23,2.29
1963-11-24,2.37
1963-11-25,1.79
1963-11-26,1.96
1963-11-27,1.62
1963-11-28,1.86
1963-11-29,2.17
1963-11-30,2.57
1963-12-01,3.7
1963-12-02,4.28
1963-12-03,4.56
1963-12-04,4.4
1963-12-05,4.43
1963-12-06,5.46
1963-12-07,5.1
1963-12-08,3.62
1963-12-09,3.11
1963-12-10,2.74
1963-12-11,2.51
1963-12-12,2.81
1963-12-13,3.16
1963-12-14,3.1
1963-12-15,4.74
1963-12-16,6.69
1963-12-17,6.04
1963-12-18,5.36
1963-12-19,5.0
1963-12-20,4.18
1963-12-21,3.74
1963-12-22,3.71
1963-12-23,3.42
1963-12-24,3.09
1963-12-25,2.47
1963-12-26,3.55
1963-12-27,3.02
1963-12-28,3.14
1963-12-29,3.2
1963-12-30,2.94
1963-12-31,2.93
1964-01-01,2.96
1964-01-02,2.83
1964-01-03,2.91
1964-01-04,2.87
1964-01-05,2.77
1964-01-06,2.57
1964-01-07,2.95
1964-01-08,3.0
1964-01-09,3.04
1964-01-10,2.97
1964-01-11,2.91
1964-01-12,2.81
1964-01-13,2.81
1964-01-14,3.07
1964-01-15,3.21
1964-01-16,3.14
1964-01-17,2.81
1964-01-18,2.68
1964-01-19,2.59
1964-01-20,2.51
1964-01-21,2.43
1964-01-22,2.27
1964-01-23,2.2
1964-01-24,2.31
1964-01-25,2.65
1964-01-26,2.63
1964-01-27,2.62
1964-01-28,3.01
1964-01-29,3.19
1964-01-30,4.22
1964-01-31,3.81
1964-02-01,3.91
1964-02-02,4.67
1964-02-03,4.88
1964-02-04,7.22
1964-02-05,9.63
1964-02-06,14.97
1964-02-07,15.08
1964-02-08,12.97
1964-02-09,15.94
1964-02-10,12.24
1964-02-11,8.57
1964-02-12,6.17
1964-02-13,4.88
1964-02-14,4.18
1964-02-15,3.93
1964-02-16,4.22
1964-02-17,5.08
1964-02-18,5.72
1964-02-19,8.96
1964-02-20,14.86
1964-02-21,10.61
1964-02-22,8.71
1964-02-23,6.61
1964-02-24,5.29
1964-02-25,4.55
1964-02-26,5.0
1964-02-27,8.27
1964-02-28,4.6
1964-02-29,4.23
1964-03-01,5.93
1964-03-02,5.06
1964-03-03,4.54
1964-03-04,4.96
1964-03-05,6.38
1964-03-06,7.0
1964-03-07,8.58
1964-03-08,8.91
1964-03-09,8.14
1964-03-10,6.77
1964-03-11,6.6
1964-03-12,6.4
1964-03-13,6.4
1964-03-14,6.2
1964-03-15,6.07
1964-03-16,9.5
1964-03-17,9.14
1964-03-18,8.64
1964-03-19,10.69
1964-03-20,21.61
1964-03-21,25.92
1964-03-22,17.78
1964-03-23,15.52
1964-03-24,10.36
1964-03-25,10.07
1964-03-26,20.78
1964-03-27,18.35
1964-03-28,24.28
1964-03-29,20.38
1964-03-30,18.95
1964-03-31,25.29
1964-04-01,25.25
1964-04-02,18.24
1964-04-03,12.83
1964-04-04,10.18
1964-04-05,7.91
1964-04-06,6.6
1964-04-07,6.49
1964-04-08,7.26
1964-04-09,8.01
1964-04-10,6.14
1964-04-11,5.39
1964-04-12,4.98
1964-04-13,6.2
1964-04-14,5.65
1964-04-15,7.37
1964-04-16,7.58
1964-04-17,5.63
1964-04-18,4.71
1964-04-19,4.31
1964-04-20,5.06
1964-04-21,4.54
1964-04-22,4.28
1964-04-23,4.02
1964-04-24,5.88
1964-04-25,4.51
1964-04-26,4.05
1964-04-27,3.83
1964-04-28,3.61
1964-04-29,3.49
1964-04-30,3.23
1964-05-01,2.97
1964-05-02,2.81
1964-05-03,2.93
1964-05-04,2.77
1964-05-05,2.47
1964-05-06,2.32
1964-05-07,2.2
1964-05-08,2.01
1964-05-09,1.9
1964-05-10,1.84
1964-05-11,1.77
1964-05-12,1.64
1964-05-13,1.63
1964-05-14,1.54
1964-05-15,1.52
1964-05-16,1.58
1964-05-17,1.61
1964-05-18,1.59
1964-05-19,1.55
1964-05-20,1.42
1964-05-21,1.58
1964-05-22,5.93
1964-05-23,3.96
1964-05-24,2.9
1964-05-25,2.33
1964-05-26,1.93
1964-05-27,1.78
1964-05-28,1.89
1964-05-29,1.73
1964-05-30,1.63
1964-05-31,1.53
1964-06-01,1.43
1964-06-02,1.36
1964-06-03,1.37
1964-06-04,1.37
1964-06-05,1.32
1964-06-06,1.24
1964-06-07,1.28
1964-06-08,1.23
1964-06-09,1.2
1964-06-10,1.2
1964-06-11,1.22
1964-06-12,1.22
1964-06-13,1.18
1964-06-14,1.19
1964-06-15,1.2
1964-06-16,1.17
1964-06-17,1.17
1964-06-18,1.14
1964-06-19,1.14
1964-06-20,1.1
1964-06-21,1.1
1964-06-22,1.04
1964-06-23,1.04
1964-06-24,1.04
1964-06-25,1.04
1964-06-26,1.07
1964-06-27,1.06
1964-06-28,1.01
1964-06-29,0.97
1964-06-30,0.95
1964-07-01,0.95
1964-07-02,0.96
1964-07-03,0.98
1964-07-04,0.97
1964-07-05,0.94
1964-07-06,0.91
1964-07-07,0.88
1964-07-08,0.88
1964-07-09,0.92
1964-07-10,0.95
1964-07-11,0.95
1964-07-12,0.95
1964-07-13,1.0
1964-07-14,0.96
1964-07-15,0.91
1964-07-16,0.88
1964-07-17,0.88
1964-07-18,0.89
1964-07-19,0.89
1964-07-20,0.89
1964-07-21,0.89
1964-07-22,0.88
1964-07-23,0.88
1964-07-24,0.85
1964-07-25,0.85
1964-07-26,0.82
1964-07-27,0.78
1964-07-28,0.78
1964-07-29,0.72
1964-07-30,0.68
1964-07-31,0.68
1964-08-01,0.69
1964-08-02,0.71
1964-08-03,0.72
1964-08-04,0.73
1964-08-05,0.74
1964-08-06,0.74
1964-08-07,0.73
1964-08-08,0.75
1964-08-09,0.77
1964-08-10,0.78
1964-08-11,0.77
1964-08-12,0.77
1964-08-13,0.78
1964-08-14,0.77
1964-08-15,0.75
1964-08-16,0.76
1964-08-17,0.78
1964-08-18,0.79
1964-08-19,0.79
1964-08-20,0.78
1964-08-21,0.79
1964-08-22,0.78
1964-08-23,0.85
1964-08-24,0.85
1964-08-25,0.81
1964-08-26,0.77
1964-08-27,0.78
1964-08-28,0.78
1964-08-29,0.79
1964-08-30,0.78
1964-08-31,0.76
1964-09-01,0.74
1964-09-02,0.73
1964-09-03,0.74
1964-09-04,0.74
1964-09-05,0.74
1964-09-06,0.68
1964-09-07,0.68
1964-09-08,0.68
1964-09-09,0.72
1964-09-10,0.74
1964-09-11,0.73
1964-09-12,0.77
1964-09-13,0.75
1964-09-14,0.74
1964-09-15,0.69
1964-09-16,0.69
1964-09-17,0.69
1964-09-18,0.68
1964-09-19,0.7
1964-09-20,0.75
1964-09-21,0.68
1964-09-22,0.67
1964-09-23,0.68
1964-09-24,0.75
1964-09-25,0.82
1964-09-26,0.78
1964-09-27,0.72
1964-09-28,0.68
1964-09-29,0.63
1964-09-30,0.62
1964-10-01,0.67
1964-10-02,0.72
1964-10-03,0.77
1964-10-04,0.75
1964-10-05,0.69
1964-10-06,0.67
1964-10-07,0.65
1964-10-08,0.66
1964-10-09,0.86
1964-10-10,1.0
1964-10-11,1.0
1964-10-12,0.91
1964-10-13,0.92
1964-10-14,1.35
1964-10-15,1.22
1964-10-16,1.12
1964-10-17,1.0
1964-10-18,0.88
1964-10-19,0.83
1964-10-20,0.76
1964-10-21,0.68
1964-10-22,0.66
1964-10-23,0.68
1964-10-24,0.68
1964-10-25,0.75
1964-10-26,1.01
1964-10-27,0.9
1964-10-28,0.84
1964-10-29,0.83
1964-10-30,1.01
1964-10-31,0.92
1964-11-01,1.46
1964-11-02,2.02
1964-11-03,2.17
1964-11-04,1.81
1964-11-05,1.56
1964-11-06,1.38
1964-11-07,1.32
1964-11-08,1.41
1964-11-09,1.53
1964-11-10,1.5
1964-11-11,1.5
1964-11-12,1.52
1964-11-13,1.64
1964-11-14,1.73
1964-11-15,1.53
1964-11-16,1.48
1964-11-17,1.3
1964-11-18,1.24
1964-11-19,1.6
1964-11-20,2.24
1964-11-21,2.02
1964-11-22,1.75
1964-11-23,1.59
1964-11-24,1.52
1964-11-25,1.41
1964-11-26,1.5
1964-11-27,1.47
1964-11-28,1.45
1964-11-29,1.28
1964-11-30,1.27
1964-12-01,1.12
1964-12-02,1.04
1964-12-03,1.04
1964-12-04,1.09
1964-12-05,1.03
1964-12-06,1.02
1964-12-07,0.81
1964-12-08,0.76
1964-12-09,0.76
1964-12-10,0.77
1964-12-11,0.79
1964-12-12,0.82
1964-12-13,0.81
1964-12-14,0.84
1964-12-15,0.86
1964-12-16,0.98
1964-12-17,1.03
1964-12-18,0.99
1964-12-19,0.97
1964-12-20,0.88
1964-12-21,0.87
1964-12-22,0.89
1964-12-23,1.17
1964-12-24,1.45
1964-12-25,1.59
1964-12-26,1.77
1964-12-27,2.4
1964-12-28,2.85
1964-12-29,2.93
1964-12-30,2.3
1964-12-31,1.88
1965-01-01,1.68
1965-01-02,1.53
1965-01-03,1.52
1965-01-04,1.69
1965-01-05,1.7
1965-01-06,2.32
1965-01-07,2.73
1965-01-08,2.84
1965-01-09,2.82
1965-01-10,2.67
1965-01-11,2.61
1965-01-12,2.34
1965-01-13,2.01
1965-01-14,1.93
1965-01-15,1.8
1965-01-16,1.74
1965-01-17,1.93
1965-01-18,1.75
1965-01-19,1.67
1965-01-20,1.59
1965-01-21,1.43
1965-01-22,1.12
1965-01-23,1.07
1965-01-24,1.07
1965-01-25,1.1
1965-01-26,0.98
1965-01-27,0.99
1965-01-28,1.11
1965-01-29,1.05
1965-01-30,1.0
1965-01-31,0.9
1965-02-01,0.87
1965-02-02,0.91
1965-02-03,1.34
1965-02-04,1.5
1965-02-05,1.69
1965-02-06,1.72
1965-02-07,1.61
1965-02-08,1.43
1965-02-09,1.36
1965-02-10,1.56
1965-02-11,1.74
1965-02-12,1.84
1965-02-13,1.97
1965-02-14,2.5
1965-02-15,2.79
1965-02-16,2.55
1965-02-17,2.14
1965-02-18,2.14
1965-02-19,2.94
1965-02-20,3.87
1965-02-21,4.51
1965-02-22,9.35
1965-02-23,8.59
1965-02-24,6.77
1965-02-25,5.96
1965-02-26,5.5
1965-02-27,5.3
1965-02-28,5.0
1965-03-01,10.03
1965-03-02,8.69
1965-03-03,9.1
1965-03-04,11.38
1965-03-05,12.05
1965-03-06,12.45
1965-03-07,17.63
1965-03-08,20.18
1965-03-09,14.65
1965-03-10,12.3
1965-03-11,9.49
1965-03-12,8.32
1965-03-13,7.86
1965-03-14,8.26
1965-03-15,8.69
1965-03-16,7.52
1965-03-17,7.11
1965-03-18,11.26
1965-03-19,14.98
1965-03-20,17.13
1965-03-21,22.74
1965-03-22,17.7
1965-03-23,10.32
1965-03-24,7.77
1965-03-25,6.68
1965-03-26,6.64
1965-03-27,6.07
1965-03-28,5.46
1965-03-29,4.69
1965-03-30,4.52
1965-03-31,4.02
1965-04-01,4.3
1965-04-02,5.72
1965-04-03,10.71
1965-04-04,10.13
1965-04-05,9.28
1965-04-06,8.64
1965-04-07,7.85
1965-04-08,5.8
1965-04-09,4.66
1965-04-10,3.73
1965-04-11,3.29
1965-04-12,3.37
1965-04-13,3.23
1965-04-14,2.92
1965-04-15,2.57
1965-04-16,2.23
1965-04-17,2.14
1965-04-18,2.04
1965-04-19,1.96
1965-04-20,1.84
1965-04-21,1.7
1965-04-22,1.7
1965-04-23,1.7
1965-04-24,1.63
1965-04-25,1.65
1965-04-26,1.59
1965-04-27,1.55
1965-04-28,1.52
1965-04-29,1.56
1965-04-30,2.27
1965-05-01,2.29
1965-05-02,1.98
1965-05-03,1.81
1965-05-04,1.66
1965-05-05,1.53
1965-05-06,1.49
1965-05-07,1.44
1965-05-08,1.46
1965-05-09,1.47
1965-05-10,1.36
1965-05-11,1.31
1965-05-12,1.33
1965-05-13,1.29
1965-05-14,1.27
1965-05-15,1.19
1965-05-16,1.17
1965-05-17,1.17
1965-05-18,1.1
1965-05-19,1.04
1965-05-20,1.06
1965-05-21,1.01
1965-05-22,1.0
1965-05-23,0.94
1965-05-24,0.94
1965-05-25,0.94
1965-05-26,0.96
1965-05-27,0.88
1965-05-28,0.88
1965-05-29,0.86
1965-05-30,0.88
1965-05-31,0.88
1965-06-01,0.87
1965-06-02,0.83
1965-06-03,0.81
1965-06-04,0.82
1965-06-05,0.79
1965-06-06,0.8
1965-06-07,0.8
1965-06-08,0.79
1965-06-09,0.78
1965-06-10,0.77
1965-06-11,0.76
1965-06-12,0.78
1965-06-13,0.75
1965-06-14,0.75
1965-06-15,0.75
1965-06-16,0.8
1965-06-17,0.83
1965-06-18,0.87
1965-06-19,0.83
1965-06-20,0.78
1965-06-21,0.73
1965-06-22,0.73
1965-06-23,0.76
1965-06-24,0.77
1965-06-25,0.78
1965-06-26,0.78
1965-06-27,0.78
1965-06-28,0.77
1965-06-29,0.76
1965-06-30,0.78
1965-07-01,0.77
1965-07-02,0.76
1965-07-03,0.76
1965-07-04,0.79
1965-07-05,0.87
1965-07-06,0.84
1965-07-07,0.82
1965-07-08,0.84
1965-07-09,0.82
1965-07-10,0.78
1965-07-11,0.78
1965-07-12,0.79
1965-07-13,0.81
1965-07-14,0.81
1965-07-15,0.73
1965-07-16,0.68
1965-07-17,0.68
1965-07-18,0.68
1965-07-19,0.68
1965-07-20,0.68
1965-07-21,0.66
1965-07-22,0.67
1965-07-23,0.69
1965-07-24,0.68
1965-07-25,0.71
1965-07-26,0.73
1965-07-27,0.72
1965-07-28,0.68
1965-07-29,0.68
1965-07-30,0.68
1965-07-31,0.68
1965-08-01,0.68
1965-08-02,0.68
1965-08-03,0.68
1965-08-04,0.68
1965-08-05,0.68
1965-08-06,0.66
1965-08-07,0.64
1965-08-08,0.63
1965-08-09,0.63
1965-08-10,0.63
1965-08-11,0.61
1965-08-12,0.62
1965-08-13,0.6
1965-08-14,0.59
1965-08-15,0.57
1965-08-16,0.58
1965-08-17,0.58
1965-08-18,0.58
1965-08-19,0.57
1965-08-20,0.55
1965-08-21,0.56
1965-08-22,0.7
1965-08-23,0.65
1965-08-24,0.61
1965-08-25,0.59
1965-08-26,0.58
1965-08-27,0.57
1965-08-28,0.57
1965-08-29,0.54
1965-08-30,0.53
1965-08-31,0.55
1965-09-01,0.59
1965-09-02,0.59
1965-09-03,0.58
1965-09-04,0.61
1965-09-05,0.6
1965-09-06,0.58
1965-09-07,0.6
1965-09-08,0.63
1965-09-09,0.84
1965-09-10,0.75
1965-09-11,0.65
1965-09-12,0.63
1965-09-13,0.62
1965-09-14,0.63
1965-09-15,0.64
1965-09-16,0.58
1965-09-17,0.55
1965-09-18,0.56
1965-09-19,0.56
1965-09-20,0.54
1965-09-21,0.54
1965-09-22,0.55
1965-09-23,0.56
1965-09-24,0.57
1965-09-25,0.61
1965-09-26,0.62
1965-09-27,0.61
1965-09-28,0.62
1965-09-29,0.62
1965-09-30,0.63
1965-10-01,0.65
1965-10-02,0.67
1965-10-03,0.69
1965-10-04,0.71
1965-10-05,0.67
1965-10-06,0.71
1965-10-07,0.73
1965-10-08,0.66
1965-10-09,0.63
1965-10-10,0.64
1965-10-11,0.71
1965-10-12,0.8
1965-10-13,0.8
1965-10-14,0.79
1965-10-15,0.76
1965-10-16,0.89
1965-10-17,0.85
1965-10-18,0.89
1965-10-19,0.71
1965-10-20,0.77
1965-10-21,0.84
1965-10-22,0.87
1965-10-23,0.89
1965-10-24,0.92
1965-10-25,0.93
1965-10-26,1.07
1965-10-27,1.18
1965-10-28,1.03
1965-10-29,0.85
1965-10-30,0.87
1965-10-31,0.84
1965-11-01,0.8
1965-11-02,0.79
1965-11-03,0.8
1965-11-04,0.86
1965-11-05,0.97
1965-11-06,0.87
1965-11-07,0.79
1965-11-08,0.82
1965-11-09,0.93
1965-11-10,1.07
1965-11-11,1.16
1965-11-12,1.11
1965-11-13,1.06
1965-11-14,1.03
1965-11-15,1.04
1965-11-16,1.04
1965-11-17,1.04
1965-11-18,1.22
1965-11-19,1.16
1965-11-20,1.08
1965-11-21,1.02
1965-11-22,0.99
1965-11-23,1.07
1965-11-24,1.01
1965-11-25,1.1
1965-11-26,1.1
1965-11-27,0.98
1965-11-28,0.86
1965-11-29,0.88
1965-11-30,0.95
1965-12-01,1.0
1965-12-02,1.01
1965-12-03,0.9
1965-12-04,1.03
1965-12-05,0.98
1965-12-06,1.07
1965-12-07,1.06
1965-12-08,0.97
1965-12-09,0.88
1965-12-10,0.92
1965-12-11,1.01
1965-12-12,0.93
1965-12-13,0.98
1965-12-14,1.0
1965-12-15,1.1
1965-12-16,1.21
1965-12-17,1.28
1965-12-18,1.33
1965-12-19,1.55
1965-12-20,1.98
1965-12-21,2.64
1965-12-22,2.79
1965-12-23,2.49
1965-12-24,2.64
1965-12-25,2.27
1965-12-26,2.08
1965-12-27,1.8
1965-12-28,1.63
1965-12-29,1.7
1965-12-30,2.87
1965-12-31,5.15
1966-01-01,7.43
1966-01-02,7.85
1966-01-03,7.45
1966-01-04,6.7
1966-01-05,5.79
1966-01-06,6.15
1966-01-07,5.81
1966-01-08,6.92
1966-01-09,6.29
1966-01-10,5.34
1966-01-11,4.5
1966-01-12,3.76
1966-01-13,3.1
1966-01-14,2.69
1966-01-15,2.42
1966-01-16,2.16
1966-01-17,2.0
1966-01-18,1.91
1966-01-19,1.87
1966-01-20,1.71
1966-01-21,1.8
1966-01-22,2.61
1966-01-23,3.46
1966-01-24,3.34
1966-01-25,3.45
1966-01-26,3.18
1966-01-27,2.97
1966-01-28,3.14
1966-01-29,3.66
1966-01-30,4.84
1966-01-31,4.65
1966-02-01,3.8
1966-02-02,3.26
1966-02-03,2.87
1966-02-04,2.71
1966-02-05,2.63
1966-02-06,2.5
1966-02-07,2.42
1966-02-08,2.31
1966-02-09,2.41
1966-02-10,2.11
1966-02-11,2.01
1966-02-12,2.04
1966-02-13,2.04
1966-02-14,2.19
1966-02-15,2.09
1966-02-16,2.09
1966-02-17,2.5
1966-02-18,5.14
1966-02-19,2.59
1966-02-20,2.46
1966-02-21,3.75
1966-02-22,6.47
1966-02-23,6.23
1966-02-24,5.89
1966-02-25,4.3
1966-02-26,3.56
1966-02-27,3.49
1966-02-28,3.77
1966-03-01,6.57
1966-03-02,9.95
1966-03-03,10.82
1966-03-04,9.5
1966-03-05,9.58
1966-03-06,10.13
1966-03-07,8.15
1966-03-08,7.62
1966-03-09,7.09
1966-03-10,5.39
1966-03-11,4.4
1966-03-12,3.66
1966-03-13,3.16
1966-03-14,2.87
1966-03-15,2.6
1966-03-16,2.51
1966-03-17,2.45
1966-03-18,2.33
1966-03-19,2.92
1966-03-20,2.9
1966-03-21,3.05
1966-03-22,3.97
1966-03-23,4.25
1966-03-24,3.78
1966-03-25,3.19
1966-03-26,3.53
1966-03-27,3.09
1966-03-28,3.22
1966-03-29,3.76
1966-03-30,2.61
1966-03-31,2.33
1966-04-01,2.36
1966-04-02,2.24
1966-04-03,2.09
1966-04-04,2.07
1966-04-05,1.95
1966-04-06,1.92
1966-04-07,1.91
1966-04-08,2.21
1966-04-09,2.78
1966-04-10,2.73
1966-04-11,2.49
1966-04-12,2.04
1966-04-13,1.8
1966-04-14,1.63
1966-04-15,1.57
1966-04-16,1.39
1966-04-17,1.29
1966-04-18,1.37
1966-04-19,1.46
1966-04-20,1.33
1966-04-21,1.21
1966-04-22,1.33
1966-04-23,1.61
1966-04-24,1.56
1966-04-25,1.66
1966-04-26,2.46
1966-04-27,2.15
1966-04-28,1.75
1966-04-29,1.49
1966-04-30,1.48
1966-05-01,1.52
1966-05-02,1.61
1966-05-03,1.58
1966-05-04,1.58
1966-05-05,1.52
1966-05-06,1.52
1966-05-07,1.45
1966-05-08,1.42
1966-05-09,1.4
1966-05-10,1.36
1966-05-11,1.2
1966-05-12,1.13
1966-05-13,1.08
1966-05-14,1.03
1966-05-15,1.1
1966-05-16,1.21
1966-05-17,1.26
1966-05-18,1.26
1966-05-19,1.15
1966-05-20,1.06
1966-05-21,1.0
1966-05-22,0.95
1966-05-23,0.91
1966-05-24,0.89
1966-05-25,0.87
1966-05-26,0.83
1966-05-27,0.83
1966-05-28,0.81
1966-05-29,0.79
1966-05-30,0.77
1966-05-31,0.76
1966-06-01,0.78
1966-06-02,0.79
1966-06-03,0.79
1966-06-04,0.78
1966-06-05,0.76
1966-06-06,0.75
1966-06-07,0.74
1966-06-08,0.72
1966-06-09,0.72
1966-06-10,0.69
1966-06-11,0.68
1966-06-12,0.69
1966-06-13,0.7
1966-06-14,0.71
1966-06-15,0.68
1966-06-16,0.66
1966-06-17,0.69
1966-06-18,0.7
1966-06-19,0.67
1966-06-20,0.66
1966-06-21,0.66
1966-06-22,0.64
1966-06-23,0.65
1966-06-24,0.66
1966-06-25,0.66
1966-06-26,0.66
1966-06-27,0.66
1966-06-28,0.64
1966-06-29,0.64
1966-06-30,0.66
1966-07-01,0.66
1966-07-02,0.66
1966-07-03,0.66
1966-07-04,0.66
1966-07-05,0.65
1966-07-06,0.64
1966-07-07,0.64
1966-07-08,0.62
1966-07-09,0.62
1966-07-10,0.62
1966-07-11,0.61
1966-07-12,0.62
1966-07-13,0.62
1966-07-14,0.62
1966-07-15,0.61
1966-07-16,0.62
1966-07-17,0.62
1966-07-18,0.62
1966-07-19,0.6
1966-07-20,0.6
1966-07-21,0.58
1966-07-22,0.59
1966-07-23,0.58
1966-07-24,0.59
1966-07-25,0.6
1966-07-26,0.61
1966-07-27,0.59
1966-07-28,0.58
1966-07-29,0.57
1966-07-30,0.58
1966-07-31,0.58
1966-08-01,0.58
1966-08-02,0.61
1966-08-03,0.62
1966-08-04,0.58
1966-08-05,0.57
1966-08-06,0.56
1966-08-07,0.56
1966-08-08,0.53
1966-08-09,0.51
1966-08-10,0.51
1966-08-11,0.51
1966-08-12,0.51
1966-08-13,0.52
1966-08-14,0.53
1966-08-15,0.53
1966-08-16,0.53
1966-08-17,0.53
1966-08-18,0.51
1966-08-19,0.52
1966-08-20,0.52
1966-08-21,0.51
1966-08-22,0.5
1966-08-23,0.48
1966-08-24,0.5
1966-08-25,0.5
1966-08-26,0.49
1966-08-27,0.5
1966-08-28,0.48
1966-08-29,0.49
1966-08-30,0.5
1966-08-31,0.5
1966-09-01,0.49
1966-09-02,0.49
1966-09-03,0.48
1966-09-04,0.49
1966-09-05,0.48
1966-09-06,0.48
1966-09-07,0.48
1966-09-08,0.47
1966-09-09,0.47
1966-09-10,0.48
1966-09-11,0.49
1966-09-12,0.49
1966-09-13,0.49
1966-09-14,0.48
1966-09-15,0.48
1966-09-16,0.52
1966-09-17,0.56
1966-09-18,0.8
1966-09-19,0.69
1966-09-20,0.61
1966-09-21,0.69
1966-09-22,0.86
1966-09-23,0.84
1966-09-24,0.68
1966-09-25,0.61
1966-09-26,0.57
1966-09-27,0.57
1966-09-28,0.62
1966-09-29,0.62
1966-09-30,0.63
1966-10-01,0.63
1966-10-02,0.67
1966-10-03,0.77
1966-10-04,0.78
1966-10-05,0.78
1966-10-06,0.81
1966-10-07,0.77
1966-10-08,0.68
1966-10-09,0.62
1966-10-10,0.63
1966-10-11,0.64
1966-10-12,1.0
1966-10-13,1.45
1966-10-14,1.76
1966-10-15,2.23
1966-10-16,1.82
1966-10-17,1.41
1966-10-18,1.26
1966-10-19,1.4
1966-10-20,1.92
1966-10-21,2.06
1966-10-22,2.07
1966-10-23,1.94
1966-10-24,1.97
1966-10-25,2.46
1966-10-26,2.83
1966-10-27,2.39
1966-10-28,1.99
1966-10-29,1.76
1966-10-30,1.68
1966-10-31,1.71
1966-11-01,2.04
1966-11-02,1.92
1966-11-03,1.73
1966-11-04,1.74
1966-11-05,1.74
1966-11-06,1.73
1966-11-07,1.63
1966-11-08,1.67
1966-11-09,1.67
1966-11-10,1.55
1966-11-11,1.37
1966-11-12,1.3
1966-11-13,1.2
1966-11-14,1.15
1966-11-15,1.06
1966-11-16,0.89
1966-11-17,0.82
1966-11-18,0.76
1966-11-19,0.76
1966-11-20,0.87
1966-11-21,1.0
1966-11-22,1.01
1966-11-23,1.07
1966-11-24,1.27
1966-11-25,1.26
1966-11-26,1.18
1966-11-27,1.17
1966-11-28,1.38
1966-11-29,1.55
1966-11-30,1.44
1966-12-01,1.27
1966-12-02,1.28
1966-12-03,1.24
1966-12-04,1.25
1966-12-05,1.4
1966-12-06,1.33
1966-12-07,1.72
1966-12-08,2.36
1966-12-09,3.05
1966-12-10,3.43
1966-12-11,2.97
1966-12-12,2.56
1966-12-13,2.3
1966-12-14,2.5
1966-12-15,2.09
1966-12-16,1.83
1966-12-17,1.7
1966-12-18,1.64
1966-12-19,1.49
1966-12-20,1.38
1966-12-21,1.33
1966-12-22,1.33
1966-12-23,1.22
1966-12-24,1.25
1966-12-25,1.26
1966-12-26,1.3
1966-12-27,1.25
1966-12-28,1.35
1966-12-29,1.31
1966-12-30,1.3
1966-12-31,1.19
1967-01-01,1.11
1967-01-02,1.11
1967-01-03,1.49
1967-01-04,1.77
1967-01-05,1.6
1967-01-06,1.91
1967-01-07,2.15
1967-01-08,1.88
1967-01-09,1.75
1967-01-10,1.97
1967-01-11,2.27
1967-01-12,2.34
1967-01-13,2.49
1967-01-14,2.42
1967-01-15,2.15
1967-01-16,2.41
1967-01-17,3.81
1967-01-18,4.41
1967-01-19,4.73
1967-01-20,1.37
1967-01-21,1.76
1967-01-22,5.79
1967-01-23,6.03
1967-01-24,5.2
1967-01-25,4.32
1967-01-26,4.58
1967-01-27,4.37
1967-01-28,4.14
1967-01-29,3.64
1967-01-30,4.08
1967-01-31,6.03
1967-02-01,9.34
1967-02-02,9.23
1967-02-03,8.07
1967-02-04,7.75
1967-02-05,8.11
1967-02-06,8.04
1967-02-07,8.41
1967-02-08,10.23
1967-02-09,12.19
1967-02-10,9.89
1967-02-11,8.3
1967-02-12,7.78
1967-02-13,8.06
1967-02-14,10.62
1967-02-15,18.12
1967-02-16,35.81
1967-02-17,25.82
1967-02-18,40.82
1967-02-19,34.83
1967-02-20,40.98
1967-02-21,42.14
1967-02-22,38.1
1967-02-23,27.17
1967-02-24,37.06
1967-02-25,43.56
1967-02-26,49.14
1967-02-27,42.05
1967-02-28,25.74
1967-03-01,23.71
1967-03-02,30.58
1967-03-03,36.29
1967-03-04,27.58
1967-03-05,21.69
1967-03-06,26.32
1967-03-07,33.17
1967-03-08,22.8
1967-03-09,18.0
1967-03-10,12.0
1967-03-11,8.83
1967-03-12,8.9
1967-03-13,9.78
1967-03-14,13.77
1967-03-15,18.76
1967-03-16,17.48
1967-03-17,17.46
1967-03-18,20.14
1967-03-19,26.71
1967-03-20,26.73
1967-03-21,17.33
1967-03-22,11.95
1967-03-23,8.98
1967-03-24,7.25
1967-03-25,6.41
1967-03-26,5.63
1967-03-27,5.41
1967-03-28,5.41
1967-03-29,5.06
1967-03-30,4.84
1967-03-31,4.36
1967-04-01,3.89
1967-04-02,3.76
1967-04-03,3.82
1967-04-04,3.35
1967-04-05,3.09
1967-04-06,2.91
1967-04-07,2.64
1967-04-08,2.48
1967-04-09,2.36
1967-04-10,2.22
1967-04-11,2.19
1967-04-12,2.12
1967-04-13,2.28
1967-04-14,2.17
1967-04-15,2.15
1967-04-16,2.62
1967-04-17,3.2
1967-04-18,2.8
1967-04-19,2.44
1967-04-20,2.35
1967-04-21,2.62
1967-04-22,2.99
1967-04-23,2.97
1967-04-24,2.62
1967-04-25,2.53
1967-04-26,2.45
1967-04-27,2.16
1967-04-28,1.96
1967-04-29,1.82
1967-04-30,1.73
1967-05-01,1.68
1967-05-02,1.7
1967-05-03,1.66
1967-05-04,1.81
1967-05-05,1.72
1967-05-06,1.6
1967-05-07,1.54
1967-05-08,1.5
1967-05-09,1.5
1967-05-10,1.5
1967-05-11,1.5
1967-05-12,1.53
1967-05-13,1.62
1967-05-14,1.68
1967-05-15,1.6
1967-05-16,1.68
1967-05-17,1.63
1967-05-18,2.24
1967-05-19,2.09
1967-05-20,1.71
1967-05-21,1.61
1967-05-22,1.51
1967-05-23,1.49
1967-05-24,1.46
1967-05-25,1.46
1967-05-26,1.34
1967-05-27,1.29
1967-05-28,1.2
1967-05-29,1.15
1967-05-30,1.14
1967-05-31,1.12
1967-06-01,1.14
1967-06-02,1.14
1967-06-03,1.11
1967-06-04,1.07
1967-06-05,1.05
1967-06-06,1.01
1967-06-07,1.01
1967-06-08,1.05
1967-06-09,1.18
1967-06-10,1.11
1967-06-11,1.07
1967-06-12,1.03
1967-06-13,1.02
1967-06-14,1.01
1967-06-15,1.01
1967-06-16,0.96
1967-06-17,0.92
1967-06-18,0.88
1967-06-19,0.88
1967-06-20,0.88
1967-06-21,0.88
1967-06-22,0.88
1967-06-23,0.88
1967-06-24,0.88
1967-06-25,0.88
1967-06-26,0.88
1967-06-27,0.88
1967-06-28,0.88
1967-06-29,0.86
1967-06-30,0.86
1967-07-01,0.88
1967-07-02,0.88
1967-07-03,0.88
1967-07-04,0.88
1967-07-05,0.89
1967-07-06,0.91
1967-07-07,0.91
1967-07-08,0.89
1967-07-09,0.88
1967-07-10,0.88
1967-07-11,0.86
1967-07-12,0.83
1967-07-13,0.83
1967-07-14,1.06
1967-07-15,1.6
1967-07-16,1.35
1967-07-17,1.09
1967-07-18,0.98
1967-07-19,0.9
1967-07-20,0.86
1967-07-21,0.86
1967-07-22,0.86
1967-07-23,0.89
1967-07-24,0.85
1967-07-25,0.83
1967-07-26,0.83
1967-07-27,0.83
1967-07-28,0.79
1967-07-29,0.76
1967-07-30,0.75
1967-07-31,0.73
1967-08-01,0.73
1967-08-02,0.76
1967-08-03,0.86
1967-08-04,0.85
1967-08-05,0.78
1967-08-06,0.76
1967-08-07,0.73
1967-08-08,0.74
1967-08-09,0.73
1967-08-10,0.74
1967-08-11,0.73
1967-08-12,0.72
1967-08-13,0.7
1967-08-14,0.68
1967-08-15,0.68
1967-08-16,0.68
1967-08-17,0.67
1967-08-18,0.67
1967-08-19,0.67
1967-08-20,0.66
1967-08-21,0.68
1967-08-22,0.68
1967-08-23,0.68
1967-08-24,0.67
1967-08-25,0.67
1967-08-26,0.63
1967-08-27,0.62
1967-08-28,0.61
1967-08-29,0.61
1967-08-30,0.62
1967-08-31,0.63
1967-09-01,0.69
1967-09-02,0.87
1967-09-03,0.92
1967-09-04,0.83
1967-09-05,0.76
1967-09-06,0.69
1967-09-07,0.68
1967-09-08,0.66
1967-09-09,0.66
1967-09-10,0.67
1967-09-11,0.65
1967-09-12,0.65
1967-09-13,0.63
1967-09-14,0.63
1967-09-15,0.61
1967-09-16,0.6
1967-09-17,0.62
1967-09-18,0.65
1967-09-19,0.64
1967-09-20,0.62
1967-09-21,0.61
1967-09-22,0.6
1967-09-23,0.59
1967-09-24,0.58
1967-09-25,0.59
1967-09-26,0.6
1967-09-27,0.6
1967-09-28,0.59
1967-09-29,0.61
1967-09-30,0.64
1967-10-01,0.68
1967-10-02,0.75
1967-10-03,0.89
1967-10-04,0.85
1967-10-05,0.84
1967-10-06,1.29
1967-10-07,1.39
1967-10-08,1.67
1967-10-09,1.57
1967-10-10,1.71
1967-10-11,1.64
1967-10-12,1.63
1967-10-13,2.12
1967-10-14,3.45
1967-10-15,4.55
1967-10-16,5.12
1967-10-17,5.18
1967-10-18,4.12
1967-10-19,4.89
1967-10-20,4.5
1967-10-21,3.83
1967-10-22,3.39
1967-10-23,2.87
1967-10-24,2.35
1967-10-25,1.82
1967-10-26,1.75
1967-10-27,2.0
1967-10-28,1.78
1967-10-29,1.79
1967-10-30,1.75
1967-10-31,2.27
1967-11-01,1.97
1967-11-02,1.74
1967-11-03,1.48
1967-11-04,1.31
1967-11-05,1.16
1967-11-06,1.12
1967-11-07,1.07
1967-11-08,1.1
1967-11-09,1.09
1967-11-10,1.1
1967-11-11,1.06
1967-11-12,1.05
1967-11-13,1.05
1967-11-14,0.98
1967-11-15,1.0
1967-11-16,1.07
1967-11-17,1.11
1967-11-18,1.14
1967-11-19,1.35
1967-11-20,1.78
1967-11-21,1.67
1967-11-22,1.39
1967-11-23,1.29
1967-11-24,1.2
1967-11-25,1.24
1967-11-26,1.29
1967-11-27,1.3
1967-11-28,1.26
1967-11-29,1.13
1967-11-30,1.05
1967-12-01,1.05
1967-12-02,1.12
1967-12-03,1.14
1967-12-04,1.13
1967-12-05,1.17
1967-12-06,1.28
1967-12-07,1.25
1967-12-08,1.2
1967-12-09,1.26
1967-12-10,1.41
1967-12-11,1.55
1967-12-12,1.5
1967-12-13,1.48
1967-12-14,1.32
1967-12-15,1.17
1967-12-16,1.17
1967-12-17,1.3
1967-12-18,1.54
1967-12-19,1.78
1967-12-20,1.94
1967-12-21,1.89
1967-12-22,1.65
1967-12-23,1.53
1967-12-24,1.44
1967-12-25,1.38
1967-12-26,1.36
1967-12-27,1.35
1967-12-28,1.57
1967-12-29,1.75
1967-12-30,1.43
1967-12-31,1.23
1968-01-01,1.2
1968-01-02,1.27
1968-01-03,1.4
1968-01-04,1.29
1968-01-05,1.21
1968-01-06,1.39
1968-01-07,1.63
1968-01-08,1.61
1968-01-09,1.46
1968-01-10,1.27
1968-01-11,1.19
1968-01-12,1.32
1968-01-13,1.42
1968-01-14,1.79
1968-01-15,2.27
1968-01-16,2.25
1968-01-17,2.57
1968-01-18,2.73
1968-01-19,2.89
1968-01-20,2.48
1968-01-21,2.48
1968-01-22,2.34
1968-01-23,2.76
1968-01-24,2.95
1968-01-25,2.72
1968-01-26,2.67
1968-01-27,3.47
1968-01-28,3.72
1968-01-29,3.49
1968-01-30,2.84
1968-01-31,2.27
1968-02-01,2.07
1968-02-02,2.01
1968-02-03,2.33
1968-02-04,3.35
1968-02-05,4.73
1968-02-06,4.22
1968-02-07,3.43
1968-02-08,3.11
1968-02-09,2.9
1968-02-10,2.86
1968-02-11,2.7
1968-02-12,2.75
1968-02-13,2.63
1968-02-14,2.4
1968-02-15,2.31
1968-02-16,2.09
1968-02-17,1.98
1968-02-18,2.02
1968-02-19,2.29
1968-02-20,2.98
1968-02-21,2.96
1968-02-22,2.41
1968-02-23,2.11
1968-02-24,1.84
1968-02-25,1.79
1968-02-26,1.81
1968-02-27,2.0
1968-02-28,2.87
1968-02-29,2.83
1968-03-01,2.71
1968-03-02,3.08
1968-03-03,2.97
1968-03-04,2.65
1968-03-05,2.75
1968-03-06,2.56
1968-03-07,2.69
1968-03-08,3.93
1968-03-09,4.74
1968-03-10,4.71
1968-03-11,5.83
1968-03-12,9.32
1968-03-13,8.62
1968-03-14,6.91
1968-03-15,6.54
1968-03-16,6.95
1968-03-17,8.01
1968-03-18,6.89
1968-03-19,5.95
1968-03-20,5.15
1968-03-21,4.45
1968-03-22,3.65
1968-03-23,3.79
1968-03-24,5.15
1968-03-25,6.6
1968-03-26,6.73
1968-03-27,5.09
1968-03-28,4.46
1968-03-29,4.23
1968-03-30,4.05
1968-03-31,3.21
1968-04-01,2.77
1968-04-02,2.62
1968-04-03,2.45
1968-04-04,2.47
1968-04-05,2.94
1968-04-06,3.01
1968-04-07,2.75
1968-04-08,2.73
1968-04-09,3.03
1968-04-10,2.81
1968-04-11,2.35
1968-04-12,2.08
1968-04-13,1.97
1968-04-14,1.8
1968-04-15,1.57
1968-04-16,1.44
1968-04-17,1.41
1968-04-18,1.34
1968-04-19,1.21
1968-04-20,1.15
1968-04-21,1.06
1968-04-22,0.96
1968-04-23,0.93
1968-04-24,0.93
1968-04-25,0.9
1968-04-26,0.87
1968-04-27,0.85
1968-04-28,0.83
1968-04-29,0.83
1968-04-30,0.82
1968-05-01,0.82
1968-05-02,0.82
1968-05-03,0.82
1968-05-04,0.8
1968-05-05,0.79
1968-05-06,0.78
1968-05-07,0.7
1968-05-08,0.7
1968-05-09,0.7
1968-05-10,0.7
1968-05-11,0.78
1968-05-12,0.79
1968-05-13,0.82
1968-05-14,0.93
1968-05-15,1.16
1968-05-16,1.0
1968-05-17,1.07
1968-05-18,1.66
1968-05-19,1.59
1968-05-20,1.72
1968-05-21,1.24
1968-05-22,1.07
1968-05-23,1.0
1968-05-24,0.94
1968-05-25,0.91
1968-05-26,0.88
1968-05-27,0.86
1968-05-28,0.83
1968-05-29,0.82
1968-05-30,0.8
1968-05-31,0.8
1968-06-01,0.8
1968-06-02,0.8
1968-06-03,0.79
1968-06-04,0.79
1968-06-05,0.78
1968-06-06,0.79
1968-06-07,0.78
1968-06-08,0.76
1968-06-09,0.74
1968-06-10,0.72
1968-06-11,0.7
1968-06-12,0.7
1968-06-13,0.69
1968-06-14,0.7
1968-06-15,0.69
1968-06-16,0.7
1968-06-17,0.75
1968-06-18,0.73
1968-06-19,0.72
1968-06-20,0.72
1968-06-21,0.72
1968-06-22,0.72
1968-06-23,0.71
1968-06-24,0.7
1968-06-25,0.68
1968-06-26,0.68
1968-06-27,0.69
1968-06-28,0.67
1968-06-29,0.67
1968-06-30,0.66
1968-07-01,0.64
1968-07-02,0.64
1968-07-03,0.64
1968-07-04,0.65
1968-07-05,0.67
1968-07-06,0.67
1968-07-07,0.64
1968-07-08,0.66
1968-07-09,0.63
1968-07-10,0.62
1968-07-11,0.62
1968-07-12,0.61
1968-07-13,0.59
1968-07-14,0.59
1968-07-15,0.6
1968-07-16,0.6
1968-07-17,0.61
1968-07-18,0.61
1968-07-19,0.63
1968-07-20,0.64
1968-07-21,0.63
1968-07-22,0.62
1968-07-23,0.61
1968-07-24,0.59
1968-07-25,0.59
1968-07-26,0.59
1968-07-27,0.58
1968-07-28,0.58
1968-07-29,0.58
1968-07-30,0.57
1968-07-31,0.58
1968-08-01,0.6
1968-08-02,0.6
1968-08-03,0.61
1968-08-04,0.6
1968-08-05,0.6
1968-08-06,0.6
1968-08-07,0.6
1968-08-08,0.58
1968-08-09,0.57
1968-08-10,0.57
1968-08-11,0.56
1968-08-12,0.56
1968-08-13,0.56
1968-08-14,0.56
1968-08-15,0.56
1968-08-16,0.57
1968-08-17,0.6
1968-08-18,0.6
1968-08-19,0.62
1968-08-20,0.6
1968-08-21,0.59
1968-08-22,0.58
1968-08-23,0.58
1968-08-24,0.57
1968-08-25,0.57
1968-08-26,0.56
1968-08-27,0.56
1968-08-28,0.56
1968-08-29,0.58
1968-08-30,0.62
1968-08-31,0.77
1968-09-01,0.73
1968-09-02,0.64
1968-09-03,0.62
1968-09-04,0.62
1968-09-05,0.66
1968-09-06,0.62
1968-09-07,0.6
1968-09-08,0.59
1968-09-09,0.56
1968-09-10,0.55
1968-09-11,0.55
1968-09-12,0.56
1968-09-13,0.56
1968-09-14,0.56
1968-09-15,0.56
1968-09-16,0.56
1968-09-17,0.56
1968-09-18,0.56
1968-09-19,0.55
1968-09-20,0.55
1968-09-21,0.56
1968-09-22,0.55
1968-09-23,0.54
1968-09-24,0.56
1968-09-25,0.55
1968-09-26,0.56
1968-09-27,0.57
1968-09-28,0.56
1968-09-29,0.57
1968-09-30,0.57
1968-10-01,0.56
1968-10-02,0.55
1968-10-03,0.56
1968-10-04,0.56
1968-10-05,0.57
1968-10-06,0.59
1968-10-07,0.6
1968-10-08,0.61
1968-10-09,0.62
1968-10-10,0.75
1968-10-11,0.69
1968-10-12,0.61
1968-10-13,0.59
1968-10-14,0.7
1968-10-15,0.88
1968-10-16,0.94
1968-10-17,1.26
1968-10-18,1.57
1968-10-19,1.43
1968-10-20,1.15
1968-10-21,0.97
1968-10-22,0.83
1968-10-23,0.84
1968-10-24,0.85
1968-10-25,1.04
1968-10-26,1.5
1968-10-27,1.83
1968-10-28,1.72
1968-10-29,1.39
1968-10-30,1.17
1968-10-31,1.02
1968-11-01,1.04
1968-11-02,1.21
1968-11-03,1.07
1968-11-04,1.08
1968-11-05,1.59
1968-11-06,1.72
1968-11-07,1.77
1968-11-08,1.9
1968-11-09,2.02
1968-11-10,2.08
1968-11-11,3.46
1968-11-12,3.42
1968-11-13,2.59
1968-11-14,2.09
1968-11-15,1.96
1968-11-16,1.9
1968-11-17,1.67
1968-11-18,1.53
1968-11-19,1.67
1968-11-20,1.58
1968-11-21,1.36
1968-11-22,1.08
1968-11-23,1.0
1968-11-24,0.97
1968-11-25,0.98
1968-11-26,0.93
1968-11-27,0.86
1968-11-28,0.79
1968-11-29,0.74
1968-11-30,0.66
1968-12-01,0.68
1968-12-02,0.8
1968-12-03,0.9
1968-12-04,0.79
1968-12-05,0.7
1968-12-06,0.74
1968-12-07,1.07
1968-12-08,1.44
1968-12-09,1.25
1968-12-10,1.32
1968-12-11,1.36
1968-12-12,1.25
1968-12-13,1.2
1968-12-14,1.53
1968-12-15,2.1
1968-12-16,2.23
1968-12-17,2.22
1968-12-18,2.09
1968-12-19,0.42
1968-12-20,2.13
1968-12-21,1.69
1968-12-22,1.48
1968-12-23,1.34
1968-12-24,1.28
1968-12-25,1.19
1968-12-26,1.18
1968-12-27,1.15
1968-12-28,1.14
1968-12-29,1.23
1968-12-30,1.26
1968-12-31,1.17
1969-01-01,1.23
1969-01-02,1.22
1969-01-03,1.15
1969-01-04,1.05
1969-01-05,1.05
1969-01-06,1.29
1969-01-07,1.64
1969-01-08,1.63
1969-01-09,1.59
1969-01-10,1.43
1969-01-11,1.41
1969-01-12,1.46
1969-01-13,1.8
1969-01-14,1.83
1969-01-15,1.5
1969-01-16,1.4
1969-01-17,1.46
1969-01-18,1.63
1969-01-19,1.58
1969-01-20,1.42
1969-01-21,1.19
1969-01-22,1.1
1969-01-23,1.19
1969-01-24,1.49
1969-01-25,1.52
1969-01-26,1.41
1969-01-27,1.26
1969-01-28,1.29
1969-01-29,1.18
1969-01-30,1.07
1969-01-31,1.18
1969-02-01,1.22
1969-02-02,1.48
1969-02-03,1.7
1969-02-04,1.65
1969-02-05,1.7
1969-02-06,1.88
1969-02-07,2.43
1969-02-08,2.33
1969-02-09,2.33
1969-02-10,2.35
1969-02-11,2.49
1969-02-12,3.46
1969-02-13,4.29
1969-02-14,3.56
1969-02-15,2.91
1969-02-16,2.73
1969-02-17,2.79
1969-02-18,2.56
1969-02-19,2.33
1969-02-20,2.69
1969-02-21,3.33
1969-02-22,5.05
1969-02-23,3.99
1969-02-24,4.15
1969-02-25,3.21
1969-02-26,3.1
1969-02-27,2.97
1969-02-28,2.62
1969-03-01,2.76
1969-03-02,3.93
1969-03-03,4.25
1969-03-04,3.15
1969-03-05,4.17
1969-03-06,4.98
1969-03-07,6.68
1969-03-08,6.37
1969-03-09,5.34
1969-03-10,4.46
1969-03-11,3.5
1969-03-12,3.03
1969-03-13,2.58
1969-03-14,2.82
1969-03-15,4.51
1969-03-16,5.4
1969-03-17,6.67
1969-03-18,9.13
1969-03-19,9.55
1969-03-20,9.88
1969-03-21,8.14
1969-03-22,6.04
1969-03-23,4.61
1969-03-24,4.2
1969-03-25,5.45
1969-03-26,6.38
1969-03-27,5.11
1969-03-28,5.7
1969-03-29,6.14
1969-03-30,5.87
1969-03-31,6.03
1969-04-01,8.52
1969-04-02,7.6
1969-04-03,6.99
1969-04-04,12.13
1969-04-05,14.27
1969-04-06,11.52
1969-04-07,8.95
1969-04-08,6.97
1969-04-09,6.73
1969-04-10,6.88
1969-04-11,6.34
1969-04-12,8.55
1969-04-13,7.77
1969-04-14,6.7
1969-04-15,9.47
1969-04-16,7.13
1969-04-17,5.93
1969-04-18,4.7
1969-04-19,3.87
1969-04-20,3.29
1969-04-21,2.98
1969-04-22,3.17
1969-04-23,3.03
1969-04-24,2.58
1969-04-25,2.33
1969-04-26,2.3
1969-04-27,2.23
1969-04-28,2.17
1969-04-29,1.99
1969-04-30,1.82
1969-05-01,1.68
1969-05-02,1.6
1969-05-03,1.56
1969-05-04,1.51
1969-05-05,1.44
1969-05-06,1.41
1969-05-07,1.24
1969-05-08,1.1
1969-05-09,1.05
1969-05-10,1.01
1969-05-11,1.0
1969-05-12,0.95
1969-05-13,0.99
1969-05-14,1.03
1969-05-15,1.0
1969-05-16,0.9775
1969-05-17,0.955
1969-05-23,0.82
1969-05-24,0.82
1969-05-25,0.82
1969-05-26,0.82
1969-05-27,0.8
1969-05-28,0.78
1969-05-29,0.77
1969-05-30,0.78
1969-05-31,0.75
1969-06-01,0.75
1969-06-02,0.73
1969-06-03,0.72
1969-06-04,0.72
1969-06-05,0.72
1969-06-06,0.73
1969-06-07,0.74
1969-06-08,0.82
1969-06-09,0.7
1969-06-10,0.68
1969-06-11,0.68
1969-06-12,0.68
1969-06-13,0.67
1969-06-14,0.66
1969-06-15,0.66
1969-06-16,0.67
1969-06-17,0.68
1969-06-18,0.66
1969-06-19,0.66
1969-06-20,0.65
1969-06-21,0.65
1969-06-22,0.65
1969-06-23,0.62
1969-06-24,0.6
1969-06-25,0.6
1969-06-26,0.6
1969-06-27,0.6
1969-06-28,0.6
1969-06-29,0.62
1969-06-30,0.64
1969-07-01,0.7
1969-07-02,0.91
1969-07-03,0.83
1969-07-04,0.75
1969-07-05,0.68
1969-07-06,0.68
1969-07-07,0.68
1969-07-08,0.66
1969-07-09,0.64
1969-07-10,0.64
1969-07-11,0.64
1969-07-12,0.63
1969-07-13,0.63
1969-07-14,0.62
1969-07-15,0.6
1969-07-16,0.59
1969-07-17,0.59
1969-07-18,0.59
1969-07-19,0.59
1969-07-20,0.58
1969-07-21,0.59
1969-07-22,0.57
1969-07-23,0.56
1969-07-24,0.56
1969-07-25,0.56
1969-07-26,0.56
1969-07-27,0.56
1969-07-28,0.57
1969-07-29,0.58
1969-07-30,0.58
1969-07-31,0.58
1969-08-01,0.58
1969-08-02,0.59
1969-08-03,0.6
1969-08-04,0.59
1969-08-05,0.58
1969-08-06,0.57
1969-08-07,0.57
1969-08-08,0.56
1969-08-09,0.56
1969-08-10,0.56
1969-08-11,0.57
1969-08-12,0.58
1969-08-13,0.58
1969-08-14,0.58
1969-08-15,0.56
1969-08-16,0.57
1969-08-17,0.57
1969-08-18,0.56
1969-08-19,0.56
1969-08-20,0.56
1969-08-21,0.56
1969-08-22,0.56
1969-08-23,0.56
1969-08-24,0.56
1969-08-25,0.56
1969-08-26,0.57
1969-08-27,0.6
1969-08-28,0.59
1969-08-29,0.56
1969-08-30,0.56
1969-08-31,0.56
1969-09-01,0.56
1969-09-02,0.57
1969-09-03,0.57
1969-09-04,0.56
1969-09-05,0.56
1969-09-06,0.56
1969-09-07,0.56
1969-09-08,0.56
1969-09-09,0.66
1969-09-10,0.81
1969-09-11,0.62
1969-09-12,0.59
1969-09-13,0.57
1969-09-14,0.57
1969-09-15,0.56
1969-09-16,0.59
1969-09-17,0.59
1969-09-18,0.58
1969-09-19,0.57
1969-09-20,0.56
1969-09-21,0.55
1969-09-22,0.55
1969-09-23,0.56
1969-09-24,0.56
1969-09-25,0.56
1969-09-26,0.55
1969-09-27,0.55
1969-09-28,0.54
1969-09-29,0.54
1969-09-30,0.54
1969-10-01,0.54
1969-10-02,0.54
1969-10-03,0.54
1969-10-04,0.54
1969-10-05,0.54
1969-10-06,0.54
1969-10-07,0.54
1969-10-08,0.54
1969-10-09,0.55
1969-10-10,0.55
1969-10-11,0.54
1969-10-12,0.53
1969-10-13,0.53
1969-10-14,0.55
1969-10-15,0.56
1969-10-16,0.65
1969-10-17,0.7
1969-10-18,0.65
1969-10-19,0.61
1969-10-20,0.64
1969-10-21,0.72
1969-10-22,0.62
1969-10-23,0.59
1969-10-24,0.6
1969-10-25,0.64
1969-10-26,0.84
1969-10-27,0.73
1969-10-28,0.64
1969-10-29,0.59
1969-10-30,0.58
1969-10-31,0.58
1969-11-01,0.58
1969-11-02,0.61
1969-11-03,0.75
1969-11-04,0.77
1969-11-05,0.68
1969-11-06,0.66
1969-11-07,0.83
1969-11-08,0.73
1969-11-09,0.65
1969-11-10,0.62
1969-11-11,0.7
1969-11-12,0.71
1969-11-13,0.64
1969-11-14,0.61
1969-11-15,0.67
1969-11-16,0.69
1969-11-17,0.72
1969-11-18,0.94
1969-11-19,0.89
1969-11-20,0.93
1969-11-21,1.29
1969-11-22,1.46
1969-11-23,1.58
1969-11-24,1.56
1969-11-25,2.41
1969-11-26,4.73
1969-11-27,5.43
1969-11-28,5.57
1969-11-29,5.78
1969-11-30,8.4
1969-12-01,8.454375
1969-12-02,8.508750000000001
1970-01-01,10.14
1970-01-02,8.33
1970-01-03,9.07
1970-01-04,9.4
1970-01-05,8.74
1970-01-06,11.91
1970-01-07,19.38
1970-01-08,20.6
1970-01-09,14.76
1970-01-10,11.45
1970-01-11,13.06
1970-01-12,19.59
1970-01-13,27.25
1970-01-14,29.09
1970-01-15,40.81
1970-01-16,39.44
1970-01-17,27.61
1970-01-18,18.02
1970-01-19,16.42
1970-01-20,14.15
1970-01-21,9.24
1970-01-22,7.4
1970-01-23,6.35
1970-01-24,6.59
1970-01-25,8.44
1970-01-26,7.05
1970-01-27,6.48
1970-01-28,7.29
1970-01-29,7.44
1970-01-30,6.66
1970-01-31,5.64
1970-02-01,5.13
1970-02-02,5.59
1970-02-03,4.91
1970-02-04,4.43
1970-02-05,4.22
1970-02-06,4.15
1970-02-07,5.92
1970-02-08,8.98
1970-02-09,10.69
1970-02-10,6.97
1970-02-11,5.38
1970-02-12,4.46
1970-02-13,4.1
1970-02-14,3.76
1970-02-15,3.73
1970-02-16,3.49
1970-02-17,3.1
1970-02-18,3.09
1970-02-19,3.0
1970-02-20,3.46
1970-02-21,4.42
1970-02-22,3.76
1970-02-23,3.68
1970-02-24,6.01
1970-02-25,7.71
1970-02-26,6.48
1970-02-27,5.41
1970-02-28,4.38
1970-03-01,3.96
1970-03-02,3.54
1970-03-03,3.13
1970-03-04,2.85
1970-03-05,2.61
1970-03-06,2.51
1970-03-07,2.47
1970-03-08,3.51
1970-03-09,4.55
1970-03-10,5.59
1970-03-11,7.75
1970-03-12,8.88
1970-03-13,9.65
1970-03-14,20.82
1970-03-15,21.77
1970-03-16,19.4
1970-03-17,14.4
1970-03-18,10.22
1970-03-19,7.94
1970-03-20,6.32
1970-03-21,5.42
1970-03-22,4.44
1970-03-23,3.76
1970-03-24,3.57
1970-03-25,3.41
1970-03-26,3.19
1970-03-27,3.04
1970-03-28,3.06
1970-03-29,3.43
1970-03-30,3.04
1970-03-31,3.34
1970-04-01,3.29
1970-04-02,3.09
1970-04-03,3.1
1970-04-04,4.72
1970-04-05,7.27
1970-04-06,7.48
1970-04-07,12.36
1970-04-08,7.91
1970-04-09,7.43
1970-04-10,7.62
1970-04-11,8.24
1970-04-12,7.63
1970-04-13,6.92
1970-04-14,5.44
1970-04-15,4.39
1970-04-16,3.9
1970-04-17,3.96
1970-04-18,3.92
1970-04-19,5.53
1970-04-20,5.44
1970-04-21,4.08
1970-04-22,3.47
1970-04-23,3.36
1970-04-24,4.46
1970-04-25,7.52
1970-04-26,8.38
1970-04-27,7.1
1970-04-28,6.15
1970-04-29,10.48
1970-04-30,8.66
1970-05-01,7.28
1970-05-02,5.97
1970-05-03,5.18
1970-05-04,5.76
1970-05-05,5.84
1970-05-06,6.88
1970-05-07,5.36
1970-05-08,4.67
1970-05-09,6.23
1970-05-10,6.39
1970-05-11,9.29
1970-05-12,7.02
1970-05-13,5.63
1970-05-14,4.91
1970-05-15,5.66
1970-05-16,8.27
1970-05-17,7.65
1970-05-18,6.22
1970-05-19,5.17
1970-05-20,4.47
1970-05-21,3.94
1970-05-22,3.36
1970-05-23,3.01
1970-05-24,2.78
1970-05-25,2.57
1970-05-26,2.33
1970-05-27,2.18
1970-05-28,2.09
1970-05-29,2.05
1970-05-30,1.99
1970-05-31,1.96
1970-06-01,1.947
1970-06-02,1.934
1970-06-10,1.83
1970-06-11,1.75
1970-06-12,1.74
1970-06-13,1.69
1970-06-14,1.65
1970-06-15,1.6
1970-06-16,1.59
1970-06-17,1.52
1970-06-18,1.5
1970-06-19,1.51
1970-06-20,1.5
1970-06-21,1.46
1970-06-22,1.49
1970-06-23,1.48
1970-06-24,1.5
1970-06-25,1.67
1970-06-26,2.12
1970-06-27,1.95
1970-06-28,1.76
1970-06-29,1.7
1970-06-30,1.59
1970-07-01,1.49
1970-07-02,1.44
1970-07-03,1.4
1970-07-04,1.31
1970-07-05,1.25
1970-07-06,1.15
1970-07-07,1.1
1970-07-08,1.07
1970-07-09,1.07
1970-07-10,1.06
1970-07-11,1.08
1970-07-12,1.1
1970-07-13,1.07
1970-07-14,1.03
1970-07-15,1.0
1970-07-16,0.97
1970-07-17,0.96
1970-07-18,0.94
1970-07-19,0.96
1970-07-20,1.0
1970-07-21,0.99
1970-07-22,0.96
1970-07-23,0.92
1970-07-24,0.88
1970-07-25,0.89
1970-07-26,0.9
1970-07-27,0.89
1970-07-28,0.88
1970-07-29,0.88
1970-07-30,0.89
1970-07-31,0.93
1970-08-01,0.93
1970-08-02,0.91
1970-08-03,0.91
1970-08-04,0.91
1970-08-05,0.91
1970-08-06,0.91
1970-08-07,0.91
1970-08-08,0.87
1970-08-09,0.86
1970-08-10,0.87
1970-08-11,0.87
1970-08-12,0.87
1970-08-13,0.87
1970-08-14,0.86
1970-08-15,0.84
1970-08-16,0.85
1970-08-17,0.85
1970-08-18,0.85
1970-08-19,0.83
1970-08-20,0.83
1970-08-21,0.83
1970-08-22,0.79
1970-08-23,0.79
1970-08-24,0.78
1970-08-25,0.8
1970-08-26,0.83
1970-08-27,0.88
1970-08-28,0.9
1970-08-29,0.93
1970-08-30,0.93
1970-08-31,0.9
1970-09-01,0.87
1970-09-02,0.91
1970-09-03,1.26
1970-09-04,1.54
1970-09-05,1.15
1970-09-06,1.0
1970-09-07,0.88
1970-09-08,0.93
1970-09-09,1.12
1970-09-10,1.18
1970-09-11,1.14
1970-09-12,1.23
1970-09-13,1.65
1970-09-14,2.01
1970-09-15,2.65
1970-09-16,2.2
1970-09-17,1.83
1970-09-18,1.53
1970-09-19,1.48
1970-09-20,1.37
1970-09-21,1.26
1970-09-22,1.16
1970-09-23,1.14
1970-09-24,1.0
1970-09-25,1.01
1970-09-26,1.01
1970-09-27,0.96
1970-09-28,0.9
1970-09-29,1.02
1970-09-30,1.19
1970-10-01,1.36
1970-10-02,1.46
1970-10-03,1.44
1970-10-04,1.44
1970-10-05,1.28
1970-10-06,1.16
1970-10-07,1.14
1970-10-08,1.14
1970-10-09,1.15
1970-10-10,1.19
1970-10-11,1.28
1970-10-12,1.19
1970-10-13,1.14
1970-10-14,1.14
1970-10-15,1.14
1970-10-16,1.41
1970-10-17,1.81
1970-10-18,2.3
1970-10-19,2.27
1970-10-20,2.04
1970-10-21,2.14
1970-10-22,2.39
1970-10-23,2.21
1970-10-24,1.98
1970-10-25,2.09
1970-10-26,2.0
1970-10-27,1.85
1970-10-28,1.95
1970-10-29,1.77
1970-10-30,2.04
1970-10-31,3.39
1970-11-01,4.63
1970-11-02,3.37
1970-11-03,2.78
1970-11-04,2.46
1970-11-05,2.32
1970-11-06,2.24
1970-11-07,1.96
1970-11-08,1.71
1970-11-09,1.68
1970-11-10,1.66
1970-11-11,1.61
1970-11-12,1.97
1970-11-13,2.05
1970-11-14,1.79
1970-11-15,1.68
1970-11-16,1.66
1970-11-17,1.61
1970-11-18,1.51
1970-11-19,1.46
1970-11-20,1.5
1970-11-21,1.58
1970-11-22,1.59
1970-11-23,1.74
1970-11-24,1.66
1970-11-25,1.58
1970-11-26,2.5
1970-11-27,4.41
1970-11-28,5.25
1970-11-29,4.25
1970-11-30,4.15
1970-12-01,3.8
1970-12-02,4.25
1970-12-03,5.58
1970-12-04,6.27
1970-12-05,6.62
1970-12-06,6.31
1970-12-07,5.57
1970-12-08,8.29
1970-12-09,9.05
1970-12-10,8.39
1970-12-11,6.41
1970-12-12,4.62
1970-12-13,3.66
1970-12-14,3.13
1970-12-15,2.88
1970-12-16,2.87
1970-12-17,2.83
1970-12-18,2.89
1970-12-19,2.56
1970-12-20,2.39
1970-12-21,2.26
1970-12-22,2.07
1970-12-23,2.0
1970-12-24,2.39
1970-12-25,2.61
1970-12-26,3.51
1970-12-27,5.09
1970-12-28,7.58
1970-12-29,7.0
1970-12-30,8.83
1970-12-31,9.72
1971-01-01,10.19
1971-01-02,7.77
1971-01-03,6.73
1971-01-04,8.55
1971-01-05,7.06
1971-01-06,11.47
1971-01-07,15.9
1971-01-08,12.42
1971-01-09,10.1
1971-01-10,8.98
1971-01-11,8.23
1971-01-12,7.25
1971-01-13,7.05
1971-01-14,6.51
1971-01-15,5.63
1971-01-16,5.12
1971-01-17,5.42
1971-01-18,7.16
1971-01-19,5.96
1971-01-20,4.77
1971-01-21,4.67
1971-01-22,5.15
1971-01-23,4.79
1971-01-24,4.0
1971-01-25,3.82
1971-01-26,3.89
1971-01-27,3.46
1971-01-28,3.09
1971-01-29,3.11
1971-01-30,3.74
1971-01-31,4.65
1971-02-01,4.29
1971-02-02,4.47
1971-02-03,4.11
1971-02-04,4.0
1971-02-05,3.66
1971-02-06,3.87
1971-02-07,4.56
1971-02-08,4.93
1971-02-09,4.37
1971-02-10,3.7
1971-02-11,3.33
1971-02-12,3.32
1971-02-13,3.34
1971-02-14,3.23
1971-02-15,3.21
1971-02-16,4.27
1971-02-17,6.16
1971-02-18,7.56
1971-02-19,8.58
1971-02-20,10.03
1971-02-21,13.08
1971-02-22,17.79
1971-02-23,22.8
1971-02-24,21.06
1971-02-25,25.62
1971-02-26,30.87
1971-02-27,24.67
1971-02-28,16.14
1971-03-01,13.31
1971-03-02,13.65
1971-03-03,12.72
1971-03-04,10.04
1971-03-05,11.22
1971-03-06,10.8
1971-03-07,9.22
1971-03-08,8.78
1971-03-09,9.92
1971-03-10,10.87
1971-03-11,17.51
1971-03-12,14.04
1971-03-13,14.38
1971-03-14,20.3
1971-03-15,17.85
1971-03-16,24.1
1971-03-17,26.29
1971-03-18,21.13
1971-03-19,13.44
1971-03-20,10.49
1971-03-21,8.98
1971-03-22,9.65
1971-03-23,10.89
1971-03-24,13.3
1971-03-25,14.43
1971-03-26,10.73
1971-03-27,10.45
1971-03-28,13.51
1971-03-29,16.38
1971-03-30,15.38
1971-03-31,16.58
1971-04-01,11.41
1971-04-02,10.23
1971-04-03,10.47
1971-04-04,9.77
1971-04-05,8.89
1971-04-06,7.55
1971-04-07,6.59
1971-04-08,5.57
1971-04-09,5.08
1971-04-10,5.01
1971-04-11,5.87
1971-04-12,6.47
1971-04-13,8.08
1971-04-14,7.59
1971-04-15,0.16
1971-04-16,7.93
1971-04-17,7.08
1971-04-18,5.89
1971-04-19,5.08
1971-04-20,4.56
1971-04-21,4.01
1971-04-22,3.67
1971-04-23,3.44
1971-04-24,3.21
1971-04-25,3.31
1971-04-26,3.13
1971-04-27,2.81
1971-04-28,2.62
1971-04-29,2.49
1971-04-30,2.47
1971-05-01,2.48
1971-05-02,2.38
1971-05-03,2.38
1971-05-04,2.27
1971-05-05,2.15
1971-05-06,2.22
1971-05-07,2.16
1971-05-08,1.92
1971-05-09,1.78
1971-05-10,1.71
1971-05-11,1.64
1971-05-12,1.64
1971-05-13,1.63
1971-05-14,1.57
1971-05-15,1.57
1971-05-16,1.53
1971-05-17,1.49
1971-05-18,1.48
1971-05-19,1.5
1971-05-20,1.5
1971-05-21,1.53
1971-05-22,1.45
1971-05-23,1.41
1971-05-24,1.36
1971-05-25,1.27
1971-05-26,1.23
1971-05-27,1.23
1971-05-28,1.21
1971-05-29,1.16
1971-05-30,1.09
1971-05-31,1.06
1971-06-01,1.09
1971-06-02,1.1
1971-06-03,1.06
1971-06-04,1.05
1971-06-05,0.98
1971-06-06,0.97
1971-06-07,1.04
1971-06-08,0.97
1971-06-09,0.9
1971-06-10,0.87
1971-06-11,0.89
1971-06-12,0.87
1971-06-13,0.86
1971-06-14,0.83
1971-06-15,0.86
1971-06-16,0.87
1971-06-17,0.87
1971-06-18,0.87
1971-06-19,0.87
1971-06-20,0.87
1971-06-21,0.87
1971-06-22,0.81
1971-06-23,0.78
1971-06-24,0.78
1971-06-25,0.78
1971-06-26,0.78
1971-06-27,0.81
1971-06-28,0.88
1971-06-29,0.9
1971-06-30,0.87
1971-07-01,0.83
1971-07-02,0.81
1971-07-03,0.78
1971-07-04,0.78
1971-07-05,0.74
1971-07-06,0.74
1971-07-07,0.74
1971-07-08,0.71
1971-07-09,0.69
1971-07-10,0.69
1971-07-11,0.69
1971-07-12,0.66
1971-07-13,0.6
1971-07-14,0.6
1971-07-15,0.6
1971-07-16,0.6
1971-07-17,0.6
1971-07-18,0.6
1971-07-19,0.58
1971-07-20,0.58
1971-07-21,0.58
1971-07-22,0.56
1971-07-23,0.56
1971-07-24,0.56
1971-07-25,0.56
1971-07-26,0.56
1971-07-27,0.57
1971-07-28,0.56
1971-07-29,0.56
1971-07-30,0.56
1971-07-31,0.56
1971-08-01,0.54
1971-08-02,0.52
1971-08-03,0.52
1971-08-04,0.54
1971-08-05,0.56
1971-08-06,0.59
1971-08-07,0.67
1971-08-08,0.6
1971-08-09,0.56
1971-08-10,0.56
1971-08-11,0.56
1971-08-12,0.56
1971-08-13,0.57
1971-08-14,0.84
1971-08-15,0.75
1971-08-16,0.64
1971-08-17,0.9
1971-08-18,0.98
1971-08-19,0.78
1971-08-20,0.63
1971-08-21,0.59
1971-08-22,0.56
1971-08-23,0.55
1971-08-24,0.57
1971-08-25,0.57
1971-08-26,0.56
1971-08-27,0.55
1971-08-28,0.52
1971-08-29,0.52
1971-08-30,0.51
1971-08-31,0.5
1971-09-01,0.47
1971-09-02,0.47
1971-09-03,0.47
1971-09-04,0.45
1971-09-05,0.44
1971-09-06,0.43
1971-09-07,0.46
1971-09-08,0.47
1971-09-09,0.47
1971-09-10,0.47
1971-09-11,0.5
1971-09-12,0.57
1971-09-13,0.53
1971-09-14,0.48
1971-09-15,0.47
1971-09-16,0.46
1971-09-17,0.45
1971-09-18,0.47
1971-09-19,0.48
1971-09-20,0.47
1971-09-21,0.47
1971-09-22,0.46
1971-09-23,0.46
1971-09-24,0.46
1971-09-25,0.46
1971-09-26,0.46
1971-09-27,0.44
1971-09-28,0.45
1971-09-29,0.47
1971-09-30,0.46
1971-10-01,0.46
1971-10-02,0.44
1971-10-03,0.44
1971-10-04,0.45
1971-10-05,0.5
1971-10-06,0.51
1971-10-07,0.47
1971-10-08,0.39
1971-10-09,0.34
1971-10-10,0.33
1971-10-11,0.32
1971-10-12,0.33
1971-10-13,0.4
1971-10-14,0.52
1971-10-15,0.59
1971-10-16,0.77
1971-10-17,1.11
1971-10-18,0.96
1971-10-19,0.78
1971-10-20,0.56
1971-10-21,0.52
1971-10-22,0.51
1971-10-23,0.51
1971-10-24,0.47
1971-10-25,0.44
1971-10-26,0.43
1971-10-27,0.42
1971-10-28,0.4
1971-10-29,0.4
1971-10-30,0.39
1971-10-31,0.38
1971-11-01,0.36
1971-11-02,0.36
1971-11-03,0.36
1971-11-04,0.36
1971-11-05,0.36
1971-11-06,0.36
1971-11-07,0.37
1971-11-08,0.39
1971-11-09,0.38
1971-11-10,0.37
1971-11-11,0.36
1971-11-12,0.37
1971-11-13,0.36
1971-11-14,0.34
1971-11-15,0.35
1971-11-16,0.32
1971-11-17,0.32
1971-11-18,0.33
1971-11-19,0.32
1971-11-20,0.36
1971-11-21,0.38
1971-11-22,0.37
1971-11-23,0.39
1971-11-24,0.37
1971-11-25,0.37
1971-11-26,0.44
1971-11-27,0.76
1971-11-28,0.69
1971-11-29,0.96
1971-11-30,1.41
1971-12-01,1.99
1971-12-02,3.75
1971-12-03,3.8
1971-12-04,3.8
1971-12-05,3.26
1971-12-06,2.73
1971-12-07,2.34
1971-12-08,2.09
1971-12-09,1.99
1971-12-10,2.06
1971-12-11,1.92
1971-12-12,1.71
1971-12-13,1.57
1971-12-14,1.45
1971-12-15,1.26
1971-12-16,1.23
1971-12-17,1.43
1971-12-18,1.64
1971-12-19,1.41
1971-12-20,1.95
1971-12-21,2.94
1971-12-22,3.53
1971-12-23,3.62
1971-12-24,4.16
1971-12-25,4.52
1971-12-26,3.94
1971-12-27,3.98
1971-12-28,3.8
1971-12-29,3.62
1971-12-30,3.9
1971-12-31,3.35
1972-01-01,3.11
1972-01-02,3.6
1972-01-03,3.76
1972-01-04,4.68
1972-01-05,5.81
1972-01-06,6.12
1972-01-07,6.19
1972-01-08,8.6
1972-01-09,8.54
1972-01-10,8.31
1972-01-11,10.14
1972-01-12,12.19
1972-01-13,15.01
1972-01-14,13.94
1972-01-15,10.1
1972-01-16,8.0
1972-01-17,5.44
1972-01-18,4.39
1972-01-19,3.8
1972-01-20,3.52
1972-01-21,3.83
1972-01-22,3.7
1972-01-23,3.02
1972-01-24,2.82
1972-01-25,2.49
1972-01-26,2.19
1972-01-27,2.07
1972-01-28,2.07
1972-01-29,2.46
1972-01-30,3.68
1972-01-31,5.55
1972-02-01,4.72
1972-02-02,5.3
1972-02-03,5.3
1972-02-04,4.37
1972-02-05,4.53
1972-02-06,4.64
1972-02-07,4.7
1972-02-08,4.57
1972-02-09,5.56
1972-02-10,7.49
1972-02-11,6.81
1972-02-12,5.2
1972-02-13,4.43
1972-02-14,3.96
1972-02-15,3.55
1972-02-16,3.2
1972-02-17,2.92
1972-02-18,2.65
1972-02-19,2.4
1972-02-20,2.31
1972-02-21,2.36
1972-02-22,2.44
1972-02-23,2.62
1972-02-24,4.39
1972-02-25,7.68
1972-02-26,8.69
1972-02-27,12.62
1972-02-28,12.62
1972-02-29,15.17
1972-03-01,10.38
1972-03-02,7.55
1972-03-03,5.6
1972-03-04,5.28
1972-03-05,8.12
1972-03-06,9.59
1972-03-07,15.43
1972-03-08,16.81
1972-03-09,23.17
1972-03-10,30.28
1972-03-11,28.27
1972-03-12,23.99
1972-03-13,20.35
1972-03-14,17.44
1972-03-15,17.84
1972-03-16,22.06
1972-03-17,26.26
1972-03-18,28.25
1972-03-19,31.12
1972-03-20,39.47
1972-03-21,33.31
1972-03-22,27.17
1972-03-23,28.33
1972-03-24,30.47
1972-03-25,29.92
1972-03-26,21.79
1972-03-27,22.24
1972-03-28,22.24
1972-03-29,22.35
1972-03-30,15.88
1972-03-31,12.96
1972-04-01,11.15
1972-04-02,10.34
1972-04-03,9.29
1972-04-04,8.24
1972-04-05,9.76
1972-04-06,10.17
1972-04-07,9.61
1972-04-08,10.8
1972-04-09,12.43
1972-04-10,11.41
1972-04-11,9.82
1972-04-12,7.87
1972-04-13,6.98
1972-04-14,6.36
1972-04-15,6.68
1972-04-16,8.33
1972-04-17,7.45
1972-04-18,8.66
1972-04-19,7.82
1972-04-20,6.89
1972-04-21,6.03
1972-04-22,5.43
1972-04-23,5.01
1972-04-24,4.63
1972-04-25,5.11
1972-04-26,4.7
1972-04-27,4.65
1972-04-28,4.65
1972-04-29,4.44
1972-04-30,4.22
1972-05-01,3.8
1972-05-02,3.46
1972-05-03,3.22
1972-05-04,2.99
1972-05-05,2.7
1972-05-06,2.73
1972-05-07,2.57
1972-05-08,2.39
1972-05-09,2.21
1972-05-10,2.15
1972-05-11,2.2
1972-05-12,2.18
1972-05-13,2.06
1972-05-14,1.67
1972-05-15,1.86
1972-05-16,1.82
1972-05-17,1.78
1972-05-18,1.76
1972-05-19,1.69
1972-05-20,1.69
1972-05-21,1.69
1972-05-22,1.76
1972-05-23,2.11
1972-05-24,2.01
1972-05-25,1.65
1972-05-26,1.64
1972-05-27,1.68
1972-05-28,1.68
1972-05-29,1.68
1972-05-30,1.55
1972-05-31,1.5
1972-06-01,1.45
1972-06-02,1.4
1972-06-03,1.35
1972-06-04,1.3
1972-06-05,1.26
1972-06-06,1.23
1972-06-07,1.23
1972-06-08,1.13
1972-06-09,1.05
1972-06-10,0.97
1972-06-11,0.92
1972-06-12,0.89
1972-06-13,0.87
1972-06-14,0.86
1972-06-15,0.86
1972-06-16,0.87
1972-06-17,0.87
1972-06-18,0.87
1972-06-19,0.87
1972-06-20,0.87
1972-06-21,0.82
1972-06-22,0.82
1972-06-23,0.82
1972-06-24,0.81
1972-06-25,0.75
1972-06-26,0.74
1972-06-27,0.75
1972-06-28,0.75
1972-06-29,0.72
1972-06-30,0.68
1972-07-01,0.6
1972-07-02,0.6
1972-07-03,0.62
1972-07-04,0.67
1972-07-05,0.71
1972-07-06,0.63
1972-07-07,0.62
1972-07-08,0.61
1972-07-09,0.61
1972-07-10,0.72
1972-07-11,0.92
1972-07-12,0.81
1972-07-13,0.74
1972-07-14,0.73
1972-07-15,0.69
1972-07-16,0.69
1972-07-17,0.69
1972-07-18,0.69
1972-07-19,0.68
1972-07-20,0.6
1972-07-21,0.6
1972-07-22,0.6
1972-07-23,0.62
1972-07-24,0.64
1972-07-25,0.6
1972-07-26,0.6
1972-07-27,0.6
1972-07-28,0.6
1972-07-29,0.6
1972-07-30,0.6
1972-07-31,0.6
1972-08-01,0.58
1972-08-02,0.56
1972-08-03,0.56
1972-08-04,0.56
1972-08-05,0.63
1972-08-06,1.01
1972-08-07,0.84
1972-08-08,0.65
1972-08-09,0.58
1972-08-10,0.56
1972-08-11,0.54
1972-08-12,0.52
1972-08-13,0.52
1972-08-14,0.51
1972-08-15,0.49
1972-08-16,0.52
1972-08-17,0.5
1972-08-18,0.48
1972-08-19,0.48
1972-08-20,0.48
1972-08-21,0.48
1972-08-22,0.46
1972-08-23,0.45
1972-08-24,0.44
1972-08-25,0.44
1972-08-26,0.44
1972-08-27,0.43
1972-08-28,0.43
1972-08-29,0.41
1972-08-30,0.38
1972-08-31,0.37
1972-09-01,0.35
1972-09-02,0.34
1972-09-03,0.38
1972-09-04,0.36
1972-09-05,0.35
1972-09-06,0.34
1972-09-07,0.34
1972-09-08,0.32
1972-09-09,0.33
1972-09-10,0.34
1972-09-11,0.35
1972-09-12,0.34
1972-09-13,0.34
1972-09-14,0.35
1972-09-15,0.39
1972-09-16,0.37
1972-09-17,0.34
1972-09-18,0.35
1972-09-19,0.35
1972-09-20,0.36
1972-09-21,0.44
1972-09-22,0.38
1972-09-23,0.36
1972-09-24,0.34
1972-09-25,0.33
1972-09-26,0.33
1972-09-27,0.37
1972-09-28,0.42
1972-09-29,0.41
1972-09-30,0.51
1972-10-01,0.44
1972-10-02,0.44
1972-10-03,0.42
1972-10-04,0.41
1972-10-05,0.43
1972-10-06,0.45
1972-10-07,0.51
1972-10-08,0.48
1972-10-09,0.47
1972-10-10,0.5
1972-10-11,0.44
1972-10-12,0.4
1972-10-13,0.38
1972-10-14,0.37
1972-10-15,0.4
1972-10-16,0.4
1972-10-17,0.47
1972-10-18,0.43
1972-10-19,0.46
1972-10-20,0.48
1972-10-21,0.48
1972-10-22,0.48
1972-10-23,0.43
1972-10-24,0.38
1972-10-25,0.38
1972-10-26,0.42
1972-10-27,0.46
1972-10-28,0.46
1972-10-29,0.41
1972-10-30,0.39
1972-10-31,0.38
1972-11-01,0.37
1972-11-02,0.35
1972-11-03,0.36
1972-11-04,0.35
1972-11-05,0.34
1972-11-06,0.34
1972-11-07,0.35
1972-11-08,0.35
1972-11-09,0.36
1972-11-10,0.37
1972-11-11,0.39
1972-11-12,0.39
1972-11-13,0.36
1972-11-14,0.36
1972-11-15,0.36
1972-11-16,0.41
1972-11-17,0.43
1972-11-18,0.46
1972-11-19,0.51
1972-11-20,0.54
1972-11-21,0.6
1972-11-22,0.6
1972-11-23,0.54
1972-11-24,0.52
1972-11-25,0.78
1972-11-26,0.91
1972-11-27,1.0
1972-11-28,1.2
1972-11-29,1.27
1972-11-30,1.05
1972-12-01,0.9
1972-12-02,0.88
1972-12-03,1.17
1972-12-04,1.08
1972-12-05,1.21
1972-12-06,1.5
1972-12-07,1.93
1972-12-08,1.62
1972-12-09,2.42
1972-12-10,2.89
1972-12-11,2.91
1972-12-12,2.63
1972-12-13,2.78
1972-12-14,3.15
1972-12-15,3.37
1972-12-16,2.76
1972-12-17,2.39
1972-12-18,2.03
1972-12-19,1.75
1972-12-20,1.56
1972-12-21,1.49
1972-12-22,1.44
1972-12-23,1.38
1972-12-24,1.32
1972-12-25,1.24
1972-12-26,1.21
1972-12-27,1.21
1972-12-28,1.25
1972-12-29,1.21
1972-12-30,1.9
1972-12-31,1.29
1973-01-01,1.48
1973-01-02,1.33
1973-01-03,1.33
1973-01-04,1.39
1973-01-05,1.5
1973-01-06,1.65
1973-01-07,1.56
1973-01-08,2.27
1973-01-09,2.41
1973-01-10,2.86
1973-01-11,2.93
1973-01-12,3.45
1973-01-13,3.73
1973-01-14,4.53
1973-01-15,4.55
1973-01-16,5.39
1973-01-17,7.02
1973-01-18,9.29
1973-01-19,9.32
1973-01-20,10.56
1973-01-21,8.47
1973-01-22,6.65
1973-01-23,5.26
1973-01-24,4.48
1973-01-25,5.89
1973-01-26,6.17
1973-01-27,6.82
1973-01-28,5.95
1973-01-29,4.66
1973-01-30,3.78
1973-01-31,3.14
1973-02-01,2.92
1973-02-02,3.58
1973-02-03,3.78
1973-02-04,4.0
1973-02-05,10.51
1973-02-06,11.28
1973-02-07,11.86
1973-02-08,8.94
1973-02-09,7.38
1973-02-10,8.49
1973-02-11,9.2
1973-02-12,9.07
1973-02-13,6.79
1973-02-14,5.16
1973-02-15,4.47
1973-02-16,4.36
1973-02-17,4.13
1973-02-18,3.67
1973-02-19,3.3
1973-02-20,2.92
1973-02-21,3.18
1973-02-22,9.33
1973-02-23,10.19
1973-02-24,11.15
1973-02-25,14.46
1973-02-26,13.57
1973-02-27,10.46
1973-02-28,8.79
1973-03-01,10.09
1973-03-02,15.06
1973-03-03,18.9
1973-03-04,21.26
1973-03-05,16.87
1973-03-06,20.21
1973-03-07,20.53
1973-03-08,18.45
1973-03-09,13.52
1973-03-10,10.62
1973-03-11,9.4
1973-03-12,8.21
1973-03-13,8.69
1973-03-14,9.27
1973-03-15,8.03
1973-03-16,7.6
1973-03-17,8.8
1973-03-18,9.3
1973-03-19,7.69
1973-03-20,7.38
1973-03-21,6.58
1973-03-22,5.92
1973-03-23,6.03
1973-03-24,6.94
1973-03-25,8.26
1973-03-26,7.73
1973-03-27,10.43
1973-03-28,9.81
1973-03-29,8.67
1973-03-30,10.07
1973-03-31,14.17
1973-04-01,11.74
1973-04-02,13.5
1973-04-03,12.34
1973-04-04,15.12
1973-04-05,14.88
1973-04-06,14.81
1973-04-07,17.75
1973-04-08,15.8
1973-04-09,15.75
1973-04-10,19.81
1973-04-11,16.25
1973-04-12,13.93
1973-04-13,13.38
1973-04-14,11.16
1973-04-15,12.6
1973-04-16,11.81
1973-04-17,10.44
1973-04-18,8.71
1973-04-19,7.95
1973-04-20,8.65
1973-04-21,7.28
1973-04-22,6.39
1973-04-23,5.71
1973-04-24,5.06
1973-04-25,4.69
1973-04-26,4.21
1973-04-27,4.06
1973-04-28,3.73
1973-04-29,4.6
1973-04-30,4.88
1973-05-01,4.79
1973-05-02,4.25
1973-05-03,4.74
1973-05-04,5.49
1973-05-05,5.71
1973-05-06,4.35
1973-05-07,4.02
1973-05-08,3.49
1973-05-09,3.21
1973-05-10,2.94
1973-05-11,2.69
1973-05-12,3.61
1973-05-13,3.33
1973-05-14,3.15
1973-05-15,2.8
1973-05-16,2.74
1973-05-17,2.58
1973-05-18,2.58
1973-05-19,2.43
1973-05-20,2.31
1973-05-21,2.3
1973-05-22,2.11
1973-05-23,2.02
1973-05-24,1.9
1973-05-25,1.61
1973-05-26,1.54
1973-05-27,1.48
1973-05-28,1.45
1973-05-29,1.34
1973-05-30,1.3
1973-05-31,1.3
1973-06-01,1.26
1973-06-02,1.25
1973-06-03,1.26
1973-06-04,1.35
1973-06-05,1.31
1973-06-06,1.34
1973-06-07,1.31
1973-06-08,1.18
1973-06-09,1.1
1973-06-10,1.05
1973-06-11,1.1
1973-06-12,1.02
1973-06-13,1.0
1973-06-14,1.0
1973-06-15,0.97
1973-06-16,0.95
1973-06-17,0.95
1973-06-18,0.95
1973-06-19,0.92
1973-06-20,0.9
1973-06-21,0.93
1973-06-22,0.97
1973-06-23,0.95
1973-06-24,0.94
1973-06-25,0.93
1973-06-26,1.0
1973-06-27,0.95
1973-06-28,0.9
1973-06-29,0.9
1973-06-30,0.9
1973-07-01,0.93
1973-07-02,0.95
1973-07-03,0.95
1973-07-04,0.98
1973-07-05,1.23
1973-07-06,1.23
1973-07-07,1.11
1973-07-08,1.01
1973-07-09,1.89
1973-07-10,0.84
1973-07-11,0.8
1973-07-12,0.8
1973-07-13,0.8
1973-07-14,0.8
1973-07-15,0.8
1973-07-16,0.76
1973-07-17,0.75
1973-07-18,0.75
1973-07-19,0.75
1973-07-20,0.71
1973-07-21,0.7
1973-07-22,0.7
1973-07-23,0.69
1973-07-24,0.68
1973-07-25,0.68
1973-07-26,0.65
1973-07-27,0.66
1973-07-28,0.7
1973-07-29,0.69
1973-07-30,0.65
1973-07-31,0.63
1973-08-01,0.6
1973-08-02,0.59
1973-08-03,0.57
1973-08-04,0.57
1973-08-05,0.57
1973-08-06,0.57
1973-08-07,0.55
1973-08-08,0.55
1973-08-09,0.55
1973-08-10,0.54
1973-08-11,0.52
1973-08-12,0.56
1973-08-13,0.51
1973-08-14,0.47
1973-08-15,0.51
1973-08-16,0.51
1973-08-17,0.49
1973-08-18,0.48
1973-08-19,0.5
1973-08-20,0.63
1973-08-21,0.67
1973-08-22,0.57
1973-08-23,0.52
1973-08-24,0.51
1973-08-25,0.49
1973-08-26,0.47
1973-08-27,0.45
1973-08-28,0.44
1973-08-29,0.44
1973-08-30,0.44
1973-08-31,0.44
1973-09-01,0.46
1973-09-02,0.52
1973-09-03,0.58
1973-09-04,0.53
1973-09-05,0.5
1973-09-06,0.38
1973-09-07,0.29
1973-09-08,0.28
1973-09-09,0.3
1973-09-10,0.31
1973-09-11,0.29
1973-09-12,0.28
1973-09-13,0.27
1973-09-14,0.26
1973-09-15,0.27
1973-09-16,0.27
1973-09-17,0.32
1973-09-18,0.37
1973-09-19,0.42
1973-09-20,0.37
1973-09-21,0.34
1973-09-22,0.34
1973-09-23,0.5
1973-09-24,1.31
1973-09-25,1.62
1973-09-26,1.34
1973-09-27,0.91
1973-09-28,0.6
1973-09-29,0.5
1973-09-30,0.44
1973-10-01,0.42
1973-10-02,0.42
1973-10-03,0.43
1973-10-04,0.45
1973-10-05,0.58
1973-10-06,0.58
1973-10-07,0.53
1973-10-08,0.45
1973-10-09,0.48
1973-10-10,0.43
1973-10-11,0.38
1973-10-12,0.32
1973-10-13,0.46
1973-10-14,0.76
1973-10-15,1.61
1973-10-16,1.99
1973-10-17,1.78
1973-10-18,2.14
1973-10-19,3.17
1973-10-20,3.72
1973-10-21,3.7
1973-10-22,3.28
1973-10-23,2.97
1973-10-24,2.94
1973-10-25,2.87
1973-10-26,3.12
1973-10-27,3.28
1973-10-28,2.97
1973-10-29,2.55
1973-10-30,2.37
1973-10-31,2.28
1973-11-01,2.06
1973-11-02,1.85
1973-11-03,2.01
1973-11-04,2.25
1973-11-05,2.23
1973-11-06,2.08
1973-11-07,2.14
1973-11-08,2.66
1973-11-09,2.53
1973-11-10,2.27
1973-11-11,2.07
1973-11-12,1.86
1973-11-13,1.73
1973-11-14,1.85
1973-11-15,1.82
1973-11-16,1.6
1973-11-17,1.48
1973-11-18,1.56
1973-11-19,1.61
1973-11-20,1.42
1973-11-21,1.45
1973-11-22,1.56
1973-11-23,1.88
1973-11-24,2.03
1973-11-25,2.93
1973-11-26,3.5
1973-11-27,3.13
1973-11-28,3.1
1973-11-29,2.53
1973-11-30,2.28
1973-12-01,2.16
1973-12-02,2.21
1973-12-03,2.3
1973-12-04,2.21
1973-12-05,2.0
1973-12-06,2.02
1973-12-07,2.1
1973-12-08,2.04
1973-12-09,1.89
1973-12-10,1.69
1973-12-11,1.65
1973-12-12,2.22
1973-12-13,2.67
1973-12-14,3.62
1973-12-15,3.87
1973-12-16,3.72
1973-12-17,3.03
1973-12-18,3.05
1973-12-19,3.22
1973-12-20,3.27
1973-12-21,3.08
1973-12-22,3.68
1973-12-23,5.54
1973-12-24,6.93
1973-12-25,6.73
1973-12-26,5.76
1973-12-27,5.45
1973-12-28,4.84
1973-12-29,6.0
1973-12-30,7.73
1973-12-31,8.22
1974-01-01,16.1
1974-01-02,13.12
1974-01-03,9.45
1974-01-04,7.86
1974-01-05,7.15
1974-01-06,6.56
1974-01-07,9.16
1974-01-08,11.32
1974-01-09,16.37
1974-01-10,18.86
1974-01-11,15.39
1974-01-12,15.44
1974-01-13,15.47
1974-01-14,14.12
1974-01-15,12.47
1974-01-16,9.92
1974-01-17,8.94
1974-01-18,9.94
1974-01-19,8.81
1974-01-20,6.95
1974-01-21,5.37
1974-01-22,4.47
1974-01-23,3.87
1974-01-24,3.62
1974-01-25,3.95
1974-01-26,4.77
1974-01-27,4.53
1974-01-28,4.5
1974-01-29,7.44
1974-01-30,16.1
1974-01-31,12.56
1974-02-01,13.18
1974-02-02,13.25
1974-02-03,9.85
1974-02-04,7.71
1974-02-05,7.02
1974-02-06,9.97
1974-02-07,12.98
1974-02-08,15.0
1974-02-09,15.49
1974-02-10,16.9
1974-02-11,13.02
1974-02-12,9.75
1974-02-13,7.82
1974-02-14,7.73
1974-02-15,8.19
1974-02-16,11.88
1974-02-17,14.52
1974-02-18,22.79
1974-02-19,31.88
1974-02-20,27.24
1974-02-21,31.27
1974-02-22,24.66
1974-02-23,19.96
1974-02-24,18.56
1974-02-25,24.29
1974-02-26,21.15
1974-02-27,17.11
1974-02-28,16.2
1974-03-01,17.65
1974-03-02,25.48
1974-03-03,23.52
1974-03-04,16.57
1974-03-05,13.31
1974-03-06,10.78
1974-03-07,10.23
1974-03-08,9.18
1974-03-09,8.08
1974-03-10,7.82
1974-03-11,10.41
1974-03-12,11.33
1974-03-13,10.38
1974-03-14,9.93
1974-03-15,13.59
1974-03-16,12.9
1974-03-17,10.84
1974-03-18,9.64
1974-03-19,9.51
1974-03-20,8.92
1974-03-21,8.19
1974-03-22,8.81
1974-03-23,10.16
1974-03-24,9.82
1974-03-25,8.47
1974-03-26,7.25
1974-03-27,6.37
1974-03-28,6.56
1974-03-29,8.21
1974-03-30,7.17
1974-03-31,11.24
1974-04-01,11.9
1974-04-02,10.22
1974-04-03,10.15
1974-04-04,10.45
1974-04-05,9.25
1974-04-06,8.19
1974-04-07,7.23
1974-04-08,6.28
1974-04-09,6.08
1974-04-10,7.1
1974-04-11,5.72
1974-04-12,4.83
1974-04-13,4.35
1974-04-14,4.1
1974-04-15,4.55
1974-04-16,4.65
1974-04-17,4.22
1974-04-18,3.62
1974-04-19,3.3
1974-04-20,3.15
1974-04-21,3.12
1974-04-22,3.28
1974-04-23,2.91
1974-04-24,2.64
1974-04-25,2.44
1974-04-26,2.34
1974-04-27,2.35
1974-04-28,2.29
1974-04-29,2.48
1974-04-30,2.46
1974-05-01,2.5
1974-05-02,2.23
1974-05-03,2.03
1974-05-04,2.04
1974-05-05,1.88
1974-05-06,1.87
1974-05-07,1.83
1974-05-08,1.75
1974-05-09,1.83
1974-05-10,1.87
1974-05-11,1.81
1974-05-12,1.79
1974-05-13,1.86
1974-05-14,1.79
1974-05-15,1.74
1974-05-16,1.71
1974-05-17,1.73
1974-05-18,1.72
1974-05-19,1.69
1974-05-20,1.72
1974-05-21,1.67
1974-05-22,1.63
1974-05-23,1.54
1974-05-24,1.48
1974-05-25,1.43
1974-05-26,1.42
1974-05-27,1.42
1974-05-28,1.39
1974-05-29,1.39
1974-05-30,1.4
1974-05-31,1.38
1974-06-01,1.37
1974-06-02,1.33
1974-06-03,1.33
1974-06-04,1.35
1974-06-05,1.35
1974-06-06,1.38
1974-06-07,1.38
1974-06-08,1.63
1974-06-09,1.59
1974-06-10,1.51
1974-06-11,1.73
1974-06-12,1.81
1974-06-13,1.66
1974-06-14,1.53
1974-06-15,1.43
1974-06-16,1.33
1974-06-17,1.33
1974-06-18,1.29
1974-06-19,1.24
1974-06-20,1.25
1974-06-21,1.35
1974-06-22,1.51
1974-06-23,1.4
1974-06-24,1.3
1974-06-25,1.24
1974-06-26,1.2
1974-06-27,1.2
1974-06-28,1.19
1974-06-29,1.11
1974-06-30,1.1
1974-07-01,1.13
1974-07-02,1.15
1974-07-03,1.12
1974-07-04,1.14
1974-07-05,1.1
1974-07-06,1.03
1974-07-07,1.0
1974-07-08,0.93
1974-07-09,0.9
1974-07-10,0.88
1974-07-11,0.9
1974-07-12,0.9
1974-07-13,0.9
1974-07-14,0.9
1974-07-15,0.9
1974-07-16,0.88
1974-07-17,0.9
1974-07-18,0.93
1974-07-19,0.99
1974-07-20,0.98
1974-07-21,0.9
1974-07-22,0.88
1974-07-23,0.88
1974-07-24,0.82
1974-07-25,0.7
1974-07-26,0.63
1974-07-27,0.63
1974-07-28,0.6
1974-07-29,0.6
1974-07-30,0.6
1974-07-31,0.6
1974-08-01,0.6
1974-08-02,0.6
1974-08-03,0.57
1974-08-04,0.5
1974-08-05,0.44
1974-08-06,0.42
1974-08-07,0.42
1974-08-08,0.44
1974-08-09,0.51
1974-08-10,0.49
1974-08-11,0.43
1974-08-12,0.41
1974-08-13,0.38
1974-08-14,0.37
1974-08-15,0.35
1974-08-16,0.35
1974-08-17,0.36
1974-08-18,0.41
1974-08-19,0.37
1974-08-20,0.36
1974-08-21,0.33
1974-08-22,0.33
1974-08-23,0.33
1974-08-24,0.33
1974-08-25,0.33
1974-08-26,0.33
1974-08-27,0.33
1974-08-28,0.33
1974-08-29,0.37
1974-08-30,0.38
1974-08-31,0.39
1974-09-01,0.39
1974-09-02,0.39
