date,discharge_m3s
1973-09-01,61.55
1973-09-02,67.13
1973-09-03,66.37
1973-09-04,64.58
1973-09-05,63.18
1973-09-06,62.15
1973-09-07,59.49
1973-09-08,57.37
1973-09-09,57.86
1973-09-10,54.94
1973-09-11,54.71
1973-09-12,53.86
1973-09-13,53.9
1973-09-14,54.29
1973-09-15,55.73
1973-09-16,57.29
1973-09-17,61.12
1973-09-18,64.04
1973-09-19,69.3
1973-09-20,66.48
1973-09-21,79.92
1973-09-22,80.5
1973-09-23,83.32
1973-09-24,103.68
1973-09-25,115.23
1973-09-26,110.72
1973-09-27,111.27
1973-09-28,100.84
1973-09-29,89.0
1973-09-30,81.52
1973-10-01,74.37
1973-10-02,69.84
1973-10-03,80.51
1973-10-04,85.91
1973-10-05,81.91
1973-10-06,76.92
1973-10-07,76.74
1973-10-08,85.31
1973-10-09,87.94
1973-10-10,83.56
1973-10-11,87.43
1973-10-12,87.59
1973-10-13,87.69
1973-10-14,118.76
1973-10-15,117.67
1973-10-16,130.93
1973-10-17,131.0
1973-10-18,142.0
1973-10-19,206.93
1973-10-20,310.5
1973-10-21,252.1
1973-10-22,195.05
1973-10-23,153.88
1973-10-24,176.8
1973-10-25,166.55
1973-10-26,168.05
1973-10-27,169.68
1973-10-28,157.45
1973-10-29,144.9
1973-10-30,137.2
1973-10-31,137.65
1973-11-01,137.5
1973-11-02,146.75
1973-11-03,164.28
1973-11-04,179.73
1973-11-05,181.6
1973-11-06,155.93
1973-11-07,163.25
1973-11-08,176.43
1973-11-09,171.95
1973-11-10,150.75
1973-11-11,130.3
1973-11-12,127.7
1973-11-13,113.0
1973-11-14,125.63
1973-11-15,117.99
1973-11-16,108.18
1973-11-17,112.31
1973-11-18,138.64
1973-11-19,146.8
1973-11-20,135.0
1973-11-21,129.8
1973-11-22,132.9
1973-11-23,167.55
1973-11-24,155.5
1973-11-25,320.99
1973-11-26,281.76
1973-11-27,247.12
1973-11-28,247.55
1973-11-29,204.95
1973-11-30,173.07
1973-12-01,164.83
1973-12-02,160.15
1973-12-03,171.09
1973-12-04,169.1
1973-12-05,159.6
1973-12-06,132.0
1973-12-07,120.47
1973-12-08,111.75
1973-12-09,105.06
1973-12-10,98.88
1973-12-11,92.97
1973-12-12,109.05
1973-12-13,150.15
1973-12-14,263.45
1973-12-15,273.68
1973-12-16,228.73
1973-12-17,203.75
1973-12-18,195.98
1973-12-19,220.8
1973-12-20,208.47
1973-12-21,234.13
1973-12-22,241.42
1973-12-23,352.77
1973-12-24,381.73
1973-12-25,406.8
1973-12-26,393.43
1973-12-27,358.47
1973-12-28,347.45
1973-12-29,364.65
1973-12-30,391.62
1973-12-31,410.77
1974-01-01,341.35
1974-01-02,402.03
1974-01-03,308.39
1974-01-04,276.03
1974-01-05,258.36
1974-01-06,255.5
1974-01-07,191.38
1974-01-08,375.56
1974-01-09,395.89
1974-01-10,440.12
1974-01-11,403.74
1974-01-12,419.23
1974-01-13,456.72
1974-01-14,489.63
1974-01-15,450.57
1974-01-16,362.6
1974-01-17,332.67
1974-01-18,342.5
1974-01-19,293.26
1974-01-20,250.74
1974-01-21,221.27
1974-01-22,205.7
1974-01-23,195.46
1974-01-24,177.86
1974-01-25,175.25
1974-01-26,171.71
1974-01-27,164.02
1974-01-28,156.19
1974-01-29,175.04
1974-01-30,238.61
1974-01-31,338.38
1974-02-01,331.63
1974-02-02,316.3
1974-02-03,261.27
1974-02-04,221.91
1974-02-05,203.95
1974-02-06,213.83
1974-02-07,277.01
1974-02-08,335.45
1974-02-09,360.28
1974-02-10,388.14
1974-02-11,346.9
1974-02-12,313.96
1974-02-13,263.64
1974-02-14,240.43
1974-02-15,253.55
1974-02-16,326.36
1974-02-17,408.48
1974-02-18,405.0664705882353
1974-02-19,401.6529411764706
1974-03-06,350.45
1974-03-07,336.17
1974-03-08,308.22
1974-03-09,279.97
1974-03-10,252.58
1974-03-11,255.7
1974-03-12,320.86
1974-03-13,284.45
1974-03-14,292.39
1974-03-15,328.16
1974-03-16,284.26
1974-03-17,272.13
1974-03-18,275.61
1974-03-19,268.95
1974-03-20,275.61
1974-03-21,283.62
1974-03-22,247.23
1974-03-23,283.94
1974-03-24,296.73
1974-03-25,269.02
1974-03-26,242.16
1974-03-27,250.85
1974-03-28,241.06
1974-03-29,253.78
1974-03-30,248.25
1974-03-31,321.91
1974-04-01,432.74
1974-04-02,405.08
1974-04-03,417.03
1974-04-04,409.21
1974-04-05,354.28
1974-04-06,335.1
1974-04-07,310.17
1974-04-08,298.01
1974-04-09,259.83
1974-04-10,273.95
1974-04-11,277.79
1974-04-12,248.61
1974-04-13,242.38
1974-04-14,240.39
1974-04-15,248.04
1974-04-16,257.53
1974-04-17,250.88
1974-04-18,231.63
1974-04-19,227.73
1974-04-20,215.2
1974-04-21,202.82
1974-04-22,192.92
1974-04-23,181.37
1974-04-24,171.67
1974-04-25,171.59
1974-04-26,165.71
1974-04-27,158.88
1974-04-28,150.63
1974-04-29,146.43
1974-04-30,141.29
1974-05-01,139.18
1974-05-02,135.7
1974-05-03,128.18
1974-05-04,125.35
1974-05-05,123.42
1974-05-06,119.5
1974-05-07,113.58
1974-05-08,111.03
1974-05-09,107.33
1974-05-10,102.8
1974-05-11,103.53
1974-05-12,102.73
1974-05-13,100.07
1974-05-14,96.8
1974-05-15,95.73
1974-05-16,93.2
1974-05-17,95.07
1974-05-18,93.13
1974-05-19,93.73
1974-05-20,91.2
1974-05-21,89.0
1974-05-22,87.13
1974-05-23,85.4
1974-05-24,84.47
1974-05-25,84.33
1974-05-26,84.6
1974-05-27,84.2
1974-05-28,83.33
1974-05-29,83.53
1974-05-30,81.2
1974-05-31,82.2
1974-06-01,81.6
1974-06-02,81.2
1974-06-03,80.6
1974-06-04,79.53
1974-06-05,78.8
1974-06-06,77.03
1974-06-07,76.18
1974-06-08,77.58
1974-06-09,77.9
1974-06-10,79.33
1974-06-11,84.07
1974-06-12,87.13
1974-06-13,86.27
1974-06-14,81.87
1974-06-15,76.53
1974-06-16,74.71
1974-06-17,73.74
1974-06-18,73.45
1974-06-19,71.45
1974-06-20,71.8
1974-06-21,73.7
1974-06-22,75.61
1974-06-23,75.0
1974-06-24,72.91
1974-06-25,73.38
1974-06-26,71.22
1974-06-27,72.88
1974-06-28,72.27
1974-06-29,67.83
1974-06-30,66.51
1974-07-01,66.61
1974-07-02,64.23
1974-07-03,63.49
1974-07-04,62.72
1974-07-05,62.47
1974-07-06,62.5
1974-07-07,67.83
1974-07-08,62.45
1974-07-09,59.2
1974-07-10,56.0
1974-07-11,54.78
1974-07-12,56.5
1974-07-13,57.55
1974-07-14,56.8
1974-07-15,56.7
1974-07-16,57.77
1974-07-17,56.95
1974-07-18,57.0
1974-07-19,57.7
1974-07-20,58.65
1974-07-21,59.8
1974-07-22,59.48
1974-07-23,58.25
1974-07-24,57.97
1974-07-25,56.6
1974-07-26,55.3
1974-07-27,52.57
1974-07-28,52.76
1974-07-29,50.0
1974-07-30,47.66
1974-07-31,45.91
1974-08-01,46.1
1974-08-02,47.0
1974-08-03,48.35
1974-08-04,51.2
1974-08-05,52.7
1974-08-06,59.0
1974-08-07,55.0
1974-08-08,56.5
1974-08-09,52.65
1974-08-10,53.3
1974-08-11,52.9
1974-08-12,52.0
1974-08-13,51.7
1974-08-14,51.85
1974-08-15,51.55
1974-08-16,49.3
1974-08-17,51.1
1974-08-18,53.63
1974-08-19,53.5
1974-08-20,52.25
1974-08-21,54.0
1974-08-22,52.9
1974-08-23,52.2
1974-08-24,54.3
1974-08-25,54.1
1974-08-26,52.35
1974-08-27,57.5
1974-08-28,50.1
1974-08-29,51.0
1974-08-30,52.7
1974-08-31,52.95
1974-09-01,52.97271371769384
1974-09-02,52.99542743538768
1977-06-02,75.8
1977-06-03,73.96
1977-06-04,72.32
1977-06-05,73.1
1977-06-06,70.82
1977-06-07,67.8
1977-06-08,68.83
1977-06-09,67.17
1977-06-10,66.85
1977-06-11,65.08
1977-06-12,65.85
1977-06-13,67.55
1977-06-14,67.46
1977-06-15,67.98
1977-06-16,69.79
1977-06-17,70.9
1977-06-18,72.02
1977-06-19,72.68
1977-06-20,72.88
1977-06-21,72.42999999999999
1977-06-22,71.97999999999999
1977-07-26,56.68
1977-07-27,55.52
1977-07-28,54.75
1977-07-29,55.51
1977-07-30,55.75
1977-07-31,57.1
1977-08-01,56.66
1977-08-02,56.12
1977-08-03,56.68
1977-08-04,55.94
1977-08-05,56.67
1977-08-06,57.61
1977-08-07,58.23
1977-08-08,57.17
1977-08-09,54.95
1977-08-10,57.24
1977-08-11,58.04
1977-08-12,58.46
1977-08-13,60.78
1977-08-14,58.9
1977-08-15,58.08
1977-08-16,57.47
1977-08-17,55.37
1977-08-18,56.23
1977-08-19,58.89
1977-08-20,59.33
1977-08-21,60.51
1977-08-22,62.53
1977-08-23,64.68
1977-08-24,65.19
1977-08-25,64.33
1977-08-26,63.96
1977-08-27,61.53
1977-08-28,60.13
1977-08-29,63.13
1977-08-30,62.78
1977-08-31,60.42
1977-09-01,59.47
1977-09-02,57.82
1977-09-03,57.5
1977-09-04,55.95
1977-09-05,55.57
1977-09-06,55.57
1977-09-07,55.81
1977-09-08,57.04
1977-09-09,57.03
1977-09-10,56.56
1977-09-11,57.38
1977-09-12,57.52
1977-09-13,55.25
1977-09-14,55.08
1977-09-15,56.61
1977-09-16,57.72
1977-09-17,55.75
1977-09-18,53.83
1977-09-19,57.34
1977-09-20,56.68
1977-09-21,56.77
1977-09-22,58.33
1977-09-23,58.9
1977-09-24,60.53
1977-09-25,69.51
1977-09-26,77.39
1977-09-27,71.38
1977-09-28,73.82
1977-09-29,68.05
1977-09-30,63.08
1977-10-01,62.85
1977-10-02,62.48
1977-10-03,64.02
1977-10-04,63.73
1977-10-05,65.4
1977-10-06,69.33
1977-10-07,72.18
1977-10-08,71.83
1977-10-09,73.74
1977-10-10,75.66
1977-10-11,77.57
1977-10-12,79.94
1977-10-13,77.08
1977-10-14,79.15
1977-10-15,91.52
1977-10-16,83.54
1977-10-17,79.9
1977-10-18,80.98
1977-10-19,76.85
1977-10-20,75.13
1977-10-21,76.37
1977-10-22,78.42
1977-10-23,80.45
1977-10-24,75.37
1977-10-25,77.12
1977-10-26,74.25
1977-10-27,76.07
1977-10-28,73.67
1977-10-29,68.57
1977-10-30,68.37
1977-10-31,68.14
1977-11-01,60.33
1977-11-02,74.07
1977-11-03,87.5
1977-11-04,85.77
1977-11-05,96.83
1977-11-06,102.46
1977-11-07,112.96
1977-11-08,121.98
1977-11-09,139.08
1977-11-10,177.33
1977-11-11,148.67
1977-11-12,132.64
1977-11-13,120.26
1977-11-14,101.28
1977-11-15,95.5
1977-11-16,106.58
1977-11-17,124.14
1977-11-18,178.55
1977-11-19,189.25
1977-11-20,196.25
1977-11-21,201.42
1977-11-22,166.42
1977-11-23,140.13
1977-11-24,126.64
1977-11-25,119.49
1977-11-26,116.31
1977-11-27,120.71
1977-11-28,129.93
1977-11-29,118.58
1977-11-30,108.68
1977-12-01,108.7
1977-12-02,108.93
1977-12-03,108.98
1977-12-04,103.66
1977-12-05,100.41
1977-12-06,126.72
1977-12-07,180.09
1977-12-08,192.33
1977-12-09,171.42
1977-12-10,207.58
1977-12-11,201.67
1977-12-12,188.33
1977-12-13,187.94
1977-12-14,177.25
1977-12-15,166.96
1977-12-16,152.04
1977-12-17,138.42
1977-12-18,128.22
1977-12-19,118.57
1977-12-20,112.2
1977-12-21,107.4
1977-12-22,102.88
1977-12-23,99.19
1977-12-24,99.07
1977-12-25,132.78
1977-12-26,157.08
1977-12-27,172.92
1977-12-28,153.0
1977-12-29,138.83
1977-12-30,129.43
1977-12-31,116.2
1978-01-01,114.13
1978-01-02,128.74
1978-01-03,143.13
1978-01-04,152.71
1978-01-05,158.25
1978-01-06,156.13
1978-01-07,137.98
1978-01-08,128.77
1978-01-09,130.77
1978-01-10,131.93
1978-01-11,124.08
1978-01-12,106.75
1978-01-13,106.48
1978-01-14,107.08
1978-01-15,103.19
1978-01-16,100.33
1978-01-17,99.17
1978-01-18,97.52
1978-01-19,96.54
1978-01-20,106.84
1978-01-21,108.94
1978-01-22,105.96
1978-01-23,103.97
1978-01-24,107.21
1978-01-25,107.75
1978-01-26,109.71
1978-01-27,111.22
1978-01-28,121.38
1978-01-29,144.93
1978-01-30,170.38
1978-01-31,163.25
1978-02-01,155.42
1978-02-02,256.25
1978-02-03,250.54
1978-02-04,212.54
1978-02-05,200.5
1978-02-06,175.71
1978-02-07,153.79
1978-02-08,145.25
1978-02-09,143.17
1978-02-10,147.08
1978-02-11,191.65
1978-02-12,288.65
1978-02-13,238.83
1978-02-14,213.9
1978-02-15,243.63
1978-02-16,202.67
1978-02-17,180.67
1978-02-18,183.54
1978-02-19,188.21
1978-02-20,206.0
1978-02-21,237.04
1978-02-22,246.96
1978-02-23,303.58
1978-02-24,329.5
1978-02-25,337.29
1978-02-26,299.96
1978-02-27,273.83
1978-02-28,244.83
1978-03-01,224.25
1978-03-02,221.33
1978-03-03,189.25
1978-03-04,186.17
1978-03-05,193.17
1978-03-06,175.42
1978-03-07,158.33
1978-03-08,141.17
1978-03-09,135.02
1978-03-10,134.2
1978-03-11,145.18
1978-03-12,141.17
1978-03-13,151.58
1978-03-14,156.42
1978-03-15,152.67
1978-03-16,147.25
1978-03-17,142.25
1978-03-18,138.2
1978-03-19,148.92
1978-03-20,149.38
1978-03-21,166.96
1978-03-22,197.17
1978-03-23,196.67
1978-03-24,185.58
1978-03-25,216.42
1978-03-26,214.5
1978-03-27,170.96
1978-03-28,156.79
1978-03-29,173.88
1978-03-30,251.63
1978-03-31,229.75
1978-04-01,187.67
1978-04-02,161.67
1978-04-03,144.83
1978-04-04,145.92
1978-04-05,144.92
1978-04-06,168.08
1978-04-07,138.92
1978-04-08,131.67
1978-04-09,136.07
1978-04-10,135.55
1978-04-11,128.95
1978-04-12,125.33
1978-04-13,118.28
1978-04-14,112.45
1978-04-15,117.07
1978-04-16,135.6
1978-04-17,153.5
1978-04-18,167.17
1978-04-19,151.42
1978-04-20,179.75
1978-04-21,169.75
1978-04-22,138.92
1978-04-23,146.25
1978-04-24,138.83
1978-04-25,123.8
1978-04-26,123.8
1978-04-27,121.6
1978-04-28,119.57
1978-04-29,123.8
1978-04-30,131.23
1978-05-01,131.87
1978-05-02,132.5
1978-05-03,132.5
1978-05-04,128.0
1978-05-05,123.8
1978-05-06,121.6
1978-05-07,155.92
1978-05-08,205.0
1978-05-09,160.75
1978-05-10,136.0
1978-05-11,121.53
1978-05-12,116.17
1978-05-13,109.5
1978-05-14,106.67
1978-05-15,103.38
1978-05-16,98.38
1978-05-17,96.5
1978-05-18,106.9
1978-05-19,104.0
1978-05-20,100.25
1978-05-21,98.38
1978-05-22,95.0
1978-05-23,95.0
1978-05-24,93.25
1978-05-25,95.0
1978-05-26,99.63
1978-05-27,96.5
1978-05-28,95.0
1978-05-29,93.25
1978-05-30,92.0
1978-05-31,87.0
1978-06-01,79.71
1978-06-02,73.75
1978-06-03,70.94
1978-06-04,70.04
1978-06-05,69.29
1978-06-06,67.13
1978-06-07,64.63
1978-06-08,64.67
1978-06-09,64.08
1978-06-10,63.0
1978-06-11,62.5
1978-06-12,62.5
1978-06-13,63.33
1978-06-14,63.58
1978-06-15,63.83
1978-06-16,65.5
1978-06-17,67.92
1978-06-18,68.21
1978-06-19,69.5
1978-06-20,67.44
1978-06-21,65.17
1978-06-22,63.5
1978-06-23,61.0
1978-06-24,59.5
1978-06-25,57.75
1978-06-26,56.5
1978-06-27,54.7
1978-06-28,54.13
1978-06-29,53.57
1978-06-30,56.73
1978-07-01,59.5
1978-07-02,62.0
1978-07-03,58.42
1978-07-04,54.7
1978-07-05,56.17
1978-07-06,54.7
1978-07-07,57.9
1978-07-08,56.5
1978-07-09,58.33
1978-07-10,54.7
1978-07-11,54.17
1978-07-12,54.13
1978-07-13,49.28
1978-07-14,47.15
1978-07-15,50.37
1978-07-16,53.57
1978-07-17,50.87
1978-07-18,52.08
1978-07-19,49.85
1978-07-20,53.52
1978-07-21,53.1
1978-07-22,54.65
1978-07-23,49.83
1978-07-24,55.73
1978-07-25,54.65
1978-07-26,55.9
1978-07-27,53.0
1978-07-28,51.5
1978-07-29,47.7
1978-07-30,42.9
1978-07-31,41.87
1978-08-01,36.58
1978-08-02,37.13
1978-08-03,39.48
1978-08-04,38.44
1978-08-05,39.98
1978-08-06,40.28
1978-08-07,42.13
1978-08-08,44.37
1978-08-09,45.9
1978-08-10,41.65
1978-08-11,40.08
1978-08-12,40.2
1978-08-13,41.88
1978-08-14,40.15
1978-08-15,38.17
1978-08-16,34.48
1978-08-17,35.63
1978-08-18,37.06
1978-08-19,36.33
1978-08-20,34.72
1978-08-21,37.88
1978-08-22,40.61
1978-08-23,40.09
1978-08-24,43.25
1978-08-25,45.86
1978-08-26,49.93
1978-08-27,52.23
1978-08-28,55.01
1978-08-29,57.5
1978-08-30,59.9
1978-08-31,59.7
1978-09-01,61.18
1978-09-02,63.92
1978-09-03,59.83
1978-09-04,53.85
1978-09-05,52.23
1978-09-06,53.04
1978-09-07,55.23
1978-09-08,56.77
1978-09-09,51.57
1978-09-10,64.12
1978-09-11,58.02
1978-09-12,65.37
1978-09-13,74.44
1978-09-14,67.33
1978-09-15,63.58
1978-09-16,68.21
1978-09-17,92.42
1978-09-18,88.02
1978-09-19,83.23
1978-09-20,69.71
1978-09-21,79.58
1978-09-22,78.13
1978-09-23,66.83
1978-09-24,62.33
1978-09-25,64.92
1978-09-26,62.58
1978-09-27,63.08
1978-09-28,64.67
1978-09-29,64.38
1978-09-30,68.0
1978-10-01,61.05
1978-10-02,57.58
1978-10-03,53.08
1978-10-04,47.28
1978-10-05,45.96
1978-10-06,43.22
1978-10-07,41.37
1978-10-08,46.13
1978-10-09,51.53
1978-10-10,48.88
1978-10-11,54.23
1978-10-12,52.75
1978-10-13,54.95
1978-10-14,58.96
1978-10-15,56.21
1978-10-16,55.48
1978-10-17,62.58
1978-10-18,66.81
1978-10-19,71.08
1978-10-20,69.81
1978-10-21,72.48
1978-10-22,71.9
1978-10-23,72.17
1978-10-24,80.92
1978-10-25,91.75
1978-10-26,97.2
1978-10-27,102.73
1978-10-28,101.16
1978-10-29,92.67
1978-10-30,93.06
1978-10-31,94.27
1978-11-01,105.33
1978-11-02,114.95
1978-11-03,117.97
1978-11-04,116.74
1978-11-05,108.38
1978-11-06,104.22
1978-11-07,98.7
1978-11-08,89.75
1978-11-09,96.33
1978-11-10,86.19
1978-11-11,81.96
1978-11-12,78.48
1978-11-13,75.42
1978-11-14,70.54
1978-11-15,75.1
1978-11-16,81.69
1978-11-17,81.1
1978-11-18,85.23
1978-11-19,85.69
1978-11-20,89.27
1978-11-21,99.0
1978-11-22,90.58
1978-11-23,90.42
1978-11-24,96.39
1978-11-25,107.38
1978-11-26,119.78
1978-11-27,123.33
1978-11-28,138.86
1978-11-29,158.21
1978-11-30,137.58
1978-12-01,145.0
1978-12-02,159.71
1978-12-03,156.04
1978-12-04,131.7
1978-12-05,117.53
1978-12-06,115.12
1978-12-07,111.68
1978-12-08,107.46
1978-12-09,110.08
1978-12-10,111.22
1978-12-11,104.4
1978-12-12,99.84
1978-12-13,100.67
1978-12-14,97.7
1978-12-15,91.46
1978-12-16,86.58
1978-12-17,94.27
1978-12-18,101.6
1978-12-19,96.83
1978-12-20,94.58
1978-12-21,98.08
1978-12-22,101.64
1978-12-23,116.05
1978-12-24,127.7
1978-12-25,125.92
1978-12-26,139.53
1978-12-27,145.46
1978-12-28,157.38
1978-12-29,144.75
1978-12-30,139.17
1978-12-31,142.5
1979-01-01,148.83
1979-01-02,138.17
1979-01-03,133.3
1979-01-04,131.03
1979-01-05,123.13
1979-01-06,118.27
1979-01-07,118.65
1979-01-08,130.93
1979-01-09,132.7
1979-01-10,125.2
1979-01-11,131.83
1979-01-12,130.3
1979-01-13,129.6
1979-01-14,136.53
1979-01-15,138.5
1979-01-16,156.7
1979-01-17,145.33
1979-01-18,135.67
1979-01-19,115.1
1979-01-20,104.91
1979-01-21,119.15
1979-01-22,126.77
1979-01-23,119.22
1979-01-24,106.32
1979-01-25,126.6
1979-01-26,120.81
1979-01-27,117.6
1979-01-28,112.27
1979-01-29,114.87
1979-01-30,100.42
1979-01-31,112.1
1979-02-01,140.85
1979-02-02,156.42
1979-02-03,165.92
1979-02-04,192.83
1979-02-05,201.67
1979-02-06,215.08
1979-02-07,217.0
1979-02-08,270.33
1979-02-09,320.15
1979-02-10,308.61
1979-02-11,284.42
1979-02-12,272.67
1979-02-13,292.67
1979-02-14,348.52
1979-02-15,339.17
1979-02-16,332.0
1979-02-17,295.14
1979-02-18,288.15
1979-02-19,276.02
1979-02-20,242.42
1979-02-21,238.06
1979-02-22,242.03
1979-02-23,264.47
1979-02-24,235.41
1979-02-25,210.75
1979-02-26,201.15
1979-02-27,195.77
1979-02-28,210.5
1979-03-01,251.79
1979-03-02,246.88
1979-03-03,255.66
1979-03-04,385.11
1979-03-05,502.42
1979-03-06,630.22
1979-03-07,754.82
1979-03-08,931.1
1979-03-09,705.59
1979-03-10,515.8
1979-03-11,440.38
1979-03-12,458.65
1979-03-13,408.38
1979-03-14,406.18
1979-03-15,395.82
1979-03-16,425.39
1979-03-17,382.51
1979-03-18,330.04
1979-03-19,659.53
1979-03-20,565.38
1979-03-21,845.74
1979-03-22,675.36
1979-03-23,564.37
1979-03-24,546.35
1979-03-25,610.85
1979-03-26,751.23
1979-03-27,601.39
1979-03-28,455.29
1979-03-29,348.47
1979-03-30,313.89
1979-03-31,300.8
1979-04-01,316.7
1979-04-02,307.48
1979-04-03,295.7
1979-04-04,326.48
1979-04-05,334.97
1979-04-06,366.95
1979-04-07,345.31
1979-04-08,331.63
1979-04-09,292.41
1979-04-10,239.65
1979-04-11,207.79
1979-04-12,186.15
1979-04-13,174.98
1979-04-14,173.18
1979-04-15,167.81
1979-04-16,177.24
1979-04-17,182.72
1979-04-18,268.59
1979-04-19,237.86
1979-04-20,218.5
1979-04-21,224.51
1979-04-22,234.39
1979-04-23,196.78
1979-04-24,179.58
1979-04-25,170.52
1979-04-26,168.76
1979-04-27,172.74
1979-04-28,153.39
1979-04-29,145.07
1979-04-30,140.22
1979-05-01,136.34
1979-05-02,127.98
1979-05-03,123.56
1979-05-04,142.98
1979-05-05,138.66
1979-05-06,132.5
1979-05-07,124.28
1979-05-08,128.07
1979-05-09,119.26
1979-05-10,108.22
1979-05-11,103.61
1979-05-12,102.35
1979-05-13,99.14
1979-05-14,102.67
1979-05-15,102.97
1979-05-16,100.39
1979-05-17,102.57
1979-05-18,94.82
1979-05-19,89.96
1979-05-20,86.45
1979-05-21,86.49
1979-05-22,85.92
1979-05-23,84.73
1979-05-24,84.19
1979-05-25,84.78
1979-05-26,82.51
1979-05-27,81.36
1979-05-28,78.6
1979-05-29,79.19
1979-05-30,75.39
1979-05-31,74.35
1979-06-01,72.87
1979-06-02,68.24
1979-06-03,70.25
1979-06-04,71.26
1979-06-05,69.27
1979-06-06,70.41
1979-06-07,68.73
1979-06-08,66.73
1979-06-09,66.25
1979-06-10,66.49
1979-06-11,69.47
1979-06-12,69.71
1979-06-13,67.75
1979-06-14,63.83
1979-06-15,61.49
1979-06-16,58.53
1979-06-17,57.64
1979-06-18,60.59
1979-06-19,64.18
1979-06-20,57.22
1979-06-21,59.25
1979-06-22,61.03
1979-06-23,60.63
1979-06-24,59.2
1979-06-25,56.99
1979-06-26,55.65
1979-06-27,55.65
1979-06-28,54.15
1979-06-29,55.65
1979-06-30,54.58
1979-07-01,59.74
1979-07-02,63.4
1979-07-03,62.43
1979-07-04,60.12
1979-07-05,58.1
1979-07-06,56.34
1979-07-07,51.84
1979-07-08,48.76
1979-07-09,48.76
1979-07-10,49.8
1979-07-11,50.73
1979-07-12,51.2
1979-07-13,52.66
1979-07-14,53.29
1979-07-15,56.1
1979-07-16,54.57
1979-07-17,52.65
1979-07-18,51.42
1979-07-19,48.17
1979-07-20,47.99
1979-07-21,49.17
1979-07-22,48.17
1979-07-23,48.58
1979-07-24,47.96
1979-07-25,47.19
1979-07-26,47.78
1979-07-27,45.45
1979-07-28,44.49
1979-07-29,46.21
1979-07-30,47.97
1979-07-31,48.19
1979-08-01,48.37
1979-08-02,48.37
1979-08-03,48.0
1979-08-04,49.62
1979-08-05,48.2
1979-08-06,46.42
1979-08-07,46.42
1979-08-08,47.78
1979-08-09,46.65
1979-08-10,48.78
1979-08-11,48.99
1979-08-12,52.93
1979-08-13,51.83
1979-08-14,51.63
1979-08-15,54.79
1979-08-16,51.44
1979-08-17,51.09
1979-08-18,49.72
1979-08-19,49.69
1979-08-20,48.23
1979-08-21,48.38
1979-08-22,47.79
1979-08-23,50.02
1979-08-24,50.04
1979-08-25,48.84
1979-08-26,48.64
1979-08-27,49.75
1979-08-28,54.08
1979-08-29,58.74
1979-08-30,60.93
1979-08-31,62.93
1979-09-01,63.46
1979-09-02,60.73
1979-09-03,62.62
1979-09-04,60.6
1979-09-05,57.57
1979-09-06,59.33
1979-09-07,54.48
1979-09-08,55.78
1979-09-09,56.64
1979-09-10,57.37
1979-09-11,59.08
1979-09-12,54.58
1979-09-13,49.67
1979-09-14,52.09
1979-09-15,53.76
1979-09-16,58.47
1979-09-17,66.86
1979-09-18,63.06
1979-09-19,66.38
1979-09-20,76.96
1979-09-21,75.81
1979-09-22,66.91
1979-09-23,63.75
1979-09-24,61.45
1979-09-25,67.69
1979-09-26,65.11
1979-09-27,65.75
1979-09-28,64.89
1979-09-29,65.75
1979-09-30,65.45
1979-10-01,62.19
1979-10-02,59.84
1979-10-03,59.28
1979-10-04,58.6
1979-10-05,56.13
1979-10-06,60.55
1979-10-07,65.53
1979-10-08,61.73
1979-10-09,58.6
1979-10-10,60.23
1979-10-11,62.47
1979-10-12,63.58
1979-10-13,59.81
1979-10-14,63.07
1979-10-15,66.51
1979-10-16,69.11
1979-10-17,74.73
1979-10-18,81.32
1979-10-19,87.4
1979-10-20,79.9
1979-10-21,82.34
1979-10-22,90.6
1979-10-23,95.66
1979-10-24,81.71
1979-10-25,81.71
1979-10-26,82.52
1979-10-27,89.18
1979-10-28,91.07
1979-10-29,90.69
1979-10-30,96.21
1979-10-31,98.29
1979-11-01,107.14
1979-11-02,117.49
1979-11-03,118.35
1979-11-04,113.71
1979-11-05,97.5
1979-11-06,91.5
1979-11-07,95.03
1979-11-08,102.49
1979-11-09,99.57
1979-11-10,97.82
1979-11-11,108.26
1979-11-12,126.63
1979-11-13,97.99
1979-11-14,88.91
1979-11-15,86.75
1979-11-16,95.59
1979-11-17,109.58
1979-11-18,117.95
1979-11-19,124.87
1979-11-20,114.55
1979-11-21,103.31
1979-11-22,90.17
1979-11-23,84.03
1979-11-24,79.61
1979-11-25,79.18
1979-11-26,83.54
1979-11-27,93.03
1979-11-28,95.36
1979-11-29,100.17
1979-11-30,104.77
1979-12-01,96.04
1979-12-02,95.44
1979-12-03,98.3
1979-12-04,99.13
1979-12-05,99.61
1979-12-06,100.35
1979-12-07,100.41
1979-12-08,94.18
1979-12-09,91.84
1979-12-10,101.54
1979-12-11,100.53
1979-12-12,116.53
1979-12-13,135.23
1979-12-14,130.17
1979-12-15,129.09
1979-12-16,132.54
1979-12-17,137.08
1979-12-18,126.93
1979-12-19,110.6
1979-12-20,102.22
1979-12-21,103.41
1979-12-22,103.08
1979-12-23,103.06
1979-12-24,109.2
1979-12-25,117.72
1979-12-26,119.41
1979-12-27,118.41
1979-12-28,127.07
1979-12-29,130.68
1979-12-30,142.96
1979-12-31,140.02
1980-01-01,125.07
1980-01-02,115.85
1980-01-03,127.3
1980-01-04,130.11
1980-01-05,121.23
1980-01-06,110.33
1980-01-07,107.46
1980-01-08,116.26
1980-01-09,141.29
1980-01-10,138.86
1980-01-11,139.09
1980-01-12,128.38
1980-01-13,122.31
1980-01-14,115.03
1980-01-15,97.31
1980-01-16,103.46
1980-01-17,110.82
1980-01-18,105.01
1980-01-19,104.54
1980-01-20,104.02
1980-01-21,130.82
1980-01-22,158.39
1980-01-23,148.11
1980-01-24,136.6
1980-01-25,124.43
1980-01-26,142.6
1980-01-27,158.87
1980-01-28,173.18
1980-01-29,166.87
1980-01-30,150.42
1980-01-31,137.87
1980-02-01,129.72
1980-02-02,122.34
1980-02-03,117.03
1980-02-04,129.14
1980-02-05,155.43
1980-02-06,198.7
1980-02-07,229.95
1980-02-08,187.27
1980-02-09,162.41
1980-02-10,145.6
1980-02-11,141.18
1980-02-12,139.45
1980-02-13,132.49
1980-02-14,135.78
1980-02-15,120.42
1980-02-16,122.2
1980-02-17,123.18
1980-02-18,131.17
1980-02-19,148.29
1980-02-20,188.46
1980-02-21,163.37
1980-02-22,144.5
1980-02-23,132.61
1980-02-24,131.95
1980-02-25,124.21
1980-02-26,117.77
1980-02-27,119.15
1980-02-28,115.92
1980-02-29,116.61
1980-03-01,116.27
1980-03-02,119.14
1980-03-03,113.02
1980-03-04,123.79
1980-03-05,127.22
1980-03-06,113.07
1980-03-07,100.49
1980-03-08,95.62
1980-03-09,93.78
1980-03-10,88.17
1980-03-11,92.89
1980-03-12,100.31
1980-03-13,107.37
1980-03-14,121.41
1980-03-15,140.95
1980-03-16,134.27
1980-03-17,126.07
1980-03-18,118.3
1980-03-19,145.95
1980-03-20,190.2
1980-03-21,174.71
1980-03-22,186.82
1980-03-23,162.69
1980-03-24,163.13
1980-03-25,150.5
1980-03-26,143.28
1980-03-27,130.01
1980-03-28,115.43
1980-03-29,112.78
1980-03-30,149.39
1980-03-31,156.78
1980-04-01,303.45
1980-04-02,289.3
1980-04-03,231.08
1980-04-04,193.84
1980-04-05,180.41
1980-04-06,161.12
1980-04-07,145.1
1980-04-08,131.32
1980-04-09,118.7
1980-04-10,118.67
1980-04-11,120.37
1980-04-12,109.8
1980-04-13,104.32
1980-04-14,112.98
1980-04-15,125.45
1980-04-16,141.33
1980-04-17,119.45
1980-04-18,107.9
1980-04-19,100.83
1980-04-20,95.8
1980-04-21,90.86
1980-04-22,86.87
1980-04-23,81.93
1980-04-24,78.22
1980-04-25,78.46
1980-04-26,79.57
1980-04-27,97.7
1980-04-28,109.51
1980-04-29,95.91
1980-04-30,89.25
1980-05-01,85.01
1980-05-02,83.66
1980-05-03,83.4
1980-05-04,81.74
1980-05-05,81.49
1980-05-06,79.87
1980-05-07,78.85
1980-05-08,72.38
1980-05-09,72.67
1980-05-10,74.79
1980-05-11,68.76
1980-05-12,69.48
1980-05-13,66.83
1980-05-14,70.79
1980-05-15,70.49
1980-05-16,70.08
1980-05-17,71.49
1980-05-18,82.6
1980-05-19,75.91
1980-05-20,71.18
1980-05-21,70.34
1980-05-22,68.01
1980-05-23,65.68
1980-05-24,66.68
1980-05-25,64.8
1980-05-26,64.45
1980-05-27,64.46
1980-05-28,67.97
1980-05-29,70.4
1980-05-30,63.48
1980-05-31,61.07
1980-06-01,63.78
1980-06-02,62.92
1980-06-03,66.22
1980-06-04,64.79
1980-06-05,70.65
1980-06-06,65.69
1980-06-07,66.26
1980-06-08,69.99
1980-06-09,69.53
1980-06-10,65.13
1980-06-11,60.77
1980-06-12,62.65
1980-06-13,66.86
1980-06-14,67.4
1980-06-15,64.33
1980-06-16,67.21
1980-06-17,68.74
1980-06-18,69.64
1980-06-19,65.58
1980-06-20,65.33
1980-06-21,61.03
1980-06-22,59.17
1980-06-23,61.34
1980-06-24,64.43
1980-06-25,66.4
1980-06-26,66.46
1980-06-27,63.69
1980-06-28,62.32
1980-06-29,57.95
1980-06-30,55.61
1980-07-01,57.79
1980-07-02,57.55
1980-07-03,56.36
1980-07-04,54.26
1980-07-05,53.07
1980-07-06,51.34
1980-07-07,52.36
1980-07-08,55.97
1980-07-09,57.59
1980-07-10,57.77
1980-07-11,53.4
1980-07-12,51.13
1980-07-13,49.85
1980-07-14,49.96
1980-07-15,47.43
1980-07-16,49.38
1980-07-17,44.35
1980-07-18,40.72
1980-07-19,42.29
1980-07-20,43.26
1980-07-21,47.16
1980-07-22,48.32
1980-07-23,46.8
1980-07-24,43.67
1980-07-25,43.21
1980-07-26,44.54
1980-07-27,46.99
1980-07-28,51.7
1980-07-29,54.94
1980-07-30,60.17
1980-07-31,57.67
1980-08-01,53.33
1980-08-02,53.18
1980-08-03,51.68
1980-08-04,52.05
1980-08-05,56.36
1980-08-06,60.67
1980-08-07,57.79
1980-08-08,59.7
1980-08-09,55.82
1980-08-10,51.75
1980-08-11,50.27
1980-08-12,48.47
1980-08-13,51.83
1980-08-14,58.5
1980-08-15,60.48
1980-08-16,59.22
1980-08-17,56.86
1980-08-18,55.17
1980-08-19,56.6
1980-08-20,59.45
1980-08-21,59.86
1980-08-22,57.55
1980-08-23,54.84
1980-08-24,49.35
1980-08-25,45.83
1980-08-26,43.23
1980-08-27,47.67
1980-08-28,49.77
1980-08-29,49.66
1980-08-30,52.02
1980-08-31,57.5
1980-09-01,60.73
1980-09-02,61.95
1980-09-03,66.63
1980-09-04,67.72
1980-09-05,73.25
1980-09-06,74.86
1980-09-07,60.29
1980-09-08,61.48
1980-09-09,67.97
1980-09-10,68.26
1980-09-11,68.52
1980-09-12,62.57
1980-09-13,64.32
1980-09-14,65.18
1980-09-15,68.81
1980-09-16,69.96
1980-09-17,68.46
1980-09-18,81.82
1980-09-19,80.76
1980-09-20,83.91
1980-09-21,88.66
1980-09-22,85.52
1980-09-23,78.26
1980-09-24,78.01
1980-09-25,82.3
1980-09-26,82.49
1980-09-27,83.93
1980-09-28,78.3
1980-09-29,68.54
1980-09-30,68.16
1980-10-01,72.34
1980-10-02,78.77
1980-10-03,83.81
1980-10-04,81.59
1980-10-05,77.29
1980-10-06,93.31
1980-10-07,94.93
1980-10-08,80.36
1980-10-09,77.37
1980-10-10,76.37
1980-10-11,81.85
1980-10-12,121.27
1980-10-13,107.26
1980-10-14,109.89
1980-10-15,133.11
1980-10-16,122.29
1980-10-17,122.54
1980-10-18,133.75
1980-10-19,115.9
1980-10-20,122.64
1980-10-21,123.95
1980-10-22,134.95
1980-10-23,144.51
1980-10-24,159.4
1980-10-25,158.31
1980-10-26,156.71
1980-10-27,121.55
1980-10-28,105.79
1980-10-29,92.17
1980-10-30,94.41
1980-10-31,92.18
1980-11-01,128.21
1980-11-02,163.11
1980-11-03,175.36
1980-11-04,167.78
1980-11-05,166.54
1980-11-06,193.69
1980-11-07,183.54
1980-11-08,157.75
1980-11-09,135.21
1980-11-10,124.26
1980-11-11,115.07
1980-11-12,110.18
1980-11-13,99.39
1980-11-14,89.75
1980-11-15,89.98
1980-11-16,87.02
1980-11-17,90.1
1980-11-18,82.87
1980-11-19,91.35
1980-11-20,119.98
1980-11-21,109.23
1980-11-22,103.66
1980-11-23,107.24
1980-11-24,114.92
1980-11-25,140.95
1980-11-26,138.84
1980-11-27,147.72
1980-11-28,205.32
1980-11-29,261.89
1980-11-30,266.82
1980-12-01,342.86
1980-12-02,335.91
1980-12-03,294.63
1980-12-04,329.63
1980-12-05,369.84
1980-12-06,333.84
1980-12-07,287.73
1980-12-08,250.19
1980-12-09,238.16
1980-12-10,251.85
1980-12-11,316.04
1980-12-12,356.2
1980-12-13,350.52
1980-12-14,334.83
1980-12-15,306.25
1980-12-16,259.02
1980-12-17,280.67
1980-12-18,256.34
1980-12-19,216.56
1980-12-20,186.78
1980-12-21,164.56
1980-12-22,153.91
1980-12-23,145.49
1980-12-24,143.13
1980-12-25,139.32
1980-12-26,123.84
1980-12-27,133.26
1980-12-28,124.73
1980-12-29,128.68
1980-12-30,122.94
1980-12-31,117.64
1981-01-01,114.52
1981-01-02,117.23
1981-01-03,119.67
1981-01-04,128.76
1981-01-05,139.37
1981-01-06,122.08
1981-01-07,108.2
1981-01-08,143.57
1981-01-09,212.26
1981-01-10,227.0
1981-01-11,224.83
1981-01-12,220.28
1981-01-13,201.42
1981-01-14,199.16
1981-01-15,196.9
1981-01-16,186.24
1981-01-17,171.46
1981-01-18,160.41
1981-01-19,152.45
1981-01-20,153.31
1981-01-21,150.89
1981-01-22,132.65
1981-01-23,129.8
1981-01-24,104.16
1981-01-25,108.54
1981-01-26,108.33
1981-01-27,109.87
1981-01-28,126.02
1981-01-29,160.13
1981-01-30,199.01
1981-01-31,312.18
1981-02-01,403.24
1981-02-02,377.16
1981-02-03,353.36
1981-02-04,358.94
1981-02-05,416.95
1981-02-06,473.16
1981-02-07,477.46
1981-02-08,575.29
1981-02-09,703.42
1981-02-10,445.93
1981-02-11,467.16
1981-02-12,617.0
1981-02-13,664.79
1981-02-14,666.48
1981-02-15,528.92
1981-02-16,416.1
1981-02-17,441.06
1981-02-18,407.8
1981-02-19,375.61
1981-02-20,372.28
1981-02-21,475.03
1981-02-22,577.79
1981-02-23,525.73
1981-02-24,516.15
1981-02-25,490.92
1981-02-26,470.38
1981-02-27,396.57
1981-02-28,364.82
1981-03-01,314.23
1981-03-02,355.69
1981-03-03,287.23
1981-03-04,251.81
1981-03-05,257.7
1981-03-06,375.01
1981-03-07,452.36
1981-03-08,466.91
1981-03-09,726.67
1981-03-10,717.25
1981-03-11,735.54
1981-03-12,780.82
1981-03-13,683.61
1981-03-14,608.92
1981-03-15,497.63
1981-03-16,418.55
1981-03-17,400.84
1981-03-18,318.48
1981-03-19,316.31
1981-03-20,310.72
1981-03-21,279.43
1981-03-22,258.12
1981-03-23,264.66
1981-03-24,253.1
1981-03-25,235.2
1981-03-26,247.44
1981-03-27,285.97
1981-03-28,326.21
1981-03-29,275.05
1981-03-30,261.06
1981-03-31,252.13
1981-04-01,223.62
1981-04-02,215.03
1981-04-03,226.18
1981-04-04,225.96
1981-04-05,236.27
1981-04-06,227.89
1981-04-07,232.5
1981-04-08,231.76
1981-04-09,225.29
1981-04-10,206.45
1981-04-11,193.18
1981-04-12,180.56
1981-04-13,184.96
1981-04-14,178.04
1981-04-15,171.12
1981-04-16,164.2
1981-04-17,165.04
1981-04-18,173.69
1981-04-19,166.63
1981-04-20,159.46
1981-04-21,169.45
1981-04-22,144.34
1981-04-23,141.3
1981-04-24,136.1
1981-04-25,134.18
1981-04-26,136.67
1981-04-27,127.83
1981-04-28,125.13
1981-04-29,115.61
1981-04-30,113.17
1981-05-01,112.06
1981-05-02,109.01
1981-05-03,105.26
1981-05-04,102.89
1981-05-05,98.78
1981-05-06,93.81
1981-05-07,91.08
1981-05-08,91.08
1981-05-09,91.08
1981-05-10,87.81
1981-05-11,86.93
1981-05-12,87.82
1981-05-13,84.6
1981-05-14,82.9
1981-05-15,87.23
1981-05-16,81.49
1981-05-17,84.07
1981-05-18,87.24
1981-05-19,87.81
1981-05-20,84.06
1981-05-21,82.35
1981-05-22,81.57
1981-05-23,80.98
1981-05-24,79.27
1981-05-25,79.09
1981-05-26,78.24
1981-05-27,76.38
1981-05-28,77.66
1981-05-29,73.1
1981-05-30,71.01
1981-05-31,72.53
1981-06-01,74.15
1981-06-02,74.64
1981-06-03,71.77
1981-06-04,70.57
1981-06-05,71.55
1981-06-06,71.51
1981-06-07,73.76
1981-06-08,73.17
1981-06-09,69.71
1981-06-10,73.95
1981-06-11,70.14
1981-06-12,65.17
1981-06-13,64.16
1981-06-14,64.7
1981-06-15,64.46
1981-06-16,63.18
1981-06-17,64.64
1981-06-18,65.15
1981-06-19,65.96
1981-06-20,66.93
1981-06-21,65.4
1981-06-22,67.19
1981-06-23,65.44
1981-06-24,62.44
1981-06-25,64.93
1981-06-26,64.93
1981-06-27,61.0
1981-06-28,59.35
1981-06-29,59.59
1981-06-30,56.39
1981-07-01,56.38
1981-07-02,54.85
1981-07-03,57.55
1981-07-04,57.3
1981-07-05,57.51
1981-07-06,52.91
1981-07-07,54.59
1981-07-08,53.97
1981-07-09,52.42
1981-07-10,53.92
1981-07-11,56.2
1981-07-12,57.97
1981-07-13,56.19
1981-07-14,56.87
1981-07-15,57.07
1981-07-16,55.3
1981-07-17,52.73
1981-07-18,55.25
1981-07-19,51.32
1981-07-20,51.18
1981-07-21,51.12
1981-07-22,50.89
1981-07-23,51.63
1981-07-24,53.27
1981-07-25,55.3
1981-07-26,55.17
1981-07-27,58.24
1981-07-28,57.35
1981-07-29,55.74
1981-07-30,55.08
1981-07-31,51.37
1981-08-01,48.15
1981-08-02,46.36
1981-08-03,48.47
1981-08-04,47.2
1981-08-05,47.83
1981-08-06,49.22
1981-08-07,52.91
1981-08-08,53.08
1981-08-09,52.07
1981-08-10,52.04
1981-08-11,52.01
1981-08-12,51.98
1981-08-13,55.46
1981-08-14,51.56
1981-08-15,45.9
1981-08-16,44.12
1981-08-17,43.93
1981-08-18,42.76
1981-08-19,42.96
1981-08-20,44.07
1981-08-21,43.35
1981-08-22,43.33
1981-08-23,45.35
1981-08-24,46.73
1981-08-25,46.55
1981-08-26,44.55
1981-08-27,45.31
1981-08-28,45.31
1981-08-29,45.95
1981-08-30,46.52
1981-08-31,50.34
1981-09-01,48.39
1981-09-02,43.15
1981-09-03,41.23
1981-09-04,40.66
1981-09-05,40.66
1981-09-06,41.05
1981-09-07,43.55
1981-09-08,44.51
1981-09-09,43.35
1981-09-10,44.56
1981-09-11,41.23
1981-09-12,49.0
1981-09-13,37.74
1981-09-14,38.65
1981-09-15,39.92
1981-09-16,39.92
1981-09-17,40.86
1981-09-18,43.75
1981-09-19,44.33
1981-09-20,43.73
1981-09-21,44.93
1981-09-22,44.55
1981-09-23,45.94
1981-09-24,48.2
1981-09-25,49.43
1981-09-26,48.16
1981-09-27,46.59
1981-09-28,52.55
1981-09-29,50.67
1981-09-30,51.4
1981-10-01,54.75
1981-10-02,56.47
1981-10-03,59.28
1981-10-04,66.49
1981-10-05,65.86
1981-10-06,64.93
1981-10-07,68.94
1981-10-08,73.06
1981-10-09,74.64
1981-10-10,70.2
1981-10-11,60.09
1981-10-12,66.76
1981-10-13,67.19
1981-10-14,67.63
1981-10-15,69.13
1981-10-16,66.89
1981-10-17,68.14
1981-10-18,79.24
1981-10-19,113.13
1981-10-20,128.69
1981-10-21,113.32
1981-10-22,112.1
1981-10-23,110.88
1981-10-24,110.64
1981-10-25,116.98
1981-10-26,125.65
1981-10-27,128.26
1981-10-28,123.82
1981-10-29,144.68
1981-10-30,128.41
1981-10-31,120.8
1981-11-01,153.84
1981-11-02,136.41
1981-11-03,134.13
1981-11-04,136.3
1981-11-05,130.29
1981-11-06,163.66
1981-11-07,185.79
1981-11-08,177.39
1981-11-09,177.87
1981-11-10,194.75
1981-11-11,188.45
1981-11-12,206.82
1981-11-13,181.05
1981-11-14,176.57
1981-11-15,186.02
1981-11-16,223.02
1981-11-17,214.71
1981-11-18,183.31
1981-11-19,164.81
1981-11-20,149.98
1981-11-21,132.14
1981-11-22,116.96
1981-11-23,113.5
1981-11-24,118.03
1981-11-25,136.54
1981-11-26,143.99
1981-11-27,181.06
1981-11-28,239.49
1981-11-29,276.41
1981-11-30,207.1
1981-12-01,168.34
1981-12-02,151.6
1981-12-03,185.91
1981-12-04,180.7
1981-12-05,165.26
1981-12-06,180.55
1981-12-07,194.62
1981-12-08,189.21
1981-12-09,186.45
1981-12-10,181.05
1981-12-11,172.65
1981-12-12,172.69
1981-12-13,148.36
1981-12-14,175.25
1981-12-15,204.08
1981-12-16,191.54
1981-12-17,219.66
1981-12-18,238.03
1981-12-19,221.77
1981-12-20,196.3
1981-12-21,211.62
1981-12-22,242.46
1981-12-23,202.93
1981-12-24,179.2
1981-12-25,168.23
1981-12-26,188.6
1981-12-27,218.19
1981-12-28,269.62
1981-12-29,238.68
1981-12-30,216.74
1981-12-31,185.55
1982-01-01,166.95
1982-01-02,159.78
1982-01-03,147.51
1982-01-04,146.71
1982-01-05,160.89
1982-01-06,151.57
1982-01-07,137.38
1982-01-08,126.57
1982-01-09,121.19
1982-01-10,119.77
1982-01-11,145.59
1982-01-12,187.68
1982-01-13,175.3
1982-01-14,162.28
1982-01-15,149.94
1982-01-16,140.83
1982-01-17,136.24
1982-01-18,139.83
1982-01-19,185.38
1982-01-20,191.25
1982-01-21,166.55
1982-01-22,172.72
1982-01-23,165.64
1982-01-24,178.04
1982-01-25,154.53
1982-01-26,176.49
1982-01-27,259.49
1982-01-28,277.03
1982-01-29,282.16
1982-01-30,280.38
1982-01-31,283.43
1982-02-01,354.63
1982-02-02,385.97
1982-02-03,406.65
1982-02-04,480.52
1982-02-05,534.0
1982-02-06,710.33
1982-02-07,699.75
1982-02-08,666.25
1982-02-09,718.08
1982-02-10,537.58
1982-02-11,428.17
1982-02-12,356.66
1982-02-13,314.52
1982-02-14,277.34
1982-02-15,298.79
1982-02-16,299.32
1982-02-17,269.95
1982-02-18,237.62
1982-02-19,218.0
1982-02-20,223.54
1982-02-21,235.4
1982-02-22,205.73
1982-02-23,185.12
1982-02-24,167.39
1982-02-25,156.04
1982-02-26,142.41
1982-02-27,137.76
1982-02-28,158.78
1982-03-01,156.11
1982-03-02,140.07
1982-03-03,132.85
1982-03-04,128.38
1982-03-05,129.14
1982-03-06,129.13
1982-03-07,122.49
1982-03-08,120.13
1982-03-09,139.58
1982-03-10,117.68
1982-03-11,117.17
1982-03-12,130.34
1982-03-13,124.77
1982-03-14,120.59
1982-03-15,130.42
1982-03-16,225.23
1982-03-17,205.38
1982-03-18,238.72
1982-03-19,290.94
1982-03-20,271.9
1982-03-21,222.21
1982-03-22,195.87
1982-03-23,200.54
1982-03-24,247.42
1982-03-25,327.06
1982-03-26,364.34
1982-03-27,287.83
1982-03-28,254.95
1982-03-29,223.48
1982-03-30,207.76
1982-03-31,188.89
1982-04-01,171.74
1982-04-02,156.03
1982-04-03,149.62
1982-04-04,167.74
1982-04-05,178.85
1982-04-06,197.3
1982-04-07,238.06
1982-04-08,264.17
1982-04-09,271.29
1982-04-10,327.98
1982-04-11,364.9
1982-04-12,271.55
1982-04-13,243.43
1982-04-14,210.94
1982-04-15,187.95
1982-04-16,168.48
1982-04-17,162.92
1982-04-18,177.03
1982-04-19,161.07
1982-04-20,145.16
1982-04-21,138.54
1982-04-22,134.71
1982-04-23,127.68
1982-04-24,127.24
1982-04-25,156.46
1982-04-26,173.55
1982-04-27,178.38
1982-04-28,190.9
1982-04-29,179.89
1982-04-30,159.76
1982-05-01,151.15
1982-05-02,139.31
1982-05-03,129.03
1982-05-04,124.82
1982-05-05,114.11
1982-05-06,108.79
1982-05-07,106.31
1982-05-08,105.33
1982-05-09,105.81
1982-05-10,106.15
1982-05-11,102.89
1982-05-12,99.12
1982-05-13,95.03
1982-05-14,91.71
1982-05-15,91.98
1982-05-16,102.68
1982-05-17,103.96
1982-05-18,89.59
1982-05-19,88.31
1982-05-20,88.72
1982-05-21,85.38
1982-05-22,82.69
1982-05-23,77.8
1982-05-24,77.69
1982-05-25,80.11
1982-05-26,80.16
1982-05-27,78.08
1982-05-28,82.07
1982-05-29,82.31
1982-05-30,79.93
1982-05-31,78.78
1982-06-01,78.71
1982-06-02,74.64
1982-06-03,72.07
1982-06-04,72.91
1982-06-05,71.58
1982-06-06,68.73
1982-06-07,69.65
1982-06-08,69.39
1982-06-09,66.52
1982-06-10,70.03
1982-06-11,69.45
1982-06-12,69.14
1982-06-13,69.2
1982-06-14,66.81
1982-06-15,64.43
1982-06-16,66.02
1982-06-17,67.61
1982-06-18,64.08
1982-06-19,61.56
1982-06-20,58.78
1982-06-21,60.39
1982-06-22,62.94
1982-06-23,59.5
1982-06-24,60.86
1982-06-25,60.87
1982-06-26,62.27
1982-06-27,60.63
1982-06-28,57.11
1982-06-29,56.55
1982-06-30,51.47
1982-07-01,51.17
1982-07-02,53.69
1982-07-03,52.18
1982-07-04,50.89
1982-07-05,49.2
1982-07-06,50.96
1982-07-07,51.31
1982-07-08,51.37
1982-07-09,51.55
1982-07-10,49.89
1982-07-11,52.14
1982-07-12,52.34
1982-07-13,51.8
1982-07-14,49.68
1982-07-15,50.09
1982-07-16,50.03
1982-07-17,50.88
1982-07-18,51.1
1982-07-19,51.52
1982-07-20,51.16
1982-07-21,46.15
1982-07-22,45.6
1982-07-23,46.38
1982-07-24,45.13
1982-07-25,44.52
1982-07-26,44.33
1982-07-27,44.95
1982-07-28,44.34
1982-07-29,43.16
1982-07-30,43.8
1982-07-31,43.79
1982-08-01,42.28
1982-08-02,42.28
1982-08-03,43.94
1982-08-04,43.15
1982-08-05,41.99
1982-08-06,43.16
1982-08-07,41.8
1982-08-08,41.33
1982-08-09,40.48
1982-08-10,41.61
1982-08-11,41.32
1982-08-12,41.89
1982-08-13,42.17
1982-08-14,42.17
1982-08-15,41.95
1982-08-16,41.73
1982-08-17,41.5
1982-08-18,41.28
1982-08-19,41.06
1982-08-20,41.27
1982-08-21,40.67
1982-08-22,39.94
1982-08-23,42.79
1982-08-24,43.61
1982-08-25,44.04
1982-08-26,45.63
1982-08-27,46.56
1982-08-28,46.44
1982-08-29,47.61
1982-08-30,47.35
1982-08-31,51.24
1982-09-01,52.54
1982-09-02,57.45
1982-09-03,52.24
1982-09-04,47.82
1982-09-05,43.95
1982-09-06,41.99
1982-09-07,41.81
1982-09-08,42.2
1982-09-09,42.97
1982-09-10,41.82
1982-09-11,41.43
1982-09-12,42.2
1982-09-13,43.05
1982-09-14,45.44
1982-09-15,46.5
1982-09-16,50.23
1982-09-17,54.01
1982-09-18,51.39
1982-09-19,50.29
1982-09-20,49.0
1982-09-21,49.22
1982-09-22,49.86
1982-09-23,48.37
1982-09-24,49.41
1982-09-25,52.86
1982-09-26,62.45
1982-09-27,57.28
1982-09-28,55.04
1982-09-29,51.65
1982-09-30,46.15
1982-10-01,44.01
1982-10-02,45.93
1982-10-03,43.5
1982-10-04,56.22
1982-10-05,63.46
1982-10-06,65.66
1982-10-07,64.79
1982-10-08,60.29
1982-10-09,55.18
1982-10-10,56.86
1982-10-11,58.93
1982-10-12,59.36
1982-10-13,77.67
1982-10-14,79.91
1982-10-15,68.43
1982-10-16,67.06
1982-10-17,74.97
1982-10-18,74.65
1982-10-19,68.62
1982-10-20,66.55
1982-10-21,70.91
1982-10-22,96.41
1982-10-23,104.65
1982-10-24,149.29
1982-10-25,214.1
1982-10-26,224.75
1982-10-27,259.96
1982-10-28,232.9
1982-10-29,255.95
1982-10-30,266.1
1982-10-31,193.84
1982-11-01,152.88
1982-11-02,140.37
1982-11-03,162.26
1982-11-04,151.2
1982-11-05,136.64
1982-11-06,126.26
1982-11-07,121.4
1982-11-08,111.84
1982-11-09,108.82
1982-11-10,113.88
1982-11-11,122.06
1982-11-12,141.17
1982-11-13,160.29
1982-11-14,155.54
1982-11-15,167.4
1982-11-16,159.95
1982-11-17,228.86
1982-11-18,301.83
1982-11-19,346.05
1982-11-20,347.73
1982-11-21,280.57
1982-11-22,239.93
1982-11-23,197.46
1982-11-24,168.68
1982-11-25,178.06
1982-11-26,179.12
1982-11-27,231.12
1982-11-28,199.58
1982-11-29,174.04
1982-11-30,149.98
1982-12-01,139.67
1982-12-02,142.85
1982-12-03,127.87
1982-12-04,121.35
1982-12-05,133.21
1982-12-06,190.11
1982-12-07,198.26
1982-12-08,269.91
1982-12-09,335.77
1982-12-10,547.36
1982-12-11,502.96
1982-12-12,419.63
1982-12-13,347.31
1982-12-14,297.35
1982-12-15,294.42
1982-12-16,250.0
1982-12-17,222.86
1982-12-18,215.17
1982-12-19,191.56
1982-12-20,182.52
1982-12-21,189.41
1982-12-22,217.97
1982-12-23,291.25
1982-12-24,286.84
1982-12-25,357.19
1982-12-26,291.35
1982-12-27,273.8
1982-12-28,279.81
1982-12-29,237.15
1982-12-30,218.8
1982-12-31,195.34
1983-01-01,191.59
1983-01-02,185.1
1983-01-03,187.4
1983-01-04,219.72
1983-01-05,235.59
1983-01-06,260.98
1983-01-07,239.62
1983-01-08,305.27
1983-01-09,356.0
1983-01-10,330.72
1983-01-11,305.43
1983-01-12,304.8
1983-01-13,290.17
1983-01-14,317.17
1983-01-15,328.53
1983-01-16,343.56
1983-01-17,345.1
1983-01-18,556.54
1983-01-19,547.21
1983-01-20,534.35
1983-01-21,498.73
1983-01-22,447.13
1983-01-23,412.93
1983-01-24,425.83
1983-01-25,332.52
1983-01-26,400.71
1983-01-27,489.04
1983-01-28,339.46
1983-01-29,309.75
1983-01-30,279.29
1983-01-31,263.24
1983-02-01,257.03
1983-02-02,237.35
1983-02-03,227.24
1983-02-04,233.06
1983-02-05,204.35
1983-02-06,194.26
1983-02-07,195.48
1983-02-08,187.57
1983-02-09,180.28
1983-02-10,177.87
1983-02-11,171.7
1983-02-12,172.2
1983-02-13,174.13
1983-02-14,161.72
1983-02-15,159.87
1983-02-16,186.65
1983-02-17,182.63
1983-02-18,218.97
1983-02-19,244.29
1983-02-20,210.45
1983-02-21,197.89
1983-02-22,216.13
1983-02-23,233.29
1983-02-24,243.39
1983-02-25,217.53
1983-02-26,188.27
1983-02-27,197.08
1983-02-28,202.41
1983-03-01,194.37
1983-03-02,241.68
1983-03-03,220.58
1983-03-04,292.25
1983-03-05,406.03
1983-03-06,444.34
1983-03-07,432.16
1983-03-08,303.45
1983-03-09,310.78
1983-03-10,438.92
1983-03-11,383.33
1983-03-12,382.63
1983-03-13,416.69
1983-03-14,339.21
1983-03-15,331.27
1983-03-16,317.73
1983-03-17,448.91
1983-03-18,376.08
1983-03-19,496.61
1983-03-20,796.08
1983-03-21,590.03
1983-03-22,484.17
1983-03-23,472.77
1983-03-24,384.5
1983-03-25,330.53
1983-03-26,298.08
1983-03-27,306.3
1983-03-28,309.32
1983-03-29,313.91
1983-03-30,402.88
1983-03-31,504.44
1983-04-01,545.11
1983-04-02,533.33
1983-04-03,577.78
1983-04-04,500.23
1983-04-05,491.0
1983-04-06,404.5
1983-04-07,423.02
1983-04-08,599.04
1983-04-09,469.0
1983-04-10,398.5
1983-04-11,328.0
1983-04-12,298.25
1983-04-13,324.38
1983-04-14,351.42
1983-04-15,298.87
1983-04-16,238.19
1983-04-17,211.15
1983-04-18,193.51
1983-04-19,209.78
1983-04-20,199.25
1983-04-21,228.58
1983-04-22,236.67
1983-04-23,278.42
1983-04-24,231.79
1983-04-25,236.48
1983-04-26,262.25
1983-04-27,208.17
1983-04-28,223.08
1983-04-29,226.12
1983-04-30,199.13
1983-05-01,185.83
1983-05-02,203.85
1983-05-03,222.6
1983-05-04,217.06
1983-05-05,213.2
1983-05-06,242.66
1983-05-07,176.58
1983-05-08,162.0
1983-05-09,151.54
1983-05-10,139.99
1983-05-11,143.05
1983-05-12,170.0
1983-05-13,148.82
1983-05-14,148.0
1983-05-15,141.41
1983-05-16,140.2
1983-05-17,133.91
1983-05-18,135.68
1983-05-19,133.13
1983-05-20,140.99
1983-05-21,152.95
1983-05-22,146.59
1983-05-23,132.41
1983-05-24,127.25
1983-05-25,125.5
1983-05-26,125.75
1983-05-27,120.8
1983-05-28,119.74
1983-05-29,118.54
1983-05-30,120.61
1983-05-31,117.93
1983-06-01,112.5
1983-06-02,104.34
1983-06-03,116.16
1983-06-04,116.16
1983-06-05,113.58
1983-06-06,105.9
1983-06-07,102.78
1983-06-08,99.39
1983-06-09,97.9
1983-06-10,100.19
1983-06-11,91.25
1983-06-12,91.32
1983-06-13,91.39
1983-06-14,90.09
1983-06-15,89.43
1983-06-16,88.67
1983-06-17,91.5
1983-06-18,86.75
1983-06-19,82.29
1983-06-20,77.83
1983-06-21,74.34
1983-06-22,75.15
1983-06-23,74.08
1983-06-24,73.19
1983-06-25,70.5
1983-06-26,71.5
1983-06-27,72.51
1983-06-28,73.51
1983-06-29,74.52
1983-06-30,75.52
1983-07-01,72.26
1983-07-02,67.0
1983-07-03,65.17
1983-07-04,63.34
1983-07-05,63.57
1983-07-06,64.17
1983-07-07,64.83
1983-07-08,68.0
1983-07-09,70.75
1983-07-10,68.55
1983-07-11,66.35
1983-07-12,65.26
1983-07-13,68.39
1983-07-14,68.03
1983-07-15,67.33
1983-07-16,71.75
1983-07-17,70.29
1983-07-18,68.84
1983-07-19,65.69
1983-07-20,64.67
1983-07-21,63.0
1983-07-22,59.89
1983-07-23,62.35
1983-07-24,61.35
1983-07-25,58.67
1983-07-26,55.65
1983-07-27,54.45
1983-07-28,54.38
1983-07-29,54.31
1983-07-30,54.25
1983-07-31,54.18
1983-08-01,54.11
1983-08-02,54.04
1983-08-03,53.97
1983-08-04,53.91
1983-08-05,53.84
1983-08-06,53.77
1983-08-07,53.7
1983-08-08,53.63
1983-08-09,53.56
1983-08-10,53.5
1983-08-11,53.43
1983-08-12,53.36
1983-08-13,53.29
1983-08-14,53.22
1983-08-15,53.16
1983-08-16,53.09
1983-08-17,53.02
1983-08-18,52.95
1983-08-19,52.88
1983-08-20,52.81
1983-08-21,52.75
1983-08-22,52.67
1983-08-23,52.61
1983-08-24,52.54
1983-08-25,52.47
1983-08-26,52.41
1983-08-27,52.35
1983-08-28,52.27
1983-08-29,52.2
1983-08-30,54.98
1983-08-31,57.77
1983-09-01,60.4
1983-09-02,59.9
1983-09-03,64.63
1983-09-04,62.52
1983-09-05,60.4
1983-09-06,54.3
1983-09-07,50.18
1983-09-08,49.02
1983-09-09,48.5
1983-09-10,50.58
1983-09-11,54.33
1983-09-12,58.08
1983-09-13,61.83
1983-09-14,57.9
1983-09-15,61.57
1983-09-16,55.5
1983-09-17,51.0
1983-09-18,48.13
1983-09-19,45.27
1983-09-20,43.5
1983-09-21,42.31
1983-09-22,45.82
1983-09-23,48.13
1983-09-24,56.63
1983-09-25,57.61
1983-09-26,58.6
1983-09-27,55.8
1983-09-28,51.77
1983-09-29,50.43
1983-09-30,54.24
1983-10-01,58.65
1983-10-02,62.5
1983-10-03,66.35
1983-10-04,66.43
1983-10-05,62.62
1983-10-06,61.0
1983-10-07,59.83
1983-10-08,61.35
1983-10-09,60.99
1983-10-10,60.64
1983-10-11,61.17
1983-10-12,67.68
1983-10-13,82.83
1983-10-14,115.1
1983-10-15,96.65
1983-10-16,93.41
1983-10-17,87.17
1983-10-18,85.26
1983-10-19,82.17
1983-10-20,77.43
1983-10-21,69.67
1983-10-22,69.28
1983-10-23,66.31
1983-10-24,63.34
1983-10-25,58.67
1983-10-26,53.1
1983-10-27,58.9
1983-10-28,74.0
1983-10-29,61.39
1983-10-30,67.29
1983-10-31,73.19
1983-11-01,69.67
1983-11-02,67.76
1983-11-03,72.76
1983-11-04,89.29
1983-11-05,86.75
1983-11-06,84.79
1983-11-07,82.84
1983-11-08,78.76
1983-11-09,70.17
1983-11-10,73.19
1983-11-11,84.17
1983-11-12,83.5
1983-11-13,85.34
1983-11-14,87.18
1983-11-15,90.52
1983-11-16,76.83
1983-11-17,82.5
1983-11-18,77.67
1983-11-19,83.0
1983-11-20,89.8
1983-11-21,96.6
1983-11-22,97.67
1983-11-23,91.8
1983-11-24,89.88
1983-11-25,96.82
1983-11-26,169.0
1983-11-27,157.48
1983-11-28,145.95
1983-11-29,137.68
1983-11-30,129.43
1983-12-01,121.14
1983-12-02,112.87
1983-12-03,146.75
1983-12-04,155.08
1983-12-05,163.4
1983-12-06,175.9
1983-12-07,164.07
1983-12-08,195.0
1983-12-09,252.33
1983-12-10,294.5
1983-12-11,228.0
1983-12-12,161.5
1983-12-13,139.48
1983-12-14,127.08
1983-12-15,133.5
1983-12-16,118.5
1983-12-17,118.25
1983-12-18,128.34
1983-12-19,138.43
1983-12-20,202.5
1983-12-21,216.17
1983-12-22,213.67
1983-12-23,211.59
1983-12-24,209.51
1983-12-25,207.43
1983-12-26,205.35
1983-12-27,203.27
1983-12-28,192.0
1983-12-29,188.52
1983-12-30,182.6
1983-12-31,176.68
1984-01-01,170.77
1984-01-02,164.85
1984-01-03,158.93
1984-01-04,153.02
1984-01-05,147.1
1984-01-06,141.18
1984-01-07,135.27
1984-01-08,129.35
1984-01-09,123.43
1984-01-10,117.52
1984-01-11,111.6
1984-01-12,105.68
1984-01-13,99.77
1984-01-14,93.85
1984-01-15,87.94
1984-01-16,82.02
1984-01-17,92.91
1984-01-18,95.16
1984-01-19,92.48
1984-01-20,156.94
1984-01-21,148.28
1984-01-22,148.4
1984-01-23,145.42
1984-01-24,171.92
1984-01-25,190.4
1984-01-26,192.58
1984-01-27,190.63
1984-01-28,159.75
1984-01-29,146.45
1984-01-30,156.08
1984-01-31,149.26
1984-02-01,172.43
1984-02-02,227.4
1984-02-03,356.14
1984-02-04,450.06
1984-02-05,534.29
1984-02-06,557.87
1984-02-07,651.91
1984-02-08,701.44
1984-02-09,750.37
1984-02-10,819.44
1984-02-11,721.51
1984-02-12,618.77
1984-02-13,625.24
1984-02-14,734.01
1984-02-15,798.84
1984-02-16,752.77
1984-02-17,734.48
1984-02-18,807.09
1984-02-19,1016.07
1984-02-20,1225.05
1984-02-21,792.59
1984-02-22,751.43
1984-02-23,760.27
1984-02-24,657.7
1984-02-25,684.96
1984-02-26,756.35
1984-02-27,1152.67
1984-02-28,954.02
1984-02-29,855.16
1984-03-01,829.53
1984-03-02,951.19
1984-03-03,955.93
1984-03-04,714.23
1984-03-05,569.21
1984-03-06,471.89
1984-03-07,501.98
1984-03-08,692.11
1984-03-09,672.04
1984-03-10,636.7
1984-03-11,665.53
1984-03-12,670.16
1984-03-13,678.32
1984-03-14,552.83
1984-03-15,551.63
1984-03-16,491.68
1984-03-17,407.4
1984-03-18,329.28
1984-03-19,284.24
1984-03-20,279.41
1984-03-21,324.77
1984-03-22,366.33
1984-03-23,425.86
1984-03-24,758.61
1984-03-25,772.38
1984-03-26,821.7
1984-03-27,756.79
1984-03-28,679.11
1984-03-29,627.75
1984-03-30,604.97
1984-03-31,555.19
1984-04-01,951.87
1984-04-02,963.16
1984-04-03,803.6
1984-04-04,644.05
1984-04-05,568.29
1984-04-06,492.53
1984-04-07,416.77
1984-04-08,372.82
1984-04-09,348.62
1984-04-10,329.65
1984-04-11,276.21
1984-04-12,252.93
1984-04-13,245.22
1984-04-14,240.56
1984-04-15,248.49
1984-04-16,256.42
1984-04-17,249.87
1984-04-18,244.48
1984-04-19,215.18
1984-04-20,212.98
1984-04-21,210.78
1984-04-22,200.44
1984-04-23,190.1
1984-04-24,184.03
1984-04-25,207.35
1984-04-26,194.19
1984-04-27,207.01
1984-04-28,213.67
1984-04-29,221.96
1984-04-30,230.24
1984-05-01,222.71
1984-05-02,215.18
1984-05-03,191.11
1984-05-04,194.01
1984-05-05,207.61
1984-05-06,192.98
1984-05-07,178.35
1984-05-08,161.15
1984-05-09,197.5
1984-05-10,233.85
1984-05-11,270.19
1984-05-12,253.22
1984-05-13,224.54
1984-05-14,195.86
1984-05-15,181.27
1984-05-16,171.17
1984-05-17,158.97
1984-05-18,149.5
1984-05-19,140.85
1984-05-20,140.62
1984-05-21,140.39
1984-05-22,139.48
1984-05-23,141.46
1984-05-24,133.13
1984-05-25,127.68
1984-05-26,130.63
1984-05-27,127.79
1984-05-28,124.95
1984-05-29,123.59
1984-05-30,122.23
1984-05-31,119.77
1984-06-01,119.14
1984-06-02,119.07
1984-06-03,117.03
1984-06-04,114.98
1984-06-05,115.69
1984-06-06,112.87
1984-06-07,111.93
1984-06-08,110.99
1984-06-09,110.06
1984-06-10,112.52
1984-06-11,114.98
1984-06-12,108.65
1984-06-13,102.32
1984-06-14,98.93
1984-06-15,98.18
1984-06-16,95.54
1984-06-17,89.59
1984-06-18,83.64
1984-06-19,80.43
1984-06-20,79.77
1984-06-21,72.34
1984-06-22,76.29
1984-06-23,74.03
1984-06-24,72.06
1984-06-25,70.08
1984-06-26,70.08
1984-06-27,70.65
1984-06-28,68.39
1984-06-29,67.69
1984-06-30,66.98
1984-07-01,66.28
1984-07-02,65.57
1984-07-03,67.83
1984-07-04,68.96
1984-07-05,67.83
1984-07-06,65.01
1984-07-07,69.0
1984-07-08,74.6
1984-07-09,75.73
1984-07-10,70.65
1984-07-11,67.83
1984-07-12,66.7
1984-07-13,65.57
1984-07-14,64.44
1984-07-15,64.2
1984-07-16,63.96
1984-07-17,60.13
1984-07-18,56.45
1984-07-19,50.68
1984-07-20,53.83
1984-07-21,51.73
1984-07-22,45.49
1984-07-23,39.26
1984-07-24,53.83
1984-07-25,51.73
1984-07-26,51.2
1984-07-27,48.05
1984-07-28,45.98
1984-07-29,43.91
1984-07-30,41.84
1984-07-31,39.26
1984-08-01,46.43
1984-08-02,47.25
1984-08-03,48.08
1984-08-04,48.9
1984-08-05,48.05
1984-08-06,49.32
1984-08-07,51.2
1984-08-08,49.32
1984-08-09,46.55
1984-08-10,49.73
1984-08-11,49.36
1984-08-12,45.61
1984-08-13,41.85
1984-08-14,42.75
1984-08-15,43.14
1984-08-16,43.13
1984-08-17,43.12
1984-08-18,43.11
1984-08-19,43.1
1984-08-20,43.09
1984-08-21,43.08
1984-08-22,43.07
1984-08-23,43.06
1984-08-24,43.03
1984-08-25,43.02
1984-08-26,43.01
1984-08-27,43.0
1984-08-28,42.99
1984-08-29,42.98
1984-08-30,42.97
1984-08-31,42.96
1984-09-01,42.94
1984-09-02,42.93
1984-09-03,42.93
1984-09-04,44.03
1984-09-05,41.87
1984-09-06,41.62
1984-09-07,39.69
1984-09-08,40.12
1984-09-09,39.69
1984-09-10,45.48
1984-09-11,41.19
1984-09-12,39.61
1984-09-13,39.69
1984-09-14,38.83
1984-09-15,40.26
1984-09-16,41.34
1984-09-17,42.42
1984-09-18,43.49
1984-09-19,44.57
1984-09-20,45.65
1984-09-21,46.73
1984-09-22,47.8
1984-09-23,48.88
1984-09-24,49.95
1984-09-25,51.04
1984-09-26,52.11
1984-09-27,53.19
1984-09-28,54.27
1984-09-29,55.35
1984-09-30,56.42
1984-10-01,57.5
1984-10-02,55.4
1984-10-03,54.88
1984-10-04,50.89
1984-10-05,55.09
1984-10-06,54.09
1984-10-07,64.82
1984-10-08,75.55
1984-10-09,86.28
1984-10-10,116.66
1984-10-11,98.93
1984-10-12,89.59
1984-10-13,79.97
1984-10-14,82.13
1984-10-15,84.3
1984-10-16,97.11
1984-10-17,120.98
1984-10-18,123.15
1984-10-19,144.81
1984-10-20,168.89
1984-10-21,165.94
1984-10-22,163.0
1984-10-23,160.05
1984-10-24,157.1
1984-10-25,154.16
1984-10-26,139.19
1984-10-27,153.81
1984-10-28,128.58
1984-10-29,121.44
1984-10-30,104.82
1984-10-31,97.82
1984-11-01,90.83
1984-11-02,83.83
1984-11-03,76.85
1984-11-04,78.93
1984-11-05,62.83
1984-11-06,58.55
1984-11-07,54.88
1984-11-08,53.83
1984-11-09,50.68
1984-11-10,54.09
1984-11-11,52.23
1984-11-12,50.37
1984-11-13,49.59
1984-11-14,52.99
1984-11-15,49.32
1984-11-16,51.73
1984-11-17,50.48
1984-11-18,58.91
1984-11-19,67.34
1984-11-20,70.08
1984-11-21,69.0
1984-11-22,88.93
1984-11-23,76.38
1984-11-24,69.52
1984-11-25,82.26
1984-11-26,95.0
1984-11-27,147.73
1984-11-28,169.77
1984-11-29,179.83
1984-11-30,166.98
1984-12-01,251.87
1984-12-02,238.18
1984-12-03,224.49
1984-12-04,210.8
1984-12-05,197.11
1984-12-06,182.01
1984-12-07,174.81
1984-12-08,229.66
1984-12-09,191.75
1984-12-10,164.7
1984-12-11,161.15
1984-12-12,129.49
1984-12-13,119.97
1984-12-14,114.16
1984-12-15,110.5
1984-12-16,112.06
1984-12-17,106.85
1984-12-18,101.77
1984-12-19,106.82
1984-12-20,102.83
1984-12-21,105.5
1984-12-22,108.16
1984-12-23,110.83
1984-12-24,113.5
1984-12-25,116.17
1984-12-26,118.84
1984-12-27,110.5
1984-12-28,111.46
1984-12-29,114.37
1984-12-30,115.28
1984-12-31,108.79
1985-01-01,163.84
1985-01-02,163.85
1985-01-03,148.04
1985-01-04,146.55
1985-01-05,142.71
1985-01-06,152.11
1985-01-07,145.28
1985-01-08,164.2
1985-01-09,180.29
1985-01-10,179.43
1985-01-11,178.2
1985-01-12,164.51
1985-01-13,152.11
1985-01-14,151.48
1985-01-15,156.59
1985-01-16,183.2
1985-01-17,166.27
1985-01-18,157.35
1985-01-19,148.74
1985-01-20,139.35
1985-01-21,133.73
1985-01-22,127.56
1985-01-23,118.82
1985-01-24,111.84
1985-01-25,107.97
1985-01-26,107.29
1985-01-27,119.41
1985-01-28,110.3
1985-01-29,97.89
1985-01-30,95.97
1985-01-31,101.4
1985-02-01,98.6
1985-02-02,100.51
1985-02-03,100.03
1985-02-04,95.34
1985-02-05,88.95
1985-02-06,84.93
1985-02-07,86.74
1985-02-08,80.15
1985-02-09,77.16
1985-02-10,117.3
1985-02-11,129.78
1985-02-12,133.46
1985-02-13,140.55
1985-02-14,160.75
1985-02-15,237.09
1985-02-16,248.22
1985-02-17,232.43
1985-02-18,200.76
1985-02-19,171.77
1985-02-20,180.39
1985-02-21,189.59
1985-02-22,186.67
1985-02-23,184.84
1985-02-24,223.58
1985-02-25,228.1
1985-02-26,227.61
1985-02-27,209.71
1985-02-28,223.19
1985-03-01,192.15
1985-03-02,189.23
1985-03-03,191.42
1985-03-04,180.45
1985-03-05,160.81
1985-03-06,156.92
1985-03-07,156.05
1985-03-08,185.18
1985-03-09,195.14
1985-03-10,160.99
1985-03-11,192.56
1985-03-12,204.36
1985-03-13,263.36
1985-03-14,270.19
1985-03-15,248.39
1985-03-16,246.0
1985-03-17,229.65
1985-03-18,202.63
1985-03-19,177.11
1985-03-20,150.96
1985-03-21,145.28
1985-03-22,134.03
1985-03-23,126.75
1985-03-24,116.12
1985-03-25,115.05
1985-03-26,105.43
1985-03-27,112.68
1985-03-28,114.63
1985-03-29,127.47
1985-03-30,153.19
1985-03-31,141.89
1985-04-01,241.18
1985-04-02,273.62
1985-04-03,338.11
1985-04-04,396.0
1985-04-05,370.43
1985-04-06,256.0
1985-04-07,200.82
1985-04-08,180.57
1985-04-09,183.16
1985-04-10,178.78
1985-04-11,159.72
1985-04-12,166.59
1985-04-13,150.97
1985-04-14,163.37
1985-04-15,144.44
1985-04-16,146.19
1985-04-17,122.39
1985-04-18,120.43
1985-04-19,121.07
1985-04-20,139.2
1985-04-21,143.21
1985-04-22,149.05
1985-04-23,137.13
1985-04-24,119.93
1985-04-25,110.65
1985-04-26,105.16
1985-04-27,110.18
1985-04-28,104.77
1985-04-29,98.6
1985-04-30,102.8
1985-05-01,103.07
1985-05-02,91.64
1985-05-03,85.13
1985-05-04,79.65
1985-05-05,76.68
1985-05-06,74.95
1985-05-07,73.27
1985-05-08,61.86
1985-05-09,67.83
1985-05-10,71.24
1985-05-11,71.81
1985-05-12,80.01
1985-05-13,123.32
1985-05-14,98.96
1985-05-15,89.78
1985-05-16,88.15
1985-05-17,93.51
1985-05-18,98.23
1985-05-19,96.04
1985-05-20,99.84
1985-05-21,101.87
1985-05-22,103.28
1985-05-23,88.62
1985-05-24,81.42
1985-05-25,79.42
1985-05-26,75.1
1985-05-27,73.68
1985-05-28,65.79
1985-05-29,68.06
1985-05-30,64.79
1985-05-31,61.47
1985-06-01,64.32
1985-06-02,62.53
1985-06-03,63.19
1985-06-04,57.95
1985-06-05,58.52
1985-06-06,57.88
1985-06-07,58.1
1985-06-08,54.07
1985-06-09,50.63
1985-06-10,54.48
1985-06-11,47.59
1985-06-12,45.58
1985-06-13,46.46
1985-06-14,44.79
1985-06-15,44.09
1985-06-16,42.76
1985-06-17,42.04
1985-06-18,41.23
1985-06-19,39.73
1985-06-20,40.71
1985-06-21,39.29
1985-06-22,39.35
1985-06-23,38.53
1985-06-24,39.49
1985-06-25,39.1
1985-06-26,37.66
1985-06-27,36.69
1985-06-28,37.5
1985-06-29,37.14
1985-06-30,38.21
1985-07-01,36.76
1985-07-02,36.82
1985-07-03,37.55
1985-07-04,36.57
1985-07-05,36.2
1985-07-06,36.15
1985-07-07,37.06
1985-07-08,38.12
1985-07-09,40.3
1985-07-10,39.95
1985-07-11,37.21
1985-07-12,34.62
1985-07-13,33.05
1985-07-14,35.35
1985-07-15,35.81
1985-07-16,36.06
1985-07-17,36.69
1985-07-18,35.05
1985-07-19,33.66
1985-07-20,33.4
1985-07-21,33.58
1985-07-22,34.19
1985-07-23,34.01
1985-07-24,33.75
1985-07-25,33.92
1985-07-26,33.49
1985-07-27,33.14
1985-07-28,31.92
1985-07-29,33.58
1985-07-30,32.09
1985-07-31,32.88
1985-08-01,33.92
1985-08-02,33.4
1985-08-03,33.31
1985-08-04,34.1
1985-08-05,33.66
1985-08-06,33.23
1985-08-07,34.1
1985-08-08,34.74
1985-08-09,34.53
1985-08-10,33.75
1985-08-11,33.58
1985-08-12,33.75
1985-08-13,34.1
1985-08-14,33.84
1985-08-15,34.01
1985-08-16,33.75
1985-08-17,34.27
1985-08-18,34.64
1985-08-19,35.25
1985-08-20,35.14
1985-08-21,37.73
1985-08-22,39.17
1985-08-23,35.88
1985-08-24,34.1
1985-08-25,33.66
1985-08-26,33.84
1985-08-27,33.92
1985-08-28,34.01
1985-08-29,34.44
1985-08-30,35.14
1985-08-31,33.49
1985-09-01,33.58
1985-09-02,33.23
1985-09-03,33.58
1985-09-04,36.14
1985-09-05,36.01
1985-09-06,33.57
1985-09-07,33.14
1985-09-08,34.59
1985-09-09,36.03
1985-09-10,36.25
1985-09-11,36.64
1985-09-12,35.17
1985-09-13,35.39
1985-09-14,34.71
1985-09-15,34.87
1985-09-16,48.95
1985-09-17,48.53
1985-09-18,46.12
1985-09-19,61.04
1985-09-20,78.19
1985-09-21,81.05
1985-09-22,88.38
1985-09-23,78.32
1985-09-24,72.8
1985-09-25,79.95
1985-09-26,91.3
1985-09-27,78.96
1985-09-28,70.24
1985-09-29,60.28
1985-09-30,59.55
1985-10-01,59.3
1985-10-02,55.75
1985-10-03,53.2
1985-10-04,60.75
1985-10-05,71.11
1985-10-06,60.62
1985-10-07,52.97
1985-10-08,52.17
1985-10-09,50.99
1985-10-10,57.89
1985-10-11,54.25
1985-10-12,56.91
1985-10-13,59.46
1985-10-14,63.7
1985-10-15,58.01
1985-10-16,52.84
1985-10-17,48.98
1985-10-18,49.81
1985-10-19,49.27
1985-10-20,49.83
1985-10-21,47.05
1985-10-22,49.45
1985-10-23,49.55
1985-10-24,46.83
1985-10-25,43.68
1985-10-26,48.73
1985-10-27,48.04
1985-10-28,51.05
1985-10-29,49.28
1985-10-30,49.07
1985-10-31,49.07
1985-11-01,54.47
1985-11-02,54.46
1985-11-03,51.93
1985-11-04,53.63
1985-11-05,53.5
1985-11-06,50.31
1985-11-07,54.42
1985-11-08,51.63
1985-11-09,57.8
1985-11-10,57.18
1985-11-11,54.25
1985-11-12,67.39
1985-11-13,68.06
1985-11-14,62.44
1985-11-15,76.08
1985-11-16,96.54
1985-11-17,94.73
1985-11-18,84.01
1985-11-19,74.82
1985-11-20,71.84
1985-11-21,68.66
1985-11-22,67.26
1985-11-23,59.75
1985-11-24,64.44
1985-11-25,54.19
1985-11-26,55.42
1985-11-27,54.83
1985-11-28,56.35
1985-11-29,55.93
1985-11-30,55.45
1985-12-01,65.28
1985-12-02,68.44
1985-12-03,67.93
1985-12-04,63.37
1985-12-05,58.02
1985-12-06,61.88
1985-12-07,60.29
1985-12-08,60.91
1985-12-09,63.22
1985-12-10,71.06
1985-12-11,69.87
1985-12-12,66.63
1985-12-13,61.7
1985-12-14,61.95
1985-12-15,84.59
1985-12-16,84.2
1985-12-17,76.53
1985-12-18,79.17
1985-12-19,96.89
1985-12-20,91.64
1985-12-21,148.53
1985-12-22,134.89
1985-12-23,114.83
1985-12-24,99.72
1985-12-25,105.49
1985-12-26,130.92
1985-12-27,172.33
1985-12-28,145.95
1985-12-29,124.96
1985-12-30,102.09
1985-12-31,91.88
1986-01-01,83.11
1986-01-02,84.5
1986-01-03,79.49
1986-01-04,87.41
1986-01-05,101.31
1986-01-06,131.34
1986-01-07,163.07
1986-01-08,151.08
1986-01-09,142.08
1986-01-10,147.43
1986-01-11,154.98
1986-01-12,147.36
1986-01-13,161.11
1986-01-14,161.98
1986-01-15,174.94
1986-01-16,185.73
1986-01-17,159.25
1986-01-18,134.7
1986-01-19,120.49
1986-01-20,116.7
1986-01-21,142.93
1986-01-22,181.57
1986-01-23,226.56
1986-01-24,192.57
1986-01-25,247.03
1986-01-26,233.84
1986-01-27,227.73
1986-01-28,311.64
1986-01-29,334.81
1986-01-30,312.91
1986-01-31,302.92
1986-02-01,240.12
1986-02-02,200.69
1986-02-03,180.07
1986-02-04,156.85
1986-02-05,136.88
1986-02-06,125.73
1986-02-07,117.06
1986-02-08,113.02
1986-02-09,106.32
1986-02-10,94.55
1986-02-11,88.38
1986-02-12,88.97
1986-02-13,93.92
1986-02-14,109.09
1986-02-15,166.39
1986-02-16,186.05
1986-02-17,150.49
1986-02-18,122.62
1986-02-19,107.66
1986-02-20,96.09
1986-02-21,85.94
1986-02-22,103.55
1986-02-23,134.47
1986-02-24,172.41
1986-02-25,230.73
1986-02-26,364.01
1986-02-27,401.58
1986-02-28,463.32
1986-03-01,440.09
1986-03-02,334.79
1986-03-03,255.04
1986-03-04,227.56
1986-03-05,244.23
1986-03-06,231.69
1986-03-07,219.44
1986-03-08,206.28
1986-03-09,182.06
1986-03-10,159.78
1986-03-11,134.44
1986-03-12,117.41
1986-03-13,109.29
1986-03-14,110.5
1986-03-15,139.41
1986-03-16,151.72
1986-03-17,132.61
1986-03-18,114.7
1986-03-19,115.4
1986-03-20,138.31
1986-03-21,152.78
1986-03-22,175.92
1986-03-23,214.69
1986-03-24,205.57
1986-03-25,187.08
1986-03-26,248.12
1986-03-27,236.03
1986-03-28,273.62
1986-03-29,212.21
1986-03-30,219.11
1986-03-31,252.85
1986-04-01,228.48
1986-04-02,264.76
1986-04-03,294.42
1986-04-04,300.7
1986-04-05,269.89
1986-04-06,416.96
1986-04-07,435.24
1986-04-08,365.89
1986-04-09,376.84
1986-04-10,360.14
1986-04-11,293.33
1986-04-12,259.22
1986-04-13,226.28
1986-04-14,225.12
1986-04-15,214.28
1986-04-16,232.53
1986-04-17,278.17
1986-04-18,270.64
1986-04-19,318.72
1986-04-20,332.53
1986-04-21,278.68
1986-04-22,246.31
1986-04-23,230.31
1986-04-24,214.12
1986-04-25,197.81
1986-04-26,185.12
1986-04-27,183.87
1986-04-28,206.55
1986-04-29,198.94
1986-04-30,171.1
1986-05-01,177.46
1986-05-02,186.04
1986-05-03,182.68
1986-05-04,176.23
1986-05-05,164.44
1986-05-06,157.75
1986-05-07,137.3
1986-05-08,121.79
1986-05-09,120.44
1986-05-10,111.65
1986-05-11,107.89
1986-05-12,113.86
1986-05-13,101.78
1986-05-14,95.23
1986-05-15,95.11
1986-05-16,91.59
1986-05-17,87.26
1986-05-18,84.86
1986-05-19,85.23
1986-05-20,80.72
1986-05-21,79.22
1986-05-22,76.76
1986-05-23,74.92
1986-05-24,76.15
1986-05-25,77.24
1986-05-26,74.56
1986-05-27,69.52
1986-05-28,71.41
1986-05-29,69.24
1986-05-30,66.85
1986-05-31,66.37
1986-06-01,67.08
1986-06-02,65.21
1986-06-03,63.1
1986-06-04,62.17
1986-06-05,60.56
1986-06-06,61.03
1986-06-07,58.48
1986-06-08,60.07
1986-06-09,59.84
1986-06-10,57.54
1986-06-11,58.48
1986-06-12,55.5
1986-06-13,55.77
1986-06-14,54.82
1986-06-15,57.66
1986-06-16,55.2
1986-06-17,54.39
1986-06-18,52.6
1986-06-19,53.97
1986-06-20,50.59
1986-06-21,47.45
1986-06-22,46.24
1986-06-23,47.74
1986-06-24,51.07
1986-06-25,49.6
1986-06-26,47.63
1986-06-27,46.0
1986-06-28,45.36
1986-06-29,45.37
1986-06-30,47.14
1986-07-01,45.68
1986-07-02,45.8
1986-07-03,45.18
1986-07-04,45.58
1986-07-05,45.37
1986-07-06,43.77
1986-07-07,42.18
1986-07-08,41.54
1986-07-09,40.94
1986-07-10,44.95
1986-07-11,43.04
1986-07-12,40.72
1986-07-13,40.93
1986-07-14,41.34
1986-07-15,42.17
1986-07-16,50.3
1986-07-17,47.33
1986-07-18,44.11
1986-07-19,41.23
1986-07-20,39.67
1986-07-21,39.98
1986-07-22,39.47
1986-07-23,37.51
1986-07-24,38.75
1986-07-25,37.61
1986-07-26,33.8
1986-07-27,34.48
1986-07-28,32.61
1986-07-29,33.0
1986-07-30,33.31
1986-07-31,31.51
1986-08-01,31.82
1986-08-02,32.02
1986-08-03,31.22
1986-08-04,31.81
1986-08-05,33.28
1986-08-06,34.18
1986-08-07,33.88
1986-08-08,34.18
1986-08-09,33.19
1986-08-10,32.99
1986-08-11,34.78
1986-08-12,41.35
1986-08-13,41.34
1986-08-14,42.17
1986-08-15,43.02
1986-08-16,42.82
1986-08-17,43.44
1986-08-18,41.55
1986-08-19,39.67
1986-08-20,39.67
1986-08-21,42.18
1986-08-22,42.18
1986-08-23,40.3
1986-08-24,38.45
1986-08-25,40.3
1986-08-26,38.45
1986-08-27,42.82
1986-08-28,41.55
1986-08-29,38.45
1986-08-30,42.81
1986-08-31,39.05
1986-09-01,32.94
1986-09-02,35.99
1986-09-03,36.39
1986-09-04,34.38
1986-09-05,33.98
1986-09-06,33.68
1986-09-07,39.67
1986-09-08,37.64
1986-09-09,33.58
1986-09-10,34.38
1986-09-11,32.4
1986-09-12,35.1
1986-09-13,37.58
1986-09-14,37.64
1986-09-15,37.61
1986-09-16,38.04
1986-09-17,38.85
1986-09-18,37.11
1986-09-19,35.6
1986-09-20,36.01
1986-09-21,43.15
1986-09-22,54.28
1986-09-23,50.95
1986-09-24,48.23
1986-09-25,45.61
1986-09-26,42.29
1986-09-27,43.66
1986-09-28,44.77
1986-09-29,49.81
1986-09-30,50.96
1986-10-01,56.31
1986-10-02,55.87
1986-10-03,54.17
1986-10-04,54.75
1986-10-05,47.97
1986-10-06,50.48
1986-10-07,55.37
1986-10-08,56.04
1986-10-09,60.17
1986-10-10,53.57
1986-10-11,49.08
1986-10-12,46.02
1986-10-13,53.03
1986-10-14,50.39
1986-10-15,51.06
1986-10-16,54.21
1986-10-17,55.15
1986-10-18,61.01
1986-10-19,61.04
1986-10-20,59.9
1986-10-21,59.63
1986-10-22,60.57
1986-10-23,61.05
1986-10-24,65.76
1986-10-25,69.97
1986-10-26,66.48
1986-10-27,59.84
1986-10-28,56.48
1986-10-29,61.78
1986-10-30,61.74
1986-10-31,58.32
1986-11-01,54.62
1986-11-02,53.86
1986-11-03,60.41
1986-11-04,67.32
1986-11-05,88.21
1986-11-06,110.85
1986-11-07,101.78
1986-11-08,100.41
1986-11-09,126.76
1986-11-10,114.22
1986-11-11,102.16
1986-11-12,96.41
1986-11-13,86.37
1986-11-14,79.86
1986-11-15,72.21
1986-11-16,69.23
1986-11-17,67.33
1986-11-18,64.96
1986-11-19,79.99
1986-11-20,86.5
1986-11-21,84.97
1986-11-22,92.12
1986-11-23,80.96
1986-11-24,71.15
1986-11-25,70.8
1986-11-26,75.43
1986-11-27,77.03
1986-11-28,82.02
1986-11-29,82.24
1986-11-30,88.57
1986-12-01,89.23
1986-12-02,88.33
1986-12-03,92.64
1986-12-04,91.22
1986-12-05,85.5
1986-12-06,78.87
1986-12-07,78.64
1986-12-08,78.71
1986-12-09,80.4
1986-12-10,88.59
1986-12-11,103.27
1986-12-12,127.41
1986-12-13,202.33
1986-12-14,175.7
1986-12-15,177.14
1986-12-16,143.65
1986-12-17,122.51
1986-12-18,109.78
1986-12-19,103.08
1986-12-20,105.63
1986-12-21,107.61
1986-12-22,132.29
1986-12-23,159.41
1986-12-24,147.05
1986-12-25,147.33
1986-12-26,152.78
1986-12-27,176.61
1986-12-28,197.63
1986-12-29,221.71
1986-12-30,213.74
1986-12-31,201.46
1987-01-01,243.74
1987-01-02,298.22
1987-01-03,297.07
1987-01-04,306.09
1987-01-05,307.61
1987-01-06,303.33
1987-01-07,327.2
1987-01-08,259.05
1987-01-09,208.91
1987-01-10,187.68
1987-01-11,212.77
1987-01-12,272.27
1987-01-13,224.79
1987-01-14,203.65
1987-01-15,181.98
1987-01-16,223.8
1987-01-17,231.36
1987-01-18,245.24
1987-01-19,235.12
1987-01-20,287.5
1987-01-21,308.21
1987-01-22,349.22
1987-01-23,415.22
1987-01-24,505.15
1987-01-25,406.23
1987-01-26,433.02
1987-01-27,459.18
1987-01-28,436.43
1987-01-29,387.15
1987-01-30,315.99
1987-01-31,276.0
1987-02-01,265.55
1987-02-02,227.33
1987-02-03,214.44
1987-02-04,230.42
1987-02-05,257.0
1987-02-06,314.55
1987-02-07,409.51
1987-02-08,371.27
1987-02-09,351.64
1987-02-10,348.69
1987-02-11,315.78
1987-02-12,319.53
1987-02-13,401.72
1987-02-14,457.53
1987-02-15,493.65
1987-02-16,370.89
1987-02-17,299.16
1987-02-18,274.64
1987-02-19,278.72
1987-02-20,268.93
1987-02-21,294.75
1987-02-22,252.44
1987-02-23,250.51
1987-02-24,207.53
1987-02-25,188.23
1987-02-26,173.75
1987-02-27,175.35
1987-02-28,182.5
1987-03-01,188.77
1987-03-02,264.18
1987-03-03,197.17
1987-03-04,184.04
1987-03-05,166.7
1987-03-06,196.05
1987-03-07,262.88
1987-03-08,445.23
1987-03-09,417.74
1987-03-10,350.5
1987-03-11,289.33
1987-03-12,252.8
1987-03-13,230.6
1987-03-14,218.42
1987-03-15,209.17
1987-03-16,220.82
1987-03-17,242.74
1987-03-18,197.79
1987-03-19,167.13
1987-03-20,149.7
1987-03-21,141.29
1987-03-22,151.36
1987-03-23,148.88
1987-03-24,154.91
1987-03-25,151.4
1987-03-26,156.68
1987-03-27,213.42
1987-03-28,215.72
1987-03-29,196.13
1987-03-30,157.4
1987-03-31,138.78
1987-04-01,160.95
1987-04-02,158.95
1987-04-03,172.92
1987-04-04,179.39
1987-04-05,179.69
1987-04-06,158.47
1987-04-07,153.2
1987-04-08,138.95
1987-04-09,131.31
1987-04-10,138.3
1987-04-11,137.66
1987-04-12,135.13
1987-04-13,132.58
1987-04-14,138.97
1987-04-15,136.39
1987-04-16,186.26
1987-04-17,189.68
1987-04-18,193.11
1987-04-19,162.46
1987-04-20,150.59
1987-04-21,151.93
1987-04-22,149.94
1987-04-23,238.74
1987-04-24,205.7
1987-04-25,173.84
1987-04-26,157.84
1987-04-27,144.09
1987-04-28,138.3
1987-04-29,137.09
1987-04-30,139.6
1987-05-01,156.75
1987-05-02,173.91
1987-05-03,178.63
1987-05-04,174.89
1987-05-05,171.14
1987-05-06,155.84
1987-05-07,146.03
1987-05-08,156.49
1987-05-09,149.92
1987-05-10,142.79
1987-05-11,136.38
1987-05-12,116.39
1987-05-13,106.69
1987-05-14,101.91
1987-05-15,100.74
1987-05-16,95.45
1987-05-17,97.2
1987-05-18,94.86
1987-05-19,89.67
1987-05-20,90.23
1987-05-21,87.94
1987-05-22,86.79
1987-05-23,85.09
1987-05-24,83.95
1987-05-25,85.08
1987-05-26,85.65
1987-05-27,81.71
1987-05-28,75.06
1987-05-29,73.94
1987-05-30,71.21
1987-05-31,72.57
1987-06-01,60.13
1987-06-02,62.66
1987-06-03,63.01
1987-06-04,61.91
1987-06-05,58.82
1987-06-06,60.48
1987-06-07,59.64
1987-06-08,58.71
1987-06-09,55.5
1987-06-10,58.82
1987-06-11,56.21
1987-06-12,56.53
1987-06-13,55.38
1987-06-14,56.22
1987-06-15,56.05
1987-06-16,55.27
1987-06-17,52.9
1987-06-18,54.08
1987-06-19,51.7
1987-06-20,51.46
1987-06-21,50.75
1987-06-22,52.25
1987-06-23,54.79
1987-06-24,52.42
1987-06-25,49.55
1987-06-26,55.27
1987-06-27,49.81
1987-06-28,48.61
1987-06-29,47.89
1987-06-30,48.37
1987-07-01,47.01
1987-07-02,46.06
1987-07-03,47.65
1987-07-04,53.84
1987-07-05,47.01
1987-07-06,45.42
1987-07-07,44.78
1987-07-08,43.82
1987-07-09,44.46
1987-07-10,43.82
1987-07-11,44.78
1987-07-12,44.14
1987-07-13,45.1
1987-07-14,44.14
1987-07-15,43.82
1987-07-16,44.14
1987-07-17,47.01
1987-07-18,44.46
1987-07-19,43.82
1987-07-20,42.55
1987-07-21,45.1
1987-07-22,46.7
1987-07-23,51.46
1987-07-24,49.25
1987-07-25,49.72
1987-07-26,51.15
1987-07-27,48.45
1987-07-28,47.7
1987-07-29,46.96
1987-07-30,46.21
1987-07-31,44.78
1987-08-01,41.67
1987-08-02,45.15
1987-08-03,48.63
1987-08-04,43.78
1987-08-05,42.53
1987-08-06,41.28
1987-08-07,40.04
1987-08-08,38.24
1987-08-09,38.81
1987-08-10,39.37
1987-08-11,39.3
1987-08-12,41.41
1987-08-13,41.64
1987-08-14,38.41
1987-08-15,40.98
1987-08-16,40.89
1987-08-17,40.82
1987-08-18,41.8
1987-08-19,39.26
1987-08-20,39.09
1987-08-21,41.32
1987-08-22,41.25
1987-08-23,41.11
1987-08-24,40.96
1987-08-25,40.81
1987-08-26,40.66
1987-08-27,40.51
1987-08-28,40.86
1987-08-29,41.33
1987-08-30,43.92
1987-08-31,46.5
1987-09-01,45.42
1987-09-02,41.69
1987-09-03,41.26
1987-09-04,44.3
1987-09-05,57.94
1987-09-06,49.08
1987-09-07,46.06
1987-09-08,50.51
1987-09-09,55.94
1987-09-10,66.29
1987-09-11,62.14
1987-09-12,48.54
1987-09-13,46.41
1987-09-14,45.02
1987-09-15,45.5
1987-09-16,43.82
1987-09-17,41.67
1987-09-18,42.22
1987-09-19,39.47
1987-09-20,40.67
1987-09-21,43.34
1987-09-22,38.15
1987-09-23,36.23
1987-09-24,53.51
1987-09-25,50.19
1987-09-26,61.59
1987-09-27,62.96
1987-09-28,60.01
1987-09-29,58.21
1987-09-30,48.21
1987-10-01,51.15
1987-10-02,51.79
1987-10-03,49.24
1987-10-04,54.47
1987-10-05,52.26
1987-10-06,51.31
1987-10-07,50.51
1987-10-08,47.17
1987-10-09,46.06
1987-10-10,48.13
1987-10-11,50.99
1987-10-12,54.24
1987-10-13,59.24
1987-10-14,61.43
1987-10-15,66.66
1987-10-16,65.83
1987-10-17,86.2
1987-10-18,73.34
1987-10-19,61.91
1987-10-20,69.32
1987-10-21,70.46
1987-10-22,68.88
1987-10-23,66.49
1987-10-24,68.96
1987-10-25,73.89
1987-10-26,69.9
1987-10-27,74.95
1987-10-28,75.03
1987-10-29,74.15
1987-10-30,79.88
1987-10-31,60.48
1987-11-01,81.7
1987-11-02,79.13
1987-11-03,77.63
1987-11-04,73.52
1987-11-05,67.2
1987-11-06,71.49
1987-11-07,70.37
1987-11-08,82.11
1987-11-09,85.17
1987-11-10,83.14
1987-11-11,94.98
1987-11-12,90.31
1987-11-13,92.51
1987-11-14,110.15
1987-11-15,125.26
1987-11-16,148.2
1987-11-17,143.33
1987-11-18,138.3
1987-11-19,151.89
1987-11-20,212.06
1987-11-21,169.16
1987-11-22,161.8
1987-11-23,151.28
1987-11-24,128.8
1987-11-25,151.23
1987-11-26,135.46
1987-11-27,116.41
1987-11-28,111.51
1987-11-29,115.79
1987-11-30,107.9
1987-12-01,110.3
1987-12-02,169.98
1987-12-03,186.18
1987-12-04,184.16
1987-12-05,168.48
1987-12-06,171.19
1987-12-07,177.97
1987-12-08,150.6
1987-12-09,155.85
1987-12-10,157.83
1987-12-11,153.8
1987-12-12,171.16
1987-12-13,200.05
1987-12-14,222.68
1987-12-15,206.42
1987-12-16,193.74
1987-12-17,212.01
1987-12-18,200.73
1987-12-19,189.93
1987-12-20,179.53
1987-12-21,169.14
1987-12-22,164.42
1987-12-23,166.67
1987-12-24,168.92
1987-12-25,171.16
1987-12-26,173.41
1987-12-27,175.66
1987-12-28,177.9
1987-12-29,156.51
1987-12-30,149.29
1987-12-31,145.2
1988-01-01,86.39
1988-01-02,106.1
1988-01-03,115.49
1988-01-04,110.74
1988-01-05,120.28
1988-01-06,122.53
1988-01-07,128.12
1988-01-08,130.93
1988-01-09,121.29
1988-01-10,136.38
1988-01-11,150.77
1988-01-12,151.84
1988-01-13,131.06
1988-01-14,108.16
1988-01-15,126.6
1988-01-16,186.73
1988-01-17,268.97
1988-01-18,289.88
1988-01-19,369.36
1988-01-20,449.5
1988-01-21,462.1
1988-01-22,414.44
1988-01-23,332.58
1988-01-24,331.8
1988-01-25,431.06
1988-01-26,449.1
1988-01-27,383.63
1988-01-28,468.15
1988-01-29,419.64
1988-01-30,408.09
1988-01-31,375.26
1988-02-01,337.3
1988-02-02,342.38
1988-02-03,353.52
1988-02-04,416.58
1988-02-05,404.7
1988-02-06,326.88
1988-02-07,273.46
1988-02-08,264.31
1988-02-09,251.58
1988-02-10,307.63
1988-02-11,326.33
1988-02-12,341.76
1988-02-13,431.09
1988-02-14,485.34
1988-02-15,424.22
1988-02-16,399.58
1988-02-17,350.32
1988-02-18,355.22
1988-02-19,275.23
1988-02-20,258.59
1988-02-21,239.49
1988-02-22,251.94
1988-02-23,255.02
1988-02-24,274.87
1988-02-25,265.85
1988-02-26,244.53
1988-02-27,232.86
1988-02-28,221.57
1988-02-29,205.36
1988-03-01,201.94
1988-03-02,212.2
1988-03-03,203.96
1988-03-04,224.83
1988-03-05,222.57
1988-03-06,184.02
1988-03-07,168.63
1988-03-08,211.93
1988-03-09,308.12
1988-03-10,412.92
1988-03-11,330.86
1988-03-12,268.09
1988-03-13,156.79
1988-03-14,195.09
1988-03-15,174.34
1988-03-16,161.85
1988-03-17,166.13
1988-03-18,180.46
1988-03-19,169.45
1988-03-20,158.73
1988-03-21,148.02
1988-03-22,147.44
1988-03-23,180.45
1988-03-24,161.56
1988-03-25,145.34
1988-03-26,140.09
1988-03-27,138.58
1988-03-28,137.07
1988-03-29,128.73
1988-03-30,134.86
1988-03-31,146.79
1988-04-01,133.76
1988-04-02,177.05
1988-04-03,220.34
1988-04-04,263.63
1988-04-05,218.12
1988-04-06,254.77
1988-04-07,228.6
1988-04-08,204.65
1988-04-09,178.28
1988-04-10,190.03
1988-04-11,196.05
1988-04-12,277.71
1988-04-13,317.16
1988-04-14,425.99
1988-04-15,347.23
1988-04-16,274.38
1988-04-17,242.35
1988-04-18,220.11
1988-04-19,190.12
1988-04-20,172.71
1988-04-21,180.74
1988-04-22,230.3
1988-04-23,228.02
1988-04-24,211.08
1988-04-25,205.0
1988-04-26,276.92
1988-04-27,291.84
1988-04-28,270.32
1988-04-29,375.94
1988-04-30,294.23
1988-05-01,253.78
1988-05-02,217.71
1988-05-03,195.2
1988-05-04,181.94
1988-05-05,176.97
1988-05-06,171.93
1988-05-07,167.02
1988-05-08,161.18
1988-05-09,155.33
1988-05-10,144.27
1988-05-11,136.18
1988-05-12,135.38
1988-05-13,126.27
1988-05-14,116.23
1988-05-15,113.27
1988-05-16,104.74
1988-05-17,103.87
1988-05-18,97.9
1988-05-19,91.18
1988-05-20,90.54
1988-05-21,88.78
1988-05-22,83.57
1988-05-23,87.93
1988-05-24,87.07
1988-05-25,81.91
1988-05-26,84.23
1988-05-27,82.97
1988-05-28,83.3
1988-05-29,78.71
1988-05-30,74.12
1988-05-31,71.05
1988-06-01,75.13
1988-06-02,73.79
1988-06-03,73.19
1988-06-04,72.2
1988-06-05,71.34
1988-06-06,68.48
1988-06-07,66.96
1988-06-08,64.63
1988-06-09,65.41
1988-06-10,64.83
1988-06-11,64.49
1988-06-12,63.51
1988-06-13,63.6
1988-06-14,63.14
1988-06-15,61.92
1988-06-16,60.87
1988-06-17,58.67
1988-06-18,59.04
1988-06-19,61.83
1988-06-20,54.79
1988-06-21,54.94
1988-06-22,55.43
1988-06-23,56.91
1988-06-24,55.93
1988-06-25,56.81
1988-06-26,56.42
1988-06-27,56.02
1988-06-28,54.94
1988-06-29,54.87
1988-06-30,54.8
1988-07-01,53.71
1988-07-02,52.62
1988-07-03,51.54
1988-07-04,50.45
1988-07-05,49.61
1988-07-06,47.95
1988-07-07,49.2
1988-07-08,50.04
1988-07-09,48.99
1988-07-10,48.68
1988-07-11,48.37
1988-07-12,47.54
1988-07-13,46.71
1988-07-14,40.59
1988-07-15,41.8
1988-07-16,45.9
1988-07-17,45.07
1988-07-18,44.25
1988-07-19,42.61
1988-07-20,43.02
1988-07-21,41.8
1988-07-22,42.21
1988-07-23,39.77
1988-07-24,40.99
1988-07-25,42.21
1988-07-26,43.43
1988-07-27,44.36
1988-07-28,45.28
1988-07-29,46.21
1988-07-30,47.14
1988-07-31,48.06
1988-08-01,48.99
1988-08-02,46.72
1988-08-03,49.61
1988-08-04,46.71
1988-08-05,43.02
1988-08-06,47.13
1988-08-07,44.25
1988-08-08,47.95
1988-08-09,46.71
1988-08-10,45.48
1988-08-11,43.02
1988-08-12,44.25
1988-08-13,44.66
1988-08-14,43.43
1988-08-15,45.07
1988-08-16,44.25
1988-08-17,40.99
1988-08-18,41.81
1988-08-19,44.25
1988-08-20,41.39
1988-08-21,40.58
1988-08-22,35.74
1988-08-23,34.95
1988-08-24,36.15
1988-08-25,33.36
1988-08-26,33.75
1988-08-27,36.15
1988-08-28,34.95
1988-08-29,33.76
1988-08-30,32.57
1988-08-31,31.38
1988-09-01,40.08
1988-09-02,39.12
1988-09-03,40.59
1988-09-04,43.43
1988-09-05,46.1
1988-09-06,48.69
1988-09-07,46.98
1988-09-08,49.31
1988-09-09,51.38
1988-09-10,50.51
1988-09-11,56.98
1988-09-12,52.55
1988-09-13,53.06
1988-09-14,56.7
1988-09-15,62.42
1988-09-16,58.11
1988-09-17,52.4
1988-09-18,48.62
1988-09-19,46.53
1988-09-20,47.3
1988-09-21,41.2
1988-09-22,37.03
1988-09-23,43.92
1988-09-24,41.98
1988-09-25,48.92
1988-09-26,59.83
1988-09-27,57.79
1988-09-28,46.74
1988-09-29,44.71
1988-09-30,41.33
1988-10-01,43.46
1988-10-02,44.48
1988-10-03,45.49
1988-10-04,43.13
1988-10-05,44.67
1988-10-06,45.99
1988-10-07,69.06
1988-10-08,64.82
1988-10-09,55.5
1988-10-10,54.81
1988-10-11,59.6
1988-10-12,65.22
1988-10-13,80.48
1988-10-14,83.05
1988-10-15,73.43
1988-10-16,63.14
1988-10-17,61.39
1988-10-18,56.32
1988-10-19,50.44
1988-10-20,49.62
1988-10-21,49.2
1988-10-22,50.87
1988-10-23,51.7
1988-10-24,52.53
1988-10-25,57.15
1988-10-26,70.05
1988-10-27,70.83
1988-10-28,83.56
1988-10-29,102.44
1988-10-30,92.08
1988-10-31,81.72
1988-11-01,77.79
1988-11-02,71.69
1988-11-03,86.18
1988-11-04,80.41
1988-11-05,78.9
1988-11-06,83.75
1988-11-07,74.84
1988-11-08,75.67
1988-11-09,74.36
1988-11-10,66.42
1988-11-11,60.81
1988-11-12,59.37
1988-11-13,64.55
1988-11-14,68.07
1988-11-15,74.03
1988-11-16,90.72
1988-11-17,99.76
1988-11-18,100.08
1988-11-19,97.06
1988-11-20,99.1
1988-11-21,93.85
1988-11-22,85.18
1988-11-23,81.05
1988-11-24,77.14
1988-11-25,73.87
1988-11-26,70.61
1988-11-27,86.14
1988-11-28,101.67
1988-11-29,168.38
1988-11-30,148.39
1988-12-01,104.47
1988-12-02,92.79
1988-12-03,82.54
1988-12-04,79.07
1988-12-05,75.59
1988-12-06,72.12
1988-12-07,74.73
1988-12-08,66.08
1988-12-09,61.81
1988-12-10,63.93
1988-12-11,65.23
1988-12-12,91.9
1988-12-13,89.68
1988-12-14,87.21
1988-12-15,93.85
1988-12-16,89.16
1988-12-17,83.89
1988-12-18,76.47
1988-12-19,87.99
1988-12-20,100.26
1988-12-21,119.55
1988-12-22,121.61
1988-12-23,107.2
1988-12-24,91.68
1988-12-25,93.69
1988-12-26,101.45
1988-12-27,96.03
1988-12-28,85.78
1988-12-29,84.83
1988-12-30,81.93
1988-12-31,99.15
1989-01-01,86.65
1989-01-02,108.82
1989-01-03,128.44
1989-01-04,151.22
1989-01-05,172.87
1989-01-06,226.55
1989-01-07,265.89
1989-01-08,206.53
1989-01-09,168.66
1989-01-10,143.66
1989-01-11,147.07
1989-01-12,155.37
1989-01-13,141.43
1989-01-14,152.08
1989-01-15,175.33
1989-01-16,172.06
1989-01-17,170.27
1989-01-18,240.94
1989-01-19,260.14
1989-01-20,275.59
1989-01-21,250.85
1989-01-22,253.38
1989-01-23,291.67
1989-01-24,284.8
1989-01-25,273.43
1989-01-26,270.81
1989-01-27,284.19
1989-01-28,242.81
1989-01-29,204.45
1989-01-30,200.73
1989-01-31,193.8
1989-02-01,222.92
1989-02-02,328.73
1989-02-03,492.03
1989-02-04,437.51
1989-02-05,451.93
1989-02-06,528.12
1989-02-07,460.04
1989-02-08,398.89
1989-02-09,392.97
1989-02-10,298.77
1989-02-11,296.53
1989-02-12,336.35
1989-02-13,350.4
1989-02-14,342.01
1989-02-15,277.46
1989-02-16,227.03
1989-02-17,205.31
1989-02-18,215.4
1989-02-19,224.16
1989-02-20,213.52
1989-02-21,218.58
1989-02-22,230.67
1989-02-23,237.69
1989-02-24,257.62
1989-02-25,367.85
1989-02-26,520.45
1989-02-27,555.74
1989-02-28,415.19
1989-03-01,341.29
1989-03-02,343.24
1989-03-03,358.2
1989-03-04,502.74
1989-03-05,471.01
1989-03-06,381.4
1989-03-07,406.9
1989-03-08,371.94
1989-03-09,297.41
1989-03-10,249.82
1989-03-11,237.58
1989-03-12,219.46
1989-03-13,244.16
1989-03-14,266.26
1989-03-15,346.83
1989-03-16,384.06
1989-03-17,339.79
1989-03-18,278.14
1989-03-19,243.92
1989-03-20,229.52
1989-03-21,208.8
1989-03-22,227.01
1989-03-23,241.81
1989-03-24,350.68
1989-03-25,555.74
1989-03-26,592.62
1989-03-27,433.06
1989-03-28,354.5
1989-03-29,314.75
1989-03-30,456.72
1989-03-31,452.66
1989-04-01,411.66
1989-04-02,415.63
1989-04-03,399.99
1989-04-04,488.95
1989-04-05,469.13
1989-04-06,380.6
1989-04-07,317.99
1989-04-08,274.98
1989-04-09,267.02
1989-04-10,264.94
1989-04-11,269.68
1989-04-12,282.21
1989-04-13,283.72
1989-04-14,307.25
1989-04-15,355.72
1989-04-16,355.46
1989-04-17,350.57
1989-04-18,323.14
1989-04-19,324.88
1989-04-20,376.34
1989-04-21,370.08
1989-04-22,315.42
1989-04-23,270.73
1989-04-24,249.93
1989-04-25,238.44
1989-04-26,236.54
1989-04-27,247.59
1989-04-28,199.26
1989-04-29,173.22
1989-04-30,159.58
1989-05-01,156.61
1989-05-02,150.65
1989-05-03,147.18
1989-05-04,142.0
1989-05-05,140.85
1989-05-06,138.56
1989-05-07,139.99
1989-05-08,141.43
1989-05-09,139.71
1989-05-10,128.9
1989-05-11,116.55
1989-05-12,106.59
1989-05-13,102.22
1989-05-14,101.94
1989-05-15,99.48
1989-05-16,95.69
1989-05-17,91.91
1989-05-18,93.57
1989-05-19,93.53
1989-05-20,88.7
1989-05-21,86.84
1989-05-22,84.98
1989-05-23,81.8
1989-05-24,85.51
1989-05-25,82.33
1989-05-26,78.64
1989-05-27,74.46
1989-05-28,74.99
1989-05-29,75.51
1989-05-30,73.43
1989-05-31,71.88
1989-06-01,71.42
1989-06-02,70.07
1989-06-03,72.21
1989-06-04,70.65
1989-06-05,69.68
1989-06-06,67.18
1989-06-07,64.07
1989-06-08,62.03
1989-06-09,61.09
1989-06-10,62.04
1989-06-11,58.83
1989-06-12,64.34
1989-06-13,66.22
1989-06-14,61.26
1989-06-15,60.32
1989-06-16,62.21
1989-06-17,60.7
1989-06-18,60.5
1989-06-19,70.34
1989-06-20,67.24
1989-06-21,61.13
1989-06-22,58.13
1989-06-23,54.13
1989-06-24,55.13
1989-06-25,54.88
1989-06-26,54.63
1989-06-27,52.65
1989-06-28,50.62
1989-06-29,48.58
1989-06-30,46.55
1989-07-01,49.71
1989-07-02,48.97
1989-07-03,48.46
1989-07-04,46.61
1989-07-05,45.7
1989-07-06,44.8
1989-07-07,42.99
1989-07-08,41.74
1989-07-09,41.75
1989-07-10,41.4
1989-07-11,39.79
1989-07-12,40.35
1989-07-13,36.98
1989-07-14,36.8
1989-07-15,36.56
1989-07-16,37.04
1989-07-17,35.23
1989-07-18,34.19
1989-07-19,32.8
1989-07-20,33.09
1989-07-21,33.55
1989-07-22,36.32
1989-07-23,36.79
1989-07-24,38.67
1989-07-25,39.61
1989-07-26,39.14
1989-07-27,40.08
1989-07-28,37.28
1989-07-29,39.64
1989-07-30,38.64
1989-07-31,41.52
1989-08-01,41.99
1989-08-02,41.98
1989-08-03,41.51
1989-08-04,39.61
1989-08-05,36.82
1989-08-06,34.04
1989-08-07,31.25
1989-08-08,27.48
1989-08-09,30.36
1989-08-10,30.8
1989-08-11,31.27
1989-08-12,31.88
1989-08-13,32.48
1989-08-14,33.08
1989-08-15,32.18
1989-08-16,35.0
1989-08-17,36.82
1989-08-18,32.63
1989-08-19,32.93
1989-08-20,33.24
1989-08-21,33.55
1989-08-22,31.71
1989-08-23,33.09
1989-08-24,33.55
1989-08-25,32.63
1989-08-26,32.79
1989-08-27,32.94
1989-08-28,33.09
1989-08-29,31.72
1989-08-30,32.17
1989-08-31,32.63
1989-09-01,37.79
1989-09-02,42.95
1989-09-03,41.82
1989-09-04,40.68
1989-09-05,39.54
1989-09-06,38.4
1989-09-07,38.21
1989-09-08,38.91
1989-09-09,39.61
1989-09-10,40.31
1989-09-11,41.0
1989-09-12,41.71
1989-09-13,39.16
1989-09-14,41.99
1989-09-15,40.34
1989-09-16,38.7
1989-09-17,37.05
1989-09-18,35.4
1989-09-19,33.09
1989-09-20,32.17
1989-09-21,31.26
1989-09-22,31.72
1989-09-23,32.6
1989-09-24,33.48
1989-09-25,33.08
1989-09-26,34.93
1989-09-27,38.19
1989-09-28,37.53
1989-09-29,36.46
1989-09-30,35.39
1989-10-01,43.41
1989-10-02,46.26
1989-10-03,49.1
1989-10-04,51.95
1989-10-05,54.79
1989-10-06,57.64
1989-10-07,65.27
1989-10-08,72.91
1989-10-09,80.54
1989-10-10,88.17
1989-10-11,91.4
1989-10-12,94.63
1989-10-13,97.85
1989-10-14,102.06
1989-10-15,106.26
1989-10-16,110.46
1989-10-17,122.21
1989-10-18,109.93
1989-10-19,113.22
1989-10-20,94.07
1989-10-21,91.57
1989-10-22,89.07
1989-10-23,86.57
1989-10-24,82.35
1989-10-25,124.45
1989-10-26,154.75
1989-10-27,189.71
1989-10-28,176.79
1989-10-29,163.87
1989-10-30,150.95
1989-10-31,154.13
1989-11-01,154.43
1989-11-02,154.73
1989-11-03,134.58
1989-11-04,135.35
1989-11-05,136.12
1989-11-06,136.89
1989-11-07,119.35
1989-11-08,106.07
1989-11-09,95.7
1989-11-10,84.53
1989-11-11,81.87
1989-11-12,79.22
1989-11-13,76.56
1989-11-14,70.85
1989-11-15,72.42
1989-11-16,70.34
1989-11-17,72.91
1989-11-18,73.26
1989-11-19,73.62
1989-11-20,73.97
1989-11-21,68.8
1989-11-22,67.25
1989-11-23,65.72
1989-11-24,78.17
1989-11-25,75.73
1989-11-26,73.3
1989-11-27,70.87
1989-11-28,68.28
1989-11-29,71.36
1989-11-30,73.95
1989-12-01,62.16
1989-12-02,61.5
1989-12-03,60.84
1989-12-04,60.19
1989-12-05,61.2
1989-12-06,62.71
1989-12-07,64.21
1989-12-08,69.82
1989-12-09,72.94
1989-12-10,69.84
1989-12-11,66.74
1989-12-12,60.65
1989-12-13,64.22
1989-12-14,68.29
1989-12-15,71.9
1989-12-16,70.85
1989-12-17,72.93
1989-12-18,75.02
1989-12-19,75.53
1989-12-20,66.75
1989-12-21,68.16
1989-12-22,69.57
1989-12-23,70.98
1989-12-24,72.38
1989-12-25,73.79
1989-12-26,75.2
1989-12-27,69.31
1989-12-28,64.2
1989-12-29,62.68
1989-12-30,61.17
1989-12-31,61.67
1990-01-01,59.35
1990-01-02,57.04
1990-01-03,61.77
1990-01-04,66.15
1990-01-05,65.54
1990-01-06,77.46
1990-01-07,90.29
1990-01-08,103.12
1990-01-09,121.97
1990-01-10,147.66
1990-01-11,187.12
1990-01-12,152.56
1990-01-13,154.65
1990-01-14,154.29
1990-01-15,153.92
1990-01-16,160.18
1990-01-17,176.98
1990-01-18,181.13
1990-01-19,228.02
1990-01-20,214.16
1990-01-21,200.29
1990-01-22,186.43
1990-01-23,158.81
1990-01-24,146.27
1990-01-25,140.04
1990-01-26,119.61
1990-01-27,112.36
1990-01-28,117.17
1990-01-29,121.97
1990-01-30,103.83
1990-01-31,110.28
1990-02-01,116.66
1990-02-02,127.51
1990-02-03,143.66
1990-02-04,159.81
1990-02-05,175.96
1990-02-06,151.88
1990-02-07,134.24
1990-02-08,130.84
1990-02-09,127.44
1990-02-10,124.04
1990-02-11,120.65
1990-02-12,117.25
1990-02-13,130.95
1990-02-14,162.94
1990-02-15,168.0
1990-02-16,153.27
1990-02-17,138.55
1990-02-18,123.82
1990-02-19,109.1
1990-02-20,93.48
1990-02-21,91.32
1990-02-22,87.0
1990-02-23,84.51
1990-02-24,116.41
1990-02-25,148.31
1990-02-26,180.21
1990-02-27,137.94
1990-02-28,119.61
1990-03-01,109.18
1990-03-02,107.84
1990-03-03,94.65
1990-03-04,100.24
1990-03-05,105.84
1990-03-06,163.63
1990-03-07,146.33
1990-03-08,136.54
1990-03-09,142.14
1990-03-10,131.32
1990-03-11,120.51
1990-03-12,109.69
1990-03-13,122.57
1990-03-14,119.02
1990-03-15,111.7
1990-03-16,103.16
1990-03-17,91.73
1990-03-18,103.27
1990-03-19,114.81
1990-03-20,113.39
1990-03-21,117.25
1990-03-22,123.26
1990-03-23,120.05
1990-03-24,108.51
1990-03-25,116.13
1990-03-26,123.75
1990-03-27,119.02
1990-03-28,114.06
1990-03-29,107.1
1990-03-30,99.12
1990-03-31,118.72
1990-04-01,114.17
1990-04-02,109.61
1990-04-03,116.04
1990-04-04,106.93
1990-04-05,97.82
1990-04-06,94.65
1990-04-07,90.44
1990-04-08,86.23
1990-04-09,82.03
1990-04-10,77.41
1990-04-11,76.37
1990-04-12,73.21
1990-04-13,77.46
1990-04-14,79.92
1990-04-15,82.38
1990-04-16,84.84
1990-04-17,98.44
1990-04-18,111.46
1990-04-19,103.83
1990-04-20,98.49
1990-04-21,90.24
1990-04-22,82.0
1990-04-23,73.75
1990-04-24,64.52
1990-04-25,74.84
1990-04-26,77.96
1990-04-27,86.01
1990-04-28,84.68
1990-04-29,83.35
1990-04-30,82.03
1990-05-01,73.54
1990-05-02,65.06
1990-05-03,65.6
1990-05-04,66.15
1990-05-05,64.08
1990-05-06,62.1
1990-05-07,60.2
1990-05-08,59.12
1990-05-09,55.51
1990-05-10,60.04
1990-05-11,57.42
1990-05-12,56.14
1990-05-13,54.86
1990-05-14,53.69
1990-05-15,53.79
1990-05-16,51.64
1990-05-17,49.16
1990-05-18,47.1
1990-05-19,46.37
1990-05-20,45.65
1990-05-21,44.92
1990-05-22,46.34
1990-05-23,42.76
1990-05-24,41.77
1990-05-25,41.03
1990-05-26,41.36
1990-05-27,41.69
1990-05-28,42.01
1990-05-29,41.52
1990-05-30,41.08
1990-05-31,41.06
1990-06-01,59.65
1990-06-02,55.4
1990-06-03,51.15
1990-06-04,46.9
1990-06-05,45.17
1990-06-06,43.47
1990-06-07,41.52
1990-06-08,41.52
1990-06-09,46.06
1990-06-10,50.59
1990-06-11,55.12
1990-06-12,60.2
1990-06-13,63.43
1990-06-14,58.19
1990-06-15,58.19
1990-06-16,54.65
1990-06-17,51.12
1990-06-18,47.58
1990-06-19,45.41
1990-06-20,43.72
1990-06-21,42.51
1990-06-22,41.28
1990-06-23,41.85
1990-06-24,42.42
1990-06-25,42.99
1990-06-26,43.24
1990-06-27,42.5
1990-06-28,41.76
1990-06-29,41.03
1990-06-30,40.29
1990-07-01,39.55
1990-07-02,38.82
1990-07-03,38.1
1990-07-04,38.08
1990-07-05,37.83
1990-07-06,36.6
1990-07-07,37.1
1990-07-08,37.59
1990-07-09,38.08
1990-07-10,37.1
1990-07-11,37.83
1990-07-12,40.05
1990-07-13,41.03
1990-07-14,40.54
1990-07-15,40.05
1990-07-16,39.56
1990-07-17,38.33
1990-07-18,39.31
1990-07-19,39.57
1990-07-20,38.06
1990-07-21,39.31
1990-07-22,39.54
1990-07-23,39.8
1990-07-24,39.31
1990-07-25,39.56
1990-07-26,39.31
1990-07-27,39.06
1990-07-28,38.82
1990-07-29,38.57
1990-07-30,38.53
1990-07-31,38.08
1990-08-01,37.1
1990-08-02,36.85
1990-08-03,37.83
1990-08-04,37.83
1990-08-05,37.83
1990-08-06,37.83
1990-08-07,36.6
1990-08-08,36.6
1990-08-09,36.85
1990-08-10,39.59
1990-08-11,38.08
1990-08-12,38.57
1990-08-13,39.06
1990-08-14,38.08
1990-08-15,37.83
1990-08-16,38.82
1990-08-17,38.56
1990-08-18,40.61
1990-08-19,41.67
1990-08-20,42.73
1990-08-21,42.0
1990-08-22,35.87
1990-08-23,36.6
1990-08-24,35.87
1990-08-25,36.69
1990-08-26,37.51
1990-08-27,38.33
1990-08-28,38.82
1990-08-29,38.31
1990-08-30,39.8
1990-08-31,40.29
1990-09-01,40.54
1990-09-02,40.78
1990-09-03,41.02
1990-09-04,39.8
1990-09-05,40.53
1990-09-06,39.3
1990-09-07,38.38
1990-09-08,37.46
1990-09-09,36.54
1990-09-10,35.62
1990-09-11,33.9
1990-09-12,34.14
1990-09-13,36.85
1990-09-14,37.1
1990-09-15,37.75
1990-09-16,38.41
1990-09-17,39.06
1990-09-18,37.34
1990-09-19,34.88
1990-09-20,34.88
1990-09-21,36.85
1990-09-22,36.77
1990-09-23,36.69
1990-09-24,36.6
1990-09-25,37.1
1990-09-26,37.1
1990-09-27,36.85
1990-09-28,38.08
1990-09-29,40.32
1990-09-30,42.56
1990-10-01,44.79
1990-10-02,47.03
1990-10-03,46.86
1990-10-04,47.58
1990-10-05,42.51
1990-10-06,42.62
1990-10-07,42.74
1990-10-08,42.86
1990-10-09,42.98
1990-10-10,43.21
1990-10-11,49.4
1990-10-12,58.19
1990-10-13,63.66
1990-10-14,69.13
1990-10-15,74.59
1990-10-16,80.06
1990-10-17,85.53
1990-10-18,91.0
1990-10-19,96.47
1990-10-20,101.93
1990-10-21,107.4
1990-10-22,112.87
1990-10-23,118.34
1990-10-24,123.81
1990-10-25,129.27
1990-10-26,134.74
1990-10-27,140.21
1990-10-28,145.68
1990-10-29,151.15
1990-10-30,134.88
1990-10-31,114.73
1990-11-01,103.77
1990-11-02,92.81
1990-11-03,87.53
1990-11-04,82.25
1990-11-05,76.96
1990-11-06,70.49
1990-11-07,110.21
1990-11-08,129.98
1990-11-09,123.16
1990-11-10,130.18
1990-11-11,137.21
1990-11-12,144.24
1990-11-13,133.75
1990-11-14,130.09
1990-11-15,126.33
1990-11-16,119.02
1990-11-17,123.48
1990-11-18,127.94
1990-11-19,132.41
1990-11-20,141.44
1990-11-21,174.72
1990-11-22,195.88
1990-11-23,189.66
1990-11-24,193.38
1990-11-25,197.1
1990-11-26,200.81
1990-11-27,197.94
1990-11-28,193.92
1990-11-29,205.63
1990-11-30,228.93
1990-12-01,207.93
1990-12-02,186.93
1990-12-03,165.93
1990-12-04,144.94
1990-12-05,119.92
1990-12-06,112.29
1990-12-07,104.02
1990-12-08,95.76
1990-12-09,87.5
1990-12-10,86.01
1990-12-11,82.53
1990-12-12,73.21
1990-12-13,71.58
1990-12-14,78.77
1990-12-15,85.96
1990-12-16,93.16
1990-12-17,91.32
1990-12-18,65.35
1990-12-19,81.53
1990-12-20,89.51
1990-12-21,97.48
1990-12-22,105.46
1990-12-23,113.44
1990-12-24,121.41
1990-12-25,129.39
1990-12-26,137.46
1990-12-27,128.1
1990-12-28,136.73
1990-12-29,145.35
1990-12-30,154.0
1990-12-31,150.3
1991-01-01,162.6
1991-01-02,171.23
1991-01-03,139.34
1991-01-04,124.34
1991-01-05,118.98
1991-01-06,113.63
1991-01-07,108.28
1991-01-08,97.15
1991-01-09,94.32
1991-01-10,96.65
1991-01-11,101.83
1991-01-12,99.94
1991-01-13,98.06
1991-01-14,96.17
1991-01-15,96.5
1991-01-16,98.66
1991-01-17,95.83
1991-01-18,85.51
1991-01-19,95.02
1991-01-20,104.54
1991-01-21,114.06
1991-01-22,134.07
1991-01-23,147.66
1991-01-24,140.71
1991-01-25,149.09
1991-01-26,153.93
1991-01-27,158.07
1991-01-28,163.61
1991-01-29,137.46
1991-01-30,126.11
1991-01-31,112.29
1991-02-01,126.79
1991-02-02,141.29
1991-02-03,155.8
1991-02-04,170.3
1991-02-05,181.01
1991-02-06,146.31
1991-02-07,126.11
1991-02-08,120.79
1991-02-09,120.4
1991-02-10,120.0
1991-02-11,119.61
1991-02-12,119.61
1991-02-13,131.16
1991-02-14,126.11
1991-02-15,119.61
1991-02-16,136.34
1991-02-17,153.07
1991-02-18,169.8
1991-02-19,218.96
1991-02-20,187.24
1991-02-21,152.56
1991-02-22,137.94
1991-02-23,146.04
1991-02-24,154.15
1991-02-25,162.25
1991-02-26,132.07
1991-02-27,121.38
1991-02-28,130.68
1991-03-01,187.68
1991-03-02,244.68
1991-03-03,301.68
1991-03-04,358.68
1991-03-05,415.68
1991-03-06,472.68
1991-03-07,529.68
1991-03-08,364.68
1991-03-09,415.68
1991-03-10,472.68
1991-03-11,500.13
1991-03-12,840.42
1991-03-13,429.31
1991-03-14,368.17
1991-03-15,385.58
1991-03-16,409.55
1991-03-17,433.51
1991-03-18,457.48
1991-03-19,394.07
1991-03-20,313.79
1991-03-21,285.51
1991-03-22,280.14
1991-03-23,275.84
1991-03-24,271.53
1991-03-25,267.23
1991-03-26,240.18
1991-03-27,230.77
1991-03-28,223.84
1991-03-29,212.3
1991-03-30,200.77
1991-03-31,189.23
1991-04-01,177.7
1991-04-02,166.16
1991-04-03,149.84
1991-04-04,135.04
1991-04-05,126.7
1991-04-06,122.79
1991-04-07,118.87
1991-04-08,114.96
1991-04-09,121.21
1991-04-10,124.72
1991-04-11,171.17
1991-04-12,209.68
1991-04-13,193.24
1991-04-14,176.8
1991-04-15,160.36
1991-04-16,154.07
1991-04-17,140.3
1991-04-18,137.67
1991-04-19,149.23
1991-04-20,145.83
1991-04-21,142.43
1991-04-22,139.03
1991-04-23,119.9
1991-04-24,108.24
1991-04-25,100.69
1991-04-26,95.6
1991-04-27,90.54
1991-04-28,85.48
1991-04-29,80.42
1991-04-30,83.77
1991-05-01,96.18
1991-05-02,108.59
1991-05-03,120.99
1991-05-04,120.99
1991-05-05,120.99
1991-05-06,120.99
1991-05-07,106.29
1991-05-08,107.77
1991-05-09,158.2
1991-05-10,135.04
1991-05-11,125.46
1991-05-12,115.88
1991-05-13,106.29
1991-05-14,98.83
1991-05-15,92.89
1991-05-16,88.24
1991-05-17,82.1
1991-05-18,78.3
1991-05-19,74.5
1991-05-20,70.7
1991-05-21,66.3
1991-05-22,65.48
1991-05-23,63.87
1991-05-24,62.73
1991-05-25,61.33
1991-05-26,59.93
1991-05-27,58.53
1991-05-28,58.91
1991-05-29,55.86
1991-05-30,53.13
1991-05-31,54.01
1991-06-01,54.88
1991-06-02,55.75
1991-06-03,56.62
1991-06-04,52.37
1991-06-05,50.68
1991-06-06,49.04
1991-06-07,49.37
1991-06-08,49.91
1991-06-09,50.46
1991-06-10,51.0
1991-06-11,49.7
1991-06-12,49.04
1991-06-13,50.35
1991-06-14,48.71
1991-06-15,49.15
1991-06-16,49.59
1991-06-17,50.02
1991-06-18,48.77
1991-06-19,50.02
1991-06-20,48.71
1991-06-21,46.75
1991-06-22,47.35
1991-06-23,47.95
1991-06-24,48.55
1991-06-25,45.4
1991-06-26,45.76
1991-06-27,45.83
1991-06-28,45.42
1991-06-29,45.01
1991-06-30,44.6
1991-07-01,44.19
1991-07-02,42.1
1991-07-03,41.82
1991-07-04,41.54
1991-07-05,41.26
1991-07-06,40.98
1991-07-07,40.7
1991-07-08,40.42
1991-07-09,40.14
1991-07-10,39.86
1991-07-11,39.58
1991-07-12,39.3
1991-07-13,39.03
1991-07-14,38.75
1991-07-15,38.47
1991-07-16,38.19
1991-07-17,37.91
1991-07-18,37.63
1991-07-19,36.55
1991-07-20,36.64
1991-07-21,36.73
1991-07-22,36.82
1991-07-23,37.36
1991-07-24,36.28
1991-07-25,35.2
1991-07-26,36.55
1991-07-27,37.09
1991-07-28,37.63
1991-07-29,38.17
1991-07-30,38.71
1991-07-31,37.09
1991-08-01,38.02
1991-08-02,38.94
1991-08-03,39.85
1991-08-04,40.77
1991-08-05,41.69
1991-08-06,43.04
1991-08-07,41.69
1991-08-08,41.96
1991-08-09,43.43
1991-08-10,42.68
1991-08-11,41.92
1991-08-12,41.17
1991-08-13,39.52
1991-08-14,37.63
1991-08-15,35.47
1991-08-16,35.47
1991-08-17,35.2
1991-08-18,34.93
1991-08-19,34.66
1991-08-20,33.58
1991-08-21,34.39
1991-08-22,35.2
1991-08-23,36.01
1991-08-24,36.82
1991-08-25,37.63
1991-08-26,38.44
1991-08-27,38.98
1991-08-28,38.98
1991-08-29,38.98
1991-08-30,39.06
1991-08-31,39.15
1991-09-01,39.23
1991-09-02,39.31
1991-09-03,39.4
1991-09-04,39.48
1991-09-05,39.56
1991-09-06,39.64
1991-09-07,39.73
1991-09-08,39.81
1991-09-09,39.89
1991-09-10,39.98
1991-09-11,40.06
1991-09-12,39.71
1991-09-13,39.37
1991-09-14,39.02
1991-09-15,38.67
1991-09-16,38.32
1991-09-17,37.98
1991-09-18,37.63
1991-09-19,38.65
1991-09-20,39.66
1991-09-21,40.68
1991-09-22,41.69
1991-09-23,38.44
1991-09-24,38.31
1991-09-25,38.17
1991-09-26,38.04
1991-09-27,38.44
1991-09-28,39.25
1991-09-29,40.06
1991-09-30,41.88
1991-10-01,43.7
1991-10-02,48.06
1991-10-03,47.4
1991-10-04,50.68
1991-10-05,52.79
1991-10-06,54.89
1991-10-07,57.0
1991-10-08,52.64
1991-10-09,56.24
1991-10-10,53.11
1991-10-11,48.38
1991-10-12,45.52
1991-10-13,42.65
1991-10-14,39.79
1991-10-15,41.42
1991-10-16,49.15
1991-10-17,51.88
1991-10-18,52.75
1991-10-19,50.97
1991-10-20,49.18
1991-10-21,47.4
1991-10-22,50.35
1991-10-23,41.42
1991-10-24,47.41
1991-10-25,52.64
1991-10-26,63.02
1991-10-27,73.39
1991-10-28,83.77
1991-10-29,77.63
1991-10-30,77.49
1991-10-31,77.34
1991-11-01,77.2
1991-11-02,101.12
1991-11-03,123.3
1991-11-04,89.34
1991-11-05,77.93
1991-11-06,69.65
1991-11-07,62.44
1991-11-08,58.73
1991-11-09,54.46
1991-11-10,50.2
1991-11-11,45.93
1991-11-12,44.28
1991-11-13,38.49
1991-11-14,46.4
1991-11-15,42.78
1991-11-16,42.03
1991-11-17,40.52
1991-11-18,42.93
1991-11-19,46.45
1991-11-20,46.76
1991-11-21,56.87
1991-11-22,64.08
1991-11-23,62.93
1991-11-24,74.98
1991-11-25,63.26
1991-11-26,57.81
1991-11-27,55.18
1991-11-28,62.95
1991-11-29,70.73
1991-11-30,78.5
1991-12-01,84.4
1991-12-02,113.54
1991-12-03,115.72
1991-12-04,89.34
1991-12-05,75.29
1991-12-06,75.99
1991-12-07,68.25
1991-12-08,68.73
1991-12-09,64.99
1991-12-10,64.52
1991-12-11,61.61
1991-12-12,64.6
1991-12-13,77.31
1991-12-14,71.81
1991-12-15,75.99
1991-12-16,78.33
1991-12-17,78.05
1991-12-18,77.77
1991-12-19,77.49
1991-12-20,78.28
1991-12-21,83.6
1991-12-22,82.91
1991-12-23,86.26
1991-12-24,89.6
1991-12-25,92.95
1991-12-26,96.3
1991-12-27,96.8
1991-12-28,115.07
1991-12-29,129.26
1991-12-30,102.72
1991-12-31,105.3
1992-01-01,137.71
1992-01-02,106.08
1992-01-03,100.21
1992-01-04,97.06
1992-01-05,121.86
1992-01-06,116.48
1992-01-07,94.23
1992-01-08,102.31
1992-01-09,96.63
1992-01-10,91.5
1992-01-11,91.23
1992-01-12,89.23
1992-01-13,83.6
1992-01-14,75.35
1992-01-15,75.59
1992-01-16,70.67
1992-01-17,69.13
1992-01-18,67.27
1992-01-19,72.81
1992-01-20,79.94
1992-01-21,79.59
1992-01-22,82.85
1992-01-23,95.77
1992-01-24,112.22
1992-01-25,110.98
1992-01-26,96.68
1992-01-27,86.85
1992-01-28,78.12
1992-01-29,76.81
1992-01-30,76.34
1992-01-31,121.5
1992-02-01,76.93
1992-02-02,77.53
1992-02-03,78.12
1992-02-04,81.69
1992-02-05,83.99
1992-02-06,82.6
1992-02-07,83.59
1992-02-08,84.57
1992-02-09,85.56
1992-02-10,86.46
1992-02-11,71.07
1992-02-12,65.99
1992-02-13,58.42
1992-02-14,60.41
1992-02-15,61.07
1992-02-16,61.74
1992-02-17,62.4
1992-02-18,62.8
1992-02-19,68.6
1992-02-20,69.09
1992-02-21,69.59
1992-02-22,70.08
1992-02-23,70.58
1992-02-24,71.07
1992-02-25,68.53
1992-02-26,74.99
1992-02-27,116.56
1992-02-28,129.01
1992-02-29,76.18
1992-03-01,100.78
1992-03-02,93.94
1992-03-03,128.47
1992-03-04,120.08
1992-03-05,114.25
1992-03-06,138.7
1992-03-07,145.95
1992-03-08,162.41
1992-03-09,174.54
1992-03-10,123.54
1992-03-11,112.86
1992-03-12,128.31
1992-03-13,118.56
1992-03-14,139.84
1992-03-15,175.6
1992-03-16,204.63
1992-03-17,180.5
1992-03-18,152.63
1992-03-19,157.54
1992-03-20,153.8
1992-03-21,140.48
1992-03-22,128.61
1992-03-23,113.21
1992-03-24,101.93
1992-03-25,96.45
1992-03-26,96.5
1992-03-27,100.12
1992-03-28,103.85
1992-03-29,106.44
1992-03-30,109.84
1992-03-31,142.07
1992-04-01,155.43
1992-04-02,123.1
1992-04-03,105.46
1992-04-04,101.26
1992-04-05,101.26
1992-04-06,96.16
1992-04-07,89.24
1992-04-08,86.85
1992-04-09,85.9
1992-04-10,101.26
1992-04-11,123.72
1992-04-12,154.5
1992-04-13,148.43
1992-04-14,135.84
1992-04-15,155.43
1992-04-16,138.95
1992-04-17,120.01
1992-04-18,118.15
1992-04-19,118.15
1992-04-20,113.29
1992-04-21,102.31
1992-04-22,95.58
1992-04-23,91.62
1992-04-24,86.85
1992-04-25,82.08
1992-04-26,79.34
1992-04-27,78.03
1992-04-28,122.59
1992-04-29,76.73
1992-04-30,75.43
1992-05-01,74.84
1992-05-02,77.85
1992-05-03,93.14
1992-05-04,78.12
1992-05-05,71.94
1992-05-06,72.37
1992-05-07,66.42
1992-05-08,68.19
1992-05-09,66.67
1992-05-10,59.16
1992-05-11,57.76
1992-05-12,56.93
1992-05-13,60.27
1992-05-14,56.94
1992-05-15,55.33
1992-05-16,55.32
1992-05-17,54.18
1992-05-18,58.64
1992-05-19,54.97
1992-05-20,53.52
1992-05-21,53.16
1992-05-22,56.75
1992-05-23,52.69
1992-05-24,46.75
1992-05-25,46.11
1992-05-26,46.82
1992-05-27,47.52
1992-05-28,49.64
1992-05-29,50.7
1992-05-30,44.66
1992-05-31,45.64
1992-06-01,48.98
1992-06-02,46.09
1992-06-03,56.57
1992-06-04,56.87
1992-06-05,59.56
1992-06-06,42.24
1992-06-07,42.32
1992-06-08,44.48
1992-06-09,41.33
1992-06-10,37.62
1992-06-11,37.0
1992-06-12,34.15
1992-06-13,33.36
1992-06-14,33.28
1992-06-15,34.44
1992-06-16,33.66
1992-06-17,32.42
1992-06-18,32.17
1992-06-19,31.67
1992-06-20,30.42
1992-06-21,31.99
1992-06-22,34.55
1992-06-23,34.72
1992-06-24,33.98
1992-06-25,36.16
1992-06-26,35.5
1992-06-27,34.45
1992-06-28,34.55
1992-06-29,33.95
1992-06-30,36.42
1992-07-01,37.62
1992-07-02,37.62
1992-07-03,33.93
1992-07-04,31.28
1992-07-05,31.39
1992-07-06,31.92
1992-07-07,31.42
1992-07-08,30.18
1992-07-09,29.93
1992-07-10,29.68
1992-07-11,27.4
1992-07-12,28.69
1992-07-13,30.68
1992-07-14,31.4
1992-07-15,31.67
1992-07-16,32.17
1992-07-17,31.67
1992-07-18,28.9
1992-07-19,27.95
1992-07-20,28.94
1992-07-21,28.94
1992-07-22,28.94
1992-07-23,30.18
1992-07-24,28.93
1992-07-25,27.53
1992-07-26,29.87
1992-07-27,29.72
1992-07-28,30.03
1992-07-29,28.91
1992-07-30,29.68
1992-07-31,28.44
1992-08-01,35.75
1992-08-02,34.29
1992-08-03,34.1
1992-08-04,33.83
1992-08-05,34.67
1992-08-06,30.82
1992-08-07,27.4
1992-08-08,28.48
1992-08-09,28.71
1992-08-10,29.1
1992-08-11,29.07
1992-08-12,29.46
1992-08-13,29.26
1992-08-14,28.14
1992-08-15,29.45
1992-08-16,29.39
1992-08-17,29.44
1992-08-18,28.82
1992-08-19,29.28
1992-08-20,28.75
1992-08-21,28.43
1992-08-22,27.85
1992-08-23,28.13
1992-08-24,28.49
1992-08-25,28.76
1992-08-26,27.95
1992-08-27,28.31
1992-08-28,28.82
1992-08-29,29.0
1992-08-30,27.89
1992-08-31,28.48
1992-09-01,29.5
1992-09-02,29.09
1992-09-03,28.79
1992-09-04,28.43
1992-09-05,28.81
1992-09-06,27.95
1992-09-07,27.21
1992-09-08,28.05
1992-09-09,28.39
1992-09-10,28.7
1992-09-11,28.38
1992-09-12,28.71
1992-09-13,27.99
1992-09-14,27.41
1992-09-15,28.06
1992-09-16,28.28
1992-09-17,28.48
1992-09-18,28.75
1992-09-19,29.0
1992-09-20,28.38
1992-09-21,28.5
1992-09-22,28.5
1992-09-23,29.1
1992-09-24,26.69
1992-09-25,27.87
1992-09-26,29.48
1992-09-27,32.78
1992-09-28,36.11
1992-09-29,35.25
1992-09-30,34.85
1992-10-01,37.75
1992-10-02,37.81
1992-10-03,37.88
1992-10-04,37.94
1992-10-05,38.0
1992-10-06,41.25
1992-10-07,46.0
1992-10-08,49.0
1992-10-09,55.0
1992-10-10,53.75
1992-10-11,52.5
1992-10-12,51.25
1992-10-13,50.0
1992-10-14,54.4
1992-10-15,52.63
1992-10-16,50.87
1992-10-17,49.1
1992-10-18,47.33
1992-10-19,45.57
1992-10-20,43.8
1992-10-21,45.25
1992-10-22,46.7
1992-10-23,48.15
1992-10-24,49.6
1992-10-25,51.05
1992-10-26,52.5
1992-10-27,50.65
1992-10-28,65.5
1992-10-29,55.0
1992-10-30,48.14
1992-10-31,48.14
1992-11-01,48.76
1992-11-02,47.25
1992-11-03,47.38
1992-11-04,48.55
1992-11-05,46.28
1992-11-06,44.35
1992-11-07,47.29
1992-11-08,48.1
1992-11-09,48.48
1992-11-10,47.93
1992-11-11,47.35
1992-11-12,49.11
1992-11-13,49.63
1992-11-14,48.38
1992-11-15,48.88
1992-11-16,49.55
1992-11-17,47.66
1992-11-18,45.45
1992-11-19,45.96
1992-11-20,44.78
1992-11-21,47.65
1992-11-22,48.34
1992-11-23,48.95
1992-11-24,47.83
1992-11-25,49.6
1992-11-26,48.79
1992-11-27,46.2
1992-11-28,45.4
1992-11-29,45.85
1992-11-30,47.48
1992-12-01,49.29
1992-12-02,54.26
1992-12-03,55.31
1992-12-04,55.24
1992-12-05,52.6
1992-12-06,53.27
1992-12-07,56.83
1992-12-08,54.58
1992-12-09,56.05
1992-12-10,57.49
1992-12-11,60.41
1992-12-12,59.82
1992-12-13,61.3
1992-12-14,64.47
1992-12-15,60.01
1992-12-16,56.83
1992-12-17,57.9
1992-12-18,70.53
1992-12-19,76.73
1992-12-20,68.53
1992-12-21,65.56
1992-12-22,62.59
1992-12-23,59.62
1992-12-24,68.3
1992-12-25,76.98
1992-12-26,72.81
1992-12-27,66.06
1992-12-28,53.96
1992-12-29,49.64
1992-12-30,45.79
1992-12-31,59.22
1993-01-01,52.71
1993-01-02,51.41
1993-01-03,51.38
1993-01-04,50.88
1993-01-05,66.92
1993-01-06,53.18
1993-01-07,49.45
1993-01-08,45.61
1993-01-09,46.45
1993-01-10,48.73
1993-01-11,50.1
1993-01-12,56.67
1993-01-13,62.64
1993-01-14,60.47
1993-01-15,91.62
1993-01-16,91.89
1993-01-17,93.44
1993-01-18,94.08
1993-01-19,79.73
1993-01-20,75.24
1993-01-21,91.11
1993-01-22,88.83
1993-01-23,99.78
1993-01-24,110.5
1993-01-25,149.15
1993-01-26,197.19
1993-01-27,198.32
1993-01-28,284.79
1993-01-29,270.65
1993-01-30,255.6
1993-01-31,238.31
1993-02-01,191.33
1993-02-02,479.69
1993-02-03,276.43
1993-02-04,460.83
1993-02-05,465.9
1993-02-06,460.86
1993-02-07,450.23
1993-02-08,445.91
1993-02-09,350.86
1993-02-10,648.7
1993-02-11,854.17
1993-02-12,599.41
1993-02-13,460.75
1993-02-14,380.23
1993-02-15,325.1
1993-02-16,297.01
1993-02-17,252.48
1993-02-18,237.28
1993-02-19,196.1
1993-02-20,181.31
1993-02-21,177.5
1993-02-22,144.59
1993-02-23,139.74
1993-02-24,126.65
1993-02-25,126.17
1993-02-26,114.77
1993-02-27,116.96
1993-02-28,121.45
1993-03-01,230.05
1993-03-02,326.16
1993-03-03,342.38
1993-03-04,456.16
1993-03-05,900.02
1993-03-06,1250.0
1993-03-07,900.12
1993-03-08,900.13
1993-03-09,850.41
1993-03-10,800.16
1993-03-11,750.17
1993-03-12,700.36
1993-03-13,700.03
1993-03-14,500.11
1993-03-15,550.29
1993-03-16,620.33
1993-03-17,800.04
1993-03-18,750.02
1993-03-19,750.11
1993-03-20,800.44
1993-03-21,850.93
1993-03-22,900.31
1993-03-23,800.24
1993-03-24,910.33
1993-03-25,1050.22
1993-03-26,850.12
1993-03-27,890.28
1993-03-28,800.15
1993-03-29,750.14
1993-03-30,650.15
1993-03-31,620.05
1993-04-01,600.35
1993-04-02,620.04
1993-04-03,610.38
1993-04-04,600.72
1993-04-05,620.14
1993-04-06,600.17
1993-04-07,585.05
1993-04-08,600.04
1993-04-09,650.11
1993-04-10,750.05
1993-04-11,840.04
1993-04-12,810.11
1993-04-13,830.75
1993-04-14,850.96
1993-04-15,625.43
1993-04-16,600.38
1993-04-17,680.75
1993-04-18,720.43
1993-04-19,630.23
1993-04-20,600.11
1993-04-21,580.11
1993-04-22,570.12
1993-04-23,565.12
1993-04-24,560.17
1993-04-25,550.01
1993-04-26,530.38
1993-04-27,475.49
1993-04-28,440.14
1993-04-29,410.0
1993-04-30,385.01
1993-05-01,350.0
1993-05-02,320.0
1993-05-03,280.0
1993-05-04,223.8
1993-05-05,212.77
1993-05-06,203.55
1993-05-07,118.18
1993-05-08,191.35
1993-05-09,197.14
1993-05-10,205.2
1993-05-11,219.13
1993-05-12,194.55
1993-05-13,203.14
1993-05-14,195.12
1993-05-15,182.62
1993-05-16,185.35
1993-05-17,177.81
1993-05-18,168.33
1993-05-19,148.54
1993-05-20,141.79
1993-05-21,131.94
1993-05-22,126.75
1993-05-23,118.38
1993-05-24,100.03
1993-05-25,91.83
1993-05-26,87.35
1993-05-27,85.94
1993-05-28,83.63
1993-05-29,86.64
1993-05-30,112.0
1993-05-31,135.5
1993-06-01,105.23
1993-06-02,91.47
1993-06-03,84.72
1993-06-04,83.03
1993-06-05,80.55
1993-06-06,77.39
1993-06-07,74.55
1993-06-08,71.48
1993-06-09,67.3
1993-06-10,67.66
1993-06-11,68.74
1993-06-12,66.28
1993-06-13,64.15
1993-06-14,61.98
1993-06-15,58.75
1993-06-16,55.52
1993-06-17,54.67
1993-06-18,52.97
1993-06-19,52.04
1993-06-20,52.35
1993-06-21,52.79
1993-06-22,52.12
1993-06-23,48.03
1993-06-24,44.35
1993-06-25,45.03
1993-06-26,44.95
1993-06-27,44.79
1993-06-28,45.21
1993-06-29,46.73
1993-06-30,45.28
1993-07-01,45.45
1993-07-02,50.62
1993-07-03,50.5
1993-07-04,50.75
1993-07-05,48.5
1993-07-06,49.43
1993-07-07,49.77
1993-07-08,49.73
1993-07-09,46.03
1993-07-10,46.15
1993-07-11,45.9
1993-07-12,46.69
1993-07-13,45.04
1993-07-14,42.17
1993-07-15,43.69
1993-07-16,42.27
1993-07-17,40.5
1993-07-18,39.65
1993-07-19,36.25
1993-07-20,36.23
1993-07-21,38.7
1993-07-22,37.33
1993-07-23,40.74
1993-07-24,40.55
1993-07-25,40.58
1993-07-26,44.74
1993-07-27,42.3
1993-07-28,42.18
1993-07-29,42.5
1993-07-30,41.45
1993-07-31,41.65
1993-08-01,40.35
1993-08-02,45.22
1993-08-03,40.47
1993-08-04,37.02
1993-08-05,38.35
1993-08-06,36.35
1993-08-07,35.5
1993-08-08,35.75
1993-08-09,37.5
1993-08-10,37.45
1993-08-11,37.66
1993-08-12,40.54
1993-08-13,40.96
1993-08-14,41.35
1993-08-15,35.6
1993-08-16,40.45
1993-08-17,40.3
1993-08-18,40.89
1993-08-19,40.5
1993-08-20,40.65
1993-08-21,37.1
1993-08-22,40.4
1993-08-23,38.65
1993-08-24,40.55
1993-08-25,37.35
1993-08-26,37.6
1993-08-27,37.05
1993-08-28,36.1
1993-08-29,37.31
1993-08-30,40.65
1993-08-31,37.41
1993-09-01,37.1
1993-09-02,37.48
1993-09-03,37.33
1993-09-04,40.43
1993-09-05,37.29
1993-09-06,40.92
1993-09-07,37.48
1993-09-08,36.18
1993-09-09,35.86
1993-09-10,37.53
1993-09-11,40.75
1993-09-12,44.15
1993-09-13,48.43
1993-09-14,48.92
1993-09-15,44.27
1993-09-16,43.59
1993-09-17,37.13
1993-09-18,36.1
1993-09-19,41.65
1993-09-20,42.58
1993-09-21,41.92
1993-09-22,45.73
1993-09-23,39.33
1993-09-24,48.87
1993-09-25,83.82
1993-09-26,86.63
1993-09-27,102.27
1993-09-28,175.19
1993-09-29,158.9
1993-09-30,141.51
1993-10-01,108.0
1993-10-02,102.25
1993-10-03,105.5
1993-10-04,103.6
1993-10-05,89.17
1993-10-06,88.0
1993-10-07,84.1
1993-10-08,82.93
1993-10-09,72.15
1993-10-10,60.25
1993-10-11,56.01
1993-10-12,51.05
1993-10-13,47.64
1993-10-14,50.29
1993-10-15,60.79
1993-10-16,60.5
1993-10-17,77.25
1993-10-18,108.3
1993-10-19,85.04
1993-10-20,107.36
1993-10-21,103.73
1993-10-22,110.03
1993-10-23,102.5
1993-10-24,94.46
1993-10-25,103.93
1993-10-26,100.08
1993-10-27,110.25
1993-10-28,104.4
1993-10-29,175.7
1993-10-30,208.44
1993-10-31,168.35
1993-11-01,152.95
1993-11-02,138.67
1993-11-03,179.45
1993-11-04,242.34
1993-11-05,258.43
1993-11-06,295.78
1993-11-07,315.51
1993-11-08,328.25
1993-11-09,350.0
1993-11-10,388.5
1993-11-11,394.74
1993-11-12,320.03
1993-11-13,305.5
1993-11-14,240.0
1993-11-15,157.63
1993-11-16,144.25
1993-11-17,130.93
1993-11-18,125.66
1993-11-19,111.64
1993-11-20,110.5
1993-11-21,95.45
1993-11-22,93.5
1993-11-23,93.48
1993-11-24,101.73
1993-11-25,139.04
1993-11-26,210.69
1993-11-27,195.45
1993-11-28,182.69
1993-11-29,152.04
1993-11-30,132.38
1993-12-01,114.29
1993-12-02,113.75
1993-12-03,144.5
1993-12-04,240.1
1993-12-05,273.87
1993-12-06,308.98
1993-12-07,270.18
1993-12-08,256.04
1993-12-09,247.59
1993-12-10,303.46
1993-12-11,360.45
1993-12-12,270.1
1993-12-13,245.07
1993-12-14,219.08
1993-12-15,191.05
1993-12-16,199.03
1993-12-17,210.38
1993-12-18,235.85
1993-12-19,250.49
1993-12-20,265.81
1993-12-21,251.13
1993-12-22,254.61
1993-12-23,268.09
1993-12-24,270.01
1993-12-25,278.45
1993-12-26,270.55
1993-12-27,273.68
1993-12-28,371.23
1993-12-29,511.87
1993-12-30,544.68
1993-12-31,537.01
1994-01-01,448.93
1994-01-02,465.1
1994-01-03,600.0
1994-01-04,560.5
1994-01-05,440.93
1994-01-06,303.32
1994-01-07,282.03
1994-01-08,370.5
1994-01-09,435.0
1994-01-10,368.92
1994-01-11,347.76
1994-01-12,344.26
1994-01-13,347.22
1994-01-14,330.16
1994-01-15,302.37
1994-01-16,288.38
1994-01-17,274.45
1994-01-18,299.74
1994-01-19,268.15
1994-01-20,266.43
1994-01-21,295.48
1994-01-22,267.1
1994-01-23,369.58
1994-01-24,472.06
1994-01-25,409.86
1994-01-26,340.71
1994-01-27,374.62
1994-01-28,308.56
1994-01-29,382.88
1994-01-30,419.94
1994-01-31,457.21
1994-02-01,447.09
1994-02-02,357.81
1994-02-03,332.91
1994-02-04,421.64
1994-02-05,557.1
1994-02-06,586.38
1994-02-07,644.45
1994-02-08,540.57
1994-02-09,500.68
1994-02-10,443.81
1994-02-11,441.35
1994-02-12,492.21
1994-02-13,474.3
1994-02-14,408.04
1994-02-15,435.75
1994-02-16,472.31
1994-02-17,414.41
1994-02-18,425.86
1994-02-19,351.72
1994-02-20,380.41
1994-02-21,680.35
1994-02-22,542.04
1994-02-23,384.55
1994-02-24,375.23
1994-02-25,559.02
1994-02-26,616.7
1994-02-27,508.39
1994-02-28,415.18
1994-03-01,376.0
1994-03-02,344.0
1994-03-03,488.0
1994-03-04,428.0
1994-03-05,684.0
1994-03-06,583.0
1994-03-07,534.0
1994-03-08,514.0
1994-03-09,450.5
1994-03-10,390.0
1994-03-11,366.71
1994-03-12,345.3
1994-03-13,329.9
1994-03-14,330.0
1994-03-15,364.3
1994-03-16,359.0
1994-03-17,333.3
1994-03-18,434.0
1994-03-19,475.65
1994-03-20,350.2
1994-03-21,310.7
1994-03-22,258.0
1994-03-23,227.75
1994-03-24,245.0
1994-03-25,242.3
1994-03-26,222.85
1994-03-27,336.1
1994-03-28,418.05
1994-03-29,366.0
1994-03-30,529.7
1994-03-31,491.08
1994-04-01,495.8
1994-04-02,422.7
1994-04-03,355.04
1994-04-04,509.0
1994-04-05,397.3
1994-04-06,572.12
1994-04-07,498.75
1994-04-08,548.0
1994-04-09,418.7
1994-04-10,366.3
1994-04-11,293.25
1994-04-12,251.7
1994-04-13,250.0
1994-04-14,209.75
1994-04-15,201.63
1994-04-16,202.3
1994-04-17,225.7
1994-04-18,192.7
1994-04-19,164.0
1994-04-20,150.35
1994-04-21,161.0
1994-04-22,150.2
1994-04-23,122.51
1994-04-24,108.3
1994-04-25,91.71
1994-04-26,86.0
1994-04-27,86.31
1994-04-28,95.25
1994-04-29,118.7
1994-04-30,129.02
1994-05-01,112.0
1994-05-02,87.15
1994-05-03,77.7
1994-05-04,69.51
1994-05-05,50.35
1994-05-06,50.3
1994-05-07,45.8
1994-05-08,40.25
1994-05-09,42.38
1994-05-10,62.75
1994-05-11,59.3
1994-05-12,54.5
1994-05-13,46.8
1994-05-14,48.71
1994-05-15,48.15
1994-05-16,47.78
1994-05-17,46.95
1994-05-18,46.1
1994-05-19,44.38
1994-05-20,43.79
1994-05-21,43.95
1994-05-22,43.49
1994-05-23,42.65
1994-05-24,42.89
1994-05-25,42.55
1994-05-26,39.68
1994-05-27,37.36
1994-05-28,35.49
1994-05-29,33.98
1994-05-30,31.78
1994-05-31,32.48
1994-06-01,29.0
1994-06-02,28.48
1994-06-03,28.1
1994-06-04,27.45
1994-06-05,28.38
1994-06-06,26.0
1994-06-07,35.35
1994-06-08,35.8
1994-06-09,35.2
1994-06-10,35.48
1994-06-11,35.75
1994-06-12,35.45
1994-06-13,35.48
1994-06-14,35.69
1994-06-15,37.75
1994-06-16,38.98
1994-06-17,40.75
1994-06-18,60.45
1994-06-19,65.98
1994-06-20,70.45
1994-06-21,73.28
1994-06-22,63.65
1994-06-23,57.9
1994-06-24,56.47
1994-06-25,56.3
1994-06-26,54.86
1994-06-27,58.18
1994-06-28,56.0
1994-06-29,54.2
1994-06-30,50.9
1994-07-01,53.02
1994-07-02,51.65
1994-07-03,52.45
1994-07-04,50.71
1994-07-05,51.23
1994-07-06,50.54
1994-07-07,50.09
1994-07-08,51.12
1994-07-09,52.67
1994-07-10,51.86
1994-07-11,49.66
1994-07-12,49.1
1994-07-13,47.77
1994-07-14,52.59
1994-07-15,52.59
1994-07-16,51.17
1994-07-17,48.36
1994-07-18,40.0
1994-07-19,49.23
1994-07-20,43.6
1994-07-21,44.62
1994-07-22,43.63
1994-07-23,41.95
1994-07-24,42.06
1994-07-25,43.63
1994-07-26,42.92
1994-07-27,44.91
1994-07-28,44.57
1994-07-29,49.7
1994-07-30,46.46
1994-07-31,45.01
1994-08-01,48.32
1994-08-02,46.73
1994-08-03,40.69
1994-08-04,42.6
1994-08-05,40.83
1994-08-06,40.29
1994-08-07,40.56
1994-08-08,41.23
1994-08-09,40.29
1994-08-10,40.16
1994-08-11,40.06
1994-08-12,40.55
1994-08-13,36.74
1994-08-14,36.79
1994-08-15,35.94
1994-08-16,36.16
1994-08-17,38.32
1994-08-18,40.04
1994-08-19,38.77
1994-08-20,38.54
1994-08-21,38.28
1994-08-22,39.4
1994-08-23,37.99
1994-08-24,39.11
1994-08-25,43.55
1994-08-26,42.69
1994-08-27,44.1
1994-08-28,42.47
1994-08-29,46.74
1994-08-30,41.06
1994-08-31,40.55
1994-09-01,39.56
1994-09-02,37.96
1994-09-03,36.52
1994-09-04,35.56
1994-09-05,39.93
1994-09-06,41.5
1994-09-07,43.53
1994-09-08,40.06
1994-09-09,42.7
1994-09-10,47.09
1994-09-11,47.14
1994-09-12,45.71
1994-09-13,44.29
1994-09-14,47.57
1994-09-15,46.72
1994-09-16,47.24
1994-09-17,45.94
1994-09-18,47.45
1994-09-19,46.88
1994-09-20,45.23
1994-09-21,42.32
1994-09-22,46.55
1994-09-23,44.7
1994-09-24,46.21
1994-09-25,49.5
1994-09-26,51.83
1994-09-27,46.99
1994-09-28,43.73
1994-09-29,69.54
1994-09-30,54.1
1994-10-01,45.6
1994-10-02,44.21
1994-10-03,43.13
1994-10-04,48.3
1994-10-05,43.52
1994-10-06,55.15
1994-10-07,45.04
1994-10-08,44.08
1994-10-09,45.72
1994-10-10,46.13
1994-10-11,41.25
1994-10-12,41.65
1994-10-13,38.75
1994-10-14,36.82
1994-10-15,37.74
1994-10-16,36.5
1994-10-17,45.21
1994-10-18,51.1
1994-10-19,49.42
1994-10-20,45.0
1994-10-21,43.85
1994-10-22,43.12
1994-10-23,40.76
1994-10-24,42.16
1994-10-25,47.44
1994-10-26,54.81
1994-10-27,53.35
1994-10-28,42.41
1994-10-29,42.72
1994-10-30,45.63
1994-10-31,42.1
1994-11-01,46.89
1994-11-02,45.32
1994-11-03,46.14
1994-11-04,62.25
1994-11-05,91.31
1994-11-06,79.0
1994-11-07,70.56
1994-11-08,84.63
1994-11-09,88.37
1994-11-10,105.28
1994-11-11,131.65
1994-11-12,110.0
1994-11-13,80.44
1994-11-14,85.75
1994-11-15,86.03
1994-11-16,87.25
1994-11-17,73.38
1994-11-18,64.0
1994-11-19,56.95
1994-11-20,53.72
1994-11-21,53.1
1994-11-22,56.23
1994-11-23,56.65
1994-11-24,55.48
1994-11-25,50.0
1994-11-26,55.23
1994-11-27,56.14
1994-11-28,60.91
1994-11-29,60.38
1994-11-30,65.12
1994-12-01,73.45
1994-12-02,106.12
1994-12-03,99.71
1994-12-04,94.65
1994-12-05,85.03
1994-12-06,85.6
1994-12-07,76.91
1994-12-08,66.05
1994-12-09,66.48
1994-12-10,61.97
1994-12-11,63.68
1994-12-12,63.05
1994-12-13,72.45
1994-12-14,82.38
1994-12-15,68.0
1994-12-16,64.11
1994-12-17,66.55
1994-12-18,66.14
1994-12-19,84.75
1994-12-20,158.22
1994-12-21,135.49
1994-12-22,129.0
1994-12-23,148.11
1994-12-24,152.38
1994-12-25,123.09
1994-12-26,137.91
1994-12-27,206.12
1994-12-28,156.76
1994-12-29,136.44
1994-12-30,134.78
1994-12-31,132.41
1995-01-01,142.3
1995-01-02,224.45
1995-01-03,223.38
1995-01-04,253.71
1995-01-05,198.02
1995-01-06,163.31
1995-01-07,143.43
1995-01-08,186.25
1995-01-09,146.18
1995-01-10,127.25
1995-01-11,118.03
1995-01-12,102.42
1995-01-13,82.38
1995-01-14,94.15
1995-01-15,95.08
1995-01-16,101.99
1995-01-17,88.65
1995-01-18,110.58
1995-01-19,97.37
1995-01-20,145.13
1995-01-21,103.24
1995-01-22,110.32
1995-01-23,125.21
1995-01-24,127.01
1995-01-25,125.11
1995-01-26,155.32
1995-01-27,200.25
1995-01-28,168.38
1995-01-29,151.7
1995-01-30,145.61
1995-01-31,142.32
1995-02-01,140.18
1995-02-02,145.25
1995-02-03,143.01
1995-02-04,147.29
1995-02-05,158.87
1995-02-06,125.45
1995-02-07,111.48
1995-02-08,122.99
1995-02-09,107.07
1995-02-10,90.35
1995-02-11,89.28
1995-02-12,89.71
1995-02-13,99.48
1995-02-14,118.11
1995-02-15,116.23
1995-02-16,117.41
1995-02-17,122.38
1995-02-18,144.25
1995-02-19,135.36
1995-02-20,150.1
1995-02-21,181.99
1995-02-22,352.33
1995-02-23,336.55
1995-02-24,256.61
1995-02-25,203.28
1995-02-26,158.33
1995-02-27,141.28
1995-02-28,148.72
1995-03-01,214.12
1995-03-02,179.99
1995-03-03,159.33
1995-03-04,144.16
1995-03-05,144.45
1995-03-06,145.74
1995-03-07,202.36
1995-03-08,221.22
1995-03-09,230.08
1995-03-10,215.25
1995-03-11,210.0
1995-03-12,315.16
1995-03-13,338.07
1995-03-14,323.76
1995-03-15,262.45
1995-03-16,214.18
1995-03-17,193.01
1995-03-18,190.23
1995-03-19,202.38
1995-03-20,204.35
1995-03-21,187.98
1995-03-22,210.3
1995-03-23,237.15
1995-03-24,255.93
1995-03-25,299.28
1995-03-26,269.1
1995-03-27,262.85
1995-03-28,268.18
1995-03-29,268.02
1995-03-30,254.43
1995-03-31,242.97
1995-04-01,294.82
1995-04-02,357.78
1995-04-03,310.61
1995-04-04,301.19
1995-04-05,301.88
1995-04-06,247.46
1995-04-07,214.79
1995-04-08,288.44
1995-04-09,341.24
1995-04-10,366.4
1995-04-11,302.35
1995-04-12,266.26
1995-04-13,247.79
1995-04-14,292.91
1995-04-15,303.91
1995-04-16,262.92
1995-04-17,272.75
1995-04-18,246.58
1995-04-19,208.22
1995-04-20,183.96
1995-04-21,168.67
1995-04-22,153.65
1995-04-23,146.29
1995-04-24,140.85
1995-04-25,132.02
1995-04-26,124.02
1995-04-27,115.33
1995-04-28,109.07
1995-04-29,102.76
1995-04-30,98.21
1995-05-01,95.63
1995-05-02,104.23
1995-05-03,117.15
1995-05-04,118.06
1995-05-05,109.36
1995-05-06,100.19
1995-05-07,95.59
1995-05-08,90.19
1995-05-09,90.47
1995-05-10,92.76
1995-05-11,93.16
1995-05-12,91.11
1995-05-13,81.55
1995-05-14,73.48
1995-05-15,67.72
1995-05-16,70.33
1995-05-17,69.65
1995-05-18,67.56
1995-05-19,62.13
1995-05-20,70.87
1995-05-21,79.11
1995-05-22,77.86
1995-05-23,70.57
1995-05-24,66.72
1995-05-25,59.48
1995-05-26,54.43
1995-05-27,51.7
1995-05-28,49.59
1995-05-29,47.39
1995-05-30,47.85
1995-05-31,46.55
1995-06-01,49.36
1995-06-02,46.82
1995-06-03,45.38
1995-06-04,45.99
1995-06-05,48.51
1995-06-06,48.06
1995-06-07,48.28
1995-06-08,49.36
1995-06-09,48.87
1995-06-10,51.72
1995-06-11,53.43
1995-06-12,54.69
1995-06-13,51.73
1995-06-14,49.79
1995-06-15,46.64
1995-06-16,45.23
1995-06-17,46.77
1995-06-18,47.09
1995-06-19,51.39
1995-06-20,49.21
1995-06-21,49.1
1995-06-22,47.88
1995-06-23,45.45
1995-06-24,43.55
1995-06-25,39.29
1995-06-26,39.94
1995-06-27,39.15
1995-06-28,39.58
1995-06-29,39.71
1995-06-30,39.22
1995-07-01,37.71
1995-07-02,39.56
1995-07-03,38.74
1995-07-04,38.75
1995-07-05,38.72
1995-07-06,38.6
1995-07-07,37.75
1995-07-08,39.07
1995-07-09,39.04
1995-07-10,38.99
1995-07-11,37.89
1995-07-12,37.11
1995-07-13,38.55
1995-07-14,38.48
1995-07-15,38.67
1995-07-16,38.11
1995-07-17,38.06
1995-07-18,38.64
1995-07-19,39.08
1995-07-20,39.45
1995-07-21,40.79
1995-07-22,44.68
1995-07-23,40.89
1995-07-24,35.87
1995-07-25,36.44
1995-07-26,37.33
1995-07-27,38.99
1995-07-28,38.15
1995-07-29,37.51
1995-07-30,38.06
1995-07-31,38.69
1995-08-01,39.26
1995-08-02,39.62
1995-08-03,39.34
1995-08-04,42.18
1995-08-05,45.49
1995-08-06,44.98
1995-08-07,41.76
1995-08-08,38.89
1995-08-09,38.96
1995-08-10,40.11
1995-08-11,41.12
1995-08-12,42.82
1995-08-13,44.32
1995-08-14,43.22
1995-08-15,41.73
1995-08-16,40.41
1995-08-17,40.35
1995-08-18,39.4
1995-08-19,38.31
1995-08-20,39.81
1995-08-21,38.25
1995-08-22,39.18
1995-08-23,39.59
1995-08-24,41.36
1995-08-25,45.41
1995-08-26,44.36
1995-08-27,40.44
1995-08-28,39.59
1995-08-29,38.96
1995-08-30,42.62
1995-08-31,43.01
1995-09-01,41.71
1995-09-02,41.52
1995-09-03,41.5
1995-09-04,41.17
1995-09-05,41.38
1995-09-06,47.35
1995-09-07,48.96
1995-09-08,49.62
1995-09-09,46.46
1995-09-10,44.26
1995-09-11,44.97
1995-09-12,48.26
1995-09-13,47.82
1995-09-14,46.42
1995-09-15,45.62
1995-09-16,41.06
1995-09-17,40.2
1995-09-18,40.51
1995-09-19,38.56
1995-09-20,40.47
1995-09-21,41.48
1995-09-22,40.14
1995-09-23,40.91
1995-09-24,40.02
1995-09-25,40.19
1995-09-26,41.78
1995-09-27,42.23
1995-09-28,43.49
1995-09-29,41.3
1995-09-30,40.11
1995-10-01,43.97
1995-10-02,47.85
1995-10-03,47.14
1995-10-04,42.33
1995-10-05,41.31
1995-10-06,42.91
1995-10-07,45.42
1995-10-08,47.94
1995-10-09,45.35
1995-10-10,43.29
1995-10-11,41.17
1995-10-12,41.21
1995-10-13,42.54
1995-10-14,43.49
1995-10-15,45.41
1995-10-16,50.03
1995-10-17,45.34
1995-10-18,50.53
1995-10-19,54.83
1995-10-20,50.05
1995-10-21,41.93
1995-10-22,39.59
1995-10-23,39.04
1995-10-24,39.46
1995-10-25,51.65
1995-10-26,51.4
1995-10-27,50.6
1995-10-28,50.08
1995-10-29,47.0
1995-10-30,57.19
1995-10-31,86.84
1995-11-01,96.8
1995-11-02,119.53
1995-11-03,93.79
1995-11-04,75.26
1995-11-05,63.39
1995-11-06,57.67
1995-11-07,64.17
1995-11-08,87.56
1995-11-09,90.26
1995-11-10,85.38
1995-11-11,81.13
1995-11-12,80.15
1995-11-13,88.27
1995-11-14,124.83
1995-11-15,136.58
1995-11-16,183.95
1995-11-17,189.51
1995-11-18,143.55
1995-11-19,118.38
1995-11-20,115.91
1995-11-21,106.49
1995-11-22,99.06
1995-11-23,86.99
1995-11-24,78.37
1995-11-25,71.02
1995-11-26,62.35
1995-11-27,60.43
1995-11-28,57.73
1995-11-29,60.87
1995-11-30,64.23
1995-12-01,65.38
1995-12-02,72.22
1995-12-03,76.63
1995-12-04,82.39
1995-12-05,80.63
1995-12-06,71.96
1995-12-07,68.4
1995-12-08,66.89
1995-12-09,63.58
1995-12-10,65.4
1995-12-11,67.64
1995-12-12,69.87
1995-12-13,68.02
1995-12-14,68.42
1995-12-15,69.47
1995-12-16,66.89
1995-12-17,61.4
1995-12-18,60.4
1995-12-19,60.58
1995-12-20,61.97
1995-12-21,76.27
1995-12-22,82.74
1995-12-23,116.1
1995-12-24,158.3
1995-12-25,152.41
1995-12-26,200.23
1995-12-27,255.4
1995-12-28,288.58
1995-12-29,266.98
1995-12-30,288.52
1995-12-31,292.83
1996-01-01,258.5
1996-01-02,272.6
1996-01-03,320.94
1996-01-04,335.01
1996-01-05,280.16
1996-01-06,242.04
1996-01-07,226.69
1996-01-08,232.71
1996-01-09,284.83
1996-01-10,313.71
1996-01-11,318.69
1996-01-12,375.04
1996-01-13,366.84
1996-01-14,319.21
1996-01-15,236.25
1996-01-16,203.1
1996-01-17,174.9
1996-01-18,155.5
1996-01-19,143.85
1996-01-20,138.81
1996-01-21,131.75
1996-01-22,120.79
1996-01-23,109.03
1996-01-24,105.78
1996-01-25,109.33
1996-01-26,138.87
1996-01-27,204.99
1996-01-28,221.47
1996-01-29,169.61
1996-01-30,150.32
1996-01-31,158.64
1996-02-01,176.53
1996-02-02,207.06
1996-02-03,208.41
1996-02-04,199.61
1996-02-05,185.5
1996-02-06,163.04
1996-02-07,146.84
1996-02-08,138.67
1996-02-09,171.77
1996-02-10,208.2
1996-02-11,294.04
1996-02-12,378.55
1996-02-13,326.5
1996-02-14,318.43
1996-02-15,274.31
1996-02-16,316.99
1996-02-17,340.58
1996-02-18,333.44
1996-02-19,490.09
1996-02-20,730.22
1996-02-21,709.27
1996-02-22,512.24
1996-02-23,382.39
1996-02-24,320.92
1996-02-25,329.1
1996-02-26,275.24
1996-02-27,266.55
1996-02-28,253.92
1996-02-29,323.92
1996-03-01,379.26
1996-03-02,485.32
1996-03-03,486.44
1996-03-04,544.86
1996-03-05,486.99
1996-03-06,377.68
1996-03-07,340.06
1996-03-08,363.72
1996-03-09,340.56
1996-03-10,335.53
1996-03-11,353.65
1996-03-12,374.12
1996-03-13,328.88
1996-03-14,322.26
1996-03-15,360.71
1996-03-16,416.57
1996-03-17,374.51
1996-03-18,319.33
1996-03-19,333.83
1996-03-20,321.15
1996-03-21,302.0
1996-03-22,251.29
1996-03-23,271.64
1996-03-24,279.15
1996-03-25,311.75
1996-03-26,272.64
1996-03-27,260.64
1996-03-28,298.85
1996-03-29,394.73
1996-03-30,394.02
1996-03-31,396.44
1996-04-01,439.74
1996-04-02,475.99
1996-04-03,473.19
1996-04-04,434.22
1996-04-05,521.75
1996-04-06,425.27
1996-04-07,360.7
1996-04-08,315.99
1996-04-09,298.47
1996-04-10,297.78
1996-04-11,364.54
1996-04-12,393.87
1996-04-13,374.18
1996-04-14,338.63
1996-04-15,289.05
1996-04-16,290.17
1996-04-17,264.36
1996-04-18,287.41
1996-04-19,322.09
1996-04-20,321.15
1996-04-21,302.21
1996-04-22,266.69
1996-04-23,234.97
1996-04-24,211.78
1996-04-25,208.42
1996-04-26,190.31
1996-04-27,186.9
1996-04-28,172.62
1996-04-29,169.39
1996-04-30,167.39
1996-05-01,154.38
1996-05-02,145.44
1996-05-03,140.31
1996-05-04,131.91
1996-05-05,128.26
1996-05-06,123.35
1996-05-07,115.03
1996-05-08,114.74
1996-05-09,109.78
1996-05-10,107.09
1996-05-11,104.44
1996-05-12,106.08
1996-05-13,114.71
1996-05-14,117.68
1996-05-15,113.18
1996-05-16,102.85
1996-05-17,93.22
1996-05-18,91.35
1996-05-19,89.56
1996-05-20,88.77
1996-05-21,86.94
1996-05-22,87.04
1996-05-23,90.1
1996-05-24,87.68
1996-05-25,88.07
1996-05-26,90.49
1996-05-27,83.7
1996-05-28,77.33
1996-05-29,74.75
1996-05-30,73.62
1996-05-31,68.03
1996-06-01,67.16
1996-06-02,69.3
1996-06-03,72.22
1996-06-04,71.82
1996-06-05,72.72
1996-06-06,69.24
1996-06-07,60.82
1996-06-08,55.88
1996-06-09,52.37
1996-06-10,54.57
1996-06-11,51.49
1996-06-12,50.61
1996-06-13,50.87
1996-06-14,50.84
1996-06-15,50.49
1996-06-16,50.28
1996-06-17,50.6
1996-06-18,50.27
1996-06-19,48.9
1996-06-20,47.97
1996-06-21,47.21
1996-06-22,48.14
1996-06-23,48.24
1996-06-24,48.87
1996-06-25,45.87
1996-06-26,46.75
1996-06-27,47.81
1996-06-28,50.41
1996-06-29,51.43
1996-06-30,50.94
1996-07-01,48.38
1996-07-02,47.4
1996-07-03,45.67
1996-07-04,50.77
1996-07-05,40.49
1996-07-06,43.44
1996-07-07,42.52
1996-07-08,44.05
1996-07-09,46.38
1996-07-10,43.28
1996-07-11,41.6
1996-07-12,41.96
1996-07-13,41.95
1996-07-14,41.54
1996-07-15,41.59
1996-07-16,42.98
1996-07-17,40.99
1996-07-18,41.08
1996-07-19,41.03
1996-07-20,40.88
1996-07-21,40.15
1996-07-22,39.48
1996-07-23,41.36
1996-07-24,42.62
1996-07-25,40.62
1996-07-26,42.23
1996-07-27,42.87
1996-07-28,42.02
1996-07-29,40.28
1996-07-30,41.99
1996-07-31,40.77
1996-08-01,44.34
1996-08-02,45.65
1996-08-03,45.57
1996-08-04,46.4
1996-08-05,47.37
1996-08-06,47.52
1996-08-07,48.6
1996-08-08,48.16
1996-08-09,43.34
1996-08-10,40.87
1996-08-11,39.87
1996-08-12,41.78
1996-08-13,40.74
1996-08-14,39.35
1996-08-15,40.0
1996-08-16,42.82
1996-08-17,40.06
1996-08-18,39.14
1996-08-19,38.72
1996-08-20,38.85
1996-08-21,36.44
1996-08-22,38.62
1996-08-23,38.12
1996-08-24,39.33
1996-08-25,36.02
1996-08-26,39.94
1996-08-27,44.17
1996-08-28,42.98
1996-08-29,41.26
1996-08-30,41.12
1996-08-31,39.46
1996-09-01,40.81
1996-09-02,42.16
1996-09-03,40.1
1996-09-04,45.75
1996-09-05,44.32
1996-09-06,43.29
1996-09-07,41.42
1996-09-08,42.0
1996-09-09,43.5
1996-09-10,44.0
1996-09-11,43.85
1996-09-12,41.46
1996-09-13,38.46
1996-09-14,37.38
1996-09-15,37.03
1996-09-16,38.87
1996-09-17,37.32
1996-09-18,41.07
1996-09-19,44.99
1996-09-20,47.97
1996-09-21,38.97
1996-09-22,37.97
1996-09-23,35.7
1996-09-24,34.1
1996-09-25,35.0
1996-09-26,35.17
1996-09-27,45.07
1996-09-28,53.13
1996-09-29,45.62
1996-09-30,39.88
1996-10-01,49.85
1996-10-02,53.26
1996-10-03,59.32
1996-10-04,53.1
1996-10-05,47.81
1996-10-06,45.21
1996-10-07,47.58
1996-10-08,56.12
1996-10-09,65.91
1996-10-10,98.71
1996-10-11,84.32
1996-10-12,66.84
1996-10-13,54.4
1996-10-14,50.38
1996-10-15,57.13
1996-10-16,63.57
1996-10-17,55.71
1996-10-18,53.27
1996-10-19,52.72
1996-10-20,51.58
1996-10-21,48.03
1996-10-22,50.47
1996-10-23,69.48
1996-10-24,78.19
1996-10-25,83.85
1996-10-26,80.35
1996-10-27,90.51
1996-10-28,81.51
1996-10-29,70.85
1996-10-30,70.98
1996-10-31,79.12
1996-11-01,106.23
1996-11-02,121.26
1996-11-03,142.65
1996-11-04,121.99
1996-11-05,105.38
1996-11-06,119.6
1996-11-07,116.63
1996-11-08,102.2
1996-11-09,85.98
1996-11-10,74.73
1996-11-11,68.02
1996-11-12,61.5
1996-11-13,60.82
1996-11-14,61.6
1996-11-15,59.02
1996-11-16,58.33
1996-11-17,56.21
1996-11-18,54.92
1996-11-19,54.49
1996-11-20,56.32
1996-11-21,55.65
1996-11-22,53.06
1996-11-23,50.75
1996-11-24,51.83
1996-11-25,50.36
1996-11-26,50.01
1996-11-27,48.66
1996-11-28,48.34
1996-11-29,48.18
1996-11-30,52.05
1996-12-01,67.75
1996-12-02,79.28
1996-12-03,62.23
1996-12-04,57.11
1996-12-05,59.15
1996-12-06,65.88
1996-12-07,69.26
1996-12-08,73.41
1996-12-09,69.3
1996-12-10,60.08
1996-12-11,57.4
1996-12-12,52.87
1996-12-13,54.58
1996-12-14,54.55
1996-12-15,53.03
1996-12-16,53.11
1996-12-17,52.83
1996-12-18,53.12
1996-12-19,51.15
1996-12-20,62.1
1996-12-21,93.59
1996-12-22,83.73
1996-12-23,73.43
1996-12-24,70.65
1996-12-25,74.79
1996-12-26,89.89
1996-12-27,104.73
1996-12-28,108.8
1996-12-29,95.06
1996-12-30,81.65
1996-12-31,75.9
1997-01-01,77.0
1997-01-02,75.0
1997-01-03,72.0
1997-01-04,67.0
1997-01-05,65.0
1997-01-06,72.0
1997-01-07,77.0
1997-01-08,92.0
1997-01-09,110.0
1997-01-10,132.0
1997-01-11,108.0
1997-01-12,97.0
1997-01-13,89.0
1997-01-14,84.0
1997-01-15,86.0
1997-01-16,96.0
1997-01-17,145.0
1997-01-18,170.0
1997-01-19,148.0
1997-01-20,126.0
1997-01-21,102.56
1997-01-22,91.0
1997-01-23,86.0
1997-01-24,81.0
1997-01-25,77.0
1997-01-26,82.0
1997-01-27,121.18
1997-01-28,177.0
1997-01-29,161.0
1997-01-30,133.0
1997-01-31,112.0
1997-02-01,102.0
1997-02-02,96.0
1997-02-03,82.39
1997-02-04,83.0
1997-02-05,87.0
1997-02-06,88.28
1997-02-07,117.0
1997-02-08,118.0
1997-02-09,133.0
1997-02-10,163.0
1997-02-11,180.0
1997-02-12,202.0
1997-02-13,218.0
1997-02-14,176.92
1997-02-15,165.0
1997-02-16,167.0
1997-02-17,187.93
1997-02-18,243.0
1997-02-19,225.0
1997-02-20,211.91
1997-02-21,246.0
1997-02-22,340.0
1997-02-23,317.0
1997-02-24,293.83
1997-02-25,342.32
1997-02-26,315.0
1997-02-27,242.76
1997-02-28,237.0
1997-03-01,237.0
1997-03-02,222.0
1997-03-03,188.89
1997-03-04,164.0
1997-03-05,154.0
1997-03-06,180.33
1997-03-07,161.0
1997-03-08,152.0
1997-03-09,136.0
1997-03-10,143.0
1997-03-11,158.0
1997-03-12,145.0
1997-03-13,140.23
1997-03-14,131.0
1997-03-15,137.0
1997-03-16,171.0
1997-03-17,171.12
1997-03-18,164.0
1997-03-19,136.0
1997-03-20,127.53
1997-03-21,110.0
1997-03-22,106.0
1997-03-23,104.0
1997-03-24,100.22
1997-03-25,94.0
1997-03-26,92.0
1997-03-27,87.0
1997-03-28,81.0
1997-03-29,76.0
1997-03-30,68.0
1997-03-31,65.86
1997-04-01,62.0
1997-04-02,62.0
1997-04-03,57.61
1997-04-04,61.0
1997-04-05,60.0
1997-04-06,56.0
1997-04-07,67.0
1997-04-08,62.0
1997-04-09,53.0
1997-04-10,58.08
1997-04-11,66.0
1997-04-12,65.0
1997-04-13,89.0
1997-04-14,92.0
1997-04-15,88.0
1997-04-16,88.0
1997-04-17,105.28
1997-04-18,105.0
1997-04-19,95.0
1997-04-20,81.0
1997-04-21,67.75
1997-04-22,77.0
1997-04-23,71.0
1997-04-24,69.0
1997-04-25,61.0
1997-04-26,80.0
1997-04-27,83.0
1997-04-28,63.67
1997-04-29,61.0
1997-04-30,90.0
1997-05-01,102.0
1997-05-02,78.0
1997-05-03,86.0
1997-05-04,76.0
1997-05-05,67.57
1997-05-06,66.0
1997-05-07,54.0
1997-05-08,54.0
1997-05-09,54.16
1997-05-10,61.0
1997-05-11,60.0
1997-05-12,59.0
1997-05-13,60.06
1997-05-14,62.0
1997-05-15,60.0
1997-05-16,58.0
1997-05-17,58.0
1997-05-18,55.0
1997-05-19,51.65
1997-05-20,51.0
1997-05-21,52.0
1997-05-22,50.0
1997-05-23,49.0
1997-05-24,48.0
1997-05-25,45.0
1997-05-26,45.0
1997-05-27,50.0
1997-05-28,48.0
1997-05-29,47.0
1997-05-30,47.0
1997-05-31,42.0
1997-06-01,42.0
1997-06-02,41.65
1997-06-03,41.0
1997-06-04,40.0
1997-06-05,40.84
1997-06-06,42.0
1997-06-07,40.0
1997-06-08,39.0
1997-06-09,39.0
1997-06-10,40.0
1997-06-11,39.0
1997-06-12,37.57
1997-06-13,38.0
1997-06-14,38.0
1997-06-15,39.0
1997-06-16,41.12
1997-06-17,41.0
1997-06-18,41.0
1997-06-19,41.97
1997-06-20,40.0
1997-06-21,39.0
1997-06-22,40.0
1997-06-23,38.52
1997-06-24,39.0
1997-06-25,38.0
1997-06-26,36.72
1997-06-27,36.0
1997-06-28,38.0
1997-06-29,37.0
1997-06-30,37.49
1997-07-01,35.65
1997-07-02,34.81
1997-07-03,40.0
1997-07-04,41.25
1997-07-05,41.5
1997-07-06,40.68
1997-07-07,37.0
1997-07-08,36.5
1997-07-09,36.38
1997-07-10,35.75
1997-07-11,35.1
1997-07-12,35.16
1997-07-13,34.68
1997-07-14,34.02
1997-07-15,35.78
1997-07-16,35.15
1997-07-17,36.43
1997-07-18,35.24
1997-07-19,35.18
1997-07-20,34.0
1997-07-21,35.04
1997-07-22,33.02
1997-07-23,36.01
1997-07-24,35.01
1997-07-25,42.0
1997-07-26,41.0
1997-07-27,42.0
1997-07-28,40.0
1997-07-29,44.75
1997-07-30,43.0
1997-07-31,42.0
1997-08-01,35.65
1997-08-02,34.81
1997-08-03,40.08
1997-08-04,41.25
1997-08-05,41.5
1997-08-06,40.68
1997-08-07,37.35
1997-08-08,36.5
1997-08-09,36.1
1997-08-10,36.08
1997-08-11,35.75
1997-08-12,35.1
1997-08-13,35.16
1997-08-14,34.0
1997-08-15,34.0
1997-08-16,35.78
1997-08-17,35.15
1997-08-18,36.0
1997-08-19,35.0
1997-08-20,34.0
1997-08-21,35.0
1997-08-22,33.0
1997-08-23,36.0
1997-08-24,35.0
1997-08-25,42.0
1997-08-26,42.0
1997-08-27,40.0
1997-08-28,44.0
1997-08-29,43.0
1997-08-30,42.0
1997-08-31,43.0
1997-09-01,41.6
1997-09-02,38.35
1997-09-03,43.33
1997-09-04,43.7
1997-09-05,44.65
1997-09-06,44.5
1997-09-07,43.7
1997-09-08,45.0
1997-09-09,46.0
1997-09-10,44.55
1997-09-11,46.7
1997-09-12,48.07
1997-09-13,49.5
1997-09-14,49.85
1997-09-15,47.3
1997-09-16,45.25
1997-09-17,45.2
1997-09-18,47.7
1997-09-19,48.39
1997-09-20,45.51
1997-09-21,43.8
1997-09-22,43.35
1997-09-23,47.68
1997-09-24,50.26
1997-09-25,51.0
1997-09-26,50.25
1997-09-27,48.78
1997-09-28,73.6
1997-09-29,71.74
1997-09-30,66.38
1997-10-01,59.5
1997-10-02,50.35
1997-10-03,48.68
1997-10-04,45.73
1997-10-05,44.0
1997-10-06,41.94
1997-10-07,42.05
1997-10-08,42.3
1997-10-09,44.73
1997-10-10,44.8
1997-10-11,45.63
1997-10-12,45.13
1997-10-13,53.62
1997-10-14,50.07
1997-10-15,48.95
1997-10-16,48.0
1997-10-17,44.63
1997-10-18,40.15
1997-10-19,38.13
1997-10-20,36.55
1997-10-21,37.8
1997-10-22,40.05
1997-10-23,43.0
1997-10-24,43.0
1997-10-25,110.0
1997-10-26,95.38
1997-10-27,75.3
1997-10-28,70.0
1997-10-29,58.5
1997-10-30,55.63
1997-10-31,83.05
1997-11-01,113.0
1997-11-02,118.0
1997-11-03,118.47
1997-11-04,129.35
1997-11-05,141.0
1997-11-06,119.54
1997-11-07,119.51
1997-11-08,122.5
1997-11-09,129.0
1997-11-10,132.61
1997-11-11,170.0
1997-11-12,130.5
1997-11-13,110.65
1997-11-14,90.0
1997-11-15,85.75
1997-11-16,87.32
1997-11-17,84.62
1997-11-18,80.91
1997-11-19,75.0
1997-11-20,88.01
1997-11-21,70.0
1997-11-22,60.35
1997-11-23,59.43
1997-11-24,105.33
1997-11-25,142.0
1997-11-26,148.1
1997-11-27,115.23
1997-11-28,119.1
1997-11-29,145.0
1997-11-30,158.0
1997-12-01,182.0
1997-12-02,183.0
1997-12-03,217.0
1997-12-04,250.0
1997-12-05,242.0
1997-12-06,245.0
1997-12-07,200.0
1997-12-08,180.0
1997-12-09,224.0
1997-12-10,247.0
1997-12-11,270.16
1997-12-12,296.0
1997-12-13,270.0
1997-12-14,302.0
1997-12-15,198.0
1997-12-16,182.0
1997-12-17,219.0
1997-12-18,363.0
1997-12-19,407.0
1997-12-20,450.0
1997-12-21,400.0
1997-12-22,355.0
1997-12-23,280.0
1997-12-24,235.0
1997-12-25,225.0
1997-12-26,280.0
1997-12-27,380.0
1997-12-28,430.0
1997-12-29,362.0
1997-12-30,319.0
1997-12-31,260.0
1998-01-01,311.0
1998-01-02,309.0
1998-01-03,247.0
1998-01-04,230.0
1998-01-05,223.0
1998-01-06,256.0
1998-01-07,369.0
1998-01-08,314.0
1998-01-09,477.0
1998-01-10,290.0
1998-01-11,300.0
1998-01-12,258.0
1998-01-13,246.0
1998-01-14,284.0
1998-01-15,483.0
1998-01-16,360.0
1998-01-17,513.0
1998-01-18,423.0
1998-01-19,360.0
1998-01-20,336.0
1998-01-21,328.0
1998-01-22,411.0
1998-01-23,459.0
1998-01-24,459.0
1998-01-25,543.0
1998-01-26,570.0
1998-01-27,540.0
1998-01-28,562.0
1998-01-29,511.0
1998-01-30,520.0
1998-01-31,610.0
1998-02-01,510.0
1998-02-02,445.0
1998-02-03,447.0
1998-02-04,452.0
1998-02-05,451.0
1998-02-06,523.0
1998-02-07,570.0
1998-02-08,582.0
1998-02-09,610.0
1998-02-10,640.0
1998-02-11,667.0
1998-02-12,608.0
1998-02-13,603.0
1998-02-14,485.0
1998-02-15,469.0
1998-02-16,449.0
1998-02-17,385.0
1998-02-18,455.0
1998-02-19,455.0
1998-02-20,403.0
1998-02-21,427.0
1998-02-22,464.0
1998-02-23,450.0
1998-02-24,620.0
1998-02-25,618.0
1998-02-26,607.0
1998-02-27,618.0
1998-02-28,610.0
1998-03-01,800.0
1998-03-02,806.0
1998-03-03,660.0
1998-03-04,875.0
1998-03-05,935.0
1998-03-06,680.0
1998-03-07,560.0
1998-03-08,650.0
1998-03-09,565.0
1998-03-10,585.0
1998-03-11,600.0
1998-03-12,545.0
1998-03-13,585.0
1998-03-14,705.0
1998-03-15,815.0
1998-03-16,810.0
1998-03-17,720.0
1998-03-18,710.0
1998-03-19,559.0
1998-03-20,520.0
1998-03-21,496.0
1998-03-22,540.0
1998-03-23,550.0
1998-03-24,557.0
1998-03-25,435.0
1998-03-26,469.0
1998-03-27,463.0
1998-03-28,481.0
1998-03-29,398.0
1998-03-30,567.0
1998-03-31,494.0
1998-04-01,427.0
1998-04-02,390.0
1998-04-03,408.6
1998-04-04,386.6
1998-04-05,403.0
1998-04-06,404.2
1998-04-07,402.2
1998-04-08,384.6
1998-04-09,392.6
1998-04-10,418.8
1998-04-11,447.8
1998-04-12,414.2
1998-04-13,420.2
1998-04-14,502.4
1998-04-15,412.0
1998-04-16,388.0
1998-04-17,364.0
1998-04-18,330.6
1998-04-19,361.2
1998-04-20,320.935
1998-04-21,280.67
1998-04-22,270.0
1998-04-23,246.6
1998-04-24,235.25
1998-04-25,222.0
1998-04-26,230.33
1998-04-27,204.0
1998-04-28,203.67
1998-04-29,198.33
1998-04-30,194.67
1998-05-01,225.67
1998-05-02,204.33
1998-05-03,178.33
1998-05-04,155.0
1998-05-05,205.0
1998-05-06,216.0
1998-05-07,202.33
1998-05-08,180.0
1998-05-09,176.0
1998-05-10,167.33
1998-05-11,162.33
1998-05-12,158.0
1998-05-13,147.0
1998-05-14,140.67
1998-05-15,144.0
1998-05-16,139.67
1998-05-17,134.0
1998-05-18,130.0
1998-05-19,122.0
1998-05-20,118.33
1998-05-21,112.0
1998-05-22,107.0
1998-05-23,115.67
1998-05-24,110.33
1998-05-25,96.0
1998-05-26,94.67
1998-05-27,96.0
1998-05-28,95.67
1998-05-29,95.33
1998-05-30,92.0
1998-05-31,87.67
1998-06-01,84.33
1998-06-02,79.33
1998-06-03,79.33
1998-06-04,80.33
1998-06-05,76.67
1998-06-06,78.67
1998-06-07,76.0
1998-06-08,77.67
1998-06-09,72.17
1998-06-10,73.67
1998-06-11,78.67
1998-06-12,78.33
1998-06-13,77.67
1998-06-14,68.0
1998-06-15,73.17
1998-06-16,69.67
1998-06-17,72.0
1998-06-18,72.67
1998-06-19,74.67
1998-06-20,69.33
1998-06-21,69.67
1998-06-22,64.67
1998-06-23,64.0
1998-06-24,59.0
1998-06-25,56.67
1998-06-26,60.0
1998-06-27,57.67
1998-06-28,52.33
1998-06-29,52.0
1998-06-30,53.0
1998-07-01,50.0
1998-07-02,51.67
1998-07-03,54.33
1998-07-04,57.67
1998-07-05,59.33
1998-07-06,56.33
1998-07-07,53.0
1998-07-08,56.0
1998-07-09,56.67
1998-07-10,56.33
1998-07-11,54.33
1998-07-12,55.33
1998-07-13,55.67
1998-07-14,55.67
1998-07-15,50.33
1998-07-16,50.67
1998-07-17,50.67
1998-07-18,50.33
1998-07-19,51.0
1998-07-20,50.0
1998-07-21,48.33
1998-07-22,50.67
1998-07-23,52.67
1998-07-24,47.0
1998-07-25,50.0
1998-07-26,46.67
1998-07-27,53.0
1998-07-28,53.0
1998-07-29,48.0
1998-07-30,49.0
1998-07-31,49.0
1998-08-01,52.0
1998-08-02,51.67
1998-08-03,54.07
1998-08-04,50.33
1998-08-05,51.33
1998-08-06,52.43
1998-08-07,54.17
1998-08-08,52.33
1998-08-09,50.67
1998-08-10,49.33
1998-08-11,47.67
1998-08-12,44.33
1998-08-13,47.67
1998-08-14,45.83
1998-08-15,48.67
1998-08-16,48.0
1998-08-17,50.67
1998-08-18,51.0
1998-08-19,48.67
1998-08-20,47.33
1998-08-21,50.67
1998-08-22,55.0
1998-08-23,61.0
1998-08-24,59.0
1998-08-25,52.0
1998-08-26,49.4
1998-08-27,48.93
1998-08-28,47.87
1998-08-29,47.57
1998-08-30,47.13
1998-08-31,47.03
1998-09-01,48.6
1998-09-02,52.0
1998-09-03,50.5
1998-09-04,48.0
1998-09-05,48.2
1998-09-06,48.0
1998-09-07,48.3
1998-09-08,48.5
1998-09-09,46.5
1998-09-10,42.7
1998-09-11,56.0
1998-09-12,55.2
1998-09-13,54.7
1998-09-14,54.3
1998-09-15,51.5
1998-09-16,47.0
1998-09-17,47.5
1998-09-18,50.8
1998-09-19,50.1
1998-09-20,49.7
1998-09-21,49.5
1998-09-22,49.4
1998-09-23,52.3
1998-09-24,52.1
1998-09-25,46.5
1998-09-26,49.5
1998-09-27,51.0
1998-09-28,52.0
1998-09-29,52.7
1998-09-30,53.3
1998-10-01,55.6
1998-10-02,55.6
1998-10-03,54.0
1998-10-04,53.3
1998-10-05,54.5
1998-10-06,54.0
1998-10-07,56.0
1998-10-08,55.9
1998-10-09,53.15
1998-10-10,58.8
1998-10-11,60.65
1998-10-12,71.0
1998-10-13,94.0
1998-10-14,80.63
1998-10-15,69.0
1998-10-16,60.0
1998-10-17,64.25
1998-10-18,71.0
1998-10-19,68.5
1998-10-20,66.0
1998-10-21,94.0
1998-10-22,120.0
1998-10-23,170.0
1998-10-24,170.0
1998-10-25,178.0
1998-10-26,240.0
1998-10-27,235.0
1998-10-28,142.5
1998-10-29,137.5
1998-10-30,147.0
1998-10-31,141.0
1998-11-01,135.0
1998-11-02,123.0
1998-11-03,106.0
1998-11-04,96.0
1998-11-05,81.5
1998-11-06,78.25
1998-11-07,75.0
1998-11-08,79.0
1998-11-09,76.0
1998-11-10,138.5
1998-11-11,72.6
1998-11-12,87.25
1998-11-13,81.3
1998-11-14,114.0
1998-11-15,133.0
1998-11-16,145.0
1998-11-17,212.5
1998-11-18,210.0
1998-11-19,152.5
1998-11-20,132.25
1998-11-21,120.5
1998-11-22,101.0
1998-11-23,102.5
1998-11-24,83.25
1998-11-25,81.75
1998-11-26,83.0
1998-11-27,73.5
1998-11-28,72.0
1998-11-29,71.5
1998-11-30,72.0
1998-12-01,68.0
1998-12-02,71.5
1998-12-03,141.0
1998-12-04,67.5
1998-12-05,67.0
1998-12-06,68.0
1998-12-07,67.0
1998-12-08,65.5
1998-12-09,62.75
1998-12-10,70.0
1998-12-11,72.0
1998-12-12,73.0
1998-12-13,73.0
1998-12-14,97.5
1998-12-15,98.0
1998-12-16,103.0
1998-12-17,102.0
1998-12-18,96.0
1998-12-19,117.5
1998-12-20,86.5
1998-12-21,72.5
1998-12-22,76.0
1998-12-23,78.0
1998-12-24,71.5
1998-12-25,71.0
1998-12-26,70.0
1998-12-27,71.0
1998-12-28,71.0
1998-12-29,98.5
1998-12-30,110.0
1998-12-31,126.0
1999-01-01,102.5
1999-01-02,114.0
1999-01-03,96.0
1999-01-04,90.0
1999-01-05,80.0
1999-01-06,82.5
1999-01-07,85.5
1999-01-08,77.5
1999-01-09,74.0
1999-01-10,79.0
1999-01-11,81.5
1999-01-12,70.0
1999-01-13,75.0
1999-01-14,167.0
1999-01-15,180.0
1999-01-16,139.5
1999-01-17,150.0
1999-01-18,160.5
1999-01-19,155.0
1999-01-20,182.0
1999-01-21,194.5
1999-01-22,212.5
1999-01-23,187.0
1999-01-24,158.0
1999-01-25,193.5
1999-01-26,247.5
1999-01-27,308.5
1999-01-28,318.5
1999-01-29,335.0
1999-01-30,347.0
1999-01-31,314.0
1999-02-01,282.0
1999-02-02,247.0
1999-02-03,241.0
1999-02-04,291.0
1999-02-05,312.5
1999-02-06,381.5
1999-02-07,354.5
1999-02-08,280.0
1999-02-09,321.5
1999-02-10,284.5
1999-02-11,309.0
1999-02-12,367.5
1999-02-13,355.0
1999-02-14,583.5
1999-02-15,444.5
1999-02-16,585.0
1999-02-17,626.67
1999-02-18,580.0
1999-02-19,674.33
1999-02-20,761.0
1999-02-21,738.67
1999-02-22,1032.0
1999-02-23,944.0
1999-02-24,730.0
1999-02-25,631.0
1999-02-26,594.33
1999-02-27,636.67
1999-02-28,661.0
1999-03-01,608.67
1999-03-02,474.67
1999-03-03,362.33
1999-03-04,358.33
1999-03-05,328.33
1999-03-06,323.33
1999-03-07,288.33
1999-03-08,285.67
1999-03-09,262.33
1999-03-10,240.33
1999-03-11,232.67
1999-03-12,209.33
1999-03-13,218.0
1999-03-14,230.0
1999-03-15,289.33
1999-03-16,367.33
1999-03-17,408.67
1999-03-18,404.67
1999-03-19,419.0
1999-03-20,341.0
1999-03-21,324.33
1999-03-22,263.0
1999-03-23,282.33
1999-03-24,302.67
1999-03-25,298.0
1999-03-26,267.33
1999-03-27,300.33
1999-03-28,267.33
1999-03-29,294.67
1999-03-30,277.67
1999-03-31,250.67
1999-04-01,239.0
1999-04-02,229.33
1999-04-03,225.67
1999-04-04,252.67
1999-04-05,266.67
1999-04-06,286.33
1999-04-07,281.67
1999-04-08,282.33
1999-04-09,281.67
1999-04-10,241.0
1999-04-11,239.33
1999-04-12,215.67
1999-04-13,212.67
1999-04-14,203.33
1999-04-15,212.0
1999-04-16,224.0
1999-04-17,225.33
1999-04-18,218.67
1999-04-19,242.33
1999-04-20,212.0
1999-04-21,196.67
1999-04-22,183.33
1999-04-23,158.0
1999-04-24,141.33
1999-04-25,141.33
1999-04-26,136.0
1999-04-27,145.0
1999-04-28,133.33
1999-04-29,138.0
1999-04-30,126.0
1999-05-01,134.67
1999-05-02,146.0
1999-05-03,152.0
1999-05-04,176.67
1999-05-05,175.33
1999-05-06,211.0
1999-05-07,186.0
1999-05-08,172.0
1999-05-09,158.0
1999-05-10,151.67
1999-05-11,129.0
1999-05-12,129.67
1999-05-13,123.33
1999-05-14,112.0
1999-05-15,112.0
1999-05-16,106.0
1999-05-17,105.33
1999-05-18,105.33
1999-05-19,108.33
1999-05-20,103.67
1999-05-21,103.33
1999-05-22,91.0
1999-05-23,81.0
1999-05-24,76.0
1999-05-25,78.33
1999-05-26,86.33
1999-05-27,80.0
1999-05-28,77.0
1999-05-29,73.67
1999-05-30,71.0
1999-05-31,73.0
1999-06-01,64.0
1999-06-02,59.33
1999-06-03,59.0
1999-06-04,65.5
1999-06-05,63.0
1999-06-06,68.0
1999-06-07,65.33
1999-06-08,64.0
1999-06-09,64.33
1999-06-10,63.33
1999-06-11,65.67
1999-06-12,61.0
1999-06-13,59.33
1999-06-14,61.67
1999-06-15,67.0
1999-06-16,66.67
1999-06-17,68.67
1999-06-18,61.67
1999-06-19,56.0
1999-06-20,61.33
1999-06-21,61.33
1999-06-22,61.67
1999-06-23,59.0
1999-06-24,66.0
1999-06-25,67.67
1999-06-26,65.33
1999-06-27,63.0
1999-06-28,62.33
1999-06-29,59.67
1999-06-30,59.67
1999-07-01,60.33
1999-07-02,62.67
1999-07-03,58.67
1999-07-04,50.67
1999-07-05,51.67
1999-07-06,48.67
1999-07-07,54.67
1999-07-08,53.0
1999-07-09,44.0
1999-07-10,43.67
1999-07-11,43.67
1999-07-12,41.67
1999-07-13,45.33
1999-07-14,42.67
1999-07-15,42.67
1999-07-16,42.33
1999-07-17,42.33
1999-07-18,42.33
1999-07-19,40.67
1999-07-20,40.67
1999-07-21,40.0
1999-07-22,41.0
1999-07-23,40.67
1999-07-24,42.33
1999-07-25,42.0
1999-07-26,40.67
1999-07-27,41.0
1999-07-28,38.67
1999-07-29,38.67
1999-07-30,39.0
1999-07-31,38.0
1999-08-01,38.33
1999-08-02,38.33
1999-08-03,42.0
1999-08-04,46.0
1999-08-05,46.53
1999-08-06,45.5
1999-08-07,39.23
1999-08-08,41.0
1999-08-09,42.5
1999-08-10,44.0
1999-08-11,44.67
1999-08-12,44.93
1999-08-13,48.67
1999-08-14,48.4
1999-08-15,46.0
1999-08-16,43.0
1999-08-17,44.33
1999-08-18,44.0
1999-08-19,46.67
1999-08-20,44.0
1999-08-21,44.3
1999-08-22,44.77
1999-08-23,45.34
1999-08-24,43.38
1999-08-25,48.33
1999-08-26,50.39
1999-08-27,47.29
1999-08-28,38.52
1999-08-29,37.98
1999-08-30,36.41
1999-08-31,35.94
1999-09-01,45.0
1999-09-02,45.63
1999-09-03,44.0
1999-09-04,41.53
1999-09-05,38.4
1999-09-06,43.33
1999-09-07,43.1
1999-09-08,45.03
1999-09-09,47.27
1999-09-10,47.3
1999-09-11,49.0
1999-09-12,48.33
1999-09-13,52.83
1999-09-14,63.6
1999-09-15,51.5
1999-09-16,53.47
1999-09-17,55.93
1999-09-18,58.13
1999-09-19,52.6
1999-09-20,51.83
1999-09-21,54.13
1999-09-22,56.9
1999-09-23,57.77
1999-09-24,59.53
1999-09-25,58.93
1999-09-26,84.27
1999-09-27,91.43
1999-09-28,82.03
1999-09-29,77.53
1999-09-30,76.73
1999-10-01,77.6
1999-10-02,70.77
1999-10-03,75.57
1999-10-04,79.73
1999-10-05,80.87
1999-10-06,75.53
1999-10-07,93.21
1999-10-08,83.5
1999-10-09,71.67
1999-10-10,73.5
1999-10-11,65.4
1999-10-12,54.57
1999-10-13,53.6
1999-10-14,56.5
1999-10-15,53.73
1999-10-16,52.63
1999-10-17,50.37
1999-10-18,45.93
1999-10-19,48.5
1999-10-20,47.47
1999-10-21,50.77
1999-10-22,44.5
1999-10-23,44.43
1999-10-24,46.3
1999-10-25,59.9
1999-10-26,62.0
1999-10-27,57.7
1999-10-28,49.33
1999-10-29,51.7
1999-10-30,45.6
1999-10-31,42.23
1999-11-01,45.6
1999-11-02,43.7
1999-11-03,45.63
1999-11-04,46.0
1999-11-05,45.03
1999-11-06,45.3
1999-11-07,50.0
1999-11-08,50.0
1999-11-09,46.97
1999-11-10,45.73
1999-11-11,48.67
1999-11-12,44.43
1999-11-13,50.07
1999-11-14,48.0
1999-11-15,50.5
1999-11-16,49.0
1999-11-17,49.5
1999-11-18,71.9
1999-11-19,88.33
1999-11-20,82.8
1999-11-21,81.5
1999-11-22,74.3
1999-11-23,70.13
1999-11-24,103.02
1999-11-25,108.33
1999-11-26,103.47
1999-11-27,91.73
1999-11-28,104.57
1999-11-29,107.1
1999-11-30,98.0
1999-12-01,98.7
1999-12-02,82.03
1999-12-03,86.3
1999-12-04,99.43
1999-12-05,190.0
1999-12-06,172.01
1999-12-07,118.97
1999-12-08,118.97
1999-12-09,112.6
1999-12-10,190.47
1999-12-11,169.42
1999-12-12,193.8
1999-12-13,249.27
1999-12-14,242.0
1999-12-15,172.4
1999-12-16,131.83
1999-12-17,115.33
1999-12-18,112.93
1999-12-19,108.33
1999-12-20,120.44
1999-12-21,258.94
1999-12-22,340.15
1999-12-23,189.33
1999-12-24,157.87
1999-12-25,128.0
1999-12-26,109.0
1999-12-27,117.23
1999-12-28,113.0
1999-12-29,109.73
1999-12-30,101.8
1999-12-31,91.6
2000-01-01,94.6
2000-01-02,113.67
2000-01-03,111.33
2000-01-04,101.2
2000-01-05,90.9
2000-01-06,86.87
2000-01-07,84.47
2000-01-08,81.25
2000-01-09,75.37
2000-01-10,74.3
2000-01-11,143.57
2000-01-12,75.3
2000-01-13,75.3
2000-01-14,75.47
2000-01-15,73.97
2000-01-16,71.7
2000-01-17,70.47
2000-01-18,63.9
2000-01-19,72.47
2000-01-20,86.23
2000-01-21,92.63
2000-01-22,83.83
2000-01-23,85.33
2000-01-24,120.43
2000-01-25,109.6
2000-01-26,88.97
2000-01-27,128.13
2000-01-28,258.2
2000-01-29,233.8
2000-01-30,214.13
2000-01-31,276.77
2000-02-01,637.0
2000-02-02,460.5
2000-02-03,372.27
2000-02-04,347.1
2000-02-05,450.2
2000-02-06,327.7
2000-02-07,381.97
2000-02-08,416.37
2000-02-09,347.1
2000-02-10,255.64
2000-02-11,242.17
2000-02-12,188.0
2000-02-13,164.87
2000-02-14,161.67
2000-02-15,161.67
2000-02-16,138.83
2000-02-17,194.63
2000-02-18,243.93
2000-02-19,252.63
2000-02-20,241.93
2000-02-21,323.0
2000-02-22,397.43
2000-02-23,393.0
2000-02-24,365.6
2000-02-25,424.07
2000-02-26,411.1
2000-02-27,418.7
2000-02-28,397.67
2000-02-29,518.6
2000-03-01,392.43
2000-03-02,373.13
2000-03-03,401.83
2000-03-04,405.97
2000-03-05,405.97
2000-03-06,444.57
2000-03-07,527.0
2000-03-08,586.2
2000-03-09,476.53
2000-03-10,413.53
2000-03-11,432.13
2000-03-12,375.53
2000-03-13,336.8
2000-03-14,313.37
2000-03-15,329.23
2000-03-16,328.93
2000-03-17,297.8
2000-03-18,282.67
2000-03-19,282.0
2000-03-20,261.2
2000-03-21,244.6
2000-03-22,256.9
2000-03-23,244.6
2000-03-24,240.53
2000-03-25,261.07
2000-03-26,257.0
2000-03-27,240.53
2000-03-28,220.47
2000-03-29,212.53
2000-03-30,232.6
2000-03-31,256.97
2000-04-01,282.17
2000-04-02,290.57
2000-04-03,265.53
2000-04-04,236.47
2000-04-05,240.53
2000-04-06,248.7
2000-04-07,236.47
2000-04-08,224.4
2000-04-09,232.4
2000-04-10,236.47
2000-04-11,232.4
2000-04-12,220.43
2000-04-13,196.9
2000-04-14,212.63
2000-04-15,208.6
2000-04-16,204.63
2000-04-17,224.73
2000-04-18,240.53
2000-04-19,240.57
2000-04-20,236.47
2000-04-21,265.27
2000-04-22,277.9
2000-04-23,244.63
2000-04-24,224.47
2000-04-25,244.63
2000-04-26,224.47
2000-04-27,196.97
2000-04-28,200.8
2000-04-29,196.97
2000-04-30,161.47
2000-05-01,162.9
2000-05-02,157.8
2000-05-03,162.9
2000-05-04,170.4
2000-05-05,185.4
2000-05-06,177.87
2000-05-07,196.97
2000-05-08,170.37
2000-05-09,173.7
2000-05-10,162.9
2000-05-11,148.33
2000-05-12,144.87
2000-05-13,141.3
2000-05-14,144.87
2000-05-15,144.87
2000-05-16,144.87
2000-05-17,144.87
2000-05-18,148.43
2000-05-19,159.27
2000-05-20,155.63
2000-05-21,155.7
2000-05-22,162.9
2000-05-23,159.27
2000-05-24,141.3
2000-05-25,110.4
2000-05-26,110.4
2000-05-27,100.5
2000-05-28,103.8
2000-05-29,100.5
2000-05-30,94.1
2000-05-31,87.8
2000-06-01,81.7
2000-06-02,89.73
2000-06-03,69.6
2000-06-04,69.6
2000-06-05,63.87
2000-06-06,64.19
2000-06-07,72.67
2000-06-08,72.6
2000-06-09,63.8
2000-06-10,66.73
2000-06-11,72.6
2000-06-12,60.0
2000-06-13,63.8
2000-06-14,72.4
2000-06-15,72.4
2000-06-16,68.8
2000-06-17,62.37
2000-06-18,67.03
2000-06-19,60.6
2000-06-20,60.6
2000-06-21,60.6
2000-06-22,62.37
2000-06-23,57.7
2000-06-24,54.8
2000-06-25,54.8
2000-06-26,52.0
2000-06-27,48.07
2000-06-28,46.4
2000-06-29,46.4
2000-06-30,41.0
2000-07-01,46.4
2000-07-02,45.3
2000-07-03,46.4
2000-07-04,46.4
2000-07-05,34.97
2000-07-06,38.3
2000-07-07,38.3
2000-07-08,38.3
2000-07-09,38.3
2000-07-10,36.17
2000-07-11,38.3
2000-07-12,44.4
2000-07-13,46.7
2000-07-14,44.4
2000-07-15,44.4
2000-07-16,42.1
2000-07-17,43.23
2000-07-18,46.1
2000-07-19,50.73
2000-07-20,51.93
2000-07-21,55.4
2000-07-22,53.07
2000-07-23,50.7
2000-07-24,42.13
2000-07-25,51.3
2000-07-26,47.87
2000-07-27,43.3
2000-07-28,39.87
2000-07-29,41.53
2000-07-30,37.63
2000-07-31,34.83
2000-08-01,38.73
2000-08-02,38.16
2000-08-03,45.57
2000-08-04,47.83
2000-08-05,43.8
2000-08-06,41.53
2000-08-07,40.47
2000-08-08,46.7
2000-08-09,42.7
2000-08-10,54.83
2000-08-11,56.6
2000-08-12,56.03
2000-08-13,44.37
2000-08-14,42.1
2000-08-15,43.9
2000-08-16,41.57
2000-08-17,40.97
2000-08-18,41.53
2000-08-19,35.4
2000-08-20,36.5
2000-08-21,34.7
2000-08-22,44.5
2000-08-23,39.37
2000-08-24,42.17
2000-08-25,43.97
2000-08-26,43.97
2000-08-27,41.5
2000-08-28,46.87
2000-08-29,49.33
2000-08-30,49.33
2000-08-31,44.13
2000-09-01,46.47
2000-09-02,49.7
2000-09-03,42.77
2000-09-04,42.33
2000-09-05,45.67
2000-09-06,44.03
2000-09-07,45.23
2000-09-08,46.17
2000-09-09,44.1
2000-09-10,48.5
2000-09-11,48.17
2000-09-12,45.33
2000-09-13,45.37
2000-09-14,44.93
2000-09-15,43.67
2000-09-16,44.53
2000-09-17,46.6
2000-09-18,45.3
2000-09-19,41.53
2000-09-20,42.3
2000-09-21,38.0
2000-09-22,41.57
2000-09-23,40.17
2000-09-24,44.83
2000-09-25,44.93
2000-09-26,46.17
2000-09-27,44.93
2000-09-28,44.93
2000-09-29,56.47
2000-09-30,60.97
2000-10-01,54.27
2000-10-02,50.5
2000-10-03,45.77
2000-10-04,47.7
2000-10-05,48.97
2000-10-06,50.87
2000-10-07,54.2
2000-10-08,69.93
2000-10-09,63.0
2000-10-10,61.0
2000-10-11,64.33
2000-10-12,57.5
2000-10-13,56.43
2000-10-14,59.23
2000-10-15,56.1
2000-10-16,60.97
2000-10-17,58.2
2000-10-18,57.87
2000-10-19,54.2
2000-10-20,50.87
2000-10-21,49.73
2000-10-22,49.73
2000-10-23,50.1
2000-10-24,44.33
2000-10-25,47.77
2000-10-26,46.43
2000-10-27,43.27
2000-10-28,44.13
2000-10-29,46.47
2000-10-30,51.27
2000-10-31,50.87
2000-11-01,50.0
2000-11-02,48.33
2000-11-03,56.7
2000-11-04,60.2
2000-11-05,56.73
2000-11-06,57.07
2000-11-07,59.2
2000-11-08,58.17
2000-11-09,58.5
2000-11-10,57.13
2000-11-11,54.27
2000-11-12,59.93
2000-11-13,62.0
2000-11-14,65.0
2000-11-15,69.27
2000-11-16,66.67
2000-11-17,66.37
2000-11-18,61.67
2000-11-19,63.3
2000-11-20,61.27
2000-11-21,56.4
2000-11-22,58.17
2000-11-23,63.97
2000-11-24,65.7
2000-11-25,61.67
2000-11-26,61.33
2000-11-27,62.47
2000-11-28,75.77
2000-11-29,70.53
2000-11-30,69.63
2000-12-01,82.1
2000-12-02,90.5
2000-12-03,94.7
2000-12-04,94.7
2000-12-05,86.4
2000-12-06,85.6
2000-12-07,86.4
2000-12-08,98.6
2000-12-09,111.6
2000-12-10,112.3
2000-12-11,119.3
2000-12-12,110.1
2000-12-13,98.6
2000-12-14,94.7
2000-12-15,80.3
2000-12-16,80.3
2000-12-17,82.1
2000-12-18,90.6
2000-12-19,90.6
2000-12-20,90.6
2000-12-21,87.3
2000-12-22,85.6
2000-12-23,82.1
2000-12-24,86.4
2000-12-25,80.3
2000-12-26,74.9
2000-12-27,73.0
2000-12-28,80.3
2000-12-29,110.1
2000-12-30,137.8
2000-12-31,127.7
2001-01-01,116.07
2001-01-02,180.0
2001-01-03,168.94
2001-01-04,268.82
2001-01-05,252.7
2001-01-06,345.27
2001-01-07,351.67
2001-01-08,414.71
2001-01-09,391.91
2001-01-10,238.47
2001-01-11,190.92
2001-01-12,173.75
2001-01-13,174.44
2001-01-14,238.32
2001-01-15,324.27
2001-01-16,351.33
2001-01-17,359.6
2001-01-18,444.8
2001-01-19,620.8
2001-01-20,606.5
2001-01-21,764.8
2001-01-22,644.1
2001-01-23,541.4
2001-01-24,513.5
2001-01-25,431.3
2001-01-26,426.23
2001-01-27,367.03
2001-01-28,362.2
2001-01-29,377.8
2001-01-30,386.53
2001-01-31,377.0
2001-02-01,357.4
2001-02-02,396.23
2001-02-03,441.2
2001-02-04,461.53
2001-02-05,451.43
2001-02-06,451.3
2001-02-07,436.1
2001-02-08,362.2
2001-02-09,319.6
2001-02-10,278.4
2001-02-11,242.27
2001-02-12,238.4
2001-02-13,234.13
2001-02-14,212.93
2001-02-15,260.73
2001-02-16,262.37
2001-02-17,273.97
2001-02-18,269.67
2001-02-19,221.5
2001-02-20,224.33
2001-02-21,225.67
2001-02-22,208.67
2001-02-23,217.33
2001-02-24,265.1
2001-02-25,296.6
2001-02-26,310.4
2001-02-27,340.33
2001-02-28,344.07
2001-03-01,319.93
2001-03-02,269.57
2001-03-03,296.6
2001-03-04,268.82
2001-03-05,427.07
2001-03-06,391.5
2001-03-07,431.1
2001-03-08,416.1
2001-03-09,503.33
2001-03-10,610.63
2001-03-11,695.8
2001-03-12,630.97
2001-03-13,497.73
2001-03-14,508.17
2001-03-15,497.83
2001-03-16,471.83
2001-03-17,487.3
2001-03-18,487.57
2001-03-19,472.0
2001-03-20,589.03
2001-03-21,632.77
2001-03-22,627.77
2001-03-23,588.77
2001-03-24,605.5
2001-03-25,567.07
2001-03-26,605.77
2001-03-27,616.47
2001-03-28,545.4
2001-03-29,515.53
2001-03-30,482.57
2001-03-31,466.97
2001-04-01,421.2
2001-04-02,381.6
2001-04-03,357.4
2001-04-04,333.6
2001-04-05,362.23
2001-04-06,305.87
2001-04-07,269.53
2001-04-08,269.53
2001-04-09,269.53
2001-04-10,265.13
2001-04-11,265.23
2001-04-12,256.33
2001-04-13,247.53
2001-04-14,256.37
2001-04-15,230.27
2001-04-16,221.77
2001-04-17,200.8
2001-04-18,175.27
2001-04-19,172.9
2001-04-20,168.8
2001-04-21,171.17
2001-04-22,176.77
2001-04-23,149.3
2001-04-24,127.03
2001-04-25,131.73
2001-04-26,148.63
2001-04-27,140.13
2001-04-28,113.37
2001-04-29,114.13
2001-04-30,110.27
2001-05-01,95.57
2001-05-02,89.2
2001-05-03,89.47
2001-05-04,92.97
2001-05-05,82.13
2001-05-06,75.07
2001-05-07,78.53
2001-05-08,82.0
2001-05-09,75.07
2001-05-10,75.07
2001-05-11,89.2
2001-05-12,82.0
2001-05-13,77.13
2001-05-14,84.2
2001-05-15,123.93
2001-05-16,100.33
2001-05-17,89.2
2001-05-18,82.0
2001-05-19,71.73
2001-05-20,75.07
2001-05-21,77.37
2001-05-22,68.27
2001-05-23,67.0
2001-05-24,71.6
2001-05-25,87.1
2001-05-26,66.9
2001-05-27,53.33
2001-05-28,68.87
2001-05-29,55.27
2001-05-30,51.0
2001-05-31,40.17
2001-06-01,58.43
2001-06-02,52.1
2001-06-03,50.87
2001-06-04,44.8
2001-06-05,54.07
2001-06-06,50.33
2001-06-07,51.77
2001-06-08,51.13
2001-06-09,49.4
2001-06-10,52.5
2001-06-11,71.67
2001-06-12,62.02
2001-06-13,58.51
2001-06-14,61.58
2001-06-15,59.39
2001-06-16,63.78
2001-06-17,57.63
2001-06-18,64.21
2001-06-19,65.53
2001-06-20,58.95
2001-06-21,58.95
2001-06-22,58.95
2001-06-23,56.76
2001-06-24,47.99
2001-06-25,52.38
2001-06-26,52.81
2001-06-27,65.53
2001-06-28,52.81
2001-06-29,58.95
2001-06-30,55.0
2001-07-01,51.06
2001-07-02,54.57
2001-07-03,53.25
2001-07-04,51.93
2001-07-05,51.49
2001-07-06,52.81
2001-07-07,45.0
2001-07-08,51.06
2001-07-09,51.06
2001-07-10,52.37
2001-07-11,49.74
2001-07-12,47.99
2001-07-13,47.99
2001-07-14,48.36
2001-07-15,38.27
2001-07-16,42.43
2001-07-17,44.02
2001-07-18,48.18
2001-07-19,49.35
2001-07-20,47.1
2001-07-21,49.8
2001-07-22,41.0
2001-07-23,44.73
2001-07-24,50.13
2001-07-25,55.27
2001-07-26,54.9
2001-07-27,44.07
2001-07-28,46.3
2001-07-29,36.37
2001-07-30,43.97
2001-07-31,38.43
2001-08-01,45.5
2001-08-02,47.03
2001-08-03,42.03
2001-08-04,41.3
2001-08-05,42.03
2001-08-06,42.03
2001-08-07,50.9
2001-08-08,50.1
2001-08-09,53.67
2001-08-10,45.1
2001-08-11,50.1
2001-08-12,44.8
2001-08-13,44.0
2001-08-14,53.7
2001-08-15,54.0
2001-08-16,47.1
2001-08-17,44.03
2001-08-18,44.03
2001-08-19,33.9
2001-08-20,41.77
2001-08-21,43.7
2001-08-22,44.8
2001-08-23,45.9
2001-08-24,35.67
2001-08-25,44.37
2001-08-26,37.6
2001-08-27,46.27
2001-08-28,38.73
2001-08-29,47.43
2001-08-30,39.03
2001-08-31,37.9
2001-09-01,39.37
2001-09-02,37.13
2001-09-03,39.37
2001-09-04,46.38
2001-09-05,45.7
2001-09-06,49.4
2001-09-07,43.43
2001-09-08,44.5
2001-09-09,39.73
2001-09-10,49.22
2001-09-11,49.2
2001-09-12,48.93
2001-09-13,47.37
2001-09-14,48.27
2001-09-15,53.83
2001-09-16,52.77
2001-09-17,57.17
2001-09-18,59.67
2001-09-19,67.2
2001-09-20,56.43
2001-09-21,54.9
2001-09-22,46.63
2001-09-23,49.2
2001-09-24,52.9
2001-09-25,50.77
2001-09-26,54.3
2001-09-27,57.57
2001-09-28,48.87
2001-09-29,51.87
2001-09-30,50.7
2001-10-01,48.93
2001-10-02,44.9
2001-10-03,44.3
2001-10-04,46.27
2001-10-05,44.63
2001-10-06,47.33
2001-10-07,47.73
2001-10-08,51.77
2001-10-09,52.5
2001-10-10,53.03
2001-10-11,54.8
2001-10-12,54.1
2001-10-13,50.03
2001-10-14,47.83
2001-10-15,53.33
2001-10-16,51.1
2001-10-17,52.07
2001-10-18,53.17
2001-10-19,53.2
2001-10-20,51.73
2001-10-21,50.03
2001-10-22,54.17
2001-10-23,55.83
2001-10-24,54.33
2001-10-25,54.8
2001-10-26,55.23
2001-10-27,56.07
2001-10-28,59.93
2001-10-29,88.2
2001-10-30,96.53
2001-10-31,150.63
2001-11-01,207.87
2001-11-02,174.9
2001-11-03,142.57
2001-11-04,117.23
2001-11-05,106.5
2001-11-06,82.3
2001-11-07,82.83
2001-11-08,80.27
2001-11-09,96.23
2001-11-10,87.97
2001-11-11,87.97
2001-11-12,87.93
2001-11-13,142.83
2001-11-14,165.9
2001-11-15,224.4
2001-11-16,232.7
2001-11-17,194.97
2001-11-18,196.2
2001-11-19,193.13
2001-11-20,199.3
2001-11-21,221.3
2001-11-22,174.8
2001-11-23,157.07
2001-11-24,204.97
2001-11-25,232.53
2001-11-26,227.6
2001-11-27,224.4
2001-11-28,263.27
2001-11-29,322.1
2001-11-30,256.7
2001-12-01,222.57
2001-12-02,188.2
2001-12-03,181.5
2001-12-04,180.97
2001-12-05,168.3
2001-12-06,170.7
2001-12-07,178.5
2001-12-08,234.03
2001-12-09,245.43
2001-12-10,218.03
2001-12-11,211.77
2001-12-12,202.4
2001-12-13,202.4
2001-12-14,193.13
2001-12-15,177.9
2001-12-16,160.07
2001-12-17,146.53
2001-12-18,136.77
2001-12-19,151.27
2001-12-20,133.93
2001-12-21,136.87
2001-12-22,131.1
2001-12-23,121.3
2001-12-24,127.27
2001-12-25,131.13
2001-12-26,202.47
2001-12-27,190.03
2001-12-28,216.13
2001-12-29,208.67
2001-12-30,230.8
2001-12-31,202.43
2002-01-01,167.96
2002-01-02,167.41
2002-01-03,171.4
2002-01-04,163.44
2002-01-05,146.18
2002-01-06,129.07
2002-01-07,123.25
2002-01-08,120.95
2002-01-09,116.37
2002-01-10,125.89
2002-01-11,147.62
2002-01-12,146.04
2002-01-13,152.91
2002-01-14,159.39
2002-01-15,147.24
2002-01-16,136.37
2002-01-17,137.95
2002-01-18,126.74
2002-01-19,133.67
2002-01-20,151.28
2002-01-21,186.13
2002-01-22,239.59
2002-01-23,213.61
2002-01-24,179.47
2002-01-25,171.96
2002-01-26,171.55
2002-01-27,162.49
2002-01-28,154.13
2002-01-29,144.05
2002-01-30,145.51
2002-01-31,145.11
2002-02-01,144.86
2002-02-02,146.12
2002-02-03,172.1
2002-02-04,205.71
2002-02-05,186.75
2002-02-06,220.29
2002-02-07,243.29
2002-02-08,245.28
2002-02-09,209.74
2002-02-10,183.14
2002-02-11,174.59
2002-02-12,176.68
2002-02-13,167.4
2002-02-14,166.08
2002-02-15,147.02
2002-02-16,154.32
2002-02-17,169.14
2002-02-18,202.07
2002-02-19,209.43
2002-02-20,234.73
2002-02-21,233.86
2002-02-22,246.34
2002-02-23,234.49
2002-02-24,235.86
2002-02-25,250.52
2002-02-26,231.44
2002-02-27,238.91
2002-02-28,248.5
2002-03-01,230.25
2002-03-02,264.8
2002-03-03,307.14
2002-03-04,302.55
2002-03-05,322.89
2002-03-06,334.97
2002-03-07,322.05
2002-03-08,346.78
2002-03-09,379.24
2002-03-10,344.71
2002-03-11,335.78
2002-03-12,355.55
2002-03-13,487.28
2002-03-14,457.56
2002-03-15,476.02
2002-03-16,404.01
2002-03-17,452.3
2002-03-18,507.5
2002-03-19,489.39
2002-03-20,461.26
2002-03-21,429.03
2002-03-22,425.14
2002-03-23,375.67
2002-03-24,378.14
2002-03-25,393.0
2002-03-26,389.43
2002-03-27,364.11
2002-03-28,371.51
2002-03-29,368.0
2002-03-30,431.06
2002-03-31,390.57
2002-04-01,392.0
2002-04-02,458.81
2002-04-03,400.64
2002-04-04,362.64
2002-04-05,326.18
2002-04-06,322.4
2002-04-07,316.47
2002-04-08,398.24
2002-04-09,368.86
2002-04-10,314.14
2002-04-11,332.28
2002-04-12,341.07
2002-04-13,311.49
2002-04-14,275.12
2002-04-15,261.42
2002-04-16,254.75
2002-04-17,238.24
2002-04-18,234.93
2002-04-19,238.69
2002-04-20,244.91
2002-04-21,240.0
2002-04-22,228.84
2002-04-23,233.56
2002-04-24,255.4
2002-04-25,228.54
2002-04-26,204.38
2002-04-27,188.92
2002-04-28,184.72
2002-04-29,181.39
2002-04-30,169.58
2002-05-01,153.26
2002-05-02,149.86
2002-05-03,141.65
2002-05-04,134.69
2002-05-05,138.56
2002-05-06,131.79
2002-05-07,113.12
2002-05-08,111.97
2002-05-09,107.77
2002-05-10,98.23
2002-05-11,95.99
2002-05-12,90.86
2002-05-13,96.17
2002-05-14,86.86
2002-05-15,80.96
2002-05-16,80.03
2002-05-17,81.49
2002-05-18,80.57
2002-05-19,74.11
2002-05-20,74.22
2002-05-21,73.74
2002-05-22,78.56
2002-05-23,75.47
2002-05-24,79.16
2002-05-25,79.76
2002-05-26,70.97
2002-05-27,71.59
2002-05-28,73.44
2002-05-29,74.58
2002-05-30,74.87
2002-05-31,71.03
2002-06-01,65.03
2002-06-02,68.83
2002-06-03,64.33
2002-06-04,63.1
2002-06-05,65.4
2002-06-06,63.87
2002-06-07,66.53
2002-06-08,62.37
2002-06-09,55.6
2002-06-10,56.03
2002-06-11,53.77
2002-06-12,54.9
2002-06-13,53.9
2002-06-14,53.4
2002-06-15,52.67
2002-06-16,47.9
2002-06-17,47.2
2002-06-18,46.5
2002-06-19,47.6
2002-06-20,51.17
2002-06-21,53.87
2002-06-22,54.87
2002-06-23,52.87
2002-06-24,56.5
2002-06-25,54.2
2002-06-26,52.87
2002-06-27,52.2
2002-06-28,51.53
2002-06-29,47.23
2002-06-30,48.57
2002-07-01,44.57
2002-07-02,41.83
2002-07-03,40.57
2002-07-04,43.6
2002-07-05,41.57
2002-07-06,47.17
2002-07-07,46.57
2002-07-08,40.57
2002-07-09,46.27
2002-07-10,47.27
2002-07-11,44.27
2002-07-12,43.9
2002-07-13,44.87
2002-07-14,45.87
2002-07-15,52.67
2002-07-16,47.9
2002-07-17,47.2
2002-07-18,46.5
2002-07-19,47.6
2002-07-20,51.17
2002-07-21,53.87
2002-07-22,54.87
2002-07-23,52.87
2002-07-24,56.5
2002-07-25,54.2
2002-07-26,52.87
2002-07-27,66.93
2002-07-28,69.2
2002-07-29,68.8
2002-07-30,69.93
2002-07-31,68.07
2002-08-01,37.87
2002-08-02,38.2
2002-08-03,33.5
2002-08-04,33.17
2002-08-05,35.9
2002-08-06,40.23
2002-08-07,42.7
2002-08-08,42.63
2002-08-09,43.87
2002-08-10,39.77
2002-08-11,37.2
2002-08-12,40.73
2002-08-13,42.9
2002-08-14,41.3
2002-08-15,40.33
2002-08-16,40.63
2002-08-17,41.7
2002-08-18,40.67
2002-08-19,42.63
2002-08-20,47.3
2002-08-21,46.37
2002-08-22,40.67
2002-08-23,43.23
2002-08-24,42.7
2002-08-25,36.8
2002-08-26,43.23
2002-08-27,45.0
2002-08-28,46.3
2002-08-29,45.23
2002-08-30,38.47
2002-08-31,44.57
2002-09-01,40.5
2002-09-02,41.87
2002-09-03,42.83
2002-09-04,44.8
2002-09-05,45.07
2002-09-06,43.9
2002-09-07,45.13
2002-09-08,45.5
2002-09-09,42.63
2002-09-10,46.3
2002-09-11,44.77
2002-09-12,43.07
2002-09-13,43.53
2002-09-14,43.33
2002-09-15,28.67
2002-09-16,40.57
2002-09-17,40.4
2002-09-18,39.47
2002-09-19,37.67
2002-09-20,40.33
2002-09-21,40.53
2002-09-22,40.57
2002-09-23,40.97
2002-09-24,42.27
2002-09-25,44.1
2002-09-26,40.8
2002-09-27,44.9
2002-09-28,40.2
2002-09-29,38.57
2002-09-30,44.23
2002-10-01,51.13
2002-10-02,46.6
2002-10-03,44.33
2002-10-04,40.4
2002-10-05,39.17
2002-10-06,37.6
2002-10-07,35.23
2002-10-08,36.93
2002-10-09,41.5
2002-10-10,38.63
2002-10-11,60.57
2002-10-12,71.8
2002-10-13,64.5
2002-10-14,58.73
2002-10-15,68.97
2002-10-16,67.63
2002-10-17,69.27
2002-10-18,70.03
2002-10-19,69.2
2002-10-20,65.07
2002-10-21,63.9
2002-10-22,57.53
2002-10-23,72.6
2002-10-24,86.23
2002-10-25,83.83
2002-10-26,83.27
2002-10-27,149.93
2002-10-28,152.73
2002-10-29,132.37
2002-10-30,139.97
2002-10-31,186.47
2002-11-01,149.53
2002-11-02,131.23
2002-11-03,109.4
2002-11-04,93.57
2002-11-05,90.1
2002-11-06,160.5
2002-11-07,199.77
2002-11-08,206.67
2002-11-09,162.23
2002-11-10,128.97
2002-11-11,156.07
2002-11-12,175.83
2002-11-13,226.17
2002-11-14,252.47
2002-11-15,190.23
2002-11-16,168.83
2002-11-17,155.83
2002-11-18,182.7
2002-11-19,197.73
2002-11-20,181.3
2002-11-21,185.73
2002-11-22,205.73
2002-11-23,182.97
2002-11-24,158.9
2002-11-25,185.07
2002-11-26,155.63
2002-11-27,139.67
2002-11-28,128.07
2002-11-29,150.53
2002-11-30,186.47
2002-12-01,174.27
2002-12-02,185.2
2002-12-03,183.23
2002-12-04,212.87
2002-12-05,205.8
2002-12-06,220.8
2002-12-07,288.5
2002-12-08,212.77
2002-12-09,181.7
2002-12-10,162.13
2002-12-11,144.23
2002-12-12,134.83
2002-12-13,128.6
2002-12-14,125.63
2002-12-15,120.13
2002-12-16,152.5
2002-12-17,174.43
2002-12-18,157.57
2002-12-19,155.63
2002-12-20,144.4
2002-12-21,198.5
2002-12-22,195.97
2002-12-23,208.73
2002-12-24,202.63
2002-12-25,216.63
2002-12-26,197.37
2002-12-27,191.4
2002-12-28,222.93
2002-12-29,219.87
2002-12-30,210.27
2002-12-31,208.9
2003-01-01,208.22
2003-01-02,194.8
2003-01-03,188.14
2003-01-04,196.89
2003-01-05,199.38
2003-01-06,169.52
2003-01-07,155.47
2003-01-08,164.41
2003-01-09,148.87
2003-01-10,141.2
2003-01-11,153.67
2003-01-12,172.16
2003-01-13,178.67
2003-01-14,172.33
2003-01-15,152.31
2003-01-16,153.99
2003-01-17,154.46
2003-01-18,183.14
2003-01-19,161.63
2003-01-20,145.79
2003-01-21,133.76
2003-01-22,121.06
2003-01-23,114.44
2003-01-24,126.0
2003-01-25,139.27
2003-01-26,153.71
2003-01-27,157.62
2003-01-28,170.11
2003-01-29,196.88
2003-01-30,174.28
2003-01-31,235.02
2003-02-01,277.93
2003-02-02,311.39
2003-02-03,321.11
2003-02-04,268.72
2003-02-05,217.95
2003-02-06,235.29
2003-02-07,247.35
2003-02-08,330.61
2003-02-09,284.72
2003-02-10,296.71
2003-02-11,310.51
2003-02-12,284.74
2003-02-13,263.69
2003-02-14,247.72
2003-02-15,226.82
2003-02-16,201.41
2003-02-17,192.14
2003-02-18,170.77
2003-02-19,159.99
2003-02-20,151.21
2003-02-21,134.76
2003-02-22,141.15
2003-02-23,155.36
2003-02-24,163.06
2003-02-25,154.63
2003-02-26,154.08
2003-02-27,138.86
2003-02-28,150.51
2003-03-01,190.04
2003-03-02,219.24
2003-03-03,234.24
2003-03-04,284.0
2003-03-05,255.36
2003-03-06,240.77
2003-03-07,222.22
2003-03-08,262.56
2003-03-09,247.23
2003-03-10,239.72
2003-03-11,244.74
2003-03-12,227.93
2003-03-13,218.53
2003-03-14,277.15
2003-03-15,328.66
2003-03-16,327.4
2003-03-17,446.0
2003-03-18,470.06
2003-03-19,364.14
2003-03-20,297.8
2003-03-21,248.71
2003-03-22,220.01
2003-03-23,204.82
2003-03-24,201.44
2003-03-25,225.81
2003-03-26,228.35
2003-03-27,207.07
2003-03-28,184.27
2003-03-29,187.29
2003-03-30,251.74
2003-03-31,245.63
2003-04-01,247.33
2003-04-02,237.61
2003-04-03,208.39
2003-04-04,228.42
2003-04-05,222.08
2003-04-06,195.4
2003-04-07,199.45
2003-04-08,217.21
2003-04-09,190.37
2003-04-10,187.73
2003-04-11,187.16
2003-04-12,217.37
2003-04-13,232.03
2003-04-14,241.37
2003-04-15,225.87
2003-04-16,219.68
2003-04-17,224.28
2003-04-18,194.09
2003-04-19,175.4
2003-04-20,157.52
2003-04-21,164.96
2003-04-22,174.53
2003-04-23,179.31
2003-04-24,167.72
2003-04-25,155.14
2003-04-26,143.88
2003-04-27,139.61
2003-04-28,135.85
2003-04-29,127.14
2003-04-30,111.83
2003-05-01,108.05
2003-05-02,109.81
2003-05-03,101.93
2003-05-04,92.91
2003-05-05,97.61
2003-05-06,104.75
2003-05-07,105.78
2003-05-08,116.79
2003-05-09,109.1
2003-05-10,100.05
2003-05-11,91.99
2003-05-12,93.89
2003-05-13,84.85
2003-05-14,83.05
2003-05-15,83.07
2003-05-16,79.15
2003-05-17,76.71
2003-05-18,78.61
2003-05-19,78.42
2003-05-20,74.76
2003-05-21,72.14
2003-05-22,70.78
2003-05-23,71.81
2003-05-24,72.45
2003-05-25,73.47
2003-05-26,67.42
2003-05-27,66.72
2003-05-28,67.27
2003-05-29,66.89
2003-05-30,67.44
2003-05-31,69.21
2003-06-01,65.78
2003-06-02,69.42
2003-06-03,68.6
2003-06-04,66.32
2003-06-05,67.11
2003-06-06,63.95
2003-06-07,64.12
2003-06-08,61.07
2003-06-09,62.63
2003-06-10,57.45
2003-06-11,57.8
2003-06-12,55.89
2003-06-13,54.02
2003-06-14,52.9
2003-06-15,52.17
2003-06-16,54.13
2003-06-17,49.72
2003-06-18,52.57
2003-06-19,52.79
2003-06-20,53.64
2003-06-21,54.7
2003-06-22,54.82
2003-06-23,51.79
2003-06-24,49.47
2003-06-25,49.38
2003-06-26,48.34
2003-06-27,50.46
2003-06-28,52.5
2003-06-29,48.25
2003-06-30,48.52
2003-07-01,47.08
2003-07-02,47.2
2003-07-03,46.17
2003-07-04,47.06
2003-07-05,46.87
2003-07-06,46.89
2003-07-07,49.78
2003-07-08,50.21
2003-07-09,49.6
2003-07-10,49.05
2003-07-11,48.25
2003-07-12,46.4
2003-07-13,43.87
2003-07-14,48.29
2003-07-15,48.63
2003-07-16,48.96
2003-07-17,47.37
2003-07-18,48.09
2003-07-19,47.8
2003-07-20,45.73
2003-07-21,47.11
2003-07-22,49.18
2003-07-23,47.36
2003-07-24,47.29
2003-07-25,46.66
2003-07-26,46.73
2003-07-27,45.35
2003-07-28,42.46
2003-07-29,41.67
2003-07-30,43.32
2003-07-31,44.17
2003-08-01,45.19
2003-08-02,44.24
2003-08-03,41.29
2003-08-04,44.18
2003-08-05,46.66
2003-08-06,46.73
2003-08-07,50.21
2003-08-08,51.33
2003-08-09,49.42
2003-08-10,44.33
2003-08-11,45.89
2003-08-12,47.88
2003-08-13,48.53
2003-08-14,47.74
2003-08-15,43.66
2003-08-16,43.45
2003-08-17,38.1
2003-08-18,38.3
2003-08-19,42.2
2003-08-20,43.0
2003-08-21,45.39
2003-08-22,45.75
2003-08-23,42.62
2003-08-24,38.75
2003-08-25,41.74
2003-08-26,43.09
2003-08-27,45.47
2003-08-28,45.96
2003-08-29,42.54
2003-08-30,40.74
2003-08-31,37.45
2003-09-01,42.51
2003-09-02,41.77
2003-09-03,43.93
2003-09-04,43.28
2003-09-05,43.71
2003-09-06,40.93
2003-09-07,39.34
2003-09-08,43.79
2003-09-09,45.39
2003-09-10,45.42
2003-09-11,44.65
2003-09-12,47.38
2003-09-13,43.0
2003-09-14,38.89
2003-09-15,40.43
2003-09-16,40.02
2003-09-17,39.63
2003-09-18,38.71
2003-09-19,39.18
2003-09-20,40.51
2003-09-21,36.58
2003-09-22,41.84
2003-09-23,42.26
2003-09-24,46.92
2003-09-25,48.65
2003-09-26,45.63
2003-09-27,44.23
2003-09-28,41.51
2003-09-29,45.09
2003-09-30,40.23
2003-10-01,41.53
2003-10-02,44.52
2003-10-03,45.83
2003-10-04,44.67
2003-10-05,47.71
2003-10-06,50.27
2003-10-07,47.61
2003-10-08,50.29
2003-10-09,52.17
2003-10-10,53.71
2003-10-11,53.56
2003-10-12,54.04
2003-10-13,67.0
2003-10-14,79.14
2003-10-15,68.53
2003-10-16,67.46
2003-10-17,64.84
2003-10-18,61.43
2003-10-19,55.55
2003-10-20,61.51
2003-10-21,63.18
2003-10-22,67.38
2003-10-23,67.45
2003-10-24,66.04
2003-10-25,70.75
2003-10-26,63.66
2003-10-27,69.76
2003-10-28,66.24
2003-10-29,92.92
2003-10-30,111.42
2003-10-31,106.07
2003-11-01,67.57
2003-11-02,52.19
2003-11-03,50.95
2003-11-04,49.31
2003-11-05,61.56
2003-11-06,61.4
2003-11-07,58.84
2003-11-08,57.12
2003-11-09,53.9
2003-11-10,55.81
2003-11-11,51.74
2003-11-12,49.78
2003-11-13,47.43
2003-11-14,46.62
2003-11-15,46.8
2003-11-16,45.2
2003-11-17,56.72
2003-11-18,55.07
2003-11-19,55.15
2003-11-20,59.42
2003-11-21,62.06
2003-11-22,62.31
2003-11-23,56.67
2003-11-24,67.35
2003-11-25,63.09
2003-11-26,59.88
2003-11-27,84.36
2003-11-28,91.77
2003-11-29,100.45
2003-11-30,93.62
2003-12-01,81.3
2003-12-02,98.8
2003-12-03,135.44
2003-12-04,135.57
2003-12-05,141.45
2003-12-06,155.81
2003-12-07,130.9
2003-12-08,111.37
2003-12-09,103.55
2003-12-10,92.67
2003-12-11,93.67
2003-12-12,98.6
2003-12-13,107.05
2003-12-14,136.64
2003-12-15,133.63
2003-12-16,145.3
2003-12-17,128.52
2003-12-18,129.94
2003-12-19,142.94
2003-12-20,133.56
2003-12-21,117.9
2003-12-22,136.22
2003-12-23,128.98
2003-12-24,116.95
2003-12-25,128.42
2003-12-26,140.06
2003-12-27,238.43
2003-12-28,237.18
2003-12-29,191.11
2003-12-30,164.02
2003-12-31,162.06
2004-01-01,147.19
2004-01-02,136.58
2004-01-03,137.35
2004-01-04,135.76
2004-01-05,147.94
2004-01-06,136.19
2004-01-07,117.07
2004-01-08,131.6
2004-01-09,132.03
2004-01-10,134.97
2004-01-11,120.85
2004-01-12,112.69
2004-01-13,105.49
2004-01-14,96.65
2004-01-15,93.41
2004-01-16,90.36
2004-01-17,87.74
2004-01-18,83.4
2004-01-19,80.76
2004-01-20,81.02
2004-01-21,80.27
2004-01-22,79.74
2004-01-23,79.62
2004-01-24,78.47
2004-01-25,74.72
2004-01-26,82.21
2004-01-27,83.46
2004-01-28,101.92
2004-01-29,95.6
2004-01-30,86.95
2004-01-31,88.6
2004-02-01,90.19
2004-02-02,89.37
2004-02-03,102.49
2004-02-04,136.09
2004-02-05,151.58
2004-02-06,161.33
2004-02-07,164.56
2004-02-08,156.35
2004-02-09,198.32
2004-02-10,185.71
2004-02-11,216.32
2004-02-12,237.61
2004-02-13,228.78
2004-02-14,223.76
2004-02-15,228.16
2004-02-16,207.75
2004-02-17,188.33
2004-02-18,184.32
2004-02-19,188.07
2004-02-20,185.09
2004-02-21,203.12
2004-02-22,191.08
2004-02-23,179.21
2004-02-24,152.63
2004-02-25,134.04
2004-02-26,124.04
2004-02-27,114.03
2004-02-28,111.83
2004-02-29,113.64
2004-03-01,110.05
2004-03-02,101.04
2004-03-03,98.59
2004-03-04,89.63
2004-03-05,92.22
2004-03-06,110.48
2004-03-07,124.76
2004-03-08,129.1
2004-03-09,116.47
2004-03-10,110.8
2004-03-11,115.94
2004-03-12,116.25
2004-03-13,106.94
2004-03-14,111.71
2004-03-15,124.38
2004-03-16,99.52
2004-03-17,104.03
2004-03-18,104.9
2004-03-19,131.23
2004-03-20,153.45
2004-03-21,165.42
2004-03-22,194.74
2004-03-23,193.1
2004-03-24,191.72
2004-03-25,203.01
2004-03-26,257.11
2004-03-27,196.09
2004-03-28,173.34
2004-03-29,161.24
2004-03-30,151.9
2004-03-31,137.62
2004-04-01,131.79
2004-04-02,143.32
2004-04-03,142.25
2004-04-04,152.9
2004-04-05,136.13
2004-04-06,127.12
2004-04-07,125.96
2004-04-08,115.59
2004-04-09,113.97
2004-04-10,127.51
2004-04-11,180.25
2004-04-12,179.59
2004-04-13,157.73
2004-04-14,172.79
2004-04-15,179.3
2004-04-16,160.72
2004-04-17,142.32
2004-04-18,128.99
2004-04-19,120.19
2004-04-20,108.87
2004-04-21,102.56
2004-04-22,95.04
2004-04-23,91.06
2004-04-24,86.65
2004-04-25,85.48
2004-04-26,82.85
2004-04-27,84.03
2004-04-28,85.9
2004-04-29,78.31
2004-04-30,78.08
2004-05-01,70.78
2004-05-02,73.42
2004-05-03,80.04
2004-05-04,79.87
2004-05-05,80.51
2004-05-06,85.07
2004-05-07,82.02
2004-05-08,78.63
2004-05-09,76.43
2004-05-10,71.47
2004-05-11,71.92
2004-05-12,69.44
2004-05-13,69.0
2004-05-14,65.83
2004-05-15,63.4
2004-05-16,66.75
2004-05-17,62.28
2004-05-18,60.95
2004-05-19,63.06
2004-05-20,63.22
2004-05-21,62.82
2004-05-22,59.67
2004-05-23,60.12
2004-05-24,59.69
2004-05-25,55.58
2004-05-26,54.63
2004-05-27,52.04
2004-05-28,55.8
2004-05-29,58.26
2004-05-30,52.98
2004-05-31,54.03
2004-06-01,53.98
2004-06-02,56.13
2004-06-03,54.57
2004-06-04,51.46
2004-06-05,49.82
2004-06-06,46.17
2004-06-07,42.27
2004-06-08,47.56
2004-06-09,48.86
2004-06-10,50.83
2004-06-11,52.7
2004-06-12,46.74
2004-06-13,43.64
2004-06-14,41.61
2004-06-15,42.36
2004-06-16,43.68
2004-06-17,44.28
2004-06-18,44.21
2004-06-19,41.01
2004-06-20,38.76
2004-06-21,38.54
2004-06-22,41.49
2004-06-23,40.89
2004-06-24,41.94
2004-06-25,44.23
2004-06-26,36.55
2004-06-27,40.31
2004-06-28,40.46
2004-06-29,38.54
2004-06-30,40.76
2004-07-01,39.34
2004-07-02,39.09
2004-07-03,37.72
2004-07-04,38.34
2004-07-05,38.94
2004-07-06,39.23
2004-07-07,36.65
2004-07-08,37.24
2004-07-09,37.43
2004-07-10,36.33
2004-07-11,34.88
2004-07-12,35.11
2004-07-13,35.25
2004-07-14,36.66
2004-07-15,38.12
2004-07-16,42.27
2004-07-17,42.08
2004-07-18,38.43
2004-07-19,36.78
2004-07-20,35.6
2004-07-21,38.06
2004-07-22,37.78
2004-07-23,36.47
2004-07-24,34.94
2004-07-25,31.87
2004-07-26,31.75
2004-07-27,33.81
2004-07-28,34.63
2004-07-29,31.23
2004-07-30,31.45
2004-07-31,31.82
2004-08-01,31.82
2004-08-02,33.81
2004-08-03,36.64
2004-08-04,37.65
2004-08-05,38.91
2004-08-06,37.77
2004-08-07,40.91
2004-08-08,34.75
2004-08-09,31.93
2004-08-10,35.13
2004-08-11,34.94
2004-08-12,35.79
2004-08-13,34.91
2004-08-14,34.0
2004-08-15,31.63
2004-08-16,30.64
2004-08-17,35.34
2004-08-18,36.84
2004-08-19,37.89
2004-08-20,36.48
2004-08-21,34.43
2004-08-22,32.61
2004-08-23,32.47
2004-08-24,35.79
2004-08-25,38.37
2004-08-26,35.93
2004-08-27,35.08
2004-08-28,34.12
2004-08-29,31.97
2004-08-30,31.17
2004-08-31,32.24
2004-09-01,33.44
2004-09-02,32.71
2004-09-03,30.74
2004-09-04,30.03
2004-09-05,30.54
2004-09-06,29.36
2004-09-07,30.0
2004-09-08,36.23
2004-09-09,38.17
2004-09-10,43.25
2004-09-11,42.85
2004-09-12,38.1
2004-09-13,36.09
2004-09-14,32.55
2004-09-15,31.74
2004-09-16,31.98
2004-09-17,32.24
2004-09-18,33.54
2004-09-19,35.88
2004-09-20,36.28
2004-09-21,36.13
2004-09-22,37.54
2004-09-23,37.7
2004-09-24,33.29
2004-09-25,29.75
2004-09-26,28.52
2004-09-27,29.41
2004-09-28,31.21
2004-09-29,29.92
2004-09-30,36.36
2004-10-01,49.24
2004-10-02,52.46
2004-10-03,61.29
2004-10-04,70.65
2004-10-05,79.85
2004-10-06,74.14
2004-10-07,61.0
2004-10-08,57.4
2004-10-09,60.71
2004-10-10,50.36
2004-10-11,49.68
2004-10-12,48.12
2004-10-13,44.21
2004-10-14,43.94
2004-10-15,45.26
2004-10-16,44.99
2004-10-17,49.83
2004-10-18,66.02
2004-10-19,61.86
2004-10-20,76.93
2004-10-21,105.66
2004-10-22,105.76
2004-10-23,103.25
2004-10-24,124.49
2004-10-25,159.27
2004-10-26,141.24
2004-10-27,129.73
2004-10-28,118.42
2004-10-29,136.19
2004-10-30,138.01
2004-10-31,127.76
2004-11-01,119.97
2004-11-02,131.35
2004-11-03,137.53
2004-11-04,144.13
2004-11-05,164.9
2004-11-06,182.77
2004-11-07,196.36
2004-11-08,272.91
2004-11-09,272.61
2004-11-10,247.03
2004-11-11,239.51
2004-11-12,210.0
2004-11-13,195.8
2004-11-14,172.87
2004-11-15,143.41
2004-11-16,118.34
2004-11-17,109.34
2004-11-18,96.55
2004-11-19,92.27
2004-11-20,90.64
2004-11-21,103.86
2004-11-22,135.66
2004-11-23,139.84
2004-11-24,120.32
2004-11-25,104.53
2004-11-26,98.66
2004-11-27,102.75
2004-11-28,112.0
2004-11-29,111.38
2004-11-30,107.34
2004-12-01,108.15
2004-12-02,121.09
2004-12-03,137.89
2004-12-04,135.94
2004-12-05,125.84
2004-12-06,124.87
2004-12-07,126.13
2004-12-08,136.22
2004-12-09,147.46
2004-12-10,236.85
2004-12-11,272.88
2004-12-12,218.44
2004-12-13,228.04
2004-12-14,206.29
2004-12-15,245.71
2004-12-16,286.89
2004-12-17,295.18
2004-12-18,229.62
2004-12-19,191.04
2004-12-20,167.59
2004-12-21,154.48
2004-12-22,158.04
2004-12-23,158.15
2004-12-24,150.82
2004-12-25,139.26
2004-12-26,118.38
2004-12-27,117.61
2004-12-28,110.12
2004-12-29,106.12
2004-12-30,121.87
2004-12-31,120.21
2005-01-01,131.19
2005-01-02,128.1
2005-01-03,131.37
2005-01-04,152.08
2005-01-05,179.82
2005-01-06,240.85
2005-01-07,222.36
2005-01-08,172.35
2005-01-09,178.27
2005-01-10,176.75
2005-01-11,169.82
2005-01-12,163.36
2005-01-13,171.99
2005-01-14,176.22
2005-01-15,179.65
2005-01-16,187.51
2005-01-17,156.87
2005-01-18,138.41
2005-01-19,127.59
2005-01-20,120.62
2005-01-21,111.18
2005-01-22,102.67
2005-01-23,101.17
2005-01-24,103.9
2005-01-25,117.25
2005-01-26,128.49
2005-01-27,139.23
2005-01-28,122.75
2005-01-29,115.92
2005-01-30,113.38
2005-01-31,138.54
2005-02-01,141.04
2005-02-02,132.48
2005-02-03,122.67
2005-02-04,127.36
2005-02-05,123.12
2005-02-06,113.04
2005-02-07,109.3
2005-02-08,120.88
2005-02-09,158.33
2005-02-10,165.82
2005-02-11,212.3
2005-02-12,198.4
2005-02-13,207.42
2005-02-14,282.12
2005-02-15,243.55
2005-02-16,229.02
2005-02-17,205.94
2005-02-18,186.78
2005-02-19,169.22
2005-02-20,171.86
2005-02-21,204.83
2005-02-22,246.15
2005-02-23,220.43
2005-02-24,194.96
2005-02-25,179.05
2005-02-26,183.15
2005-02-27,188.33
2005-02-28,196.68
2005-03-01,195.33
2005-03-02,242.36
2005-03-03,242.74
2005-03-04,280.77
2005-03-05,259.23
2005-03-06,238.96
2005-03-07,290.62
2005-03-08,257.78
2005-03-09,258.6
2005-03-10,254.09
2005-03-11,270.26
2005-03-12,286.97
2005-03-13,296.46
2005-03-14,318.25
2005-03-15,318.98
2005-03-16,333.5
2005-03-17,312.29
2005-03-18,343.35
2005-03-19,352.59
2005-03-20,335.73
2005-03-21,384.66
2005-03-22,339.28
2005-03-23,305.41
2005-03-24,285.99
2005-03-25,287.42
2005-03-26,282.04
2005-03-27,269.21
2005-03-28,321.33
2005-03-29,325.55
2005-03-30,304.16
2005-03-31,325.84
2005-04-01,325.21
2005-04-02,321.1
2005-04-03,310.95
2005-04-04,287.42
2005-04-05,266.7
2005-04-06,265.7
2005-04-07,255.18
2005-04-08,238.77
2005-04-09,213.73
2005-04-10,194.87
2005-04-11,185.69
2005-04-12,187.24
2005-04-13,173.14
2005-04-14,171.41
2005-04-15,165.48
2005-04-16,134.5
2005-04-17,118.63
2005-04-18,109.75
2005-04-19,113.27
2005-04-20,131.55
2005-04-21,144.47
2005-04-22,180.95
2005-04-23,180.04
2005-04-24,151.79
2005-04-25,127.04
2005-04-26,115.29
2005-04-27,115.04
2005-04-28,135.32
2005-04-29,118.1
2005-04-30,115.44
2005-05-01,126.71
2005-05-02,119.51
2005-05-03,115.46
2005-05-04,107.93
2005-05-05,101.25
2005-05-06,97.09
2005-05-07,90.84
2005-05-08,85.48
2005-05-09,83.71
2005-05-10,78.11
2005-05-11,73.28
2005-05-12,73.97
2005-05-13,71.77
2005-05-14,69.17
2005-05-15,72.31
2005-05-16,75.66
2005-05-17,75.44
2005-05-18,74.53
2005-05-19,68.77
2005-05-20,65.42
2005-05-21,66.17
2005-05-22,65.13
2005-05-23,64.05
2005-05-24,60.85
2005-05-25,65.88
2005-05-26,67.79
2005-05-27,61.24
2005-05-28,61.13
2005-05-29,64.14
2005-05-30,61.18
2005-05-31,60.77
2005-06-01,55.75
2005-06-02,54.95
2005-06-03,55.86
2005-06-04,57.24
2005-06-05,59.54
2005-06-06,59.12
2005-06-07,55.81
2005-06-08,55.16
2005-06-09,56.27
2005-06-10,57.02
2005-06-11,57.17
2005-06-12,53.95
2005-06-13,57.65
2005-06-14,57.18
2005-06-15,54.86
2005-06-16,52.34
2005-06-17,54.8
2005-06-18,55.6
2005-06-19,55.11
2005-06-20,52.48
2005-06-21,54.01
2005-06-22,53.81
2005-06-23,53.28
2005-06-24,50.53
2005-06-25,49.19
2005-06-26,48.62
2005-06-27,53.96
2005-06-28,48.59
2005-06-29,47.03
2005-06-30,53.22
2005-07-01,47.15
2005-07-02,47.94
2005-07-03,48.55
2005-07-04,50.71
2005-07-05,50.99
2005-07-06,49.72
2005-07-07,51.18
2005-07-08,48.1
2005-07-09,45.15
2005-07-10,44.8
2005-07-11,49.5
2005-07-12,48.45
2005-07-13,46.32
2005-07-14,47.38
2005-07-15,47.46
2005-07-16,48.97
2005-07-17,46.06
2005-07-18,50.61
2005-07-19,54.04
2005-07-20,47.84
2005-07-21,48.21
2005-07-22,47.74
2005-07-23,48.72
2005-07-24,48.61
2005-07-25,49.25
2005-07-26,49.32
2005-07-27,50.61
2005-07-28,49.78
2005-07-29,43.5
2005-07-30,45.58
2005-07-31,44.91
2005-08-01,49.31
2005-08-02,49.31
2005-08-03,47.25
2005-08-04,48.09
2005-08-05,47.94
2005-08-06,46.7
2005-08-07,50.21
2005-08-08,48.29
2005-08-09,45.78
2005-08-10,47.66
2005-08-11,44.02
2005-08-12,44.97
2005-08-13,45.41
2005-08-14,46.98
2005-08-15,45.99
2005-08-16,47.9
2005-08-17,47.56
2005-08-18,47.0
2005-08-19,45.13
2005-08-20,45.19
2005-08-21,42.53
2005-08-22,44.92
2005-08-23,47.37
2005-08-24,43.74
2005-08-25,44.45
2005-08-26,41.53
2005-08-27,42.54
2005-08-28,42.99
2005-08-29,42.84
2005-08-30,41.72
2005-08-31,46.55
2005-09-01,46.07
2005-09-02,44.95
2005-09-03,43.0
2005-09-04,41.91
2005-09-05,45.04
2005-09-06,47.05
2005-09-07,46.81
2005-09-08,44.25
2005-09-09,42.67
2005-09-10,42.19
2005-09-11,40.78
2005-09-12,48.28
2005-09-13,44.06
2005-09-14,43.5
2005-09-15,41.41
2005-09-16,41.59
2005-09-17,40.26
2005-09-18,39.8
2005-09-19,45.18
2005-09-20,48.93
2005-09-21,53.32
2005-09-22,54.63
2005-09-23,57.93
2005-09-24,59.48
2005-09-25,56.55
2005-09-26,50.98
2005-09-27,49.86
2005-09-28,54.45
2005-09-29,52.49
2005-09-30,51.04
2005-10-01,51.26
2005-10-02,49.15
2005-10-03,54.9
2005-10-04,72.27
2005-10-05,65.21
2005-10-06,50.32
2005-10-07,48.1
2005-10-08,55.88
2005-10-09,54.82
2005-10-10,61.04
2005-10-11,76.3
2005-10-12,79.84
2005-10-13,79.45
2005-10-14,68.7
2005-10-15,59.95
2005-10-16,52.78
2005-10-17,54.03
2005-10-18,47.36
2005-10-19,47.83
2005-10-20,53.44
2005-10-21,57.11
2005-10-22,56.21
2005-10-23,59.78
2005-10-24,79.02
2005-10-25,96.37
2005-10-26,82.69
2005-10-27,69.15
2005-10-28,69.18
2005-10-29,64.57
2005-10-30,64.69
2005-10-31,58.43
2005-11-01,61.79
2005-11-02,66.42
2005-11-03,63.48
2005-11-04,55.7
2005-11-05,55.0
2005-11-06,55.51
2005-11-07,56.85
2005-11-08,86.35
2005-11-09,96.85
2005-11-10,85.19
2005-11-11,82.52
2005-11-12,77.83
2005-11-13,70.19
2005-11-14,69.84
2005-11-15,65.24
2005-11-16,61.57
2005-11-17,66.96
2005-11-18,64.66
2005-11-19,60.83
2005-11-20,63.78
2005-11-21,60.83
2005-11-22,61.01
2005-11-23,61.64
2005-11-24,64.36
2005-11-25,65.76
2005-11-26,65.95
2005-11-27,69.99
2005-11-28,72.34
2005-11-29,71.7
2005-11-30,70.75
2005-12-01,73.05
2005-12-02,68.8
2005-12-03,69.31
2005-12-04,63.03
2005-12-05,59.12
2005-12-06,58.14
2005-12-07,56.81
2005-12-08,51.46
2005-12-09,55.79
2005-12-10,60.01
2005-12-11,56.42
2005-12-12,62.49
2005-12-13,73.08
2005-12-14,83.27
2005-12-15,91.06
2005-12-16,95.71
2005-12-17,108.27
2005-12-18,143.65
2005-12-19,144.3
2005-12-20,161.29
2005-12-21,155.81
2005-12-22,157.73
2005-12-23,175.78
2005-12-24,173.67
2005-12-25,174.03
2005-12-26,211.87
2005-12-27,232.33
2005-12-28,223.07
2005-12-29,179.62
2005-12-30,145.79
2005-12-31,125.64
2006-01-01,120.54
2006-01-02,110.71
2006-01-03,99.03
2006-01-04,90.91
2006-01-05,82.58
2006-01-06,96.01
2006-01-07,116.34
2006-01-08,103.99
2006-01-09,94.83
2006-01-10,78.13
2006-01-11,74.57
2006-01-12,74.74
2006-01-13,72.95
2006-01-14,78.86
2006-01-15,121.45
2006-01-16,124.76
2006-01-17,168.84
2006-01-18,194.21
2006-01-19,253.52
2006-01-20,196.47
2006-01-21,161.2
2006-01-22,156.68
2006-01-23,140.22
2006-01-24,132.31
2006-01-25,144.22
2006-01-26,141.09
2006-01-27,135.54
2006-01-28,128.12
2006-01-29,147.24
2006-01-30,164.6
2006-01-31,211.41
2006-02-01,200.57
2006-02-02,209.13
2006-02-03,206.82
2006-02-04,261.6
2006-02-05,320.83
2006-02-06,348.65
2006-02-07,357.48
2006-02-08,301.34
2006-02-09,257.3
2006-02-10,260.62
2006-02-11,267.53
2006-02-12,268.72
2006-02-13,283.19
2006-02-14,233.23
2006-02-15,214.82
2006-02-16,186.84
2006-02-17,168.45
2006-02-18,154.95
2006-02-19,154.81
2006-02-20,159.08
2006-02-21,159.01
2006-02-22,161.6
2006-02-23,171.65
2006-02-24,169.47
2006-02-25,158.07
2006-02-26,167.65
2006-02-27,210.03
2006-02-28,200.27
2006-03-01,216.37
2006-03-02,225.73
2006-03-03,260.52
2006-03-04,344.48
2006-03-05,361.18
2006-03-06,365.17
2006-03-07,362.75
2006-03-08,312.75
2006-03-09,312.76
2006-03-10,278.26
2006-03-11,243.61
2006-03-12,245.11
2006-03-13,296.09
2006-03-14,326.25
2006-03-15,417.82
2006-03-16,393.4
2006-03-17,391.32
2006-03-18,461.83
2006-03-19,436.36
2006-03-20,429.35
2006-03-21,425.35
2006-03-22,522.06
2006-03-23,524.04
2006-03-24,504.45
2006-03-25,507.15
2006-03-26,540.34
2006-03-27,520.49
2006-03-28,504.24
2006-03-29,488.92
2006-03-30,489.2
2006-03-31,472.66
2006-04-01,472.87
2006-04-02,421.53
2006-04-03,436.29
2006-04-04,479.27
2006-04-05,505.66
2006-04-06,527.63
2006-04-07,598.35
2006-04-08,726.86
2006-04-09,826.67
2006-04-10,716.37
2006-04-11,663.2
2006-04-12,543.17
2006-04-13,434.83
2006-04-14,373.69
2006-04-15,327.78
2006-04-16,358.86
2006-04-17,325.54
2006-04-18,320.4
2006-04-19,312.11
2006-04-20,278.89
2006-04-21,258.77
2006-04-22,237.15
2006-04-23,215.13
2006-04-24,201.07
2006-04-25,195.07
2006-04-26,183.23
2006-04-27,177.08
2006-04-28,173.54
2006-04-29,162.21
2006-04-30,159.25
2006-05-01,149.66
2006-05-02,141.63
2006-05-03,142.82
2006-05-04,134.75
2006-05-05,122.32
2006-05-06,128.83
2006-05-07,122.72
2006-05-08,128.54
2006-05-09,132.19
2006-05-10,119.41
2006-05-11,112.43
2006-05-12,105.03
2006-05-13,103.16
2006-05-14,93.61
2006-05-15,98.33
2006-05-16,90.58
2006-05-17,86.39
2006-05-18,86.84
2006-05-19,87.29
2006-05-20,82.51
2006-05-21,79.51
2006-05-22,83.11
2006-05-23,78.03
2006-05-24,74.75
2006-05-25,72.23
2006-05-26,68.7
2006-05-27,69.65
2006-05-28,68.84
2006-05-29,67.51
2006-05-30,65.88
2006-05-31,62.48
2006-06-01,61.77
2006-06-02,63.49
2006-06-03,65.82
2006-06-04,63.05
2006-06-05,62.83
2006-06-06,65.55
2006-06-07,63.25
2006-06-08,64.89
2006-06-09,85.35
2006-06-10,89.19
2006-06-11,85.76
2006-06-12,89.29
2006-06-13,80.1
2006-06-14,75.52
2006-06-15,69.88
2006-06-16,65.72
2006-06-17,59.33
2006-06-18,53.24
2006-06-19,60.6
2006-06-20,56.27
2006-06-21,60.38
2006-06-22,58.05
2006-06-23,55.81
2006-06-24,55.51
2006-06-25,51.86
2006-06-26,49.75
2006-06-27,49.54
2006-06-28,53.43
2006-06-29,50.52
2006-06-30,51.66
2006-07-01,50.77
2006-07-02,46.58
2006-07-03,50.13
2006-07-04,50.83
2006-07-05,51.7
2006-07-06,50.25
2006-07-07,49.34
2006-07-08,46.43
2006-07-09,45.93
2006-07-10,42.4
2006-07-11,47.84
2006-07-12,48.56
2006-07-13,48.29
2006-07-14,50.15
2006-07-15,45.4
2006-07-16,43.14
2006-07-17,41.82
2006-07-18,45.46
2006-07-19,46.91
2006-07-20,48.86
2006-07-21,46.55
2006-07-22,44.88
2006-07-23,46.59
2006-07-24,43.11
2006-07-25,49.7
2006-07-26,50.83
2006-07-27,51.13
2006-07-28,48.79
2006-07-29,44.52
2006-07-30,41.7
2006-07-31,42.34
2006-08-01,46.32
2006-08-02,46.76
2006-08-03,47.38
2006-08-04,43.99
2006-08-05,39.91
2006-08-06,39.57
2006-08-07,43.42
2006-08-08,45.08
2006-08-09,48.81
2006-08-10,45.96
2006-08-11,44.85
2006-08-12,40.49
2006-08-13,33.92
2006-08-14,40.48
2006-08-15,35.69
2006-08-16,40.44
2006-08-17,42.38
2006-08-18,43.86
2006-08-19,42.63
2006-08-20,41.11
2006-08-21,44.19
2006-08-22,46.09
2006-08-23,44.61
2006-08-24,44.9
2006-08-25,45.69
2006-08-26,43.45
2006-08-27,41.52
2006-08-28,40.02
2006-08-29,42.44
2006-08-30,41.69
2006-08-31,45.58
2006-09-01,44.2
2006-09-02,46.55
2006-09-03,43.51
2006-09-04,47.25
2006-09-05,46.45
2006-09-06,49.01
2006-09-07,47.12
2006-09-08,45.97
2006-09-09,44.51
2006-09-10,44.07
2006-09-11,44.78
2006-09-12,45.55
2006-09-13,43.9
2006-09-14,44.79
2006-09-15,46.52
2006-09-16,43.76
2006-09-17,46.51
2006-09-18,49.66
2006-09-19,56.52
2006-09-20,47.71
2006-09-21,44.16
2006-09-22,49.31
2006-09-23,48.5
2006-09-24,43.74
2006-09-25,47.63
2006-09-26,46.14
2006-09-27,45.77
2006-09-28,42.4
2006-09-29,40.23
2006-09-30,39.08
2006-10-01,36.92
2006-10-02,39.8
2006-10-03,44.03
2006-10-04,41.79
2006-10-05,43.33
2006-10-06,40.33
2006-10-07,46.89
2006-10-08,47.71
2006-10-09,53.47
2006-10-10,52.84
2006-10-11,48.07
2006-10-12,50.72
2006-10-13,46.98
2006-10-14,42.93
2006-10-15,43.72
2006-10-16,46.5
2006-10-17,48.92
2006-10-18,49.53
2006-10-19,51.26
2006-10-20,48.98
2006-10-21,51.14
2006-10-22,53.06
2006-10-23,56.33
2006-10-24,67.87
2006-10-25,82.12
2006-10-26,91.87
2006-10-27,98.89
2006-10-28,101.53
2006-10-29,95.39
2006-10-30,89.97
2006-10-31,81.49
2006-11-01,101.46
2006-11-02,95.65
2006-11-03,78.46
2006-11-04,64.62
2006-11-05,57.74
2006-11-06,61.56
2006-11-07,55.96
2006-11-08,53.68
2006-11-09,50.07
2006-11-10,53.6
2006-11-11,64.83
2006-11-12,83.44
2006-11-13,104.89
2006-11-14,91.52
2006-11-15,74.51
2006-11-16,69.32
2006-11-17,68.31
2006-11-18,80.35
2006-11-19,88.21
2006-11-20,108.18
2006-11-21,109.38
2006-11-22,98.11
2006-11-23,93.76
2006-11-24,104.4
2006-11-25,98.59
2006-11-26,102.45
2006-11-27,109.13
2006-11-28,130.03
2006-11-29,161.48
2006-11-30,133.82
2006-12-01,125.66
2006-12-02,112.01
2006-12-03,100.15
2006-12-04,100.07
2006-12-05,102.76
2006-12-06,94.92
2006-12-07,112.32
2006-12-08,128.66
2006-12-09,125.98
2006-12-10,120.15
2006-12-11,119.26
2006-12-12,119.63
2006-12-13,146.67
2006-12-14,161.65
2006-12-15,146.2
2006-12-16,133.13
2006-12-17,130.64
2006-12-18,142.29
2006-12-19,138.19
2006-12-20,159.39
2006-12-21,252.81
2006-12-22,268.75
2006-12-23,277.34
2006-12-24,284.88
2006-12-25,295.59
2006-12-26,272.91
2006-12-27,285.97
2006-12-28,292.91
2006-12-29,266.17
2006-12-30,244.57
2006-12-31,283.92
2007-01-01,263.96
2007-01-02,243.67
2007-01-03,229.87
2007-01-04,231.91
2007-01-05,234.38
2007-01-06,215.93
2007-01-07,213.83
2007-01-08,233.28
2007-01-09,235.54
2007-01-10,217.49
2007-01-11,218.54
2007-01-12,207.99
2007-01-13,223.65
2007-01-14,202.14
2007-01-15,176.34
2007-01-16,162.17
2007-01-17,167.05
2007-01-18,184.75
2007-01-19,205.47
2007-01-20,215.23
2007-01-21,192.99
2007-01-22,205.53
2007-01-23,211.03
2007-01-24,192.02
2007-01-25,219.6
2007-01-26,249.72
2007-01-27,251.7
2007-01-28,242.24
2007-01-29,255.82
2007-01-30,243.44
2007-01-31,221.34
2007-02-01,222.1
2007-02-02,212.65
2007-02-03,195.58
2007-02-04,206.36
2007-02-05,217.93
2007-02-06,229.31
2007-02-07,212.72
2007-02-08,190.33
2007-02-09,177.22
2007-02-10,193.45
2007-02-11,218.69
2007-02-12,259.79
2007-02-13,305.34
2007-02-14,380.93
2007-02-15,307.37
2007-02-16,248.07
2007-02-17,213.92
2007-02-18,190.03
2007-02-19,170.13
2007-02-20,158.57
2007-02-21,144.94
2007-02-22,133.73
2007-02-23,127.43
2007-02-24,123.08
2007-02-25,121.08
2007-02-26,119.92
2007-02-27,115.17
2007-02-28,114.17
2007-03-01,127.92
2007-03-02,132.5
2007-03-03,126.04
2007-03-04,134.26
2007-03-05,220.99
2007-03-06,235.46
2007-03-07,244.22
2007-03-08,253.11
2007-03-09,233.45
2007-03-10,280.8
2007-03-11,301.42
2007-03-12,450.52
2007-03-13,488.45
2007-03-14,470.67
2007-03-15,430.7
2007-03-16,399.97
2007-03-17,393.13
2007-03-18,433.37
2007-03-19,436.83
2007-03-20,380.2
2007-03-21,393.12
2007-03-22,370.48
2007-03-23,407.16
2007-03-24,353.52
2007-03-25,311.77
2007-03-26,282.08
2007-03-27,314.14
2007-03-28,344.67
2007-03-29,323.09
2007-03-30,315.83
2007-03-31,359.8
2007-04-01,535.77
2007-04-02,504.25
2007-04-03,466.21
2007-04-04,429.6
2007-04-05,445.0
2007-04-06,418.77
2007-04-07,374.68
2007-04-08,365.3
2007-04-09,406.41
2007-04-10,602.88
2007-04-11,477.47
2007-04-12,407.56
2007-04-13,385.86
2007-04-14,374.99
2007-04-15,332.77
2007-04-16,295.63
2007-04-17,265.65
2007-04-18,248.0
2007-04-19,224.8
2007-04-20,231.13
2007-04-21,207.64
2007-04-22,194.61
2007-04-23,193.22
2007-04-24,219.16
2007-04-25,225.34
2007-04-26,230.23
2007-04-27,211.37
2007-04-28,222.6
2007-04-29,215.65
2007-04-30,205.65
2007-05-01,185.18
2007-05-02,166.03
2007-05-03,149.71
2007-05-04,145.7
2007-05-05,145.23
2007-05-06,136.63
2007-05-07,135.7
2007-05-08,136.37
2007-05-09,138.29
2007-05-10,215.99
2007-05-11,181.25
2007-05-12,154.16
2007-05-13,138.73
2007-05-14,130.48
2007-05-15,117.62
2007-05-16,111.2
2007-05-17,104.59
2007-05-18,99.29
2007-05-19,98.64
2007-05-20,93.24
2007-05-21,91.37
2007-05-22,86.86
2007-05-23,83.54
2007-05-24,80.44
2007-05-25,79.92
2007-05-26,72.22
2007-05-27,71.08
2007-05-28,70.33
2007-05-29,69.45
2007-05-30,68.95
2007-05-31,69.58
2007-06-01,75.88
2007-06-02,76.4
2007-06-03,70.34
2007-06-04,68.76
2007-06-05,65.97
2007-06-06,64.98
2007-06-07,68.13
2007-06-08,66.97
2007-06-09,69.19
2007-06-10,63.14
2007-06-11,64.8
2007-06-12,54.46
2007-06-13,62.63
2007-06-14,61.55
2007-06-15,58.05
2007-06-16,55.08
2007-06-17,52.12
2007-06-18,53.42
2007-06-19,53.78
2007-06-20,54.16
2007-06-21,55.3
2007-06-22,55.04
2007-06-23,55.81
2007-06-24,55.34
2007-06-25,52.2
2007-06-26,52.3
2007-06-27,53.86
2007-06-28,50.6
2007-06-29,52.12
2007-06-30,48.14
2007-07-01,37.93
2007-07-02,49.71
2007-07-03,47.83
2007-07-04,46.44
2007-07-05,46.63
2007-07-06,46.66
2007-07-07,45.87
2007-07-08,47.5
2007-07-09,46.44
2007-07-10,45.57
2007-07-11,45.5
2007-07-12,47.04
2007-07-13,46.07
2007-07-14,45.48
2007-07-15,46.41
2007-07-16,43.89
2007-07-17,45.82
2007-07-18,46.06
2007-07-19,48.45
2007-07-20,46.92
2007-07-21,48.15
2007-07-22,46.25
2007-07-23,47.94
2007-07-24,48.71
2007-07-25,44.8
2007-07-26,44.98
2007-07-27,47.06
2007-07-28,45.89
2007-07-29,44.87
2007-07-30,43.55
2007-07-31,41.65
2007-08-01,47.47
2007-08-02,47.08
2007-08-03,47.12
2007-08-04,43.05
2007-08-05,43.48
2007-08-06,40.18
2007-08-07,39.82
2007-08-08,44.04
2007-08-09,44.07
2007-08-10,50.25
2007-08-11,43.16
2007-08-12,41.08
2007-08-13,39.27
2007-08-14,39.65
2007-08-15,39.63
2007-08-16,38.93
2007-08-17,39.61
2007-08-18,41.18
2007-08-19,42.5
2007-08-20,43.92
2007-08-21,46.71
2007-08-22,45.16
2007-08-23,44.48
2007-08-24,41.62
2007-08-25,41.04
2007-08-26,40.39
2007-08-27,43.75
2007-08-28,47.41
2007-08-29,47.77
2007-08-30,45.77
2007-08-31,45.27
2007-09-01,46.49
2007-09-02,38.48
2007-09-03,40.52
2007-09-04,42.74
2007-09-05,44.42
2007-09-06,43.46
2007-09-07,42.67
2007-09-08,39.09
2007-09-09,36.39
2007-09-10,36.72
2007-09-11,37.66
2007-09-12,37.66
2007-09-13,37.46
2007-09-14,37.46
2007-09-15,37.46
2007-09-16,37.53
2007-09-17,37.65
2007-09-18,37.98
2007-09-19,39.15
2007-09-20,39.94
2007-09-21,41.25
2007-09-22,40.88
2007-09-23,42.49
2007-09-24,40.97
2007-09-25,42.62
2007-09-26,40.6
2007-09-27,38.07
2007-09-28,36.13
2007-09-29,34.22
2007-09-30,33.88
2007-10-01,33.04
2007-10-02,32.53
2007-10-03,33.39
2007-10-04,35.46
2007-10-05,37.89
2007-10-06,38.86
2007-10-07,40.89
2007-10-08,49.48
2007-10-09,66.55
2007-10-10,72.83
2007-10-11,61.78
2007-10-12,57.19
2007-10-13,53.54
2007-10-14,50.02
2007-10-15,43.99
2007-10-16,37.58
2007-10-17,37.29
2007-10-18,42.1
2007-10-19,53.31
2007-10-20,57.25
2007-10-21,56.24
2007-10-22,92.82
2007-10-23,102.66
2007-10-24,111.96
2007-10-25,99.97
2007-10-26,104.5
2007-10-27,101.36
2007-10-28,85.35
2007-10-29,86.9
2007-10-30,94.53
2007-10-31,112.77
2007-11-01,128.11
2007-11-02,105.43
2007-11-03,91.66
2007-11-04,86.31
2007-11-05,80.59
2007-11-06,80.07
2007-11-07,96.51
2007-11-08,109.7
2007-11-09,120.23
2007-11-10,113.69
2007-11-11,109.83
2007-11-12,118.03
2007-11-13,113.6
2007-11-14,94.68
2007-11-15,88.44
2007-11-16,97.32
2007-11-17,122.81
2007-11-18,108.08
2007-11-19,93.96
2007-11-20,90.61
2007-11-21,91.75
2007-11-22,121.83
2007-11-23,144.16
2007-11-24,141.41
2007-11-25,127.05
2007-11-26,117.85
2007-11-27,109.93
2007-11-28,111.03
2007-11-29,107.46
2007-11-30,111.34
2007-12-01,102.38
2007-12-02,89.21
2007-12-03,76.08
2007-12-04,72.0
2007-12-05,73.46
2007-12-06,75.25
2007-12-07,71.78
2007-12-08,69.61
2007-12-09,72.63
2007-12-10,66.77
2007-12-11,65.29
2007-12-12,67.46
2007-12-13,65.67
2007-12-14,77.89
2007-12-15,83.68
2007-12-16,78.04
2007-12-17,76.02
2007-12-18,67.16
2007-12-19,68.13
2007-12-20,76.45
2007-12-21,103.58
2007-12-22,110.71
2007-12-23,103.86
2007-12-24,95.57
2007-12-25,81.46
2007-12-26,74.23
2007-12-27,85.47
2007-12-28,125.94
2007-12-29,136.75
2007-12-30,197.92
2007-12-31,186.46
2008-01-01,205.7
2008-01-02,186.87
2008-01-03,145.9
2008-01-04,141.4
2008-01-05,121.63
2008-01-06,123.9
2008-01-07,123.3
2008-01-08,168.9
2008-01-09,204.07
2008-01-10,222.4
2008-01-11,178.37
2008-01-12,152.53
2008-01-13,145.07
2008-01-14,148.9
2008-01-15,224.73
2008-01-16,319.43
2008-01-17,278.53
2008-01-18,326.73
2008-01-19,293.63
2008-01-20,232.6
2008-01-21,228.67
2008-01-22,239.03
2008-01-23,221.57
2008-01-24,253.73
2008-01-25,319.43
2008-01-26,434.17
2008-01-27,373.47
2008-01-28,323.27
2008-01-29,270.73
2008-01-30,245.5
2008-01-31,204.13
2008-02-01,184.6
2008-02-02,166.83
2008-02-03,148.8
2008-02-04,153.33
2008-02-05,142.7
2008-02-06,133.83
2008-02-07,123.47
2008-02-08,142.73
2008-02-09,147.5
2008-02-10,136.07
2008-02-11,139.77
2008-02-12,169.73
2008-02-13,168.9
2008-02-14,187.47
2008-02-15,188.1
2008-02-16,249.7
2008-02-17,239.73
2008-02-18,269.57
2008-02-19,295.5
2008-02-20,381.8
2008-02-21,425.57
2008-02-22,428.43
2008-02-23,401.67
2008-02-24,380.67
2008-02-25,412.17
2008-02-26,411.37
2008-02-27,356.3
2008-02-28,319.33
2008-02-29,348.3
2008-03-01,379.83
2008-03-02,314.67
2008-03-03,280.3
2008-03-04,271.6
2008-03-05,268.23
2008-03-06,259.63
2008-03-07,218.43
2008-03-08,203.4
2008-03-09,176.23
2008-03-10,173.6
2008-03-11,189.57
2008-03-12,213.83
2008-03-13,263.1
2008-03-14,264.73
2008-03-15,305.53
2008-03-16,360.3
2008-03-17,311.23
2008-03-18,293.67
2008-03-19,336.53
2008-03-20,315.57
2008-03-21,315.03
2008-03-22,316.6
2008-03-23,278.57
2008-03-24,269.13
2008-03-25,266.53
2008-03-26,244.7
2008-03-27,257.1
2008-03-28,375.07
2008-03-29,297.53
2008-03-30,316.67
2008-03-31,340.67
2008-04-01,357.23
2008-04-02,350.27
2008-04-03,316.5
2008-04-04,287.53
2008-04-05,287.53
2008-04-06,317.7
2008-04-07,310.97
2008-04-08,282.9
2008-04-09,257.9
2008-04-10,242.23
2008-04-11,232.53
2008-04-12,232.5
2008-04-13,272.0
2008-04-14,269.0
2008-04-15,252.13
2008-04-16,262.17
2008-04-17,293.83
2008-04-18,248.8
2008-04-19,219.3
2008-04-20,201.17
2008-04-21,179.07
2008-04-22,174.2
2008-04-23,164.2
2008-04-24,166.17
2008-04-25,174.93
2008-04-26,168.4
2008-04-27,205.2
2008-04-28,199.77
2008-04-29,183.3
2008-04-30,189.67
2008-05-01,200.67
2008-05-02,172.87
2008-05-03,152.9
2008-05-04,159.0
2008-05-05,142.7
2008-05-06,126.73
2008-05-07,121.1
2008-05-08,112.6
2008-05-09,106.7
2008-05-10,105.6
2008-05-11,102.5
2008-05-12,100.13
2008-05-13,107.67
2008-05-14,96.1
2008-05-15,102.0
2008-05-16,95.33
2008-05-17,91.0
2008-05-18,86.23
2008-05-19,82.33
2008-05-20,80.27
2008-05-21,71.77
2008-05-22,74.43
2008-05-23,70.47
2008-05-24,73.37
2008-05-25,70.93
2008-05-26,71.07
2008-05-27,70.7
2008-05-28,66.87
2008-05-29,64.5
2008-05-30,63.7
2008-05-31,64.27
2008-06-01,65.33
2008-06-02,58.3
2008-06-03,58.27
2008-06-04,56.97
2008-06-05,51.4
2008-06-06,55.87
2008-06-07,55.57
2008-06-08,53.27
2008-06-09,51.3
2008-06-10,51.83
2008-06-11,47.3
2008-06-12,52.53
2008-06-13,52.17
2008-06-14,51.1
2008-06-15,50.8
2008-06-16,50.13
2008-06-17,50.77
2008-06-18,48.27
2008-06-19,50.93
2008-06-20,47.67
2008-06-21,48.07
2008-06-22,51.73
2008-06-23,48.9
2008-06-24,57.53
2008-06-25,66.3
2008-06-26,56.9
2008-06-27,53.83
2008-06-28,52.37
2008-06-29,47.07
2008-06-30,44.33
2008-07-01,42.9
2008-07-02,47.57
2008-07-03,50.43
2008-07-04,49.4
2008-07-05,53.87
2008-07-06,47.1
2008-07-07,46.2
2008-07-08,47.13
2008-07-09,46.8
2008-07-10,47.4
2008-07-11,48.2
2008-07-12,48.13
2008-07-13,46.2
2008-07-14,51.3
2008-07-15,45.9
2008-07-16,47.7
2008-07-17,47.33
2008-07-18,46.5
2008-07-19,44.73
2008-07-20,43.3
2008-07-21,44.7
2008-07-22,48.6
2008-07-23,45.3
2008-07-24,44.7
2008-07-25,48.1
2008-07-26,42.43
2008-07-27,41.37
2008-07-28,44.57
2008-07-29,40.0
2008-07-30,40.27
2008-07-31,41.33
2008-08-01,41.07
2008-08-02,41.07
2008-08-03,40.8
2008-08-04,42.73
2008-08-05,50.47
2008-08-06,42.7
2008-08-07,43.03
2008-08-08,41.27
2008-08-09,40.27
2008-08-10,40.0
2008-08-11,40.0
2008-08-12,39.73
2008-08-13,37.97
2008-08-14,37.97
2008-08-15,37.7
2008-08-16,37.7
2008-08-17,37.7
2008-08-18,37.0
2008-08-19,37.0
2008-08-20,37.7
2008-08-21,38.5
2008-08-22,38.5
2008-08-23,37.73
2008-08-24,38.47
2008-08-25,37.47
2008-08-26,37.97
2008-08-27,40.3
2008-08-28,38.73
2008-08-29,38.47
2008-08-30,37.7
2008-08-31,38.5
2008-09-01,41.33
2008-09-02,39.83
2008-09-03,39.6
2008-09-04,37.47
2008-09-05,38.5
2008-09-06,38.27
2008-09-07,38.8
2008-09-08,38.23
2008-09-09,39.77
2008-09-10,40.6
2008-09-11,39.13
2008-09-12,37.47
2008-09-13,37.97
2008-09-14,36.23
2008-09-15,35.03
2008-09-16,36.0
2008-09-17,36.47
2008-09-18,38.53
2008-09-19,37.5
2008-09-20,38.73
2008-09-21,37.0
2008-09-22,38.77
2008-09-23,43.3
2008-09-24,40.0
2008-09-25,39.23
2008-09-26,40.53
2008-09-27,38.2
2008-09-28,39.53
2008-09-29,46.43
2008-09-30,41.37
2008-10-01,43.33
2008-10-02,41.67
2008-10-03,43.9
2008-10-04,57.1
2008-10-05,56.67
2008-10-06,53.5
2008-10-07,81.23
2008-10-08,96.73
2008-10-09,74.63
2008-10-10,69.97
2008-10-11,74.2
2008-10-12,61.83
2008-10-13,54.43
2008-10-14,49.5
2008-10-15,50.33
2008-10-16,45.57
2008-10-17,48.0
2008-10-18,47.5
2008-10-19,70.4
2008-10-20,57.5
2008-10-21,65.03
2008-10-22,51.83
2008-10-23,51.87
2008-10-24,61.73
2008-10-25,86.27
2008-10-26,106.1
2008-10-27,126.83
2008-10-28,139.57
2008-10-29,148.83
2008-10-30,196.9
2008-10-31,277.07
2008-11-01,262.9
2008-11-02,175.03
2008-11-03,163.83
2008-11-04,165.17
2008-11-05,179.27
2008-11-06,152.5
2008-11-07,137.2
2008-11-08,132.03
2008-11-09,118.9
2008-11-10,100.9
2008-11-11,94.67
2008-11-12,84.8
2008-11-13,85.23
2008-11-14,90.73
2008-11-15,102.23
2008-11-16,89.43
2008-11-17,75.87
2008-11-18,74.0
2008-11-19,74.6
2008-11-20,71.17
2008-11-21,78.4
2008-11-22,70.33
2008-11-23,75.93
2008-11-24,70.6
2008-11-25,69.63
2008-11-26,98.83
2008-11-27,109.4
2008-11-28,91.33
2008-11-29,91.33
2008-11-30,105.63
2008-12-01,121.6
2008-12-02,159.43
2008-12-03,144.67
2008-12-04,132.03
2008-12-05,111.4
2008-12-06,97.17
2008-12-07,97.43
2008-12-08,92.9
2008-12-09,92.03
2008-12-10,105.63
2008-12-11,97.6
2008-12-12,78.47
2008-12-13,82.03
2008-12-14,75.37
2008-12-15,74.03
2008-12-16,67.4
2008-12-17,69.1
2008-12-18,62.27
2008-12-19,65.1
2008-12-20,68.53
2008-12-21,80.23
2008-12-22,107.53
2008-12-23,121.23
2008-12-24,141.8
2008-12-25,149.17
2008-12-26,127.4
2008-12-27,105.6
2008-12-28,88.33
2008-12-29,82.67
2008-12-30,68.43
2008-12-31,75.37
2009-01-01,87.53
2009-01-02,113.13
2009-01-03,169.47
2009-01-04,178.77
2009-01-05,168.63
2009-01-06,139.37
2009-01-07,144.13
2009-01-08,161.73
2009-01-09,209.17
2009-01-10,209.37
2009-01-11,233.67
2009-01-12,233.67
2009-01-13,281.6
2009-01-14,353.97
2009-01-15,304.57
2009-01-16,278.33
2009-01-17,289.77
2009-01-18,394.63
2009-01-19,445.5
2009-01-20,367.37
2009-01-21,299.9
2009-01-22,250.7
2009-01-23,227.97
2009-01-24,205.5
2009-01-25,211.0
2009-01-26,232.07
2009-01-27,257.67
2009-01-28,247.4
2009-01-29,296.17
2009-01-30,355.83
2009-01-31,438.13
2009-02-01,656.83
2009-02-02,572.27
2009-02-03,512.33
2009-02-04,481.37
2009-02-05,384.4
2009-02-06,381.17
2009-02-07,435.13
2009-02-08,423.87
2009-02-09,389.0
2009-02-10,410.23
2009-02-11,435.37
2009-02-12,367.27
2009-02-13,445.53
2009-02-14,482.7
2009-02-15,451.33
2009-02-16,416.77
2009-02-17,372.7
2009-02-18,315.3
2009-02-19,348.67
2009-02-20,338.43
2009-02-21,359.97
2009-02-22,435.2
2009-02-23,421.43
2009-02-24,506.0
2009-02-25,404.3
2009-02-26,340.2
2009-02-27,329.1
2009-02-28,307.43
2009-03-01,289.37
2009-03-02,306.47
2009-03-03,334.57
2009-03-04,296.9
2009-03-05,316.2
2009-03-06,336.27
2009-03-07,639.93
2009-03-08,635.97
2009-03-09,498.3
2009-03-10,559.37
2009-03-11,548.67
2009-03-12,587.5
2009-03-13,595.2
2009-03-14,607.5
2009-03-15,721.57
2009-03-16,647.8
2009-03-17,503.87
2009-03-18,412.27
2009-03-19,372.7
2009-03-20,360.0
2009-03-21,376.17
2009-03-22,354.73
2009-03-23,445.5
2009-03-24,489.93
2009-03-25,473.67
2009-03-26,489.5
2009-03-27,568.2
2009-03-28,647.3
2009-03-29,655.77
2009-03-30,557.63
2009-03-31,538.0
2009-04-01,578.27
2009-04-02,595.03
2009-04-03,488.2
2009-04-04,434.27
2009-04-05,396.5
2009-04-06,457.77
2009-04-07,551.7
2009-04-08,557.63
2009-04-09,557.87
2009-04-10,674.7
2009-04-11,758.73
2009-04-12,738.93
2009-04-13,649.7
2009-04-14,741.5
2009-04-15,597.4
2009-04-16,493.63
2009-04-17,415.67
2009-04-18,364.03
2009-04-19,342.23
2009-04-20,306.47
2009-04-21,282.9
2009-04-22,273.83
2009-04-23,282.9
2009-04-24,276.67
2009-04-25,265.73
2009-04-26,249.8
2009-04-27,243.03
2009-04-28,218.23
2009-04-29,197.0
2009-04-30,199.27
2009-05-01,186.57
2009-05-02,223.83
2009-05-03,206.23
2009-05-04,194.77
2009-05-05,168.6
2009-05-06,162.43
2009-05-07,149.17
2009-05-08,142.73
2009-05-09,137.1
2009-05-10,131.0
2009-05-11,132.27
2009-05-12,137.77
2009-05-13,125.0
2009-05-14,126.77
2009-05-15,125.63
2009-05-16,122.1
2009-05-17,123.47
2009-05-18,138.3
2009-05-19,129.8
2009-05-20,126.2
2009-05-21,116.47
2009-05-22,106.57
2009-05-23,99.23
2009-05-24,93.23
2009-05-25,90.87
2009-05-26,93.2
2009-05-27,96.2
2009-05-28,98.77
2009-05-29,87.93
2009-05-30,86.93
2009-05-31,78.1
2009-06-01,89.37
2009-06-02,80.07
2009-06-03,77.9
2009-06-04,74.87
2009-06-05,71.1
2009-06-06,71.1
2009-06-07,69.0
2009-06-08,68.2
2009-06-09,63.57
2009-06-10,61.67
2009-06-11,62.8
2009-06-12,58.83
2009-06-13,57.03
2009-06-14,59.63
2009-06-15,56.5
2009-06-16,54.77
2009-06-17,68.88
2009-06-18,66.66
2009-06-19,68.07
2009-06-20,66.7
2009-06-21,69.53
2009-06-22,67.47
2009-06-23,68.4
2009-06-24,68.1
2009-06-25,71.03
2009-06-26,66.27
2009-06-27,65.83
2009-06-28,54.3
2009-06-29,55.0
2009-06-30,56.7
2009-07-01,59.0
2009-07-02,59.57
2009-07-03,58.23
2009-07-04,56.13
2009-07-05,55.73
2009-07-06,54.03
2009-07-07,55.27
2009-07-08,55.23
2009-07-09,58.57
2009-07-10,62.53
2009-07-11,59.97
2009-07-12,54.03
2009-07-13,51.6
2009-07-14,51.63
2009-07-15,52.4
2009-07-16,57.6
2009-07-17,51.23
2009-07-18,50.93
2009-07-19,51.4
2009-07-20,49.73
2009-07-21,52.67
2009-07-22,51.33
2009-07-23,47.77
2009-07-24,51.5
2009-07-25,46.57
2009-07-26,45.1
2009-07-27,48.93
2009-07-28,47.73
2009-07-29,49.8
2009-07-30,45.1
2009-07-31,41.03
2009-08-01,45.13
2009-08-02,42.87
2009-08-03,44.7
2009-08-04,47.03
2009-08-05,48.8
2009-08-06,46.57
2009-08-07,48.67
2009-08-08,42.87
2009-08-09,43.63
2009-08-10,44.23
2009-08-11,45.53
2009-08-12,48.77
2009-08-13,41.77
2009-08-14,44.03
2009-08-15,43.3
2009-08-16,44.7
2009-08-17,42.5
2009-08-18,44.03
2009-08-19,47.33
2009-08-20,50.37
2009-08-21,44.43
2009-08-22,47.27
2009-08-23,42.53
2009-08-24,49.5
2009-08-25,49.47
2009-08-26,51.5
2009-08-27,49.45
2009-08-28,60.2
2009-08-29,50.9
2009-08-30,44.4
2009-08-31,47.0
2009-09-01,43.33
2009-09-02,40.33
2009-09-03,45.47
2009-09-04,43.7
2009-09-05,46.97
2009-09-06,42.47
2009-09-07,42.0
2009-09-08,42.33
2009-09-09,42.33
2009-09-10,45.27
2009-09-11,51.0
2009-09-12,54.1
2009-09-13,45.87
2009-09-14,44.93
2009-09-15,46.13
2009-09-16,50.67
2009-09-17,51.33
2009-09-18,55.17
2009-09-19,51.87
2009-09-20,45.8
2009-09-21,60.37
2009-09-22,51.07
2009-09-23,50.93
2009-09-24,55.57
2009-09-25,49.83
2009-09-26,51.63
2009-09-27,46.17
2009-09-28,47.7
2009-09-29,50.73
2009-09-30,45.23
2009-10-01,44.4
2009-10-02,48.07
2009-10-03,55.77
2009-10-04,62.17
2009-10-05,57.03
2009-10-06,65.03
2009-10-07,63.23
2009-10-08,55.33
2009-10-09,55.76
2009-10-10,50.55
2009-10-11,45.23
2009-10-12,52.3
2009-10-13,58.37
2009-10-14,61.9
2009-10-15,47.33
2009-10-16,58.77
2009-10-17,57.47
2009-10-18,59.5
2009-10-19,90.3
2009-10-20,104.93
2009-10-21,96.07
2009-10-22,106.1
2009-10-23,133.53
2009-10-24,172.2
2009-10-25,184.63
2009-10-26,180.83
2009-10-27,161.97
2009-10-28,176.57
2009-10-29,185.7
2009-10-30,166.97
2009-10-31,142.7
2009-11-01,123.1
2009-11-02,124.53
2009-11-03,119.07
2009-11-04,101.63
2009-11-05,95.23
2009-11-06,79.73
2009-11-07,81.3
2009-11-08,77.97
2009-11-09,63.8
2009-11-10,61.47
2009-11-11,61.47
2009-11-12,69.57
2009-11-13,71.17
2009-11-14,85.93
2009-11-15,91.77
2009-11-16,91.2
2009-11-17,132.37
2009-11-18,155.17
2009-11-19,177.23
2009-11-20,137.2
2009-11-21,128.5
2009-11-22,120.63
2009-11-23,142.63
2009-11-24,180.4
2009-11-25,229.2
2009-11-26,249.47
2009-11-27,244.73
2009-11-28,277.6
2009-11-29,312.67
2009-11-30,344.17
2009-12-01,324.57
2009-12-02,278.37
2009-12-03,274.8
2009-12-04,329.9
2009-12-05,289.87
2009-12-06,264.27
2009-12-07,247.73
2009-12-08,214.53
2009-12-09,226.2
2009-12-10,236.6
2009-12-11,218.13
2009-12-12,217.43
2009-12-13,191.77
2009-12-14,182.5
2009-12-15,189.7
2009-12-16,199.9
2009-12-17,225.57
2009-12-18,249.33
2009-12-19,339.53
2009-12-20,335.87
2009-12-21,391.43
2009-12-22,364.03
2009-12-23,437.9
2009-12-24,439.08
2009-12-25,427.13
2009-12-26,359.13
2009-12-27,312.37
2009-12-28,257.77
2009-12-29,293.07
2009-12-30,266.4
2009-12-31,239.47
2010-01-01,217.87
2010-01-02,195.1
2010-01-03,190.87
2010-01-04,187.17
2010-01-05,193.1
2010-01-06,205.4
2010-01-07,207.5
2010-01-08,185.7
2010-01-09,185.07
2010-01-10,207.5
2010-01-11,291.3
2010-01-12,266.0
2010-01-13,235.53
2010-01-14,234.9
2010-01-15,223.77
2010-01-16,239.4
2010-01-17,220.0
2010-01-18,221.0
2010-01-19,247.23
2010-01-20,246.23
2010-01-21,250.87
2010-01-22,237.13
2010-01-23,341.79
2010-01-24,369.53
2010-01-25,317.7
2010-01-26,267.2
2010-01-27,235.63
2010-01-28,217.97
2010-01-29,205.47
2010-01-30,193.07
2010-01-31,193.07
2010-02-01,177.9
2010-02-02,171.37
2010-02-03,170.13
2010-02-04,173.4
2010-02-05,199.03
2010-02-06,328.77
2010-02-07,499.2
2010-02-08,447.4
2010-02-09,330.53
2010-02-10,282.43
2010-02-11,333.17
2010-02-12,297.33
2010-02-13,279.93
2010-02-14,275.9
2010-02-15,296.43
2010-02-16,335.83
2010-02-17,322.67
2010-02-18,292.3
2010-02-19,267.27
2010-02-20,249.23
2010-02-21,253.37
2010-02-22,281.33
2010-02-23,247.0
2010-02-24,217.4
2010-02-25,201.5
2010-02-26,192.4
2010-02-27,179.8
2010-02-28,183.03
2010-03-01,171.87
2010-03-02,238.83
2010-03-03,226.13
2010-03-04,294.67
2010-03-05,284.03
2010-03-06,250.83
2010-03-07,257.57
2010-03-08,282.43
2010-03-09,237.27
2010-03-10,217.43
2010-03-11,241.7
2010-03-12,237.3
2010-03-13,277.57
2010-03-14,276.17
2010-03-15,252.33
2010-03-16,312.37
2010-03-17,328.1
2010-03-18,309.77
2010-03-19,290.5
2010-03-20,290.6
2010-03-21,276.77
2010-03-22,232.0
2010-03-23,264.3
2010-03-24,286.67
2010-03-25,250.77
2010-03-26,327.37
2010-03-27,306.47
2010-03-28,277.57
2010-03-29,288.3
2010-03-30,272.7
2010-03-31,321.97
2010-04-01,380.83
2010-04-02,366.67
2010-04-03,298.9
2010-04-04,318.3
2010-04-05,386.33
2010-04-06,358.27
2010-04-07,351.0
2010-04-08,337.67
2010-04-09,304.83
2010-04-10,289.83
2010-04-11,261.63
2010-04-12,249.33
2010-04-13,229.77
2010-04-14,212.47
2010-04-15,194.43
2010-04-16,180.43
2010-04-17,191.1
2010-04-18,176.5
2010-04-19,167.57
2010-04-20,162.67
2010-04-21,161.4
2010-04-22,158.23
2010-04-23,142.6
2010-04-24,142.6
2010-04-25,135.7
2010-04-26,137.47
2010-04-27,143.87
2010-04-28,137.47
2010-04-29,130.57
2010-04-30,129.47
2010-05-01,168.27
2010-05-02,254.93
2010-05-03,234.27
2010-05-04,230.07
2010-05-05,192.37
2010-05-06,177.6
2010-05-07,163.87
2010-05-08,147.93
2010-05-09,142.03
2010-05-10,127.27
2010-05-11,126.17
2010-05-12,110.7
2010-05-13,104.77
2010-05-14,108.47
2010-05-15,94.63
2010-05-16,96.7
2010-05-17,99.6
2010-05-18,82.3
2010-05-19,86.1
2010-05-20,87.53
2010-05-21,85.4
2010-05-22,101.9
2010-05-23,100.9
2010-05-24,92.57
2010-05-25,80.27
2010-05-26,74.9
2010-05-27,75.87
2010-05-28,72.63
2010-05-29,66.6
2010-05-30,73.4
2010-05-31,72.5
2010-06-01,70.37
2010-06-02,71.2
2010-06-03,69.5
2010-06-04,66.43
2010-06-05,65.53
2010-06-06,59.87
2010-06-07,63.9
2010-06-08,63.3
2010-06-09,56.2
2010-06-10,56.27
2010-06-11,54.43
2010-06-12,47.57
2010-06-13,51.9
2010-06-14,45.8
2010-06-15,51.23
2010-06-16,52.1
2010-06-17,50.87
2010-06-18,54.7
2010-06-19,56.57
2010-06-20,59.9
2010-06-21,57.8
2010-06-22,53.03
2010-06-23,45.8
2010-06-24,48.83
2010-06-25,54.03
2010-06-26,54.8
2010-06-27,48.3
2010-06-28,44.37
2010-06-29,40.6
2010-06-30,43.33
2010-07-01,44.87
2010-07-02,52.97
2010-07-03,50.27
2010-07-04,46.07
2010-07-05,55.03
2010-07-06,52.27
2010-07-07,56.63
2010-07-08,49.83
2010-07-09,57.1
2010-07-10,55.87
2010-07-11,49.47
2010-07-12,50.33
2010-07-13,49.5
2010-07-14,49.5
2010-07-15,55.53
2010-07-16,48.7
2010-07-17,45.7
2010-07-18,40.5
2010-07-19,43.4
2010-07-20,42.37
2010-07-21,42.0
2010-07-22,43.5
2010-07-23,46.43
2010-07-24,44.6
2010-07-25,40.87
2010-07-26,43.87
2010-07-27,40.9
2010-07-28,50.5
2010-07-29,39.1
2010-07-30,41.57
2010-07-31,42.3
2010-08-01,47.87
2010-08-02,51.33
2010-08-03,44.67
2010-08-04,50.4
2010-08-05,44.25
2010-08-06,49.17
2010-08-07,43.8
2010-08-08,39.83
2010-08-09,41.6
2010-08-10,45.5
2010-08-11,45.93
2010-08-12,43.73
2010-08-13,39.8
2010-08-14,43.63
2010-08-15,42.93
2010-08-16,39.73
2010-08-17,45.57
2010-08-18,45.87
2010-08-19,47.9
2010-08-20,47.9
2010-08-21,46.67
2010-08-22,43.83
2010-08-23,43.9
2010-08-24,47.53
2010-08-25,49.47
2010-08-26,49.37
2010-08-27,47.73
2010-08-28,53.1
2010-08-29,43.03
2010-08-30,46.37
2010-08-31,45.17
2010-09-01,49.0
2010-09-02,44.27
2010-09-03,39.6
2010-09-04,44.03
2010-09-05,42.83
2010-09-06,46.73
2010-09-07,45.53
2010-09-08,45.03
2010-09-09,41.87
2010-09-10,39.67
2010-09-11,42.1
2010-09-12,43.13
2010-09-13,39.0
2010-09-14,43.57
2010-09-15,40.97
2010-09-16,42.1
2010-09-17,43.2
2010-09-18,39.97
2010-09-19,39.53
2010-09-20,37.93
2010-09-21,38.67
2010-09-22,40.97
2010-09-23,46.47
2010-09-24,45.4
2010-09-25,47.1
2010-09-26,43.27
2010-09-27,50.13
2010-09-28,49.4
2010-09-29,50.63
2010-09-30,51.47
2010-10-01,51.03
2010-10-02,38.6
2010-10-03,51.37
2010-10-04,49.03
2010-10-05,48.5
2010-10-06,49.17
2010-10-07,48.9
2010-10-08,48.6
2010-10-09,48.77
2010-10-10,53.27
2010-10-11,49.27
2010-10-12,48.07
2010-10-13,49.1
2010-10-14,50.9
2010-10-15,45.8
2010-10-16,46.87
2010-10-17,47.03
2010-10-18,45.63
2010-10-19,52.97
2010-10-20,83.0
2010-10-21,101.57
2010-10-22,73.33
2010-10-23,62.93
2010-10-24,50.37
2010-10-25,46.17
2010-10-26,48.9
2010-10-27,49.43
2010-10-28,47.97
2010-10-29,48.63
2010-10-30,42.23
2010-10-31,43.87
2010-11-01,47.07
2010-11-02,52.47
2010-11-03,62.9
2010-11-04,59.17
2010-11-05,54.8
2010-11-06,46.4
2010-11-07,50.2
2010-11-08,48.97
2010-11-09,51.33
2010-11-10,51.4
2010-11-11,55.53
2010-11-12,90.97
2010-11-13,101.63
2010-11-14,95.57
2010-11-15,89.13
2010-11-16,92.97
2010-11-17,141.13
2010-11-18,142.23
2010-11-19,138.27
2010-11-20,127.47
2010-11-21,115.5
2010-11-22,120.53
2010-11-23,121.07
2010-11-24,110.83
2010-11-25,101.0
2010-11-26,76.97
2010-11-27,91.07
2010-11-28,106.77
2010-11-29,107.93
2010-11-30,100.77
2010-12-01,90.4
2010-12-02,84.7
2010-12-03,64.87
2010-12-04,101.6
2010-12-05,123.27
2010-12-06,181.07
2010-12-07,158.97
2010-12-08,165.13
2010-12-09,162.53
2010-12-10,172.27
2010-12-11,205.9
2010-12-12,178.7
2010-12-13,154.83
2010-12-14,135.5
2010-12-15,119.5
2010-12-16,106.6
2010-12-17,108.1
2010-12-18,111.5
2010-12-19,123.33
2010-12-20,133.87
2010-12-21,134.1
2010-12-22,155.5
2010-12-23,212.57
2010-12-24,256.2
2010-12-25,272.2
2010-12-26,239.93
2010-12-27,231.4
2010-12-28,284.07
2010-12-29,303.87
2010-12-30,309.47
2010-12-31,273.8
2011-01-01,238.6
2011-01-02,204.47
2011-01-03,192.73
2011-01-04,174.07
2011-01-05,158.37
2011-01-06,181.27
2011-01-07,215.4
2011-01-08,251.3
2011-01-09,254.03
2011-01-10,215.33
2011-01-11,216.7
2011-01-12,226.57
2011-01-13,221.7
2011-01-14,240.0
2011-01-15,266.73
2011-01-16,261.37
2011-01-17,291.77
2011-01-18,301.4
2011-01-19,269.57
2011-01-20,250.27
2011-01-21,225.0
2011-01-22,190.03
2011-01-23,175.97
2011-01-24,162.6
2011-01-25,153.67
2011-01-26,139.93
2011-01-27,136.1
2011-01-28,152.67
2011-01-29,172.33
2011-01-30,209.87
2011-01-31,263.97
2011-02-01,267.77
2011-02-02,237.1
2011-02-03,217.37
2011-02-04,227.2
2011-02-05,232.8
2011-02-06,243.63
2011-02-07,216.7
2011-02-08,264.73
2011-02-09,293.3
2011-02-10,290.93
2011-02-11,316.0
2011-02-12,311.03
2011-02-13,365.17
2011-02-14,292.57
2011-02-15,248.07
2011-02-16,218.1
2011-02-17,195.8
2011-02-18,190.6
2011-02-19,171.63
2011-02-20,149.33
2011-02-21,144.57
2011-02-22,141.13
2011-02-23,144.87
2011-02-24,141.6
2011-02-25,130.6
2011-02-26,135.53
2011-02-27,132.77
2011-02-28,174.53
2011-03-01,149.63
2011-03-02,133.9
2011-03-03,130.63
2011-03-04,141.63
2011-03-05,169.5
2011-03-06,175.97
2011-03-07,209.13
2011-03-08,316.33
2011-03-09,295.8
2011-03-10,238.5
2011-03-11,207.87
2011-03-12,181.33
2011-03-13,159.57
2011-03-14,157.77
2011-03-15,145.63
2011-03-16,134.4
2011-03-17,135.17
2011-03-18,134.67
2011-03-19,152.43
2011-03-20,158.57
2011-03-21,192.03
2011-03-22,203.77
2011-03-23,262.53
2011-03-24,231.3
2011-03-25,266.7
2011-03-26,304.57
2011-03-27,314.5
2011-03-28,281.43
2011-03-29,247.23
2011-03-30,294.27
2011-03-31,334.5
2011-04-01,310.37
2011-04-02,322.07
2011-04-03,363.23
2011-04-04,374.2
2011-04-05,390.5
2011-04-06,423.17
2011-04-07,503.03
2011-04-08,490.77
2011-04-09,470.97
2011-04-10,426.1
2011-04-11,338.8
2011-04-12,307.03
2011-04-13,296.5
2011-04-14,280.63
2011-04-15,261.43
2011-04-16,251.67
2011-04-17,230.77
2011-04-18,218.73
2011-04-19,207.77
2011-04-20,190.6
2011-04-21,181.7
2011-04-22,164.33
2011-04-23,165.87
2011-04-24,145.67
2011-04-25,169.9
2011-04-26,237.13
2011-04-27,230.77
2011-04-28,198.33
2011-04-29,181.07
2011-04-30,186.73
2011-05-01,193.27
2011-05-02,166.8
2011-05-03,158.37
2011-05-04,152.47
2011-05-05,142.23
2011-05-06,131.1
2011-05-07,126.6
2011-05-08,109.57
2011-05-09,94.07
2011-05-10,93.8
2011-05-11,91.2
2011-05-12,87.87
2011-05-13,91.33
2011-05-14,94.17
2011-05-15,81.93
2011-05-16,86.1
2011-05-17,71.47
2011-05-18,72.5
2011-05-19,70.6
2011-05-20,68.07
2011-05-21,72.2
2011-05-22,60.2
2011-05-23,70.0
2011-05-24,66.27
2011-05-25,61.87
2011-05-26,58.6
2011-05-27,60.23
2011-05-28,64.2
2011-05-29,56.7
2011-05-30,58.13
2011-05-31,60.43
2011-06-01,53.27
2011-06-02,50.33
2011-06-03,49.6
2011-06-04,51.83
2011-06-05,48.53
2011-06-06,48.2
2011-06-07,52.13
2011-06-08,54.67
2011-06-09,46.93
2011-06-10,57.37
2011-06-11,53.53
2011-06-12,56.7
2011-06-13,51.9
2011-06-14,52.97
2011-06-15,52.3
2011-06-16,47.83
2011-06-17,49.73
2011-06-18,49.07
2011-06-19,46.27
2011-06-20,46.9
2011-06-21,47.5
2011-06-22,49.07
2011-06-23,50.73
2011-06-24,50.69
2011-06-25,50.63
2011-06-26,54.87
2011-06-27,46.93
2011-06-28,43.0
2011-06-29,40.9
2011-06-30,45.7
2011-07-01,44.8
2011-07-02,42.5
2011-07-03,43.67
2011-07-04,44.2
2011-07-05,45.97
2011-07-06,44.17
2011-07-07,41.93
2011-07-08,41.93
2011-07-09,40.37
2011-07-10,38.67
2011-07-11,41.33
2011-07-12,38.67
2011-07-13,38.17
2011-07-14,37.13
2011-07-15,36.87
2011-07-16,37.67
2011-07-17,40.03
2011-07-18,44.37
2011-07-19,40.3
2011-07-20,40.53
2011-07-21,38.67
2011-07-22,40.07
2011-07-23,37.1
2011-07-24,36.9
2011-07-25,35.87
2011-07-26,41.3
2011-07-27,37.93
2011-07-28,40.67
2011-07-29,40.67
2011-07-30,41.3
2011-07-31,41.27
2011-08-01,42.13
2011-08-02,41.87
2011-08-03,41.6
2011-08-04,43.9
2011-08-05,44.63
2011-08-06,45.13
2011-08-07,42.17
2011-08-08,44.9
2011-08-09,44.433
2011-08-10,45.333
2011-08-11,44.7
2011-08-12,42.433
2011-08-13,44.367
2011-08-14,39.867
2011-08-15,40.033
2011-08-16,40.967
2011-08-17,37.933
2011-08-18,39.6
2011-08-19,37.933
2011-08-20,37.2
2011-08-21,40.033
2011-08-22,37.2
2011-08-23,40.333
2011-08-24,42.767
2011-08-25,44.633
2011-08-26,43.8
2011-08-27,43.333
2011-08-28,42.767
2011-08-29,47.167
2011-08-30,42.6
2011-08-31,41.5
2011-09-01,41.467
2011-09-02,39.3
2011-09-03,37.5
2011-09-04,35.9
2011-09-05,35.333
2011-09-06,34.9
2011-09-07,35.833
2011-09-08,36.267
2011-09-09,37.933
2011-09-10,41.633
2011-09-11,43.833
2011-09-12,46.967
2011-09-13,40.675
2011-09-14,37.025
2011-09-15,33.44
2011-09-16,32.32
2011-09-17,38.26
2011-09-18,42.0
2011-09-19,40.76
2011-09-20,42.76
2011-09-21,42.14
2011-09-22,40.44
2011-09-23,38.88
2011-09-24,37.38
2011-09-25,38.28
2011-09-26,41.12
2011-09-27,40.3
2011-09-28,38.94
2011-09-29,36.42
2011-09-30,37.64
2011-10-01,38.7
2011-10-02,37.86
2011-10-03,40.36
2011-10-04,40.32
2011-10-05,41.0
2011-10-06,36.18
2011-10-07,38.92
2011-10-08,41.72
2011-10-09,44.04
2011-10-10,51.8
2011-10-11,53.08
2011-10-12,48.02
2011-10-13,43.92
2011-10-14,42.12
2011-10-15,43.54
2011-10-16,42.12
2011-10-17,43.88
2011-10-18,43.44
2011-10-19,40.96
2011-10-20,39.52
2011-10-21,41.96
2011-10-22,46.14
2011-10-23,45.66
2011-10-24,42.84
2011-10-25,39.6
2011-10-26,41.16
2011-10-27,39.86
2011-10-28,43.0
2011-10-29,43.2
2011-10-30,45.7
2011-10-31,49.82
2011-11-01,50.96
2011-11-02,46.62
2011-11-03,46.54
2011-11-04,48.48
2011-11-05,50.46
2011-11-06,52.16
2011-11-07,52.1
2011-11-08,56.68
2011-11-09,55.0
2011-11-10,45.42
2011-11-11,45.96
2011-11-12,45.24
2011-11-13,48.14
2011-11-14,51.62
2011-11-15,57.1
2011-11-16,130.94
2011-11-17,137.36
2011-11-18,131.46
2011-11-19,115.033
2011-11-20,113.933
2011-11-21,94.567
2011-11-22,94.2
2011-11-23,91.267
2011-11-24,105.667
2011-11-25,110.533
2011-11-26,96.867
2011-11-27,85.933
2011-11-28,89.6
2011-11-29,84.6
2011-11-30,72.433
2011-12-01,68.567
2011-12-02,67.567
2011-12-03,65.667
2011-12-04,58.267
2011-12-05,65.067
2011-12-06,63.1
2011-12-07,67.9
2011-12-08,89.433
2011-12-09,97.267
2011-12-10,132.133
2011-12-11,181.333
2011-12-12,195.067
2011-12-13,206.8
2011-12-14,252.933
2011-12-15,216.467
2011-12-16,198.367
2011-12-17,187.733
2011-12-18,169.2
2011-12-19,145.5
2011-12-20,155.167
2011-12-21,187.0
2011-12-22,314.767
2011-12-23,354.167
2011-12-24,286.567
2011-12-25,268.6
2011-12-26,288.333
2011-12-27,266.2
2011-12-28,228.0
2011-12-29,242.467
2011-12-30,259.433
2011-12-31,257.2
2012-01-01,203.767
2012-01-02,221.7
2012-01-03,218.7
2012-01-04,187.633
2012-01-05,177.4
2012-01-06,214.367
2012-01-07,226.767
2012-01-08,288.467
2012-01-09,256.7
2012-01-10,220.767
2012-01-11,222.167
2012-01-12,214.967
2012-01-13,191.833
2012-01-14,211.433
2012-01-15,340.033
2012-01-16,279.167
2012-01-17,249.8
2012-01-18,266.433
2012-01-19,339.333
2012-01-20,280.9
2012-01-21,256.7
2012-01-22,252.8
2012-01-23,213.567
2012-01-24,193.6
2012-01-25,202.4
2012-01-26,187.133
2012-01-27,205.167
2012-01-28,199.667
2012-01-29,214.233
2012-01-30,235.367
2012-01-31,265.4
2012-02-01,251.267
2012-02-02,246.633
2012-02-03,255.933
2012-02-04,278.333
2012-02-05,278.333
2012-02-06,325.533
2012-02-07,544.967
2012-02-08,617.533
2012-02-09,587.7
2012-02-10,516.767
2012-02-11,537.567
2012-02-12,448.4
2012-02-13,362.133
2012-02-14,313.9
2012-02-15,267.167
2012-02-16,239.833
2012-02-17,215.7
2012-02-18,188.4
2012-02-19,200.933
2012-02-20,228.167
2012-02-21,219.3
2012-02-22,246.667
2012-02-23,295.133
2012-02-24,270.433
2012-02-25,285.2
2012-02-26,302.633
2012-02-27,310.4
2012-02-28,285.833
2012-02-29,245.933
2012-03-01,227.233
2012-03-02,219.967
2012-03-03,210.7
2012-03-04,200.333
2012-03-05,224.3
2012-03-06,287.467
2012-03-07,339.767
2012-03-08,346.133
2012-03-09,399.167
2012-03-10,359.7
2012-03-11,328.0
2012-03-12,310.767
2012-03-13,252.867
2012-03-14,249.867
2012-03-15,217.5
2012-03-16,204.5
2012-03-17,210.033
2012-03-18,261.467
2012-03-19,241.567
2012-03-20,226.517
2012-03-21,203.867
2012-03-22,184.433
2012-03-23,188.4
2012-03-24,219.833
2012-03-25,287.933
2012-03-26,248.967
2012-03-27,268.633
2012-03-28,276.767
2012-03-29,291.633
2012-03-30,277.733
2012-03-31,236.167
2012-04-01,213.633
2012-04-02,190.267
2012-04-03,196.267
2012-04-04,201.033
2012-04-05,226.733
2012-04-06,253.867
2012-04-07,255.433
2012-04-08,251.433
2012-04-09,358.8
2012-04-10,390.4
2012-04-11,323.633
2012-04-12,296.633
2012-04-13,265.4
2012-04-14,293.3
2012-04-15,361.133
2012-04-16,350.833
2012-04-17,319.967
2012-04-18,439.867
2012-04-19,411.0
2012-04-20,396.833
2012-04-21,349.033
2012-04-22,311.3
2012-04-23,315.667
2012-04-24,333.9
2012-04-25,312.167
2012-04-26,352.033
2012-04-27,320.967
2012-04-28,280.9
2012-04-29,252.8
2012-04-30,271.4
2012-05-01,254.367
2012-05-02,263.9
2012-05-03,230.233
2012-05-04,210.133
2012-05-05,192.267
2012-05-06,171.033
2012-05-07,157.633
2012-05-08,152.7
2012-05-09,141.0
2012-05-10,135.5
2012-05-11,133.833
2012-05-12,128.167
2012-05-13,115.633
2012-05-14,120.933
2012-05-15,118.967
2012-05-16,131.8
2012-05-17,118.967
2012-05-18,113.867
2012-05-19,102.6
2012-05-20,104.4
2012-05-21,100.767
2012-05-22,110.5
2012-05-23,122.867
2012-05-24,117.367
2012-05-25,122.6
2012-05-26,122.367
2012-05-27,105.0
2012-05-28,88.833
2012-05-29,87.7
2012-05-30,88.8
2012-05-31,78.4
2012-06-01,74.525
2012-06-02,74.067
2012-06-03,63.133
2012-06-04,72.95
2012-06-05,59.4
2012-06-06,58.4
2012-06-07,53.0
2012-06-08,55.1
2012-06-09,62.02
2012-06-10,51.1
2012-06-11,51.66
2012-06-12,54.34
2012-06-13,50.42
2012-06-14,54.64
2012-06-15,46.58
2012-06-16,56.475
2012-06-17,48.94
2012-06-18,51.4
2012-06-19,43.5
2012-06-20,51.8
2012-06-21,47.44
2012-06-22,58.86
2012-06-23,52.04
2012-06-24,54.12
2012-06-25,50.68
2012-06-26,50.42
2012-06-27,49.38
2012-06-28,46.94
2012-06-29,47.56
2012-06-30,29.62
2012-07-01,50.24
2012-07-02,50.1
2012-07-03,47.46
2012-07-04,46.86
2012-07-05,44.82
2012-07-06,47.3
2012-07-07,44.264
2012-07-08,44.72
2012-07-09,42.6
2012-07-10,43.66
2012-07-11,44.14
2012-07-12,43.6
2012-07-13,40.24
2012-07-14,44.74
2012-07-15,38.4
2012-07-16,44.52
2012-07-17,40.88
2012-07-18,41.62
2012-07-19,42.64
2012-07-20,47.0
2012-07-21,44.72
2012-07-22,38.6
2012-07-23,38.6
2012-07-24,39.74
2012-07-25,39.66
2012-07-26,43.02
2012-07-27,40.3
2012-07-28,43.02
2012-07-29,39.06
2012-07-30,34.92
2012-07-31,41.96
2012-08-01,47.38
2012-08-02,43.54
2012-08-03,44.54
2012-08-04,44.04
2012-08-05,45.28
2012-08-06,45.12
2012-08-07,44.0
2012-08-08,43.42
2012-08-09,42.92
2012-08-10,42.1
2012-08-11,42.28
2012-08-12,41.62
2012-08-13,41.94
2012-08-14,44.4
2012-08-15,42.1
2012-08-16,42.1
2012-08-17,42.9
2012-08-18,43.26
2012-08-19,42.44
2012-08-20,42.92
2012-08-21,42.58
2012-08-22,42.1
2012-08-23,41.2
2012-08-24,40.72
2012-08-25,42.1
2012-08-26,42.74
2012-08-27,41.94
2012-08-28,42.1
2012-08-29,44.4
2012-08-30,46.42
2012-08-31,43.0
2012-09-01,40.02
2012-09-02,40.14
2012-09-03,39.6
2012-09-04,38.24
2012-09-05,39.74
2012-09-06,38.98
2012-09-07,39.62
2012-09-08,40.26
2012-09-09,41.06
2012-09-10,42.92
2012-09-11,42.14
2012-09-12,42.9
2012-09-13,41.9
2012-09-14,43.84
2012-09-15,41.48
2012-09-16,41.34
2012-09-17,41.88
2012-09-18,44.38
2012-09-19,43.08
2012-09-20,41.72
2012-09-21,43.96
2012-09-22,44.1
2012-09-23,43.68
2012-09-24,46.3
2012-09-25,52.4
2012-09-26,44.56
2012-09-27,43.48
2012-09-28,51.36
2012-09-29,50.36
2012-09-30,49.56
2012-10-01,55.12
2012-10-02,49.58
2012-10-03,47.18
2012-10-04,43.94
2012-10-05,46.36
2012-10-06,42.8
2012-10-07,42.16
2012-10-08,42.74
2012-10-09,44.96
2012-10-10,61.56
2012-10-11,51.84
2012-10-12,51.74
2012-10-13,51.72
2012-10-14,55.64
2012-10-15,43.76
2012-10-16,44.96
2012-10-17,45.88
2012-10-18,46.9
2012-10-19,50.86
2012-10-20,67.96
2012-10-21,86.44
2012-10-22,81.4
2012-10-23,73.08
2012-10-24,64.28
2012-10-25,110.2
2012-10-26,89.76
2012-10-27,92.72
2012-10-28,78.36
2012-10-29,74.42
2012-10-30,85.8
2012-10-31,91.38
2012-11-01,80.76
2012-11-02,93.6
2012-11-03,106.46
2012-11-04,104.98
2012-11-05,125.14
2012-11-06,152.2
2012-11-07,182.68
2012-11-08,194.54
2012-11-09,210.66
2012-11-10,208.02
2012-11-11,209.04
2012-11-12,210.78
2012-11-13,159.7
2012-11-14,147.44
2012-11-15,183.9
2012-11-16,214.04
2012-11-17,201.72
2012-11-18,174.6
2012-11-19,168.633
2012-11-20,172.72
2012-11-21,139.48
2012-11-22,119.76
2012-11-23,106.56
2012-11-24,104.8
2012-11-25,117.3
2012-11-26,140.6
2012-11-27,162.725
2012-11-28,161.367
2012-11-29,162.3
2012-11-30,156.233
2012-12-01,135.2
2012-12-02,114.333
2012-12-03,135.233
2012-12-04,153.633
2012-12-05,129.733
2012-12-06,118.033
2012-12-07,110.867
2012-12-08,97.1
2012-12-09,97.267
2012-12-10,127.2
2012-12-11,126.0
2012-12-12,106.367
2012-12-13,110.2
2012-12-14,97.0
2012-12-15,96.6
2012-12-16,82.433
2012-12-17,91.2
2012-12-18,81.433
2012-12-19,80.033
2012-12-20,98.667
2012-12-21,113.633
2012-12-22,139.467
2012-12-23,154.467
2012-12-24,176.833
2012-12-25,215.267
2012-12-26,240.667
2012-12-27,293.967
2012-12-28,286.3
2012-12-29,280.3
2012-12-30,329.767
2012-12-31,365.2
2013-01-01,328.8
2013-01-02,293.067
2013-01-03,309.5
2013-01-04,260.533
2013-01-05,225.267
2013-01-06,198.4
2013-01-07,184.933
2013-01-08,176.633
2013-01-09,168.6
2013-01-10,165.267
2013-01-11,171.633
2013-01-12,194.2
2013-01-13,189.933
2013-01-14,173.267
2013-01-15,166.6
2013-01-16,155.533
2013-01-17,146.1
2013-01-18,142.467
2013-01-19,137.0
2013-01-20,123.133
2013-01-21,125.6
2013-01-22,140.1
2013-01-23,207.2
2013-01-24,257.3
2013-01-25,213.033
2013-01-26,181.633
2013-01-27,174.6
2013-01-28,161.167
2013-01-29,182.8
2013-01-30,163.533
2013-01-31,173.183
2013-02-01,182.833
2013-02-02,173.9
2013-02-03,151.333
2013-02-04,162.0
2013-02-05,193.633
2013-02-06,277.033
2013-02-07,303.333
2013-02-08,302.467
2013-02-09,254.833
2013-02-10,258.167
2013-02-11,286.367
2013-02-12,293.033
2013-02-13,263.133
2013-02-14,235.833
2013-02-15,241.767
2013-02-16,239.833
2013-02-17,225.8
2013-02-18,270.367
2013-02-19,282.87
2013-02-20,271.97
2013-02-21,287.1
2013-02-22,305.83
2013-02-23,309.33
2013-02-24,329.7
2013-02-25,296.37
2013-02-26,295.03
2013-02-27,362.5
2013-02-28,389.83
2013-03-01,387.9444324324324
2013-03-02,386.05886486486486
2013-09-01,41.0
2013-09-02,40.93
2013-09-03,41.0
2013-09-04,41.8
2013-09-05,42.23
2013-09-06,46.833
2013-09-07,42.233
2013-09-08,40.867
2013-09-09,41.6
2013-09-10,41.6
2013-09-11,42.97
2013-09-12,42.73
2013-09-13,43.2
2013-09-14,43.73
2013-09-15,43.37
2013-09-16,47.9
2013-09-17,52.4
2013-09-18,45.167
2013-09-19,48.333
2013-09-20,62.133
2013-09-21,54.0
2013-09-22,47.4
2013-09-23,45.7
2013-09-24,45.267
2013-09-25,42.267
2013-09-26,43.867
2013-09-27,44.367
2013-09-28,48.033
2013-09-29,48.667
2013-09-30,49.967
2013-10-01,51.833
2013-10-02,45.867
2013-10-03,48.867
2013-10-04,46.867
2013-10-05,50.167
2013-10-06,52.067
2013-10-07,75.4
2013-10-08,56.47
2013-10-09,58.3
2013-10-10,55.11
2013-10-11,50.04
2013-10-12,54.83
2013-10-13,47.73
2013-10-14,61.23
2013-10-15,70.53
2013-10-16,133.2
2013-10-17,177.5
2013-10-18,166.17
2013-10-19,135.07
2013-10-20,104.2
2013-10-21,80.77
2013-10-22,79.23
2013-10-23,78.93
2013-10-24,78.73
2013-10-25,97.5
2013-10-26,131.8
2013-10-27,152.3
2013-10-28,163.067
2013-10-29,201.6
2013-10-30,210.9
2013-10-31,183.267
2013-11-01,155.533
2013-11-02,126.2
2013-11-03,113.433
2013-11-04,192.77
2013-11-05,187.5
2013-11-06,148.63
2013-11-07,133.83
2013-11-08,116.07
2013-11-09,98.87
2013-11-10,81.13
2013-11-11,93.37
2013-11-12,79.87
2013-11-13,83.03
2013-11-14,76.07
2013-11-15,83.27
2013-11-16,88.2
2013-11-17,74.7
2013-11-18,72.43
2013-11-19,107.53
2013-11-20,81.87
2013-11-21,82.97
2013-11-22,81.17
2013-11-23,102.37
2013-11-24,86.53
2013-11-25,82.73
2013-11-26,79.8
2013-11-27,69.27
2013-11-28,68.33
2013-11-29,66.3
2013-11-30,63.27
2013-12-01,74.1
2013-12-02,75.43
2013-12-03,103.57
2013-12-04,170.63
2013-12-05,253.67
2013-12-06,319.67
2013-12-07,288.7
2013-12-08,276.0
2013-12-09,315.97
2013-12-10,346.33
2013-12-11,341.93
2013-12-12,286.33
2013-12-13,282.1
2013-12-14,281.3
2013-12-15,270.37
2013-12-16,298.63
2013-12-17,337.07
2013-12-18,362.97
2013-12-19,289.8
2013-12-20,250.73
2013-12-21,227.2
2013-12-22,209.17
2013-12-23,162.17
2013-12-24,150.83
2013-12-25,132.43
2013-12-26,136.4
2013-12-27,106.97
2013-12-28,109.8
2013-12-29,102.33
2013-12-30,114.77
2013-12-31,116.53
2014-01-01,135.4
2014-01-02,156.4
2014-01-03,142.8
2014-01-04,137.4
2014-01-05,193.97
2014-01-06,231.9
2014-01-07,217.73
2014-01-08,226.27
2014-01-09,311.37
2014-01-10,289.8
2014-01-11,264.37
2014-01-12,273.9
2014-01-13,264.37
2014-01-14,230.07
2014-01-15,217.8
2014-01-16,220.8
2014-01-17,253.9
2014-01-18,259.97
2014-01-19,256.97
2014-01-20,261.03
2014-01-21,281.2
2014-01-22,216.8
2014-01-23,209.4
2014-01-24,228.23
2014-01-25,225.2
2014-01-26,197.87
2014-01-27,172.27
2014-01-28,147.0
2014-01-29,137.93
2014-01-30,139.57
2014-01-31,131.0
2014-02-01,136.73
2014-02-02,142.53
2014-02-03,166.87
2014-02-04,168.9
2014-02-05,142.53
2014-02-06,163.77
2014-02-07,179.07
2014-02-08,181.73
2014-02-09,175.2
2014-02-10,175.97
2014-02-11,236.9
2014-02-12,231.33
2014-02-13,326.0
2014-02-14,290.43
2014-02-15,244.7
2014-02-16,251.07
2014-02-17,253.2
2014-02-18,223.7
2014-02-19,238.37
2014-02-20,229.73
2014-02-21,245.4
2014-02-22,333.17
2014-02-23,371.17
2014-02-24,432.63
2014-02-25,723.3
2014-02-26,721.57
2014-02-27,590.53
2014-02-28,451.53
2014-03-01,527.5
2014-03-02,463.8
2014-03-03,419.33
2014-03-04,408.47
2014-03-05,416.43
2014-03-06,502.37
2014-03-07,511.1
2014-03-08,515.53
2014-03-09,563.3
2014-03-10,524.4
2014-03-11,602.13
2014-03-12,487.37
2014-03-13,408.23
2014-03-14,408.13
2014-03-15,409.27
2014-03-16,386.4
2014-03-17,394.87
2014-03-18,377.43
2014-03-19,411.27
2014-03-20,417.2
2014-03-21,436.17
2014-03-22,482.93
2014-03-23,459.77
2014-03-24,500.23
2014-03-25,478.63
2014-03-26,447.0
2014-03-27,576.8
2014-03-28,665.7
2014-03-29,514.6
2014-03-30,405.23
2014-03-31,353.7
2014-04-01,316.77
2014-04-02,290.27
2014-04-03,268.5
2014-04-04,257.83
2014-04-05,237.53
2014-04-06,245.6
2014-04-07,225.1
2014-04-08,204.2
2014-04-09,197.1
2014-04-10,210.47
2014-04-11,216.83
2014-04-12,194.23
2014-04-13,184.37
2014-04-14,176.9
2014-04-15,182.3
2014-04-16,168.1
2014-04-17,179.7
2014-04-18,169.1
2014-04-19,189.9
2014-04-20,164.33
2014-04-21,146.83
2014-04-22,146.17
2014-04-23,150.77
2014-04-24,183.73
2014-04-25,167.7
2014-04-26,212.73
2014-04-27,238.1
2014-04-28,199.23
2014-04-29,192.93
2014-04-30,278.37
2014-05-01,209.23
2014-05-02,226.77
2014-05-03,207.13
2014-05-04,217.53
2014-05-05,226.77
2014-05-06,235.17
2014-05-07,255.1
2014-05-08,311.7
2014-05-09,340.97
2014-05-10,297.43
2014-05-11,253.57
2014-05-12,224.23
2014-05-13,206.43
2014-05-14,183.67
2014-05-15,188.73
2014-05-16,180.27
2014-05-17,162.37
2014-05-18,158.53
2014-05-19,158.0
2014-05-20,135.03
2014-05-21,149.23
2014-05-22,143.5
2014-05-23,117.3
2014-05-24,121.5
2014-05-25,114.17
2014-05-26,113.23
2014-05-27,101.0
2014-05-28,100.63
2014-05-29,96.37
2014-05-30,94.4
2014-05-31,90.8
2014-06-01,85.7
2014-06-02,81.43
2014-06-03,79.4
2014-06-04,82.93
2014-06-05,77.9
2014-06-06,74.13
2014-06-07,73.37
2014-06-08,78.6
2014-06-09,69.13
2014-06-10,69.33
2014-06-11,70.3
2014-06-12,64.53
2014-06-13,64.67
2014-06-14,63.43
2014-06-15,63.23
2014-06-16,58.17
2014-06-17,57.53
2014-06-18,69.87
2014-06-19,57.9
2014-06-20,56.07
2014-06-21,51.53
2014-06-22,51.0
2014-06-23,53.17
2014-06-24,55.3
2014-06-25,54.27
2014-06-26,50.63
2014-06-27,51.63
2014-06-28,57.73
2014-06-29,54.53
2014-06-30,52.67
2014-07-01,52.9
2014-07-02,51.4
2014-07-03,43.33
2014-07-04,52.2
2014-07-05,51.0
2014-07-06,49.1
2014-07-07,47.17
2014-07-08,47.9
2014-07-09,49.73
2014-07-10,49.8
2014-07-11,48.93
2014-07-12,48.3
2014-07-13,49.13
2014-07-14,46.1
2014-07-15,47.95
2014-07-16,47.77
2014-07-17,47.93
2014-07-18,46.4
2014-07-19,47.33
2014-07-20,45.83
2014-07-21,46.4
2014-07-22,46.57
2014-07-23,46.6
2014-07-24,46.4
2014-07-25,46.6
2014-07-26,46.0
2014-07-27,46.6
2014-07-28,46.6
2014-07-29,46.6
2014-07-30,46.03
2014-07-31,45.9
2014-08-01,46.23
2014-08-02,45.0
2014-08-03,44.33
2014-08-04,45.0
2014-08-05,45.0
2014-08-06,44.6
2014-08-07,44.43
2014-08-08,44.97
2014-08-09,44.63
2014-08-10,45.53
2014-08-11,45.37
2014-08-12,45.2
2014-08-13,44.47
2014-08-14,44.13
2014-08-15,43.5
2014-08-16,44.1
2014-08-17,43.8
2014-08-18,44.43
2014-08-19,44.1
2014-08-20,43.77
2014-08-21,43.83
2014-08-22,45.33
2014-08-23,48.3
2014-08-24,44.27
2014-08-25,46.13
2014-08-26,44.63
2014-08-27,49.7
2014-08-28,44.87
2014-08-29,43.83
2014-08-30,43.97
2014-08-31,43.37
2014-09-01,42.73
2014-09-02,41.77
2014-09-03,41.5
2014-09-04,42.23
2014-09-05,42.5
2014-09-06,42.77
2014-09-07,42.57
2014-09-08,42.43
2014-09-09,41.9
2014-09-10,42.03
2014-09-11,41.63
2014-09-12,40.97
2014-09-13,42.1
2014-09-14,45.6
2014-09-15,48.23
2014-09-16,49.87
2014-09-17,61.67
2014-09-18,58.87
2014-09-19,52.2
2014-09-20,52.93
2014-09-21,48.93
2014-09-22,49.8
2014-09-23,51.13
2014-09-24,53.97
2014-09-25,54.53
2014-09-26,52.4
2014-09-27,61.73
2014-09-28,54.83
2014-09-29,52.53
2014-09-30,47.37
2014-10-01,46.5
2014-10-02,46.37
2014-10-03,44.67
2014-10-04,51.2
2014-10-05,45.03
2014-10-06,44.77
2014-10-07,44.9
2014-10-08,44.5
2014-10-09,61.7
2014-10-10,77.5
2014-10-11,70.23
2014-10-12,61.63
2014-10-13,50.57
2014-10-14,53.17
2014-10-15,47.03
2014-10-16,45.5
2014-10-17,44.13
2014-10-18,44.73
2014-10-19,44.33
2014-10-20,45.73
2014-10-21,65.93
2014-10-22,67.13
2014-10-23,64.03
2014-10-24,68.17
2014-10-25,68.73
2014-10-26,74.0
2014-10-27,69.73
2014-10-28,58.9
2014-10-29,61.53
2014-10-30,80.93
2014-10-31,60.4
2014-11-01,58.57
2014-11-02,57.77
2014-11-03,50.1
2014-11-04,64.97
2014-11-05,61.73
2014-11-06,59.73
2014-11-07,59.43
2014-11-08,81.9
2014-11-09,75.43
2014-11-10,71.97
2014-11-11,83.47
2014-11-12,95.37
2014-11-13,109.3
2014-11-14,103.47
2014-11-15,94.9
2014-11-16,89.07
2014-11-17,128.0
2014-11-18,157.87
2014-11-19,132.27
2014-11-20,107.8
2014-11-21,85.37
2014-11-22,69.13
2014-11-23,62.33
2014-11-24,62.43
2014-11-25,62.53
2014-11-26,62.73
2014-11-27,58.23
2014-11-28,62.17
2014-11-29,64.07
2014-11-30,67.33
2014-12-01,77.97
2014-12-02,71.53
2014-12-03,84.67
2014-12-04,91.67
2014-12-05,100.73
2014-12-06,84.17
2014-12-07,94.73
2014-12-08,97.4
2014-12-09,146.03
2014-12-10,180.97
2014-12-11,174.6
2014-12-12,151.03
2014-12-13,203.53
2014-12-14,200.2
2014-12-15,175.67
2014-12-16,208.97
2014-12-17,231.5
2014-12-18,261.37
2014-12-19,205.63
2014-12-20,167.37
2014-12-21,144.93
2014-12-22,128.43
2014-12-23,119.27
2014-12-24,109.57
2014-12-25,121.6
2014-12-26,136.23
2014-12-27,165.87
2014-12-28,151.07
2014-12-29,196.57
2014-12-30,277.33
2014-12-31,357.27
2015-01-01,398.5
2015-01-02,376.13
2015-01-03,293.43
2015-01-04,254.33
2015-01-05,222.17
2015-01-06,222.17
2015-01-07,220.63
2015-01-08,188.33
2015-01-09,176.83
2015-01-10,176.0
2015-01-11,159.07
2015-01-12,154.07
2015-01-13,163.83
2015-01-14,162.53
2015-01-15,148.6
2015-01-16,140.8
2015-01-17,123.03
2015-01-18,141.83
2015-01-19,196.73
2015-01-20,331.17
2015-01-21,392.53
2015-01-22,452.33
2015-01-23,457.43
2015-01-24,454.93
2015-01-25,478.8
2015-01-26,397.1
2015-01-27,382.33
2015-01-28,326.9
2015-01-29,293.33
2015-01-30,314.57
2015-01-31,386.4
2015-02-01,441.97
2015-02-02,407.97
2015-02-03,333.66
2015-02-04,295.37
2015-02-05,267.13
2015-02-06,295.43
2015-02-07,293.4
2015-02-08,356.67
2015-02-09,309.0
2015-02-10,216.84
2015-02-11,245.13
2015-02-12,188.83
2015-02-13,215.23
2015-02-14,229.17
2015-02-15,222.9
2015-02-16,272.03
2015-02-17,250.97
2015-02-18,213.8
2015-02-19,193.23
2015-02-20,183.47
2015-02-21,160.97
2015-02-22,138.73
2015-02-23,181.97
2015-02-24,197.53
2015-02-25,202.6
2015-02-26,213.03
2015-02-27,189.03
2015-02-28,187.0
2015-03-01,231.37
2015-03-02,283.43
2015-03-03,357.33
2015-03-04,418.13
2015-03-05,417.53
2015-03-06,348.57
2015-03-07,341.73
2015-03-08,335.73
2015-03-09,288.9
2015-03-10,256.77
2015-03-11,225.23
2015-03-12,212.23
2015-03-13,224.5
2015-03-14,237.9
2015-03-15,227.67
2015-03-16,231.07
2015-03-17,250.2
2015-03-18,315.07
2015-03-19,481.33
2015-03-20,535.03
2015-03-21,798.4
2015-03-22,732.43
2015-03-23,672.23
2015-03-24,562.43
2015-03-25,534.53
2015-03-26,471.1
2015-03-27,412.0
2015-03-28,380.13
2015-03-29,385.47
2015-03-30,346.6
2015-03-31,338.77
2015-04-01,327.8
2015-04-02,343.83
2015-04-03,308.0
2015-04-04,308.87
2015-04-05,331.8
2015-04-06,305.17
2015-04-07,281.1
2015-04-08,258.33
2015-04-09,253.4
2015-04-10,240.27
2015-04-11,292.5
2015-04-12,250.13
2015-04-13,242.67
2015-04-14,234.7
2015-04-15,254.33
2015-04-16,293.33
2015-04-17,257.67
2015-04-18,232.27
2015-04-19,220.6
2015-04-20,203.43
2015-04-21,213.0
2015-04-22,254.33
2015-04-23,206.37
2015-04-24,187.27
2015-04-25,178.13
2015-04-26,169.93
2015-04-27,160.97
2015-04-28,148.53
2015-04-29,152.93
2015-04-30,134.83
2015-05-01,146.1
2015-05-02,132.77
2015-05-03,160.67
2015-05-04,150.37
2015-05-05,166.73
2015-05-06,152.33
2015-05-07,145.6
2015-05-08,134.5
2015-05-09,130.2
2015-05-10,113.53
2015-05-11,117.87
2015-05-12,118.53
2015-05-13,120.53
2015-05-14,139.93
2015-05-15,184.17
2015-05-16,176.03
2015-05-17,215.27
2015-05-18,300.73
2015-05-19,318.57
2015-05-20,260.27
2015-05-21,199.83
2015-05-22,182.7
2015-05-23,162.93
2015-05-24,152.93
2015-05-25,139.63
2015-05-26,130.03
2015-05-27,118.0
2015-05-28,117.67
2015-05-29,112.83
2015-05-30,120.33
2015-05-31,107.13
2015-06-01,124.1
2015-06-02,104.47
2015-06-03,93.2
2015-06-04,86.53
2015-06-05,84.33
2015-06-06,87.8
2015-06-07,76.5
2015-06-08,76.97
2015-06-09,72.83
2015-06-10,66.37
2015-06-11,76.33
2015-06-12,68.87
2015-06-13,65.77
2015-06-14,61.33
2015-06-15,67.0
2015-06-16,61.37
2015-06-17,57.47
2015-06-18,55.77
2015-06-19,60.07
2015-06-20,61.1
2015-06-21,58.47
2015-06-22,57.43
2015-06-23,53.7
2015-06-24,58.1
2015-06-25,50.1
2015-06-26,56.23
2015-06-27,52.67
2015-06-28,48.73
2015-06-29,49.23
2015-06-30,47.47
2015-07-01,45.3
2015-07-02,44.93
2015-07-03,50.7
2015-07-04,46.77
2015-07-05,45.93
2015-07-06,47.37
2015-07-07,47.0
2015-07-08,44.73
2015-07-09,47.1
2015-07-10,46.27
2015-07-11,47.87
2015-07-12,44.9
2015-07-13,47.07
2015-07-14,46.17
2015-07-15,46.0
2015-07-16,45.97
2015-07-17,45.73
2015-07-18,47.97
2015-07-19,47.67
2015-07-20,45.13
2015-07-21,44.1
2015-07-22,45.33
2015-07-23,47.0
2015-07-24,47.33
2015-07-25,47.3
2015-07-26,47.0
2015-07-27,46.7
2015-07-28,46.4
2015-07-29,46.1
2015-07-30,47.0
2015-07-31,46.73
2015-08-01,46.43
2015-08-02,45.8
2015-08-03,46.13
2015-08-04,47.63
2015-08-05,48.57
2015-08-06,47.03
2015-08-07,47.93
2015-08-08,46.1
2015-08-09,47.03
2015-08-10,47.93
2015-08-11,47.63
2015-08-12,47.33
2015-08-13,48.6
2015-08-14,48.23
2015-08-15,45.8
2015-08-16,47.33
2015-08-17,45.8
2015-08-18,45.2
2015-08-19,47.07
2015-08-20,46.13
2015-08-21,46.7
2015-08-22,46.7
2015-08-23,47.07
2015-08-24,48.1
2015-08-25,49.27
2015-08-26,48.37
2015-08-27,48.7
2015-08-28,49.0
2015-08-29,44.3
2015-08-30,42.57
2015-08-31,44.0
2015-09-01,46.47
2015-09-02,49.6
2015-09-03,47.17
2015-09-04,44.7
2015-09-05,45.3
2015-09-06,44.07
2015-09-07,44.4
2015-09-08,44.0
2015-09-09,48.3
2015-09-10,50.5
2015-09-11,47.67
2015-09-12,48.03
2015-09-13,47.83
2015-09-14,52.27
2015-09-15,48.03
2015-09-16,50.83
2015-09-17,51.63
2015-09-18,51.93
2015-09-19,54.83
2015-09-20,56.33
2015-09-21,54.43
2015-09-22,52.43
2015-09-23,49.6
2015-09-24,49.83
2015-09-25,57.67
2015-09-26,52.83
2015-09-27,48.3
2015-09-28,52.17
2015-09-29,54.43
2015-09-30,61.3
2015-10-01,50.9
2015-10-02,45.53
2015-10-03,39.93
2015-10-04,42.53
2015-10-05,48.7
2015-10-06,47.33
2015-10-07,48.57
2015-10-08,63.5
2015-10-09,50.9
2015-10-10,72.2
2015-10-11,56.6
2015-10-12,66.9
2015-10-13,73.27
2015-10-14,67.73
2015-10-15,69.5
2015-10-16,64.93
2015-10-17,54.73
2015-10-18,65.7
2015-10-19,54.97
2015-10-20,61.73
2015-10-21,56.67
2015-10-22,67.93
2015-10-23,61.07
2015-10-24,67.3
2015-10-25,59.53
2015-10-26,64.73
2015-10-27,96.63
2015-10-28,99.65
2015-10-29,82.8
2015-10-30,106.97
2015-10-31,84.0
2015-11-01,91.77
2015-11-02,60.05
2015-11-03,76.34
2015-11-04,49.53
2015-11-05,53.75
2015-11-06,46.07
2015-11-07,48.4
2015-11-08,73.24
2015-11-09,73.06
2015-11-10,92.46
2015-11-11,83.33
2015-11-12,69.56
2015-11-13,69.77
2015-11-14,71.8
2015-11-15,71.57
2015-11-16,98.2
2015-11-17,113.53
2015-11-18,129.83
2015-11-19,137.13
2015-11-20,124.17
2015-11-21,104.63
2015-11-22,99.77
2015-11-23,109.87
2015-11-24,90.43
2015-11-25,87.6
2015-11-26,81.23
2015-11-27,90.2
2015-11-28,88.67
2015-11-29,103.27
2015-11-30,93.07
2015-12-01,126.07
2015-12-02,201.9
2015-12-03,157.47
2015-12-04,152.97
2015-12-05,169.77
2015-12-06,149.03
2015-12-07,127.6
2015-12-08,112.17
2015-12-09,106.2
2015-12-10,128.03
2015-12-11,128.2
2015-12-12,113.5
2015-12-13,99.3
2015-12-14,105.7
2015-12-15,86.4
2015-12-16,94.5
2015-12-17,85.87
2015-12-18,90.8
2015-12-19,118.47
2015-12-20,119.37
2015-12-21,139.7
2015-12-22,131.67
2015-12-23,134.27
2015-12-24,176.27
2015-12-25,202.87
2015-12-26,188.1
2015-12-27,182.7
2015-12-28,216.5
2015-12-29,233.97
2015-12-30,212.6
2015-12-31,196.07
2016-01-01,203.63
2016-01-02,188.03
2016-01-03,162.9
2016-01-04,149.07
2016-01-05,140.0
2016-01-06,155.73
2016-01-07,159.5
2016-01-08,157.3
2016-01-09,130.63
2016-01-10,128.2
2016-01-11,126.1
2016-01-12,115.5
2016-01-13,108.87
2016-01-14,96.5
2016-01-15,105.7
2016-01-16,106.73
2016-01-17,95.43
2016-01-18,108.0
2016-01-19,113.53
2016-01-20,137.07
2016-01-21,152.87
2016-01-22,134.2
2016-01-23,122.7
2016-01-24,116.4
2016-01-25,102.37
2016-01-26,97.5
2016-01-27,94.4
2016-01-28,99.8
2016-01-29,122.77
2016-01-30,166.9
2016-01-31,201.03
2016-02-01,213.33
2016-02-02,265.67
2016-02-03,305.53
2016-02-04,304.8
2016-02-05,303.93
2016-02-06,305.33
2016-02-07,275.1
2016-02-08,247.27
2016-02-09,252.87
2016-02-10,255.03
2016-02-11,241.73
2016-02-12,227.47
2016-02-13,265.07
2016-02-14,253.73
2016-02-15,213.73
2016-02-16,198.5
2016-02-17,182.1
2016-02-18,189.3
2016-02-19,184.5
2016-02-20,180.27
2016-02-21,220.27
2016-02-22,201.27
2016-02-23,211.2
2016-02-24,226.97
2016-02-25,268.5
2016-02-26,302.97
2016-02-27,317.27
2016-02-28,338.27
2016-02-29,419.6
2016-03-01,399.93
2016-03-02,392.9
2016-03-03,388.5
2016-03-04,386.13
2016-03-05,325.57
2016-03-06,394.33
2016-03-07,451.53
2016-03-08,449.87
2016-03-09,428.6
2016-03-10,380.07
2016-03-11,350.5
2016-03-12,299.03
2016-03-13,280.2
2016-03-14,259.9
2016-03-15,310.57
2016-03-16,262.07
2016-03-17,234.23
2016-03-18,214.37
2016-03-19,199.73
2016-03-20,196.63
2016-03-21,208.0
2016-03-22,218.3
2016-03-23,196.67
2016-03-24,193.6
2016-03-25,177.83
2016-03-26,181.47
2016-03-27,180.23
2016-03-28,216.53
2016-03-29,254.1
2016-03-30,239.07
2016-03-31,224.37
2016-04-01,214.47
2016-04-02,232.33
2016-04-03,280.23
2016-04-04,285.7
2016-04-05,227.57
2016-04-06,228.9
2016-04-07,201.03
2016-04-08,183.2
2016-04-09,206.23
2016-04-10,237.73
2016-04-11,257.77
2016-04-12,231.03
2016-04-13,205.47
2016-04-14,188.03
2016-04-15,173.77
2016-04-16,166.93
2016-04-17,166.33
2016-04-18,173.2
2016-04-19,171.47
2016-04-20,176.13
2016-04-21,158.37
2016-04-22,146.87
2016-04-23,143.8
2016-04-24,157.6
2016-04-25,168.17
2016-04-26,152.5
2016-04-27,136.93
2016-04-28,134.6
2016-04-29,123.23
2016-04-30,115.17
2016-05-01,115.33
2016-05-02,113.2
2016-05-03,103.53
2016-05-04,101.53
2016-05-05,94.1
2016-05-06,87.33
2016-05-07,93.77
2016-05-08,97.53
2016-05-09,86.33
2016-05-10,84.9
2016-05-11,80.3
2016-05-12,94.53
2016-05-13,83.6
2016-05-14,75.9
2016-05-15,77.97
2016-05-16,65.17
2016-05-17,66.07
2016-05-18,74.2
2016-05-19,74.63
2016-05-20,66.07
2016-05-21,72.8
2016-05-22,70.07
2016-05-23,67.13
2016-05-24,64.53
2016-05-25,74.8
2016-05-26,64.0
2016-05-27,66.73
2016-05-28,59.23
2016-05-29,67.18
2016-05-30,64.63
2016-05-31,61.03
2016-06-01,59.3
2016-06-02,60.73
2016-06-03,58.37
2016-06-04,59.23
2016-06-05,60.47
2016-06-06,61.3
2016-06-07,58.8
2016-06-08,56.43
2016-06-09,56.97
2016-06-10,60.0
2016-06-11,55.03
2016-06-12,52.67
2016-06-13,52.73
2016-06-14,51.4
2016-06-15,48.93
2016-06-16,46.5
2016-06-17,50.13
2016-06-18,46.83
2016-06-19,47.17
2016-06-20,48.13
2016-06-21,47.53
2016-06-22,48.43
2016-06-23,45.2
2016-06-24,44.3
2016-06-25,45.83
2016-06-26,54.9
2016-06-27,52.87
2016-06-28,48.73
2016-06-29,50.07
2016-06-30,50.1
2016-07-01,43.83
2016-07-02,45.87
2016-07-03,40.8
2016-07-04,43.77
2016-07-05,41.97
2016-07-06,47.77
2016-07-07,47.13
2016-07-08,38.87
2016-07-09,38.8
2016-07-10,39.87
2016-07-11,39.4
2016-07-12,37.67
2016-07-13,40.5
2016-07-14,41.4
2016-07-15,41.4
2016-07-16,43.77
2016-07-17,42.57
2016-07-18,47.27
2016-07-19,43.1
2016-07-20,43.4
2016-07-21,45.5
2016-07-22,38.5
2016-07-23,37.7
2016-07-24,37.43
2016-07-25,38.27
2016-07-26,40.97
2016-07-27,43.37
2016-07-28,45.53
2016-07-29,44.53
2016-07-30,42.53
2016-07-31,42.37
2016-08-01,41.43
2016-08-02,44.03
2016-08-03,39.83
2016-08-04,41.23
2016-08-05,41.43
2016-08-06,41.2
2016-08-07,41.93
2016-08-08,43.0
2016-08-09,45.7
2016-08-10,46.27
2016-08-11,48.2
2016-08-12,49.67
2016-08-13,45.73
2016-08-14,43.3
2016-08-15,42.67
2016-08-16,43.3
2016-08-17,45.47
2016-08-18,42.93
2016-08-19,48.4
2016-08-20,44.77
2016-08-21,45.07
2016-08-22,52.63
2016-08-23,41.43
2016-08-24,47.67
2016-08-25,45.13
2016-08-26,44.77
2016-08-27,45.77
2016-08-28,52.5
2016-08-29,47.23
2016-08-30,51.17
2016-08-31,53.73
2016-09-01,44.27
2016-09-02,47.4
2016-09-03,50.53
2016-09-04,47.8
2016-09-05,52.8
2016-09-06,54.83
2016-09-07,49.8
2016-09-08,53.1
2016-09-09,50.3
2016-09-10,61.93
2016-09-11,62.43
2016-09-12,50.9
2016-09-13,56.9
2016-09-14,58.3
2016-09-15,65.17
2016-09-16,54.2
2016-09-17,53.77
2016-09-18,47.03
2016-09-19,50.3
2016-09-20,47.17
2016-09-21,47.4
2016-09-22,51.83
2016-09-23,48.97
2016-09-24,55.07
2016-09-25,45.27
2016-09-26,54.37
2016-09-27,50.3
2016-09-28,55.33
2016-09-29,54.97
2016-09-30,54.13
2016-10-01,54.47
2016-10-02,49.97
2016-10-03,68.87
2016-10-04,55.44
2016-10-05,55.62
2016-10-06,55.56
2016-10-07,81.47
2016-10-08,64.67
2016-10-09,48.03
2016-10-10,49.77
2016-10-11,44.53
2016-10-12,52.43
2016-10-13,47.07
2016-10-14,47.1
2016-10-15,71.5
2016-10-16,67.63
2016-10-17,70.57
2016-10-18,71.93
2016-10-19,57.93
2016-10-20,60.8
2016-10-21,60.43
2016-10-22,51.33
2016-10-23,61.13
2016-10-24,51.67
2016-10-25,44.33
2016-10-26,47.13
2016-10-27,50.3
2016-10-28,49.77
2016-10-29,46.33
2016-10-30,49.57
2016-10-31,42.77
2016-11-01,46.1
2016-11-02,46.93
2016-11-03,52.07
2016-11-04,46.93
2016-11-05,56.77
2016-11-06,50.37
2016-11-07,56.2
2016-11-08,51.23
2016-11-09,46.43
2016-11-10,47.77
2016-11-11,62.1
2016-11-12,57.03
2016-11-13,65.63
2016-11-14,63.8
2016-11-15,73.0
2016-11-16,73.8
2016-11-17,66.1
2016-11-18,73.97
2016-11-19,60.23
2016-11-20,68.4
2016-11-21,61.5
2016-11-22,74.6
2016-11-23,76.47
2016-11-24,76.67
2016-11-25,83.53
2016-11-26,77.67
2016-11-27,71.63
2016-11-28,69.17
2016-11-29,67.7
2016-11-30,67.13
2016-12-01,78.93
2016-12-02,80.3
2016-12-03,71.5
2016-12-04,81.53
2016-12-05,91.9
2016-12-06,82.43
2016-12-07,83.73
2016-12-08,77.6
2016-12-09,84.9
2016-12-10,95.93
2016-12-11,75.23
2016-12-12,81.37
2016-12-13,66.53
2016-12-14,67.93
2016-12-15,69.73
2016-12-16,80.4
2016-12-17,72.7
2016-12-18,61.0
2016-12-19,64.43
2016-12-20,101.9
2016-12-21,93.03
2016-12-22,97.27
2016-12-23,171.47
2016-12-24,140.47
2016-12-25,111.97
2016-12-26,119.47
2016-12-27,116.33
2016-12-28,102.2
2016-12-29,107.97
2016-12-30,107.47
2016-12-31,119.1
2017-01-01,176.33
2017-01-02,193.0
2017-01-03,186.83
2017-01-04,162.67
2017-01-05,145.97
2017-01-06,137.97
2017-01-07,169.37
2017-01-08,175.37
2017-01-09,180.5
2017-01-10,167.63
2017-01-11,158.03
2017-01-12,169.63
2017-01-13,214.07
2017-01-14,229.4
2017-01-15,251.83
2017-01-16,267.97
2017-01-17,268.87
2017-01-18,213.33
2017-01-19,182.13
2017-01-20,173.17
2017-01-21,153.1
2017-01-22,140.4
2017-01-23,195.63
2017-01-24,218.63
2017-01-25,250.57
2017-01-26,235.87
2017-01-27,207.13
2017-01-28,179.33
2017-01-29,151.0
2017-01-30,147.5
2017-01-31,147.5
2017-02-01,154.73
2017-02-02,143.4
2017-02-03,138.93
2017-02-04,177.83
2017-02-05,169.87
2017-02-06,156.83
2017-02-07,187.47
2017-02-08,235.93
2017-02-09,268.97
2017-02-10,217.2
2017-02-11,195.03
2017-02-12,188.17
2017-02-13,183.4
2017-02-14,167.6
2017-02-15,246.8
2017-02-16,277.4
2017-02-17,249.3
2017-02-18,222.8
2017-02-19,226.07
2017-02-20,243.13
2017-02-21,240.43
2017-02-22,229.27
2017-02-23,283.8
2017-02-24,280.83
2017-02-25,241.13
2017-02-26,259.5
2017-02-27,301.47
2017-02-28,323.73
2017-03-01,304.63
2017-03-02,277.4
2017-03-03,242.43
2017-03-04,275.4
2017-03-05,281.67
2017-03-06,303.23
2017-03-07,342.37
2017-03-08,397.2
2017-03-09,483.9
2017-03-10,602.43
2017-03-11,539.7
2017-03-12,517.33
2017-03-13,459.33
2017-03-14,529.63
2017-03-15,531.6475
2017-03-16,533.665
2017-03-18,537.7
2017-03-19,656.93
2017-03-20,570.37
2017-03-21,525.4
2017-03-22,468.77
2017-03-23,522.5
2017-03-24,558.73
2017-03-25,508.23
2017-03-26,469.5
2017-03-27,567.9
2017-03-28,534.23
2017-03-29,478.3
2017-03-30,507.7
2017-03-31,601.1
2017-04-01,541.13
2017-04-02,470.8
2017-04-03,459.4
2017-04-04,449.63
2017-04-05,445.83
2017-04-06,387.6
2017-04-07,353.27
2017-04-08,346.03
2017-04-09,348.53
2017-04-10,395.8
2017-04-11,402.33
2017-04-12,366.7
2017-04-13,347.5
2017-04-14,317.37
2017-04-15,263.27
2017-04-16,235.87
2017-04-17,237.9
2017-04-18,231.23
2017-04-19,242.83
2017-04-20,263.53
2017-04-21,265.3
2017-04-22,232.6
2017-04-23,251.27
2017-04-24,230.13
2017-04-25,239.93
2017-04-26,229.6
2017-04-27,233.87
2017-04-28,226.07
2017-04-29,237.9
2017-04-30,235.2
2017-05-01,220.97
2017-05-02,190.27
2017-05-03,183.93
2017-05-04,170.33
2017-05-05,176.47
2017-05-06,179.83
2017-05-07,194.47
2017-05-08,189.1
2017-05-09,190.27
2017-05-10,187.4
2017-05-11,218.43
2017-05-12,202.83
2017-05-13,196.87
2017-05-14,178.7
2017-05-15,177.7
2017-05-16,215.3
2017-05-17,192.1
2017-05-18,184.43
2017-05-19,177.53
2017-05-20,164.87
2017-05-21,167.73
2017-05-22,177.77
2017-05-23,171.97
2017-05-24,168.67
2017-05-25,155.2
2017-05-26,145.93
2017-05-27,144.03
2017-05-28,139.4
2017-05-29,123.6
2017-05-30,123.6
2017-05-31,115.0
2017-06-01,109.8
2017-06-02,105.2
2017-06-03,102.27
2017-06-04,104.87
2017-06-05,100.13
2017-06-06,94.3
2017-06-07,95.43
2017-06-08,93.97
2017-06-09,88.9
2017-06-10,83.8
2017-06-11,84.23
2017-06-12,84.6
2017-06-13,80.6
2017-06-14,82.8
2017-06-15,76.77
2017-06-16,79.4
2017-06-17,75.0
2017-06-18,70.9
2017-06-19,70.9
2017-06-20,70.93
2017-06-21,68.57
2017-06-22,73.23
2017-06-23,69.93
2017-06-24,68.13
2017-06-25,64.23
2017-06-26,62.97
2017-06-27,63.33
2017-06-28,60.17
2017-06-29,60.47
2017-06-30,61.4
2017-07-01,60.6
2017-07-02,61.83
2017-07-03,59.6
2017-07-04,62.5
2017-07-05,64.5
2017-07-06,58.87
2017-07-07,60.0
2017-07-08,55.1
2017-07-09,56.2
2017-07-10,55.1
2017-07-11,57.5
2017-07-12,55.97
2017-07-13,54.57
2017-07-14,58.97
2017-07-15,55.33
2017-07-16,59.5
2017-07-17,56.5
2017-07-18,53.7
2017-07-19,55.83
2017-07-20,53.5
2017-07-21,53.17
2017-07-22,54.13
2017-07-23,56.07
2017-07-24,54.3
2017-07-25,51.3
2017-07-26,52.63
2017-07-27,51.83
2017-07-28,51.9
2017-07-29,50.5
2017-07-30,51.33
2017-07-31,50.83
2017-08-01,52.4
2017-08-02,53.37
2017-08-03,52.87
2017-08-04,53.37
2017-08-05,50.37
2017-08-06,53.67
2017-08-07,53.8
2017-08-08,50.27
2017-08-09,53.1
2017-08-10,54.6
2017-08-11,53.4
2017-08-12,52.67
2017-08-13,52.13
2017-08-14,51.57
2017-08-15,52.3
2017-08-16,49.03
2017-08-17,51.57
2017-08-18,53.4
2017-08-19,51.33
2017-08-20,52.9
2017-08-21,50.17
2017-08-22,57.9
2017-08-23,53.03
2017-08-24,55.07
2017-08-25,52.1
2017-08-26,49.17
2017-08-27,50.8
2017-08-28,54.53
2017-08-29,51.67
2017-08-30,48.4
2017-08-31,46.43
2017-09-01,46.2
2017-09-02,46.2
2017-09-03,45.5
2017-09-04,44.0
2017-09-05,43.77
2017-09-06,46.2
2017-09-07,47.17
2017-09-08,46.7
2017-09-09,50.4
2017-09-10,47.4
2017-09-11,44.87
2017-09-12,46.63
2017-09-13,46.9
2017-09-14,48.17
2017-09-15,52.7
2017-09-16,58.6
2017-09-17,51.07
2017-09-18,59.0
2017-09-19,60.77
2017-09-20,49.4
2017-09-21,45.47
2017-09-22,44.77
2017-09-23,48.67
2017-09-24,54.9
2017-09-25,54.97
2017-09-26,70.23
2017-09-27,73.67
2017-09-28,67.37
2017-09-29,53.57
2017-09-30,66.53
2017-10-01,53.67
2017-10-02,50.07
2017-10-03,51.87
2017-10-04,54.03
2017-10-05,63.63
2017-10-06,55.33
2017-10-07,57.73
2017-10-08,56.17
2017-10-09,66.27
2017-10-10,68.23
2017-10-11,59.1
2017-10-12,59.33
2017-10-13,59.7
2017-10-14,50.2
2017-10-15,51.7
2017-10-16,58.77
2017-10-17,58.17
2017-10-18,55.1
2017-10-19,53.97
2017-10-20,55.07
2017-10-21,58.07
2017-10-22,61.43
2017-10-23,70.83
2017-10-24,79.93
2017-10-25,70.9
2017-10-26,66.13
2017-10-27,65.53
2017-10-28,66.27
2017-10-29,67.43
2017-10-30,120.8
2017-10-31,107.0
2017-11-01,88.7
2017-11-02,77.77
2017-11-03,66.4
2017-11-04,62.8
2017-11-05,62.83
2017-11-06,57.93
2017-11-07,60.87
2017-11-08,64.53
2017-11-09,63.93
2017-11-10,60.3
2017-11-11,69.17
2017-11-12,65.43
2017-11-13,72.43
2017-11-14,66.43
2017-11-15,59.03
2017-11-16,60.0
2017-11-17,55.57
2017-11-18,56.2
2017-11-19,56.2
2017-11-20,54.9
2017-11-21,53.9
2017-11-22,59.03
2017-11-23,60.8
2017-11-24,69.07
2017-11-25,84.97
2017-11-26,72.33
2017-11-27,74.37
2017-11-28,70.33
2017-11-29,68.33
2017-11-30,81.57
2017-12-01,75.73
2017-12-02,92.63
2017-12-03,102.4
2017-12-04,97.33
2017-12-05,93.3
2017-12-06,153.17
2017-12-07,195.67
2017-12-08,188.1
2017-12-09,162.2
2017-12-10,168.0
2017-12-11,137.47
2017-12-12,115.97
2017-12-13,100.73
2017-12-14,90.77
2017-12-15,85.83
2017-12-16,110.5
2017-12-17,106.97
2017-12-18,117.77
2017-12-19,108.97
2017-12-20,109.8
2017-12-21,122.23
2017-12-22,121.4
2017-12-23,120.83
2017-12-24,115.97
2017-12-25,125.2
2017-12-26,115.1
2017-12-27,115.1
2017-12-28,127.23
2017-12-29,151.57
2017-12-30,151.07
2017-12-31,142.0
2018-01-01,114.57
2018-01-02,110.37
2018-01-03,88.87
2018-01-04,80.0
2018-01-05,83.7
2018-01-06,100.23
2018-01-07,145.4
2018-01-08,141.1
2018-01-09,157.33
2018-01-10,172.6
2018-01-11,187.97
2018-01-12,178.77
2018-01-13,191.43
2018-01-14,207.13
2018-01-15,223.63
2018-01-16,235.87
2018-01-17,263.0
2018-01-18,321.37
2018-01-19,334.17
2018-01-20,303.07
2018-01-21,263.73
2018-01-22,263.73
2018-01-23,314.53
2018-01-24,273.67
2018-01-25,237.83
2018-01-26,205.3
2018-01-27,192.07
2018-01-28,184.43
2018-01-29,166.5
2018-01-30,162.17
2018-01-31,147.93
2018-02-01,142.9
2018-02-02,148.13
2018-02-03,143.4
2018-02-04,122.43
2018-02-05,123.67
2018-02-06,124.57
2018-02-07,144.43
2018-02-08,140.07
2018-02-09,157.93
2018-02-10,157.33
2018-02-11,149.0
2018-02-12,137.47
2018-02-13,129.87
2018-02-14,136.57
2018-02-15,159.57
2018-02-16,249.9
2018-02-17,238.8
2018-02-18,226.0
2018-02-19,285.9
2018-02-20,239.5
2018-02-21,192.63
2018-02-22,166.47
2018-02-23,151.57
2018-02-24,141.9
2018-02-25,125.47
2018-02-26,131.87
2018-02-27,155.97
2018-02-28,152.63
2018-03-01,181.27
2018-03-02,256.97
2018-03-03,268.0
2018-03-04,249.9
2018-03-05,239.2
2018-03-06,281.57
2018-03-07,356.6
2018-03-08,299.5
2018-03-09,236.47
2018-03-10,247.23
2018-03-11,212.03
2018-03-12,195.0
2018-03-13,218.67
2018-03-14,243.13
2018-03-15,282.4
2018-03-16,254.1
2018-03-17,243.37
2018-03-18,288.23
2018-03-19,312.4
2018-03-20,305.23
2018-03-21,319.17
2018-03-22,266.53
2018-03-23,338.17
2018-03-24,417.33
2018-03-25,400.87
2018-03-26,460.67
2018-03-27,513.55
2018-03-28,508.97
2018-03-29,432.1
2018-03-30,409.57
2018-03-31,374.83
2018-04-01,306.73
2018-04-02,279.33
2018-04-03,267.93
2018-04-04,285.97
2018-04-05,374.2
2018-04-06,464.3
2018-04-07,387.73
2018-04-08,391.9
2018-04-09,413.0
2018-04-10,409.57
2018-04-11,377.7
2018-04-12,329.97
2018-04-13,348.4
2018-04-14,293.3
2018-04-15,260.2
2018-04-16,243.13
2018-04-17,219.7
2018-04-18,193.8
2018-04-19,185.6
2018-04-20,167.53
2018-04-21,173.17
2018-04-22,176.47
2018-04-23,172.0
2018-04-24,170.87
2018-04-25,187.53
2018-04-26,184.37
2018-04-27,170.87
2018-04-28,159.7
2018-04-29,158.9
2018-04-30,153.63
2018-05-01,145.4
2018-05-02,139.43
2018-05-03,128.27
2018-05-04,116.83
2018-05-05,121.6
2018-05-06,134.63
2018-05-07,143.43
2018-05-08,161.13
2018-05-09,157.83
2018-05-10,150.5
2018-05-11,132.63
2018-05-12,133.53
2018-05-13,124.27
2018-05-14,137.03
2018-05-15,121.47
2018-05-16,101.4
2018-05-17,106.13
2018-05-18,128.6
2018-05-19,142.9
2018-05-20,126.47
2018-05-21,127.9
2018-05-22,129.9
2018-05-23,119.57
2018-05-24,108.43
2018-05-25,99.7
2018-05-26,95.57
2018-05-27,84.63
2018-05-28,86.43
2018-05-29,77.73
2018-05-30,74.1
2018-05-31,73.67
2018-06-01,81.5
2018-06-02,73.9
2018-06-03,72.57
2018-06-04,75.87
2018-06-05,75.43
2018-06-06,72.0
2018-06-07,65.27
2018-06-08,67.53
2018-06-09,60.7
2018-06-10,59.43
2018-06-11,58.6
2018-06-12,54.53
2018-06-13,54.6
2018-06-14,53.2
2018-06-15,53.67
2018-06-16,60.43
2018-06-17,49.97
2018-06-18,57.67
2018-06-19,45.8
2018-06-20,47.17
2018-06-21,42.53
2018-06-22,47.13
2018-06-23,50.1
2018-06-24,47.67
2018-06-25,46.7
2018-06-26,46.7
2018-06-27,50.25
2018-06-28,46.43
2018-06-29,45.9
2018-06-30,45.63
2018-07-01,45.7
2018-07-02,46.43
2018-07-03,44.7
2018-07-04,45.7
2018-07-05,45.7
2018-07-06,43.73
2018-07-07,44.23
2018-07-08,43.73
2018-07-09,44.7
2018-07-10,43.5
2018-07-11,43.5
2018-07-12,44.47
2018-07-13,44.8
2018-07-14,42.2
2018-07-15,39.4
2018-07-16,38.9
2018-07-17,39.47
2018-07-18,40.87
2018-07-19,40.0
2018-07-20,40.0
2018-07-21,40.8
2018-07-22,38.3
2018-07-23,39.13
2018-07-24,38.57
2018-07-25,39.1
2018-07-26,38.33
2018-07-27,40.77
2018-07-28,40.53
2018-07-29,40.5
2018-07-30,40.23
2018-07-31,41.2
2018-08-01,44.47
2018-08-02,50.13
2018-08-03,41.6
2018-08-04,41.1
2018-08-05,45.07
2018-08-06,40.53
2018-08-07,42.7
2018-08-08,40.5
2018-08-09,40.5
2018-08-10,41.07
2018-08-11,38.87
2018-08-12,37.0
2018-08-13,37.3
2018-08-14,35.13
2018-08-15,35.67
2018-08-16,39.73
2018-08-17,37.83
2018-08-18,36.73
2018-08-19,38.9
2018-08-20,35.13
2018-08-21,37.8
2018-08-22,35.13
2018-08-23,35.67
2018-08-24,36.77
2018-08-25,33.83
2018-08-26,33.6
2018-08-27,34.37
2018-08-28,34.87
2018-08-29,38.07
2018-08-30,34.6
2018-08-31,34.1
2018-09-01,33.37
2018-09-02,33.83
2018-09-03,35.13
2018-09-04,36.2
2018-09-05,34.87
2018-09-06,34.07
2018-09-07,34.4
2018-09-08,31.27
2018-09-09,34.07
2018-09-10,36.22
2018-09-11,35.15
2018-09-12,35.66
2018-09-13,33.58
2018-09-14,35.11
2018-09-15,35.11
2018-09-16,34.59
2018-09-17,34.35
2018-09-18,37.5
2018-09-19,42.58
2018-09-20,40.19
2018-09-21,39.55
2018-09-22,34.89
2018-09-23,32.55
2018-09-24,32.04
2018-09-25,36.86
2018-09-26,34.62
2018-09-27,37.52
2018-09-28,41.06
2018-09-29,37.8
2018-09-30,38.64
2018-10-01,36.71
2018-10-02,41.07
2018-10-03,38.64
2018-10-04,38.64
2018-10-05,39.52
2018-10-06,41.93
2018-10-07,43.32
2018-10-08,42.78
2018-10-09,42.61
2018-10-10,39.13
2018-10-11,40.52
2018-10-12,38.63
2018-10-13,37.83
2018-10-14,37.27
2018-10-15,47.21
2018-10-16,48.4
2018-10-17,49.91
2018-10-18,52.71
2018-10-19,76.29
2018-10-20,105.89
2018-10-21,102.8
2018-10-22,141.07
2018-10-23,118.6
2018-10-24,102.31
2018-10-25,92.65
2018-10-26,75.1
2018-10-27,64.83
2018-10-28,60.5
2018-10-29,70.87
2018-10-30,64.0
2018-10-31,97.57
2018-11-01,101.33
2018-11-02,104.83
2018-11-03,114.37
2018-11-04,116.83
2018-11-05,111.6
2018-11-06,85.53
2018-11-07,83.37
2018-11-08,73.57
2018-11-09,68.9
2018-11-10,81.53
2018-11-11,80.6
2018-11-12,97.47
2018-11-13,80.83
2018-11-14,73.9
2018-11-15,79.77
2018-11-16,82.03
2018-11-17,105.13
2018-11-18,113.77
2018-11-19,122.87
2018-11-20,161.87
2018-11-21,177.47
2018-11-22,181.97
2018-11-23,216.4
2018-11-24,207.83
2018-11-25,190.7
2018-11-26,187.0
2018-11-27,175.53
2018-11-28,144.87
2018-11-29,127.2
2018-11-30,123.8
2018-12-01,109.37
2018-12-02,102.07
2018-12-03,93.03
2018-12-04,93.87
2018-12-05,91.43
2018-12-06,85.93
2018-12-07,79.43
2018-12-08,80.67
2018-12-09,80.57
2018-12-10,83.03
2018-12-11,70.53
2018-12-12,67.8
2018-12-13,67.63
2018-12-14,66.27
2018-12-15,77.07
2018-12-16,81.33
2018-12-17,81.77
2018-12-18,106.53
2018-12-19,129.6
2018-12-20,143.9
2018-12-21,168.17
2018-12-22,243.47
2018-12-23,248.53
2018-12-24,204.83
2018-12-25,174.47
2018-12-26,153.3
2018-12-27,150.8
2018-12-28,146.43
2018-12-29,158.37
2018-12-30,153.83
2018-12-31,129.53
2019-01-01,117.73
2019-01-02,110.47
2019-01-03,96.83
2019-01-04,93.27
2019-01-05,95.93
2019-01-06,122.2
2019-01-07,134.77
2019-01-08,125.87
2019-01-09,160.43
2019-01-10,147.8
2019-01-11,171.33
2019-01-12,160.93
2019-01-13,136.13
2019-01-14,122.2
2019-01-15,118.6
2019-01-16,147.5
2019-01-17,174.17
2019-01-18,182.53
2019-01-19,183.63
2019-01-20,159.37
2019-01-21,165.33
2019-01-22,173.47
2019-01-23,175.0
2019-01-24,185.6
2019-01-25,238.8
2019-01-26,273.8
2019-01-27,246.7
2019-01-28,228.93
2019-01-29,222.27
2019-01-30,255.93
2019-01-31,221.07
2019-02-01,236.77
2019-02-02,213.47
2019-02-03,191.8
2019-02-04,201.43
2019-02-05,215.2
2019-02-06,214.03
2019-02-07,268.8
2019-02-08,275.23
2019-02-09,265.4
2019-02-10,308.67
2019-02-11,320.3
2019-02-12,369.2
2019-02-13,470.3
2019-02-14,431.5
2019-02-15,358.97
2019-02-16,347.33
2019-02-17,336.57
2019-02-18,348.87
2019-02-19,305.23
2019-02-20,336.53
2019-02-21,308.73
2019-02-22,308.87
2019-02-23,278.43
2019-02-24,292.37
2019-02-25,362.27
2019-02-26,347.33
2019-02-27,305.1
2019-02-28,275.87
2019-03-01,280.3
2019-03-02,284.4
2019-03-03,315.53
2019-03-04,302.0
2019-03-05,275.67
2019-03-06,325.97
2019-03-07,327.0
2019-03-08,312.07
2019-03-09,312.27
2019-03-10,288.3
2019-03-11,301.87
2019-03-12,312.07
2019-03-13,319.03
2019-03-14,322.67
2019-03-15,340.07
2019-03-16,365.53
2019-03-17,315.47
2019-03-18,308.5
2019-03-19,365.73
2019-03-20,376.77
2019-03-21,434.97
2019-03-22,392.6
2019-03-23,430.7
2019-03-24,467.27
2019-03-25,471.83
2019-03-26,403.37
2019-03-27,399.73
2019-03-28,392.07
2019-03-29,380.53
2019-03-30,373.07
2019-03-31,315.43
2019-04-01,285.0
2019-04-02,301.73
2019-04-03,339.37
2019-04-04,340.83
2019-04-05,291.7
2019-04-06,259.0
2019-04-07,271.77
2019-04-08,249.6
2019-04-09,249.63
2019-04-10,243.5
2019-04-11,231.2
2019-04-12,204.83
2019-04-13,204.8
2019-04-14,207.77
2019-04-15,216.4
2019-04-16,210.53
2019-04-17,199.13
2019-04-18,203.67
2019-04-19,185.3
2019-04-20,195.2
2019-04-21,183.13
2019-04-22,205.0
2019-04-23,219.4
2019-04-24,196.3
2019-04-25,185.27
2019-04-26,166.5
2019-04-27,164.0
2019-04-28,164.0
2019-04-29,141.13
2019-04-30,157.37
2019-05-01,158.37
2019-05-02,148.83
2019-05-03,148.8
2019-05-04,138.03
2019-05-05,134.2
2019-05-06,141.47
2019-05-07,131.87
2019-05-08,125.97
2019-05-09,116.37
2019-05-10,113.7
2019-05-11,109.57
2019-05-12,107.4
2019-05-13,103.33
2019-05-14,125.27
2019-05-15,119.67
2019-05-16,124.1
2019-05-17,111.4
2019-05-18,99.3
2019-05-19,99.3
2019-05-20,88.67
2019-05-21,91.6
2019-05-22,85.83
2019-05-23,76.87
2019-05-24,83.3
2019-05-25,81.37
2019-05-26,77.23
2019-05-27,92.17
2019-05-28,82.9
2019-05-29,81.07
2019-05-30,81.73
2019-05-31,74.7
2019-06-01,72.6
2019-06-02,74.07
2019-06-03,71.1
2019-06-04,71.93
2019-06-05,74.9
2019-06-06,66.6
2019-06-07,68.43
2019-06-08,68.17
2019-06-09,63.13
2019-06-10,64.05
2019-06-11,72.0
2019-06-12,66.83
2019-06-13,70.3
2019-06-14,68.23
2019-06-15,62.27
2019-06-16,57.67
2019-06-17,66.17
2019-06-18,60.87
2019-06-19,58.5
2019-06-20,53.6
2019-06-21,53.63
2019-06-22,54.27
2019-06-23,55.77
2019-06-24,54.4
2019-06-25,48.63
2019-06-26,50.2
2019-06-27,53.3
2019-06-28,51.07
2019-06-29,53.27
2019-06-30,57.0
2019-07-01,62.47
2019-07-02,49.23
2019-07-03,49.53
2019-07-04,50.53
2019-07-05,47.1
2019-07-06,50.87
2019-07-07,53.53
2019-07-08,56.63
2019-07-09,50.2
2019-07-10,53.67
2019-07-11,46.2
2019-07-12,47.43
2019-07-13,47.7
2019-07-14,47.4
2019-07-15,49.0
2019-07-16,45.67
2019-07-17,46.27
2019-07-18,49.63
2019-07-19,46.3
2019-07-20,43.57
2019-07-21,42.77
2019-07-22,43.93
2019-07-23,44.53
2019-07-24,43.37
2019-07-25,44.0
2019-07-26,44.53
2019-07-27,46.0
2019-07-28,42.77
2019-07-29,44.0
2019-07-30,41.17
2019-07-31,40.27
2019-08-01,40.53
2019-08-02,39.23
2019-08-03,42.0
2019-08-04,39.97
2019-08-05,42.0
2019-08-06,42.8
2019-08-07,39.13
2019-08-08,43.1
2019-08-09,42.97
2019-08-10,43.7
2019-08-11,45.87
2019-08-12,45.07
2019-08-13,44.23
2019-08-14,46.0
2019-08-15,46.53
2019-08-16,41.63
2019-08-17,42.7
2019-08-18,42.83
2019-08-19,45.13
2019-08-20,44.5
2019-08-21,43.63
2019-08-22,43.93
2019-08-23,43.97
2019-08-24,43.07
2019-08-25,41.4
2019-08-26,42.23
2019-08-27,41.13
2019-08-28,40.23
2019-08-29,43.1
2019-08-30,39.97
2019-08-31,41.67
2019-09-01,41.07
2019-09-02,44.8
2019-09-03,45.73
2019-09-04,39.97
2019-09-05,41.93
2019-09-06,41.33
2019-09-07,40.0
2019-09-08,42.27
2019-09-09,41.4
2019-09-10,42.57
2019-09-11,43.17
2019-09-12,42.23
2019-09-13,41.93
2019-09-14,40.53
2019-09-15,41.1
2019-09-16,42.53
2019-09-17,40.5
2019-09-18,44.53
2019-09-19,44.6
2019-09-20,53.43
2019-09-21,65.93
2019-09-22,72.43
2019-09-23,64.07
2019-09-24,59.33
2019-09-25,55.83
2019-09-26,52.43
2019-09-27,44.47
2019-09-28,47.53
2019-09-29,47.8
2019-09-30,38.53
2019-10-01,42.6
2019-10-02,42.23
2019-10-03,44.07
2019-10-04,67.53
2019-10-05,59.0
2019-10-06,53.13
2019-10-07,44.17
2019-10-08,41.63
2019-10-09,48.9
2019-10-10,52.37
2019-10-11,46.6
2019-10-12,42.53
2019-10-13,41.13
2019-10-14,42.53
2019-10-15,43.9
2019-10-16,45.23
2019-10-17,44.43
2019-10-18,59.67
2019-10-19,95.97
2019-10-20,102.0
2019-10-21,87.9
2019-10-22,82.07
2019-10-23,69.0
2019-10-24,68.13
2019-10-25,59.5
2019-10-26,55.13
2019-10-27,48.9
2019-10-28,50.13
2019-10-29,57.1
2019-10-30,49.5
2019-10-31,70.83
2019-11-01,57.33
2019-11-02,92.93
2019-11-03,90.87
2019-11-04,105.17
2019-11-05,96.93
2019-11-06,102.37
2019-11-07,120.6
2019-11-08,108.87
2019-11-09,104.27
2019-11-10,105.07
2019-11-11,117.7
2019-11-12,128.1
2019-11-13,117.7
2019-11-14,94.7
2019-11-15,107.83
2019-11-16,112.4
2019-11-17,97.93
2019-11-18,83.87
2019-11-19,64.13
2019-11-20,67.73
2019-11-21,66.73
2019-11-22,61.03
2019-11-23,63.2
2019-11-24,73.9
2019-11-25,63.3
2019-11-26,63.7
2019-11-27,60.97
2019-11-28,63.23
2019-11-29,70.93
2019-11-30,78.43
2019-12-01,80.2
2019-12-02,113.23
2019-12-03,161.3
2019-12-04,179.3
2019-12-05,156.47
2019-12-06,147.3
2019-12-07,130.2
2019-12-08,122.57
2019-12-09,115.03
2019-12-10,127.43
2019-12-11,154.07
2019-12-12,182.57
2019-12-13,232.23
2019-12-14,201.97
2019-12-15,200.87
2019-12-16,232.4
2019-12-17,292.07
2019-12-18,262.2
2019-12-19,294.97
2019-12-20,288.33
2019-12-21,281.73
2019-12-22,288.3
2019-12-23,265.3
2019-12-24,262.27
2019-12-25,253.07
2019-12-26,243.47
2019-12-27,210.53
2019-12-28,230.0
2019-12-29,267.33
2019-12-30,307.33
2019-12-31,343.5
2020-01-01,255.87
2020-01-02,231.2
2020-01-03,225.2
2020-01-04,194.27
2020-01-05,185.3
2020-01-06,174.47
2020-01-07,161.47
2020-01-08,148.8
2020-01-09,139.53
2020-01-10,133.27
2020-01-11,122.67
2020-01-12,119.93
2020-01-13,120.37
2020-01-14,113.33
2020-01-15,115.47
2020-01-16,116.8
2020-01-17,117.27
2020-01-18,108.47
2020-01-19,110.67
2020-01-20,103.03
2020-01-21,129.6
2020-01-22,121.77
2020-01-23,120.8
2020-01-24,106.77
2020-01-25,152.93
2020-01-26,207.7
2020-01-27,195.9
2020-01-28,183.17
2020-01-29,164.0
2020-01-30,176.0
2020-01-31,164.0
2020-02-01,162.5
2020-02-02,162.47
2020-02-03,177.13
2020-02-04,228.2
2020-02-05,256.37
2020-02-06,254.13
2020-02-07,216.33
2020-02-08,239.7
2020-02-09,250.9
2020-02-10,229.4
2020-02-11,226.47
2020-02-12,209.43
2020-02-13,196.3
2020-02-14,239.13
2020-02-15,219.27
2020-02-16,202.0
2020-02-17,188.0
2020-02-18,177.69
2020-02-19,164.0
2020-02-20,162.47
2020-02-21,153.73
2020-02-22,147.8
2020-02-23,136.6
2020-02-24,130.33
2020-02-25,130.47
2020-02-26,130.93
2020-02-27,125.87
2020-02-28,120.93
2020-02-29,118.17
2020-03-01,188.03
2020-03-02,244.03
2020-03-03,259.7
2020-03-04,201.97
2020-03-05,179.8
2020-03-06,165.67
2020-03-07,176.07
2020-03-08,174.53
2020-03-09,171.33
2020-03-10,154.57
2020-03-11,155.33
2020-03-12,150.27
2020-03-13,164.53
2020-03-14,176.2
2020-03-15,198.6
2020-03-16,182.57
2020-03-17,165.93
2020-03-18,172.4
2020-03-19,171.87
2020-03-20,182.77
2020-03-21,190.8
2020-03-22,160.4
2020-03-23,163.17
2020-03-24,158.87
2020-03-25,144.57
2020-03-26,131.4
2020-03-27,162.27
2020-03-28,182.6
2020-03-29,166.63
2020-03-30,164.03
2020-03-31,182.53
2020-04-01,228.53
2020-04-02,268.97
2020-04-03,199.23
2020-04-04,200.43
2020-04-05,148.83
2020-04-06,156.33
2020-04-07,156.87
2020-04-08,139.0
2020-04-09,153.8
2020-04-10,152.87
2020-04-11,146.8
2020-04-12,139.0
2020-04-13,137.6
2020-04-14,129.53
2020-04-15,124.93
2020-04-16,118.13
2020-04-17,112.03
2020-04-18,111.43
2020-04-19,115.97
2020-04-20,102.9
2020-04-21,100.8
2020-04-22,95.2
2020-04-23,89.47
2020-04-24,83.23
2020-04-25,84.03
2020-04-26,87.2
2020-04-27,95.57
2020-04-28,97.83
2020-04-29,91.6
2020-04-30,81.63
2020-05-01,93.3
2020-05-02,87.9
2020-05-03,83.8
2020-05-04,101.1
2020-05-05,177.67
2020-05-06,143.93
2020-05-07,148.77
2020-05-08,149.77
2020-05-09,135.67
2020-05-10,128.6
2020-05-11,124.27
2020-05-12,124.27
2020-05-13,126.87
2020-05-14,118.13
2020-05-15,101.2
2020-05-16,103.87
2020-05-17,95.07
2020-05-18,95.63
2020-05-19,88.3
2020-05-20,86.53
2020-05-21,86.1
2020-05-22,75.9
2020-05-23,73.43
2020-05-24,73.77
2020-05-25,70.5
2020-05-26,71.5
2020-05-27,67.33
2020-05-28,70.13
2020-05-29,68.43
2020-05-30,65.47
2020-05-31,55.2
2020-06-01,57.77
2020-06-02,59.47
2020-06-03,61.2
2020-06-04,55.87
2020-06-05,56.67
2020-06-06,66.6
2020-06-07,50.1
2020-06-08,54.43
2020-06-09,47.23
2020-06-10,51.2
2020-06-11,46.03
2020-06-12,44.53
2020-06-13,47.2
2020-06-14,61.83
2020-06-15,45.13
2020-06-16,42.87
2020-06-17,49.53
2020-06-18,52.63
2020-06-19,44.63
2020-06-20,44.63
2020-06-21,47.2
2020-06-22,50.97
2020-06-23,42.87
2020-06-24,42.87
2020-06-25,46.77
2020-06-26,44.5
2020-06-27,41.1
2020-06-28,39.43
2020-06-29,43.37
2020-06-30,39.17
2020-07-01,46.03
2020-07-02,41.37
2020-07-03,40.83
2020-07-04,42.53
2020-07-05,41.1
2020-07-06,41.4
2020-07-07,39.43
2020-07-08,39.47
2020-07-09,42.0
2020-07-10,42.0
2020-07-11,44.33
2020-07-12,42.97
2020-07-13,35.63
2020-07-14,35.93
2020-07-15,34.1
2020-07-16,36.53
2020-07-17,34.97
2020-07-18,34.37
2020-07-19,32.07
2020-07-20,35.43
2020-07-21,32.33
2020-07-22,32.83
2020-07-23,37.03
2020-07-24,36.83
2020-07-25,36.73
2020-07-26,36.73
2020-07-27,36.47
2020-07-28,38.13
2020-07-29,36.83
2020-07-30,37.87
2020-07-31,39.5
2020-08-01,38.13
2020-08-02,39.2
2020-08-03,38.1
2020-08-04,35.43
2020-08-05,35.43
2020-08-06,31.03
2020-08-07,31.3
2020-08-08,34.43
2020-08-09,33.6
2020-08-10,33.3
2020-08-11,29.6
2020-08-12,32.07
2020-08-13,34.1
2020-08-14,35.47
2020-08-15,41.97
2020-08-16,41.37
2020-08-17,37.27
2020-08-18,41.73
2020-08-19,43.4
2020-08-20,44.27
2020-08-21,42.8
2020-08-22,46.97
2020-08-23,45.4
2020-08-24,42.23
2020-08-25,42.53
2020-08-26,44.8
2020-08-27,45.1
2020-08-28,46.33
2020-08-29,45.5
2020-08-30,42.8
2020-08-31,41.17
2020-09-01,38.1
2020-09-02,35.97
2020-09-03,35.17
2020-09-04,34.67
2020-09-05,34.9
2020-09-06,34.4
2020-09-07,33.37
2020-09-08,37.53
2020-09-09,37.83
2020-09-10,35.7
2020-09-11,29.35
2020-09-12,32.33
2020-09-13,34.63
2020-09-14,31.57
2020-09-15,31.33
2020-09-16,32.83
2020-09-17,32.57
2020-09-18,31.08
2020-09-19,31.33
2020-09-20,32.8
2020-09-21,38.1
2020-09-22,40.6
2020-09-23,42.3
2020-09-24,36.2
2020-09-25,34.4
2020-09-26,29.7
2020-09-27,32.07
2020-09-28,36.23
2020-09-29,36.27
2020-09-30,40.6
2020-10-01,47.13
2020-10-02,43.1
2020-10-03,35.93
2020-10-04,35.93
2020-10-05,34.13
2020-10-06,31.83
2020-10-07,31.43
2020-10-08,35.93
2020-10-09,34.6
2020-10-10,32.33
2020-10-11,33.13
2020-10-12,29.07
2020-10-13,31.4
2020-10-14,30.6
2020-10-15,29.8
2020-10-16,31.57
2020-10-17,29.33
2020-10-18,33.6
2020-10-19,45.4
2020-10-20,44.5
2020-10-21,44.37
2020-10-22,53.0
2020-10-23,43.63
2020-10-24,50.23
2020-10-25,58.47
2020-10-26,55.17
2020-10-27,56.53
2020-10-28,59.7
2020-10-29,52.73
2020-10-30,48.33
2020-10-31,43.63
2020-11-01,40.03
2020-11-02,40.0
2020-11-03,42.8
2020-11-04,44.5
2020-11-05,45.7
2020-11-06,42.0
2020-11-07,48.1
2020-11-08,46.9
2020-11-09,48.07
2020-11-10,48.93
2020-11-11,52.97
2020-11-12,53.03
2020-11-13,47.83
2020-11-14,49.23
2020-11-15,50.47
2020-11-16,58.07
2020-11-17,46.83
2020-11-18,61.2
2020-11-19,58.07
2020-11-20,59.73
2020-11-21,79.13
2020-11-22,71.03
2020-11-23,58.3
2020-11-24,53.13
2020-11-25,48.47
2020-11-26,43.8
2020-11-27,46.0
2020-11-28,47.07
2020-11-29,64.37
2020-11-30,72.27
2020-12-01,94.07
2020-12-02,103.9
2020-12-03,104.7
2020-12-04,129.13
2020-12-05,174.63
2020-12-06,200.4
2020-12-07,178.77
2020-12-08,204.23
2020-12-09,213.8
2020-12-10,182.1
2020-12-11,167.17
2020-12-12,149.8
2020-12-13,141.4
2020-12-14,134.2
2020-12-15,139.07
2020-12-16,157.93
2020-12-17,184.2
2020-12-18,181.47
2020-12-19,219.33
2020-12-20,199.73
2020-12-21,196.5
2020-12-22,184.17
2020-12-23,189.67
2020-12-24,176.6
2020-12-25,217.03
2020-12-26,266.33
2020-12-27,223.4
2020-12-28,228.2
2020-12-29,254.3
2020-12-30,208.83
2020-12-31,180.57
2021-01-01,175.53
2021-01-02,176.77
2021-01-03,196.23
2021-01-04,268.67
2021-01-05,227.02
2021-01-06,262.22
2021-01-07,285.07
2021-01-08,288.33
2021-01-09,281.73
2021-01-10,267.23
2021-01-11,242.23
2021-01-12,237.33
2021-01-13,249.63
2021-01-14,248.4
2021-01-15,292.23
2021-01-16,358.23
2021-01-17,364.27
2021-01-18,335.13
2021-01-19,329.57
2021-01-20,419.03
2021-01-21,407.17
2021-01-22,391.8
2021-01-23,380.53
2021-01-24,325.93
2021-01-25,336.57
2021-01-26,337.97
2021-01-27,407.27
2021-01-28,376.77
2021-01-29,392.0
2021-01-30,430.83
2021-01-31,388.07
2021-02-01,335.13
2021-02-02,292.63
2021-02-03,295.07
2021-02-04,268.6
2021-02-05,303.33
2021-02-06,356.9
2021-02-07,322.47
2021-02-08,278.43
2021-02-09,255.87
2021-02-10,236.07
2021-02-11,218.13
2021-02-12,203.1
2021-02-13,194.07
2021-02-14,181.43
2021-02-15,175.0
2021-02-16,160.4
2021-02-17,160.9
2021-02-18,147.8
2021-02-19,137.53
2021-02-20,124.47
2021-02-21,116.8
2021-02-22,112.83
2021-02-23,112.37
2021-02-24,119.47
2021-02-25,123.1
2021-02-26,122.2
2021-02-27,115.93
2021-02-28,126.43
2021-03-01,170.3
2021-03-02,191.9
2021-03-03,219.5
2021-03-04,199.2
2021-03-05,199.13
2021-03-06,196.3
2021-03-07,188.03
2021-03-08,255.93
2021-03-09,311.9
2021-03-10,470.0
2021-03-11,420.9
2021-03-12,399.53
2021-03-13,365.8
2021-03-14,293.03
2021-03-15,260.93
2021-03-16,259.0
2021-03-17,302.8
2021-03-18,323.33
2021-03-19,315.53
2021-03-20,262.1
2021-03-21,239.1
2021-03-22,246.5
2021-03-23,246.5
2021-03-24,291.63
2021-03-25,318.93
2021-03-26,336.53
2021-03-27,311.97
2021-03-28,285.0
2021-03-29,265.4
2021-03-30,278.43
2021-03-31,255.93
2021-04-01,302.7
2021-04-02,335.13
2021-04-03,340.07
2021-04-04,322.47
2021-04-05,318.33
2021-04-06,325.2
2021-04-07,336.7
2021-04-08,335.13
2021-04-09,282.33
2021-04-10,274.47
2021-04-11,285.77
2021-04-12,285.67
2021-04-13,278.37
2021-04-14,259.13
2021-04-15,252.1
2021-04-16,238.53
2021-04-17,225.27
2021-04-18,196.37
2021-04-19,198.1
2021-04-20,186.97
2021-04-21,179.8
2021-04-22,182.53
2021-04-23,182.53
2021-04-24,180.93
2021-04-25,169.2
2021-04-26,163.47
2021-04-27,158.3
2021-04-28,146.8
2021-04-29,135.63
2021-04-30,131.4
2021-05-01,148.8
2021-05-02,149.8
2021-05-03,135.2
2021-05-04,146.33
2021-05-05,141.4
2021-05-06,141.5
2021-05-07,138.53
2021-05-08,132.03
2021-05-09,129.53
2021-05-10,119.5
2021-05-11,107.6
2021-05-12,102.97
2021-05-13,93.47
2021-05-14,96.67
2021-05-15,75.97
2021-05-16,100.83
2021-05-17,96.07
2021-05-18,96.87
2021-05-19,103.27
2021-05-20,106.27
2021-05-21,106.23
2021-05-22,90.07
2021-05-23,89.07
2021-05-24,97.3
2021-05-25,90.73
2021-05-26,92.7
2021-05-27,94.7
2021-05-28,93.85
2021-05-29,91.43
2021-05-30,77.97
2021-05-31,73.9
2021-06-01,65.9
2021-06-02,71.57
2021-06-03,69.37
2021-06-04,70.03
2021-06-05,73.7
2021-06-06,67.53
2021-06-07,76.53
2021-06-08,72.37
2021-06-09,71.77
2021-06-10,65.5
2021-06-11,59.07
2021-06-12,60.3
2021-06-13,61.6
2021-06-14,59.67
2021-06-15,59.67
2021-06-16,60.67
2021-06-17,58.37
2021-06-18,57.4
2021-06-19,58.7
2021-06-20,57.4
2021-06-21,59.73
2021-06-22,55.5
2021-06-23,53.93
2021-06-24,50.77
2021-06-25,50.77
2021-06-26,49.6
2021-06-27,51.7
2021-06-28,46.83
2021-06-29,47.43
2021-06-30,54.6
2021-07-01,52.37
2021-07-02,50.97
2021-07-03,45.37
2021-07-04,45.57
2021-07-05,42.8
2021-07-06,40.53
2021-07-07,41.97
2021-07-08,40.53
2021-07-09,40.27
2021-07-10,43.67
2021-07-11,42.53
2021-07-12,38.33
2021-07-13,39.93
2021-07-14,42.23
2021-07-15,40.8
2021-07-16,40.83
2021-07-17,43.37
2021-07-18,41.67
2021-07-19,42.5
2021-07-20,39.97
2021-07-21,38.6
2021-07-22,37.27
2021-07-23,37.23
2021-07-24,36.73
2021-07-25,37.0
2021-07-26,37.53
2021-07-27,38.07
2021-07-28,38.33
2021-07-29,39.13
2021-07-30,39.13
2021-07-31,40.27
2021-08-01,41.1
2021-08-02,41.1
2021-08-03,41.1
2021-08-04,39.13
2021-08-05,38.87
2021-08-06,38.07
2021-08-07,37.0
2021-08-08,38.07
2021-08-09,38.6
2021-08-10,38.6
2021-08-11,38.6
2021-08-12,38.6
2021-08-13,38.33
2021-08-14,38.33
2021-08-15,39.47
2021-08-16,39.17
2021-08-17,37.53
2021-08-18,37.53
2021-08-19,36.73
2021-08-20,35.13
2021-08-21,36.73
2021-08-22,35.67
2021-08-23,35.67
2021-08-24,37.53
2021-08-25,41.4
2021-08-26,38.63
2021-08-27,39.43
2021-08-28,36.47
2021-08-29,35.67
2021-08-30,41.1
2021-08-31,46.97
2021-09-01,45.97
2021-09-02,39.4
2021-09-03,39.13
2021-09-04,34.6
2021-09-05,35.67
2021-09-06,34.6
2021-09-07,37.27
2021-09-08,47.07
2021-09-09,57.57
2021-09-10,75.03
2021-09-11,67.1
2021-09-12,64.73
2021-09-13,57.73
2021-09-14,50.43
2021-09-15,45.7
2021-09-16,41.07
2021-09-17,40.0
2021-09-18,42.13
2021-09-19,40.23
2021-09-20,37.8
2021-09-21,35.17
2021-09-22,33.6
2021-09-23,33.3
2021-09-24,32.3
2021-09-25,31.8
2021-09-26,30.8
2021-09-27,29.57
2021-09-28,29.1
2021-09-29,29.6
2021-09-30,29.6
2021-10-01,28.83
2021-10-02,36.43
2021-10-03,54.6
2021-10-04,54.8
2021-10-05,49.83
2021-10-06,67.77
2021-10-07,107.17
2021-10-08,95.93
2021-10-09,88.27
2021-10-10,88.67
2021-10-11,82.87
2021-10-12,66.43
2021-10-13,58.03
2021-10-14,63.5
2021-10-15,85.97
2021-10-16,87.97
2021-10-17,106.63
2021-10-18,119.1
2021-10-19,112.9
2021-10-20,149.37
2021-10-21,176.33
2021-10-22,141.5
2021-10-23,116.4
2021-10-24,100.47
2021-10-25,90.6
2021-10-26,85.13
2021-10-27,85.8
2021-10-28,73.57
2021-10-29,76.83
2021-10-30,88.73
2021-10-31,71.0
2021-11-01,73.9
2021-11-02,92.6
2021-11-03,86.93
2021-11-04,97.53
2021-11-05,99.87
2021-11-06,100.37
2021-11-07,114.23
2021-11-08,108.4
2021-11-09,109.47
2021-11-10,95.0
2021-11-11,86.17
2021-11-12,84.5
2021-11-13,89.57
2021-11-14,77.6
2021-11-15,85.07
2021-11-16,92.83
2021-11-17,93.23
2021-11-18,94.1
2021-11-19,74.1
2021-11-20,81.43
2021-11-21,73.23
2021-11-22,89.2
2021-11-23,93.23
2021-11-24,142.3
2021-11-25,148.8
2021-11-26,172.0
2021-11-27,228.3
2021-11-28,193.53
2021-11-29,216.43
2021-11-30,188.53
2021-12-01,165.0
2021-12-02,143.87
2021-12-03,152.3
2021-12-04,158.3
2021-12-05,220.4
2021-12-06,429.13
2021-12-07,411.85
2021-12-08,372.4
2021-12-09,301.13
2021-12-10,276.5
2021-12-11,314.23
2021-12-12,283.53
2021-12-13,231.23
2021-12-14,196.9
2021-12-15,187.47
2021-12-16,175.67
2021-12-17,161.43
2021-12-18,152.8
2021-12-19,156.33
2021-12-20,168.13
2021-12-21,173.4
2021-12-22,174.67
2021-12-23,143.87
2021-12-24,133.27
2021-12-25,126.3
2021-12-26,112.97
2021-12-27,104.2
2021-12-28,105.1
2021-12-29,99.6
2021-12-30,99.6
2021-12-31,125.37
2022-01-01,137.7
2022-01-02,122.6
2022-01-03,111.57
2022-01-04,114.0
2022-01-05,124.63
2022-01-06,111.07
2022-01-07,111.1
2022-01-08,110.2
2022-01-09,108.07
2022-01-10,104.2
2022-01-11,97.93
2022-01-12,83.57
2022-01-13,82.03
2022-01-14,84.43
2022-01-15,80.17
2022-01-16,84.33
2022-01-17,88.63
2022-01-18,90.03
2022-01-19,86.4
2022-01-20,88.7
2022-01-21,113.47
2022-01-22,117.03
2022-01-23,107.4
2022-01-24,134.73
2022-01-25,140.6
2022-01-26,202.43
2022-01-27,225.9
2022-01-28,199.13
2022-01-29,176.07
2022-01-30,153.8
2022-01-31,149.27
2022-02-01,128.6
2022-02-02,113.7
2022-02-03,108.5
2022-02-04,108.57
2022-02-05,125.87
2022-02-06,153.3
2022-02-07,202.53
2022-02-08,212.23
2022-02-09,209.37
2022-02-10,275.2
2022-02-11,299.83
2022-02-12,337.5
2022-02-13,349.51
2022-02-14,321.76
2022-02-15,283.63
2022-02-16,259.67
2022-02-17,299.13
2022-02-18,333.0
2022-02-19,308.73
2022-02-20,261.0
2022-02-21,232.5
2022-02-22,204.8
2022-02-23,194.07
2022-02-24,214.57
2022-02-25,225.2
2022-02-26,354.4
2022-02-27,352.93
2022-02-28,304.73
2022-03-01,264.2
2022-03-02,311.34
2022-03-03,398.0
2022-03-04,448.47
2022-03-05,438.97
2022-03-06,384.43
2022-03-07,407.3
2022-03-08,419.0
2022-03-09,442.87
2022-03-10,442.87
2022-03-11,375.9
2022-03-12,392.63
2022-03-13,447.63
2022-03-14,462.3
2022-03-15,540.37
2022-03-16,471.53
2022-03-17,391.57
2022-03-18,340.77
2022-03-19,316.83
2022-03-20,323.1
2022-03-21,298.3
2022-03-22,356.67
2022-03-23,315.43
2022-03-24,306.53
2022-03-25,307.6
2022-03-26,344.33
2022-03-27,383.6
2022-03-28,441.23
2022-03-29,434.87
2022-03-30,392.07
2022-03-31,380.53
2022-04-01,405.77
2022-04-02,488.1
2022-04-03,548.3
2022-04-04,505.17
2022-04-05,442.83
2022-04-06,380.47
2022-04-07,332.93
2022-04-08,298.37
2022-04-09,290.3
2022-04-10,305.9
2022-04-11,300.47
2022-04-12,279.07
2022-04-13,268.7
2022-04-14,242.8
2022-04-15,223.43
2022-04-16,187.33
2022-04-17,196.47
2022-04-18,189.63
2022-04-19,174.47
2022-04-20,169.33
2022-04-21,159.87
2022-04-22,160.4
2022-04-23,159.37
2022-04-24,151.23
2022-04-25,143.87
2022-04-26,142.93
2022-04-27,132.33
2022-04-28,132.33
2022-04-29,124.93
2022-04-30,112.87
2022-05-01,106.2
2022-05-02,114.2
2022-05-03,105.47
2022-05-04,104.17
2022-05-05,96.4
2022-05-06,120.43
2022-05-07,103.8
2022-05-08,104.57
2022-05-09,93.23
2022-05-10,95.97
2022-05-11,91.5
2022-05-12,99.3
2022-05-13,91.67
2022-05-14,107.17
2022-05-15,105.07
2022-05-16,95.8
2022-05-17,95.9
2022-05-18,111.53
2022-05-19,104.7
2022-05-20,112.43
2022-05-21,101.23
2022-05-22,92.03
2022-05-23,94.6
2022-05-24,82.33
2022-05-25,77.63
2022-05-26,70.77
2022-05-27,73.53
2022-05-28,74.63
2022-05-29,73.9
2022-05-30,75.07
2022-05-31,73.17
2022-06-01,68.88
2022-06-02,68.23
2022-06-03,66.47
2022-06-04,63.47
2022-06-05,60.13
2022-06-06,70.57
2022-06-07,73.37
2022-06-08,60.8
2022-06-09,71.9
2022-06-10,60.4
2022-06-11,59.4
2022-06-12,61.53
2022-06-13,60.87
2022-06-14,52.33
2022-06-15,56.93
2022-06-16,56.27
2022-06-17,51.33
2022-06-18,53.37
2022-06-19,47.1
2022-06-20,51.47
2022-06-21,50.77
2022-06-22,48.67
2022-06-23,45.3
2022-06-24,48.63
2022-06-25,48.0
2022-06-26,50.43
2022-06-27,49.9
2022-06-28,44.53
2022-06-29,42.8
2022-06-30,44.53
2022-07-01,40.53
2022-07-02,41.1
2022-07-03,40.0
2022-07-04,40.3
2022-07-05,36.73
2022-07-06,38.63
2022-07-07,38.9
2022-07-08,37.27
2022-07-09,39.43
2022-07-10,41.13
2022-07-11,39.17
2022-07-12,40.0
2022-07-13,40.5
2022-07-14,39.4
2022-07-15,38.07
2022-07-16,42.83
2022-07-17,40.3
2022-07-18,41.73
2022-07-19,44.33
2022-07-20,41.57
2022-07-21,39.5
2022-07-22,35.4
2022-07-23,37.33
2022-07-24,39.7
2022-07-25,41.93
2022-07-26,37.27
2022-07-27,45.97
2022-07-28,41.47
2022-07-29,39.3
2022-07-30,40.6
2022-07-31,37.5
2022-08-01,35.4
2022-08-02,38.03
2022-08-03,38.67
2022-08-04,39.57
2022-08-05,40.0
2022-08-06,39.53
2022-08-07,40.53
2022-08-08,41.0
2022-08-09,40.53
2022-08-10,37.93
2022-08-11,42.0
2022-08-12,39.77
2022-08-13,38.53
2022-08-14,36.6
2022-08-15,35.6
2022-08-16,36.0
2022-08-17,35.23
2022-08-18,35.4
2022-08-19,35.6
2022-08-20,36.63
2022-08-21,35.43
2022-08-22,37.3
2022-08-23,37.1
2022-08-24,38.23
2022-08-25,38.87
2022-08-26,37.73
2022-08-27,37.5
2022-08-28,37.93
2022-08-29,37.73
2022-08-30,36.47
2022-08-31,36.9
2022-09-01,35.03
2022-09-02,37.8
2022-09-03,39.3
2022-09-04,40.0
2022-09-05,41.53
2022-09-06,38.67
2022-09-07,37.1
2022-09-08,39.07
2022-09-09,37.1
2022-09-10,38.6
2022-09-11,37.53
2022-09-12,38.87
2022-09-13,40.4
2022-09-14,42.8
2022-09-15,44.43
2022-09-16,46.9
2022-09-17,62.37
2022-09-18,67.6
2022-09-19,63.0
2022-09-20,55.97
2022-09-21,51.07
2022-09-22,46.83
2022-09-23,45.13
2022-09-24,41.53
2022-09-25,51.8
2022-09-26,75.43
2022-09-27,70.93
2022-09-28,65.07
2022-09-29,71.07
2022-09-30,76.8
2022-10-01,81.5
2022-10-02,73.1
2022-10-03,61.37
2022-10-04,49.13
2022-10-05,43.3
2022-10-06,42.77
2022-10-07,38.17
2022-10-08,38.83
2022-10-09,40.3
2022-10-10,49.3
2022-10-11,52.07
2022-10-12,48.6
2022-10-13,55.93
2022-10-14,46.4
2022-10-15,46.53
2022-10-16,59.97
2022-10-17,64.97
2022-10-18,63.17
2022-10-19,60.0
2022-10-20,67.17
2022-10-21,63.87
2022-10-22,57.23
2022-10-23,52.73
2022-10-24,54.87
2022-10-25,60.2
2022-10-26,55.8
2022-10-27,54.47
2022-10-28,53.73
2022-10-29,53.4
2022-10-30,56.27
2022-10-31,56.27
2022-11-01,57.33
2022-11-02,62.83
2022-11-03,62.4
2022-11-04,58.73
2022-11-05,58.73
2022-11-06,62.33
2022-11-07,64.63
2022-11-08,64.67
2022-11-09,61.03
2022-11-10,69.3
2022-11-11,59.17
2022-11-12,49.8
2022-11-13,42.07
2022-11-14,47.0
2022-11-15,54.3
2022-11-16,39.6
2022-11-17,54.57
2022-11-18,41.4
2022-11-19,45.47
2022-11-20,43.03
2022-11-21,47.1
2022-11-22,64.5
2022-11-23,61.83
2022-11-24,63.1
2022-11-25,45.27
2022-11-26,65.47
2022-11-27,61.67
2022-11-28,49.53
2022-11-29,45.0
2022-11-30,56.93
2022-12-01,58.3
2022-12-02,55.17
2022-12-03,44.4
2022-12-04,56.4
2022-12-05,48.4
2022-12-06,54.07
2022-12-07,52.5
2022-12-08,49.87
2022-12-09,58.97
2022-12-10,50.73
2022-12-11,64.7
2022-12-12,54.67
2022-12-13,53.1
2022-12-14,71.97
2022-12-15,57.47
2022-12-16,74.27
2022-12-17,91.3
2022-12-18,123.5
2022-12-19,128.1
2022-12-20,114.27
2022-12-21,108.8
2022-12-22,104.3
2022-12-23,104.47
2022-12-24,102.23
2022-12-25,91.97
2022-12-26,81.5
2022-12-27,96.13
2022-12-28,98.2
2022-12-29,119.67
2022-12-30,112.13
2022-12-31,119.67
2023-01-01,166.23
2023-01-02,150.37
2023-01-03,138.9
2023-01-04,138.2
2023-01-05,128.7
2023-01-06,123.43
2023-01-07,109.27
2023-01-08,110.8
2023-01-09,114.93
2023-01-10,140.43
2023-01-11,145.93
2023-01-12,168.87
2023-01-13,236.2
2023-01-14,188.67
2023-01-15,173.6
2023-01-16,148.37
2023-01-17,148.9
2023-01-18,127.73
2023-01-19,161.27
2023-01-20,264.07
2023-01-21,279.97
2023-01-22,285.3
2023-01-23,303.97
2023-01-24,238.97
2023-01-25,200.6
2023-01-26,223.17
2023-01-27,255.67
2023-01-28,235.2
2023-01-29,231.3
2023-01-30,198.0
2023-01-31,173.2
2023-02-01,154.67
2023-02-02,149.53
2023-02-03,163.9
2023-02-04,184.5
2023-02-05,186.33
2023-02-06,165.37
2023-02-07,151.03
2023-02-08,139.6
2023-02-09,133.43
2023-02-10,147.47
2023-02-11,147.2
2023-02-12,163.77
2023-02-13,168.53
2023-02-14,226.83
2023-02-15,391.53
2023-02-16,370.53
2023-02-17,348.93
2023-02-18,345.37
2023-02-19,298.0
2023-02-20,264.53
2023-02-21,261.53
2023-02-22,277.2
2023-02-23,324.03
2023-02-24,425.0
2023-02-25,407.2
2023-02-26,456.87
2023-02-27,491.0
2023-02-28,404.3
2023-03-01,333.73
2023-03-02,344.3
2023-03-03,374.3
2023-03-04,324.73
2023-03-05,287.4
2023-03-06,493.63
2023-03-07,442.37
2023-03-08,499.6
2023-03-09,501.07
2023-03-10,715.43
2023-03-11,871.17
2023-03-12,1138.17
2023-03-13,999.27
2023-03-14,1385.47
2023-03-15,1249.6
2023-03-16,1249.6
2023-03-17,690.1
2023-03-18,552.88
2023-03-19,432.1
2023-03-20,386.2
2023-03-21,347.57
2023-03-22,438.83
2023-03-23,392.83
2023-03-24,375.47
2023-03-25,352.5
2023-03-26,386.7
2023-03-27,385.7
2023-03-28,392.8
2023-03-29,399.17
2023-03-30,430.23
2023-03-31,443.67
2023-04-01,266.05
2023-04-02,255.57
2023-04-03,240.62
2023-04-04,215.02
2023-04-05,263.37
2023-04-06,251.23
2023-04-07,281.85
2023-04-08,301.22
2023-04-09,254.53
2023-04-10,246.55
2023-04-11,217.85
2023-04-12,217.85
2023-04-13,204.3
2023-04-14,188.03
2023-04-15,174.49
2023-04-16,249.52
2023-04-17,439.71
2023-04-18,499.14
2023-04-19,376.18
2023-04-20,370.12
2023-04-21,306.51
2023-04-22,339.68
2023-04-23,267.34
2023-04-24,233.49
2023-04-25,227.65
2023-04-26,215.19
2023-04-27,207.22
2023-04-28,203.07
2023-04-29,182.77
2023-04-30,179.16
2023-05-01,155.77
2023-05-02,165.01
2023-05-03,151.7
2023-05-04,145.33
2023-05-05,133.17
2023-05-06,132.15
2023-05-07,134.15
2023-05-08,150.65
2023-05-09,164.15
2023-05-10,219.35
2023-05-11,185.38
2023-05-12,150.9
2023-05-13,139.12
2023-05-14,123.65
2023-05-15,118.18
2023-05-16,105.34
2023-05-17,102.14
2023-05-18,97.43
2023-05-19,92.96
2023-05-20,92.96
2023-05-21,86.6
2023-05-22,83.28
2023-05-23,84.62
2023-05-24,81.97
2023-05-25,83.99
2023-05-26,92.98
2023-05-27,93.01
2023-05-28,88.67
2023-05-29,94.51
2023-05-30,88.68
2023-05-31,88.8
2023-06-01,81.8
2023-06-02,74.54
2023-06-03,70.67
2023-06-04,68.07
2023-06-05,62.88
2023-06-06,61.54
2023-06-07,60.71
2023-06-08,60.37
2023-06-09,59.9
2023-06-10,59.88
2023-06-11,57.24
2023-06-12,58.43
2023-06-13,55.97
2023-06-14,56.3
2023-06-15,57.0
2023-06-16,56.3
2023-06-17,54.97
2023-06-18,54.03
2023-06-19,53.73
2023-06-20,52.83
2023-06-21,52.27
2023-06-22,50.7
2023-06-23,50.0
2023-06-24,48.35
2023-06-25,46.9
2023-06-26,47.63
2023-06-27,47.13
2023-06-28,48.2
2023-06-29,47.93
2023-06-30,48.77
2023-07-01,48.5
2023-07-02,48.5
2023-07-03,47.93
2023-07-04,47.93
2023-07-05,48.5
2023-07-06,48.77
2023-07-07,50.23
2023-07-08,49.8
2023-07-09,49.53
2023-07-10,48.73
2023-07-11,49.07
2023-07-12,50.13
2023-07-13,49.86
2023-07-14,49.83
2023-07-15,49.83
2023-07-16,49.07
2023-07-17,48.87
2023-07-18,48.67
2023-07-19,48.67
2023-07-20,48.6
2023-07-21,48.87
2023-07-22,37.97
2023-07-23,47.53
2023-07-24,47.1
2023-07-25,46.57
2023-07-26,45.43
2023-07-27,53.7
2023-07-28,47.9
2023-07-29,48.83
2023-07-30,48.83
2023-07-31,48.83
2023-08-01,48.83
2023-08-02,47.3
2023-08-03,46.93
2023-08-04,47.13
2023-08-05,46.9
2023-08-06,46.73
2023-08-07,46.57
2023-08-08,46.73
2023-08-09,46.37
2023-08-10,46.4
2023-08-11,46.6
2023-08-12,46.4
2023-08-13,46.43
2023-08-14,46.37
2023-08-15,47.1
2023-08-16,46.9
2023-08-17,45.87
2023-08-18,46.03
2023-08-19,45.37
2023-08-20,45.2
2023-08-21,44.03
2023-08-22,45.1
2023-08-23,44.73
2023-08-24,44.9
2023-08-25,45.2
2023-08-26,46.23
2023-08-27,46.0
2023-08-28,45.77
2023-08-29,45.1
2023-08-30,44.63
2023-08-31,45.7
2023-09-01,48.63
2023-09-02,49.53
2023-09-03,48.4
2023-09-04,47.1
2023-09-05,45.87
2023-09-06,44.77
2023-09-07,44.33
2023-09-08,44.27
2023-09-09,44.3
2023-09-10,43.53
2023-09-11,44.57
2023-09-12,45.63
2023-09-13,44.87
2023-09-14,45.3
2023-09-15,48.97
2023-09-16,45.2
2023-09-17,45.6
2023-09-18,45.9
2023-09-19,46.37
2023-09-20,47.07
2023-09-21,46.0
2023-09-22,45.4
2023-09-23,45.03
2023-09-24,44.3
2023-09-25,44.1
2023-09-26,44.1
2023-09-27,45.73
2023-09-28,47.77
2023-09-29,50.4
2023-09-30,83.4
2023-10-01,64.23
2023-10-02,56.78
2023-10-03,70.1
2023-10-04,87.37
2023-10-05,83.97
2023-10-06,76.43
2023-10-07,81.12
2023-10-08,83.33
2023-10-09,77.0
2023-10-10,126.6
2023-10-11,121.87
2023-10-12,93.13
2023-10-13,77.0
2023-10-14,93.67
2023-10-15,88.73
2023-10-16,79.67
2023-10-17,80.63
2023-10-18,82.87
2023-10-19,89.53
2023-10-20,71.47
2023-10-21,70.17
2023-10-22,60.83
2023-10-23,62.93
2023-10-24,62.63
2023-10-25,65.2
2023-10-26,95.47
2023-10-27,121.8
2023-10-28,107.53
2023-10-29,108.1
2023-10-30,91.57
2023-10-31,88.73
2023-11-01,82.63
2023-11-02,75.2
2023-11-03,69.13
2023-11-04,79.53
2023-11-05,87.47
2023-11-06,93.87
2023-11-07,92.23
2023-11-08,78.87
2023-11-09,70.73
2023-11-10,63.3
2023-11-11,74.13
2023-11-12,73.73
2023-11-13,78.9
2023-11-14,78.53
2023-11-15,139.73
2023-11-16,161.63
2023-11-17,191.23
2023-11-18,258.87
2023-11-19,295.13
2023-11-20,216.4
2023-11-21,233.35
2023-11-22,167.5
2023-11-23,132.27
2023-11-24,107.03
2023-11-25,88.0
2023-11-26,93.7
2023-11-27,106.1
2023-11-28,104.6
2023-11-29,130.9
2023-11-30,175.57
2023-12-01,210.0
2023-12-02,278.43
2023-12-03,253.93
2023-12-04,230.57
2023-12-05,200.53
2023-12-06,283.7
2023-12-07,272.33
2023-12-08,263.23
2023-12-09,222.0
2023-12-10,249.3
2023-12-11,236.17
2023-12-12,219.1
2023-12-13,199.2
2023-12-14,224.93
2023-12-15,350.63
2023-12-16,315.53
2023-12-17,413.3
2023-12-18,373.43
2023-12-19,412.33
2023-12-20,423.4
2023-12-21,330.3
2023-12-22,453.2
2023-12-23,418.73
2023-12-24,399.8
2023-12-25,399.1
2023-12-26,464.03
2023-12-27,518.9
2023-12-28,443.33
2023-12-29,539.77
2023-12-30,621.3
2023-12-31,769.77
2024-01-01,673.9
2024-01-02,603.93
2024-01-03,534.6
2024-01-04,439.17
2024-01-05,395.33
2024-01-06,332.2
2024-01-07,318.03
2024-01-08,287.4
2024-01-09,310.0
2024-01-10,323.5
2024-01-11,432.97
2024-01-12,359.93
2024-01-13,472.93
2024-01-14,514.63
2024-01-15,512.87
2024-01-16,439.17
2024-01-17,396.93
2024-01-18,449.33
2024-01-19,468.6
2024-01-20,426.63
2024-01-21,573.1
2024-01-22,510.9
2024-01-23,194.62
2024-01-24,0.6
2024-01-25,395.07
2024-01-26,452.03
2024-01-27,462.83
2024-01-28,447.53
2024-01-29,472.6
2024-01-30,441.43
2024-01-31,197.77
2024-02-01,202.14
2024-02-02,667.5
2024-02-03,657.5
2024-02-04,498.8
2024-02-05,519.03
2024-02-06,401.13
2024-02-07,357.23
2024-02-08,351.67
2024-02-09,413.6
2024-02-10,462.2
2024-02-11,383.5
2024-02-12,376.2
2024-02-13,356.93
2024-02-14,400.93
2024-02-15,419.0
2024-02-16,393.0
2024-02-17,361.1
2024-02-18,330.47
2024-02-19,337.43
2024-02-20,361.77
2024-02-21,159.94
2024-02-22,256.67
2024-02-23,220.6
2024-02-24,210.53
2024-02-25,185.27
2024-02-26,182.77
2024-02-27,195.3
2024-02-28,252.95
2024-02-29,163.91
2024-03-01,472.77
2024-03-02,556.43
2024-03-03,530.5
2024-03-04,521.53
2024-03-05,472.83
2024-03-06,416.97
2024-03-07,389.07
2024-03-08,405.67
2024-03-09,403.13
2024-03-10,344.67
2024-03-11,309.6
2024-03-12,270.6
2024-03-13,256.63
2024-03-14,237.53
2024-03-15,220.57
2024-03-16,217.93
2024-03-17,236.07
2024-03-18,167.59
2024-03-19,355.03
2024-03-20,496.63
2024-03-21,493.1
2024-03-22,542.37
2024-03-23,701.17
2024-03-24,741.6
2024-03-25,797.1
2024-03-26,619.4
2024-03-27,445.7
2024-03-28,363.3
2024-03-29,301.33
2024-03-30,267.47
2024-03-31,236.0
2024-04-01,255.23
2024-04-02,304.6
2024-04-03,442.77
2024-04-04,530.8
2024-04-05,479.2
2024-04-06,392.33
2024-04-07,457.77
2024-04-08,394.9
2024-04-09,395.03
2024-04-10,342.63
2024-04-11,394.9
2024-04-12,497.53
2024-04-13,525.0
2024-04-14,435.4
2024-04-15,360.97
2024-04-16,328.0
2024-04-17,262.8
2024-04-18,248.47
2024-04-19,219.13
2024-04-20,206.97
2024-04-21,196.63
2024-04-22,217.93
2024-04-23,208.67
2024-04-24,243.43
2024-04-25,203.0
2024-04-26,167.5
2024-04-27,200.4
2024-04-28,173.13
2024-04-29,124.55
2024-04-30,119.11
2024-05-01,163.97
2024-05-02,141.23
2024-05-03,146.43
2024-05-04,165.03
2024-05-05,177.93
2024-05-06,158.4
2024-05-07,135.27
2024-05-08,133.2
2024-05-09,139.23
2024-05-10,125.67
2024-05-11,128.4
2024-05-12,117.23
2024-05-13,123.63
2024-05-14,113.7
2024-05-15,112.2
2024-05-16,153.93
2024-05-17,150.67
2024-05-18,136.17
2024-05-19,123.8
2024-05-20,120.83
2024-05-21,117.47
2024-05-22,112.93
2024-05-23,99.8
2024-05-24,99.8
2024-05-25,95.27
2024-05-26,92.27
2024-05-27,90.13
2024-05-28,96.37
2024-05-29,96.03
2024-05-30,78.4
2024-05-31,74.73
2024-06-01,78.2
2024-06-02,80.17
2024-06-03,88.67
2024-06-04,72.43
2024-06-05,68.63
2024-06-06,71.96
2024-06-07,70.3
2024-06-08,66.6
2024-06-09,68.7
2024-06-10,66.6
2024-06-11,67.37
2024-06-12,61.1
2024-06-13,57.93
2024-06-14,57.77
2024-06-15,59.43
2024-06-16,56.2
2024-06-17,56.6
2024-06-18,54.67
2024-06-19,50.93
2024-06-20,52.83
2024-06-21,51.03
2024-06-22,52.77
2024-06-23,50.1
2024-06-24,49.6
2024-06-25,49.57
2024-06-26,47.83
2024-06-27,47.8
2024-06-28,51.49
2024-06-29,50.72
2024-06-30,51.74
2024-07-01,49.63
2024-07-02,51.6
2024-07-03,47.93
2024-07-04,46.53
2024-07-05,46.07
2024-07-06,49.1
2024-07-07,47.53
2024-07-08,38.37
2024-07-09,49.23
2024-07-10,47.6
2024-07-11,48.8
2024-07-12,48.13
2024-07-13,51.23
2024-07-14,48.9
2024-07-15,49.86
2024-07-16,47.57
2024-07-17,48.94
2024-07-18,47.37
2024-07-19,44.52
2024-07-20,43.66
2024-07-21,42.84
2024-07-22,43.45
2024-07-23,41.82
2024-07-24,45.03
2024-07-25,42.28
2024-07-26,41.62
2024-07-27,43.76
2024-07-28,44.67
2024-07-29,48.89
2024-07-30,47.67
2024-07-31,48.43
2024-08-01,50.09
2024-08-02,50.49
2024-08-03,49.88
2024-08-04,52.01
2024-08-05,51.96
2024-08-06,48.92
2024-08-07,48.62
2024-08-08,46.85
2024-08-09,47.66
2024-08-10,49.33
2024-08-11,49.43
2024-08-12,49.78
2024-08-13,48.26
2024-08-14,50.14
2024-08-15,49.83
2024-08-16,52.01
2024-08-17,51.0
2024-08-18,48.97
2024-08-19,49.83
2024-08-20,46.64
2024-08-21,46.34
2024-08-22,44.11
2024-08-23,49.78
2024-08-24,51.0
2024-08-25,44.67
2024-08-26,42.19
2024-08-27,40.22
2024-08-28,40.42
2024-08-29,41.33
2024-08-30,43.91
2024-08-31,45.48
2024-09-01,47.05
2024-09-02,49.78
2024-09-03,44.77
2024-09-04,44.82
2024-09-05,50.29
2024-09-06,50.39
2024-09-07,50.8
2024-09-08,46.7
2024-09-09,46.64
2024-09-10,47.0
2024-09-11,45.48
2024-09-12,50.69
2024-09-13,51.71
2024-09-14,55.81
2024-09-15,56.21
2024-09-16,57.68
2024-09-17,55.55
2024-09-18,55.2
2024-09-19,58.04
2024-09-20,59.71
2024-09-21,61.73
2024-09-22,55.96
2024-09-23,49.88
2024-09-24,43.66
2024-09-25,49.94
2024-09-26,52.62
2024-09-27,51.96
2024-09-28,60.92
2024-09-29,66.08
2024-09-30,60.06
2024-10-01,54.64
2024-10-02,50.24
2024-10-03,49.43
2024-10-04,51.1
2024-10-05,57.38
2024-10-06,55.45
2024-10-07,46.7
2024-10-08,41.18
2024-10-09,44.57
2024-10-10,45.43
2024-10-11,54.64
2024-10-12,56.47
2024-10-13,66.49
2024-10-14,73.68
2024-10-15,61.98
2024-10-16,53.07
2024-10-17,54.14
2024-10-18,58.9
2024-10-19,79.45
2024-10-20,72.01
2024-10-21,61.28
2024-10-22,60.67
2024-10-23,48.42
2024-10-24,54.19
2024-10-25,53.73
2024-10-26,55.81
2024-10-27,58.85
2024-10-28,61.12
2024-10-29,56.62
2024-10-30,61.68
2024-10-31,62.84
2024-11-01,72.46
2024-11-02,73.53
2024-11-03,75.55
2024-11-04,84.36
2024-11-05,92.81
2024-11-06,93.27
2024-11-07,99.04
2024-11-08,87.14
2024-11-09,84.56
2024-11-10,89.32
2024-11-11,81.93
2024-11-12,73.73
2024-11-13,62.69
2024-11-14,55.5
2024-11-15,55.3
2024-11-16,54.9
2024-11-17,50.59
2024-11-18,53.63
2024-11-19,58.04
2024-11-20,59.71
2024-11-21,60.62
2024-11-22,65.68
2024-11-23,72.31
2024-11-24,80.92
2024-11-25,102.53
2024-11-26,122.28
2024-11-27,110.38
2024-11-28,106.48
2024-11-29,119.09
2024-11-30,120.2
2024-12-01,115.19
2024-12-02,117.27
2024-12-03,134.99
2024-12-04,139.39
2024-12-05,131.64
2024-12-06,118.38
2024-12-07,112.56
2024-12-08,122.68
2024-12-09,121.37
2024-12-10,117.72
2024-12-11,111.5
2024-12-12,135.29
2024-12-13,143.84
2024-12-14,147.59
2024-12-15,144.4
2024-12-16,130.48
2024-12-17,121.71
2024-12-18,116.61
2024-12-19,113.01
2024-12-20,107.24
2024-12-21,112.36
2024-12-22,118.89
2024-12-23,121.16
2024-12-24,139.77
2024-12-25,130.88
2024-12-26,122.63
2024-12-27,127.59
2024-12-28,126.13
2024-12-29,127.59
2024-12-30,124.61
2024-12-31,126.28
